ticker,name,sector,sector_etf,market_cap,date,close,daily_return,return_5d,return_20d,rs_spy_20d,rs_spy_50d,rs_spy_near_high,rs_qqq_20d,rs_qqq_50d,rs_sector_20d,rs_sector_50d,close_to_50d_high,volume_ratio,volume_trend,updown_vol_ratio_20d,capped_volume_ratio,avg_dollar_volume_20d,close_position,ma20,ma60,ma120,above_ma20,above_ma60,ma60_rising,ma120_rising,ma_aligned,golden_cross_recent,vp_signal,accumulation_days_10d,distribution_days_10d,volume_strength,surge_today,sustained_accumulation,signal_type,triggered_today,days_since_trigger,warnings,atr_ratio,rsi_14,liquidity_ok,rs_positive,rs_sector_positive,near_50d_high,volume_quality,not_overheated,passed_hard_filters,grade,market_state,trigger_price,ext_from_trigger,base_stability,sector_etf_to_52w_high,mom_12_1,mom_6_1,score_3m,score,next_earnings_date,earnings_within_20d,verdict,verdict_reason,top_pick_rank,regime_trend,regime_breadth,regime_vix_ratio
AVTR,"Avantor, Inc.",Health Care,XLV,9834257408.0,2026-09-16,15.609999656677246,0.011010367934849663,0.04905910864394891,0.1710427416369631,0.19185303482956018,0.5175247901193465,True,0.19229612316728928,0.5406205843355743,0.18472357676057793,0.5000159907792197,1.0,1.440819392698393,1.135775619749504,2.1306964602388083,1.440819392698393,108513873.83581968,0.4814810454161202,14.730999946594238,12.763499975204468,10.58758331934611,True,True,True,True,True,False,accumulation,6,3,normal,False,True,acc,True,0.0,분산3일,0.027994871471589324,69.65761890140189,True,True,True,True,False,True,True,A,Uptrend Under Pressure,15.61,0.0,0.6206535055585214,0.9549750185957814,-0.07822474457003248,0.49461660739045143,0.6256974811174153,0.9816737288135592,2026-10-28,False,진입 검토,acc D+0,1,0,0.375,0.898
FRO,Frontline Plc,Energy,XLE,9746429952.0,2026-09-16,53.66999816894531,0.040317852494774264,0.13683539948632073,0.23379306135506472,0.25571847400900394,0.41313720645323326,True,0.25618530523319416,0.43464428583146963,0.22704894614207038,0.21612567884973055,1.0,1.6771158529954682,1.4940104282856375,4.334072093173372,1.6771158529954682,141305135.59717256,0.58704391539703,46.03049945831299,41.009833272298174,38.045323308308916,True,True,True,True,True,False,accumulation,6,1,interest,True,True,surge+acc,True,0.0,,0.03288617127364815,83.02091662085411,True,True,True,True,True,True,True,A,Uptrend Under Pressure,53.67,0.0,0.37068304007714364,0.971181533185436,0.6014760191748096,0.21442829766073124,0.9011699974702758,0.9786546610169491,,False,진입 검토,surge+acc D+0,2,0,0.375,0.898
DELL,Dell Technologies Inc.,Information Technology,XLK,294647398400.0,2026-09-16,563.2899780273438,0.03639301559551478,0.05238669411927832,0.20194171634143565,0.22330110710330842,0.3407709683714708,True,0.22375588670972713,0.3611766781023573,0.21298550754424217,0.3172205394727823,0.9929489323715724,1.3380781788507865,1.0806948700526942,2.3565920899492894,1.3380781788507865,4845382628.305224,0.49512244818531265,489.46400146484376,450.2485875447591,358.9229245503744,True,True,True,True,True,False,accumulation,6,1,normal,False,True,acc,True,0.0,,0.06312529893339743,63.28447499979611,True,True,True,True,True,True,True,A,Uptrend Under Pressure,563.29,0.0,0.29231406828969947,0.9290615743084026,2.2419915359080864,1.7208142081180031,0.9936034115138592,0.9786016949152542,2026-11-28,False,진입 검토,acc D+0,3,0,0.375,0.898
VLO,Valero Energy Corporation,Energy,XLE,103342923776.0,2026-09-16,403.2799987792969,0.015716275690309978,0.03684274616923777,0.152064027546289,0.17253705499221206,0.5079057738054622,True,0.1729729623393763,0.5308551725078936,0.14576665663549382,0.29768215318112823,1.0,1.284061930864647,1.3266156090483514,1.9994281884335503,1.284061930864647,1015721376.560167,0.7929427862390508,366.4675018310547,319.8786893208822,281.91003036499023,True,True,True,True,True,False,accumulation,8,2,normal,False,True,acc,True,0.0,,0.03235256684738886,77.5412488815931,True,True,True,True,False,True,True,A,Uptrend Under Pressure,403.28,0.0,0.4497116289495941,0.971181533185436,0.9035656785849371,0.2816018164061067,0.9405072097141411,0.971927966101695,2026-10-22,False,진입 검토,acc D+0,4,0,0.375,0.898
RVTY,"Revvity, Inc.",Health Care,XLV,14357821440.0,2026-09-16,145.72999572753906,0.03951774869572677,0.17666530095266708,0.281142819582761,0.3039096723620536,0.2904536151127499,True,0.30439441935047595,0.3100935256659654,0.29610991092907213,0.2755647028841901,1.0,1.781870896731262,1.2027660876951318,1.4673800759454432,1.781870896731262,247243614.07688674,0.7584691402464929,127.93350028991699,117.47196629842122,105.86539421081542,True,True,True,True,True,False,accumulation,4,2,interest,True,False,surge,True,0.0,,0.03216369398913545,74.43373683502315,True,True,True,True,False,True,True,A,Uptrend Under Pressure,145.73,0.0,0.22949288187625602,0.9549750185957814,0.17321180921427515,0.14983158454383338,0.7667720718441691,0.9608580508474577,2026-10-26,False,진입 검토,surge D+0,5,0,0.375,0.898
DDS,"Dillard's, Inc.",Consumer Discretionary,XLY,9775805440.0,2026-09-16,647.489990234375,0.0064663128317083984,0.038209951120786734,0.10757786054541585,0.12726033599405762,0.23127040679396127,True,0.12767941107619207,0.250009585306892,0.16970194383837134,0.32296607623246554,0.9859903269840747,1.5243113315869345,1.0057649033399505,2.120246282527881,1.5243113315869345,106306203.15203857,0.17901865779808038,634.1519958496094,592.2206878662109,584.8648223876953,True,True,True,True,True,False,accumulation,3,0,interest,True,False,surge,True,0.0,,0.03284439725366773,57.111321373533855,True,True,True,True,True,True,True,A,Uptrend Under Pressure,647.49,0.0,0.37287251033103136,0.8883820050871151,-0.12668345222567945,-0.13699800216691949,0.3222552491778396,0.9565677966101696,2026-11-12,False,진입 검토,surge D+0,0,0,0.375,0.898
OKTA,"Okta, Inc.",Information Technology,XLK,30251012096.0,2026-09-16,188.1199951171875,-0.012234192010451395,0.08903548185097221,0.30711504662720013,0.33034344503624813,0.256404002416617,True,0.33083801915608024,0.27552569880088296,0.319125201077066,0.2343354658619512,0.9877658079895486,0.8343443916236178,0.9898773156087888,1.3922306458392968,0.8343443916236178,716853823.2846222,0.42218387871775503,161.61274948120118,148.26825065612792,119.0454168955485,True,True,True,True,True,False,dry_up,1,1,normal,False,False,surge,False,2.0,,0.06065885609090403,67.33997372716888,True,True,True,True,False,True,True,A,Uptrend Under Pressure,186.45,0.009,0.25131635646937384,0.9290615743084026,0.33295426684138296,0.5751408209209405,0.892410827219833,0.95,,False,진입 검토,surge D+2 · 클러스터 대표(4종목 중),0,0,0.375,0.898
ILMN,"Illumina, Inc.",Health Care,XLV,32258129920.0,2026-09-16,228.92999267578125,0.02987088753519096,0.11673167158917686,0.21583727674731135,0.2374436018659245,0.18379840454027163,True,0.23790363914616086,0.20181508836829032,0.2300414289348509,0.17014005189970116,1.0,1.6270140517007055,1.1850106189797407,2.050525154294878,1.6270140517007055,448521902.1383392,0.42520279918073967,215.55350036621093,198.49433237711588,170.1824993133545,True,True,True,True,True,False,accumulation,5,2,interest,True,False,surge,True,0.0,,0.04090769778229137,63.43238839139847,True,True,True,True,False,True,True,A,Uptrend Under Pressure,228.93,0.0,0.2596748193945722,0.9549750185957814,0.619040032136307,0.3802322497342261,0.929360160456796,0.9490466101694917,2026-10-30,False,진입 검토,surge D+0,0,0,0.375,0.898
TMO,Thermo Fisher Scientific Inc,Health Care,XLV,228171055104.0,2026-09-16,648.4299926757812,0.010976126641451645,0.07138476066617017,0.10082509993180899,0.12038757384401477,0.2445861053358942,True,0.12080409387895163,0.2635279405931312,0.11368560976345865,0.23022640029402663,1.0,1.55539981262781,1.1348630147695549,1.6394233071988595,1.55539981262781,1150249063.9636016,0.6772711779766482,619.7507598876953,572.113422648112,525.0767967224122,True,True,True,True,True,False,accumulation,5,1,interest,True,False,surge,True,0.0,,0.023437996289569763,69.23599571800403,True,True,True,True,True,True,True,A,Uptrend Under Pressure,648.43,0.0,0.36889436488464095,0.9549750185957814,0.04685859897217348,0.07069389540934812,0.6255086552708613,0.9399364406779661,,False,진입 검토,surge D+0,0,0,0.375,0.898
SWKS,"Skyworks Solutions, Inc.",Information Technology,XLK,10083181568.0,2026-09-16,85.58999633789062,-0.04900004069010422,0.11823876814884327,0.2693162679894119,0.2918729542245089,0.4201868783161622,False,0.2923532263915607,0.4418012493654795,0.28097911623189553,0.3952415215851317,0.9509999593098958,1.1290103925505832,1.509690445673338,2.0762635661442883,1.1290103925505832,546467292.1695511,0.08904818914293688,73.33250007629394,67.29600035349527,66.94209588368734,True,True,True,True,True,False,distribution,5,2,normal,False,False,surge,False,1.0,,0.061505856601249444,64.06460448938188,True,True,True,True,False,True,True,A,Uptrend Under Pressure,90.0,-0.049,0.1858998340799535,0.9290615743084026,-0.18819653366807698,0.09843409697083527,0.4515991471215352,0.9336864406779661,2026-11-04,False,진입 검토,surge D+1,0,0,0.375,0.898
BIO,"Bio-Rad Laboratories, Inc.",Health Care,XLV,10324144128.0,2026-09-16,379.0299987792969,0.0027248644954944723,0.005464619338204857,0.07468313860772557,0.09378105058684305,0.2849338735659035,True,0.09418767926788152,0.3044897770467321,0.08723824211220488,0.2701086466542377,0.9710252660124445,0.9754310590770854,1.3037747488063645,1.456472172761722,0.9754310590770854,102130795.57541656,0.3764227175302984,380.47350006103517,337.9919987996419,310.14758224487304,False,True,True,True,True,False,weak_rally,3,2,normal,False,False,surge,False,1.0,,0.02635203996393621,59.35252726910116,True,True,True,True,False,True,True,A,Uptrend Under Pressure,378.0,0.0027,0.3914232914401076,0.9549750185957814,0.07247858201577184,0.13834457269414435,0.6877109609338297,0.9307733050847457,2026-10-30,False,진입 검토,surge D+1,0,0,0.375,0.898
NTRA,"Natera, Inc.",Health Care,XLV,46408658944.0,2026-09-16,345.3399963378906,-0.015508302811840124,0.04550270621654651,0.1079598114566096,0.1276490744546417,0.2174651780457717,True,0.12806829405583464,0.2359942494656575,0.1209036733372959,0.20341838708407778,0.9844916971881599,1.22156839681112,1.0433882556058072,1.3790525084456366,1.22156839681112,388822805.52586824,0.14888270860653213,331.04725341796876,295.2755846659342,251.17437591552735,True,True,True,True,True,False,distribution,1,1,normal,False,False,surge,False,1.0,,0.03094981339294464,65.7317217177975,True,True,True,True,False,True,True,A,Uptrend Under Pressure,350.78,-0.0155,0.6656603924994121,0.9549750185957814,0.5438633497123662,0.36763837101437624,0.9195574789490802,0.9248940677966102,2026-11-06,False,진입 검토,surge D+1,0,0,0.375,0.898
PAYC,"Paycom Software, Inc.",Industrials,XLI,10776624128.0,2026-09-16,227.58999633789062,0.003660265704538368,0.05571015124235834,0.05675499469261003,0.0755343103318955,0.5721691760337333,False,0.07593415552740934,0.5960966242040626,0.14983412006279173,0.7139675409441315,0.9462414447659696,0.9561477276837337,1.0991046740486676,2.5606418311217705,0.9561477276837337,155994976.29448548,0.8492520724064849,228.92100830078124,183.60340042114257,156.65543842315674,False,True,True,True,True,False,weak_rally,2,2,normal,False,False,surge,False,1.0,,0.034643753008767604,60.05317928496712,True,True,True,True,False,True,True,A,Uptrend Under Pressure,226.76,0.0037,0.7515903963535392,0.904562820667949,-0.16309183307569353,0.47350319955029163,0.5521448447833472,0.9168432203389831,2026-11-05,False,진입 검토,surge D+1,0,0,0.375,0.898
EQH,"Equitable Holdings, Inc.",Financials,XLF,13673749504.0,2026-09-16,53.880001068115234,-0.0016675958968361826,0.03436361893422668,0.05979545449259005,0.07862880134493744,0.14443358582367916,True,0.07902979696155144,0.16185116131530863,0.09598728616296426,0.15661366598137194,0.9983324041031638,1.280791817428903,1.1111255985348685,1.8730516985370769,1.280791817428903,129699755.58926888,0.5271084456115862,51.2435001373291,49.08964131673177,44.925651995340985,True,True,True,True,True,False,distribution,7,2,normal,False,True,acc,True,0.0,,0.022888036483134415,64.60197824723548,True,True,True,True,False,True,True,A,Uptrend Under Pressure,53.88,0.0,0.3902134810930195,0.9550887806277483,-0.166824726641019,0.16104050262577907,0.4985065592136172,0.9097457627118644,2026-11-04,False,진입 검토,acc D+0,0,0,0.375,0.898
META,"Meta Platforms, Inc.",Communication Services,XLC,1458039816192.0,2026-09-16,673.3099975585938,0.004580459788955826,0.030014219345424475,0.23845350805372867,0.26046174028270097,0.08458505114078196,True,0.2609303348836727,0.10109176873395831,0.21083493563877997,0.07461603365141878,0.9882579148571616,0.9498610428716455,1.0468523044535045,3.3513140172939857,0.9498610428716455,10962596030.12261,0.10419770636558728,601.8000030517578,600.1008290608723,606.0786142985027,True,True,True,True,False,True,weak_rally,5,2,normal,False,False,acc,False,1.0,,0.03166658544910899,72.2445437771818,True,True,True,True,False,True,True,A,Uptrend Under Pressure,670.24,0.0046,0.5142761612803871,0.9464981965192371,-0.36848755768532493,-0.21017412545901104,0.10879169527664342,0.908103813559322,2026-10-29,False,대기,단기 이벤트성(3M 0.11) — 신호 재발생 또는 중기 추세 형성 대기,0,0,0.375,0.898
CRWD,"CrowdStrike Holdings, Inc.",Information Technology,XLK,236528943104.0,2026-09-16,241.36000061035156,-0.004660006009378992,0.16150142957521907,0.1335713069978519,0.15371570516077893,0.22973322068529933,True,0.15414461540312696,0.24844900417083515,0.14398689092989359,0.20813315217152417,0.995339993990621,0.9651570734517938,1.1298573849462759,1.0720815671778559,0.9651570734517938,2614062706.9462576,0.5985326624163886,211.28650131225587,201.69129155476887,168.6093957265218,True,True,True,True,True,False,dry_up,3,1,normal,False,False,surge,False,2.0,,0.06273942389003875,63.91596618554532,True,True,True,True,True,True,True,A,Uptrend Under Pressure,235.38,0.0254,0.24766873372732445,0.9290615743084026,0.6274133847281234,0.7055833655875727,0.945046257815041,0.9029661016949153,2026-12-02,False,진입 검토,surge D+2 · 클러스터 대표(4종목 중),0,0,0.375,0.898
PBR,Petroleo Brasileiro S.A. Petrob,Energy,XLE,124698492928.0,2026-09-16,20.90999984741211,-0.03950393166137334,-0.00095558803019824,0.18389975418895,0.2049385259769685,0.2810523613902731,False,0.20538647903236962,0.3005491906424367,0.17742836397532935,0.10245534936267653,0.9604960683386267,0.984682064832193,0.9580735402723227,1.641245501063815,0.984682064832193,469391528.6525938,0.1639348875603472,19.74421806335449,18.075124533971152,18.635376191139223,True,True,True,True,False,False,dry_up,5,1,normal,False,False,acc,False,1.0,,0.03398920177700208,61.87700762428489,True,True,True,True,True,True,True,A,Uptrend Under Pressure,21.77,-0.0395,0.29185281971672006,0.971181533185436,0.21784449983535792,-0.18122281543715135,0.5402072566947346,0.8929025423728812,2026-11-11,False,진입 검토,acc D+1 · 클러스터 대표(5종목 중),0,0,0.375,0.898
NTR,Nutrien Ltd.,Materials,XLB,36043677696.0,2026-09-16,77.68000030517578,-0.013211393539127925,-0.03766106131757141,0.11930833713612099,0.13919927180530345,0.17922345577296994,False,0.1396227853568368,0.19717051169377586,0.1508694127905128,0.21637883160886928,0.9622197085974001,0.5550788746524246,0.8978511451558849,1.91727567792872,0.5550788746524246,206910331.65842932,0.3450693631059198,76.59500007629394,69.70613015492758,70.0938562075297,True,True,True,True,False,False,dry_up,4,2,normal,False,False,acc,False,2.0,,0.02940451366461512,58.14418477802551,True,True,True,True,False,True,True,A,Uptrend Under Pressure,77.0,0.0088,0.33121121582297197,0.938326855384374,0.02834092919082476,-0.24653846196341256,0.36733583896498134,0.8915783898305085,2026-11-05,False,진입 검토,acc D+2,0,0,0.375,0.898
SAIL,"SailPoint, Inc.",Information Technology,XLK,11661281280.0,2026-09-16,20.360000610351562,0.019019072913987634,0.15813428320308276,0.06041665631863857,0.07926104238558662,0.24699292119880667,True,0.07966227304681062,0.26597138671358445,0.07016007397453627,0.22508968878952307,0.9902724289501019,0.8908745258109122,1.4632296858527596,1.1522873199571333,0.8908745258109122,79693336.59876099,0.9605279338652157,18.880999851226807,16.945750013987222,15.26212497552236,True,True,True,True,True,False,weak_rally,3,4,normal,False,False,surge,False,1.0,분산4일,0.07183553580435346,59.99107531598161,True,True,True,True,False,True,True,A,Uptrend Under Pressure,19.98,0.019,0.25048874223344936,0.9290615743084026,-0.274925843420343,0.09133320150683866,0.3855308807054317,0.8889830508474577,,False,스킵,상관 클러스터 중복 — 대표: OKTA·CRWD,0,0,0.375,0.898
CRBG,Corebridge Financial Inc.,Financials,XLF,14505311232.0,2026-09-16,34.849998474121094,-0.004854425511718996,0.030455316043497938,0.05223428738008962,0.07093326671629518,0.1289442337345872,True,0.07133140140832617,0.1461260708114498,0.08816790649991235,0.14095946243006052,0.995145574488281,1.697823056740685,1.3766098413922407,1.419597995660091,1.697823056740685,116039601.28559151,0.5454537230257047,33.32249984741211,32.02866659164429,29.232782220840456,True,True,True,True,True,False,distribution,4,1,interest,False,False,surge,False,2.0,,0.022596839913716374,63.01689560356267,True,True,True,True,True,True,True,A,Uptrend Under Pressure,34.8,0.0014,0.3830681855327567,0.9550887806277483,-0.10637034808730916,0.19462704528042218,0.56454230060352,0.8864406779661017,2026-11-03,False,진입 검토,surge D+2,0,0,0.375,0.898
PSKY,Paramount Skydance Corporation,Communication Services,XLC,12240428032.0,2026-09-16,11.135000228881836,0.011353314932010194,0.09456515716986535,0.07252684143121724,0.09158643441918435,0.11593578640836855,True,0.09199224722041088,0.1329196429155064,0.04860857559046261,0.10567860707512011,1.0,1.5999950833128322,1.1496983379688115,2.6657448605368654,1.5999950833128322,114866544.83377008,0.6266682942708334,10.6571195602417,9.658987450599671,10.031072151660918,True,True,True,True,False,False,accumulation,5,2,interest,True,False,surge,True,0.0,,0.038683026892069906,64.88584126098775,True,True,True,True,False,True,True,A,Uptrend Under Pressure,11.14,0.0,0.3609782578047724,0.9464981965192371,-0.5254417412524512,-0.03359089153110495,0.22636876151928015,0.8826271186440678,2026-11-10,False,진입 검토,surge D+0,0,0,0.375,0.898
COKE,"Coca-Cola Consolidated, Inc.",Consumer Staples,XLP,13017979904.0,2026-09-16,198.6699981689453,0.00020134564340579253,0.051052765201372585,0.053170053073310575,0.07188566165603572,0.11053808175100399,True,0.0722841504144478,0.1274397885121754,0.08160678135059074,0.14051770186619028,0.9900333880587561,0.8702513600701177,1.1967242860290976,1.516342671116704,0.8702513600701177,89110188.57593003,0.44499969482421875,193.35900192260743,187.5886380513509,186.74063046773276,True,True,True,False,True,False,weak_rally,3,3,normal,False,False,surge,False,2.0,분산3일,0.03154188973722359,58.7228931796478,True,True,True,True,False,True,True,A,Uptrend Under Pressure,200.67,-0.01,0.37403527581714785,0.9374568435182988,0.30188887352624194,-0.255390950346865,0.5283383325503234,0.882521186440678,2026-10-29,False,진입 검토,surge D+2,0,0,0.375,0.898
EGO,Eldorado Gold Corporation,Materials,XLB,11694735360.0,2026-09-16,40.56999969482422,0.00895301214992017,-0.08995069474037298,0.04980553511971286,0.06846135373698514,0.2584726086809497,False,0.068858569460166,0.27762578798062254,0.07940684408618304,0.29812499392296044,0.8441622910148697,1.5314226138818412,0.9605137619379898,1.492060387191916,1.5314226138818412,130418628.30645256,0.3549780118338114,43.95121536254883,36.50079634984334,34.58416934013367,False,True,True,True,True,False,accumulation,3,2,interest,True,False,surge,True,0.0,,0.05020292209735453,47.03757931766201,True,True,True,False,False,True,True,A,Uptrend Under Pressure,40.57,0.0,0.3926600211243596,0.938326855384374,0.21331136654846983,-0.059654905787916324,0.6423096382494308,0.8715572033898304,2026-10-30,False,진입 검토,surge D+0,0,0,0.375,0.898
LITE,Lumentum Holdings Inc.,Information Technology,XLK,82053971968.0,2026-09-16,919.4000244140625,0.09588061449253171,-0.07035527253211782,0.05277625011086218,0.07148486052450487,0.30441666234489784,False,0.07188320027938877,0.32426908189144577,0.06244946548513819,0.28150479105182336,0.9296447274678822,1.5773754947479302,1.0572929354881286,1.3478013390615091,1.5773754947479302,3681073832.0687866,0.7765419862032522,894.3022583007812,829.5910847981771,856.4379592895508,True,True,True,True,False,False,accumulation,2,1,interest,True,False,surge,True,0.0,,0.06600454363755599,53.22736889478017,True,True,True,True,False,True,True,A,Uptrend Under Pressure,919.4,0.0,0.39638859963169204,0.9290615743084026,3.8567561738421103,0.2881022645880307,0.9663013624372085,0.8613347457627119,2026-11-06,False,진입 검토,surge D+0,0,0,0.375,0.898
KR,Kroger Company (The),Consumer Staples,XLP,35251724288.0,2026-09-16,61.13999938964844,-0.017831335106049173,0.08327428910877543,0.08519700433192257,0.10448175545920169,0.04273856557536826,True,0.10489236227965448,0.058608405388633544,0.11449849486467412,0.07088789839798904,0.9821686648939508,1.2400694086923654,1.400287626869875,1.9226262618592036,1.2400694086923654,400122031.3059532,0.06521745139720089,58.26800022125244,57.61809864044189,61.756404908498126,True,True,False,False,False,False,distribution,4,3,normal,False,False,surge,False,1.0,분산3일,0.027255948950832568,62.21716928822304,True,True,True,True,False,True,True,B,Uptrend Under Pressure,62.25,-0.0178,0.3116945651872521,0.9374568435182988,-0.28038019712553774,-0.3387932766016998,0.1035271583968776,0.8603813559322034,2026-12-03,False,대기,단기 이벤트성(3M 0.10) — 신호 재발생 또는 중기 추세 형성 대기,0,0,0.375,0.898
UNM,Unum Group,Financials,XLF,14757359616.0,2026-09-16,94.81999969482422,-0.011055460877748002,0.01880305152829309,0.05625490966471891,0.0750253384242332,0.06026044393821817,True,0.07542499440219297,0.07639695596638552,0.09232583234091996,0.0715446786506273,0.9818784300970254,2.22250520402915,1.596178389303137,1.8929984263085318,2.22250520402915,148253068.7796608,0.4201049455354649,92.50849952697754,90.13805872599283,85.53048318227133,True,True,True,True,True,False,distribution,5,2,attention,False,False,surge,False,1.0,,0.023610530109354922,57.54491978155007,True,True,True,True,False,True,True,A,Uptrend Under Pressure,95.88,-0.0111,0.385364211619123,0.9550887806277483,0.058569627451636075,0.0634577988392988,0.6302184597593148,0.8585805084745763,2026-11-04,False,진입 검토,surge D+1,0,0,0.375,0.898
ZS,"Zscaler, Inc.",Information Technology,XLK,30463647744.0,2026-09-16,191.5800018310547,-0.01191395928549932,0.15340153396297662,0.03166400096630784,0.04999743114183275,0.27069711803822005,True,0.0503877826388619,0.29003634685375457,0.041143230835127165,0.2483775251800333,0.9880860407145007,0.9731323665652737,1.1713049585577038,1.122410809800757,0.9731323665652737,604263749.8186516,0.4755332232334235,177.39799880981445,160.97516644795735,150.55574951171874,True,True,True,True,True,False,dry_up,4,3,normal,False,False,surge,False,2.0,분산3일,0.055694755907222476,60.705768209145894,True,True,True,True,False,True,True,A,Uptrend Under Pressure,191.73,-0.0008,0.22211106391563373,0.9290615743084026,-0.45377914548788467,0.02098924984074202,0.2741236312384807,0.8567266949152543,2026-11-25,False,스킵,상관 클러스터 중복 — 대표: OKTA·CRWD,0,0,0.375,0.898
HPQ,HP Inc.,Information Technology,XLK,27071766528.0,2026-09-16,32.70000076293945,-0.03311646782942368,0.00957089778118636,0.10206231008324695,0.12164677013231762,0.4259658723522646,False,0.1220637582914057,0.4476681961374471,0.11218838015766686,0.4009190085097558,0.9216460311396709,0.7836372797140289,1.056337505762546,0.9313398454622699,0.7836372797140289,516963289.6441059,0.035460455653463126,31.19953260421753,27.475400511423747,24.448752053578694,True,True,True,True,True,False,dry_up,2,2,normal,False,False,surge,False,3.0,,0.05569313083527457,57.56597385473234,True,True,True,True,False,True,True,A,Uptrend Under Pressure,35.48,-0.0784,0.30496939127666833,0.9290615743084026,-0.06710193037924672,0.37054235792143975,0.6314950670376929,0.8505296610169492,2026-11-25,False,진입 검토,surge D+3,0,0,0.375,0.898
GH,"Guardant Health, Inc.",Health Care,XLV,21339875328.0,2026-09-16,174.89999389648438,-0.004269854973305565,0.07445629197737147,0.09230576586315653,0.11171684492573752,0.06450685462255668,True,0.11213014149372746,0.08070799441032439,0.10506674764120705,0.05222485630850593,0.9957301450266944,0.8460108050949531,0.8463262579968769,1.2985249865723643,0.8460108050949531,298055006.2265701,0.19389373621707506,164.92249908447266,159.0875,131.4652499516805,True,True,True,True,True,False,dry_up,2,0,normal,False,False,surge,False,1.0,,0.047815067956888335,62.0986714645808,True,True,True,True,False,True,True,A,Uptrend Under Pressure,175.65,-0.0043,0.36053807021630696,0.9549750185957814,1.4962651931687763,0.5730832982308633,0.9713047956344187,0.8450741525423728,2026-10-29,False,진입 검토,surge D+1,0,0,0.375,0.898
HPE,Hewlett Packard Enterprise Comp,Information Technology,XLK,69176393728.0,2026-09-16,56.68000030517578,0.014316378342323022,-0.03769102144636993,0.01777701028694212,0.035863658396087184,0.2929247707520195,False,0.03624875546183248,0.31260229077461066,0.027128642433331907,0.2702147527077501,0.9128684194859578,0.9184175440125397,1.0819826138833195,1.5336103222477537,0.9184175440125397,1380856988.4143238,0.5337619040609959,54.444000244140625,50.749000231424965,42.46892754236857,True,True,True,True,True,False,weak_rally,5,2,normal,False,False,surge,False,3.0,,0.06798820505149523,53.93524889252629,True,True,True,True,False,True,True,A,Uptrend Under Pressure,62.09,-0.0871,0.23025641341765346,0.9290615743084026,1.0029133469685405,1.3173399911527466,0.9754851649741607,0.8250529661016949,,False,진입 검토,surge D+3,0,0,0.375,0.898
YPF,YPF Sociedad Anonima,Energy,XLE,20223232000.0,2026-09-16,54.650001525878906,-0.0513799523192644,0.0007324833378552498,0.07833467239142222,0.09749747481897475,0.14980923726651896,False,0.09790548513364361,0.16730862686775017,0.07244031822737207,-0.010490607116633077,0.9486200476807356,0.8884060553395243,1.5341734880901998,2.398633881856744,0.8884060553395243,65951382.57548332,0.14124300279313556,52.76400012969971,50.28216686248779,48.59350007375081,True,True,True,True,True,False,dry_up,4,2,normal,False,False,surge,False,4.0,,0.03720427122431985,56.47495424838747,True,True,True,True,False,True,True,A,Uptrend Under Pressure,56.06,-0.0252,0.34908183421851163,0.971181533185436,0.6704159740965308,0.19415943460389062,0.9001553973474035,0.8247351694915255,2026-10-30,False,진입 검토,surge D+4 · 클러스터 대표(5종목 중),0,0,0.375,0.898
VG,"Venture Global, Inc.",Energy,XLE,36601360384.0,2026-09-16,14.649999618530273,-0.041857445710888785,-0.03934098314091872,0.03439975354821545,0.052781800064807705,0.25668482659553615,False,0.053173186690633756,0.275810796951133,0.028745554855802435,0.08148499725615976,0.9296503979459821,0.8891847767536886,1.2328057384885351,1.60440132837768,0.8891847767536886,201628590.55575123,0.15328412277208975,14.646464300155639,13.404272413253784,13.225136232376098,True,True,True,True,True,False,dry_up,4,2,normal,False,False,surge,False,3.0,,0.047209944034412345,51.862202306520025,True,True,True,True,False,True,True,A,Uptrend Under Pressure,15.76,-0.0703,0.5980437560268449,0.971181533185436,-0.14204632648265914,-0.08324893810069467,0.35416952766434173,0.8146716101694915,2026-11-09,False,진입 검토,surge D+3,0,0,0.375,0.898
WTRG,"Essential Utilities, Inc.",Utilities,XLU,11677169664.0,2026-09-16,41.369998931884766,-0.002651895167924412,-0.015000025431315067,0.025278822709692506,0.04349878355836667,0.05931027846436665,True,0.04388671909061581,0.07543232955825596,0.09227431215759263,0.18153344483531608,0.9849999745686849,0.7574045858270877,1.1024520179832928,1.056482503913794,0.7574045858270877,97849460.61250743,0.3103443739970009,41.240999412536624,39.71760088602702,38.76743141810099,True,True,True,True,True,False,dry_up,4,4,normal,False,False,surge,False,2.0,분산4일,0.018077284248461348,55.05745593736046,True,True,True,True,False,True,True,A,Uptrend Under Pressure,41.61,-0.0058,0.39934963331879475,0.8773219778194903,-0.07639357744962205,-0.14248239551220654,0.36237035163167214,0.8098516949152543,2026-11-05,False,진입 검토,surge D+2,0,0,0.375,0.898
JKHY,"Jack Henry & Associates, Inc.",Financials,XLF,11930137600.0,2026-09-16,158.97999572753906,0.03186855435781166,0.003154972321299132,0.0420459396174393,0.06056386449973794,0.0784303403547848,False,0.060958144218834276,0.09484338703418138,0.07763162842140536,0.08990795526640527,0.9190074178339734,1.6115343963872966,1.198732772689702,1.6109706036947298,1.6115343963872966,167418238.59085235,0.8210082857367205,164.92028350830077,153.81917877197264,148.3312468846639,False,True,True,False,True,False,accumulation,2,1,interest,True,False,surge,True,0.0,,0.03166719855586536,47.87454261542604,True,True,True,True,False,True,True,A,Uptrend Under Pressure,158.98,0.0,0.26342746111816423,0.9550887806277483,-0.19050950811020428,-0.2204658157108047,0.19987983809764737,0.8065148305084746,2026-11-04,False,진입 검토,surge D+0,0,0,0.375,0.898
BRK-A,Berkshire Hathaway Inc.,Financials,XLF,1079845453824.0,2026-09-16,780297.0,0.008363648111653132,0.027868340663987246,0.03542595541401283,0.053826238294610196,0.023460783480355074,True,0.054218013205220794,0.039037227303577504,0.0707855729011646,0.03435336347404161,0.9829708433325145,1.1582155721806595,1.229149348850097,1.5778571428571428,1.1582155721806595,137212253.65,0.37893578816924206,758990.2,755099.6,736791.2166666667,True,True,True,True,True,False,accumulation,8,2,normal,False,True,acc,True,0.0,,0.0097526681232549,66.76394642675014,True,True,True,True,False,True,True,A,Uptrend Under Pressure,780297.0,0.0,0.5416737169725687,0.9550887806277483,-0.14145864785019957,-0.12590640984146317,0.322182067868888,0.8020656779661017,2026-11-08,False,진입 검토,acc D+0,0,0,0.375,0.898
ARCC,Ares Capital Corporation,Financials,XLF,14410718208.0,2026-09-16,19.3700008392334,0.0,0.009727546956174393,0.0092141910865422,0.02714867158319989,0.0657464552959679,True,0.02753052872849593,0.08196646104378424,0.043678681350509674,0.0770890770208792,0.9832215096487865,1.2769822676286595,1.1920039681596646,1.3592672609771317,1.2769822676286595,77898871.3699812,0.47887407184534875,19.395255088806152,18.80923172632853,18.300269333521523,False,True,True,True,True,False,distribution,4,3,normal,False,False,surge,False,2.0,분산3일,0.01172218204520031,54.185991737120716,True,True,True,True,False,True,True,A,Uptrend Under Pressure,19.32,0.0026,0.6198102952908539,0.9550887806277483,-0.15920780562008063,-0.056738969379342974,0.3648811029597774,0.7905190677966101,2026-10-27,False,진입 검토,surge D+2,0,0,0.375,0.898
AAPL,Apple Inc.,Information Technology,XLK,4624166158336.0,2026-09-16,332.4100036621094,0.0032293334219983816,0.05413207180331181,0.07218657862442623,0.09124012489136435,0.06193077209629427,False,0.0916458089470924,0.07809270549198333,0.08203814176080049,0.04327812691412758,0.9782895631435501,0.8563659627502038,1.0868232580464465,1.3193173560917295,0.8563659627502038,13431382078.12032,0.35773888949186305,320.3899978637695,314.9734181722005,299.1255324045817,True,True,True,True,True,False,weak_rally,2,1,normal,False,False,surge,False,4.0,,0.02309540494360182,62.15377357728769,True,True,True,True,False,True,True,A,Uptrend Under Pressure,326.57,0.0179,0.4136877085336023,0.9290615743084026,0.09623782195299468,0.03986587422155741,0.6480024213075061,0.7822563559322033,2026-10-30,False,진입 검토,surge D+4,0,0,0.375,0.898
MEDP,"Medpace Holdings, Inc.",Health Care,XLV,16579244032.0,2026-09-16,616.4400024414062,-0.006511052982389076,0.05140715551077313,0.044282593916646684,0.06284026579543145,0.11892414318782696,True,0.06323539179912552,0.13595348064767987,0.05648253972721862,0.10601429260254713,0.9930567900787858,1.01242188272249,1.0415929883908666,0.7915155410679032,1.01242188272249,123512310.34596252,0.31355110910977546,602.1060028076172,573.1569971720378,514.6982076009115,True,True,True,True,True,False,distribution,3,3,normal,False,False,surge,False,1.0,분산3일,0.02299991183659923,61.378857810590205,True,True,True,True,False,True,True,A,Uptrend Under Pressure,620.48,-0.0065,0.6059411083331593,0.9549750185957814,0.01761543302620794,0.13291602878476394,0.6357151891872357,0.7821504237288135,2026-10-20,False,진입 검토,surge D+1,0,0,0.375,0.898
WST,"West Pharmaceutical Services, I",Health Care,XLV,24005873664.0,2026-09-16,362.010009765625,-0.008191754066780854,0.07440495976306183,0.044490647712467135,0.06305201686064876,0.008764250530983286,True,0.06344722158581662,0.024117022159259927,0.05669302413430222,-0.002874604372106182,0.9918082459332191,1.2067642484521617,1.3310980185468941,1.4008398259756027,1.2067642484521617,179033906.01364747,0.15129842942132987,347.36950225830077,349.51558074951174,323.4103167215983,True,True,True,True,False,False,distribution,4,3,normal,False,False,surge,False,1.0,분산3일,0.022658879945770295,63.65462658469933,True,True,True,True,False,True,True,A,Uptrend Under Pressure,365.0,-0.0082,0.398952792107973,0.9549750185957814,0.1421642822404603,0.2519358987351812,0.7829677279462254,0.7726694915254239,2026-10-22,False,진입 검토,surge D+1,0,0,0.375,0.898
SHEL,Shell PLC,Energy,XLE,251711602688.0,2026-09-16,95.69999694824219,-0.032844872160026184,0.0010460091602215726,0.0401042791690005,0.0585876993131067,0.16754506392588797,False,0.05898124436465402,0.18531438190354277,0.03441889860401326,0.004772591769921952,0.9671551278399738,0.8510710410548367,0.8879707419158392,1.331400282275849,0.8510710410548367,605533833.461757,0.1356582270245974,93.77399940490723,87.69906044006348,87.00888309478759,True,True,True,True,True,False,dry_up,4,2,normal,False,False,acc,False,2.0,,0.01789610698144858,59.51110705390242,True,True,True,True,False,True,True,A,Uptrend Under Pressure,96.45,-0.0078,0.31368347512668404,0.971181533185436,0.1217067094051858,-0.12432141035856659,0.5392260850710129,0.7718220338983051,2026-10-29,False,스킵,상관 클러스터 중복 — 대표: PBR·YPF,0,0,0.375,0.898
ITUB,Itau Unibanco Banco Holding SA,Financials,XLF,83876446208.0,2026-09-16,8.289999961853027,0.003631928830497344,0.025990103976467838,0.1403026112245631,0.16056662962810653,-0.0008257105329684267,False,0.16099808679918226,0.014381107784550595,0.17924374838813661,0.009808390989362481,0.9620569062294181,1.269163968675304,1.1794082978274596,1.6205646030467813,1.269163968675304,177793275.08092308,1.0,7.868259167671203,8.037489795684815,8.121365249156952,True,True,True,True,False,False,accumulation,5,2,normal,False,False,surge,False,4.0,,0.028543141569456528,59.94042587387962,True,True,True,True,False,True,True,A,Uptrend Under Pressure,8.3,-0.0012,0.3093228449285081,0.9550887806277483,-0.0293515466650347,-0.20356855417164288,0.34265837880813843,0.7690677966101694,2026-11-04,False,진입 검토,surge D+4,0,0,0.375,0.898
BIIB,Biogen Inc.,Health Care,XLV,32010903552.0,2026-09-16,216.00999450683594,-0.000740175155963696,0.02505575326885867,0.0162784822648796,0.034338500425870055,0.041292223741198786,True,0.03472303049242176,0.05714005112106868,0.0281512669730688,0.029278069693352782,0.9621397701306291,0.839868406693998,1.1091405720730378,1.3744534936944615,0.839868406693998,157326673.03637084,0.34482713261570164,217.93499832153321,209.6739995320638,199.49050000508626,False,True,True,True,True,False,dry_up,3,1,normal,False,False,surge,False,3.0,,0.02685060844179481,51.63966191247684,True,True,True,True,True,True,True,A,Uptrend Under Pressure,217.15,-0.0052,0.4378211105209923,0.9549750185957814,0.23456406043595046,-0.025242604039496297,0.6845316396227097,0.7607521186440678,2026-10-29,False,스킵,점수 후순위 (후보 내 하위 39%) — 우선순위 미달,0,0,0.375,0.898
MELI,"MercadoLibre, Inc.",Consumer Discretionary,XLY,98159140864.0,2026-09-16,1839.7099609375,0.005888667685265192,-0.019516820588521333,0.034044507902899035,0.05242024144237134,0.005862288642280111,False,0.0528114936536308,0.02117089419495688,0.09204410271779451,0.08077127322525324,0.9168386016148167,2.0390468032314426,1.2339909728983889,1.4890614146548073,2.0390468032314426,846228698.1881348,0.7653958457071892,1929.8224853515626,1848.6818237304688,1778.8524149576822,False,False,True,True,True,False,accumulation,3,2,attention,True,False,surge,True,0.0,,0.032997826237136894,43.04162421980048,True,True,True,True,False,True,True,B,Uptrend Under Pressure,1839.71,0.0,0.32115586915341926,0.8883820050871151,-0.3525797867350594,-0.10674641775017435,0.2022686205774999,0.755561440677966,2026-11-05,False,스킵,점수 후순위 (후보 내 하위 37%) — 우선순위 미달,0,0,0.375,0.898
VTRS,Viatris Inc.,Health Care,XLV,18963234816.0,2026-09-16,17.020000457763672,0.02222227313576708,0.0315151792584043,0.06046066445242726,0.07930583257637003,0.0025634395052596126,False,0.07970707988898518,0.017821838602453788,0.07284961234443399,-0.009003872081567499,0.960114713894728,1.1817639193580731,1.1950525947975634,1.8090636323659595,1.1817639193580731,121568410.64231014,0.9220807530344315,16.608451652526856,16.61770575841268,15.862557053565979,True,True,True,True,False,False,accumulation,2,1,normal,False,False,surge,False,3.0,,0.025180475295129134,57.97035362921447,True,True,True,True,False,True,True,A,Uptrend Under Pressure,16.51,0.0309,0.4667168799194525,0.9549750185957814,0.4699240698018292,0.023075853163022186,0.7817805644898992,0.7436440677966101,2026-11-05,False,스킵,점수 후순위 (후보 내 하위 36%) — 우선순위 미달,0,0,0.375,0.898
ICLR,ICON plc,Health Care,XLV,12729672704.0,2026-09-16,173.94000244140625,0.00864021756759592,0.09046460053606165,0.04124513177957678,0.05974882571598039,0.022270825041657893,False,0.06014280243280279,0.03782915842912016,0.05340959210596097,0.010476134857049901,0.9650465886609355,1.108377655883337,1.5864954884899929,1.7785192152141607,1.108377655883337,123444257.85137329,0.5285731724330357,167.64399948120118,167.16600011189777,144.7094165166219,True,True,True,True,True,False,accumulation,7,3,normal,False,True,acc,True,0.0,분산3일,0.03489299072211299,59.51649577602039,True,True,True,True,False,True,True,A,Uptrend Under Pressure,173.94,0.0,0.3919310899014736,0.9549750185957814,-0.15902776122893136,0.4561609379794864,0.5553512702829677,0.7409957627118644,2026-10-22,False,스킵,점수 후순위 (후보 내 하위 34%) — 우선순위 미달,0,0,0.375,0.898
DVN,Devon Energy Corporation,Energy,XLE,53360996352.0,2026-09-16,48.439998626708984,-0.05630241771386901,-0.004619903815824,0.019312444296351705,0.03742637820026551,0.13991508847597411,False,0.037812056229351576,0.1572638952162868,0.013740715310598395,-0.019005370127325505,0.943697582286131,1.4143842546869574,1.2941559334009691,1.3861832085172858,1.4143842546869574,511617235.5244522,0.08352033672666276,48.398856735229494,44.995195134480795,45.731905428568524,True,True,True,True,False,False,distribution,3,3,normal,False,False,surge,False,4.0,분산3일,0.028801970329625056,53.304566463357204,True,True,True,True,False,True,True,A,Uptrend Under Pressure,49.7,-0.0253,0.3499167661782718,0.971181533185436,0.21420529205989403,-0.12755046836931816,0.5880804813703878,0.7314618644067796,2026-11-05,False,스킵,상관 클러스터 중복 — 대표: PBR·YPF,0,0,0.375,0.898
BG,Bunge Limited,Consumer Staples,XLP,22326163456.0,2026-09-16,117.12999725341797,-0.038025663613509564,-0.05157896960795172,0.024221726375329045,0.04242290184250619,0.053804955491430606,False,0.0428104374004068,0.06984321895476198,0.051876818583495465,0.0822530319331869,0.9401236110141541,1.0849138109029592,0.9380306712369514,1.1443017912917217,1.0849138109029592,197284040.78352278,0.09156796179630414,117.96500053405762,113.99998512268067,118.62822494506835,False,True,True,False,False,False,distribution,3,3,normal,False,False,acc,False,3.0,분산3일,0.04043430779059453,48.93919951251523,True,True,True,True,False,True,True,A,Uptrend Under Pressure,122.41,-0.0431,0.3295231025201189,0.9374568435182988,0.23388476865926178,-0.20746320844654254,0.5256252032814137,0.7311440677966101,2026-11-04,False,스킵,acc D+3 관찰 종료 — 신호 재발생 전까지 관망,0,0,0.375,0.898
CVE,Cenovus Energy Inc,Energy,XLE,59292479488.0,2026-09-16,32.52000045776367,-0.04127351965671322,-0.02345560543263714,0.004771677275501318,0.0226272110252701,0.28522201590973384,False,0.02300738725321816,0.30478230473986345,-0.0007205694930590978,0.10604369443624173,0.9587264803432868,0.9041904317084669,1.2326131826862534,1.030135296416252,0.9041904317084669,214505393.4863968,0.0925945548820978,32.444039535522464,29.28968998591105,28.405839204788208,True,True,True,True,True,False,dry_up,2,0,normal,False,False,surge,False,2.0,,0.028352374194728785,54.79741469959368,True,True,False,True,False,True,True,A,Uptrend Under Pressure,33.11,-0.0179,0.40772412732345137,0.971181533185436,0.6028329022942152,0.18475647100649062,0.8916401647934661,0.7299258474576271,2026-10-29,False,스킵,상관 클러스터 중복 — 대표: PBR·YPF,0,0,0.375,0.898
NYT,New York Times Company (The),Communication Services,XLC,10849546240.0,2026-09-16,72.41000366210938,0.009761603494264914,0.08723731713366156,0.11280165977730894,0.13257696599098567,-0.02298022467523253,False,0.13299801760603058,-0.008110584440682467,0.08798523104246336,-0.031960550577218694,0.9320376031230139,1.3149309156095805,1.196882508738899,1.422138719168611,1.3149309156095805,135316205.88904876,0.5675682177469242,67.86199989318848,70.12323036193848,74.0058666865031,True,True,False,False,False,False,accumulation,5,2,normal,False,False,surge,False,1.0,,0.02433563295387708,65.56885829295169,True,True,True,True,False,True,True,B,Uptrend Under Pressure,71.71,0.0098,0.5779531322841482,0.9464981965192371,-0.056912764152115325,-0.29332605073183693,0.28578114271258714,0.7169491525423729,2026-11-04,False,스킵,점수 후순위 (후보 내 하위 28%) — 우선순위 미달,0,0,0.375,0.898
EG,"Everest Group, Ltd.",Financials,XLF,14365106176.0,2026-09-16,377.7699890136719,-0.004689761129086922,0.026911664522491607,0.0338723813822297,0.052245056106482224,0.009138028412595034,False,0.052636243190098186,0.024496488710402664,0.06917894458460672,0.019878172907214386,0.9526561976920028,1.2030426353674302,1.0914318419121518,1.1486460053714151,1.2030426353674302,118048151.70844269,0.5379505876902313,373.8552490234375,370.19813232421876,353.40049947102864,True,True,True,True,True,False,distribution,6,3,normal,False,True,acc,True,0.0,분산3일,0.01862933711515151,54.93565158715467,True,True,True,True,False,True,True,A,Uptrend Under Pressure,377.77,0.0,0.39632252523535977,0.9550887806277483,-0.07986119347537313,-0.016389563861501033,0.4612663076867478,0.7060381355932204,2026-10-29,False,스킵,점수 후순위 (후보 내 하위 27%) — 우선순위 미달,0,0,0.375,0.898
RNR,RenaissanceRe Holdings Ltd.,Financials,XLF,13614062592.0,2026-09-16,328.42999267578125,-0.0008214770952911232,0.019557186797437565,0.025311058989144763,0.04353159270027995,0.0073618005449325175,False,0.043919540429794734,0.022693227746753974,0.06032525451093518,0.01808304084268575,0.9729791549813269,1.0975001765506651,1.1675340455709322,1.1628720410260827,1.0975001765506651,85507802.70527038,0.4841411169608754,327.445735168457,322.2045435587565,310.1704261779785,True,True,True,True,True,False,distribution,3,3,normal,False,False,surge,False,2.0,분산3일,0.018313914701352057,53.26250141780923,True,True,True,True,False,True,True,A,Uptrend Under Pressure,330.21,-0.0054,0.42913408462025665,0.9550887806277483,0.10962654222206858,-0.06799098704263051,0.5724359437678436,0.697563559322034,2026-11-04,False,스킵,점수 후순위 (후보 내 하위 25%) — 우선순위 미달,0,0,0.375,0.898
WBD,"Warner Bros. Discovery, Inc. - ",Communication Services,XLC,71528611840.0,2026-09-16,28.06999969482422,0.001427007035278649,0.0057327068537029735,-0.014396062289399714,0.003118846591607216,0.06561981095906133,True,0.003491770307276987,0.08183788925794055,-0.036375873036512574,0.05582511341893848,0.9712802790774477,1.1789808825747894,1.1265500574598089,1.1495716254411639,1.1789808825747894,486298508.8050987,0.4893594571781053,28.382000160217284,27.20766674677531,27.14058337211609,False,True,True,True,True,False,accumulation,3,0,normal,False,False,surge,False,4.0,,0.010980218593862463,52.40738576433851,True,True,False,True,True,True,True,A,Uptrend Under Pressure,28.2,-0.0046,0.678941184847382,0.9464981965192371,0.2142013751515126,-0.1273832205164791,0.5882882801488922,0.6779661016949152,2026-11-05,False,스킵,점수 후순위 (후보 내 하위 24%) — 우선순위 미달,0,0,0.375,0.898
ELV,"Elevance Health, Inc.",Health Care,XLV,85129871360.0,2026-09-16,412.55999755859375,-0.011927027073843521,0.04397997167096368,0.04038885774192691,0.058877335057157865,-0.019047905893515016,False,0.05927098778491757,-0.004118418184995365,0.05254331455305672,-0.03036587149764647,0.9708654180858431,1.057593129197591,1.3190646174726834,1.098934908094909,1.057593129197591,428984258.21778566,0.08445379588764583,403.9460845947266,396.24908548990885,378.50145568847654,True,True,True,True,True,False,distribution,5,5,normal,False,False,acc,False,1.0,분산5일,0.026938254942465788,55.917019262570264,True,True,True,True,False,True,True,A,Uptrend Under Pressure,417.54,-0.0119,0.41016756764006107,0.9549750185957814,0.09231638914370865,0.14409270761756887,0.7051651548552635,0.6545550847457626,2026-10-21,False,스킵,점수 후순위 (후보 내 하위 22%) — 우선순위 미달,0,0,0.375,0.898
CHKP,Check Point Software Technologi,Information Technology,XLK,14182799360.0,2026-09-16,137.69000244140625,-0.0007256756629555605,0.01947286339666565,0.05663421856403672,0.07541138792244184,-0.01598327429446622,False,0.07581118741979997,-0.001007144777376956,0.0663428820781724,-0.03326737163884441,0.985823757761176,1.2884025478749457,1.472862339900381,0.9194691798620976,1.2884025478749457,139719030.9386444,0.836699610829577,133.9830009460449,132.13500010172527,131.63266690572104,True,True,True,False,True,False,distribution,2,5,normal,False,False,surge,False,2.0,분산5일,0.039890334866637144,56.309685512167306,True,True,True,True,False,True,True,A,Uptrend Under Pressure,138.5,-0.0058,0.39380661834158315,0.9290615743084026,-0.45733060597728525,-0.2875590286217721,0.053568718152578514,0.6494173728813559,2026-11-04,False,스킵,단기 이벤트성(3M 0.05) + 분산 매물,0,0,0.375,0.898
SCI,Service Corporation Internation,Consumer Discretionary,XLY,11126844416.0,2026-09-16,80.69000244140625,-0.006280720763585879,0.017053303413401277,-0.015918171644780377,0.0015696882303872783,0.025488443422052587,False,0.001942036024376037,0.04109574698282836,0.03927901462049799,0.10185903496894277,0.9403524957057663,1.203215726413593,1.29474138624282,0.8393039157985418,1.203215726413593,60818249.1084671,0.3701678883498215,81.9563980102539,80.67110888163249,79.387331199646,False,True,True,True,True,False,distribution,3,4,normal,False,False,surge,False,3.0,분산4일,0.02135813217771411,45.95573120723494,True,True,True,True,False,True,True,A,Uptrend Under Pressure,81.85,-0.0141,0.35712894344883583,0.8883820050871151,-0.1123140546929915,-0.0978402328292024,0.36747587727223446,0.6356461864406779,2026-10-29,False,스킵,점수 후순위 (후보 내 하위 19%) — 우선순위 미달,0,0,0.375,0.898
BAP,Credicorp Ltd.,Financials,XLF,29097650176.0,2026-09-16,381.1400146484375,0.022097132976195644,0.014992955544185005,0.034469688749529714,0.05285297806622835,-0.022083390891976973,False,0.05324439115348989,-0.007200101398687098,0.06979664989530354,-0.011675532512058662,0.9474731525037623,1.6292113368396348,1.1720361836739273,0.8485340358153742,1.6292113368396348,123966225.32242432,0.43105142964767923,376.53499908447264,383.66666615804036,355.8675422668457,True,False,True,True,False,False,accumulation,2,3,interest,True,False,surge,True,0.0,분산3일,0.024351784877562517,52.42077121480873,True,True,True,True,False,True,True,B,Uptrend Under Pressure,381.14,0.0,0.44027397670309626,0.9550887806277483,0.261651989277911,0.02249493736461261,0.7246431281847421,0.6319915254237287,2026-11-10,False,스킵,점수 후순위 (후보 내 하위 18%) — 우선순위 미달,0,0,0.375,0.898
WRB,W.R. Berkley Corporation,Financials,XLF,25080129536.0,2026-09-16,69.94999694824219,-0.0186588363332153,0.0005720681452987542,-0.003135260459512068,0.014579761175138595,-0.03044640049824987,False,0.014956945649008846,-0.01569039086895474,0.030907498167768832,-0.0201275487051934,0.9183405360348422,2.0412856863481363,1.476437779167985,1.3805234582111594,2.0412856863481363,160029557.2028702,0.12367159656434837,69.23950004577637,70.90016670227051,68.4519185702006,True,False,True,True,False,False,distribution,7,3,attention,False,True,acc,True,0.0,분산3일,0.019110594081259903,50.243840127168546,True,True,True,True,False,True,True,B,Uptrend Under Pressure,69.95,0.0,0.42048212820881675,0.9550887806277483,-0.16689641376099806,-0.11726680740704942,0.30337537494127426,0.6288135593220339,2026-10-20,False,스킵,점수 후순위 (후보 내 하위 16%) — 우선순위 미달,0,0,0.375,0.898
RBLX,Roblox Corporation,Communication Services,XLC,29496582144.0,2026-09-16,47.43000030517578,-0.05593155412841877,0.06536387730213167,0.2590921850449277,0.28146718178558094,-0.17067157359692164,False,0.2819435854585499,-0.1580497048811118,0.23101335248188026,-0.17829438711306067,0.8310846426984876,0.8805146165228206,0.942955785456142,2.035312383596948,0.8805146165228206,436318852.3199272,0.05968171066978097,42.223999977111816,45.59249979654948,47.806249936421715,True,True,False,False,False,False,dry_up,2,0,normal,False,False,surge,False,2.0,,0.04780698856762778,60.771913335107435,True,True,True,False,False,True,True,B,Uptrend Under Pressure,51.29,-0.0753,0.44556295438070426,0.9464981965192371,-0.7662061468952711,-0.43321180887598876,0.0044532181706479716,0.6222457627118645,2026-10-30,False,스킵,점수 후순위 (후보 내 하위 15%) — 우선순위 미달,0,0,0.375,0.898
OHI,"Omega Healthcare Investors, Inc",Real Estate,XLRE,14598272000.0,2026-09-16,46.90999984741211,-0.004667965536117147,-0.005933434783750968,0.010120612286857789,0.028071200556753606,-0.04980184399075405,False,0.02845340066533253,-0.03534041231021945,0.0530642971063755,0.004813535080083753,0.919346766953808,0.977966852683423,1.2776189377335714,1.0401965871341696,0.977966852683423,86233962.3590231,0.28235415554049625,46.77650051116943,47.77622528076172,46.48116420110067,True,False,True,True,False,False,dry_up,5,2,normal,False,False,acc,False,1.0,,0.020723569205354654,48.263103727387275,True,True,True,True,False,True,True,B,Uptrend Under Pressure,47.13,-0.0047,0.4859935711323304,0.9304499659860984,-0.021171956754900023,-0.12572827097304518,0.4172753062773301,0.6140889830508476,2026-10-30,False,스킵,점수 후순위 (후보 내 하위 13%) — 우선순위 미달,0,0,0.375,0.898
MTD,"Mettler-Toledo International, I",Health Care,XLV,28154171392.0,2026-09-16,1378.68994140625,0.036297291119981256,0.0684537315612912,-0.014989320254311433,0.002515045995115983,0.05519347213084558,False,0.0028877452393161196,0.07125286796366348,-0.0034818250746195822,0.043018929158735286,0.9541106860942906,1.8174820653345238,1.0822172275418989,0.8566501524390244,1.8174820653345238,266150475.7906494,0.6893017103504038,1362.7164916992188,1346.965506998698,1276.4875,True,True,True,True,True,False,accumulation,2,4,interest,True,False,surge,True,0.0,분산4일,0.026564042902521283,55.10676861600574,True,True,False,True,False,True,True,A,Uptrend Under Pressure,1378.69,0.0,0.3223895533823269,0.9549750185957814,-0.04841888890689905,0.014338052364458731,0.5069919771602038,0.6056673728813561,2026-11-06,False,스킵,점수 후순위 (후보 내 하위 12%) — 우선순위 미달,0,0,0.375,0.898
AIG,"American International Group, I",Financials,XLF,39928123392.0,2026-09-16,76.06999969482422,0.0011844739920296998,0.01386113464544425,-0.000656897660977207,0.017102166308458955,-0.069449615923867,False,0.01748028852235639,-0.05528721125121361,0.03347049662768753,-0.05954587104149234,0.9411109485537376,1.145116791074865,1.2817379554895663,1.8567174885740676,1.145116791074865,291846478.1498772,0.639998726222826,76.0854995727539,77.50266647338867,76.48668117523194,False,False,True,True,False,False,accumulation,6,2,normal,False,True,acc,True,0.0,,0.016664615646306603,47.80833031075304,True,True,True,True,False,True,True,B,Uptrend Under Pressure,76.07,0.0,0.46448126062702944,0.9550887806277483,-0.14753830236702892,-0.14011937522550966,0.30223428860539914,0.6003177966101696,2026-11-05,False,스킵,상관 클러스터 중복 — 대표: EG·RNR,0,0,0.375,0.898
CCI,Crown Castle Inc.,Real Estate,XLRE,33273180160.0,2026-09-16,73.22000122070312,-0.0004095396491040626,-0.011909480780243231,0.003439809297031138,0.021271674770536375,-0.04610118789365536,False,0.02165134705857863,-0.03158343450276724,0.046099470313404334,0.008726897057819372,0.9304189598506303,1.4434881116885347,1.3777878370862242,0.9594559276856728,1.4434881116885347,209063669.28850096,0.15584549410654977,74.35927772521973,75.40097338358561,80.61399421691894,False,False,False,False,False,False,distribution,4,5,normal,False,False,surge,False,1.0,분산5일,0.026672432109899804,44.49222484325747,True,True,True,True,False,True,True,B,Uptrend Under Pressure,73.25,-0.0004,0.48547076980331444,0.9304499659860984,-0.3024576971734293,-0.2603975815674957,0.10809873152397817,0.597563559322034,2026-10-22,False,스킵,점수 후순위 (후보 내 하위 9%) — 우선순위 미달,0,0,0.375,0.898
OTIS,Otis Worldwide Corporation,Industrials,XLI,27077009408.0,2026-09-16,69.25,0.010948905109489093,-0.0007215447266354369,-0.015636083837666903,0.001856788945879817,-0.059185957368126596,False,0.00222924347364839,-0.0448673461231307,0.07106682537262587,0.025668710286977703,0.92893002713185,1.6618588609111218,1.2294328189318409,0.7882806957331797,1.6618588609111218,257152553.78222352,0.7873199530692229,70.69849967956543,71.72499478658041,73.01851253509521,False,False,False,False,False,False,accumulation,4,4,interest,True,False,surge,True,0.0,분산4일,0.019387829973871035,43.51843627444709,True,True,True,True,False,True,True,B,Uptrend Under Pressure,69.25,0.0,0.35765042521670093,0.904562820667949,-0.3196592590707684,-0.26701577501425333,0.09724079361063931,0.5541313559322034,2026-10-28,False,스킵,단기 이벤트성(3M 0.10) + 분산 매물,0,0,0.375,0.898
BTI,British American Tobacco  Indus,Consumer Staples,XLP,119708966912.0,2026-09-16,56.09000015258789,-0.007607931735547524,0.032394593451443576,-0.0051436841084302465,0.01253564635671589,-0.08750848413757284,False,0.012912070901793804,-0.07362092433516954,0.02171851031818539,-0.06287524602226824,0.8880620691592054,0.644875115508833,1.3990903155214076,0.8662290760352831,0.644875115508833,301782534.5126074,0.14285818086698734,55.994500160217285,58.64821160634359,58.932010618845624,True,False,False,False,False,False,dry_up,3,3,normal,False,False,surge,False,2.0,분산3일,0.018337877246650758,47.28228123571491,True,True,True,False,False,True,True,B,Uptrend Under Pressure,57.29,-0.0209,0.4863408192291559,0.9374568435182988,-0.11018352546463228,-0.18241330926198907,0.2962975678508185,0.4966101694915255,,False,스킵,점수 후순위 (후보 내 하위 6%) — 우선순위 미달,0,0,0.375,0.898
ASND,Ascendis Pharma A/S,Health Care,XLV,17253539840.0,2026-09-16,247.69000244140625,0.0330316471110601,-0.050304801349648987,-0.00466145723792688,0.01302644275436271,-0.08001853322921082,False,0.013403049759990626,-0.06601698097937236,0.006966694332930512,-0.09063303587404647,0.8936070747758855,1.883781976551868,1.670302085229441,0.8040708024275118,1.883781976551868,171031215.60586548,0.8940094688871972,258.0242515563965,257.07775090535483,243.85870857238768,False,False,True,True,True,False,accumulation,2,3,interest,True,False,surge,True,0.0,분산3일,0.042679426541370635,43.305940803188946,True,True,True,False,False,True,True,B,Uptrend Under Pressure,247.69,0.0,0.2074402960428516,0.9549750185957814,0.0754118624676603,-0.0632122184019448,0.5504472191102598,0.4696504237288136,,False,스킵,점수 후순위 (후보 내 하위 4%) — 우선순위 미달,0,0,0.375,0.898
GOOGL,Alphabet Inc.,Communication Services,XLC,4150228680704.0,2026-09-16,342.8699951171875,-0.006116342402297192,0.036957512312940866,-0.0038640820530935205,0.013837987884314895,-0.07368012246814648,False,0.014214896593401471,-0.059582103503860284,-0.026078764966934953,-0.08219443773567381,0.907904145792651,0.7852479335827593,1.0418891885383557,0.8455643842468784,0.7852479335827593,8179379312.4861145,0.2873693855961365,341.15788116455076,347.3309595743815,351.4990559895833,True,False,False,True,False,False,dry_up,4,3,normal,False,False,surge,False,2.0,분산3일,0.02247515224907361,49.99335806361038,True,True,False,True,False,True,True,B,Uptrend Under Pressure,349.39,-0.0187,0.5583824286110087,0.9464981965192371,0.1588896014426726,-0.043995913765043304,0.6321853203715081,0.45577330508474584,2026-10-29,False,스킵,점수 후순위 (후보 내 하위 3%) — 우선순위 미달,0,0,0.375,0.898
ERIC,Ericsson,Information Technology,XLK,33001193472.0,2026-09-16,10.029999732971191,-0.000996038737035021,-0.002982175486494709,-0.005946523162470907,0.011718540260570842,-0.08080693844669506,False,0.01209466103482204,-0.06681738523949521,0.0031871302363257747,-0.09695241843614655,0.855802005498925,0.8101059513909844,1.0423987057693374,0.5574637962275709,0.8101059513909844,80973333.68304162,0.3636355754767282,10.105000066757203,10.267000071207683,11.172277879714965,False,False,False,False,False,False,dry_up,1,1,normal,False,False,surge,False,3.0,,0.017874955486255128,46.54296090715509,True,True,True,False,False,True,True,B,Uptrend Under Pressure,10.31,-0.0272,0.6736297883944303,0.9290615743084026,0.11976083942130988,-0.25175767070492516,0.44282371435799206,0.40556144067796607,2026-10-15,False,스킵,점수 후순위 (후보 내 하위 1%) — 우선순위 미달,0,0,0.375,0.898
TEAM,Atlassian Corporation,Information Technology,XLK,49151963136.0,2026-09-16,190.27999877929688,0.002476166833931037,0.07055245245063912,0.16736195570120782,0.18810683861305377,1.1346322850367985,True,0.1885485342489932,1.1671200758811557,0.1780880179732669,1.097137808321908,0.9773988388020329,0.6917570662186187,0.7147902519046274,2.026503452960489,0.6917570662186187,681545559.95755,0.8737226701275878,182.07324981689453,130.32450002034506,105.7066250483195,True,True,True,True,True,False,weak_rally,0,0,normal,False,False,,False,26.0,,0.051551139156660805,65.11797846214202,True,True,True,True,False,True,False,,Uptrend Under Pressure,151.87,0.2529,0.5889361079854961,0.9290615743084026,-0.22957816289072097,0.8253302900717303,0.511133497163095,0.9808792372881356,,False,,,0,0,0.375,0.898
SMTC,Semtech Corporation,Information Technology,XLK,12408576000.0,2026-09-16,167.5500030517578,0.11026438927737181,0.022020254706546227,0.23900028355644554,0.2610182323893617,0.31440870123165965,True,0.2614870338741988,0.33441319346620024,0.25038457968809613,0.2913213213641104,1.0,1.4250096723486974,0.8509244040046057,2.3383891527296803,1.4250096723486974,499064045.3075676,0.8295062265851579,141.89850082397462,137.4118334452311,130.75483379364013,True,True,False,True,True,False,accumulation,2,0,normal,False,False,,False,14.0,,0.0675704305606459,61.40987550010245,True,True,True,True,False,True,False,,Uptrend Under Pressure,140.8,0.19,0.33092154546243785,0.9290615743084026,1.0831516094827194,0.6813237291134446,0.9695692240974305,0.9773834745762713,,False,,,0,0,0.375,0.898
MPC,Marathon Petroleum Corporation,Energy,XLE,104837505024.0,2026-09-16,413.9200134277344,0.007496877415291037,0.03625077833423096,0.133375381595078,0.15351629801909805,0.5453148148272471,True,0.15394513412900124,0.568833556132113,0.127180165887953,0.32987583911621043,1.0,1.160954470181046,1.1530532666435132,3.906830499046408,1.160954470181046,941781054.662268,0.6730425804756945,380.9220001220703,327.0227376302083,285.3328423817953,True,True,True,True,True,False,accumulation,3,1,normal,False,False,,False,26.0,,0.030927290016631713,80.53931357789605,True,True,True,True,True,True,False,,Uptrend Under Pressure,319.45,0.2957,0.5453482115555818,0.971181533185436,0.7074296527187292,0.33108585675945434,0.9334384373531857,0.9773834745762712,,False,,,0,0,0.375,0.898
DINO,HF Sinclair Corporation,Energy,XLE,18064617472.0,2026-09-16,113.97000122070312,0.015322950741230468,0.05391161331569938,0.1909091416412685,0.21207247541391583,0.5378992716351905,True,0.21252308061660785,0.5613051529323119,0.184399436966308,0.32349412865151095,1.0,0.8847305844501656,1.0969932228468346,1.8753032531289475,0.8847305844501656,242999882.7031067,0.8546249964490221,102.73250007629395,89.34689407348633,77.42058375676473,True,True,True,True,True,False,weak_rally,4,1,normal,False,False,,False,11.0,,0.03704601808516209,78.07223066873739,True,True,True,True,True,True,False,,Uptrend Under Pressure,101.61,0.1216,0.3878045031266588,0.971181533185436,0.606922616041315,0.42240999006882074,0.9308391456759786,0.9772775423728813,,False,,,0,0,0.375,0.898
DOCU,"DocuSign, Inc.",Information Technology,XLK,12653898752.0,2026-09-16,70.4000015258789,-0.020180890452829225,0.09231970301588976,0.17313786860443048,0.1939853937484486,0.4780454597365993,True,0.1944292748209706,0.5005404028192895,0.1839170016495908,0.45208382622149146,0.9798191095471708,0.6984436161782452,0.8905279327111921,1.8365468444786786,0.6984436161782452,225288382.939637,0.15476314821458576,65.01450042724609,56.4480001449585,51.804791673024496,True,True,True,True,True,False,dry_up,3,1,normal,False,False,,False,7.0,,0.04383319289085973,65.02849558138894,True,True,True,True,True,True,False,,Uptrend Under Pressure,68.41,0.0291,0.3916502690762554,0.9290615743084026,-0.3795903543753304,0.08662043753753457,0.33992356618842834,0.9764830508474577,,False,,,0,0,0.375,0.898
TX,Ternium S.A. Ternium S.A.,Materials,XLB,10761586688.0,2026-09-16,56.97999954223633,-0.004716165201112177,-0.019445896682953046,0.06127772396497466,0.08013741183905743,0.32165890621632465,True,0.08053896830310525,0.3417737421127558,0.09120251360969411,0.36330218692527416,0.980554103317047,0.5518255345511242,0.7428674807811967,3.0888045146963616,0.5518255345511242,31066465.86580944,0.4848223282769995,56.251000022888185,50.458499908447266,47.25028797785441,True,True,True,True,True,False,dry_up,2,0,normal,False,False,,False,,,0.025522621228609692,59.74284538251428,False,True,True,True,False,True,False,,Uptrend Under Pressure,,,0.4246458383192912,0.938326855384374,0.36044189634141666,0.2690525480863304,0.8791162227602904,0.9547669491525425,,False,,,0,0,0.375,0.898
IQV,"IQVIA Holdings, Inc.",Health Care,XLV,42991874048.0,2026-09-16,268.82000732421875,-0.0031520230696446827,0.04607360818628248,0.11994337662515986,0.1398455964144203,0.2801220045195827,True,0.14026935024633058,0.29960467431222804,0.13302723781879622,0.2653522956792731,0.9896915255014245,1.2309916742806137,1.0514418067511402,1.5552773071830044,1.2309916742806137,355789713.0890442,0.0501002984490435,261.6320007324219,231.48783340454102,202.08066647847494,True,True,True,True,True,False,distribution,4,2,normal,False,False,,False,8.0,,0.02514427791452399,65.26728587035983,True,True,True,True,False,True,False,,Uptrend Under Pressure,271.62,-0.0103,0.5647379385681726,0.9549750185957814,0.09741029790020872,0.23686001040965587,0.746955296158433,0.9485169491525425,,False,,,0,0,0.375,0.898
DT,"Dynatrace, Inc.",Information Technology,XLK,15843594240.0,2026-09-16,55.189998626708984,0.0003625241694302783,0.09071146820163256,0.12038165869330886,0.14029166707816465,0.21316707397863888,True,0.14071558674319617,0.2316307308974228,0.1306760522881376,0.1918579871980186,1.0,1.1125517559484663,0.9947768958706996,2.638939226951892,1.1125517559484663,314064378.1474943,0.5999977805397727,51.79799938201904,47.382499885559085,42.93566649754842,True,True,True,True,True,False,accumulation,3,0,normal,False,False,,False,20.0,,0.032976998687196286,64.89330476090245,True,True,True,True,True,True,False,,Uptrend Under Pressure,49.26,0.1204,0.4080274998786526,0.9290615743084026,-0.171418645899847,0.03379217237372911,0.4192448773083734,0.9479343220338983,,False,,,0,0,0.375,0.898
ACN,Accenture plc,Information Technology,XLK,116122124288.0,2026-09-16,189.63999938964844,-0.019441544082201112,0.07872580260317719,0.09662873660785976,0.11611663804887451,0.33886748742268025,True,0.11653157030261152,0.35924422734393047,0.10670488142373236,0.31535049286423456,0.9725128173828125,0.7092086437958849,0.9147138637678234,1.361744482710831,0.7092086437958849,863617136.8539321,0.38221066465341275,186.0839988708496,162.41254170735678,169.91740538279217,True,True,True,False,False,False,dry_up,2,3,normal,False,False,,False,168.0,분산3일,0.03394777695863762,57.6636959840139,True,True,True,True,False,True,False,,Uptrend Under Pressure,282.71,-0.3292,0.3428806635694604,0.9290615743084026,-0.38300864253541833,-0.24588707736277593,0.08694933323696288,0.9403072033898304,,False,,,0,0,0.375,0.898
VOD,Vodafone Group Plc,Communication Services,XLC,37068484608.0,2026-09-16,17.459999084472656,-0.0124435077435332,0.019264444826235794,0.08245505225698002,0.10169107687362833,0.32668177482749416,True,0.1021006462195777,0.3468730556957462,0.05831537882372473,0.3144875132505309,0.9875564922564668,1.3220563476007743,0.9629376308869931,1.999903230749837,1.3220563476007743,47784040.27909241,0.4927492964910244,16.579499864578246,15.551666577657064,15.291580295562744,True,True,True,True,True,False,distribution,3,2,normal,False,False,,False,40.0,,0.0173866767680305,68.19437856379335,False,True,True,True,False,True,False,,Uptrend Under Pressure,15.27,0.1434,0.7736263817813254,0.9464981965192371,0.20777049612531218,-0.03382788767977751,0.6662462505872574,0.9401483050847459,,False,,,0,0,0.375,0.898
CNH,CNH Industrial N.V.,Industrials,XLI,19024517120.0,2026-09-16,13.520000457763672,-0.034285681588309136,-0.02733806987016174,0.34795621313128744,0.3719103891905087,0.2853619800741787,False,0.3724204164137448,0.30492439907283075,0.4666843818985982,0.4012923963874675,0.9388889455500959,0.5327550755035085,0.6524318255955686,4.232394707443918,0.5327550755035085,331098377.8110954,0.20915362907182283,12.661500024795533,11.321000003814698,10.942627175649006,True,True,True,True,True,False,dry_up,3,0,normal,False,False,,False,8.0,,0.04760777496866196,61.104158274082856,True,True,True,True,True,True,False,,Uptrend Under Pressure,13.84,-0.0231,0.26705403513304643,0.904562820667949,-0.19216809784802502,-0.1552008722825423,0.2505032344331611,0.9333156779661017,,False,,,0,0,0.375,0.898
BMNR,"BitMine Immersion Technologies,",Financials,XLF,15273691136.0,2026-09-16,22.809999465942383,-0.033474614523635204,-0.057827330502799534,0.2478117401060207,0.2699862750204953,0.5282577915452722,False,0.27045841050288577,0.551516935443739,0.2904242954465752,0.5445228702997051,0.8623818074857194,0.8542546934353583,0.9297780255368662,1.8470135313783689,0.8542546934353583,1177553573.8434746,0.4543547995722929,24.074499893188477,18.929833285013835,19.39366664091746,False,True,True,True,False,False,dry_up,2,2,normal,False,False,,False,8.0,,0.08265170634121936,50.38988723760264,True,True,True,False,False,True,False,,Uptrend Under Pressure,26.45,-0.1376,0.2745812879476619,0.9550887806277483,-0.7015637359126979,-0.30372754597094287,0.0231135484803585,0.9327330508474575,,False,,,0,0,0.375,0.898
MRNA,"Moderna, Inc.",Health Care,XLV,56028766208.0,2026-09-16,145.6199951171875,0.012867710855879233,0.07381457460204333,1.312897033588119,1.353998919695175,0.810149742697724,False,1.3548740523146034,0.8376991087641699,1.3399177065741328,0.7892647141124687,0.8350727780690659,0.2515545374745592,0.29431429775244594,1.5328933377712697,0.2515545374745592,5328638688.506076,0.5007468405995898,145.67100143432617,90.80966707865397,70.58629179000854,False,True,True,True,True,False,weak_rally,0,0,normal,False,False,,False,15.0,과열,0.06807046712427965,61.211220018086834,True,True,True,False,False,False,False,,Uptrend Under Pressure,158.83,-0.0832,0.23740609600795703,0.9549750185957814,1.2835923700360552,0.03216830905215606,0.8369583679664632,0.9296080508474576,,False,,,0,0,0.375,0.898
CRM,"Salesforce, Inc.",Information Technology,XLK,211955433472.0,2026-09-16,250.5399932861328,-0.019988268070996518,0.026130363402405044,0.2773528809308001,0.3000523837050715,0.46551129951647563,False,0.3005356966915078,0.48781548038756806,0.28908957191798246,0.43976982653290686,0.9474719215884144,0.5702049429165515,0.6649119866774181,1.4758724669425465,0.5702049429165515,3972063663.111455,0.13823365735878862,239.7484977722168,196.47516606648762,187.24437370300294,True,True,True,True,True,False,dry_up,0,1,normal,False,False,,False,12.0,,0.04981809702454301,62.378025916529474,True,True,True,True,False,True,False,,Uptrend Under Pressure,256.0,-0.0213,0.27005017927077535,0.9290615743084026,-0.3281992740733468,-0.15133637701976765,0.1715767409923747,0.921239406779661,,False,,,0,0,0.375,0.898
PSX,Phillips 66,Energy,XLE,98862555136.0,2026-09-16,264.6300048828125,-0.0011323285443783915,0.014763425575340827,0.08682080953109983,0.10613441687436587,0.475049042751706,True,0.10654563809523387,0.49749838221031073,0.08088006874973441,0.26940612012852694,0.9988676714556216,0.9826953252444595,1.0747953415067606,1.1853907430768087,0.9826953252444595,682420915.7359893,0.664775742844616,250.95149993896484,216.8222223917643,194.14106623331705,True,True,True,True,True,False,dry_up,2,2,normal,False,False,,False,11.0,,0.027943338073823407,74.80114945870577,True,True,True,True,False,True,False,,Uptrend Under Pressure,246.58,0.0732,0.5018072883188377,0.971181533185436,0.5888213351341083,0.21149081514611634,0.8971323768566368,0.918697033898305,,False,,,0,0,0.375,0.898
MSTR,Strategy Inc,Information Technology,XLK,52814626816.0,2026-09-16,126.18000030517578,-0.02638893238637796,-0.04913335940474395,0.3638132823541549,0.38804925022845693,0.28511804179327505,False,0.3885652773031021,0.30467674820128354,0.37634439673778664,0.26254514770202286,0.8712884541062599,0.7581396851067794,0.6772110678110993,1.7564566191111786,0.7581396851067794,3662949325.643701,0.402101351591237,128.1675006866455,106.33100001017253,127.83174997965494,False,True,True,False,False,False,dry_up,1,0,normal,False,False,,False,8.0,,0.07637699726238915,52.34705523181141,True,True,True,False,False,True,False,,Uptrend Under Pressure,144.82,-0.1287,0.23344022092927608,0.9290615743084026,-0.7479001796697078,-0.43869990226092936,0.0042454193921434,0.9186440677966102,,False,,,0,0,0.375,0.898
GEN,Gen Digital Inc.,Information Technology,XLK,18556196864.0,2026-09-16,30.649999618530273,-0.018571883836298042,0.029905893239365655,0.10890015540337261,0.12860612900686608,0.13989089490250972,True,0.12902570440671712,0.1572393334315103,0.11908905359580002,0.11986889255764188,0.9758038767088866,1.1998017930295009,1.0175476510437034,1.663314316953475,1.1998017930295009,174592747.29633301,0.18840495579918068,30.048499965667723,27.75833028157552,24.75743095080058,True,True,True,True,True,False,distribution,3,1,normal,False,False,,False,7.0,,0.027872289054595056,57.59120930053282,True,True,True,True,True,True,False,,Uptrend Under Pressure,30.65,0.0,0.3507096053547388,0.9290615743084026,-0.17763691914633384,0.13709958975201397,0.4770554009612952,0.9135593220338983,,False,,,0,0,0.375,0.898
WPM,Wheaton Precious Metals Corp,Materials,XLB,68500946944.0,2026-09-16,146.72999572753906,-0.02193046561275036,-0.06398315342413141,0.10719167625010306,0.12686728891899635,0.30207353572479945,False,0.12728621788028383,0.32189029432492156,0.13841109908353877,0.34309971388381655,0.8962252298650997,0.6241303082858907,0.5929046202106881,1.794711516903223,0.6241303082858907,357651190.22609025,0.29048128627927594,153.40924911499025,128.40358085632323,129.7551965077718,False,True,True,True,False,False,dry_up,1,0,normal,False,False,,False,19.0,,0.04081842441600044,50.92792428526009,True,True,True,False,False,True,False,,Uptrend Under Pressure,147.23,-0.0034,0.29925307624150027,0.938326855384374,0.07637886760303236,-0.13744576579724588,0.4919807740956236,0.9090572033898305,,False,,,0,0,0.375,0.898
WF,Woori Financial Group Inc.,Financials,XLF,17749510144.0,2026-09-16,78.26000213623047,-0.015349788238234852,0.053297428288315185,0.10881269631529866,0.12851711570629387,0.25164517763541516,False,0.12893665801418308,0.27069444763259765,0.14667845832522386,0.264966298914477,0.9684445551367041,1.3196402201637805,1.304783639862174,1.5881058544212172,1.3196402201637805,6658732.25528717,0.38461663862696766,74.04500045776368,67.85733400980631,66.74550024668376,True,True,True,True,True,False,distribution,3,2,normal,False,False,,False,,,0.02997334474961759,62.12322183241901,False,True,True,True,False,True,False,,Uptrend Under Pressure,,,0.3044200733237918,0.9550887806277483,0.05866600849886816,-0.0780133109308283,0.525773372845217,0.8955508474576273,,False,,,0,0,0.375,0.898
PBR-A,Petroleo Brasileiro S.A. Petrob,Energy,XLE,119129341952.0,2026-09-16,18.889999389648438,-0.034747077965240014,-0.005265949587941354,0.1915994393209286,0.21277504019245552,0.2903585637247237,False,0.2132259065836084,0.3099970276542583,0.1850859613656437,0.1104641340580439,0.96525292203476,1.0353694840354295,0.8783253321269638,1.5182558588149777,1.0353694840354295,139654784.88204002,0.1004189776944256,17.794536113739014,16.175204372406007,16.714340742429098,True,True,True,True,False,False,distribution,3,2,normal,False,False,,False,132.0,,0.03118809014144643,63.97757892472679,True,True,True,True,False,True,False,,Uptrend Under Pressure,15.92,0.1864,0.28628741451689904,0.971181533185436,0.18316774131868385,-0.1943855164840832,0.5157574717212967,0.893802966101695,,False,,,0,0,0.375,0.898
FNV,Franco-Nevada Corporation,Materials,XLB,50754740224.0,2026-09-16,259.4100036621094,-0.013987581158559026,-0.02105734849580665,0.11538772673512643,0.1352089892659336,0.22927485249260782,False,0.13563101937311095,0.24798365989608984,0.14683825315355525,0.2680072648495546,0.9561053099133837,0.7609335547792276,0.7793543339821281,1.5450942713199918,0.7609335547792276,221827746.23555145,0.30265867307730204,263.5227676391602,231.6692741394043,233.1632448832194,False,True,True,True,False,False,dry_up,1,0,normal,False,False,,False,5.0,,0.03144168919197493,54.28299631173848,True,True,True,True,False,True,False,,Uptrend Under Pressure,264.99,-0.0211,0.30829101561689426,0.938326855384374,-0.006617498059823923,-0.18999588351468866,0.3720257670485345,0.8923728813559322,,False,,,0,0,0.375,0.898
VRSN,"VeriSign, Inc.",Information Technology,XLK,26060511232.0,2026-09-16,298.4599914550781,0.004036808349697774,0.04014772745401474,0.08165114114930483,0.10087287967266478,0.11259971722973772,True,0.10128214484215348,0.1295328008152452,0.0915896674478105,0.09305708008183933,0.9995310962974697,0.9812106425345822,0.8866745572790746,1.6953939381383496,0.9812106425345822,188166605.9492325,0.5286716092380843,289.6489990234375,278.5671796162923,277.92995262145996,True,True,True,True,True,False,weak_rally,3,1,normal,False,False,,False,37.0,,0.025002147618274902,60.22919719437816,True,True,True,True,True,True,False,,Uptrend Under Pressure,279.18,0.0691,0.46431507290486856,0.9290615743084026,-0.19103070095759367,-0.024658877400019596,0.36661306060496546,0.891896186440678,,False,,,0,0,0.375,0.898
VEEV,Veeva Systems Inc.,Health Care,XLV,46255738880.0,2026-09-16,264.8999938964844,-0.006451133644148177,0.015720883034589406,0.09124611285884399,0.11063836110601732,0.3659528911018688,False,0.11105125673228988,0.38674185421295504,0.10399471512458058,0.3501928882115781,0.9272287851613364,0.6329089139605815,0.6300503329304004,1.3241671266303834,0.6329089139605815,473156121.99377596,0.451373567916858,264.9860008239746,222.09283396402995,193.72775065104167,False,True,True,True,True,False,dry_up,0,0,normal,False,False,,False,13.0,,0.045297415225423,57.80584206098973,True,True,True,True,False,True,False,,Uptrend Under Pressure,282.13,-0.0611,0.28874638119860335,0.9549750185957814,-0.27016310640650865,0.10241030921951455,0.39529290593039645,0.8875,,False,,,0,0,0.375,0.898
CTSH,Cognizant Technology Solutions ,Information Technology,XLK,29089689600.0,2026-09-16,61.849998474121094,-0.02259798250254752,0.06271473648340375,0.07043959468345529,0.08946209575731756,0.4039504531504059,False,0.08986711880539566,0.42531771579208666,0.08027510602162957,0.379290286646085,0.956837856716098,0.9066550656587871,0.9765609021904623,1.4374925162958991,0.9066550656587871,355537540.76568145,0.15272797187111284,62.14299983978272,52.65304018656413,53.289553292592366,False,True,True,True,False,False,dry_up,1,2,normal,False,False,,False,30.0,,0.034057044435395804,55.32210347900948,True,True,True,True,False,True,False,,Uptrend Under Pressure,55.8,0.1084,0.3563252364962773,0.9290615743084026,-0.29018233183237696,-0.19715208214838142,0.1496729427920928,0.8871292372881356,,False,,,0,0,0.375,0.898
BBY,"Best Buy Co., Inc.",Consumer Discretionary,XLY,16892985344.0,2026-09-16,92.44999694824219,-0.00847276848591949,0.05021013552467313,0.059356027322447824,0.07818156522989295,0.1645412418041976,True,0.07858239458011251,0.18226484345613803,0.1187753462007306,0.25126742978595096,0.9749024060228046,0.9302014902828427,0.8488696260729828,1.0974671438985546,0.9302014902828427,375819718.1392456,0.5270917817022892,87.56749992370605,84.45916659037272,74.41548728942871,True,True,True,True,True,False,dry_up,2,0,normal,False,False,,False,9.0,,0.04057021895013162,60.28087623970844,True,True,True,True,False,True,False,,Uptrend Under Pressure,87.0,0.0626,0.27466576212955407,0.8883820050871151,0.02364589435232478,0.21211216294431767,0.6730358498066569,0.8855402542372882,,False,,,0,0,0.375,0.898
TEM,"Tempus AI, Inc.",Health Care,XLV,11376410624.0,2026-09-16,69.97000122070312,0.016267287892577142,0.1418081366597892,0.41754457770467135,0.44273539032554443,0.1546297436954196,False,0.44327174775150335,0.17220249844048552,0.4341051975338355,0.14130793134274278,0.9625808071351263,0.8879400940968126,0.6983333466840309,1.5413677081187893,0.8879400940968126,557655975.5031021,0.5065200913560792,64.97950077056885,56.404166793823244,52.83845825195313,True,True,True,True,True,False,weak_rally,0,0,normal,False,False,,False,17.0,,0.061803951527526914,63.18622209142301,True,True,True,True,False,True,False,,Uptrend Under Pressure,72.69,-0.0374,0.28475862794181855,0.9549750185957814,-0.48682415685056923,-0.12285511798384763,0.15925246648115357,0.8845868644067796,,False,,,0,0,0.375,0.898
NOW,"ServiceNow, Inc.",Information Technology,XLK,153001246720.0,2026-09-16,139.82000732421875,-0.014658116009384492,0.06643281727800932,0.1701398428647345,0.1909340908802386,0.2520943965906184,False,0.19137683758746848,0.2711505034240853,0.18089142917460843,0.23010155757712902,0.9447935815549199,0.6062782442029754,0.8232493500144167,1.2947990037416424,0.6062782442029754,2217175382.527008,0.44879790788633095,135.84850006103517,118.05566673278808,108.81350034077963,True,True,True,True,True,False,dry_up,1,0,normal,False,False,,False,12.0,,0.05227127298710245,57.66653439146994,True,True,True,True,False,True,False,,Uptrend Under Pressure,144.71,-0.0338,0.3043528985614727,0.9290615743084026,-0.47450750513437856,-0.12919319028356113,0.15099382024502186,0.8825211864406779,,False,,,0,0,0.375,0.898
HALO,"Halozyme Therapeutics, Inc.",Health Care,XLV,12086402048.0,2026-09-16,108.44000244140625,0.020611787683823435,0.00977747516272931,0.03384500974749893,0.05221719805761493,0.3182328275033073,True,0.052608374784604894,0.3382955205883391,0.0459230173375178,0.30302340607533296,0.9790538131990039,1.137845800898949,0.8013422066831665,1.2622981061350342,1.137845800898949,161459889.77801818,0.7118654713324848,107.82750015258789,91.65416679382324,79.45566698710124,True,True,True,True,True,False,accumulation,1,0,normal,False,False,,False,27.0,,0.023666811881254992,62.90871558834259,True,True,True,True,False,True,False,,Uptrend Under Pressure,103.12,0.0516,0.8573215620191693,0.9549750185957814,0.14157525762816636,0.36567328292460055,0.795039933504391,0.8820974576271188,,False,,,0,0,0.375,0.898
SUZ,Suzano S.A.,Materials,XLB,10739209216.0,2026-09-16,9.100000381469727,-0.014084416816244394,-0.018338734401201595,0.14754105655210648,0.16793370746765723,0.12652788564793482,False,0.16836790345482733,0.14367294739267256,0.1798982086439318,0.16202291144305292,0.9650053114499976,0.5723430167609492,0.7898634514603511,2.3339254866602204,0.5723430167609492,32050818.139550686,0.19148996611407584,9.018999910354614,8.422166617711385,8.620848766962688,True,True,True,False,False,False,dry_up,1,0,normal,False,False,,False,,,0.023744101554542967,57.346997869986446,False,True,True,True,False,True,False,,Uptrend Under Pressure,,,0.3034089408788786,0.938326855384374,-0.29850159974559165,-0.3292162308690749,0.09200516786527412,0.8809851694915254,,False,,,0,0,0.375,0.898
DE,Deere & Company,Industrials,XLI,176580362240.0,2026-09-16,669.469970703125,-0.02129993537254382,-0.011429321803279158,0.13716198535537694,0.15737019252093365,0.09978489434685711,False,0.15780046137099757,0.11652294420761278,0.23732336952928046,0.19897759074926613,0.9586178893478764,0.5937675524600474,0.8259712797022559,1.736140588777863,0.5937675524600474,940548944.3308471,0.210792968450142,658.9879943847657,625.0463419596355,599.0787109375,True,True,True,True,True,False,dry_up,2,1,normal,False,False,,False,9.0,,0.026004845365545676,56.33850563280269,True,True,True,True,False,True,False,,Uptrend Under Pressure,698.37,-0.0414,0.2937779359519703,0.904562820667949,0.09543748707635014,-0.0928732317372245,0.539727512558274,0.8691737288135593,,False,,,0,0,0.375,0.898
EL,"Estee Lauder Companies, Inc. (T",Consumer Staples,XLP,37011992576.0,2026-09-16,95.5999984741211,-0.006753262606534083,-0.03209474816933533,0.13830230526855591,0.15853077675998462,0.12645903371164424,False,0.15896147707376596,0.14360304757224718,0.16903769625110798,0.15686844916613074,0.9031610137789813,0.5378354841934758,0.5670344949229115,1.6052549390051,0.5378354841934758,388666676.42785186,0.5144754415358004,100.46274909973144,89.05699424743652,84.26169306437174,False,True,True,True,True,False,dry_up,1,0,normal,False,False,,False,17.0,,0.03316865422994725,48.48989386624612,True,True,True,True,False,True,False,,Uptrend Under Pressure,101.59,-0.059,0.24944018687423464,0.9374568435182988,-0.1748242284603626,-0.17766351251237045,0.24040692421668897,0.8684851694915254,,False,,,0,0,0.375,0.898
SHG,Shinhan Financial Group Co Ltd,Financials,XLF,37278330880.0,2026-09-16,81.55000305175781,-0.013070243707595908,-0.001958096126637332,0.08936684994471089,0.10872570230389611,0.1335063657072928,False,0.10913788687202253,0.150757635627635,0.12656853966073345,0.14557014866909124,0.9654315363235766,1.0437081921283917,0.8551622776944855,1.9239882202845167,1.0437081921283917,12185510.394721985,0.28679824581714447,79.62350006103516,73.45883318583171,69.51591660181681,True,True,True,True,True,False,distribution,2,2,normal,False,False,,False,,,0.027139346432021597,57.675338784375704,False,True,True,True,False,True,False,,Uptrend Under Pressure,,,0.33334978094730094,0.9550887806277483,0.2873756361945463,0.071261284629478,0.7687841061038632,0.8682733050847458,,False,,,0,0,0.375,0.898
PAYP,PayPay Corporation - American D,Information Technology,XLK,10245175296.0,2026-09-16,17.649999618530273,-0.009539847317916683,0.003981780155176695,0.17509980563330707,0.19598219584530674,0.1055970012792673,False,0.19642681925744276,0.12242350783380984,0.18589696552836,0.08617736572372103,0.9448607778469833,0.49182384903773807,1.0974799937359236,2.8329476857357094,0.49182384903773807,13615663.501183892,0.564101686294456,16.382999992370607,15.584000047047933,17.31100006898244,True,True,True,False,False,False,dry_up,6,0,normal,False,True,acc,False,,,0.04520437584534874,60.1141337889414,False,True,True,True,True,True,False,,Uptrend Under Pressure,,,0.3386314628218831,0.9290615743084026,,-0.34676921720481946,,0.8666843220338982,,False,,,0,0,0.375,0.898
WAT,Waters Corporation,Health Care,XLV,40710803456.0,2026-09-16,418.6400146484375,0.0037162682494336075,0.03416421820916593,0.04333960036993778,0.06188051455791577,0.10719373089825246,True,0.06227528376042035,0.12404453869580578,0.0555285295550898,0.09441922270493386,0.9937805748078362,1.086383218423639,1.0162988891591627,1.822460851559467,1.086383218423639,269204216.37714845,0.307562587831156,411.2795043945313,392.5328358968099,363.8402514139811,True,True,True,True,True,False,accumulation,4,0,normal,False,False,,False,30.0,,0.02721821967081989,59.89767420130048,True,True,True,True,True,True,False,,Uptrend Under Pressure,396.08,0.057,0.4078250831248578,0.9549750185957814,0.1534973661055501,0.18558349453617407,0.7679700769758953,0.863718220338983,,False,,,0,0,0.375,0.898
CF,"CF Industries Holdings, Inc.",Materials,XLB,19678496768.0,2026-09-16,131.99000549316406,-0.026191441410761462,-0.044312468975029384,0.10248917597186846,0.12208122174260416,0.14455012969169245,False,0.12249837141526498,0.1619694789093331,0.1335760026634527,0.18061300651417445,0.9477274462844516,0.6131663931349127,0.8981723003759289,1.4022278159658352,0.6131663931349127,353270713.02915955,0.18725643488130292,131.17350158691406,121.45339647928874,120.3830425898234,True,True,True,True,True,False,dry_up,3,2,normal,False,False,,False,9.0,,0.04416458319154439,53.89412855053667,True,True,True,True,False,True,False,,Uptrend Under Pressure,139.27,-0.0523,0.3378322803442871,0.938326855384374,0.19159034307179423,-0.16740129019983763,0.5426764482671389,0.8612817796610168,,False,,,0,0,0.375,0.898
A,"Agilent Technologies, Inc.",Health Care,XLV,43298672640.0,2026-09-16,153.69000244140625,0.022759020907089145,0.061761674897452545,0.03536782480229572,0.053767074659050174,0.16210000942403147,True,0.05415882757473667,0.1797864570202008,0.04746362284602523,0.14869200712275465,0.9666037889396619,1.0112984123439688,0.7366545409861318,1.3311120042116742,1.0112984123439688,378210376.81038207,0.657614004345278,151.68249969482423,142.356964747111,131.13138065338134,True,True,True,True,True,False,accumulation,2,0,normal,False,False,,False,9.0,,0.030374227316651573,59.09787852064057,True,True,True,True,False,True,False,,Uptrend Under Pressure,151.39,0.0152,0.29081962652365606,0.9549750185957814,0.007675088193556112,0.14177014353702533,0.6358823316829894,0.8608050847457627,,False,,,0,0,0.375,0.898
AEM,Agnico Eagle Mines Limited,Materials,XLB,102847766528.0,2026-09-16,195.57000732421875,-0.0067546298298253316,-0.03455595471641715,0.04848760110718486,0.06711999906504484,0.2928642824499792,False,0.06751671612052546,0.31254088187780593,0.0780517483607499,0.33360029230805277,0.8745895864898792,0.5864394646763154,0.5933638174228758,1.2784664009581006,0.5864394646763154,620540712.2372742,0.3008393925919765,205.29317626953124,172.201304880778,180.08527717590331,False,True,True,True,False,False,dry_up,0,0,normal,False,False,,False,17.0,,0.03839984207243314,51.10990860341828,True,True,True,False,False,True,False,,Uptrend Under Pressure,215.58,-0.0928,0.31890965513817154,0.938326855384374,0.04548575487083095,-0.21974842225473779,0.39816594991145965,0.859904661016949,,False,,,0,0,0.375,0.898
NTNX,"Nutanix, Inc.",Information Technology,XLK,18535876608.0,2026-09-16,68.69999694824219,0.010442699026043112,0.026292118951989796,0.043597068773490566,0.06214255836488913,0.267157317327664,True,0.06253742498591075,0.2864426725529219,0.05318594315125713,0.2448999005061876,0.983676983828392,1.2116165051365875,0.7838404150323999,0.9828484220267066,1.2116165051365875,186687026.69265443,0.7346929242727154,67.26499977111817,60.30574989318848,52.32354164123535,True,True,True,True,True,False,accumulation,1,0,normal,False,False,,False,13.0,,0.037036793482577136,61.642057472890954,True,True,True,True,False,True,False,,Uptrend Under Pressure,69.84,-0.0163,0.36152845451768206,0.9290615743084026,-0.2897663950182723,0.3597387932283347,0.45751599147121536,0.8578389830508475,,False,,,0,0,0.375,0.898
CRCL,"Circle Internet Group, Inc.",Financials,XLF,26046367744.0,2026-09-16,80.44999694824219,-0.06778685859381861,-0.13485322296596314,0.12156689227961248,0.1414979631394364,0.22446018007377222,False,0.14192233126220666,0.24309571112346573,0.15986820787818057,0.23749197442859038,0.7793276599059478,1.5067156724833817,0.9953199817814952,1.0788612984059651,1.5067156724833817,1528009413.1793861,0.2855274230545039,90.72350044250489,74.56250019073487,87.14416666030884,False,True,True,False,False,False,distribution,2,2,interest,False,False,,False,8.0,,0.09314925458990435,45.43403090459205,True,True,True,False,False,True,False,,Uptrend Under Pressure,103.23,-0.2207,0.2386528804647011,0.9550887806277483,-0.529265148507004,-0.5131686101779369,0.01513588233168299,0.8554025423728814,,False,,,0,0,0.375,0.898
NET,"Cloudflare, Inc.",Information Technology,XLK,108643475456.0,2026-09-16,324.6499938964844,-0.007884414641759596,0.033324850292130614,0.07728301591783016,0.09642712963422384,0.19748685064657234,True,0.09683474203282816,0.21571186420763322,0.08718140660713924,0.17645318449587943,0.9813197324105585,0.7684940955335458,1.0509710357728559,0.8792627269911115,0.7684940955335458,913706615.7394943,0.26155848758280403,297.0015014648437,281.41466623942057,248.8470832824707,True,True,True,True,True,False,dry_up,2,2,normal,False,False,,False,5.0,,0.05242629421599393,59.87521975696337,True,True,True,True,False,True,False,,Uptrend Under Pressure,314.18,0.0333,0.2457403391291448,0.9290615743084026,0.14917848413812984,0.2534059075849955,0.7882927975136425,0.8529131355932204,,False,,,0,0,0.375,0.898
RGLD,"Royal Gold, Inc.",Materials,XLB,22153793536.0,2026-09-16,245.50999450683594,-0.02249565644565965,-0.06486635744575298,0.06544287770851298,0.0843765834365251,0.2382166414384166,False,0.08477971587298017,0.2570615373715637,0.09548511196438247,0.2772307947387789,0.9128123226752897,1.202268324140054,1.0117797275135378,1.1349802304134164,1.202268324140054,167963427.3994507,0.3479643076881847,258.2525009155273,223.44703852335613,229.35450350443523,False,True,True,True,False,False,distribution,1,2,normal,False,False,,False,164.0,,0.033229630472389415,48.23599461290277,True,True,True,True,False,True,False,,Uptrend Under Pressure,278.37,-0.118,0.33167445297347514,0.938326855384374,0.033129784617698776,-0.19790167271338888,0.400635141483864,0.8503177966101694,,False,,,0,0,0.375,0.898
IAG,Iamgold Corporation,Materials,XLB,11676950528.0,2026-09-16,19.479999542236328,-0.008146631995133324,-0.05160668578596317,0.07091803025312782,0.08994903347992156,0.21638625950342028,False,0.09035423755403205,0.23489891044649225,0.10111464708433138,0.254712573665691,0.8786648387550529,1.238287395564352,0.9319938283542273,1.1486917469446827,1.238287395564352,99790183.85960102,0.33499908447265625,20.513500213623047,17.36233336130778,17.50916670958201,False,True,True,True,False,False,distribution,0,2,normal,False,False,,False,19.0,,0.04348780862058378,50.0937433511659,True,True,True,False,False,True,False,,Uptrend Under Pressure,19.72,-0.0122,0.3991305957092874,0.938326855384374,0.41244621596628495,-0.15202335778761034,0.6340582197968992,0.8485169491525424,,False,,,0,0,0.375,0.898
GMAB,Genmab A/S,Health Care,XLV,20380878848.0,2026-09-16,34.400001525878906,0.007320643889592526,0.041162244935423864,0.04368939567369812,0.06223652598220686,0.16897772109034714,True,0.06263142753702788,0.18676884322913878,0.05588241138080852,0.15549036557239226,0.9997094355833321,1.2943572264834164,0.878430881807618,1.0621552314181064,1.2943572264834164,74897154.47455025,0.603450317013496,33.52875022888183,30.522666772206623,28.550500043233235,True,True,True,True,True,False,accumulation,2,0,normal,False,False,,False,18.0,,0.022508297045393533,62.80875493114762,True,True,True,True,False,True,False,,Uptrend Under Pressure,33.41,0.0296,0.2688015359458743,0.9549750185957814,-0.007426100264174784,0.07584172284709334,0.581131870911785,0.848040254237288,,False,,,0,0,0.375,0.898
UHS,"Universal Health Services, Inc.",Health Care,XLV,10038657024.0,2026-09-16,181.2100067138672,0.024653663895264577,0.03089093168892343,0.04814283038781131,0.0667691015157108,0.11557515770035276,True,0.06716568812003065,0.13255352566029677,0.060387873833868566,0.10270394682315209,1.0,1.3439793735418102,1.0718392108110857,1.2498170975537668,1.3439793735418102,112360834.3790184,0.8564108182068176,173.48344879150392,163.62311121622722,164.36999435424804,True,True,True,False,False,False,accumulation,4,2,normal,False,False,,False,29.0,,0.03171467594386863,64.68402766067689,True,True,True,True,False,True,False,,Uptrend Under Pressure,171.46,0.0569,0.43376949024848294,0.9549750185957814,-0.2366074055653703,-0.23774730789398058,0.15580029633912762,0.8476165254237289,,False,,,0,0,0.375,0.898
RGEN,Repligen Corporation,Health Care,XLV,10213718016.0,2026-09-16,172.91000366210938,-0.010416025353011782,0.0476219355651073,0.04068618726424189,0.059179948344372235,0.22617602757661448,False,0.05957371357293084,0.24483767277026813,0.05284411766009023,0.21202873313879222,0.9498983948890475,0.8076132362978687,0.8073405480789033,1.6395124630402371,0.8076132362978687,178460009.95656586,0.18142236730499642,173.99599990844726,156.1800001780192,138.42858320871989,False,True,True,True,True,False,dry_up,0,2,normal,False,False,,False,19.0,,0.039942331846287336,56.28386190962072,True,True,True,True,False,True,False,,Uptrend Under Pressure,176.36,-0.0196,0.3988000238073793,0.9549750185957814,0.25729980005805375,0.22390837944921094,0.8278007661450617,0.8467690677966102,,False,,,0,0,0.375,0.898
APA,APA Corporation,Energy,XLE,15117668352.0,2026-09-16,44.790000915527344,-0.05526258047494548,-0.0011150588066548561,0.05711593213710109,0.07590166190097558,0.31547075415173964,False,0.07630164366466663,0.3354914101786932,0.0513375630871129,0.132075326156728,0.9447374195250545,1.6900348225312884,1.2283375774484904,1.380809809892913,1.6900348225312884,238060008.6092186,0.2469636878065656,43.7814998626709,38.37947276433309,38.20040516853332,True,True,True,True,True,False,distribution,2,2,interest,False,False,,False,26.0,,0.03632827760940776,58.06089547229083,True,True,True,True,False,True,False,,Uptrend Under Pressure,41.02,0.0919,0.3537700655764389,0.971181533185436,0.5889520888884714,0.014815321546030491,0.7901449170611832,0.8460805084745762,,False,,,0,0,0.375,0.898
MANH,"Manhattan Associates, Inc.",Information Technology,XLK,13013087232.0,2026-09-16,212.02999877929688,0.011497012299623854,0.02877240417354887,0.06880730698916815,0.08780080110684918,0.3292487658836605,False,0.08820520654498432,0.3494791147774068,0.07862782039172433,0.30590072263982737,0.9475777796947492,1.359350100006323,1.056716927628573,1.019917596293998,1.359350100006323,148984848.63240814,0.869892718557407,213.3655014038086,182.74850044250488,160.21933371225992,False,True,True,True,True,False,accumulation,2,0,normal,False,False,,False,28.0,,0.03512811858012259,56.59475752707596,True,True,True,True,False,True,False,,Uptrend Under Pressure,190.63,0.1123,0.6059425389589693,0.9290615743084026,-0.21398542057978287,0.20653470273618102,0.4719833038198836,0.8449152542372882,,False,,,0,0,0.375,0.898
BE,Bloom Energy Corporation,Industrials,XLI,60760993792.0,2026-09-16,270.0199890136719,0.041141247962406036,0.002748032671306966,0.291899890485096,0.31485790434793537,-0.0067526629888085,True,0.3153467214975021,0.008363950756672622,0.4056906106388858,0.0828311111283686,0.9740278039992536,1.016588502015262,0.9833230853411211,1.5794703273038775,1.016588502015262,3094369071.690651,0.6140582737015099,233.58149948120118,235.80700047810873,239.73175055185953,True,True,False,True,False,False,accumulation,5,1,normal,False,False,,False,6.0,,0.06323685514289282,61.00529600686738,True,True,True,True,True,True,False,,Uptrend Under Pressure,277.22,-0.026,0.5374754810238475,0.904562820667949,1.9305261133736704,0.2526287162711216,0.9541803693397419,0.8441207627118644,,False,,,0,0,0.375,0.898
EXPD,Expeditors International of Was,Industrials,XLI,24652720128.0,2026-09-16,189.0399932861328,-0.02506447015643609,0.003876563841555658,0.016617350839487788,0.0346833909449733,0.13099167665993705,False,0.03506804922948703,0.14820467455920028,0.10616114701507673,0.23299900063141799,0.9749355298435639,1.2201926839816295,1.1820924684435927,1.9797942471014445,1.2201926839816295,149538676.09968185,0.1318893557969861,189.07900009155273,178.8486666361491,165.70132789611816,False,True,True,True,True,False,distribution,5,2,normal,False,False,,False,30.0,,0.01789493438696255,54.55697046150112,True,True,True,True,False,True,False,,Uptrend Under Pressure,181.48,0.0417,0.5837759408034746,0.904562820667949,0.2960053752124061,0.14151698930601042,0.8139234216327563,0.8399894067796609,,False,,,0,0,0.375,0.898
NEM,Newmont Corporation,Materials,XLB,132828446720.0,2026-09-16,121.76000213623047,-0.019566794890130357,-0.05399739115146773,0.05202156181427853,0.070716760860289,0.2727497692667933,False,0.07111481506318507,0.29212023817190125,0.08168535596364146,0.31285200416608494,0.9028671427021329,0.7918777332278047,0.7683502685789128,1.0540408367920342,0.7918777332278047,1023467890.2090782,0.29332200773379075,127.51731986999512,108.52301432291667,109.01550661722818,False,True,True,True,False,False,dry_up,0,1,normal,False,False,,False,154.0,,0.03558881120607933,49.86815447188248,True,True,True,True,False,True,False,,Uptrend Under Pressure,116.1,0.0487,0.35052322363148986,0.938326855384374,0.2920702726449049,-0.062010428103916326,0.671542409020274,0.8376059322033897,,False,,,0,0,0.375,0.898
KB,KB Financial Group Inc,Financials,XLF,43814531072.0,2026-09-16,128.0,-0.012269437324042287,0.010419953359996015,0.08769544245463701,0.1070245926700184,0.09909756659060887,False,0.10743614482641428,0.11582515574553565,0.1248400538936425,0.11079514050667272,0.9632751000640299,0.6736645856719906,0.8647222167516788,1.4029004461232022,0.6736645856719906,20872904.076008607,0.31818244870970874,124.74949951171875,118.67966690063477,112.17141717274984,True,True,True,True,True,False,dry_up,3,1,normal,False,False,,False,,,0.027472091572625295,55.93686465920627,False,True,True,True,True,True,False,,Uptrend Under Pressure,,,0.3691089368622025,0.9550887806277483,0.18294324080307334,0.0078034533894475455,0.6816432366014962,0.8353813559322034,,False,,,0,0,0.375,0.898
CHT,"Chunghwa Telecom Co., Ltd.",Communication Services,XLC,33519925248.0,2026-09-16,45.18000030517578,-0.004187759117963319,0.017109458972508484,0.05314682280189409,0.07186201856556318,0.06538767386533739,True,0.0722604985343196,0.08160221918038557,0.029660747951302913,0.0555951100248675,0.9958122408820367,1.2149893425037641,1.2972728631980834,5.0,1.2149893425037641,9485307.70032692,0.3571424678884584,43.8149995803833,42.90303999582927,42.46685266494751,True,True,True,True,True,False,distribution,6,1,normal,False,True,acc,False,,,0.010687394306072847,76.66366109337613,False,True,True,True,True,True,False,,Uptrend Under Pressure,,,0.4732690487527415,0.9464981965192371,-0.16949451396178106,-0.12057836003430389,0.2997614831411948,0.8340572033898306,,False,,,0,0,0.375,0.898
TEVA,Teva Pharmaceutical Industries ,Health Care,XLV,42008924160.0,2026-09-16,38.529998779296875,-0.018343980145302585,0.04559024083421903,0.05330773238471331,0.07202578763034406,0.10262745413672714,True,0.07242432848258251,0.11940876600966321,0.06561311536419412,0.08990563043599109,0.9816560198546974,0.9820500312503988,0.9450427319275487,1.1140714477031972,0.9820500312503988,183242893.86090773,0.1749991257990991,37.244499588012694,34.92166659037272,33.965500052769976,True,True,True,True,True,False,dry_up,2,1,normal,False,False,,False,33.0,,0.03158948062861845,60.864405061635814,True,True,True,True,False,True,False,,Uptrend Under Pressure,35.41,0.0881,0.37583362688573985,0.9549750185957814,0.6328538139301452,0.04636959567649268,0.8240838784286798,0.833739406779661,,False,,,0,0,0.375,0.898
FTNT,"Fortinet, Inc.",Information Technology,XLK,125413670912.0,2026-09-16,171.77000427246094,-0.003480831129099027,0.09254549636679332,0.08708316083783996,0.10640143035731753,0.07345927863664636,True,0.10681275084424979,0.08979666881327875,0.09707159811824595,0.05460413706994305,0.9941544477718971,0.9195885966312103,0.9469153501532102,1.0928441012596197,0.9195885966312103,684633333.4128456,0.5434786491624246,160.1509994506836,158.76666615804035,134.2264996210734,True,True,True,True,True,False,dry_up,2,1,normal,False,False,,False,13.0,,0.04620796594835423,60.7246932323448,True,True,True,True,False,True,False,,Uptrend Under Pressure,172.78,-0.0058,0.2573270048806056,0.9290615743084026,0.627737617212015,0.6183892024434992,0.9431435437822991,0.8278072033898305,,False,,,0,0,0.375,0.898
IT,"Gartner, Inc.",Information Technology,XLK,12510443520.0,2026-09-16,191.57000732421875,-0.02070334267487628,0.12894103699696524,0.05217773173965434,0.07087570604041837,0.3491427880347173,False,0.07127381933344856,0.3696759117132482,0.06184544775249501,0.3254453094546266,0.9447184558508706,0.817577825070837,1.033940148694769,0.9599849868912049,0.817577825070837,212215537.88474733,0.24890222561008343,190.11699981689452,164.30683352152508,158.68391666412353,True,True,True,True,True,False,dry_up,1,3,normal,False,False,,False,26.0,분산3일,0.044961186177223285,55.29354826350719,True,True,True,True,False,True,False,,Uptrend Under Pressure,193.17,-0.0083,0.40974515614911083,0.9290615743084026,-0.3859936363851887,-0.04475185356375577,0.24690289472733187,0.8270656779661016,,False,,,0,0,0.375,0.898
PKX,POSCO Holdings Inc.,Materials,XLB,18557337600.0,2026-09-16,59.189998626708984,-0.03126022741589907,-0.05250524299505088,0.03805678974963689,0.05650382449668556,0.14521631036816784,False,0.056896594838095504,0.16264579844608607,0.06732681998873002,0.18130017743918003,0.9375890642365883,0.9736425357893822,0.9919658931565838,1.3613334880303205,0.9736425357893822,12020010.396578789,0.38083428466454095,60.44049968719482,55.65866654713948,62.5137500445048,False,True,True,True,False,False,dry_up,2,0,normal,False,False,,False,,,0.029945940454648618,48.660037839500234,False,True,True,True,False,True,False,,Uptrend Under Pressure,,,0.4100401545057639,0.938326855384374,-0.0412063128043616,-0.1296661175263254,0.3996133135773915,0.8226165254237288,,False,,,0,0,0.375,0.898
SJM,The J.M. Smucker Company,Consumer Staples,XLP,14010929152.0,2026-09-16,123.55999755859375,0.015283489375456538,0.0020274106313333817,0.04270040133834385,0.06122995648810514,0.0920994863154927,False,0.061624483836383304,0.10872056899158311,0.07085443771731548,0.12158134584443903,0.93365574261556,0.8822435649672807,0.9064117010064077,1.9582082092397746,0.8822435649672807,181720832.35490417,0.8389810235024084,126.09799919128417,118.75998039245606,108.76338589986166,False,True,True,True,True,False,weak_rally,1,1,normal,False,False,,False,13.0,,0.025320249866468834,50.53481230721706,True,True,True,True,False,True,False,,Uptrend Under Pressure,131.84,-0.0628,0.3766882395601341,0.9374568435182988,0.015127524610795584,0.0117542863734319,0.5568934986086516,0.8219809322033897,,False,,,0,0,0.375,0.898
SPOT,Spotify Technology S.A.,Communication Services,XLC,111759687680.0,2026-09-16,547.4299926757812,-0.019399593201007814,0.046711267066503304,0.06033540251659475,0.07917834464355367,0.09895181832894395,True,0.07957954456071459,0.11567718928494553,0.03668901619034437,0.0888507479837779,0.9773616021720762,1.010951924163294,0.9216184896892526,1.1637630519109166,1.010951924163294,827808971.1216462,0.0752109397730579,541.3105010986328,504.04200236002606,491.4658353169759,True,True,True,True,True,False,distribution,1,1,normal,False,False,,False,40.0,,0.03572004358268365,56.17543134503833,True,True,True,True,False,True,False,,Uptrend Under Pressure,493.23,0.1099,0.33782062628353654,0.9464981965192371,-0.40744960329065594,-0.19030599996475295,0.11361172346499945,0.8215572033898306,,False,,,0,0,0.375,0.898
T,AT&T Inc.,Communication Services,XLC,177408262144.0,2026-09-16,25.860000610351562,-0.032185581029304466,0.028230656166617463,0.03855425729030415,0.057010132402445235,0.2321442195372001,False,0.05740309097102925,0.2508966969427968,0.015393609130889052,0.22081890460586817,0.9678144189706955,1.140383335496009,1.1554479882606643,1.619084400756632,1.140383335496009,852176724.2424587,0.17721610672143523,25.774500179290772,23.7032439549764,24.34137765566508,True,True,True,False,False,False,distribution,5,4,normal,False,False,,False,39.0,분산4일,0.023381404727358522,55.58391838103792,True,True,True,True,False,True,False,,Uptrend Under Pressure,23.04,0.1224,0.36908979391999575,0.9464981965192371,-0.2618686470400067,-0.21637390242653531,0.15039391420620868,0.8206038135593221,,False,,,0,0,0.375,0.898
ING,"ING Group, N.V.",Financials,XLF,100762263552.0,2026-09-16,36.36000061035156,-0.011419200187187784,-0.007912712236112007,0.024513916335276775,0.042720284233539685,0.1328508235896706,True,0.04310793034757876,0.1500921165620599,0.05950088957315969,0.14490762968916981,0.9755835836803015,1.3894219550996667,1.1112888981171856,0.9877548475686273,1.3894219550996667,60679031.267441556,0.34928323982171344,35.966499710083006,34.0208927154541,31.28466073671977,True,True,True,True,True,False,distribution,2,5,normal,False,False,,False,29.0,분산5일,0.016040005880017312,56.66411723147931,True,True,True,True,False,True,False,,Uptrend Under Pressure,35.46,0.0254,0.4395475103776951,0.9550887806277483,0.22259661464388758,0.23267167364744168,0.8198845361569875,0.8186440677966101,,False,,,0,0,0.375,0.898
RBRK,"Rubrik, Inc.",Information Technology,XLK,19150288896.0,2026-09-16,104.9800033569336,0.013809756282296082,0.18194104613412954,0.04405768444278868,0.06261135951434649,0.19597130552886677,True,0.06300640041887107,0.21417325342510884,0.05365079109172721,0.1749642596872194,0.9809382045400673,0.8084202810827988,0.9638112699932805,0.8269563282999327,0.8084202810827988,360478406.4305172,0.876652545007537,95.17249984741211,86.87216644287109,73.75349988937378,True,True,True,True,True,False,weak_rally,1,0,normal,False,False,,False,13.0,,0.06290790969349501,62.22381324703542,True,True,True,True,False,True,False,,Uptrend Under Pressure,107.02,-0.0191,0.26435854521296065,0.9290615743084026,0.13044167128921047,0.6756905594538587,0.8002755592497561,0.8165783898305086,,False,,,0,0,0.375,0.898
MSFT,Microsoft Corporation,Information Technology,XLK,3766905208832.0,2026-09-16,490.29998779296875,-0.013719036432262244,-0.002745868240160876,0.019917729351429436,0.03804241961718513,0.25268193205819234,False,0.038428326668440205,0.2717469808202142,0.029289031049221537,0.23067877307762386,0.9547640056498491,0.8189583441216457,0.872048271913396,1.4043076241831498,0.8189583441216457,10031904245.928345,0.3532768635383524,496.16100006103517,445.57969868977864,424.87940470377606,False,True,True,True,True,False,dry_up,2,0,normal,False,False,,False,31.0,,0.021661683548507712,51.84643142826291,True,True,True,True,False,True,False,,Uptrend Under Pressure,486.73,0.0073,0.7249725009226592,0.9290615743084026,-0.2064916270304673,0.040804498180352144,0.39980665678869576,0.8148834745762711,,False,,,0,0,0.375,0.898
AGI,Alamos Gold Inc.,Materials,XLB,15325110272.0,2026-09-16,34.45000076293945,-0.020471920485955808,-0.06614254993437774,0.048247886641232585,0.06687602469623721,0.12049115260610455,False,0.06727265105077196,0.13754433898578733,0.0778052746791782,0.1557959709525054,0.8838378786781473,1.339341220464164,0.938111808746644,1.2323147642487582,1.339341220464164,140871513.92667636,0.23471881272337916,36.58891487121582,32.466991964975996,36.98275539080302,False,True,True,False,False,False,distribution,1,2,normal,False,False,,False,27.0,,0.04028949220333847,46.23942348251339,True,True,True,False,False,True,False,,Uptrend Under Pressure,33.11,0.0403,0.3288227795710314,0.938326855384374,-0.13810242159930142,-0.3572202612547509,0.20482544902605615,0.8140889830508474,,False,,,0,0,0.375,0.898
KGC,Kinross Gold Corporation,Materials,XLB,36393865216.0,2026-09-16,27.81999969482422,-0.007845977657629066,-0.07972212649374799,0.027185279657907513,0.045439119652611826,0.15674400558970092,False,0.04582777653243442,0.174348938100789,0.05614876652454592,0.19319109122321754,0.8309438493190002,0.9199081223673204,0.8477614115940871,1.3180535524407073,0.9199081223673204,259038517.0588581,0.3174599570392505,30.595999908447265,26.53178752263387,28.179654041926067,False,True,True,True,False,False,dry_up,2,0,normal,False,False,,False,15.0,,0.04341685380048181,43.381169084811646,True,True,True,False,False,True,False,,Uptrend Under Pressure,33.48,-0.1691,0.30303452074442866,0.938326855384374,0.01084279843814584,-0.22673280579478972,0.36365689711250043,0.8128177966101695,,False,,,0,0,0.375,0.898
BPYPP,Brookfield Property Partners L.,Real Estate,XLRE,0.0,2026-09-16,15.984999656677246,0.008199313667251129,0.004714004398770344,0.009081773102807,0.02701390043423224,0.048159041097180166,True,0.027395707476434383,0.06411137721496774,0.0519812933127175,0.10840500452492985,0.9882535029771149,0.6429474614433648,0.6437747662628854,2.0119176136363635,0.6429474614433648,170184.5556971073,0.38413280532941513,15.977596616744995,15.632079283396402,15.39812530676524,True,True,True,True,True,False,weak_rally,2,1,normal,False,False,,False,,,0.014356583525575723,55.01069915578648,False,True,True,True,False,True,False,,Uptrend Under Pressure,,,0.7401313406329102,0.9304499659860984,-0.008672819097992113,-0.06501948855794881,0.47348848975461677,0.8117584745762711,,False,,,0,0,0.375,0.898
GFI,Gold Fields Limited,Materials,XLB,41310871552.0,2026-09-16,41.959999084472656,-0.022139379312925977,-0.08754901093840028,0.048694242639565566,0.06733031276985946,0.26679860047720005,False,0.06772710801245463,0.2860784962525602,0.07826421655306048,0.30671332391548933,0.8780963709226766,1.0685961639779034,0.7589896361617481,0.888948384081111,1.0685961639779034,173308574.42799836,0.27074178341190386,45.150962829589844,37.78112341562907,39.69476807912191,False,True,True,True,False,False,distribution,2,2,normal,False,False,,False,24.0,,0.04101598478110712,46.572296121911954,True,True,True,False,False,True,False,,Uptrend Under Pressure,39.83,0.0536,0.32782293585238104,0.938326855384374,-0.06950912913075857,-0.22780462236347243,0.300546601134762,0.8115466101694916,,False,,,0,0,0.375,0.898
BBD,Banco Bradesco Sa,Financials,XLF,34732498944.0,2026-09-16,3.5,0.0,0.020408143405366452,0.15265226642797125,0.17313574731266312,0.02311406587202769,False,0.17357187723222278,0.038685232866439545,0.19201514218309468,0.03400295578853196,0.9405049297811702,0.9958935044835298,0.9347968442636341,3.0727740170508024,0.9958935044835298,95692421.08803836,0.8571428571428571,3.345951867103577,3.4113893349965414,3.496065203348796,True,True,True,True,False,False,dry_up,4,1,normal,False,False,,False,6.0,,0.030601104804565356,57.0719265533476,True,True,True,True,True,True,False,,Uptrend Under Pressure,3.55,-0.0141,0.29611181606334447,0.9550887806277483,-0.14234231135438924,-0.22822676716613322,0.23615698745979544,0.8089512711864406,,False,,,0,0,0.375,0.898
DGX,Quest Diagnostics Incorporated,Health Care,XLV,26522718208.0,2026-09-16,247.0800018310547,0.0,0.049350185958790815,0.04584127759176582,0.06442664842902612,0.15829508586835583,True,0.06482236419305454,0.1759236248675633,0.05805943289513493,0.14493098376790248,1.0,0.9868296460111399,1.1201868985533057,0.8130703912387905,0.9868296460111399,231360461.57286453,0.5994610203696563,240.56149978637694,227.4013692220052,210.87852986653647,True,True,True,True,True,False,dry_up,4,2,normal,False,False,,False,34.0,,0.022930671876442592,64.64870378147597,True,True,True,True,False,True,False,,Uptrend Under Pressure,235.22,0.0504,0.40909790913040006,0.9549750185957814,0.12248479071360863,0.032689525510645634,0.6623233710382712,0.8066207627118646,,False,,,0,0,0.375,0.898
GILD,"Gilead Sciences, Inc.",Health Care,XLV,181455044608.0,2026-09-16,147.67999267578125,0.009432601471205837,0.0196482079693987,0.0353580267516489,0.05375710248981713,0.07995818940043398,True,0.05414885169820782,0.09639448900286784,0.04745371032857837,0.06749791767567892,0.9820907453782397,0.9652018280277262,0.9293246329623375,1.2100947445907497,0.9652018280277262,782525901.3465942,0.4905640459681869,146.48773422241212,136.35080273946127,133.75051854451496,True,True,True,True,True,False,weak_rally,0,3,normal,False,False,,False,155.0,분산3일,0.022488430487486444,59.537333496616505,True,True,True,True,False,True,False,,Uptrend Under Pressure,140.75,0.0493,0.3703510824379161,0.9549750185957814,0.06410329423267624,-0.163755746873807,0.45885674532904486,0.8058792372881356,,False,,,0,0,0.375,0.898
TGT,Target Corporation,Consumer Staples,XLP,73086410752.0,2026-09-16,154.67999267578125,0.0018134636681694793,-0.018029529708286085,0.01442810211100265,0.03245523765195668,0.21173443480060117,False,0.032839067588754434,0.23017628783199084,0.04181875589230555,0.24444590920455345,0.910471441706333,0.6357416374702046,0.721293081343452,1.3283348419232626,0.6357416374702046,694602452.6641998,0.3967061107670678,161.26049880981446,147.15262565612792,135.56320985158285,False,True,True,True,True,False,weak_rally,0,0,normal,False,False,,False,15.0,,0.024218213208061203,46.662266873118284,True,True,True,True,False,True,False,,Uptrend Under Pressure,163.47,-0.0538,0.2846782260834189,0.9374568435182988,0.5009633820922577,0.13607477124463974,0.8591476636189512,0.8050317796610169,,False,,,0,0,0.375,0.898
MT,Arcelor Mittal NY Registry Shar,Materials,XLB,56251510784.0,2026-09-16,73.22000122070312,-0.0010914301190164677,-0.049708003625670294,0.016944461398654465,0.035016314500028844,0.15207315418094125,False,0.0354010965536149,0.1696069992055822,0.04561918847576929,0.18837306903124795,0.9298959005229246,0.7321592226249376,0.7588762884740109,1.4462183243220397,0.7321592226249376,99929473.93601227,0.2859959008869373,74.4319995880127,69.68632729848225,65.70049937566121,False,True,True,True,True,False,dry_up,2,0,normal,False,False,,False,19.0,,0.025876037687844848,48.51929147738086,True,True,True,True,False,True,False,,Uptrend Under Pressure,74.59,-0.0184,0.33484139579294664,0.938326855384374,0.8066594142339738,0.22730373638086898,0.9233096021105127,0.8038135593220339,,False,,,0,0,0.375,0.898
TAK,Takeda Pharmaceutical Company L,Health Care,XLV,57419182080.0,2026-09-16,18.639999389648438,-0.0032086294568463014,0.02361341717707366,0.032686990444658504,0.051038599897694326,0.08981588503749238,True,0.05142933846403497,0.10640221270626316,0.04475146934730412,0.07724187782980563,0.9962587013228498,1.3825905415922357,1.1134594690096804,1.156100964502583,1.3825905415922357,39154170.39471245,0.2,18.308500003814697,17.345499897003172,17.035749904314677,True,True,True,True,True,False,distribution,3,2,normal,False,False,,False,34.0,,0.01504063143883673,62.44538277659928,False,True,True,True,False,True,False,,Uptrend Under Pressure,17.75,0.0501,0.47515879117002274,0.9549750185957814,-0.023690843078640333,-0.18387123573683828,0.360271583968776,0.8021716101694916,,False,,,0,0,0.375,0.898
B,Barrick Mining Corporation,Materials,XLB,73784999936.0,2026-09-16,42.54999923706055,-0.003512916234163055,-0.04575018857471225,0.014819299152069032,0.03285338655296055,0.14906703223982265,False,0.033237364507281875,0.16655512593691157,0.04343410314613605,0.18527222917217734,0.8740279046966956,0.9880930030246606,0.8051596639097565,1.4665274795264764,0.9880930030246606,461595788.9130484,0.39333343505859375,45.03192958831787,40.21797173817952,40.586326599121094,False,True,True,True,False,False,dry_up,1,0,normal,False,False,,False,19.0,,0.03405631219904342,46.92004773148129,True,True,True,False,False,True,False,,Uptrend Under Pressure,44.96,-0.0535,0.34857683001271506,0.938326855384374,0.2601786865813671,-0.13847678949600828,0.5949739799790394,0.799947033898305,,False,,,0,0,0.375,0.898
RGA,"Reinsurance Group of America, I",Financials,XLF,16066821120.0,2026-09-16,248.08999633789062,-0.00108714878320737,0.012488256841359124,0.015015130498481355,0.0330526979668293,0.0728177376768604,True,0.033436750018007055,0.08914536399455275,0.049677721841139943,0.0842356182785502,0.9694423539044457,0.8032610946561252,0.9056033738306434,1.2959649306247423,0.8032610946561252,71904823.00798798,0.47763514024344145,247.18350067138672,237.402880859375,221.94377822875975,True,True,True,True,True,False,dry_up,0,1,normal,False,False,,False,56.0,,0.01724193194690511,54.798240715798784,True,True,True,True,False,True,False,,Uptrend Under Pressure,214.43,0.157,0.42741526108000777,0.9550887806277483,0.11860892296412207,0.040853300721451546,0.6676077843229373,0.7990466101694915,,False,,,0,0,0.375,0.898
ULTA,"Ulta Beauty, Inc.",Consumer Discretionary,XLY,22965037056.0,2026-09-16,530.52001953125,-0.025352710918724153,-0.02092785244689188,0.026667239922005814,0.044911873968535465,0.1592830655031856,False,0.04530033483726714,0.17692664094495036,0.08425304350213092,0.2456176644454504,0.9387242265118607,0.9351589922964049,0.772542909595902,0.9775108793611085,0.9351589922964049,374990346.4871826,0.11535628024955004,539.6969970703125,508.4043284098307,510.1954137166341,False,True,True,True,False,False,dry_up,0,0,normal,False,False,,False,31.0,,0.03530229135754421,48.3548000776596,True,True,True,True,False,True,False,,Uptrend Under Pressure,534.41,-0.0073,0.3584773778021843,0.8883820050871151,-0.20668018077662564,-0.18554265468735665,0.21081547468468795,0.7964512711864407,,False,,,0,0,0.375,0.898
ADP,"Automatic Data Processing, Inc.",Industrials,XLI,113680711680.0,2026-09-16,273.19000244140625,-0.012078242334048972,0.03664273704837839,0.02089926912202489,0.039041402073414444,0.11004367463843945,False,0.039427680510623286,0.12693785682735625,0.11082021724924607,0.21016163932208465,0.9563738796896362,1.2306782471071789,1.081590434953344,1.1078136337112499,1.2306782471071789,557717407.1117706,0.21731980330414527,276.76203002929685,259.3176595052083,234.41947072347006,False,True,True,True,True,False,distribution,3,3,normal,False,False,,False,26.0,분산3일,0.02006648241497653,51.535928943807065,True,True,True,True,False,True,False,,Uptrend Under Pressure,271.94,0.0046,0.39377986396906484,0.904562820667949,-0.20877932382032371,0.10380461335352464,0.4351595533229735,0.7927966101694914,,False,,,0,0,0.375,0.898
SUN,Sunoco LP,Energy,XLE,14326989824.0,2026-09-16,78.91999816894531,-0.01312996168225622,0.014526253247445498,0.02387125446524463,0.042066201788097723,0.1528166880219466,True,0.04245360473767357,0.1703618491744665,0.01827460627547217,-0.00790243798850454,0.9868700383177438,0.7390183468604691,1.2643554972014057,1.3680807248227265,0.7390183468604691,34812971.236125946,0.44361142857142855,76.49299964904785,73.01040903727214,69.07117185592651,True,True,True,True,True,False,dry_up,4,2,normal,False,False,,False,681.0,,0.024388610574862545,59.500290583788136,False,True,True,True,False,True,False,,Uptrend Under Pressure,52.07,0.5155,0.36056184598609886,0.971181533185436,0.34955236174961524,0.028686331673757337,0.7625582740052763,0.7925847457627119,,False,,,0,0,0.375,0.898
GDDY,GoDaddy Inc.,Information Technology,XLK,12396276736.0,2026-09-16,99.08999633789062,-0.03213519245740659,0.058653824287053125,0.034342308782133735,0.05272333446286592,0.10005440381072339,False,0.05311469935327162,0.11679655543980427,0.043846147724665,0.0807321230985294,0.942816344210411,1.0197345449921462,1.0219490777376705,1.6726995478658342,1.0197345449921462,172685245.85714263,0.1603046321875006,98.73649940490722,93.26999969482422,88.84641634623209,True,True,True,True,True,False,distribution,3,3,normal,False,False,,False,31.0,분산3일,0.04016550297029764,52.228685122830406,True,True,True,True,False,True,False,,Uptrend Under Pressure,88.45,0.1203,0.4502388423091877,0.9290615743084026,-0.463114922480934,-0.062450698977070895,0.20715821618300748,0.7921610169491526,,False,,,0,0,0.375,0.898
FCX,"Freeport-McMoRan, Inc.",Materials,XLB,108763963392.0,2026-09-16,69.23999786376953,-0.002017863868415515,-0.09169625062765108,0.04402892313603557,0.06258208709796031,0.16002832903825337,False,0.06297711712004705,0.17768324693277737,0.07346734929193954,0.19657889825793884,0.866474717690456,0.7326938054554238,0.8372079554638597,0.9285181227095585,0.7326938054554238,1110754800.0323868,0.5771533587748912,73.95349998474121,66.86123510996501,65.29802010854085,False,True,True,True,True,False,dry_up,1,1,normal,False,False,,False,16.0,,0.04586015058720194,44.68244957774287,True,True,True,False,False,True,False,,Uptrend Under Pressure,77.8,-0.11,0.31674578813112764,0.938326855384374,0.2811200813534913,0.021236801396134375,0.7306241191138738,0.7911016949152543,,False,,,0,0,0.375,0.898
AU,AngloGold Ashanti PLC,Materials,XLB,56808001536.0,2026-09-16,99.73999786376953,-0.009631627738269755,-0.08099144028742145,0.024682204884380443,0.04289156339427813,0.2125212101733598,False,0.043279273183784106,0.23097503744215375,0.053575112689222326,0.2507257430398302,0.8083312939228122,0.6269105372730237,0.7110074506698602,0.9688834523595936,0.6269105372730237,326057963.59050256,0.39690695296523515,110.5835636138916,92.55274378458658,93.57872314453125,False,True,True,True,False,False,dry_up,0,0,normal,False,False,,False,17.0,,0.03901571345183318,43.96338575696464,True,True,True,False,False,True,False,,Uptrend Under Pressure,121.22,-0.1772,0.32252996738164347,0.938326855384374,0.30576785563875464,-0.0950230936735309,0.6459271439413103,0.7870762711864406,,False,,,0,0,0.375,0.898
TM,Toyota Motor Corporation,Consumer Discretionary,XLY,232739405824.0,2026-09-16,192.2100067138672,-0.016677722855053867,0.006493195188971068,0.02103589223833824,0.039180453083267786,0.06221888647743601,False,0.03956678321466933,0.07838520479685118,0.07830583331794405,0.14132488248637753,0.9616751458925632,0.8532660939456341,0.8951257953755561,1.4566700369427272,0.8532660939456341,67290912.55075455,0.14410554546817478,194.582999420166,185.31183268229168,188.96499938964843,False,True,True,False,False,False,dry_up,1,2,normal,False,False,,False,10.0,,0.018811262269039817,49.15454243606031,True,True,True,True,False,True,False,,Uptrend Under Pressure,198.05,-0.0295,0.3072386268030642,0.8883820050871151,-0.18874993761179093,-0.2332681010537544,0.19437949477792635,0.786864406779661,,False,,,0,0,0.375,0.898
PLTR,Palantir Technologies Inc.,Information Technology,XLK,447882035200.0,2026-09-16,174.33999633789062,0.010315245737601897,0.028372545232278723,0.016322741992226497,0.034383546681214794,0.28655333723741805,False,0.0347680934943535,0.30613388795955765,0.025661011897185393,0.26395523240987817,0.9354007499222242,0.6975757077516153,0.8137340101129187,1.0832803322865925,0.6975757077516153,5079056412.155577,0.9267695817770336,175.65899963378905,150.41749903361003,144.78670775095623,False,True,True,True,True,False,weak_rally,2,2,normal,False,False,,False,27.0,,0.04174318796543415,54.452080728320574,True,True,True,True,False,True,False,,Uptrend Under Pressure,172.01,0.0135,0.5672968170257666,0.9290615743084026,-0.1473939255876916,-0.03916277059545403,0.3905858118607929,0.785540254237288,,False,,,0,0,0.375,0.898
CVX,Chevron Corporation,Energy,XLE,404364918784.0,2026-09-16,211.5399932861328,-0.028608214465264514,-0.010616922961419806,0.0371640827748132,0.055595253460525296,0.2159762156674938,False,0.05598768602771442,0.23448262599550884,0.03149477380550314,0.046451748627635014,0.9713917855347355,1.0160912268019628,1.091525633241451,1.3034224626021258,1.0160912268019628,1647708499.0196648,0.2393056146882507,208.12100067138672,191.75264409383138,189.12164357503255,True,True,True,True,True,False,distribution,3,3,normal,False,False,,False,11.0,분산3일,0.022277103175304458,58.963237991678035,True,True,True,True,False,True,False,,Uptrend Under Pressure,206.14,0.0262,0.3576007613951259,0.971181533185436,0.12323593964442559,-0.1077127998981412,0.5498274366665462,0.7854872881355932,,False,,,0,0,0.375,0.898
NMR,Nomura Holdings Inc,Financials,XLF,29751998464.0,2026-09-16,10.449999809265137,-0.015080099207299802,0.0,0.08290157744656024,0.10214553714515096,0.10001457806649339,False,0.10255527544317777,0.1167561235722352,0.11988247922377426,0.1117219116343362,0.962246790020843,1.2142280766219122,1.252902166621358,0.924750019645763,1.2142280766219122,7745378.135470629,0.3939398318064908,10.247999954223634,9.769833326339722,9.002999981244406,True,True,True,True,True,False,distribution,4,5,normal,False,False,,False,,분산5일,0.0205741515821744,56.53354795621028,False,True,True,True,False,True,False,,Uptrend Under Pressure,,,0.33244910038281567,0.9550887806277483,0.0992200940441792,0.11028668062180191,0.6963318998229193,0.7841631355932204,,False,,,0,0,0.375,0.898
TIGO,Millicom International Cellular,Communication Services,XLC,15724489728.0,2026-09-16,95.55000305175781,-0.002817748318997282,0.021160664351729253,0.09588255965435577,0.11535720098058233,0.02762074533787251,False,0.11577185090277453,0.04326050122270608,0.07144344132228508,0.01817531810104067,0.9160196077857713,0.7569016118265299,0.8648931902598646,2.4605135047982154,0.7569016118265299,78285978.3530693,0.37552794231264486,94.28500099182129,94.20487416585287,88.16804993947348,True,True,True,True,True,True,dry_up,1,0,normal,False,False,,False,28.0,,0.02635865898324248,52.23373717927633,True,True,True,True,False,True,False,,Uptrend Under Pressure,104.31,-0.084,0.5858808091644093,0.9464981965192371,0.8308078955809399,0.1375288195690032,0.8900590871309313,0.7830508474576271,,False,,,0,0,0.375,0.898
ANET,"Arista Networks, Inc.",Information Technology,XLK,246809067520.0,2026-09-16,197.5399932861328,0.02437252145559543,0.023894680896498377,0.022569628199898828,0.040741444664034177,0.1767337004488545,False,0.041128355116284654,0.1946428638245179,0.03196529631810474,0.15606456008197145,0.9384322721431487,0.9295054418519495,0.9359365394548552,1.190533831418061,0.9295054418519495,925610581.0331733,0.4758205660215866,192.37949905395507,183.17700068155924,168.58874994913737,True,True,True,True,True,False,weak_rally,0,1,normal,False,False,,False,29.0,,0.03777643976370516,54.61366485060445,True,True,True,True,False,True,False,,Uptrend Under Pressure,197.31,0.0012,0.3910543430257178,0.9290615743084026,0.17389642948486705,0.309578800528467,0.8097846120487152,0.782521186440678,,False,,,0,0,0.375,0.898
QCOM,QUALCOMM Incorporated,Information Technology,XLK,182082945024.0,2026-09-16,184.83999633789062,-0.01576148384327447,0.04784582048431951,0.16015969145855657,0.1807765848229581,0.007178357308046834,False,0.1812155553326682,0.022506992616597943,0.17081957722521435,-0.010512570413107047,0.9724555822531794,0.8260909579099324,1.1168349326935314,2.490726531878458,0.8260909579099324,1966849624.0668397,0.18587591550708868,169.59572067260743,171.44764302571613,176.1269319534302,True,True,False,True,False,False,dry_up,5,1,normal,False,False,,False,6.0,,0.04284334426241853,65.72160980877598,True,True,True,True,True,True,False,,Uptrend Under Pressure,174.09,0.0617,0.47172076875894536,0.9290615743084026,-0.1359577836466236,0.06823347483388753,0.47157493404647466,0.7811440677966102,,False,,,0,0,0.375,0.898
EQNR,Equinor ASA,Energy,XLE,101580062720.0,2026-09-16,44.20000076293945,-0.033879764744492835,-0.022772469372568716,0.05640536811053498,0.07517847062759841,0.30504575004939727,False,0.07557818353463541,0.3249077439239967,0.05063088312004704,0.12310371665336439,0.9661202352555072,1.3294972962866292,1.2219856802209914,0.8372333708428622,1.3294972962866292,127383789.09136295,0.04511375239493822,43.19799995422363,38.86846160888672,38.24966837565104,True,True,True,True,True,False,distribution,3,5,normal,False,False,,False,5.0,분산5일,0.027763419236146954,57.81304198529659,True,True,True,True,False,True,False,,Uptrend Under Pressure,45.23,-0.0228,0.4061734608921495,0.971181533185436,0.5218369677135202,-0.002767066393595252,0.7693252864009252,0.780561440677966,,False,,,0,0,0.375,0.898
VZ,Verizon Communications Inc.,Communication Services,XLC,207821864960.0,2026-09-16,49.7599983215332,-0.032847471649088744,0.00040202336935313276,0.025133856262775645,0.043351240950771475,0.17827551086032467,False,0.04373912163195537,0.19620813964242867,0.00227249452405065,0.16744533284643826,0.9671525283509113,1.3255033411500865,1.050646974774093,1.4371071974361926,1.3255033411500865,916220594.9252958,0.19462972698039913,50.1310001373291,46.725071080525716,46.56140381495158,False,True,True,True,True,False,distribution,4,3,normal,False,False,,False,123.0,분산3일,0.01918493698307617,52.56977566668371,True,True,True,True,False,True,False,,Uptrend Under Pressure,48.41,0.0278,0.40502304327103694,0.9464981965192371,-0.00990786499107621,-0.15192233259071086,0.4042047631093925,0.7804025423728813,,False,,,0,0,0.375,0.898
MRK,"Merck & Company, Inc.",Health Care,XLV,364549275648.0,2026-09-16,144.91000366210938,0.007789209460131286,-0.011961143553906206,0.07838557759150655,0.09754928464200852,0.12168082853723439,False,0.09795731421771658,0.13875212105308599,0.09098393524503745,0.10873917204608685,0.9317058670020623,0.6550174612812878,0.7143864435422059,0.8834376796180996,0.6550174612812878,1630428391.5463822,0.9591853681828562,148.30728149414062,134.45656814575196,124.6889887491862,False,True,True,True,True,False,weak_rally,0,1,normal,False,False,,False,15.0,,0.020771884735995397,53.688877568195004,True,True,True,True,False,True,False,,Uptrend Under Pressure,155.53,-0.0683,0.2589719499621743,0.9549750185957814,0.4528687103335465,0.02064480480748676,0.7724260055653934,0.7803495762711865,,False,,,0,0,0.375,0.898
NWSA,News Corporation,Communication Services,XLC,16496181248.0,2026-09-16,30.190000534057617,-0.00821287764828682,0.0195879740543905,0.030676523269192346,0.048992405237749725,0.11578356377550425,True,0.049382383102087646,0.13276510354776816,0.007691555315867404,0.1055277836041637,0.9711953308763411,0.8852882197569819,0.9149425722259367,1.0594617095818237,0.8852882197569819,109628395.00942421,0.3382372740634361,30.280831146240235,28.3767586072286,27.095034885406495,False,True,True,True,True,False,dry_up,1,3,normal,False,False,,False,28.0,분산3일,0.02193937124095275,55.06637281709305,True,True,True,True,False,True,False,,Uptrend Under Pressure,29.57,0.0209,0.4384457813587063,0.9464981965192371,-0.18430147439791889,0.018244258342632547,0.396954392685483,0.7793432203389832,,False,,,0,0,0.375,0.898
TRV,"The Travelers Companies, Inc.",Financials,XLF,76323856384.0,2026-09-16,378.9200134277344,0.0025134592797393385,0.036433279819058084,0.03339098229333559,0.051755102200734315,0.09684553228115345,False,0.05214610713700907,0.11353884685861204,0.06868110579999809,0.10851913804498325,0.9571913713442299,1.0873451485518282,0.9417003767337923,1.154997434092842,1.0873451485518282,541208812.995723,0.6438882485317525,368.60123748779296,360.9289779663086,329.45238469441733,True,True,True,True,True,False,accumulation,3,0,normal,False,False,,False,33.0,,0.016573008733869615,61.6990396348454,True,True,True,True,True,True,False,,Uptrend Under Pressure,374.71,0.0112,0.6246530407096057,0.9550887806277483,0.12926604399446195,0.03186389314922278,0.6644664088757182,0.7773305084745762,,False,,,0,0,0.375,0.898
BDX,"Becton, Dickinson and Company",Health Care,XLV,51238682624.0,2026-09-16,181.85000610351562,-0.02189109351072227,0.011401574065422526,0.011906953333342463,0.029889286201106202,0.16048897286256536,False,0.030272162208912823,0.1781509014728564,0.023728667175862972,0.14709955827469368,0.9527209018235702,1.027652284976774,1.0367248179631885,1.3326423745565839,1.027652284976774,312117691.6227646,0.11336286247328169,184.95711975097657,169.2254903157552,158.6527198791504,False,True,True,True,True,False,distribution,1,3,normal,False,False,,False,28.0,분산3일,0.023979569545022714,52.285891072679604,True,True,True,True,False,True,False,,Uptrend Under Pressure,176.03,0.0331,0.3466011724451637,0.9549750185957814,0.0749875850678332,-0.020332219611613023,0.5904855263633407,0.7769597457627119,,False,,,0,0,0.375,0.898
EHC,Encompass Health Corporation,Health Care,XLV,11859123200.0,2026-09-16,123.91000366210938,0.015655767722208003,0.019667602740831125,0.014823957498835805,0.03285812768198482,0.10971984471735952,True,0.033242107398888665,0.12660909841399315,0.02667974956209429,0.09691619089145731,0.9848979100758707,1.112275957969874,0.95614425372414,1.0111721453287197,1.112275957969874,95895101.33888397,0.7488801102099281,121.31099967956543,115.28304049173991,109.24903818766276,True,True,True,True,True,False,accumulation,1,0,normal,False,False,,False,14.0,,0.020115417007702592,62.010338175355756,True,True,True,True,False,True,False,,Uptrend Under Pressure,120.78,0.0259,0.867744603588966,0.9549750185957814,-0.16620571989121946,0.041166994283338365,0.43092587907918045,0.7766949152542374,,False,,,0,0,0.375,0.898
W,Wayfair Inc.,Consumer Discretionary,XLY,13596819456.0,2026-09-16,103.23999786376953,-0.004339903240826004,0.031162555249670154,0.015242358001283263,0.033283963469942,0.09782271100964746,False,0.033668101497363434,0.11453089764651003,0.07218733953057255,0.17958020948875197,0.8893865974780671,1.1345485625363774,1.1192720030253014,1.1550550358139406,1.1345485625363774,227333444.54503173,0.20279602133384553,101.25250015258788,96.4283332824707,84.07616634368897,True,True,True,True,True,False,distribution,4,2,normal,False,False,,False,30.0,,0.043598145757691595,55.25591353523841,True,True,True,False,False,True,False,,Uptrend Under Pressure,116.08,-0.1106,0.6727614252643327,0.8883820050871151,-0.0059943177157570915,0.11422435761529659,0.6080508474576272,0.7752648305084745,,False,,,0,0,0.375,0.898
NDSN,Nordson Corporation,Industrials,XLI,17919600640.0,2026-09-16,309.0199890136719,-0.000743770368078045,-0.01271569005216655,0.018862090539564003,0.036968021325072264,0.07450970775158217,False,0.03735352895346278,0.09086308481346017,0.10860360369687183,0.17142276390493283,0.9260473006309964,0.834608232886229,0.8612659612118443,1.1284196346012818,0.834608232886229,137161864.90781862,0.47958326003244783,319.3843490600586,304.4028310139974,291.7228513081869,False,True,True,True,True,False,dry_up,1,0,normal,False,False,,False,18.0,,0.02070400783574329,45.56835334226495,True,True,True,True,False,True,False,,Uptrend Under Pressure,333.7,-0.074,0.25824776207986794,0.904562820667949,0.17112304541078216,-0.006868678489767688,0.6652849553684363,0.7745233050847458,,False,,,0,0,0.375,0.898
PAAS,Pan American Silver Corp.,Materials,XLB,21526964224.0,2026-09-16,47.560001373291016,-0.017761190172986496,-0.10094517955685767,0.02415177619423603,0.042351708595105286,0.07165316703554558,False,0.042739217685902275,0.08796306930414377,0.0530297275304592,0.10541918143426465,0.8664602277671045,0.6388280024988761,0.5960823434288667,1.4247213182712397,0.6388280024988761,249130909.88265094,0.32187450180628124,51.49457912445068,47.27609653472901,50.63742968241374,False,True,True,False,False,False,dry_up,1,0,normal,False,False,,False,13.0,,0.0459515747273128,42.614154440811014,True,True,True,False,False,True,False,,Uptrend Under Pressure,54.89,-0.1335,0.34841246138931153,0.938326855384374,0.10085451066941653,-0.2531511873952479,0.42960680857215133,0.7733050847457628,,False,,,0,0,0.375,0.898
BRK-B,Berkshire Hathaway Inc. New,Financials,XLF,1078981951488.0,2026-09-16,519.7999877929688,0.005882765635681686,0.025813045746675867,0.03348178110384481,0.051847514573072795,0.022677716484244215,True,0.05223855386496301,0.03824224250927477,0.0687750053741989,0.0335619623824448,0.9818291801826075,1.3057360853511264,1.0133439529794075,1.1828152827782354,1.3057360853511264,2034693196.2157562,0.5331752012207027,506.0869995117188,503.5693318684896,491.2317489624023,True,True,True,True,True,False,accumulation,1,1,normal,False,False,,False,35.0,,0.01057000573733166,67.27679183847148,True,True,True,True,False,True,False,,Uptrend Under Pressure,512.37,0.0145,0.5728139270833575,0.9550887806277483,-0.1425010309650948,-0.12653849491051128,0.3194156336959272,0.7707097457627119,,False,,,0,0,0.375,0.898
CDW,CDW Corporation,Information Technology,XLK,18950141952.0,2026-09-16,149.9600067138672,-0.024586956187307774,0.05331187649779867,0.11636935526743253,0.1362080620612347,0.07311297260454808,False,0.13663046358795072,0.08944509221630725,0.12662688264763955,0.054263913848241474,0.9742724044816349,0.5719637787594153,0.7722572437010368,0.9405102742816833,0.5719637787594153,245962805.64954606,0.2475175193388138,145.68151245117187,139.93184954325358,131.62053960164388,True,True,True,True,True,False,dry_up,2,2,normal,False,False,,False,30.0,,0.04336156288647284,54.96123407002603,True,True,True,True,False,True,False,,Uptrend Under Pressure,153.27,-0.0216,0.3037984311877609,0.9290615743084026,-0.2874565854810671,0.0007829820545459665,0.31493531133677855,0.766260593220339,,False,,,0,0,0.375,0.898
CIB,Grupo Cibest S.A.,Financials,XLF,22700226560.0,2026-09-16,98.31999969482422,-0.0233435831614629,-0.017193134795705167,0.023467889417172927,0.04165566864562975,0.22226621351306264,False,0.04204291897366397,0.24086835374071947,0.05841914101652401,0.23527465772427814,0.9534522602413632,0.6846405214616227,0.7981023911383374,0.8266464025480513,0.6846405214616227,34226991.34829941,0.21993136157349266,98.93140754699706,89.30498530069987,79.17752698262532,False,True,True,True,True,False,dry_up,4,2,normal,False,False,,False,,,0.03390135518967148,53.784771183716316,False,True,True,True,False,True,False,,Uptrend Under Pressure,,,0.3803899385867715,0.9550887806277483,0.631733600799802,0.27043793675599836,0.9209018466987098,0.7636652542372881,,False,,,0,0,0.375,0.898
EXEL,"Exelixis, Inc.",Health Care,XLV,13538791424.0,2026-09-16,56.779998779296875,-0.002109011306923314,-0.026572998510221102,0.06890060092255057,0.08789575294223462,-0.013619529516996076,True,0.08830019368006647,0.0013925747421965617,0.08138814929701277,-0.02500012629087056,0.9602570227233506,0.906025413065467,0.9935308551140604,1.3778410263134488,0.906025413065467,116931548.05772933,0.3127138396356762,56.34399967193603,55.15266653696696,51.46358324686686,True,True,True,True,True,False,dry_up,1,2,normal,False,False,,False,56.0,,0.028864540064553287,53.516550948172515,True,True,True,True,False,True,False,,Uptrend Under Pressure,54.77,0.0367,0.41247827676548526,0.9549750185957814,0.1346303509703164,0.08011624417593355,0.7002999530194065,0.7622351694915255,,False,,,0,0,0.375,0.898
J,Jacobs Solutions Inc.,Industrials,XLI,17444603904.0,2026-09-16,143.49000549316406,-0.009799172818022672,0.01227517102761233,0.0068600777970146964,0.024752723964299284,0.09471672512598617,False,0.02513369038194968,0.11137764056749533,0.0955444520201616,0.1934523090753817,0.9441374491838034,0.7038595855825206,0.7403833085109418,1.027753807780672,0.7038595855825206,113320065.90216903,0.38586485089552575,146.91856994628907,137.95047492980956,130.28658803304037,False,True,True,True,True,False,dry_up,0,0,normal,False,False,,False,29.0,,0.021566956029614108,48.60148309588417,True,True,True,True,False,True,False,,Uptrend Under Pressure,144.32,-0.0057,0.41211466477017966,0.904562820667949,-0.16515946089815758,-0.045671288447382996,0.36567977304759497,0.7606461864406778,,False,,,0,0,0.375,0.898
BP,BP p.l.c.,Energy,XLE,110404919296.0,2026-09-16,45.380001068115234,-0.03364561429218271,-0.006567408823474841,0.04538127684007742,0.06395847312471803,0.1797848393923609,False,0.06435401483791003,0.19774043922667306,0.039667051340402715,0.015305967566807466,0.9663543857078173,0.9579597412413176,0.9588350663358112,1.0783423947764712,0.9579597412413176,431246446.5798845,0.09385154020127799,44.344500350952146,41.88016497294108,42.8630402247111,True,True,True,True,False,False,dry_up,2,1,normal,False,False,,False,10.0,,0.023444872335958024,57.14376216931748,True,True,True,True,False,True,False,,Uptrend Under Pressure,44.47,0.0205,0.3617509866060425,0.971181533185436,0.11423397544431602,-0.1359939023482596,0.5220366087239349,0.759957627118644,,False,,,0,0,0.375,0.898
HMC,"Honda Motor Company, Ltd.",Consumer Discretionary,XLY,41473601536.0,2026-09-16,32.11000061035156,-0.003104578607991959,0.025878638755107097,0.005007819830718185,0.022867550007854565,0.11719380377913113,False,0.023247815585241582,0.1341968065371275,0.06137874573428359,0.2003939141406066,0.9622415834023511,1.405607245244503,0.8338498793322441,1.0398980613358448,1.405607245244503,25458665.896505356,0.2240013915973157,32.115999698638916,30.08316659927368,27.668583329518636,False,True,True,True,True,False,distribution,0,1,normal,False,False,,False,52.0,,0.020254040300119607,54.140127415682294,False,True,True,True,False,True,False,,Uptrend Under Pressure,28.02,0.146,0.29997011434947757,0.8883820050871151,-0.1999135083300525,0.08113993714419898,0.4275812222182068,0.7581038135593221,,False,,,0,0,0.375,0.898
COP,ConocoPhillips,Energy,XLE,159165202432.0,2026-09-16,132.5399932861328,-0.06146443747019181,-0.02922438679292727,0.021739069063311245,0.03989612587903135,0.2200497437196427,False,0.04028272207198591,0.23861815063989722,0.016154075748619823,0.04995736863757494,0.9385355625298082,1.3801210753891007,1.0167406112520707,1.20278679875209,1.3801210753891007,879936978.8035781,0.023493166031817163,134.4129997253418,120.99011980692545,120.21777483622233,False,True,True,True,True,False,distribution,1,2,normal,False,False,,False,123.0,,0.02701609050884293,51.739315402679274,True,True,True,True,False,True,False,,Uptrend Under Pressure,125.15,0.0591,0.29566301043554016,0.971181533185436,0.20563163907071114,-0.09079471101146719,0.613911676484406,0.7560911016949152,,False,,,0,0,0.375,0.898
CDE,"Coeur Mining, Inc.",Materials,XLB,21360490496.0,2026-09-16,18.979999542236328,-0.04671021156721211,-0.09619049798874624,0.025391642762982558,0.04361360850721119,0.17334269379985234,False,0.04400158672727028,0.19120024813936598,0.054304554548689765,0.2103127765767958,0.8545700281233028,1.2571962397882617,0.8609486054333606,0.8293747469050432,1.2571962397882617,712805702.5937293,0.26737955914767053,20.844999885559083,17.79716658592224,18.07651606400808,False,True,True,True,False,False,distribution,1,1,normal,False,False,,False,22.0,,0.05562245647961777,44.39022034071988,True,True,True,False,False,True,False,,Uptrend Under Pressure,18.81,0.009,0.3775571071382516,0.938326855384374,-0.034004080698393335,-0.20655914702468636,0.33585432402153875,0.7560381355932203,,False,,,0,0,0.375,0.898
ROIV,Roivant Sciences Ltd.,Health Care,XLV,25021267968.0,2026-09-16,39.56999969482422,0.0017721441727649445,-0.053575737978754256,0.058870774038539464,0.07768768863724307,0.08061961419468022,False,0.0780883343818064,0.09706598027578828,0.07124114786160418,0.06815171112572815,0.9464242620212457,0.6924423153087074,0.770223597435832,0.9564422889355985,0.6924423153087074,335083025.249506,0.3176466716332618,37.51150016784668,35.821333185831705,32.374874925613405,True,True,True,True,True,False,weak_rally,2,0,normal,False,False,,False,6.0,,0.04673635631142969,59.91220285678289,True,True,True,True,False,True,False,,Uptrend Under Pressure,41.48,-0.046,0.16153119750013056,0.9549750185957814,1.1977414688899968,0.10584035318098861,0.8852553214556755,0.7547139830508474,,False,,,0,0,0.375,0.898
PFG,Principal Financial Group Inc,Financials,XLF,23585767424.0,2026-09-16,116.63999938964844,-0.014615217680085335,0.022978449602869322,0.03877418400964938,0.05723396738179498,0.032412845393883005,True,0.0576270091642197,0.048125534095022404,0.07424814292486981,0.04340070119302819,0.9842207179742313,1.4709825665816247,1.0462913361645287,0.9006915754735337,1.4709825665816247,143266953.00668716,0.4068623509414275,113.05452117919921,111.7458568572998,105.2142339070638,True,True,True,True,True,False,distribution,4,4,normal,False,False,,False,8.0,분산4일,0.024289531359622845,58.369053498566615,True,True,True,True,False,True,False,,Uptrend Under Pressure,118.51,-0.0158,0.1846992510096017,0.9550887806277483,0.18287087466822527,0.12087223690325066,0.7560035777528821,0.7530190677966102,,False,,,0,0,0.375,0.898
SOLV,Solventum Corporation,Health Care,XLV,15500572672.0,2026-09-16,88.83000183105469,-0.013657514555658445,-0.013328856653479604,0.015780502355297488,0.03383167104602203,0.15473427861271127,False,0.034216012691534736,0.17230862431494232,0.0276474693586366,0.1414112601638291,0.9609476361422665,1.1039771522532067,0.9813853717079746,1.0368517533810284,1.1039771522532067,79887658.41870423,0.0480378243813401,90.22099990844727,84.20216623942058,78.0603330930074,False,True,True,True,True,False,distribution,1,2,normal,False,False,,False,34.0,,0.02533283219153148,50.84826536429815,True,True,True,True,False,True,False,,Uptrend Under Pressure,88.55,0.0032,0.5849510916552816,0.9549750185957814,0.0032564811537558747,0.09180076073910048,0.604502005709949,0.7524364406779661,,False,,,0,0,0.375,0.898
DG,Dollar General Corporation,Consumer Staples,XLP,27963176960.0,2026-09-16,123.01000213623047,-0.013552484790462116,-0.012523059825122251,0.017957678451695047,0.036047537167374966,0.05670750951224468,False,0.03643270259267206,0.07278994806306249,0.045443634604197536,0.08523394208454493,0.9234291414792423,0.8500156189448052,0.8950859634797458,1.4746715147320217,0.8500156189448052,341965962.2413952,0.21529813004123766,125.79300003051758,122.72643686930338,117.84083182017008,False,True,True,True,True,False,dry_up,1,2,normal,False,False,,False,10.0,,0.0382198839364854,46.66816120479999,True,True,True,True,False,True,False,,Uptrend Under Pressure,131.09,-0.0616,0.3164233058914521,0.9374568435182988,-0.008334608975791746,-0.2001912986709663,0.36396678833435725,0.7521716101694915,,False,,,0,0,0.375,0.898
ABEV,Ambev S.A.,Consumer Staples,XLP,44255391744.0,2026-09-16,2.990000009536743,-0.009933765423590035,-0.00664451195677096,0.07553958284466811,0.09465271446952572,-0.011713189213312769,False,0.0950596672040247,0.0033279283731393328,0.1045803125725615,0.014966186882928945,0.9522292705872348,0.7741016448795235,0.8247542622862539,2.0095780125329963,0.7741016448795235,94074513.04839334,0.4,2.9485000014305114,3.0091833154360454,3.0520052293936413,True,False,False,True,False,False,dry_up,1,1,normal,False,False,,False,33.0,,0.02293358898913063,52.21642408363019,True,True,True,True,False,True,False,,Uptrend Under Pressure,3.12,-0.0417,0.3347432356135141,0.9374568435182988,0.012255562741065207,-0.16981264666098528,0.4085802826063388,0.7519067796610169,,False,,,0,0,0.375,0.898
LYB,LyondellBasell Industries NV,Materials,XLB,21023309824.0,2026-09-16,64.9000015258789,-0.008100241125246432,0.006045564668016201,0.0036732011938964693,0.021509214213541572,0.19081813581528873,False,0.021888974810254203,0.2089416556370498,0.031973719276532586,0.22833884079432898,0.9628483949834744,1.257427113834825,1.235675227274338,0.9716053360540071,1.257427113834825,215140076.3533264,0.6934672885193045,64.59995937347412,60.430775833129886,65.13886782328288,True,True,True,False,False,False,distribution,1,3,normal,False,False,,False,21.0,분산3일,0.0344265840074493,54.485102683974375,True,True,True,True,False,True,False,,Uptrend Under Pressure,64.07,0.013,0.35764407003538,0.938326855384374,0.09578765241088938,-0.20670305003709477,0.4454519171696,0.7515360169491525,,False,,,0,0,0.375,0.898
DHR,Danaher Corporation,Health Care,XLV,150129704960.0,2026-09-16,208.36000061035156,-0.004776461583323788,0.017134461324166406,0.04399237748644369,0.06254489200522184,0.06394835482327821,False,0.06293990819950324,0.08014099458750867,0.05618893281177506,0.051672800332076774,0.9520676024646656,1.0670593526278818,1.0260826250268134,1.1591925193082755,1.0670593526278818,703451432.5031579,0.3179238845975569,210.26300048828125,201.2163070678711,190.91488609313964,False,True,True,True,True,False,distribution,2,3,normal,False,False,,False,38.0,분산3일,0.026166942128407315,52.86685305853594,True,True,True,True,False,True,False,,Uptrend Under Pressure,192.5,0.0824,0.44897989200681826,0.9549750185957814,-0.08408527682219835,-0.09984524871501632,0.38731343283582087,0.7506885593220339,,False,,,0,0,0.375,0.898
SAP,SAP  SE,Information Technology,XLK,254952177664.0,2026-09-16,213.1999969482422,-0.011452688096043162,0.019412821891758636,0.012970949359554229,0.030972190221427942,0.29881077763281505,True,0.031355468814224796,0.31857787906096835,0.02227842201578878,0.2759973728134637,0.9623544434836242,0.6012208365890044,0.8327607012466015,0.6510005398605145,0.6012208365890044,472954377.28090286,0.07343383925842925,214.80999832153321,187.31866607666015,179.05380897521974,False,True,True,True,True,False,dry_up,0,2,normal,False,False,,False,34.0,,0.029437787127927068,55.00671869628164,True,True,True,True,False,True,False,,Uptrend Under Pressure,185.99,0.1463,0.4060443850444906,0.9290615743084026,-0.2913158165993023,-0.039545577946346055,0.2852580318745257,0.7500529661016949,,False,,,0,0,0.375,0.898
ADM,Archer-Daniels-Midland Company,Consumer Staples,XLP,39178493952.0,2026-09-16,85.0,-0.018589084389858956,-0.01790875790993207,0.03747100797496605,0.05590763294784984,0.08465832050018829,False,0.05630018164656203,0.10116615320796307,0.06548384508825822,0.11393930143881614,0.9780232012239336,1.1211655900330932,0.9771684343178789,0.9386458384828797,1.1211655900330932,306727728.0697708,0.21917937069758367,83.18750076293945,80.97406247456868,78.02144349416098,True,True,True,True,True,False,distribution,2,2,normal,False,False,,False,86.0,,0.030495811911190256,56.84023344226768,True,True,True,True,False,True,False,,Uptrend Under Pressure,81.83,0.0388,0.3807001585846706,0.9374568435182988,0.16195316962088335,-0.02022570815186142,0.652956163492465,0.7492584745762713,,False,,,0,0,0.375,0.898
BBDO,Banco Bradesco Sa,Financials,XLF,31661639680.0,2026-09-16,3.1500000953674316,-0.003164553858114205,0.0031847102322188903,0.046511662906227436,0.06510894698495218,0.04561917541891369,False,0.06550491640318423,0.061532856342780384,0.08224985538896412,0.05674758472879682,0.9165437572454471,1.0734539834625516,0.6544293162719235,1.0942504915322564,1.0734539834625516,223094.413570714,0.23077064152881194,3.112760770320892,3.101949667930603,3.149000777800878,True,True,True,True,False,False,distribution,2,2,normal,False,False,,False,,,0.03830389586817885,52.19672918142266,False,True,True,True,False,True,False,,Uptrend Under Pressure,,,0.4277940209137627,0.9550887806277483,-0.06706143042156854,-0.15885491199283674,0.3567109970727476,0.7486228813559321,,False,,,0,0,0.375,0.898
HUBS,"HubSpot, Inc.",Information Technology,XLK,13379203072.0,2026-09-16,236.4600067138672,-0.02273102929156423,0.027238386576136975,0.04517327162552576,0.06374677150409469,0.14265049504170513,False,0.06414223451419465,0.16004093298801259,0.05477662861501509,0.12258002075912389,0.9047291856700953,1.0895992070497287,0.9778197751078425,0.8211252430405411,1.0895992070497287,301677270.27664644,0.17145671708107033,243.30949935913085,222.68683217366535,218.38883285522462,False,True,True,False,True,False,distribution,1,3,normal,False,False,,False,29.0,분산3일,0.05555876567220766,49.73838520534324,True,True,True,True,False,True,False,,Uptrend Under Pressure,250.21,-0.055,0.4593894274419956,0.9290615743084026,-0.6417708555474801,-0.3002771138812651,0.02736709912905208,0.7485169491525423,,False,,,0,0,0.375,0.898
TRI,Thomson Reuters Corp,Industrials,XLI,46493663232.0,2026-09-16,101.30999755859375,-0.012669360140581287,0.04464831977499184,0.010724766216354764,0.028686090747156667,0.11408825857770455,False,0.029068519449919616,0.1310439968472601,0.09974954272736136,0.21457101567559733,0.9064960238198758,0.6434061880830148,0.9535553206827689,0.8534322062968265,0.6434061880830148,151355929.1555237,0.2751825802678344,103.9194995880127,97.13130811055501,91.56079692840576,False,True,True,True,True,False,dry_up,2,2,normal,False,False,,False,20.0,,0.042299435469760366,49.28492231061618,True,True,True,True,False,True,False,,Uptrend Under Pressure,100.24,0.0107,0.34785166275821733,0.904562820667949,-0.493235360086939,-0.0837373463351303,0.1848758628166673,0.7477224576271186,,False,,,0,0,0.375,0.898
PAA,"Plains All American Pipeline, L",Energy,XLE,18097778688.0,2026-09-16,25.420000076293945,-0.013581698690435351,-0.01663444096055111,0.050847437580854304,0.06952177157329076,0.13042541810953745,True,0.0699193815219028,0.14762979790184239,0.04510333315013115,-0.02717204478831503,0.9739463488414903,0.7672752223815242,1.0660503883000554,0.8068983042935395,0.7672752223815242,67022723.374178216,0.4098356555019136,25.430500030517578,23.891037686665854,22.81364509264628,False,True,True,True,True,False,dry_up,2,5,normal,False,False,,False,133.0,분산5일,0.017618304895734307,54.91834203646358,True,True,True,True,False,True,False,,Uptrend Under Pressure,21.31,0.1926,0.37856218120811747,0.971181533185436,0.258047271169064,-0.015906433245182705,0.6970844927902858,0.7453919491525425,,False,,,0,0,0.375,0.898
SSNC,"SS&C Technologies Holdings, Inc",Information Technology,XLK,19469324288.0,2026-09-16,80.55000305175781,-0.009103184345372384,0.015250904584291236,0.0038781739730948672,0.02171782951019896,0.20908885111929254,False,0.022097667662619003,0.2274904399937583,0.013102099555909241,0.1878513976748255,0.9517902122879323,0.8680893201020347,0.8673417722186779,1.0685674516109847,0.8680893201020347,124400503.73306274,0.5397969366258534,81.94349060058593,75.14542452494304,71.43145955403646,False,True,True,True,True,False,dry_up,2,3,normal,False,False,,False,28.0,분산3일,0.021564011680228683,50.9116984802813,True,True,True,True,False,True,False,,Uptrend Under Pressure,79.55,0.0126,0.5214721007522153,0.9290615743084026,-0.23102361778061353,-0.04725324069743009,0.3138836688229555,0.7444385593220338,,False,,,0,0,0.375,0.898
WDAY,"Workday, Inc.",Information Technology,XLK,47585447936.0,2026-09-16,187.75999450683594,-0.0152619902976604,0.009191031588440257,-0.015107033634248368,0.002395240761601247,0.296076142823575,False,0.0027678954664995814,0.3158016247913926,-0.0060575496786001715,0.27331077142988547,0.9074038090486272,0.5415985012023344,0.6221213686689904,1.2309896342337003,0.5415985012023344,697394792.3926361,0.4033586507268243,194.6764991760254,165.86966552734376,146.66608289082845,False,True,True,True,True,False,dry_up,0,0,normal,False,False,,False,12.0,,0.04557489473563287,50.36604002685252,True,True,False,True,False,True,False,,Uptrend Under Pressure,204.72,-0.0828,0.5204588386709968,0.9290615743084026,-0.27391523656290717,0.22138555986492192,0.4440135882331683,0.7444385593220338,,False,,,0,0,0.375,0.898
SMCI,"Super Micro Computer, Inc.",Information Technology,XLK,24115425280.0,2026-09-16,36.849998474121094,0.03395059217717322,-0.05342927857049484,-0.014969296326520998,0.0025354257628715793,0.39200639668706594,False,0.0029081325835405014,0.4131918781334867,-0.00591854680029924,0.36755602563561296,0.9153005467069715,0.8504528371473484,0.9350213218176239,1.1451375935318415,0.8504528371473484,1378760594.6619332,0.8465905026952162,37.561499786376956,32.47799984614054,31.885416507720947,False,True,True,True,True,False,weak_rally,1,1,normal,False,False,,False,21.0,,0.059604569603786996,51.09657212217152,True,True,False,True,False,True,False,,Uptrend Under Pressure,38.28,-0.0374,0.4727730741413237,0.9290615743084026,-0.28637507735426904,0.04909340607024881,0.352863105778613,0.7439088983050848,,False,,,0,0,0.375,0.898
MDT,Medtronic plc.,Health Care,XLV,116030259200.0,2026-09-16,92.5999984741211,-0.012266682942708385,0.007726619753929853,0.005538084010332733,0.02340723737302408,0.09532895504032401,True,0.02378770358687432,0.1119991882446838,0.01728539283924113,0.08269133949025198,0.9833280267032865,1.2210704481226806,0.9075111426310032,0.9547747058783808,1.2210704481226806,749331075.1591533,0.08470602596507353,92.30950012207032,87.04887491861979,83.71704692840576,True,True,True,True,True,False,distribution,3,2,normal,False,False,,False,10.0,,0.026423164292257887,55.477643089356924,True,True,True,True,False,True,False,,Uptrend Under Pressure,92.04,0.0061,0.37628254865784966,0.9549750185957814,-0.15296638944586682,-0.10008305343015966,0.32825701998482165,0.7416313559322034,,False,,,0,0,0.375,0.898
CHYM,"Chime Financial, Inc.",Information Technology,XLK,12534953984.0,2026-09-16,31.25,-0.07021721414740778,-0.09551372821799531,-0.020683166736700453,-0.003279984338620978,0.4671994485101749,False,-0.002909439479469089,0.4895293219709498,-0.011684917919050464,0.44142832345792016,0.9044862717820047,1.0722016412802429,1.241056684422769,1.1871340525647587,1.0722016412802429,254037841.85884476,0.15737056636807695,33.013000106811525,26.796500142415365,23.066375080744425,False,True,True,True,True,False,distribution,3,3,normal,False,False,,False,5.0,분산3일,0.05106285313197544,48.72475502405458,True,False,False,True,False,True,False,,Uptrend Under Pressure,34.55,-0.0955,0.39237517521439513,0.9290615743084026,0.14484617198462502,0.38212958227002014,0.7992934841530845,0.7409427966101694,,False,,,0,0,0.375,0.898
COIN,"Coinbase Global, Inc.",Financials,XLF,49633001472.0,2026-09-16,164.50999450683594,-0.044157841360547456,-0.058436393329519776,0.12500854348212398,0.1450007750221216,-0.0023434724488627934,False,0.1454264453650893,0.012840246465531502,0.16342739087464464,0.008274475701158135,0.8537104157350979,1.2257907680506885,1.0457041350446248,1.2175829570186212,1.2257907680506885,1998017253.6333795,0.2586198443268013,179.16650009155273,163.95749944051107,173.34958305358887,False,True,True,False,False,False,distribution,2,2,normal,False,False,,False,17.0,,0.07684725239693195,46.01331346583159,True,True,True,False,False,True,False,,Uptrend Under Pressure,186.49,-0.1179,0.2501760605533384,0.9550887806277483,-0.6105344355524758,-0.3815896698477046,0.014023707130208523,0.7406249999999999,,False,,,0,0,0.375,0.898
GM,General Motors Company,Consumer Discretionary,XLY,78072258560.0,2026-09-16,84.29000091552734,-0.01265083514475962,0.006327587939108037,0.009011093126349623,0.02694196442246488,0.10159342836529595,False,0.027323744721430288,0.11835900300178848,0.06560656277760235,0.18363174123763315,0.9353744220825753,1.0627591666685015,1.0524235472450683,0.9318256847014389,1.0627591666685015,518663337.80954206,0.4361706876610596,85.91923751831055,83.19109954833985,80.59779993693034,False,True,True,True,True,False,distribution,3,6,normal,False,False,,False,35.0,분산6일,0.02682476545912799,46.19478000037526,True,True,True,True,False,True,False,,Uptrend Under Pressure,90.11,-0.0646,0.3879109057300809,0.8883820050871151,0.21871015588012943,-0.013827985367641293,0.6844909833399587,0.7404131355932203,,False,,,0,0,0.375,0.898
ESTC,Elastic N.V.,Information Technology,XLK,10254513152.0,2026-09-16,85.02999877929688,-0.0015265955521599484,-0.017902552771740132,0.00023522694464062077,0.018010144626283253,0.41801341404850056,False,0.01838860439404999,0.4395947063080745,0.009425680067186581,0.3931062338717861,0.8510659159503594,0.6539270606143626,0.6844988904584981,0.8679535514781903,0.6539270606143626,272335942.2861954,0.5125245492926276,87.51750030517579,72.67350037892659,62.86016680399577,False,True,True,True,True,False,dry_up,1,0,normal,False,False,,False,12.0,,0.06964348714696761,51.952836756979146,True,True,True,False,False,True,False,,Uptrend Under Pressure,99.91,-0.1489,0.26601188801460623,0.9290615743084026,-0.20066831067079471,0.30063423088319285,0.5078737667594233,0.7365995762711864,,False,,,0,0,0.375,0.898
SONY,Sony Group Corporation,Information Technology,XLK,143769468928.0,2026-09-16,23.729999542236328,-0.00794316611419743,0.01237197105679888,0.012804064581863228,0.030802339778155607,0.09955517976496875,False,0.031185555226631356,0.116289733511034,0.022110003852065407,0.08024166784376985,0.9507211703785079,0.7694211629648836,0.8024100028054749,1.233763823038737,0.7694211629648836,94561212.68004093,0.18181728106375494,24.11949987411499,22.52983331680298,21.833749977747598,False,True,True,True,True,False,dry_up,1,1,normal,False,False,,False,8.0,,0.023523576522068487,49.61894047176178,True,True,True,True,False,True,False,,Uptrend Under Pressure,24.96,-0.0493,0.3581824123280257,0.9290615743084026,-0.31663797082438494,-0.021688121644311553,0.286863503306711,0.735699152542373,,False,,,0,0,0.375,0.898
CLH,"Clean Harbors, Inc.",Industrials,XLI,16641179648.0,2026-09-16,318.9599914550781,0.0023883696382525077,0.01032619297432591,-0.0016901675897398327,0.01605053441099935,0.061585675164100184,False,0.01642826566576372,0.07774235639667282,0.0862410998430001,0.15733307642681327,0.9773855335979985,1.3478910853367088,0.9742776135280017,1.0604965955770638,1.3478910853367088,122053342.0855362,0.2156603204718098,316.9885025024414,310.15033365885415,302.2225842793783,True,True,True,True,True,False,accumulation,1,1,normal,False,False,,False,34.0,,0.019075379904369996,54.08880725480391,True,True,True,True,False,True,False,,Uptrend Under Pressure,326.34,-0.0226,0.4921665544664024,0.904562820667949,0.1744086598489114,-0.030932619467324285,0.6536446098803802,0.7354872881355932,,False,,,0,0,0.375,0.898
SCCO,Southern Copper Corporation,Materials,XLB,176358064128.0,2026-09-16,189.8800048828125,0.002587282827726911,-0.09261201439719213,0.011075621923613221,0.02904318141909812,0.08806865538198672,False,0.02942574287540345,0.12012935407998437,0.03958486565665753,0.127210788990475,0.8642694925824018,0.7977550187021795,0.8709133636804924,1.0929097401906922,0.7977550187021795,241296594.08796692,0.45103365267318357,203.4644989013672,188.4803545633952,184.42927322387695,False,True,True,True,True,False,weak_rally,2,2,normal,False,False,,False,5.0,,0.04549678150639773,43.762649932921086,True,True,True,False,False,True,False,,Uptrend Under Pressure,209.26,-0.0926,0.32636984886829473,0.938326855384374,0.5876375430871634,-0.050217554671244,0.7418317010588702,0.7351165254237287,,False,,,0,0,0.375,0.898
RACE,Ferrari N.V.,Consumer Discretionary,XLY,74278215680.0,2026-09-16,412.3399963378906,0.013319528976961426,0.024880098674491924,-0.00024247430638069112,0.017523954271714492,0.05654693727252469,False,0.01790223329129348,0.07262693201258608,0.055833962404231,0.13523052957835158,0.9445640451428613,1.3030824207068543,0.9008920892755649,1.2597615222253726,1.3030824207068543,149490702.70580596,0.5558753250867998,415.83700103759764,395.08483428955077,369.6562848409017,False,True,True,True,True,False,accumulation,1,0,normal,False,False,,False,24.0,,0.019141618647545315,52.23519603983145,True,True,True,True,False,True,False,,Uptrend Under Pressure,407.21,0.0126,0.3703150871685263,0.8883820050871151,-0.25474447997823035,0.08281713180442063,0.3908966065555997,0.733739406779661,,False,,,0,0,0.375,0.898
EMBJ,Embraer S.A.,Industrials,XLI,12734691328.0,2026-09-16,74.01000213623047,-0.0009449202631481857,-0.00430512157865337,-0.039828744445973174,-0.0227657930841364,0.11244100603351348,False,-0.02240249235186431,0.1293716741322024,0.04474327188838512,0.21277519278610146,0.9518971335849578,1.053310012606586,1.0742312723097223,1.353377043223202,1.053310012606586,87093974.51294136,0.3262414198256138,74.36949996948242,69.84007631937662,65.2978043238322,False,True,True,True,True,False,distribution,1,3,normal,False,False,,False,22.0,분산3일,0.028584464531519152,53.16322330002558,True,False,True,True,False,True,False,,Uptrend Under Pressure,75.38,-0.0182,0.4608853324239895,0.904562820667949,0.15000387113755287,0.14181631377925186,0.7501653355498537,0.7315677966101694,,False,,,0,0,0.375,0.898
CTAS,Cintas Corporation,Industrials,XLI,80750215168.0,2026-09-16,199.4600067138672,0.002563507280463506,-0.002899353088039902,5.018684270829965e-05,0.017821816225267684,0.09056122603409111,False,0.018200205979269635,0.10715889733453765,0.08813474493337758,0.18892201381930818,0.9235585950656303,1.1835030679628695,1.0760053084257792,0.8909549729190805,1.1835030679628695,354046958.68245316,0.4770436860891939,201.91799850463866,195.89796193440756,184.02482325236002,False,True,True,True,True,False,accumulation,1,4,normal,False,False,,False,43.0,분산4일,0.016985142412827985,47.498445536050546,True,True,True,True,False,True,False,,Uptrend Under Pressure,205.72,-0.0304,0.6197366115667224,0.904562820667949,-0.1535954650963307,-0.10942659335071148,0.3212614289328177,0.7311440677966101,,False,,,0,0,0.375,0.898
PR,Permian Resources Corporation,Energy,XLE,19506704384.0,2026-09-16,22.950000762939453,-0.06288276939858861,-0.028365793924150062,0.026845654193687896,0.045093458793410424,0.19209217425935,False,0.045481987168886295,0.2102350841628542,0.021232747447204048,0.025897484018004624,0.9371172306014114,1.7296153594964003,1.0673755718114055,0.9760365725911732,1.7296153594964003,237498816.33560562,0.28030373089038524,23.510500335693358,21.226166820526124,20.691679000854492,False,True,True,True,True,False,distribution,2,2,interest,False,False,,False,19.0,,0.03226890064892593,50.18633069043916,True,True,True,True,False,True,False,,Uptrend Under Pressure,23.02,-0.003,0.32886918722001257,0.971181533185436,0.4736134869700901,-0.009373829877466933,0.7606022550684832,0.7309322033898304,,False,,,0,0,0.375,0.898
FIVE,"Five Below, Inc.",Consumer Discretionary,XLY,13649104896.0,2026-09-16,237.67999267578125,0.006819948750843796,-0.03820007538009895,-0.00347994570529786,0.014228950618321079,0.33720060456921286,False,0.014606004673371364,0.3575519755583596,0.052414901114426815,0.4367851506875742,0.9046893710848969,0.8756762102416886,0.8017716662257186,0.7380369799901859,0.8756762102416886,315083682.3767273,0.3953323707996282,246.72750091552734,219.6533332824707,219.35033327738444,False,True,True,True,True,False,weak_rally,1,2,normal,False,False,,False,7.0,,0.046543673598519214,48.23872307104947,True,True,True,True,False,True,False,,Uptrend Under Pressure,252.2,-0.0576,0.25379110624611106,0.8883820050871151,0.3732861939211851,-0.03733651961011153,0.7259667160565212,0.7308262711864406,,False,,,0,0,0.375,0.898
DIS,Walt Disney Company (The),Communication Services,XLC,185705168896.0,2026-09-16,106.98999786376953,0.005356133289152298,0.02697252400040684,0.029244838910779336,0.04753527879238417,0.08833026855006287,False,0.04792471494921635,0.10489398604936451,0.0062917987430926026,0.07832682670844138,0.9617078459664677,1.2940695182708626,1.05194808248063,1.272800641204836,1.2940695182708626,838435076.9531453,0.3610432538618225,107.31349983215333,101.71661694844563,101.32362073262533,False,True,True,True,True,False,accumulation,2,1,normal,False,False,,False,26.0,,0.020599375832734836,53.87737000910658,True,True,True,True,False,True,False,,Uptrend Under Pressure,103.18,0.0369,0.37296727189227386,0.9464981965192371,-0.23173056542132864,-0.1020645003543631,0.26387553756640525,0.7302436440677966,,False,,,0,0,0.375,0.898
V,Visa Inc.,Financials,XLF,708301750272.0,2026-09-16,370.92999267578125,-0.012486029770441331,0.009635476975963009,0.01833903274064852,0.03643566840330181,0.04626500229292341,False,0.03682097812191287,0.06218851230470879,0.053115134770607586,0.05740028506684203,0.9656114399205561,1.2725381262676756,0.9088124931140132,1.2459057713159167,1.2725381262676756,2121946749.9043822,0.33634078987741267,374.6900039672852,362.0665761311849,339.69454930623374,False,True,True,True,True,False,distribution,1,1,normal,False,False,,False,56.0,,0.014857372798837759,50.3059458053357,True,True,True,True,False,True,False,,Uptrend Under Pressure,335.61,0.1053,0.34725023575307357,0.9550887806277483,-0.09747509931803244,0.008551625768968618,0.46394329803765677,0.7288135593220338,,False,,,0,0,0.375,0.898
PM,Philip Morris International Inc,Consumer Staples,XLP,291928276992.0,2026-09-16,191.7100067138672,-0.01236409195269661,0.032308436718999856,0.021799444105757848,0.03995757383051002,0.01229105788257523,False,0.040344192867616036,0.02769750535019444,0.0493891320779134,0.03961844256214375,0.9577359667659195,0.7310790403123107,1.0031766960219821,1.7315612729045697,0.7310790403123107,757652142.8406487,0.04061004136136198,189.72850036621094,187.69634602864582,179.20708262125652,True,True,True,True,True,False,dry_up,3,0,normal,False,False,,False,35.0,,0.023752393036883923,53.95388014672184,True,True,True,True,True,True,False,,Uptrend Under Pressure,200.17,-0.0423,0.44496675103231825,0.9374568435182988,0.0007086729717316054,-0.06209165566956265,0.4868969318058617,0.728072033898305,,False,,,0,0,0.375,0.898
PAYX,"Paychex, Inc.",Industrials,XLI,45292654592.0,2026-09-16,116.72000122070312,-0.013355890027859196,0.01716776662922115,-0.026765605572454332,-0.009470512598439007,0.08161039046237883,False,-0.009102269156321063,0.09807183554907684,0.058957013831719696,0.17916387718356375,0.916601261013014,1.056446189078475,1.0163237122137059,1.1925018826312008,1.056446189078475,279140347.3440674,0.15825063370518258,121.96250076293946,114.99012463887533,103.76361904144287,False,True,True,True,True,False,distribution,2,5,normal,False,False,,False,35.0,분산5일,0.022893370528343223,43.3996561428217,True,False,True,True,False,True,False,,Uptrend Under Pressure,118.87,-0.0181,0.39999871338799425,0.904562820667949,-0.20663813659835883,0.13342152895961323,0.45340428607567496,0.7264830508474577,,False,,,0,0,0.375,0.898
PAG,"Penske Automotive Group, Inc.",Consumer Discretionary,XLY,14221921280.0,2026-09-16,214.14999389648438,-0.009069486411233174,-0.019055488565029366,-0.00952783290973691,0.008073587997789122,0.15563114820266355,False,0.008448353709132439,0.17321914370859037,0.04602778769229343,0.2416937800776151,0.9647760827126871,1.6269844738634214,1.194980613151852,0.8770542123523782,1.6269844738634214,65804245.33062287,0.17320235364515807,217.3634994506836,206.91708475748698,184.7283602396647,False,True,True,True,True,False,distribution,2,4,interest,False,False,,False,34.0,분산4일,0.012321132795920202,46.76707542421652,True,True,True,True,False,True,False,,Uptrend Under Pressure,221.97,-0.0352,1.0,0.8883820050871151,0.06751171153039359,0.3158020062042799,0.7349363955043187,0.7252648305084746,,False,,,0,0,0.375,0.898
WMG,Warner Music Group Corp.,Communication Services,XLC,14756925440.0,2026-09-16,28.299999237060547,-0.02581755661608376,0.004971569261613684,0.08401340413020031,0.10327712180895987,-0.005982894521905036,False,0.10368728078969913,0.009145434626330218,0.05983897811739447,-0.01511945223014044,0.9576988144746788,1.0573305680726324,1.3231416403775926,1.481433398000207,1.0573305680726324,47864213.180384636,0.011109250856717792,28.151249885559082,27.367833296457928,28.356964635849,True,True,True,True,False,False,distribution,2,3,normal,False,False,,False,34.0,분산3일,0.030918733562837798,53.0049459471036,False,True,True,True,False,True,False,,Uptrend Under Pressure,28.99,-0.0236,0.4106622414353083,0.9464981965192371,-0.32217690720263625,-0.13529900284213958,0.1864235119800513,0.7252118644067798,,False,,,0,0,0.375,0.898
WDS,Woodside Energy Group Limited,Energy,XLE,44257611776.0,2026-09-16,23.06999969482422,-0.03794828460314659,-0.04630015768939422,0.007588659595602509,0.025494253198795613,0.1826076057360746,False,0.025875495290498263,0.20060616633848682,0.002081014739701015,0.01773519993030792,0.9536998423106058,1.1735338231343173,1.3572578478514266,1.3040430872712208,1.1735338231343173,13764631.698703766,0.02753741553765714,23.25047073364258,21.71286703745524,21.940683794021606,False,True,True,True,False,False,distribution,4,4,normal,False,False,,False,,분산4일,0.024775044675963413,50.49550098856878,False,True,True,True,False,True,False,,Uptrend Under Pressure,,,0.3452445516951026,0.971181533185436,0.27262777864682697,-0.09904706696133636,0.6320868418199559,0.7238877118644067,,False,,,0,0,0.375,0.898
LH,Labcorp Holdings Inc.,Health Care,XLV,26978725888.0,2026-09-16,324.510009765625,0.0016668473713219445,0.010619755830867383,0.009391521734838149,0.027329153527902106,0.1360230043297883,False,0.02771107776993098,0.15331257594254444,0.02118384877212942,0.1229158716107146,0.9583478434536465,0.810251159587232,1.2175102326708513,0.9590694583857605,0.810251159587232,226211312.49967042,0.8394348025654703,327.8762405395508,305.244960530599,283.2493002573649,False,True,True,True,True,False,weak_rally,4,3,normal,False,False,,False,33.0,분산3일,0.026357912524822183,53.632503669795675,True,True,True,True,False,True,False,,Uptrend Under Pressure,314.85,0.0307,0.3205715105456559,0.9549750185957814,0.0011488963749617387,0.034622483728533826,0.5655108236059413,0.722510593220339,,False,,,0,0,0.375,0.898
SBS,Companhia de saneamento Basico ,Utilities,XLU,17091190784.0,2026-09-16,5.28000020980835,0.007633671839197387,0.019305093587580258,0.16043955790594921,0.1810614247035296,-0.08468413188569757,False,0.18150050110652138,-0.07075358717864666,0.236266946938666,0.020924966699356506,0.8712871715616834,0.7419060232793542,0.7014740453599234,2.822575083622289,0.7419060232793542,50807929.22597387,0.916668653490054,4.9755000352859495,5.336999988555908,5.7086683233579,True,False,False,False,False,False,weak_rally,1,0,normal,False,False,,False,,,0.030167747977019082,58.384616713455024,True,True,True,False,False,True,False,,Uptrend Under Pressure,,,0.43393754319465033,0.8773219778194903,-0.18766392828134626,-0.30860836487168575,0.17088287376675942,0.7202860169491525,,False,,,0,0,0.375,0.898
MET,"MetLife, Inc.",Financials,XLF,60478337024.0,2026-09-16,97.2300033569336,-0.010079391686678707,0.016093644855640354,0.0051690270096962365,0.023031621957297244,0.058250410240622275,False,0.023411948530768,0.07435633079183379,0.03949537561932126,0.06951325238656048,0.972786456484665,1.1883321273157392,0.9139777589093117,1.2674876060279299,1.1883321273157392,283303886.7597187,0.6344837928068001,96.27200012207031,93.93325703938802,86.25992151896159,True,True,True,True,True,False,distribution,3,1,normal,False,False,,False,26.0,,0.019269491860326025,53.90567770820358,True,True,True,True,True,True,False,,Uptrend Under Pressure,97.03,0.0021,0.29708512239886736,0.9550887806277483,0.045546470135184425,0.22149471984071845,0.6983818799465145,0.7159957627118644,,False,,,0,0,0.375,0.898
AUR,"Aurora Innovation, Inc.",Consumer Discretionary,XLY,11283394560.0,2026-09-16,6.360000133514404,-0.012422348291186713,-0.021538440997783903,0.03414634713667053,0.05252389043443628,-0.0005505484996035648,False,0.0529151811786841,0.014660457614872557,0.09215165411796677,0.07388085667312749,0.8796680659385986,1.776512652284405,1.014349792513368,1.0827854132399946,1.776512652284405,185338755.55787235,0.23076972453508418,6.096250033378601,6.346250009536743,6.14729167620341,True,True,True,True,False,False,distribution,2,1,interest,False,False,,False,24.0,,0.04975293312951294,51.99534725607487,True,True,True,False,False,True,False,,Uptrend Under Pressure,6.87,-0.0742,0.37419319387775224,0.8883820050871151,0.0019565216607213554,0.4263003345320149,0.6869131943189621,0.7159957627118644,,False,,,0,0,0.375,0.898
UMC,United Microelectronics Corpora,Information Technology,XLK,49857220608.0,2026-09-16,22.530000686645508,0.04257288525263858,-0.007051557675018527,0.21915591151140656,0.2408212112173551,-0.04600855224978617,False,0.24128250417196484,-0.03148938900135778,0.23035787176234312,-0.06276526036040941,0.9040931226993851,1.0217724917194082,0.9793322995863327,1.7443600817114284,1.0217724917194082,223231858.83688125,0.4789918929575478,20.363000106811523,21.311153920491538,18.301312907536825,True,True,True,True,False,False,accumulation,3,1,normal,False,False,,False,10.0,,0.03994673162802511,61.513801834896455,True,True,True,True,True,True,False,,Uptrend Under Pressure,20.47,0.1006,0.5172242244054422,0.9290615743084026,1.4544180353665301,0.8027279320388003,0.9763814101405803,0.7151483050847458,,False,,,0,0,0.375,0.898
TECK,Teck Resources Ltd,Materials,XLB,33419673600.0,2026-09-16,64.25,-0.006187185095715586,-0.0853368370142148,0.006687580909604085,0.024577161679978587,0.09296663595457932,False,0.024958062829849803,0.10960091611498735,0.035073095291384915,0.1274042024193438,0.8939474888479165,0.6442901892333662,0.9302295440252627,0.9531401332901333,0.6442901892333662,211798190.25670624,0.49781612833369426,68.10761642456055,62.9752534866333,61.608353805541995,False,True,True,True,True,False,dry_up,1,3,normal,False,False,,False,6.0,분산3일,0.03951994568488041,43.407821632647455,True,True,True,False,False,True,False,,Uptrend Under Pressure,71.87,-0.1061,0.3898404864644494,0.938326855384374,0.3120326247193266,0.12229683285139892,0.8065284955368436,0.7146186440677966,,False,,,0,0,0.375,0.898
TS,Tenaris S.A.,Energy,XLE,28204285952.0,2026-09-16,56.29999923706055,-0.006002827617438644,-0.022399738011971038,0.06326720350995374,0.08216224590284238,0.03172490612526957,False,0.08256455512778715,0.0474271248137379,0.057455210601844886,-0.11211229446226356,0.965529032946462,0.8147847139697107,0.846597459591903,1.4094068950675767,0.8147847139697107,69508469.504953,0.27118611191930947,55.33599967956543,55.50566654205322,57.866343879699706,True,True,False,True,False,False,dry_up,0,2,normal,False,False,,False,124.0,,0.025463075554557145,52.95690401467889,True,True,True,True,False,True,False,,Uptrend Under Pressure,54.99,0.0239,0.3641062994106876,0.971181533185436,0.2862876311896687,-0.15636295699688085,0.5906020743738932,0.7130296610169492,,False,,,0,0,0.375,0.898
MUFG,"Mitsubishi UFJ Financial Group,",Financials,XLF,256068648960.0,2026-09-16,23.18000030517578,-0.022353386746605253,0.0017286480804852289,0.02024652313923747,0.03837705631309607,0.07961975258575693,False,0.03876308777030801,0.09605090138796779,0.05508776563675166,0.09111002628028375,0.9606299673173864,1.523342076911628,1.1647593285696534,0.8564893275373197,1.523342076911628,67375366.83221436,0.35064973668696214,22.952499866485596,22.195166683197023,20.382000001271567,True,True,True,True,True,False,distribution,4,4,interest,False,False,,False,45.0,분산4일,0.020769129098466163,52.282755776306466,True,True,True,True,False,True,False,,Uptrend Under Pressure,22.5,0.0302,0.3178178061025819,0.9550887806277483,0.24333324943622925,0.1809799058214192,0.8093482346138556,0.7129766949152543,,False,,,0,0,0.375,0.898
MO,"Altria Group, Inc.",Consumer Staples,XLP,114344067072.0,2026-09-16,70.0999984741211,0.0041541459055909336,0.049043721976806065,0.0924923623069056,0.11190675732591138,-0.032061735253499424,False,0.11232012449654061,-0.01733031002594876,0.12199083537995503,-0.005931679968678383,0.9506083672062328,0.9755363656154711,0.9552227597414863,1.2971179453595956,0.9755363656154711,554398853.7803062,0.5343498113031729,67.60056419372559,68.81583716074626,68.02721589406332,True,True,False,True,False,False,weak_rally,1,1,normal,False,False,,False,56.0,,0.019972556114013326,61.41497150006639,True,True,True,True,False,True,False,,Uptrend Under Pressure,72.63,-0.0348,0.5365035575419893,0.9374568435182988,-0.1237398657921609,-0.14889653850661155,0.31804235481189697,0.7119173728813559,,False,,,0,0,0.375,0.898
IOT,Samsara Inc.,Information Technology,XLK,23803705344.0,2026-09-16,40.65999984741211,-0.02376954723162894,0.05200512916376909,0.02728645695791876,0.04554209494786532,0.10946986963214878,False,0.04593079011021994,0.12635531886168905,0.03672546467507121,0.089982207759707,0.9475646700535774,0.6647961635876971,0.9418744088480051,0.8277613551454253,0.6647961635876971,307736924.8623562,0.06837599870887177,39.847500228881835,37.5663335164388,34.25658342043559,True,True,True,True,True,False,dry_up,3,4,normal,False,False,,False,8.0,분산4일,0.06344424463143546,53.671292810663175,True,True,True,True,False,True,False,,Uptrend Under Pressure,38.75,0.0493,0.30233096729822073,0.9290615743084026,-0.16366516471009407,-0.0009286277634699136,0.39937841061038637,0.7118114406779661,,False,,,0,0,0.375,0.898
BR,"Broadridge Financial Solutions,",Industrials,XLI,20795295744.0,2026-09-16,167.08999633789062,-0.01856096130460716,-0.006008386251949549,-0.010248828589740522,0.007339779692799198,0.12184119682910022,False,0.007714272600455763,0.13891493005174738,0.07692859080421965,0.22302321325865893,0.9065470279119933,0.8356301299330647,0.7626292029882099,0.7941439587498981,0.8356301299330647,188477108.01335144,0.36578901930235264,176.00653305053712,159.98895721435548,155.59132550557453,False,True,True,True,True,False,dry_up,0,3,normal,False,False,,False,19.0,분산3일,0.027970157441064077,44.96993226981998,True,True,True,True,False,True,False,,Uptrend Under Pressure,174.95,-0.0449,0.382364721976241,0.904562820667949,-0.42213011703228887,-0.18109086245247408,0.11653716887716382,0.7113877118644069,,False,,,0,0,0.375,0.898
PANW,"Palo Alto Networks, Inc.",Information Technology,XLK,311435952128.0,2026-09-16,375.6499938964844,0.001492968525050431,0.12100861550101683,0.004035866758239415,0.021878324612437883,0.1051850296253225,False,0.022258222431197572,0.12200526622460339,0.013261241268376578,0.08577263028638082,0.9486110956981929,0.8027889389375974,1.0139469237580592,1.0978496142492362,0.8027889389375974,2312126272.4990644,0.5670637994932892,352.7770004272461,346.6730000813802,281.3629997253418,True,True,True,True,True,False,weak_rally,2,1,normal,False,False,,False,11.0,,0.05776367002818647,58.17659849838797,True,True,True,True,False,True,False,,Uptrend Under Pressure,382.13,-0.017,0.23401485693380372,0.9290615743084026,0.5793287189873269,0.917902433433937,0.9411839109537061,0.7093220338983051,,False,,,0,0,0.375,0.898
BUD,Anheuser-Busch Inbev SA Sponsor,Consumer Staples,XLP,155757887488.0,2026-09-16,79.9000015258789,0.005537408085525941,0.02462167333023846,0.03189979608637583,0.050237416515089395,-0.0064181891299657234,False,0.05062785723009844,0.008703515101987191,0.05976220446483205,0.02040412856694429,0.9239130252586059,0.8084980185068366,0.6575920940188367,1.3874446673173029,0.8084980185068366,192718385.02048072,0.3921611648548918,79.06349983215333,80.8618335723877,78.87643114725749,True,False,False,True,False,False,weak_rally,1,3,normal,False,False,,False,33.0,분산3일,0.01669499191301928,51.228489251171034,True,True,True,True,False,True,False,,Uptrend Under Pressure,86.14,-0.0724,0.46873690592229145,0.9374568435182988,0.13201800091822435,-0.0671954998047255,0.5875718260995266,0.7091631355932203,,False,,,0,0,0.375,0.898
TWLO,Twilio Inc.,Information Technology,XLK,36186927104.0,2026-09-16,238.8800048828125,-0.013544758546805813,0.051454739714707154,0.02921154071953369,0.04750138886772204,0.11747666100501308,False,0.0478908124254922,0.13448396867606527,0.03866823666800556,0.09784836111505646,0.933307316784686,1.3467211058536543,1.0202979161440449,0.7989317174951684,1.3467211058536543,384686896.2558441,0.4205723353794643,230.5085006713867,216.09150060017905,194.0819999694824,True,True,True,True,True,False,distribution,1,1,normal,False,False,,False,27.0,,0.042854432673751955,56.85015833731032,True,True,True,True,False,True,False,,Uptrend Under Pressure,241.28,-0.0099,0.544464459276142,0.9290615743084026,0.8510776722832454,0.555939523130748,0.9557451844891764,0.7090572033898306,,False,,,0,0,0.375,0.898
FFIV,"F5, Inc.",Information Technology,XLK,23054624768.0,2026-09-16,423.5899963378906,-0.016918883360355852,0.04685760133030481,0.07613942785548922,0.0952632191685896,0.0069969911495153525,False,0.09567039886690432,0.022322866176651468,0.08602731092399529,-0.010690750903898039,0.9822148744282996,1.5088986721440318,1.1956734031571148,1.0467130348715532,1.5088986721440318,192692711.8203705,0.29021089480094736,397.89199981689455,404.3913345336914,375.492333984375,True,True,True,True,False,False,distribution,3,3,interest,False,False,,False,36.0,분산3일,0.032980357349600815,59.53715783994984,True,True,True,True,False,True,False,,Uptrend Under Pressure,407.96,0.0383,0.3071819549291958,0.9290615743084026,0.03246175872872348,0.1941791458226525,0.6754192114488092,0.7087923728813559,,False,,,0,0,0.375,0.898
OXY,Occidental Petroleum Corporatio,Energy,XLE,60158177280.0,2026-09-16,59.36000061035156,-0.06549118100492168,-0.0272041926410852,-0.0028029542813862163,0.014917972679133973,0.14417568081305854,False,0.015295282887946682,0.16158933114900575,-0.008253796871631969,-0.015338765267884247,0.9345088189950783,1.5163963670688443,1.2662980700122686,1.7974772324682253,1.5163963670688443,456896643.2431763,0.017770689332163248,60.305778121948244,56.26000951131185,56.875593249003096,False,True,True,True,False,False,distribution,5,1,interest,False,False,,False,28.0,,0.02732782513466153,49.08197182536478,True,True,False,True,True,True,False,,Uptrend Under Pressure,55.78,0.0641,0.3417028336192996,0.971181533185436,0.11521424141769754,-0.11276874525775149,0.5432311806584511,0.7070444915254238,,False,,,0,0,0.375,0.898
BSBR,Banco Santander Brasil SA,Financials,XLF,43053281280.0,2026-09-16,5.809999942779541,-0.0085324555623989,-0.013582330308911983,0.037500007450580686,0.055937147765533934,0.15338343574889346,False,0.05632970743679988,0.17093722245333787,0.07293045345644811,0.16565876817009761,0.9651162726225371,1.074604451006259,0.9032897152026521,0.5925329752071254,1.074604451006259,24238443.918379568,0.3076917433884752,5.8254999876022335,5.507285785675049,5.541785895824432,False,True,True,True,False,False,distribution,2,5,normal,False,False,,False,,분산5일,0.020899935821024195,51.41434081160861,False,True,True,True,False,True,False,,Uptrend Under Pressure,,,0.6049223546328358,0.9550887806277483,-0.07746013510450789,-0.1197843055830029,0.38206154457735536,0.7059851694915253,,False,,,0,0,0.375,0.898
DXCM,"DexCom, Inc.",Health Care,XLV,34362470400.0,2026-09-16,87.33999633789062,0.0102949614929575,0.041249394346298374,-0.025223238557121386,-0.007900736583708934,0.17718706027432862,False,-0.007531909555003713,0.1951031235077756,-0.013835302249186388,0.16360498757387787,0.9458522828861289,0.9211077563467798,0.9430093610875575,1.2780742662827758,0.9211077563467798,338634775.14584655,0.4708008364496,88.2324993133545,81.0476666768392,73.59858334859213,False,True,True,True,True,False,weak_rally,1,2,normal,False,False,,False,19.0,,0.029490653473429947,53.33191275927555,True,False,False,True,False,True,False,,Uptrend Under Pressure,89.88,-0.0283,0.6155100932027344,0.9549750185957814,-0.006488264636156038,0.1385807766771434,0.6213942394564707,0.7059322033898305,,False,,,0,0,0.375,0.898
KSPI,Joint Stock Company Kaspi.kz - ,Information Technology,XLK,19979466752.0,2026-09-16,97.75,-0.010226833883997477,-0.0010322382854131007,0.018419610766103434,0.036517678359697436,0.12309368097363005,False,0.03690301856667766,0.14018647623483482,0.02777714731319958,0.10336671902093952,0.9185910855936724,0.38309158979987173,1.2057339570942303,0.8172586332234852,0.38309158979987173,71552631.57015076,0.2680841116944085,102.17503204345704,92.77025006612142,86.42791290283203,False,True,True,True,True,False,dry_up,2,4,normal,False,False,,False,,분산4일,0.033081266788522475,47.09087092184611,True,True,True,True,False,True,False,,Uptrend Under Pressure,,,0.2460140184405993,0.9290615743084026,0.034651364393139206,0.21561856993653805,0.686452423114452,0.7039194915254237,,False,,,0,0,0.375,0.898
BNS,Bank Nova Scotia Halifax Pfd 3,Financials,XLF,111717957632.0,2026-09-16,92.95999908447266,-0.003430528505701913,0.009228080213752321,0.03139911147559005,0.04972783436950223,0.06935505030807487,True,0.050118085640092236,0.08562997665313743,0.0666212129379613,0.08073607791083548,0.979351041695301,0.7086425171163493,0.7929986254683625,0.5915816646533166,0.7086425171163493,199994700.0183731,0.49259966579135833,91.81899948120117,89.049338277181,82.80946782430013,True,True,True,True,True,False,dry_up,1,2,normal,False,False,,False,14.0,,0.0174230167387431,56.23135449583756,True,True,True,True,False,True,False,,Uptrend Under Pressure,93.59,-0.0067,0.27678349816310566,0.9550887806277483,0.21874849714144018,0.13305805912151136,0.7779272523580645,0.7036016949152544,,False,,,0,0,0.375,0.898
IREN,IREN LIMITED,Financials,XLF,13264110592.0,2026-09-16,42.619998931884766,0.02501195418546942,-0.06061274112279902,0.0147618793305897,0.032794946338904785,0.0614506172637046,False,0.03317890256724443,0.07760524299807736,0.04941582218961904,0.07274751885926523,0.9081610623212445,0.8073335441809945,0.7873852478340374,0.9547671577397687,0.8073335441809945,1694698827.4278457,0.4524078748921275,41.59525012969971,41.18475001653035,46.179958375295,True,True,False,True,False,False,weak_rally,1,0,normal,False,False,,False,23.0,,0.06755864956542383,51.532115416304734,True,True,True,True,False,True,False,,Uptrend Under Pressure,44.76,-0.0478,0.5203124523834202,0.9550887806277483,0.02274427927710443,-0.09744694464429116,0.4747226338043439,0.7033898305084745,,False,,,0,0,0.375,0.898
RCI,"Rogers Communication, Inc.",Communication Services,XLC,19928909824.0,2026-09-16,35.900001525878906,0.0016741454530011524,-0.014818801349632427,0.009461032330851937,0.02739989937847298,0.10667990034525232,False,0.02778184992127919,0.12352288795773059,-0.013050812030033776,0.09650779694952094,0.9539406663435158,0.9627452516387138,1.0404317791111428,1.1974280278720089,0.9627452516387138,34868405.548812866,0.4489840404826781,36.34762020111084,34.620132255554196,35.17693943977356,False,True,False,False,False,False,weak_rally,2,2,normal,False,False,,False,35.0,,0.024734051313690535,49.63879662812473,False,True,False,True,False,True,False,,Uptrend Under Pressure,34.41,0.0432,0.40062521920492244,0.9464981965192371,-0.13015092852533516,-0.20242603329200592,0.2633325503234433,0.7033368644067797,,False,,,0,0,0.375,0.898
AIZ,"Assurant, Inc.",Financials,XLF,13902396416.0,2026-09-16,283.55999755859375,-0.008912613762275368,0.011125356903530115,0.015589794888262842,0.03363757456664662,0.006907099523372429,False,0.03402184405402897,0.02223160645523059,0.050272010920547894,0.01762350048841199,0.943184843823768,1.3075395266322842,1.1578005247432341,1.4369404222394164,1.3075395266322842,88725374.74351807,0.23921563934249657,283.3922821044922,279.3306584676107,258.7468583424886,True,True,True,True,True,False,distribution,2,2,normal,False,False,,False,29.0,,0.01646795105194312,51.7021878556142,True,True,True,True,False,True,False,,Uptrend Under Pressure,300.64,-0.0568,0.5281569145259978,0.9550887806277483,0.1536667248778254,0.12086893496799234,0.738948718875357,0.7023834745762713,,False,,,0,0,0.375,0.898
TYL,"Tyler Technologies, Inc.",Information Technology,XLK,15243254784.0,2026-09-16,346.44000244140625,-0.01894487114915755,0.010972364439094884,0.04283438593764366,0.06136632209255155,0.06867992405165002,False,0.061760900136685004,0.0849445753902085,0.05241625256297233,0.049908731088392555,0.9134390077695228,0.6672883409263702,0.6953466985564765,0.8291845339739391,0.6672883409263702,350812064.69511414,0.37753698052303575,357.03300323486326,325.5165028889974,323.06933364868166,False,True,True,True,True,False,dry_up,0,0,normal,False,False,,False,13.0,,0.04106668466032766,49.98589595627773,True,True,True,True,False,True,False,,Uptrend Under Pressure,369.88,-0.0634,0.33642491431185845,0.9290615743084026,-0.49742107095556787,-0.20576117830225327,0.08190162986520183,0.7021716101694915,,False,,,0,0,0.375,0.898
WCC,"WESCO International, Inc.",Industrials,XLI,16588663808.0,2026-09-16,335.32000732421875,0.002571356488407117,-0.055418734880618103,-0.0382401345302078,-0.021148952398527765,0.083899118803201,False,-0.020785050582706854,0.10039539692796251,0.04647180678416629,0.18165903237806025,0.8976425515812342,1.043180809508371,1.044136116260989,1.1210423316851308,1.043180809508371,174438366.58567506,0.39502021840595625,342.5665557861328,341.9336842854818,337.17153116861977,False,False,False,True,True,False,accumulation,3,3,normal,False,False,,False,95.0,분산3일,0.03694730103698317,45.46090796965188,True,False,True,False,False,True,False,,Uptrend Under Pressure,348.11,-0.0367,0.3867061869170861,0.904562820667949,0.4768571184343997,0.23540854725385563,0.8942927613747245,0.701271186440678,,False,,,0,0,0.375,0.898
ARW,"Arrow Electronics, Inc.",Information Technology,XLK,10406595584.0,2026-09-16,211.6999969482422,-0.005309424766671289,-0.014110738320609384,-0.00847734347412854,0.009142745405430697,0.08273180506297728,False,0.009517908591265334,0.09921031739036579,0.0006330560091796222,0.06371379304377633,0.9276950034151739,0.8614513007292823,1.2989571944618987,1.4061415352265503,0.8614513007292823,113115334.72116852,0.4304684896969364,210.24850006103514,211.03866704305014,202.31475016276042,True,True,False,True,False,False,dry_up,2,2,normal,False,False,,False,30.0,,0.03591823134126488,49.637949831509665,True,True,True,True,False,True,False,,Uptrend Under Pressure,227.67,-0.0701,0.315204629066089,0.9290615743084026,0.46178332964328694,0.3506513159882081,0.9052853167576163,0.7002118644067796,,False,,,0,0,0.375,0.898
KDP,Keurig Dr Pepper Inc.,Consumer Staples,XLP,43355918336.0,2026-09-16,31.799999237060547,0.009844378158005096,-0.008728259913099112,0.032802802582050594,0.051156470102182494,0.0013537224388855407,False,0.051547252488449935,0.016593710386155314,0.06068959311064037,0.028385847399708286,0.9671532300495574,1.2555816183873412,1.1701513765996723,1.1454174770409056,1.2555816183873412,283908901.0474138,0.7803022859289657,31.976999855041505,31.34982655843099,29.879071299235026,False,True,True,True,True,False,accumulation,1,3,normal,False,False,,False,56.0,분산3일,0.019923632192364666,51.712210280239724,True,True,True,True,False,True,False,,Uptrend Under Pressure,33.4,-0.0479,0.49838858898023514,0.9374568435182988,-0.010140145242067855,-0.036367748602428196,0.5027176466336598,0.6978283898305085,,False,,,0,0,0.375,0.898
EBAY,eBay Inc.,Consumer Discretionary,XLY,46084198400.0,2026-09-16,109.16999816894531,0.010552618740442998,0.054680667722001086,0.07071399714803106,0.08974137455606734,-0.05342827705620057,False,0.09014650143001601,-0.039022037457115966,0.13077038497525084,0.017065196455353204,0.9324073073117884,1.0732819791999106,0.9102054024051779,1.2963892390419811,1.0732819791999106,454088913.07788086,0.8579382806041453,105.29572067260742,108.73851165771484,106.73000513712564,True,True,False,True,False,False,accumulation,3,1,normal,False,False,,False,42.0,,0.03245285866294165,56.27641478099875,True,True,True,True,True,True,False,,Uptrend Under Pressure,111.72,-0.0228,0.41246421365087826,0.8883820050871151,-0.04581858892148083,-0.06624263884743731,0.44641501933432115,0.6978283898305084,,False,,,0,0,0.375,0.898
AMD,"Advanced Micro Devices, Inc.",Information Technology,XLK,768438632448.0,2026-09-16,512.5,0.016461696929830127,-0.0165035041045003,0.05803171927886308,0.07683372325566284,-0.015343680225257339,False,0.07723405152643537,-0.00035781647970556385,0.06775322343734147,-0.032639011937776075,0.9186398511236293,1.246983690732786,1.116498739000662,1.3444526929597997,1.246983690732786,8615408443.408356,0.3042456836365416,482.3019989013672,501.54283345540364,442.52525062561034,True,True,False,True,False,False,accumulation,5,1,normal,False,False,,False,6.0,,0.03931984718668336,56.08289754188729,True,True,True,True,True,True,False,,Uptrend Under Pressure,505.74,0.0134,0.4776436327296998,0.9290615743084026,1.6561698559022688,1.2258646259257642,0.9867912254707094,0.6977224576271187,,False,,,0,0,0.375,0.898
AMT,American Tower Corporation (REI,Real Estate,XLRE,81869185024.0,2026-09-16,176.38999938964844,-0.007427872794716128,0.0054723066405264476,0.023559435475280832,0.041748841544707815,0.058438320749126804,False,0.042136126511093996,0.07454710118273566,0.06707445066894291,0.11927511541688207,0.983989762327712,1.1450424422172847,1.0948262595735738,0.7979549492600756,1.1450424422172847,360826252.9203377,0.014451721020484663,176.01800079345702,171.85700022379558,175.08759943644205,True,True,False,True,False,False,distribution,2,7,normal,False,False,,False,34.0,분산7일,0.023187259548143452,52.66791334806889,True,True,True,True,False,True,False,,Uptrend Under Pressure,179.26,-0.016,0.41015181433907677,0.9304499659860984,-0.2138572496459663,-0.1805789613795118,0.20779245419392145,0.6969279661016949,,False,,,0,0,0.375,0.898
SNOW,Snowflake Inc.,Information Technology,XLK,114873638912.0,2026-09-16,331.0199890136719,0.024893113362622676,-0.0013877819398142588,0.017489941524779562,0.03557148821030065,0.24928379047193006,False,0.03595647665761903,0.2682971216084442,0.026838935999619284,0.22734031930807497,0.9286054587486192,0.6874988633311684,0.747976171156062,0.6308883515072807,0.6874988633311684,1810865021.7787032,0.6603398962253223,327.7059982299805,297.6923319498698,237.09666633605957,True,True,True,True,True,False,weak_rally,1,3,normal,False,False,,False,8.0,분산3일,0.056415007467399296,54.06962498626948,True,True,True,True,False,True,False,,Uptrend Under Pressure,356.47,-0.0714,0.16682276756322537,0.9290615743084026,0.23684866916605896,0.632694971480585,0.8578529868815727,0.6944915254237288,,False,,,0,0,0.375,0.898
ABBV,AbbVie Inc.,Health Care,XLV,453124259840.0,2026-09-16,262.510009765625,-0.0020148979701936076,0.046231740202502536,0.013865271712156124,0.03188240534182074,0.029474446500507456,False,0.03226602232005016,0.04514241457724033,0.025709863823682122,0.0175966428383032,0.9869910462112341,0.7272621708874587,1.0015905601110104,1.3345424909830255,0.7272621708874587,1112117089.2565734,0.5074402510012812,259.6764976501465,253.49045842488607,231.7939484914144,True,True,True,True,True,False,dry_up,3,2,normal,False,False,,False,51.0,,0.021665807280148625,57.463097067332164,True,True,True,True,False,True,False,,Uptrend Under Pressure,252.96,0.0378,0.35077049109449304,0.9549750185957814,0.0033788762899849,-0.0010970181924995215,0.5390399696433089,0.6943326271186441,,False,,,0,0,0.375,0.898
VLTO,Veralto Corp,Industrials,XLI,24030709760.0,2026-09-16,95.75,0.002827782086025632,0.010874142377774287,-0.003330901382749385,0.014380643568405516,0.01981682639158877,False,0.014757754017469926,0.03533781142850145,0.08445584999169364,0.11179697757051987,0.9565434711245705,0.7356512521544211,0.710547532414636,0.963493364146583,0.7356512521544211,144894016.08124083,0.3024874468499892,97.22199974060058,94.68877957661947,90.64872875213624,False,True,True,True,True,False,weak_rally,2,2,normal,False,False,,False,11.0,,0.018894455940676288,48.12770510115501,True,True,True,True,False,True,False,,Uptrend Under Pressure,98.57,-0.0286,0.4060486659421738,0.904562820667949,-0.23668526529167389,-0.07903187133203993,0.28058436630407285,0.693061440677966,,False,,,0,0,0.375,0.898
PFE,"Pfizer, Inc.",Health Care,XLV,162212708352.0,2026-09-16,27.459999084472656,-0.003266793287849623,-0.011519135862609331,0.007706388421014898,0.025614074152263466,0.15103711478124726,False,0.02599536078911191,0.1685551919232604,0.019479028703751178,0.13775675323001457,0.9462439232018113,0.784215063557448,0.9000971490786419,0.7985848455635914,0.784215063557448,933686991.9925255,0.30302574921249603,28.093999767303465,25.93281955718994,25.856766653060912,False,True,True,True,True,False,dry_up,1,1,normal,False,False,,False,22.0,,0.01924878701473991,49.566368291557474,True,True,True,True,False,True,False,,Uptrend Under Pressure,26.79,0.025,0.2947610180082024,0.9549750185957814,0.01484500712853154,-0.12570488801009205,0.45032163637020706,0.692531779661017,,False,,,0,0,0.375,0.898
BJ,"BJ's Wholesale Club Holdings, I",Consumer Staples,XLP,11450426368.0,2026-09-16,92.9800033569336,-0.021880856880709176,0.050502780621596965,0.0031287183934498586,0.02095505555216093,0.05345340137510024,False,0.021334610132500265,0.06948631440094322,0.030214276617260394,0.0818919874094306,0.9298930427382682,0.613454667435871,0.776883757101349,1.0627470011093252,0.613454667435871,184551561.91381454,0.17607508826315335,92.54500045776368,92.2581667582194,92.3575833638509,True,True,True,False,False,False,dry_up,0,0,normal,False,False,,False,16.0,,0.025543126632108195,50.57788893172114,True,True,True,True,False,True,False,,Uptrend Under Pressure,98.49,-0.0559,0.255754430075725,0.9374568435182988,-0.1991343214430933,-0.15523027956101632,0.24560189367930327,0.691843220338983,,False,,,0,0,0.375,0.898
LOGI,Logitech International S.A. - R,Information Technology,XLK,14131257344.0,2026-09-16,99.52999877929688,-0.015918534902782944,0.008511463340872272,0.012409737066426008,0.030401004771942297,0.01630276329628,False,0.030784071018414405,0.03177026645359482,0.021712053140355847,-0.0015484331654249672,0.8913666085887055,0.823458666250388,1.007055021299453,1.735343331020887,0.823458666250388,72630289.4904892,0.26486493917107706,99.21149978637695,101.07683334350585,102.21383336385091,True,False,False,True,False,False,dry_up,5,0,normal,False,False,,False,35.0,,0.02754733693818424,47.777536161991584,True,True,True,False,True,True,False,,Uptrend Under Pressure,111.66,-0.1086,0.38836673135453537,0.9290615743084026,-0.2101847338238273,-0.056887167305251674,0.31968125474323295,0.689989406779661,,False,,,0,0,0.375,0.898
AES,The AES Corporation,Utilities,XLU,10516085760.0,2026-09-16,14.8100004196167,0.0006756911319565351,-0.0006747149401772345,0.00474902643049524,0.02260415765804291,0.016526498237009912,False,0.022984325315573262,0.03199740650255323,0.07040302347698679,0.13381327420845657,0.9986514157658635,1.0310077457285232,1.0110898493141822,0.9472076766138195,1.0310077457285232,116175933.45331487,0.2500059604701619,14.773000001907349,14.667053333918254,14.453356782595316,True,True,True,True,True,False,accumulation,2,4,normal,False,False,,False,138.0,분산4일,0.00308672363684624,61.47041809789483,True,True,True,True,False,True,False,,Uptrend Under Pressure,16.87,-0.122,0.36686968392555325,0.8773219778194903,0.006012087510380848,-0.08042162012468645,0.4780311517473167,0.6888771186440678,,False,,,0,0,0.375,0.898
ARGX,argenx SE,Health Care,XLV,64156639232.0,2026-09-16,984.6900024414062,0.00503183700767762,-0.01757938677665183,-0.008358581531128784,0.009263617835747695,0.06138535038942594,False,0.009638825957629216,0.07753898280210292,0.0032263779801322556,0.04913936716495604,0.9299178201325285,0.8207808705460005,0.8535832939768642,1.4338642362667464,0.8207808705460005,249887089.2947876,0.7410290323280068,1020.2760009765625,929.9649973551433,870.3524159749348,False,True,True,True,True,False,weak_rally,0,1,normal,False,False,,False,12.0,,0.02561974237853503,50.30749975294751,True,True,True,True,False,True,False,,Uptrend Under Pressure,1023.21,-0.0376,0.6051788623385773,0.9549750185957814,0.10420794210428497,0.20824246357055576,0.7402081601676845,0.6873940677966102,,False,,,0,0,0.375,0.898
CNQ,Canadian Natural Resources Limi,Energy,XLE,103219306496.0,2026-09-16,50.06999969482422,-0.028709981845592702,-0.01617320982133552,0.018743789804047672,0.03684761829823624,0.231131579197702,False,0.037233081165086945,0.24986864483997917,0.01317516917700745,0.059494237833370045,0.9712900181544073,0.9994222418546125,1.4591023293026255,0.7580070831645317,0.9994222418546125,355929441.08843803,0.2458671001873092,50.1876163482666,45.83094317118327,45.6097918510437,False,True,True,True,True,False,dry_up,2,4,normal,False,False,,False,124.0,분산4일,0.0273079837285525,54.3931444288459,True,True,True,True,False,True,False,,Uptrend Under Pressure,49.12,0.0193,0.3919063760239094,0.971181533185436,0.3271892942174377,-0.11407068506859308,0.6415308445665137,0.6867584745762711,,False,,,0,0,0.375,0.898
KOF,Coca Cola Femsa S.A.B. de C.V.,Consumer Staples,XLP,23352852480.0,2026-09-16,112.33000183105469,0.007443962610355959,0.02903992362218699,0.025002332190211973,0.04321737959843652,0.062074449382132135,False,0.043605210514755965,0.07823856945776742,0.052678501598005134,0.0907457656113948,0.9609067610335956,0.906098879555149,1.0805163789313597,0.7874931970531626,0.906098879555149,15111333.298487853,0.5060490105132962,112.2815013885498,108.18841260274252,105.43451188405355,True,True,True,True,True,False,weak_rally,1,3,normal,False,False,,False,,분산3일,0.018758494906806044,55.23201326800178,False,True,True,True,False,True,False,,Uptrend Under Pressure,,,0.36699745483305063,0.9374568435182988,0.076013237428044,-0.015331224677745281,0.5947309457554841,0.686281779661017,,False,,,0,0,0.375,0.898
MFG,"Mizuho Financial Group, Inc. Sp",Financials,XLF,129259462656.0,2026-09-16,10.930000305175781,-0.01973088079652252,-0.0009140105659097841,0.02629114522767928,0.04452909579411157,0.06360182162954309,False,0.044917414359605834,0.07978918737163987,0.061338810525186194,0.07492161825539267,0.9545851953928784,1.11223288030707,1.2495516559793698,0.7588669222863027,1.11223288030707,35354780.75879879,0.31944591616157336,10.78599991798401,10.459333260854086,9.647666652997335,True,True,True,True,True,False,distribution,4,5,normal,False,False,,False,,분산5일,0.02241537814064351,52.39574927908374,False,True,True,True,False,True,False,,Uptrend Under Pressure,,,0.3822782955069223,0.9550887806277483,0.3695091163164337,0.19901464770432553,0.8621914639875682,0.683686440677966,,False,,,0,0,0.375,0.898
NUE,Nucor Corporation,Materials,XLB,56637243392.0,2026-09-16,260.67999267578125,0.007186404833195548,0.010740137933156202,-0.013285929570342025,0.004248707187833434,0.13661167564084598,False,0.00462205094526924,0.15391020646899678,0.014536392834369805,0.17242442493883603,0.9488243500824199,0.7948966334988599,0.6946822399901488,0.8473732017115326,0.7948966334988599,344948049.93851316,0.4136463606668315,253.65550079345704,249.29310760498046,234.99080708821614,True,True,True,True,True,False,weak_rally,0,0,normal,False,False,,False,29.0,,0.027844761292211657,54.49256794190115,True,True,True,True,False,True,False,,Uptrend Under Pressure,274.74,-0.0512,0.34045724745053785,0.938326855384374,0.6512990615440648,0.46136430477614643,0.9370116728705142,0.6825741525423729,,False,,,0,0,0.375,0.898
EC,Ecopetrol S.A.,Energy,XLE,34270765056.0,2026-09-16,17.459999084472656,-0.0438116722005194,-0.02075158950177336,-0.0124435077435332,0.0051060994718121755,0.17857031375704913,False,0.005479761977038811,0.19650742925797382,-0.017841653487523312,0.014260764166897477,0.9561883277994806,1.1028659606325684,0.8780234842689354,1.2981920927887654,1.1028659606325684,28151344.589043807,0.033611047888931274,17.38700008392334,16.4631667137146,15.341938670476278,True,True,True,True,True,False,distribution,2,1,normal,False,False,,False,61.0,,0.032318746157446065,52.16296557764583,False,True,False,True,False,True,False,,Uptrend Under Pressure,16.58,0.0531,0.33526408393963897,0.971181533185436,0.6999981557632184,0.08736521371207084,0.8535614903689783,0.6820974576271186,,False,,,0,0,0.375,0.898
CME,CME Group Inc.,Financials,XLF,102659883008.0,2026-09-16,272.4599914550781,-0.009560525347428794,-0.008154425381914132,0.008098236623654165,0.02601288578646166,0.12746600506394112,False,0.026394320687214146,0.14462534440936348,0.04252461723551715,0.13946550113506406,0.9556257577572345,0.8714399772904576,0.8920224620949975,0.6968316162974865,0.8714399772904576,526727876.2751877,0.39450996403838,277.11744537353513,258.11144790649416,269.2351638793945,False,True,True,False,False,False,dry_up,0,2,normal,False,False,,False,12.0,,0.020245902103590088,49.31242871530305,True,True,True,True,False,True,False,,Uptrend Under Pressure,284.46,-0.0422,0.33671405059436393,0.9550887806277483,-0.09470177860823259,-0.2578786952673092,0.2641673593292617,0.6800847457627118,,False,,,0,0,0.375,0.898
HMY,Harmony Gold Mining Company Lim,Materials,XLB,12280805376.0,2026-09-16,19.219999313354492,-0.016376744482062167,-0.07596153757981294,-0.0031121043129721526,0.01460332882348081,0.23755845684640509,False,0.014980522058959833,0.25639333561476363,0.024997088883271568,0.2765518718416007,0.8164825219134417,0.9729472326908495,0.766820549374448,0.6493150951746646,0.9729472326908495,87308759.75314856,0.35483851120208043,20.785500049591064,17.854500007629394,17.181971955299378,False,True,True,True,True,False,dry_up,3,0,normal,False,False,,False,17.0,,0.04771815300767157,46.207644829527375,True,True,True,False,True,True,False,,Uptrend Under Pressure,23.54,-0.1835,0.30924000073011343,0.938326855384374,0.14910611847061483,0.11088791005971133,0.7312972064616385,0.6799788135593221,,False,,,0,0,0.375,0.898
ICE,Intercontinental Exchange Inc.,Financials,XLF,90216095744.0,2026-09-16,154.10000610351562,-0.017845684524475214,-0.015335424258686059,-0.013317881097507311,0.004216187858465448,0.11985602303002052,False,0.004589519526377428,0.13689954312808128,0.020377142794234304,0.1317745269035009,0.9362659306897373,0.8513692504665912,0.7986904735664294,0.8481996961238183,0.8513692504665912,522371310.75490415,0.42105394658880807,159.37900009155274,148.01399968465168,150.15319277445477,False,True,True,True,False,False,dry_up,1,1,normal,False,False,,False,33.0,,0.02216091830322725,45.002187707355404,True,True,True,True,False,True,False,,Uptrend Under Pressure,156.27,-0.0139,0.28714284445640503,0.9550887806277483,-0.23234847607263132,-0.16832313108077945,0.20899859058219797,0.6779131355932204,,False,,,0,0,0.375,0.898
HSAI,Hesai Group,Consumer Discretionary,XLY,20265060352.0,2026-09-16,16.670000076293945,0.01091572514700978,-0.08907099610504798,-0.02571598587737145,-0.008402240387253457,0.023519567669798347,False,-0.008033599799728841,0.03909690615223904,0.028931640624068056,0.09974353230261013,0.8637306080449795,1.0216084349540058,0.7215601541797925,1.3200702402957487,1.0216084349540058,27726706.354289055,0.22556367255507656,17.629499912261963,16.993499946594238,18.893708260854087,False,False,False,False,False,False,accumulation,2,0,normal,False,False,,False,150.0,,0.04782328925792664,44.00126831961429,False,False,True,False,False,True,False,,Uptrend Under Pressure,27.62,-0.3965,0.27413752721289864,0.8883820050871151,-0.48701521088291266,-0.3648977628382487,0.03149416356474287,0.6769597457627119,,False,,,0,0,0.375,0.898
KO,Coca-Cola Company (The),Consumer Staples,XLP,381507010560.0,2026-09-16,87.87000274658203,-0.009469015292072669,0.009644012576173866,-0.004792461330958342,0.012893110621979176,0.04284503744204127,False,0.013269668059488149,0.05871649769165033,0.02207921648977651,0.07099724453450329,0.960912470364912,1.1379818931158865,0.8841144805540894,1.1276485454550447,1.1379818931158865,1330106890.7702572,0.14130876462636935,88.72972145080567,85.55007209777833,81.5747886021932,False,True,True,True,True,False,distribution,2,2,normal,False,False,,False,35.0,,0.01375522678447249,51.04861879199482,True,True,True,True,False,True,False,,Uptrend Under Pressure,87.75,0.0014,0.5366830960735584,0.9374568435182988,0.13414625051615925,-0.02555985115404913,0.6310162263741823,0.6765360169491526,,False,,,0,0,0.375,0.898
MCK,McKesson Corporation,Health Care,XLV,103219781632.0,2026-09-16,887.2899780273438,-0.01364002352767002,-0.004923307335026994,0.02182663958638731,0.03998525259488761,0.09096016966017051,False,0.04037188192196828,0.10756391263730536,0.033764241250317406,0.0783729599993992,0.9594605743183754,0.8681291543764879,0.950945579483628,0.758412155610953,0.8681291543764879,803159296.2785736,0.0,889.4808227539063,847.5663879394531,823.391081237793,False,True,True,False,True,False,dry_up,1,1,normal,False,False,,False,35.0,,0.023131014055108593,51.260047413093844,True,True,True,True,False,True,False,,Uptrend Under Pressure,888.56,-0.0014,0.4057153948465831,0.9549750185957814,0.037969428222708546,-0.21072485089835258,0.3962144483394167,0.6763771186440678,,False,,,0,0,0.375,0.898
KHC,The Kraft Heinz Company,Consumer Staples,XLP,30440095744.0,2026-09-16,24.729999542236328,0.0,0.004876023116971773,0.012303109377272747,0.030292482230112272,-0.015252472145553364,False,0.030675508131784213,-0.0002652202691101335,0.039636386060941664,0.011331358953598825,0.9096800175682682,0.6031255525819067,1.7810603385094244,1.5109657887655832,0.6031255525819067,570841969.4970953,0.3047645852164171,24.945725631713866,24.864991029103596,23.579553508758544,False,False,True,True,True,False,dry_up,4,4,normal,False,False,,False,30.0,분산4일,0.02628025199139027,48.38269255551531,True,True,True,True,False,True,False,,Uptrend Under Pressure,26.22,-0.0569,0.4187342433736994,0.9374568435182988,-0.14087029053939948,-0.04934968610138479,0.3851098623107224,0.6760593220338984,,False,,,0,0,0.375,0.898
RIO,Rio Tinto Plc,Materials,XLB,166701826048.0,2026-09-16,95.79000091552734,-0.015114139301005913,-0.07663386458405419,-0.009308113591416034,0.008297211890444967,0.06378455381626313,False,0.008672060737154652,0.07997470062988432,0.0186263710717951,0.09730264125929122,0.8968261689452707,1.0990232587401478,0.9561812028336921,1.0027211241127099,1.0990232587401478,207867348.2900303,0.25607325587182117,102.1564998626709,95.82943840026856,97.43246326446533,False,False,True,True,False,False,distribution,0,2,normal,False,False,,False,34.0,,0.02315288477937228,37.87336604142506,True,True,True,False,False,True,False,,Uptrend Under Pressure,91.65,0.0452,0.33299183332053844,0.938326855384374,0.35584211960071066,-0.04465874136034498,0.7142775830291641,0.6760593220338984,,False,,,0,0,0.375,0.898
MRVL,"Marvell Technology, Inc.",Information Technology,XLK,190219829248.0,2026-09-16,229.7100067138672,0.03612994982356721,-0.02255218040445761,0.06347225330494077,0.08237093958391584,-0.01241947251264186,False,0.08277332639370827,0.0026108958762711687,0.0732437466775373,-0.029766167468731286,0.9151428697697188,0.6854740681901244,0.7179905340435546,1.0209682331013321,0.6854740681901244,5408432069.251499,0.5582223225834303,227.6395004272461,224.38671137491863,204.92894795735677,True,True,False,True,True,False,weak_rally,0,0,normal,False,False,,False,19.0,,0.057939474714942145,52.65571703837659,True,True,True,True,False,True,False,,Uptrend Under Pressure,237.27,-0.0319,0.37466841384770994,0.9290615743084026,1.9461962529783299,1.2305141276493203,0.9904132485273391,0.6752648305084745,,False,,,0,0,0.375,0.898
PG,Procter & Gamble Company (The),Consumer Staples,XLP,337321721856.0,2026-09-16,147.02000427246094,0.0023863510457842185,0.03070670850781254,0.024886771698620747,0.04309976551168071,-0.038480133045248,False,0.043487552703288745,-0.023846391885569918,0.05255982084839905,-0.012523346134296287,0.9776733652050429,0.7480013499952932,1.0291343205532049,1.5859484000045536,0.7480013499952932,1317662766.9773278,0.23899733210495,145.22800064086914,146.3235959370931,144.970849609375,True,True,False,True,False,False,weak_rally,2,1,normal,False,False,,False,35.0,,0.01594534811185427,55.17351783734277,True,True,True,True,False,True,False,,Uptrend Under Pressure,148.88,-0.0125,0.39043069497287086,0.9374568435182988,-0.20526785375570133,-0.1718220864017035,0.22629377326442845,0.6721398305084747,,False,,,0,0,0.375,0.898
BNTX,BioNTech SE,Health Care,XLV,25524875264.0,2026-09-16,95.83000183105469,-0.008894410886717274,-0.02343825014509693,0.03320756691164073,0.0515684273924335,0.007787392545520078,False,0.051959362929689945,0.023125296995903932,0.045278127505893995,-0.0038401916287071902,0.8220811708152522,0.23251066140622448,0.4749015008158962,1.044979917944616,0.23251066140622448,189397568.15632248,0.25685790280784937,104.43950042724609,96.29175020853678,95.08391672770182,False,False,True,True,True,False,dry_up,0,0,normal,False,False,,False,17.0,,0.03798243855147848,42.838045241445414,True,True,True,False,False,True,False,,Uptrend Under Pressure,116.57,-0.1779,0.23408641211697548,0.9549750185957814,-0.20829367713243807,-0.1661210867464854,0.2292354811896932,0.6715572033898305,,False,,,0,0,0.375,0.898
LI,Li Auto Inc.,Consumer Discretionary,XLY,11849846784.0,2026-09-16,12.029999732971191,0.022959141057349086,0.010075557270905922,-0.007425755234133691,0.010213021144023449,-0.010053719000753247,False,0.010588582220104392,0.0050126547019655465,0.0482477709827156,0.06366996220161103,0.871739099036243,1.2668887017860018,0.9958768292656153,1.3198629319487154,1.2668887017860018,37266420.48670931,0.29545444693459105,12.210500049591065,12.387166706720988,14.646083315213522,False,False,False,False,False,False,accumulation,4,3,normal,False,False,,False,86.0,분산3일,0.03304833219504338,46.57911650918163,False,True,True,False,False,True,False,,Uptrend Under Pressure,20.02,-0.3991,0.30597126275017433,0.8883820050871151,-0.5988279684997949,-0.4036319559378466,0.013824039608254129,0.6711864406779662,,False,,,0,0,0.375,0.898
CMG,"Chipotle Mexican Grill, Inc.",Consumer Discretionary,XLY,48123842560.0,2026-09-16,33.68000030517578,-0.033017555711224666,-0.06522338478322187,0.00959231681563355,0.02753351688537453,-0.02774893133374845,False,0.02791551710239193,-0.012951867882378232,0.06622038732518343,0.044656944834257084,0.8743509840324419,0.9951899732705972,0.926163783665727,1.228119865406183,0.9951899732705972,478884211.52510834,0.031580271766482135,36.717000007629395,34.8221666653951,33.71283343633016,False,False,True,True,True,False,dry_up,0,1,normal,False,False,,False,33.0,,0.03419791282213003,39.22658414288057,True,True,True,False,False,True,False,,Uptrend Under Pressure,38.52,-0.1256,0.43932304314800724,0.8883820050871151,-0.2597084914119401,-0.15275621041956466,0.20527899244696612,0.6709216101694915,,False,,,0,0,0.375,0.898
CACI,"CACI International, Inc.",Industrials,XLI,13768235008.0,2026-09-16,631.1799926757812,-0.008202437991870593,0.040092309580060714,-0.03792336825198739,-0.020826556949920194,0.25839054631798897,False,-0.020462535279000438,0.2775424766789556,0.04681647387976762,0.3718883330744729,0.9280966604145899,1.049293166398073,1.1105861699518518,0.6683265496797022,1.049293166398073,158086304.56941223,0.6007752220119377,629.710498046875,556.4278325398762,537.8347493489583,True,True,True,True,True,False,distribution,2,5,normal,False,False,,False,28.0,분산5일,0.029724375345452407,55.66536172336801,True,False,True,True,False,True,False,,Uptrend Under Pressure,628.79,0.0038,0.704250326700067,0.904562820667949,0.10962679322203983,-0.08514566622313913,0.5599400093961187,0.6708686440677966,,False,,,0,0,0.375,0.898
SMFG,Sumitomo Mitsui Financial Group,Financials,XLF,163632234496.0,2026-09-16,26.290000915527344,-0.018297227727948284,-0.0007601121558716839,0.0185974994001199,0.03669872820593789,0.029986493596586783,False,0.03708413572077651,0.04566225471527652,0.053382428021844675,0.04094852600174215,0.9539187744911078,0.8895598496655318,0.9401273766132279,0.8699601021904556,0.8895598496655318,35820509.212026976,0.31288454112498393,26.09050006866455,25.589333279927573,23.72549997965495,True,True,True,True,True,False,dry_up,3,4,normal,False,False,,False,,분산4일,0.020988426105670362,50.937819771333324,False,True,True,True,False,True,False,,Uptrend Under Pressure,,,0.3170644481509909,0.9550887806277483,0.32371151833537537,0.15669813660472287,0.829866105308807,0.670656779661017,,False,,,0,0,0.375,0.898
SEIC,SEI Investments Company,Financials,XLF,13319729152.0,2026-09-16,104.56999969482422,-0.011812511846578055,-0.02426050684467118,-0.02197903586200811,-0.00459888201402181,0.08078783084423447,False,-0.004228827473861996,0.09723675707931645,0.011420211090910959,0.0922905362665567,0.9367553728182361,1.032608680102236,1.0099148767786224,1.0422461224184516,1.032608680102236,76068084.52155915,0.4326924957940452,108.83950004577636,101.99183349609375,94.02200826009114,False,True,True,True,True,False,distribution,2,5,normal,False,False,,False,8.0,분산5일,0.01925572926110712,40.49303603956638,True,False,True,True,False,True,False,,Uptrend Under Pressure,111.46,-0.0618,0.379534397000911,0.9550887806277483,0.0427407061542906,0.163032054037187,0.6761157890932745,0.670603813559322,,False,,,0,0,0.375,0.898
COR,"Cencora, Inc.",Health Care,XLV,61751672832.0,2026-09-16,318.5,-0.014816444734809364,-0.014907853566220375,0.007496900264389872,0.025400863236592297,0.039262048243163816,False,0.025782070609246865,0.05507897760025959,0.01926709317878572,0.027271317822827212,0.9444872749156676,0.8203753911098361,0.900907514636034,1.107862627570958,0.8203753911098361,367078369.29923093,0.0825517881067711,324.5180038452148,311.57436319986977,300.5053230285645,False,True,True,False,True,False,dry_up,1,2,normal,False,False,,False,28.0,,0.02045974680115006,47.090299522353945,True,True,True,True,False,True,False,,Uptrend Under Pressure,324.38,-0.0181,0.47630486946707223,0.9549750185957814,-0.08578610563940092,-0.19026992715031787,0.3082758122221821,0.6691207627118644,,False,,,0,0,0.375,0.898
HL,Hecla Mining Company,Materials,XLB,13348039680.0,2026-09-16,17.989999771118164,-0.03693792948528141,-0.13717029055276975,0.002419979400948291,0.02023372174504967,0.14666795013432088,False,0.020613008159274138,0.1641195312769015,0.03068516045757752,0.18279755596741842,0.8394773455403645,1.1972619992828275,1.0192836255812274,0.6561884329179647,1.1972619992828275,629980476.1319139,0.2578251171859613,20.20651159286499,17.247326819101968,17.528694836298623,False,True,True,True,False,False,distribution,0,2,normal,False,False,,False,19.0,,0.05943581950492935,42.53809573897002,True,True,True,False,False,True,False,,Uptrend Under Pressure,20.54,-0.124,0.30424966618872684,0.938326855384374,0.3548473279908546,-0.17146355430937976,0.6009179285172201,0.6671080508474576,,False,,,0,0,0.375,0.898
CEG,Constellation Energy Corporatio,Utilities,XLU,97353039872.0,2026-09-16,259.5299987792969,-0.001385262414285604,-0.11695956224893389,-0.027358198704521164,-0.010073636547515141,0.07523045262411965,False,-0.00970561732531372,0.09159479897978917,0.03619779415511948,0.19929048788470438,0.8678482172651636,1.0734304847680523,1.0608399400757293,0.8523334334231952,1.0734304847680523,709121669.1134307,0.5637415608218684,279.36475067138673,267.6640246073405,275.6185085296631,False,False,True,False,False,False,distribution,3,4,normal,False,False,,False,6.0,분산4일,0.04004435800579248,37.99116631541835,True,False,True,False,False,True,False,,Uptrend Under Pressure,299.05,-0.1322,0.2656336479993556,0.8773219778194903,-0.28483327759520305,-0.21799657993506627,0.13931191500126486,0.6670021186440678,,False,,,0,0,0.375,0.898
MLI,"Mueller Industries, Inc.",Industrials,XLI,13803930624.0,2026-09-16,60.540000915527344,0.00016524263063244504,-0.04975668206716244,-0.058487319459631815,-0.04175594473695987,0.08134204388506139,False,-0.04139970386398517,0.09779940490185224,0.02444124701960604,0.17887132767282599,0.874010169672611,1.2343118605302732,1.2492227604286408,1.1956948733786288,1.2343118605302732,84806206.7707859,0.5680754200649754,62.15293216705322,62.74076328277588,63.66360219319662,False,False,False,True,False,False,accumulation,4,3,normal,False,False,,False,102.0,분산3일,0.0264274360447239,41.08372406293339,True,False,True,False,False,True,False,,Uptrend Under Pressure,67.0,-0.0964,0.32338612482805107,0.904562820667949,0.15000779892360017,0.04088495869874342,0.6910592316866033,0.6665254237288136,,False,,,0,0,0.375,0.898
INCY,Incyte Corporation,Health Care,XLV,24976416768.0,2026-09-16,124.75,0.024724841375459494,-0.009999223195538587,0.010366880753559515,0.0283218453957379,0.04787050494631795,False,0.028704138685104796,0.06381844972130324,0.022170602529442807,0.035780452431195986,0.9601324330964363,1.0517064061321184,1.1327210754274872,0.9584501486787087,1.0517064061321184,161018102.7189514,0.9396553614101243,125.85400047302247,120.40966669718425,108.98566672007243,False,True,True,True,True,False,accumulation,4,4,normal,False,False,,False,9.0,분산4일,0.026166612836442976,52.28354439180466,True,True,True,True,False,True,False,,Uptrend Under Pressure,128.83,-0.0317,0.399163844648398,0.9549750185957814,0.2566650479451884,0.13191678612910018,0.7894492428896679,0.6655190677966102,,False,,,0,0,0.375,0.898
VRSK,"Verisk Analytics, Inc.",Industrials,XLI,25221632000.0,2026-09-16,181.75,0.0092736458905196,0.023861894832101882,0.018881765874862344,0.03698804630559027,-0.06005220235019271,False,0.03737356137855241,-0.04574677482119083,0.10862501203841113,0.024724336230800947,0.8549716246880396,1.169272390435293,0.9802610395477012,1.287467816068049,1.169272390435293,203848405.00876158,0.7563572883328484,185.4219627380371,188.09031244913737,181.8580577850342,False,False,True,False,False,False,accumulation,3,1,normal,False,False,,False,34.0,,0.034527827339519035,46.919757567204826,True,True,True,False,True,True,False,,Uptrend Under Pressure,212.58,-0.145,0.31536329360613874,0.904562820667949,-0.413264964876214,-0.253783540523408,0.07673105417223808,0.663771186440678,,False,,,0,0,0.375,0.898
GPC,Genuine Parts Company,Consumer Discretionary,XLY,18703433728.0,2026-09-16,130.52000427246094,-0.003740098121669866,-0.03490092449709126,-0.0026839912745798555,0.01503904974630954,0.013678945412509025,False,0.015416404967246278,0.029106515674955036,0.05325550065869655,0.08917005523081811,0.9429779894313817,0.8560121078081251,0.9035807229451073,0.930949970157038,0.8560121078081251,139871468.45134506,0.34662784874114777,134.56891860961915,127.91690572102864,114.85812352498372,False,True,True,True,True,False,dry_up,1,1,normal,False,False,,False,52.0,,0.023531602667450635,44.65561231267316,True,True,True,True,False,True,False,,Uptrend Under Pressure,131.55,-0.0078,0.44912021258733,0.8883820050871151,-0.17088208387370285,0.12512450216813953,0.475816739546818,0.6634533898305084,,False,,,0,0,0.375,0.898
CPAY,"Corpay, Inc.",Financials,XLF,26546176000.0,2026-09-16,402.2699890136719,-0.013439634546482226,-0.009406799868668214,-0.011184352363773242,0.00638763097132955,0.11701972070010114,False,0.006761769904140236,0.13402007402067406,0.0225835311656164,0.12890803812138563,0.9459834405319147,0.9391842573087296,0.972237565667717,0.7718051824868163,0.9391842573087296,168535765.97359315,0.32909757875634005,409.74749755859375,384.71866505940756,356.87058232625327,False,True,True,True,True,False,dry_up,3,2,normal,False,False,,False,30.0,,0.02138579041899379,47.957947239066335,True,True,True,True,False,True,False,,Uptrend Under Pressure,396.52,0.0145,0.4607878290925252,0.9550887806277483,0.13114336001029692,0.18145534350045534,0.7496440316576922,0.6623940677966101,,False,,,0,0,0.375,0.898
QSR,Restaurant Brands International,Consumer Discretionary,XLY,35677679616.0,2026-09-16,74.94999694824219,-0.007153277663377811,-0.02674983938247577,-0.02102926674102068,-0.003632234795275635,0.0051369152755980085,False,-0.003261820890247069,0.020434481091648582,0.03388123801067011,0.07999187955881903,0.9188426778061876,0.6826287005767383,1.09755381281316,1.222470825770771,0.6826287005767383,216461257.58000717,0.09345438988448923,78.48449974060058,75.63616663614908,75.60107154846192,False,False,True,True,True,False,dry_up,3,5,normal,False,False,,False,10.0,분산5일,0.0230153241408711,42.02986268193014,True,False,True,True,False,True,False,,Uptrend Under Pressure,78.22,-0.0418,0.28038251018297616,0.8883820050871151,0.059701166349737766,-0.09614854837432096,0.5088323515593943,0.658739406779661,,False,,,0,0,0.375,0.898
IFF,International Flavors & Fragran,Materials,XLB,22027098112.0,2026-09-16,84.4000015258789,0.001899378753168257,0.0010675361154246499,0.04197532747998656,0.06049199753252421,0.022734622016977513,False,0.060886250534052166,0.038300014109226455,0.07135584851206223,0.054959294173382967,0.9583286228947154,1.1044346798317446,1.0846730193812752,0.7160392070535622,1.1044346798317446,126434897.77371368,0.48310969291756667,85.37050018310546,81.49949989318847,77.5837168375651,False,True,True,True,True,False,accumulation,2,6,normal,False,False,,False,29.0,분산6일,0.01910968944839388,50.8071921671901,True,True,True,True,False,True,False,,Uptrend Under Pressure,88.07,-0.0417,0.6635301782538249,0.938326855384374,0.10147242182624194,0.002497023408277288,0.6243142640309349,0.6583686440677966,,False,,,0,0,0.375,0.898
RSG,"Republic Services, Inc.",Industrials,XLI,67648573440.0,2026-09-16,219.8000030517578,-0.014526498977331381,-0.012001609899289334,0.01304328623834028,0.031045812579900023,-0.02026457225700451,False,0.03142911854285746,-0.005353601462438018,0.10227227831197383,0.06810052471635442,0.9732122962662889,1.0983350315104756,1.0039326515765457,0.8874311135436481,1.0983350315104756,341091571.59546053,0.014870215324575137,221.9990005493164,217.76446838378905,213.1668670654297,False,True,True,True,True,False,distribution,1,6,normal,False,False,,False,82.0,분산6일,0.016787980120652333,48.79381690234951,True,True,True,True,False,True,False,,Uptrend Under Pressure,214.34,0.0255,0.4054880022005793,0.904562820667949,-0.1925773153471141,-0.16821024033487264,0.23927035524556395,0.656885593220339,,False,,,0,0,0.375,0.898
SLB,SLB Limited,Energy,XLE,89197002752.0,2026-09-16,52.29999923706055,-0.03505537821280025,-0.08326029909767863,-0.012002149505346393,0.005555300971404442,0.12299346276959477,False,0.005929130473685262,0.1400847327713557,-0.01740270778584818,-0.03356787931287142,0.87473159363153,1.337257314326467,0.9466658311771806,1.316128307729346,1.337257314326467,753535281.9102077,0.271061534011595,55.384673500061034,50.90571606953939,52.28444264729818,False,True,True,True,False,False,distribution,2,4,normal,False,False,,False,11.0,분산4일,0.0434295059424021,42.602793770162556,True,True,False,False,False,True,False,,Uptrend Under Pressure,59.79,-0.1253,0.35607787153974363,0.971181533185436,0.3355692840566691,0.01354864917925136,0.7464403165769216,0.6551377118644068,,False,,,0,0,0.375,0.898
PGR,Progressive Corporation (The),Financials,XLF,126726299648.0,2026-09-16,216.99000549316406,-0.019520094496797147,0.006914178622571043,0.04709747607415493,0.06570517048492563,-0.08205808867401088,False,0.06610136155773438,-0.06808757720396885,0.08285567397536542,-0.07228853437347971,0.9254094568702653,0.8328310174678392,0.8233327056388204,2.3307767783834152,0.8328310174678392,433523172.3758713,0.1606782241778661,219.402498626709,217.49827524820964,208.55336380004883,False,False,True,True,True,False,dry_up,1,0,normal,False,False,,False,18.0,,0.01795342507733644,49.29367269392081,True,True,True,True,False,True,False,,Uptrend Under Pressure,220.34,-0.0152,0.4574101150364121,0.9550887806277483,-0.2523937497980058,-0.13540112597466913,0.22501897293195045,0.654449152542373,,False,,,0,0,0.375,0.898
SLF,Sun Life Financial Inc.,Financials,XLF,43635286016.0,2026-09-16,80.2699966430664,-0.0032286370318102,0.02280827229315685,0.00699671431416804,0.024891788613135235,0.004903627875915362,False,0.025272806730048947,0.020197643201185445,0.041385478129471576,0.01559870611365799,0.9631570414424466,0.346181577677419,0.330268866904196,1.0858437844060773,0.346181577677419,86709071.97974281,0.33581762384918895,79.23129653930664,79.70642484029135,74.67778135935465,True,True,True,True,False,False,dry_up,0,1,normal,False,False,,False,141.0,,0.015385575146918705,53.66556178639966,True,True,True,True,False,True,False,,Uptrend Under Pressure,63.07,0.2726,0.32152161496259674,0.9550887806277483,0.1669759966036406,0.10000738601501657,0.7375185211954755,0.6542902542372881,,False,,,0,0,0.375,0.898
SNX,TD SYNNEX Corporation,Information Technology,XLK,20217571328.0,2026-09-16,260.5,-0.007543473420653202,0.008790570100669193,0.0026944274053972705,0.020513046892950193,0.09822958829798512,True,0.02089243715027589,0.11494396735699697,0.011907476379343418,0.07893936018015624,0.9676461062681936,1.2926825359411822,1.1163795007342832,0.5905211967780201,1.2926825359411822,131278186.80452271,0.2786151712292588,256.25750122070315,255.19397659301757,243.3764720916748,True,True,False,True,True,False,distribution,2,3,normal,False,False,,False,21.0,분산3일,0.029965734625634084,52.903340598774086,True,True,True,True,False,True,False,,Uptrend Under Pressure,263.88,-0.0128,0.28239888959574017,0.9290615743084026,0.48162873798137684,0.4791998709179719,0.9188771638177152,0.6536016949152543,,False,,,0,0,0.375,0.898
RMD,ResMed Inc.,Health Care,XLV,34634977280.0,2026-09-16,228.25,-0.005186551729183142,0.03773586345496027,0.04057193435766049,0.05906366507937655,0.03290286543403487,False,0.05945738707797532,0.04862301193888374,0.05272852998141042,0.020985505581676778,0.9497357727332495,0.7725801246142829,0.8297542128005899,0.7590839865631926,0.7725801246142829,304433439.68809205,0.7877598361149606,229.5085006713867,214.758745320638,211.54596328735352,False,True,True,False,True,False,dry_up,1,1,normal,False,False,,False,51.0,,0.02895948648490064,54.51107044126909,True,True,True,True,False,True,False,,Uptrend Under Pressure,217.78,0.0481,0.4275185409239604,0.9549750185957814,-0.3072643184192688,-0.18257903970174172,0.1500316215532507,0.6534957627118645,,False,,,0,0,0.375,0.898
DOW,Dow Inc.,Materials,XLB,22045839360.0,2026-09-16,30.079999923706055,0.007705177195880708,0.023129262380914728,-0.024396606658862563,-0.007059414826956156,0.053534443308860924,False,-0.006690275024907377,0.06956858974310531,0.003112428594732819,0.08672956676537913,0.9248957844609177,1.3916720581654283,1.0546238427952348,1.1428367489861755,1.3916720581654283,266735579.5838912,0.6969699159032454,30.27173662185669,29.652896467844645,33.14336191813151,False,True,False,False,False,False,accumulation,3,4,normal,False,False,,False,18.0,분산4일,0.033931480247511074,50.346468058204366,True,False,True,True,False,True,False,,Uptrend Under Pressure,32.52,-0.0751,0.36023052692184715,0.938326855384374,0.13788078189065378,-0.25930500099231324,0.4501002854974522,0.6523305084745763,,False,,,0,0,0.375,0.898
THC,Tenet Healthcare Corporation,Health Care,XLV,21410807808.0,2026-09-16,265.7799987792969,0.018899722294140275,-0.012263965949331102,-0.016394629421087603,0.0010847634479951296,0.26206944634830887,False,0.0014569309642911143,0.2812773673056703,-0.0049035519196961586,0.24750802314567433,0.9466111378675693,0.8537454650044634,0.8119889954100488,0.6759265915217416,0.8537454650044634,196929261.80243072,0.7342597350371975,267.31749725341797,237.98033294677734,211.0862501780192,False,True,True,True,True,False,weak_rally,1,2,normal,False,False,,False,36.0,,0.033575032117960715,54.84151827082014,True,True,False,True,False,True,False,,Uptrend Under Pressure,243.36,0.0921,0.6604581080257351,0.9549750185957814,0.19846722823145835,0.07948615018228922,0.7382557551226916,0.6470868644067796,,False,,,0,0,0.375,0.898
CRL,Charles River Laboratories Inte,Health Care,XLV,13883865088.0,2026-09-16,273.4100036621094,0.0019422411675948936,-0.017747448654874876,-0.02070274267972727,-0.0032999081605932234,0.18554841870795702,False,-0.0029293707084058207,0.2035917366755664,-0.009261995183458493,0.17186987486714767,0.915701038106704,1.1522376650712096,1.116368439632601,0.7689828261524556,1.1522376650712096,252023374.60287172,0.21039501567119673,286.4915023803711,254.37433395385742,214.08425000508626,False,True,True,True,True,False,accumulation,1,2,normal,False,False,,False,21.0,,0.03097781213426548,47.54972276632954,True,False,False,True,False,True,False,,Uptrend Under Pressure,286.64,-0.0462,0.5198008764798591,0.9549750185957814,0.5928343831277876,0.6103687127982989,0.9382422030284413,0.6469809322033898,,False,,,0,0,0.375,0.898
MICC,The Magnum Ice Cream Company N.,Consumer Staples,XLP,12475970560.0,2026-09-16,18.799999237060547,-0.019812359857611206,-0.017250388822956486,-0.009483683325451353,0.008118522152748886,-0.01051322459977011,False,0.008493304569004101,0.004546155710270838,0.017261326437493008,0.01619854523771913,0.9206659729098583,0.7519831101872134,0.9362871572458102,1.6351291846270728,0.7519831101872134,15545399.3810009,0.030297951044707106,19.73199987411499,18.88316666285197,17.114916642506916,False,False,True,True,True,False,dry_up,4,3,normal,False,False,,False,,분산3일,0.02539892792508955,41.68701141117773,False,True,True,True,False,True,False,,Uptrend Under Pressure,,,0.32845399036711,0.9374568435182988,,0.051646732970154874,,0.6466101694915255,,False,,,0,0,0.375,0.898
VALE,VALE S.A.,Materials,XLB,64219459584.0,2026-09-16,14.130000114440918,-0.023496900228993867,-0.08484452730210901,0.03289472216567724,0.05125002316460314,-0.01899624429472524,False,0.05164084033055372,-0.004065970328437252,0.062019197868861786,0.01191355745762035,0.8982835680637319,1.3482138565214143,0.93540935059196,0.9193382034286879,1.3482138565214143,476407993.6048447,0.27451035390651,14.991499948501588,14.484733454386394,15.187519717216492,False,False,True,True,False,False,distribution,2,4,normal,False,False,,False,9.0,분산4일,0.03402082924579616,39.13427604160425,True,True,True,False,False,True,False,,Uptrend Under Pressure,15.73,-0.1017,0.299560702532902,0.938326855384374,0.16319048010837678,-0.19121400110369557,0.5055147988869213,0.6466101694915254,,False,,,0,0,0.375,0.898
BHP,BHP Group Limited,Materials,XLB,238695497728.0,2026-09-16,84.13999938964844,-0.0074318423778007014,-0.08791328574906843,-0.034951300839224264,-0.01780167370725738,0.06261136151650559,False,-0.017436527492917575,0.07878365306469193,-0.007739875717246103,0.09609248361542333,0.8711742646651658,0.7584211692611771,0.9443645130264142,1.1836033655428801,0.7584211692611771,233506491.61362076,0.2873564946356179,90.89868774414063,85.26668128967285,82.88492997487386,False,False,True,True,True,False,dry_up,0,2,normal,False,False,,False,12.0,,0.028537958580466104,36.84585262891196,True,False,False,False,False,True,False,,Uptrend Under Pressure,93.12,-0.0964,0.3482461855281968,0.938326855384374,0.39109278608427767,0.08275344490892911,0.8107287412814861,0.6451800847457627,,False,,,0,0,0.375,0.898
RELX,RELX PLC PLC,Industrials,XLI,63448911872.0,2026-09-16,34.27000045776367,0.0014611114926055269,0.0005839549712021164,-0.006954444376770064,0.010692707542926172,0.04386315237673766,False,0.011068446949256572,0.05975010770963851,0.08051314483206351,0.13801210940606645,0.9034673018789159,0.7565991871405722,1.2783632071016129,0.6680986439076525,0.7565991871405722,75669194.35857296,0.4404773798603101,35.353000259399415,34.20925521850586,33.828764057159425,False,True,True,True,True,False,weak_rally,2,6,normal,False,False,,False,171.0,분산6일,0.027512635021700076,46.091354789742006,True,True,True,True,False,True,False,,Uptrend Under Pressure,41.98,-0.1837,0.3139595439652797,0.904562820667949,-0.37740435724633814,-0.13150177203652869,0.17446153012178817,0.6420550847457627,,False,,,0,0,0.375,0.898
WFC,Wells Fargo & Company,Financials,XLF,261243289600.0,2026-09-16,87.05000305175781,-0.029759230189680408,-0.0292181908184187,-0.004004559130556307,0.013695014425580077,-0.004202077486321287,False,0.014071869982247298,0.01095335460221425,0.030008513097296907,0.0063960897357207,0.9641156514462683,1.0270611866137793,1.0819812855741984,1.1993349743097945,1.0270611866137793,1150133975.665769,0.2634487809806034,87.22950019836426,86.5451655069987,82.86339556376139,False,True,True,True,True,False,distribution,4,4,normal,False,False,,False,9.0,분산4일,0.025580531984446576,47.95084990480542,True,True,True,True,False,True,False,,Uptrend Under Pressure,89.27,-0.0249,0.29842711371316055,0.9550887806277483,-0.07047706104335272,0.0030748728349472287,0.48507643381157173,0.6416313559322036,,False,,,0,0,0.375,0.898
HCA,"HCA Healthcare, Inc.",Health Care,XLV,89729048576.0,2026-09-16,430.42999267578125,0.015596208855958693,0.020387374955010085,0.04541806812832516,0.06399591822129258,0.00874713771153468,True,0.06439147385523247,0.024099648893221248,0.057631279240772715,-0.002891519748373872,1.0,1.0156190010360464,0.9878835272349883,0.5510177640015872,1.0156190010360464,563819526.6900482,0.7641023691935531,418.0429977416992,404.2913324991862,416.48402201334636,True,True,True,False,False,False,accumulation,3,3,normal,False,False,,False,5.0,분산3일,0.032067599099000095,60.92284788064597,True,True,True,True,False,True,False,,Uptrend Under Pressure,421.83,0.0204,0.41037495701859367,0.9549750185957814,-0.14445125029700845,-0.31271906651556947,0.2045769939648007,0.6406250000000001,,False,,,0,0,0.375,0.898
SU,Suncor Energy  Inc.,Energy,XLE,78897397760.0,2026-09-16,68.94999694824219,-0.04062899244119911,-0.001014194410733138,0.02530051659754684,0.04352086296260804,0.2144175901393326,False,0.043908806703190084,0.2329002791451702,0.019696055826563086,0.045110417778902345,0.9593710075588009,0.9518095001256233,0.9725227708373173,0.5180733585331484,0.9518095001256233,302096558.28855056,0.17290090896313953,67.64594039916992,63.13062960306804,63.3851035118103,True,True,True,True,False,False,dry_up,2,3,normal,False,False,,False,123.0,분산3일,0.027419373396009535,56.887663974455236,True,True,True,True,False,True,False,,Uptrend Under Pressure,62.89,0.0964,0.33632028353703564,0.971181533185436,0.3552960193394641,-0.055012854112306386,0.7036762314336308,0.6363347457627119,,False,,,0,0,0.375,0.898
CPRT,"Copart, Inc.",Industrials,XLI,30542522368.0,2026-09-16,30.81999969482422,-0.007087667983703971,-0.03777705684006327,-0.02189782700874654,-0.004516230019544154,0.04410209067242521,False,-0.004146144752328218,0.059992682499269145,0.06425354700125485,0.13827259821944637,0.897757007019576,0.792647344416237,1.3397905522399274,0.7245209863111745,0.792647344416237,305703842.905434,0.7244892001198905,32.541500091552734,30.21833349863688,31.41416680018107,False,True,True,False,False,False,dry_up,1,2,normal,False,False,,False,21.0,,0.03695420821372546,45.67109799390491,True,False,True,False,False,True,False,,Uptrend Under Pressure,31.7,-0.0278,0.2856900681528376,0.904562820667949,-0.43660248210483543,-0.19604301179069195,0.10190632792454193,0.6346398305084745,,False,,,0,0,0.375,0.898
ZBH,"Zimmer Biomet Holdings, Inc.",Health Care,XLV,19081398272.0,2026-09-16,96.77999877929688,-0.01656340638304532,0.02293624516378956,-0.023903204337959005,-0.006557244382913274,0.07332825990357694,False,-0.006187917891851247,0.08966365605565185,-0.012499846585641405,0.0609444825504164,0.9546261728275396,1.134279620349195,1.293714814536593,1.0347870597190045,1.134279620349195,163108217.731958,0.18499755859375,98.30500068664551,94.69246559143066,91.0042121887207,False,True,True,True,True,False,distribution,4,2,normal,False,False,surge,False,1.0,,0.030348657681070354,49.44459886588193,True,False,False,True,False,True,False,,Uptrend Under Pressure,98.41,-0.0166,0.3585161956738629,0.9549750185957814,-0.16848579749588266,-0.07849699144885214,0.33302826063387664,0.6338983050847458,,False,,,0,0,0.375,0.898
NWS,News Corporation,Communication Services,XLC,18483673088.0,2026-09-16,33.439998626708984,-0.010065132175086755,0.010882611116313168,0.0015109329854092746,0.019308520904261828,0.09151940955195759,False,0.01968746336189886,0.10813166381638228,-0.020823617360763436,0.0814866545620585,0.9496206054388644,0.9656411445247395,0.8668653893974625,0.8489255172142662,0.9656411445247395,37032098.40539837,0.2941157613991896,34.034141540527344,32.0922958056132,30.86996776262919,False,True,True,True,True,False,dry_up,1,1,normal,False,False,,False,241.0,,0.02212196091281503,50.19884711458542,False,True,False,True,False,True,False,,Uptrend Under Pressure,34.32,-0.0256,0.45902058700755854,0.9464981965192371,-0.15528983569150212,0.03109307905420966,0.43120685916663654,0.6330508474576271,,False,,,0,0,0.375,0.898
CLS,"Celestica, Inc.",Information Technology,XLK,37757669376.0,2026-09-16,323.8299865722656,0.02215835695770152,-0.029286628754492172,0.04262851473159235,0.06115679240333338,-0.06941614949562991,False,0.061551292551821346,-0.05525323548451644,0.05220848975220904,-0.08576170688205698,0.8725043564532119,0.8058913620795577,0.9063719042339305,1.5843132512324367,0.8058913620795577,653358680.9068558,0.49743907551537464,310.4374969482422,328.95749715169273,349.79933115641273,True,False,False,True,False,False,weak_rally,4,2,normal,False,False,,False,35.0,,0.05770002264575341,51.35350425912983,True,True,True,False,False,True,False,,Uptrend Under Pressure,350.2,-0.0753,0.38616152074482907,0.9290615743084026,0.15656547606109528,0.042576842673187176,0.6942493946731234,0.6313559322033899,,False,,,0,0,0.375,0.898
HBM,Hudbay Minerals Inc.,Materials,XLB,12729189376.0,2026-09-16,25.260000228881836,0.0007924111705641668,-0.12352531240941422,-0.04354409788620128,-0.02654717109516469,0.16230245617761785,False,-0.026185276144015224,0.1799919848888969,-0.016574963390214803,0.19892467937276304,0.8203962155825485,0.8485761519844893,0.9538546412249833,0.8299653467699767,0.8485761519844893,108330737.73742962,0.3923080986070478,28.046103477478027,25.10520118077596,25.079708115259805,False,True,False,True,True,False,weak_rally,0,2,normal,False,False,,False,33.0,,0.055828331411860034,41.052470782296034,True,False,False,False,False,True,False,,Uptrend Under Pressure,22.75,0.1103,0.3529826082665408,0.938326855384374,0.6722301301520504,0.11750777119421563,0.8685916663655091,0.6303495762711865,,False,,,0,0,0.375,0.898
BSAC,Banco Santander - Chile,Financials,XLF,16371257344.0,2026-09-16,34.150001525878906,-0.017548815451939093,-0.03230375063965629,-0.008420357502720077,0.009200744059579824,0.0048329810938407824,False,0.009575928807239897,0.020125921218526743,0.025441915973639873,0.01552730744569053,0.9446749677571037,0.7910831526510008,0.7572347075975034,1.060843518133324,0.7910831526510008,10241667.371020127,0.28440488981126,35.20249996185303,34.259499899546306,32.97259763081868,False,False,True,True,True,False,dry_up,2,1,normal,False,False,,False,,,0.02346789525073164,41.002465757985796,False,True,True,True,False,True,False,,Uptrend Under Pressure,,,0.3746101135892033,0.9550887806277483,0.17983756476040114,-0.005489989520944372,0.6699703660872394,0.6284957627118645,,False,,,0,0,0.375,0.898
BCH,Banco De Chile,Financials,XLF,20764061696.0,2026-09-16,41.099998474121094,-0.008443963386637554,-0.023752969982046457,0.00024332736666043964,0.01801838899877639,0.005785635242546716,False,0.018396851831506078,0.02109307417761208,0.03440146418448742,0.016490100587202905,0.9549255947923002,1.0174834052432384,0.9971578533513469,0.9413281328561467,1.0174834052432384,12343219.52586937,0.2924512005527725,41.88999996185303,40.94049987792969,39.391288089752194,False,True,True,True,True,False,distribution,4,2,normal,False,False,,False,,,0.020507465868004893,45.32503486279346,False,True,True,True,False,True,False,,Uptrend Under Pressure,,,0.39729287195105845,0.9550887806277483,0.2329399406938013,-0.026049521019999244,0.6817652054497488,0.6284957627118644,,False,,,0,0,0.375,0.898
ASX,"ASE Technology Holding Co., Ltd",Information Technology,XLK,96205438976.0,2026-09-16,37.95000076293945,0.02235996376448557,-0.07888349368487069,0.04229609782975041,0.06081846820797998,-0.05092257098148101,False,0.06121284257963033,-0.03647819607663727,0.05187301850687742,-0.067592965134331,0.8774566650390625,1.0221550231932748,1.088076381469252,1.2461279378320613,1.0221550231932748,224485500.66115952,0.4085615472532692,37.74050025939941,38.63634703954061,35.1361346244812,True,False,True,True,False,False,accumulation,3,2,normal,False,False,,False,57.0,,0.04071147082244886,49.671594393341806,True,True,True,False,False,True,False,,Uptrend Under Pressure,41.43,-0.0841,0.5059208244451198,0.9290615743084026,2.0449019530867916,0.5946508934371575,0.9800359582234108,0.6283898305084746,,False,,,0,0,0.375,0.898
AEG,Aegon Ltd. New York Registry Sh,Financials,XLF,13571937280.0,2026-09-16,9.020000457763672,-0.004415006622562556,-0.004415006622562556,-0.015256402367635258,0.002243217635658823,0.05011725507325582,False,0.00261581582379522,0.06609939400370068,0.018372421357649493,0.06129353694771944,0.9723439631111657,0.8365212058836798,1.0294624198789983,0.8664609799753914,0.8365212058836798,41180842.355605125,0.4210560658535361,8.994463396072387,8.857892767588298,8.288207344214122,True,True,True,True,True,False,dry_up,2,3,normal,False,False,,False,,분산3일,0.014170986304281744,50.61898543742314,False,True,True,True,False,True,False,,Uptrend Under Pressure,,,0.3785257401394706,0.9550887806277483,0.04587314851461155,0.20047320261455992,0.6909706913375014,0.6283898305084745,,False,,,0,0,0.375,0.898
WELL,Welltower Inc.,Real Estate,XLRE,170227941376.0,2026-09-16,234.5,0.007475535032773761,-0.005934692381122764,-0.003992534962873107,0.013707252271591308,-0.017609498977464555,False,0.014084112377851898,-0.002658119600124187,0.038351151658477134,0.038856227954985556,0.9338090304184127,0.8758740495751699,0.8393441998941412,1.0170870926773976,0.8758740495751699,579329399.6022155,0.45949127461797623,237.5614990234375,235.5517204284668,221.74611473083496,False,False,True,True,True,False,weak_rally,1,0,normal,False,False,,False,81.0,,0.021274735133821485,46.55840504833283,True,True,True,True,False,True,False,,Uptrend Under Pressure,217.79,0.0767,0.5378625678823293,0.9304499659860984,0.1957784845949715,-0.03988472805894938,0.6551967764085143,0.6258474576271187,,False,,,0,0,0.375,0.898
NWG,NatWest Group plc,Financials,XLF,72280039424.0,2026-09-16,18.6200008392334,0.0,0.003232832705686084,-0.006403358236412915,0.011253586890437539,0.043712394417404266,False,0.011629534811652187,0.05959705530686121,0.027527795416415035,0.05482051006784805,0.974869134416248,1.5270307013422093,1.2101923703554462,0.7998151499437336,1.5270307013422093,51355908.02871237,0.3363654333660472,18.58950004577637,18.150294748942056,16.86445862452189,True,True,True,True,True,False,distribution,3,2,interest,False,False,,False,31.0,,0.018528462889405347,51.5470644128882,True,True,True,True,False,True,False,,Uptrend Under Pressure,19.1,-0.0249,0.44623295578268096,0.9550887806277483,0.16139299546345964,0.12291916147878701,0.7446893859997832,0.6252648305084747,,False,,,0,0,0.375,0.898
CTVA,"Corteva, Inc.",Materials,XLB,56464797696.0,2026-09-16,81.01000213623047,-0.02854055966947766,-0.04412976830406523,0.04200577030647401,0.060522981350490834,-0.0720450071017591,False,0.06091724587069436,-0.05792210268698961,0.07138714973325455,-0.04280668390598008,0.8969469327624081,1.2981096534324048,0.9778749359488105,1.1677526659529933,1.2981096534324048,420121974.01789206,0.10038706712698393,83.90385780334472,83.0966147104899,81.54537086486816,False,False,True,True,True,True,distribution,1,3,normal,False,False,,False,9.0,분산3일,0.03182826273436054,43.19674888898434,True,True,True,False,False,True,False,,Uptrend Under Pressure,89.97,-0.0996,0.4708075948410037,0.938326855384374,-0.07564681833320341,-0.1781362834270933,0.32911170539554047,0.6248940677966102,,False,,,0,0,0.375,0.898
AFG,"American Financial Group, Inc.",Financials,XLF,11820454912.0,2026-09-16,142.97999572753906,-0.005633198389417227,0.017796128103881426,-0.017927060072823853,-0.000474899626628833,-0.0009293051246200834,False,-0.00010331193729062882,0.014275936546911616,0.015610561153237335,0.009703693851922157,0.9744428534778715,2.03250414792185,1.4400627162791533,1.2676543729241374,2.03250414792185,47835028.415901184,0.19827285702071124,143.00099868774413,142.29830474853514,136.49479134877524,False,True,True,True,True,False,distribution,3,1,attention,False,False,,False,29.0,,0.015211909057882795,50.280296632681655,False,False,True,True,True,True,False,,Uptrend Under Pressure,146.73,-0.0256,0.43977981624894386,0.9550887806277483,-0.062463522150831396,-0.002519962485387661,0.48701980412706447,0.6240466101694916,,False,,,0,0,0.375,0.898
FOX,Fox Corporation,Communication Services,XLC,25318744064.0,2026-09-16,59.150001525878906,-0.019721554917131456,0.03590198085008556,-0.029200946493230573,-0.01194913132350317,0.1980130516527414,False,-0.011581809343191862,0.21624607366956794,-0.0508505956607449,0.18700145505010535,0.9481899180777776,0.9510135753476735,0.9205529729696624,0.841888626821067,0.9510135753476735,62915205.12411384,0.2645357605436383,59.90081634521484,54.138401667277016,55.13256912231445,False,True,True,True,False,False,dry_up,2,3,normal,False,False,,False,88.0,분산3일,0.029938324216534026,52.470658418594475,True,False,False,True,False,True,False,,Uptrend Under Pressure,60.88,-0.0284,0.3457996883292261,0.9464981965192371,-0.014710372410669637,0.007400411265709117,0.5259983376097719,0.6216631355932203,,False,,,0,0,0.375,0.898
FAST,Fastenal Company,Industrials,XLI,56583106560.0,2026-09-16,49.029998779296875,-0.007690772501290244,0.004918996910556528,-0.04369029956050252,-0.026695970881045805,0.037668246268251604,False,-0.026334131248335613,0.0534609189392794,0.04054159046791517,0.13125846727200052,0.9360442493221411,1.0170210726299753,1.076166023590237,0.8481837315473065,1.0170210726299753,291928591.2264099,0.2857137667074779,49.81099967956543,48.517914326985675,46.71017580032348,False,True,True,True,True,False,distribution,5,2,normal,False,False,,False,52.0,,0.021444593357551656,46.51349312389916,True,False,True,True,False,True,False,,Uptrend Under Pressure,48.33,0.0144,0.3970678866804536,0.904562820667949,-0.07283868674544114,-0.02634909841457811,0.4659923746883018,0.6209216101694914,,False,,,0,0,0.375,0.898
OVV,Ovintiv Inc. (DE),Energy,XLE,18158790656.0,2026-09-16,62.77000045776367,-0.06271465859912606,-0.020359821817996115,-0.030153124110003926,-0.01291822983878188,0.13751582066503998,False,-0.012551268134643578,0.15482811202452185,-0.03545446618659265,-0.02107014570749599,0.9372853414008739,0.9564304058327654,1.144523803901217,1.1975201148189825,0.9564304058327654,208393539.7170929,0.17127830991408644,64.96833457946778,60.38502705891927,58.78265282313029,False,True,True,True,True,False,dry_up,1,3,normal,False,False,surge,False,2.0,분산3일,0.03337350707680278,46.58077284518557,True,False,False,True,False,True,False,,Uptrend Under Pressure,65.06,-0.0352,0.3574316615842353,0.971181533185436,0.3525188962032899,-0.00022541206272030934,0.7407403057352462,0.6207097457627119,,False,,,0,0,0.375,0.898
AG,First Majestic Silver Corp.,Materials,XLB,10148941824.0,2026-09-16,18.329999923706055,-0.01663087318095824,-0.13456092258758223,-0.008116862675642711,0.009509632213569486,0.10580002076421469,False,0.009884931794799323,0.12262961715048659,0.019851211624157816,0.14064194590545775,0.8431462795164179,1.176710496155169,0.9155762041126191,0.6026379591489509,1.176710496155169,201247906.39081544,0.31999969482421875,20.505499935150148,18.148387082417806,19.14182971318563,False,True,True,False,False,False,distribution,1,1,normal,False,False,,False,87.0,,0.057750766362159325,41.00781905217002,True,True,True,False,False,True,False,,Uptrend Under Pressure,24.17,-0.2416,0.3313647245780441,0.938326855384374,0.5373884427542446,-0.22131489526641535,0.5932781612518521,0.6193326271186441,,False,,,0,0,0.375,0.898
ROKU,"Roku, Inc.",Communication Services,XLC,23291387904.0,2026-09-16,155.1199951171875,-0.009577321202683287,0.014519302219240693,-0.01685894082069428,0.0006122008923761246,0.08926957492193521,True,0.000984192726812605,0.10584758808665984,-0.038783827270186255,0.0792574993990367,0.9709564374737764,0.8397352448172752,0.9404084358752623,0.7259538135467992,0.8397352448172752,352289558.6023468,0.2727230691996724,156.6207473754883,148.55933176676433,133.49924933115642,False,True,True,True,True,False,dry_up,2,4,normal,False,False,,False,27.0,분산4일,0.01444872493606384,52.00172018970719,True,True,False,True,False,True,False,,Uptrend Under Pressure,153.11,0.0131,0.30928512033862526,0.9464981965192371,0.4259781213163951,0.41962189768578595,0.9054687217664703,0.6191737288135594,,False,,,0,0,0.375,0.898
MDLZ,"Mondelez International, Inc.",Consumer Staples,XLP,79220441088.0,2026-09-16,62.36000061035156,0.0041868299938656595,-0.0009611912905117537,-0.004787731212752888,0.012897924797873772,0.026829684879197124,False,0.013274484025121103,0.04245740131025366,0.022084074326279346,0.05454954823330871,0.9595322766600038,0.8559356289839067,0.8630182303300338,0.8188137186911535,0.8559356289839067,449736238.738575,0.4125560231277156,62.645499801635744,61.55908622741699,60.55467529296875,False,True,True,True,True,False,weak_rally,2,2,normal,False,False,,False,34.0,,0.018951023803843534,50.56720438594203,True,True,True,True,False,True,False,,Uptrend Under Pressure,64.99,-0.0405,0.5175541857219799,0.9374568435182988,-0.11638561868158026,-0.0573901238841833,0.4000786021466517,0.6182733050847458,,False,,,0,0,0.375,0.898
TECH,Bio-Techne Corp,Health Care,XLV,11339526144.0,2026-09-16,72.33000183105469,-0.00013816017890366794,0.0011072917793035764,0.002632210990604511,0.020449724846580253,0.016871355452247272,False,0.020829091563033808,0.03234751223256227,0.014345571639605037,0.005138962918524115,0.9980681745923796,1.4692281025359262,1.276936259452301,0.9446367086712634,1.4692281025359262,179588781.89092636,0.7586424625098658,72.30649299621582,71.34118404388428,61.924013233184816,True,True,True,True,True,False,distribution,3,2,normal,False,False,,False,35.0,,0.002562652846690356,60.7893687533395,True,True,True,True,False,True,False,,Uptrend Under Pressure,71.99,0.0047,0.508736785144085,0.9549750185957814,0.19177889901239076,0.22656770772885793,0.8034855986411766,0.6182203389830508,,False,,,0,0,0.375,0.898
TLK,"PT Telekomunikasi Indonesia, Tb",Communication Services,XLC,14373101568.0,2026-09-16,14.65999984741211,-0.024617424626257045,-0.022666676839192657,0.0034223266194268742,0.021253881412857112,0.042060247219468216,False,0.02163354708596521,0.05791976344443839,-0.018954849439500987,0.03248209858227802,0.9600523515347099,1.2514942070943325,1.1583545505609774,0.9718783139858063,1.2514942070943325,8455603.15629692,0.09589005304000209,14.857499933242797,14.572833315531414,15.167005530993144,False,True,True,False,False,False,distribution,1,4,normal,False,False,,False,,분산4일,0.01566457941289422,45.76366981794539,False,True,False,True,False,True,False,,Uptrend Under Pressure,,,0.3541309605096284,0.9464981965192371,-0.31966484131179684,-0.23928565988711448,0.10761808391456759,0.6174788135593221,,False,,,0,0,0.375,0.898
CVNA,Carvana Co.,Consumer Discretionary,XLY,81427742720.0,2026-09-16,65.4000015258789,-0.02242152415227905,-0.10911322349333752,0.006153869628906294,0.024033965956197223,-0.039115011616259854,False,0.024414665165322758,-0.024490932918061037,0.06258907750817455,0.032444405208090554,0.863138503673981,1.1821427511239802,0.9730329890510944,0.9181945270991391,1.1821427511239802,518199275.7906826,0.19219701234600228,72.0305004119873,68.80416653951009,69.70119988123575,False,False,True,True,False,False,distribution,0,2,normal,False,False,,False,34.0,,0.04685201406428353,39.03265154003286,True,True,True,False,False,True,False,,Uptrend Under Pressure,66.32,-0.0139,0.40280299660052843,0.8883820050871151,-0.1885168110519322,-0.03846579820489582,0.3558283040005782,0.6170550847457628,,False,,,0,0,0.375,0.898
FMX,Fomento Economico Mexicano S.A.,Consumer Staples,XLP,41021456384.0,2026-09-16,121.0199966430664,-0.004769751959973312,0.025767021525975764,0.0316256002189379,0.04995834798486065,-0.06044999683213981,False,0.05034868495216971,-0.04615062349055876,0.05948060501299257,-0.035086299146255384,0.9157775424330605,0.6271294044256046,1.085825346015657,1.0757441916969814,0.6271294044256046,44177971.1291996,0.3463658101006312,120.321000289917,123.66409670511881,120.29605909983317,True,False,False,True,False,False,dry_up,2,1,normal,False,False,,False,33.0,,0.021619806583846865,50.83291247438822,False,True,True,True,False,True,False,,Uptrend Under Pressure,126.76,-0.0453,0.49278078963776956,0.9374568435182988,0.08269338667575488,-0.025168112563466738,0.5922048353872285,0.6148834745762711,,False,,,0,0,0.375,0.898
ECHO,EchoStar Corporation,Communication Services,XLC,25110018048.0,2026-09-16,93.45999908447266,0.014766564960733364,0.02343407136224207,0.03844443427191835,0.05689835774802554,-0.05347569539158814,False,0.057291274762790056,-0.03907017747041153,0.015286235259739378,-0.062175720656387656,0.9540628823799848,1.232261991756022,1.0013477231169414,1.3940860545983216,1.232261991756022,232792164.87565842,0.5176944447543709,89.04349975585937,91.65066668192546,107.7720832824707,True,True,False,False,False,False,accumulation,5,0,normal,False,False,,False,6.0,,0.030012079427756452,57.54025811857973,True,True,True,True,True,True,False,,Uptrend Under Pressure,93.42,0.0004,0.4977613602467288,0.9464981965192371,0.08787961329853156,-0.2884332770197987,0.40111940298507465,0.6146716101694916,,False,,,0,0,0.375,0.898
BBVA,Banco Bilbao Vizcaya Argentaria,Financials,XLF,159810109440.0,2026-09-16,28.100000381469727,-0.025320830529592553,-0.03370012189846783,-0.023966672876536088,-0.006621840804230561,0.06880472293979722,False,-0.006252538327807922,0.08507127364069755,0.009364696615740575,0.08017989346920618,0.9480432172776446,1.5861770510029105,0.973845731168076,0.7970052880678065,1.5861770510029105,33874444.70243387,0.2214774894711914,28.989000034332275,27.2956667582194,24.851855182647704,False,True,True,True,True,False,distribution,0,1,interest,False,False,,False,19.0,,0.01739958645928328,44.13877980300352,False,False,True,True,False,True,False,,Uptrend Under Pressure,28.53,-0.0151,0.4764179905457801,0.9550887806277483,0.33054246492568073,0.22829165364484272,0.859767446062665,0.6146716101694916,,False,,,0,0,0.375,0.898
SN,"SharkNinja, Inc.",Consumer Discretionary,XLY,27241259008.0,2026-09-16,170.67999267578125,0.02148540556928924,0.008151149433833993,-0.06640419080012405,-0.04981350472006596,0.1212729040284235,False,-0.049460259359754954,0.13833798818407406,-0.014038767222474768,0.204776794799143,0.8849942556031506,2.051815197681774,1.3882714454511036,0.9567257536023137,2.051815197681774,299539226.0682373,0.34187288649113545,177.39300079345702,165.5851676940918,140.90700047810873,False,True,True,True,True,False,accumulation,4,4,attention,True,False,surge,False,29.0,분산4일,0.04401135160161609,47.29270370723974,True,False,False,False,False,True,False,,Uptrend Under Pressure,182.11,-0.0628,0.3058694873049568,0.8883820050871151,0.356678930231517,0.5062810445005332,0.8975443605218459,0.6145656779661017,,False,,,0,0,0.375,0.898
AMP,"Ameriprise Financial, Inc.",Financials,XLF,48857985024.0,2026-09-16,540.8599853515625,-0.03303901136451548,-0.019968144222927586,-0.037821123515083044,-0.02072249524863301,0.059365211664209605,False,-0.020358434891293853,0.07548809880762364,-0.004962881118483531,0.07063991851847828,0.9477465344730241,1.332639625922651,1.2133948197107634,0.9811368966286345,1.332639625922651,253818387.17041016,0.37938091711535,555.5445068359375,533.0990356445312,494.193630472819,False,True,True,True,True,False,distribution,5,3,normal,False,False,surge,False,1.0,분산3일,0.022887499062955678,42.56703860538475,True,False,False,True,False,True,False,,Uptrend Under Pressure,559.34,-0.033,0.3101877060780397,0.9550887806277483,-0.01273734670992932,0.11497273184474155,0.601222398901377,0.6143538135593221,,False,,,0,0,0.375,0.898
TSLA,"Tesla, Inc.",Consumer Discretionary,XLY,1453236027392.0,2026-09-16,358.0799865722656,0.004206629806734918,-0.026453905687482293,0.06296194900854779,0.08185156680381356,-0.11871606728730966,False,0.08225376052937916,-0.10530346771165522,0.122583524167996,-0.05308473258650703,0.878163571700141,0.8135585730490298,0.7865890224179632,1.1975386774662982,0.8135585730490298,14119459183.834112,0.3138907163907389,357.8894989013672,359.4708312988281,377.8600824991862,True,False,False,False,False,False,weak_rally,2,1,normal,False,False,,False,8.0,,0.039210832951695175,51.114491630715676,True,True,True,False,False,True,False,,Uptrend Under Pressure,376.37,-0.0486,0.34999055610751917,0.8883820050871151,-0.299964272420875,-0.26614911113134054,0.10746720393191428,0.6121822033898305,,False,,,0,0,0.375,0.898
MSI,"Motorola Solutions, Inc.",Information Technology,XLK,80314138624.0,2026-09-16,460.5299987792969,-0.018352763781176895,0.0013916025799094456,-0.01910543390991082,-0.0016742140358813051,0.07649023965312618,False,-0.0013030722087532531,0.09287375919276442,-0.010092688422683516,0.057581859738041974,0.9374847486654616,0.9953391666203714,0.9521752008986348,0.8420781154132262,0.9953391666203714,477383267.5915756,0.039175711813748626,475.7060028076172,444.5825007120768,432.37959950764974,False,True,True,True,True,False,dry_up,1,4,normal,False,False,,False,19.0,분산4일,0.019789305824424133,46.04942492145671,True,False,False,True,False,True,False,,Uptrend Under Pressure,480.84,-0.0422,0.4831504859518849,0.9290615743084026,-0.1912589861651397,-0.1538013132466517,0.25326153734957174,0.611917372881356,,False,,,0,0,0.375,0.898
HAS,"Hasbro, Inc.",Consumer Discretionary,XLY,13272284160.0,2026-09-16,89.30000305175781,-0.010087529563798436,0.0037091359618628417,-0.0427698341152597,-0.025759148085974348,0.162695232478957,False,-0.025396960176049754,0.1803907390040338,0.010921241405759785,0.24928394370504936,0.9230928780617836,1.0193667064459022,0.9448842408095321,0.6257874997866986,1.0193667064459022,126341001.17868805,0.205675677625551,92.74300041198731,88.62083358764649,89.01490186055501,False,True,True,False,False,False,distribution,1,3,normal,False,False,,False,35.0,분산3일,0.02279234853894842,40.982010632572944,True,False,True,True,False,True,False,,Uptrend Under Pressure,95.62,-0.0661,0.6252882381356063,0.8883820050871151,0.08403672748079005,-0.11285079967089706,0.5153021213544866,0.6104872881355933,,False,,,0,0,0.375,0.898
TTE,TotalEnergies SE,Energy,XLE,195400679424.0,2026-09-16,90.83999633789062,-0.0244846041821567,-0.008729845668769998,0.017359115314934837,0.03543833712221933,0.15541592001462656,False,0.035823276068724486,0.17300063987987002,0.011798063545735982,-0.005665576092044211,0.9755153958178433,0.9340254615697173,0.7697274706268172,0.5701520311187859,0.9340254615697173,144225333.6200714,0.05566794295404422,89.77499961853027,85.12333335876465,87.34019088745117,True,True,True,True,False,False,dry_up,0,3,normal,False,False,,False,38.0,분산3일,0.018859691747876266,55.64953280879078,True,True,True,True,False,True,False,,Uptrend Under Pressure,86.23,0.0535,0.37387510634361254,0.971181533185436,0.26323517760253123,-0.10088300744838163,0.6257065158469155,0.6086864406779661,,False,,,0,0,0.375,0.898
GFL,GFL Environmental Inc. Subordin,Industrials,XLI,15262052352.0,2026-09-16,41.06999969482422,-0.026315803753452216,-0.022142864408947194,0.01432447498923839,0.0323497689998109,-0.01849880328699849,False,0.03273355972713565,-0.0035609585744373895,0.10366631434437679,0.07002555336182859,0.939172195855091,1.1900585256276035,1.0249092873595431,0.6610616950712765,1.1900585256276035,96904642.44266014,0.05426329080983895,41.99699993133545,40.476772181193034,39.2502051671346,False,True,True,True,True,False,distribution,4,3,normal,False,False,,False,12.0,분산3일,0.030715849993613643,46.21457823442499,True,True,True,True,False,True,False,,Uptrend Under Pressure,42.83,-0.0411,0.2741651946820081,0.904562820667949,-0.24200158577239395,-0.15386173904722555,0.21573759531639625,0.6073622881355932,,False,,,0,0,0.375,0.898
HUM,Humana Inc.,Health Care,XLV,46018375680.0,2026-09-16,384.7200012207031,-0.030003514807588894,-0.03824805813002963,0.007120422043725538,0.025017694720284478,-0.03328436396597745,False,0.02539875964458682,-0.018571546395665717,0.018886216710063186,-0.04443807308525416,0.9387994452919894,1.075509915436888,0.872610349216977,1.2925941901801252,1.075509915436888,377900347.61211395,0.13235228119305992,393.61599884033205,388.5594746907552,327.8657787322998,False,False,True,True,True,False,distribution,1,2,normal,False,False,,False,86.0,,0.03565485777835672,44.979265026203564,True,True,True,True,False,True,False,,Uptrend Under Pressure,304.13,0.265,0.4827479846545677,0.9549750185957814,0.1974865284360372,0.9578718108599846,0.847361858985942,0.6065148305084745,,False,,,0,0,0.375,0.898
RPRX,Royalty Pharma plc,Health Care,XLV,35484876800.0,2026-09-16,58.470001220703125,0.0,-0.03498925444043288,-0.020438891507361445,-0.0030313681582975205,0.007128009557502368,False,-0.0026607308725403733,0.02245587860424747,-0.008995061540864935,-0.004491966830347582,0.9141651353603237,0.7113690127842666,0.9096397161249907,1.2925451982542955,0.7113690127842666,185001928.1672287,0.2134860356267252,61.04000015258789,58.624457867940265,54.82083749771118,False,False,True,True,True,False,dry_up,3,3,normal,False,False,,False,75.0,분산3일,0.02792640464999927,41.937817870534154,True,False,False,True,False,True,False,,Uptrend Under Pressure,55.54,0.0528,0.26475020714999775,0.9549750185957814,0.45858175376117427,0.12281741467984397,0.8434127787214051,0.6047139830508474,,False,,,0,0,0.375,0.898
CNI,Canadian National Railway Compa,Industrials,XLI,75461271552.0,2026-09-16,119.48999786376953,-0.01872381409338486,-0.019287578338429978,-0.05068656416427153,-0.033816564266746285,-0.029764378074056186,False,-0.03345737181602482,-0.014997988482824187,0.03292909391497356,0.05774390466304946,0.9200154587197084,1.1050967210669027,0.7611350137117424,1.3764686168277351,1.1050967210669027,169980558.4769619,0.20145165935575346,123.80009384155274,124.20706189473471,117.8382978439331,False,False,True,True,False,False,distribution,5,1,normal,False,False,,False,38.0,,0.01726570453525143,35.13518562562578,True,False,True,True,True,True,False,,Uptrend Under Pressure,129.88,-0.08,0.3360436326763993,0.904562820667949,0.13650494870259888,0.0776981110615087,0.6988209678002241,0.6035487288135594,,False,,,0,0,0.375,0.898
DB,Deutsche Bank AG,Financials,XLF,75272749056.0,2026-09-16,38.36000061035156,-0.008529284778253099,-0.056566631718935834,0.007088486654818871,0.024985191815964036,0.03814068662957304,False,0.025366244656848558,0.053940549552408124,0.04148038447970026,0.04918950320988147,0.9230028715784411,0.9853578420135176,1.0244696526280943,0.6439946906301149,0.9853578420135176,76006598.97002944,0.39593822130652334,39.676500129699704,37.296166865030926,34.24061657587687,False,True,True,True,True,False,dry_up,1,1,normal,False,False,,False,14.0,,0.01868575129049337,43.82710231500292,True,True,True,True,False,True,False,,Uptrend Under Pressure,40.23,-0.0465,0.3663741264517919,0.9550887806277483,-0.10771415848998489,0.13844773828656676,0.5422924722633804,0.6034427966101695,,False,,,0,0,0.375,0.898
BMY,Bristol-Myers Squibb Company,Health Care,XLV,136473755648.0,2026-09-16,63.599998474121094,-0.002039872415644295,-0.012575766836429914,-0.03709317887111763,-0.019981614491466848,0.08789469816838347,False,-0.019617278701156038,0.10445178655429777,-0.025843914441320837,0.07534285710625488,0.9340578924180241,1.2021458912727006,1.015469834925351,0.9371034855868143,1.2021458912727006,518647603.3055862,0.32837759434584246,66.03049983978272,62.57365112304687,59.7636828104655,False,True,True,True,True,False,distribution,0,3,normal,False,False,,False,27.0,분산3일,0.020257379652853288,42.739250188794564,True,False,False,True,False,True,False,,Uptrend Under Pressure,64.72,-0.0173,0.38162779287566156,0.9549750185957814,0.23625409025935662,-0.04499029460810833,0.6680143471504463,0.6032838983050848,,False,,,0,0,0.375,0.898
AWK,"American Water Works Company, I",Utilities,XLU,27470307328.0,2026-09-16,137.75999450683594,-0.0018838556555303976,-0.01831402615751987,0.010934102793420886,0.028899147389588542,0.01995499260213096,False,0.029281655299192355,0.03547808044381284,0.07699225547936228,0.13763734808008188,0.9777840521231312,0.7047291508139556,0.8199774946212859,0.5039680645243547,0.7047291508139556,271864064.2215462,0.27906708539592984,138.54750137329103,134.74187850952148,131.1380812327067,False,True,True,True,True,False,dry_up,1,0,normal,False,False,,False,35.0,,0.018691914495016296,50.63377712819203,True,True,True,True,False,True,False,,Uptrend Under Pressure,137.13,0.0046,0.39015097792934766,0.8773219778194903,-0.15133895716507273,-0.14905629023110079,0.2920322720537747,0.6029661016949152,,False,,,0,0,0.375,0.898
DVA,DaVita Inc.,Health Care,XLV,11229437952.0,2026-09-16,193.86000061035156,0.015505535927215597,0.05928641292380532,0.08965205227320872,0.10901597288811504,-0.17959092671800447,False,0.10942826536846484,-0.16710480507240222,0.10238203175151517,-0.1890565894435431,0.804531852626293,0.9793867763318868,1.0856078781914524,2.2368304941276054,0.9793867763318868,110703197.5042923,0.7616178924110565,180.8730010986328,205.85950037638347,191.1497501373291,True,False,False,True,False,False,weak_rally,4,0,normal,False,False,,False,50.0,,0.024987056925789734,58.16632857254971,True,True,True,False,True,True,False,,Uptrend Under Pressure,234.31,-0.1726,0.6521573224285263,0.9549750185957814,0.14154659985435947,0.017404966973122882,0.660501969571031,0.6009004237288136,,False,,,0,0,0.375,0.898
VIV,Telefonica Brasil S.A.,Communication Services,XLC,18438647808.0,2026-09-16,11.859999656677246,-0.002523186356538365,0.0059372090797884525,0.0543011091341965,0.07303681741730594,-0.10736230731325436,False,0.07343573413426485,-0.0937769104919477,0.030789292711193017,-0.1155670311020427,0.8466531831519971,1.2115801409481708,1.0900336342715524,2.0611010537214662,1.2115801409481708,15209550.387386084,0.37036670740408456,11.641544675827026,12.496023718516032,13.35981382528941,True,False,False,False,False,False,distribution,1,2,normal,False,False,,False,,,0.02103709454323324,49.617993943273454,False,True,True,False,False,True,False,,Uptrend Under Pressure,,,0.5036809920344368,0.9464981965192371,-0.19722363556228484,-0.34112577851904746,0.15769036175056916,0.6004237288135593,,False,,,0,0,0.375,0.898
JNJ,Johnson & Johnson,Health Care,XLV,640671547392.0,2026-09-16,267.2799987792969,0.00029935093043209626,0.0007488850422610049,-0.009264792735584448,0.00834130258983512,-0.0033681884106759874,False,0.008716167827890198,0.011799934956852498,0.002309579863999822,-0.014867062444708923,0.9599540488101509,0.8023992808536407,0.8067613107577626,1.1320971004129248,0.8023992808536407,1639496157.8239975,0.41827253288407956,269.52648773193357,260.44177474975584,245.23462829589843,False,True,True,True,True,False,weak_rally,1,1,normal,False,False,,False,56.0,,0.02024760642711003,51.46103109114482,True,True,True,True,False,True,False,,Uptrend Under Pressure,253.41,0.0547,0.38892834575178886,0.9549750185957814,0.27310746545155906,-0.04298729934504042,0.6848451447363666,0.6002648305084746,,False,,,0,0,0.375,0.898
TSM,Taiwan Semiconductor Manufactur,Information Technology,XLK,2154046423040.0,2026-09-16,417.7200012207031,0.009595169113481905,-0.04051815675392101,0.010425479597529153,0.028381485584383137,-0.042448962381359645,False,0.02876380104583931,-0.027875624363839613,0.019709563734850555,-0.059268194122105156,0.9515261986804171,1.0980156770871357,1.1224843887667415,1.302637940528969,1.0980156770871357,3990378359.6602297,0.6432153354632588,420.64649963378906,421.961333211263,408.81951700846355,False,False,False,True,False,False,accumulation,4,1,normal,False,False,,False,61.0,,0.024161768796334825,47.94976770438889,True,True,True,True,True,True,False,,Uptrend Under Pressure,462.12,-0.0961,0.4512728890599617,0.9290615743084026,0.4103080006808508,0.07820801662835541,0.8086263597267898,0.600052966101695,,False,,,0,0,0.375,0.898
BMRN,BioMarin Pharmaceutical Inc.,Health Care,XLV,12626817024.0,2026-09-16,64.7300033569336,0.0043445527067482725,0.004968167623509379,-0.033736297640012625,-0.01656507900510018,0.06355861698475529,False,-0.016199473069070547,0.07974532517872412,-0.02244781607746793,0.05128755918557126,0.9215547455237317,1.2606787283313603,1.0354215881351043,0.9982101737375093,1.2606787283313603,117594439.83340149,0.29545822351690015,65.81450042724609,62.59750016530355,58.56608352661133,False,True,True,True,True,False,accumulation,4,2,normal,False,False,,False,25.0,,0.025093249226296997,48.76488969978412,True,False,False,True,False,True,False,,Uptrend Under Pressure,69.55,-0.0693,0.36469794097717484,0.9549750185957814,0.06090387279019671,0.026715271477827818,0.6116069169889053,0.5999470338983051,,False,,,0,0,0.375,0.898
EOG,"EOG Resources, Inc.",Energy,XLE,76035751936.0,2026-09-16,144.92999267578125,-0.0573046214556987,-0.014148710351512661,-0.025353089104454773,-0.008032894671036517,0.07609621646508691,False,-0.007664116773982266,0.09247373921407886,-0.030680668959579993,-0.07392697907884305,0.9426953785443013,1.4170882724963203,1.2091994038316385,1.3286757301588525,1.4170882724963203,450017064.67568666,0.08085402559190295,147.61350173950194,141.61915079752603,138.84425296783448,False,True,True,True,True,False,distribution,4,3,normal,False,False,,False,132.0,분산3일,0.027471401745101036,48.133533928640105,True,False,False,True,False,True,False,,Uptrend Under Pressure,129.69,0.1175,0.3817011300556022,0.971181533185436,0.08846979475675365,-0.05590488641876101,0.5674370279353836,0.5993644067796611,,False,,,0,0,0.375,0.898
E,ENI S.p.A.,Energy,XLE,78949376000.0,2026-09-16,55.29999923706055,-0.02400283469844877,-0.01355694109191663,-0.011264099136021888,0.006306467040122721,0.1551515014824678,False,0.006680575799086208,0.17273219706023668,-0.016668691720881257,-0.005893130900914589,0.9642545895099613,1.1875018794455443,0.9216675070265039,0.7597933944814125,1.1875018794455443,19758386.12641239,0.04064980135654407,55.18700008392334,52.32283356984456,53.153457228342695,True,True,True,True,False,False,distribution,1,4,normal,False,False,,False,,분산4일,0.02047273944471232,52.082892156311196,False,True,False,True,False,True,False,,Uptrend Under Pressure,,,0.3744740360662879,0.971181533185436,0.38515954435822697,-0.078181060087532,0.6910212858227025,0.5992055084745762,,False,,,0,0,0.375,0.898
SAN,"Banco Santander, S.A. Sponsored",Financials,XLF,211609305088.0,2026-09-16,14.399999618530273,-0.017064846860731953,-0.019073615859993343,0.01123594452133525,0.02920635306762387,0.006266842524708771,False,0.029588975185312894,0.021581605138725646,0.04576947731580305,0.016976429305280094,0.9568105937563546,0.4299187522881007,0.49314002353428565,0.7177200319733771,0.4299187522881007,209828974.89822826,0.25640919050041083,14.64150004386902,14.206166632970174,13.159716518719991,False,True,True,True,True,False,dry_up,0,0,normal,False,False,,False,16.0,,0.018452378035222334,46.375945950222274,True,True,True,True,False,True,False,,Uptrend Under Pressure,14.72,-0.0217,0.4672578008031825,0.9550887806277483,0.23225806506963398,0.15951128367382372,0.795956055075711,0.5988347457627119,,False,,,0,0,0.375,0.898
CI,The Cigna Group,Health Care,XLV,72951504896.0,2026-09-16,280.45001220703125,-0.02924881228097509,0.008196421861586423,0.012593139527234731,0.030587666429743754,-0.02436639536044527,False,0.030970802070345416,-0.0095178517914013,0.02442286981514119,-0.03562299764090959,0.926131950573031,0.809656382567101,0.9193640623053851,0.9776096193644219,0.809656382567101,402514642.8701385,0.036736244538765034,279.61528930664065,281.8209971110026,280.26868743896483,True,False,False,True,False,False,dry_up,3,1,normal,False,False,,False,56.0,,0.022956143270436213,49.710021078776634,True,True,True,True,True,True,False,,Uptrend Under Pressure,281.23,-0.0028,0.42627633610200916,0.9549750185957814,-0.20277044662148014,-0.09234107589925744,0.2945222435040295,0.5985169491525424,,False,,,0,0,0.375,0.898
XOM,ExxonMobil Holdings Corporation,Energy,XLE,661812215808.0,2026-09-16,163.32000732421875,-0.03543585955858741,-0.005540939091480013,-0.013529779339252812,0.004000524028683783,0.15036669458497887,False,0.004373775520496004,0.16787456834382986,-0.01892198734455408,-0.010010867317308492,0.9645641404414126,0.975060175700828,0.9841035493336018,0.7850387769795941,0.975060175700828,2237463547.2707367,0.1540040813802486,162.86100158691406,152.99663289388022,151.81925824483235,True,True,True,True,True,False,dry_up,1,1,normal,False,False,,False,84.0,,0.023818266073954486,53.53636212763182,True,True,False,True,False,True,False,,Uptrend Under Pressure,156.9,0.0409,0.32616450900596383,0.971181533185436,0.2510151229477424,-0.11035113305818345,0.6150807704817318,0.596875,,False,,,0,0,0.375,0.898
DLR,"Digital Realty Trust, Inc.",Real Estate,XLRE,70090604544.0,2026-09-16,181.07000732421875,0.010040737484571682,-0.035796488173507446,-0.0662657883223855,-0.04967264272822258,0.03361206397041472,False,-0.04931934500046031,0.04934300404091818,-0.02656955085950996,0.09302189793917859,0.9108748981688938,0.924445954333758,0.9070315694126386,1.5061026508030633,0.924445954333758,369035981.1993042,0.34949260610118293,186.3432861328125,185.60333175659179,186.87654457092285,False,False,False,True,False,False,weak_rally,2,1,normal,False,False,,False,37.0,,0.028901293325470142,42.93463355271964,True,False,False,True,False,True,False,,Uptrend Under Pressure,197.72,-0.0842,0.4324239338093077,0.9304499659860984,-0.022788354033752012,-0.04625568251226497,0.4812502258682375,0.5951271186440679,,False,,,0,0,0.375,0.898
ADBE,Adobe Inc.,Information Technology,XLK,116384030720.0,2026-09-16,250.5,-0.028165772387370502,-0.01710743388491731,-0.04803531939194017,-0.031118204919450387,0.12121437327745554,False,-0.03075800931521666,0.13827856663106552,-0.0392883901339367,0.10152042106566905,0.8555619819300171,0.8590070348511438,1.4112630636306502,0.9108015084942167,0.8590070348511438,1376715446.444638,0.21126734077647993,271.1140007019043,246.94733225504558,243.8570832570394,False,True,True,True,True,False,dry_up,2,3,normal,False,False,,False,13.0,분산3일,0.04412318812430942,42.94197630512782,True,False,False,False,False,True,False,,Uptrend Under Pressure,289.15,-0.1337,0.34161554612944073,0.9290615743084026,-0.3808297705070812,-0.13698727375681263,0.16852119547540748,0.5946504237288136,,False,,,0,0,0.375,0.898
IX,ORIX Corporation,Financials,XLF,42329059328.0,2026-09-16,39.59000015258789,-0.0025194879713047458,0.014607885395624187,0.011497209247746332,0.029472260660912575,-0.0018527804739278952,False,0.02985498163353606,0.013338406470610131,0.04603966418748251,0.00877039005654523,0.9583635641848419,0.6642162065798841,0.6885362801406004,0.7391576611307608,0.6642162065798841,13337457.167280579,0.3737371012862108,39.283999633789065,39.55066680908203,37.215500100453696,True,True,True,True,False,False,dry_up,1,3,normal,False,False,,False,,분산3일,0.01999059381799356,50.225054511582684,False,True,True,True,False,True,False,,Uptrend Under Pressure,,,0.3362788846608269,0.9550887806277483,0.2639379346377888,0.13398282628867686,0.7979644754436053,0.5945444915254238,,False,,,0,0,0.375,0.898
DAR,Darling Ingredients Inc.,Consumer Staples,XLP,10457597952.0,2026-09-16,65.55999755859375,-0.014728033415234099,-0.02888467658024574,-0.04067894246806569,-0.023631099752124185,0.11641382670137745,False,-0.023268120709927897,0.13340495868783941,-0.014776238375690975,0.14655206596200365,0.9593210575319343,0.6997197036995121,0.7153212948763775,0.7421983047144665,0.6997197036995121,175118857.42590332,0.2499987773446861,65.46399993896485,62.00716648101807,61.18574981689453,True,True,True,True,True,False,dry_up,0,0,normal,False,False,,False,11.0,,0.03819839003344219,52.149781144412934,True,False,False,True,False,True,False,,Uptrend Under Pressure,66.27,-0.0107,0.3557811538063605,0.9374568435182988,0.8237590203260581,0.026829243669056035,0.8205594304506523,0.5920550847457627,,False,,,0,0,0.375,0.898
VST,Vistra Corp.,Utilities,XLU,46106206208.0,2026-09-16,140.38999938964844,-0.008054825121747933,-0.07088025335041992,-0.0009251699321075613,0.016829126641213055,-0.10608347656577044,False,0.017207147348726082,-0.09247861672680935,0.06435805425326935,-0.0029434332879614278,0.830808397083944,0.8542391899656478,1.0220000235908453,1.3266928743958644,0.8542391899656478,620505452.8506073,0.1887306876704029,142.14000091552734,149.93400039672852,151.91943740844727,False,False,False,False,False,False,dry_up,5,2,normal,False,False,,False,6.0,,0.033756451229813564,44.047928672224614,True,True,True,False,False,True,False,,Uptrend Under Pressure,151.72,-0.0747,0.41117930151091087,0.8773219778194903,-0.41806271654947946,-0.2300659633986466,0.08498970040836978,0.5916313559322035,,False,,,0,0,0.375,0.898
GPN,Global Payments Inc.,Financials,XLF,24093505536.0,2026-09-16,86.48999786376953,-0.027983877267071744,-0.003276511223321399,-0.04022491572856535,-0.023169004622606626,0.10846277749044786,False,-0.02280585378996569,0.1253328993968279,-0.007448762420753763,0.12026002431096594,0.9146353703338248,0.7876311939749592,0.8550080318556964,0.7339568018267046,0.7876311939749592,226057656.3672077,0.2660085840135901,90.80900039672852,83.95367202758788,76.13626464207967,False,True,True,True,True,False,dry_up,2,1,normal,False,False,,False,41.0,,0.03124195996830206,44.021709660694306,True,False,False,True,False,True,False,,Uptrend Under Pressure,82.14,0.053,0.5144266135361671,0.9550887806277483,-0.08221212190120875,0.08184925664196929,0.5269361425318926,0.5913135593220339,,False,,,0,0,0.375,0.898
HOOD,"Robinhood Markets, Inc.",Financials,XLF,94232813568.0,2026-09-16,104.41999816894531,-0.054594829750177265,-0.09420541919976066,0.14082813898784874,0.16110149640733562,-0.0828871089443508,False,0.16153315242275323,-0.06892921465307866,0.17978722283374293,-0.0731263778149237,0.8372353844365736,1.3840706768917157,0.9575089523541308,0.8101747747398534,1.3840706768917157,2656058073.1107225,0.29056749179955815,109.35649948120117,103.40500005086263,92.2602917989095,False,True,True,True,True,False,distribution,1,4,normal,False,False,,False,8.0,분산4일,0.06498585377418725,47.01598651780715,True,True,True,False,False,True,False,,Uptrend Under Pressure,124.72,-0.1628,0.23801308946466052,0.9550887806277483,-0.2908992219714317,0.07456100703600521,0.363863792418055,0.5908368644067797,,False,,,0,0,0.375,0.898
MFC,Manulife Financial Corporation,Financials,XLF,70481248256.0,2026-09-16,43.70000076293945,-0.0038750438359769213,0.017699165359491786,0.0007999800114200095,0.018584933771578882,0.0554281582763263,False,0.018963607225395585,0.07149112588797579,0.0349771264208929,0.06666096350655693,0.9800403815518538,0.6276304114742608,0.531522618291349,0.5678791948721014,0.6276304114742608,108118025.38003501,0.42045464397492693,43.199905967712404,42.67400258382161,40.16634810765584,True,True,True,True,True,False,dry_up,0,2,normal,False,False,,False,28.0,,0.01850276539359077,53.94342038240217,True,True,True,True,False,True,False,,Uptrend Under Pressure,44.21,-0.0115,0.2562191766686598,0.9550887806277483,0.17941719467484885,0.11608215848890135,0.7500469805934011,0.5907838983050848,,False,,,0,0,0.375,0.898
INTC,Intel Corporation,Information Technology,XLK,473159270400.0,2026-09-16,101.05000305175781,0.04025122181054952,-0.048851608776073197,0.045092569037773034,0.06366463477183748,-0.09230558230932262,False,0.06406006724643754,-0.07849103139147318,0.054695184508338324,-0.10824909044742426,0.8979029876461976,1.2904150085607708,1.0577117720202787,1.220632180025313,1.2904150085607708,8673085136.792828,0.34308052213046125,94.24450073242187,102.27483317057292,98.18583323160807,True,False,False,True,False,False,accumulation,3,2,normal,False,False,,False,61.0,,0.05180604109106454,54.736331435992184,True,True,True,False,False,True,False,,Uptrend Under Pressure,133.99,-0.2458,0.39572361064445233,0.9290615743084026,2.5345567487135656,1.028357583168762,0.992132557551227,0.5899364406779661,,False,,,0,0,0.375,0.898
FDS,FactSet Research Systems Inc.,Financials,XLF,11151576064.0,2026-09-16,276.4100036621094,-0.0024540498927000387,-0.009886483622423392,-0.027884008979517927,-0.010608790858896988,0.06511367431246096,False,-0.010240970587931497,0.08132404952279004,0.00531358416163874,0.07644956141930703,0.8815500380265292,0.746849095795973,1.0876322013167523,0.7428438300153941,0.746849095795973,273049425.5498474,0.8806576713250882,293.0269180297852,269.2602038065592,248.10898208618164,False,True,True,True,True,False,dry_up,1,3,normal,False,False,,False,35.0,분산3일,0.047302363744038414,45.80986722717213,True,False,True,False,False,True,False,,Uptrend Under Pressure,282.8,-0.0226,0.32677155557508786,0.9550887806277483,-0.31065025346108566,0.14910990125692836,0.39662552853167576,0.5897245762711865,,False,,,0,0,0.375,0.898
NVDA,NVIDIA Corporation,Information Technology,XLK,5331174293504.0,2026-09-16,213.89999389648438,0.008153818836165172,-0.0426103497917949,-0.025487694115692405,-0.00816989171259841,0.07824549672695191,False,-0.007801164746145228,0.09465573019998885,-0.016533590697507594,0.0593062860004232,0.9295856054101861,0.7376438218790501,0.7867103006363577,0.8028182876148975,0.7376438218790501,28445419709.702606,0.3286374886723045,218.3342628479004,210.5540875752767,207.0977882385254,False,True,True,True,True,False,weak_rally,3,1,normal,False,False,,False,13.0,,0.03517407628147946,46.88755014486237,True,False,False,True,True,True,False,,Uptrend Under Pressure,227.73,-0.0607,0.3264951346484796,0.9290615743084026,0.07228025593651766,0.06928628803280024,0.6442746919157241,0.5883474576271186,,False,,,0,0,0.375,0.898
MDGL,"Madrigal Pharmaceuticals, Inc.",Health Care,XLV,12476921856.0,2026-09-16,529.0900268554688,0.011141721096659118,-0.032140539187450634,0.009001338334063913,0.02693203628032581,-0.037990478437231134,False,0.027313812888362987,-0.023349285035495715,0.02078910701102865,-0.04908988965344541,0.9357799858671342,1.3986836525011306,1.05698627184052,1.10353886342353,1.3986836525011306,113834068.90112305,0.9326949411166321,533.3324996948243,529.2913340250651,520.5044174194336,False,False,True,True,True,False,accumulation,2,1,normal,False,False,,False,55.0,,0.031690544194450526,49.057567165452234,True,True,True,True,False,True,False,,Uptrend Under Pressure,527.28,0.0034,0.4680255914822468,0.9549750185957814,0.04330842970731008,0.022732951890197972,0.5913781576379604,0.5880826271186441,,False,,,0,0,0.375,0.898
UI,Ubiquiti Inc.,Information Technology,XLK,35712954368.0,2026-09-16,570.3699951171875,0.013540639923922626,0.0956432755634391,-0.020247299713505695,-0.0028363716369611547,0.07740216703973668,False,-0.0024656618584703027,0.09379956555347713,-0.011245046022465566,0.058477769265087964,0.9532062098225424,0.5876167610961375,0.7981809876110694,0.7476559619259958,0.5876167610961375,115853075.05778809,0.6249266830896546,573.6312957763672,556.1676635742188,665.4148854573567,False,True,False,False,False,False,weak_rally,2,1,normal,False,False,,False,19.0,,0.04792117400276007,50.60027876555622,True,False,False,True,False,True,False,,Uptrend Under Pressure,589.69,-0.0328,0.18188240835516425,0.9290615743084026,-0.1933628498591774,-0.35996591737151706,0.15557984893932275,0.5861228813559323,,False,,,0,0,0.375,0.898
FOXA,Fox Corporation,Communication Services,XLC,28316463104.0,2026-09-16,66.16000366210938,-0.020867190159582716,0.03601633306882546,-0.03734171748943338,-0.02023456982433358,0.19981022788394842,False,-0.019870328073769872,0.21807060181797389,-0.05880982050135097,0.18878211244651788,0.9448641371351815,0.934221610992634,0.8721437442038448,0.736456953273398,0.934221610992634,328768561.7297699,0.28767314177419806,67.13189430236817,60.53870023091634,61.51713015238444,False,True,True,True,False,False,dry_up,0,1,normal,False,False,,False,22.0,,0.029902934561813335,51.995665084945564,True,False,False,True,False,True,False,,Uptrend Under Pressure,68.74,-0.0375,0.33898369698933406,0.9464981965192371,0.0008648247947795618,0.024862182360572138,0.5557569296375267,0.5843220338983052,,False,,,0,0,0.375,0.898
REGN,"Regeneron Pharmaceuticals, Inc.",Health Care,XLV,82269274112.0,2026-09-16,774.6099853515625,0.0006459030492584894,-0.04090885663808408,-0.0439746313589211,-0.02698535546522418,0.13717827355268986,False,-0.026623623415353848,0.15448542765267148,-0.032805760251715554,0.1240578116431219,0.9091346064302426,0.627093062904844,0.8149574773161932,0.7793311353922012,0.627093062904844,497087087.98513794,0.34351099470970536,813.0779998779296,737.6354085286458,713.6410654703776,False,True,True,True,True,False,weak_rally,1,0,normal,False,False,,False,24.0,,0.025968811709611836,44.357103367713,True,False,False,True,False,True,False,,Uptrend Under Pressure,797.06,-0.0282,0.3250296738139766,0.9549750185957814,0.19544781745925865,-0.08173983323070766,0.6164215243395613,0.5841631355932204,,False,,,0,0,0.375,0.898
WAB,Westinghouse Air Brake Technolo,Industrials,XLI,48296677376.0,2026-09-16,276.3699951171875,-0.006292248060994821,-0.014618340947948005,-0.06226250687945034,-0.045598220021524916,0.05840949587811228,False,-0.04524340756910139,0.07451783761490827,0.020333540572283537,0.15387042858751632,0.9047230237981897,1.0792188631881037,0.884069933075317,0.8000100924463184,1.0792188631881037,210723612.7383789,0.4468072154698375,286.8634994506836,282.4415730794271,272.0991879781087,False,False,True,True,True,False,distribution,0,1,normal,False,False,,False,31.0,,0.022681811473268098,37.66614755995,True,False,True,True,False,True,False,,Uptrend Under Pressure,296.16,-0.0668,0.6328198759271874,0.904562820667949,0.3553696938404365,0.09229351176949119,0.8094006360449568,0.5838983050847458,,False,,,0,0,0.375,0.898
DEO,Diageo plc,Consumer Staples,XLP,51059412992.0,2026-09-16,86.94999694824219,0.0017280402213226687,0.009872224032345,-0.044295518355619845,-0.02731194486051647,0.040788690935642746,False,-0.02695033422490467,0.05662885485582203,-0.018490465716121673,0.0688853857605829,0.8953763402507243,1.4383539211387522,1.1328749286460025,1.0102895273983357,1.4383539211387522,86678886.77116776,0.2777730682829653,90.6084991455078,87.71083335876465,83.81519457499186,False,False,True,True,True,False,accumulation,3,2,normal,False,False,,False,26.0,,0.018877847830019112,41.994912617818194,True,False,False,False,False,True,False,,Uptrend Under Pressure,97.11,-0.1046,0.4665634157726866,0.9374568435182988,-0.19850532959417833,0.042732220314907865,0.4081059593075783,0.5826271186440678,,False,,,0,0,0.375,0.898
BALL,Ball Corporation,Materials,XLB,16668370944.0,2026-09-16,61.2599983215332,0.0040976890161914525,0.01608886036284729,-0.0034832604553972635,0.014225576962667796,-0.027474042435626456,False,0.014602629763513342,-0.012672795344249366,0.024615467271500657,0.003168637954229281,0.9187499713944409,0.981468824201066,1.1309343416731263,0.8924884171964228,0.981468824201066,109073688.31628227,0.41880224839260793,62.26324615478516,62.37546838124593,60.28043804168701,False,False,True,True,False,False,weak_rally,4,4,normal,False,False,,False,60.0,분산4일,0.01813005584459999,45.281991538369944,True,True,True,True,False,True,False,,Uptrend Under Pressure,58.02,0.0559,0.43856009931860734,0.938326855384374,0.04816408532006333,-0.14141252612310107,0.464499837374869,0.5802436440677966,,False,,,0,0,0.375,0.898
TD,Toronto Dominion Bank (The),Financials,XLF,198112362496.0,2026-09-16,120.5999984741211,-0.007162284826204068,0.012254482893673035,-0.011232292636474073,0.006338838764625709,-0.008637236156124772,False,0.006712959558238696,0.006450695544528484,0.022533953740885515,0.0019137281624201918,0.9663461179893171,0.7351460309721469,0.8680591245733803,0.8646642406568185,0.7351460309721469,239646953.47045326,0.4154924847882443,120.01649971008301,120.51723683675131,113.46519533793132,True,True,True,True,False,False,dry_up,2,2,normal,False,False,,False,47.0,,0.017501774340346787,50.15752525566678,True,True,True,True,False,True,False,,Uptrend Under Pressure,120.53,0.0006,0.3578249860941223,0.9550887806277483,0.3744692512970078,0.1344821759426167,0.8380470528712369,0.5798199152542374,,False,,,0,0,0.375,0.898
CB,Chubb Limited,Financials,XLF,130631835648.0,2026-09-16,341.5299987792969,-0.0009652681986933587,0.014636967520389232,-0.007901501960881352,0.009728820047066211,-0.05460199834916102,False,0.010104201114494282,-0.040213622066462285,0.02597849034258992,-0.04454023191407164,0.9423981418902134,0.9610015712954421,0.8079156449181399,1.2614121921128223,0.9610015712954421,542938199.5065842,0.37966709087570677,340.1155029296875,345.2108123779297,334.1091542561849,True,False,True,True,False,False,dry_up,3,1,normal,False,False,,False,34.0,,0.015310304338363528,50.16169734702245,True,True,True,True,True,True,False,,Uptrend Under Pressure,360.81,-0.0534,0.44977548804339423,0.9550887806277483,0.05754397952918633,-0.10759448400669747,0.49715948104513746,0.5792902542372882,,False,,,0,0,0.375,0.898
CHRW,"C.H. Robinson Worldwide, Inc.",Industrials,XLI,17487960064.0,2026-09-16,153.47000122070312,-0.026390937849694707,0.020073142796406263,0.065403764723728,0.0843367753851536,-0.19960178603398382,False,0.08473989302239882,-0.1874202173629762,0.1592446749485521,-0.12741161735003215,0.7359944912793835,1.2254254052136726,1.0949400848895712,1.3517776781157695,1.2254254052136726,192996132.18788147,0.31666733272540337,148.67173614501954,166.37338511149088,170.74150123596192,True,False,False,False,False,False,distribution,4,1,normal,False,False,,False,5.0,,0.02453229492517774,50.83339961961338,True,True,True,False,True,True,False,,Uptrend Under Pressure,150.45,0.0201,0.6722365109286796,0.904562820667949,-0.07094569339290568,-0.2694279074105046,0.282318130895161,0.5789194915254238,,False,,,0,0,0.375,0.898
VNOM,"Viper Energy, Inc.",Energy,XLE,23469277184.0,2026-09-16,43.189998626708984,-0.0602698109865607,-0.04594658294725007,-0.008721622005436358,0.008894125864460145,0.0455859877731144,False,0.009269196622439857,0.06149916360141794,-0.01414011218725264,-0.10018364574252248,0.9397301890134393,2.095342385262293,1.2376670600836408,1.010590220877914,2.095342385262293,61473085.08997879,0.2749998637609604,44.705999565124515,43.07848434448242,44.27726802825928,False,True,True,False,False,False,distribution,0,3,attention,False,False,,False,123.0,분산3일,0.02593193001644725,44.42171732850375,True,True,False,True,False,True,False,,Uptrend Under Pressure,46.66,-0.0744,0.33719460750928376,0.971181533185436,0.02852238619786651,-0.17068905257972733,0.4188229554407141,0.577542372881356,,False,,,0,0,0.375,0.898
TRMB,Trimble Inc.,Information Technology,XLK,13976799232.0,2026-09-16,57.31999969482422,-0.02517006056869997,-0.001393760085853235,0.005790454582178306,0.02366409275606096,0.05784589978203303,False,0.02404465445955739,0.07394566393278823,0.015031950757210755,0.03926500473263794,0.9314266955163732,0.5721929537436524,0.5311156924333416,0.5877764413987776,0.5721929537436524,217661333.72011796,0.16767408179022922,59.230499839782716,55.96866671244303,58.13758325576782,False,True,True,False,False,False,dry_up,0,0,normal,False,False,,False,23.0,,0.028399458207264548,46.07484132669014,True,True,True,True,False,True,False,,Uptrend Under Pressure,57.54,-0.0038,0.43703117137392394,0.9290615743084026,-0.41843112023942475,-0.28318004399178576,0.0652822449495862,0.5771716101694916,,False,,,0,0,0.375,0.898
CNC,Centene Corporation,Health Care,XLV,31783636992.0,2026-09-16,66.01000213623047,-0.024386660309965835,0.030440284919666327,0.01211286263019229,0.03009885465802431,-0.01005754855466745,False,0.030481808575889113,0.005008766864595726,0.02393698203063166,-0.02147924252203015,0.9510156843899584,1.0608637504848355,1.0026218260739714,0.7890211903439357,1.0608637504848355,264938674.56197587,0.0,65.77849998474122,65.51783326466878,58.25266666412354,True,True,True,True,True,False,distribution,3,3,normal,False,False,,False,61.0,분산3일,0.037029025827217656,50.489583268770886,True,True,True,True,False,True,False,,Uptrend Under Pressure,61.02,0.0818,0.3777189121137152,0.9549750185957814,0.6694206350517728,0.5919194489763295,0.9440072639225182,0.5752118644067797,,False,,,0,0,0.375,0.898
BEKE,KE Holdings Inc,Real Estate,XLRE,18963238912.0,2026-09-16,15.970000267028809,-0.014805603392892164,-0.053349171750573965,-0.053349171750573965,-0.03652648835359784,0.06566128547402794,False,-0.036168303355744946,0.08187999498952325,-0.013103804704312716,0.12691324086796563,0.8717249199267545,1.090730441995236,0.909941441418393,0.8191118191370084,1.090730441995236,90425909.70120654,0.3859659689805752,17.355000066757203,16.580166657765705,16.560580237706503,False,False,True,True,True,False,distribution,1,3,normal,False,False,,False,12.0,분산3일,0.03417123190926815,37.105032006764155,True,False,False,False,False,True,False,,Uptrend Under Pressure,18.32,-0.1283,0.3131089870833462,0.9304499659860984,-0.26263860796927396,-0.12873580386891414,0.22284341006830255,0.5730932203389831,,False,,,0,0,0.375,0.898
ALLE,Allegion plc,Industrials,XLI,13201960960.0,2026-09-16,152.80999755859375,-0.011578321308236772,0.010695275135763627,-0.04052562556862038,-0.023475058298300544,0.09146858849749573,False,-0.023112021245471848,0.10808006929672032,0.043985009380545614,0.1899112138582444,0.9077352076562407,0.7788631947538435,0.781736697415209,0.46392708126013393,0.7788631947538435,209125416.60557556,0.32647490989161876,156.3636833190918,151.32518208821614,143.3771323521932,False,True,True,True,True,False,dry_up,0,0,normal,False,False,,False,38.0,,0.022880192758656832,44.40790102067264,True,False,True,True,False,True,False,,Uptrend Under Pressure,154.02,-0.0079,0.5674541051230043,0.904562820667949,-0.21554662400581703,-0.03666975094274294,0.33172093527519786,0.5721398305084745,,False,,,0,0,0.375,0.898
F,Ford Motor Company,Consumer Discretionary,XLY,55587082240.0,2026-09-16,13.350000381469727,-0.011111082854094345,-0.007434901800260629,-0.04163674881547219,-0.024605927024730523,-0.01319146224200718,False,-0.024243310388454398,0.0018271569379024744,0.012117881502053951,0.060298543672260285,0.883153505986597,1.1421867411160251,0.9664447911046051,0.9530973142118959,1.1421867411160251,623206164.5352564,0.3174619513716277,13.973499965667724,13.97493093808492,13.527993790308635,False,False,False,True,False,False,distribution,3,4,normal,False,False,,False,34.0,분산4일,0.03154093762970149,41.077099677092626,True,False,True,False,False,True,False,,Uptrend Under Pressure,15.12,-0.1168,0.2518949317666281,0.8883820050871151,0.06509065924609803,0.040114209791849875,0.6234794550251166,0.5692266949152542,,False,,,0,0,0.375,0.898
UL,Unilever PLC,Consumer Staples,XLP,139639193600.0,2026-09-16,62.439998626708984,0.0,-0.0008001768349295002,0.006609702651629856,0.0244978994679228,-0.004848612153328435,False,0.02487877115093795,0.010296980075113593,0.03378925120795917,0.022016077185107674,0.9416061413241819,0.6095584267419399,0.8091499177027118,0.667192138815507,0.6095584267419399,242057849.7009941,0.30863999849296875,63.800499534606935,62.41287841796875,59.629466946919756,False,True,True,True,True,False,dry_up,2,1,normal,False,False,,False,35.0,,0.014213661994511908,45.807593119801126,True,True,True,True,False,True,False,,Uptrend Under Pressure,66.31,-0.0584,0.5351354818813067,0.9374568435182988,-0.2362236866465106,-0.17713281956907034,0.19775758013805067,0.5690148305084746,,False,,,0,0,0.375,0.898
ORCL,Oracle Corporation,Information Technology,XLK,429535821824.0,2026-09-16,143.16000366210938,0.02002135686778117,-0.11427334444551018,0.0025912906602292285,0.020408077331754537,0.006004189495627754,False,0.020787428565151256,0.021314954692041033,0.011803391983666867,-0.011666114154574525,0.880876199228404,1.1745277743770102,1.6883553215205882,0.7748082978368952,1.1745277743770102,4342223394.492212,0.5546671549479166,148.79500045776368,141.9435120900472,161.34287497202556,False,True,False,False,False,False,accumulation,4,5,normal,False,False,,False,6.0,분산5일,0.05514808403778013,45.719649821917564,True,True,True,False,False,True,False,,Uptrend Under Pressure,162.52,-0.1191,0.40066666178624555,0.9290615743084026,-0.5847034799639637,-0.17560967157175988,0.09476437425463483,0.5689088983050847,,False,,,0,0,0.375,0.898
CP,Canadian Pacific Kansas City Li,Industrials,XLI,81481859072.0,2026-09-16,87.68000030517578,-0.01505275655382754,-0.0265349106000472,-0.06404782216539451,-0.047415261676815645,-0.020031608185257843,False,-0.04706112473550217,-0.005117091820763475,0.018390974470246402,0.06835450047371361,0.9068155764946796,1.1358550373237086,1.0491842618455287,1.1603764351943335,1.1358550373237086,175494667.7290737,0.1295681399958431,91.87550010681153,90.84036242167154,87.8874755859375,False,False,True,True,True,False,distribution,5,1,normal,False,False,,False,43.0,,0.021070937967401566,36.647691057267494,True,False,True,True,True,True,False,,Uptrend Under Pressure,92.91,-0.0563,0.33123942052160316,0.904562820667949,0.05322045363671868,0.010691825999187277,0.5873893245636226,0.5684322033898306,,False,,,0,0,0.375,0.898
TW,Tradeweb Markets Inc.,Financials,XLF,23266242560.0,2026-09-16,102.37000274658203,0.008074836732464563,-0.005537203043575412,-0.02812889634898652,-0.01085803005753172,0.013778316909945465,False,-0.010490302444787658,0.02920739954548135,0.0050603339308119555,0.024567847482142913,0.9415196931022024,1.199752628324057,0.9405418652791558,0.8308544802437084,1.199752628324057,128207092.65668106,0.8844241334493719,105.15729751586915,102.0886775970459,106.09951782226562,False,True,True,False,False,False,accumulation,3,4,normal,False,False,,False,34.0,분산4일,0.025340552263979667,45.75019840816423,True,False,True,True,False,True,False,,Uptrend Under Pressure,108.04,-0.0525,0.4252340934743429,0.9550887806277483,-0.23541051600090446,-0.2791691754499699,0.1437362220375122,0.5675847457627119,,False,,,0,0,0.375,0.898
LDOS,"Leidos Holdings, Inc.",Industrials,XLI,17595262976.0,2026-09-16,129.35000610351562,0.0008511343676582683,0.01272125436684779,-0.09555265231393628,-0.07947995589270795,0.18521705636656272,False,-0.07913773945807179,0.2032553312030827,-0.01588880545368343,0.2921151200219516,0.8869531262833467,1.477363286888589,1.0867934622564732,0.7594622741118293,1.477363286888589,155752745.72984773,0.4469489924274189,134.8928913116455,122.39017016092936,129.41284770965575,False,True,True,False,False,False,accumulation,2,3,normal,False,False,,False,22.0,분산3일,0.031126947337240106,45.86190392752349,True,False,False,False,False,True,False,,Uptrend Under Pressure,143.36,-0.0978,0.43259459704891845,0.904562820667949,-0.33595536692134276,-0.27047691959298037,0.08999674749737993,0.5650423728813561,,False,,,0,0,0.375,0.898
DOC,"Healthpeak Properties, Inc.",Real Estate,XLRE,14760282112.0,2026-09-16,20.350000381469727,0.009424629736890067,0.003078357033758694,0.0006246130751774714,0.018406450435541677,-0.06641278052589161,False,0.01878505753563653,-0.052204157085757874,0.0431645904638871,-0.012752162932805677,0.9006839763047146,1.1604726674864378,0.9622072072922552,0.9362381902379525,1.1604726674864378,87005597.26777478,0.8644101768338021,20.770979022979738,21.17155316670736,19.507640560468037,False,False,True,True,False,False,accumulation,2,1,normal,False,False,,False,90.0,,0.01865089970408231,42.18140927558783,True,True,True,True,False,True,False,,Uptrend Under Pressure,19.18,0.061,0.39977622438441834,0.9304499659860984,0.019870825423942362,0.03306189735374421,0.5776724729861589,0.5648305084745763,,False,,,0,0,0.375,0.898
SBAC,SBA Communications Corporation,Real Estate,XLRE,20120672256.0,2026-09-16,180.02000427246094,-0.017036120604922544,-0.035985868175146485,-0.000760665150474682,0.01699655479414197,-0.01905808667021558,False,0.017374637745455113,-0.0041287539068571855,0.041720419319125845,0.037324378507350486,0.9399540531356724,1.0239019744909925,1.19208021138042,0.6934508824874369,1.0239019744909925,153795125.19256744,0.053290102250320166,185.7645004272461,182.53783696492513,193.17191619873046,False,False,False,True,False,False,distribution,3,6,normal,False,False,,False,34.0,분산6일,0.02999866064515201,42.85036797484449,True,True,True,True,False,True,False,,Uptrend Under Pressure,185.01,-0.027,0.4634127477990153,0.9304499659860984,-0.20770916700925734,-0.15462078526715928,0.23919717393661233,0.5646186440677966,,False,,,0,0,0.375,0.898
MKC-V,"McCormick & Company, Incorporat",Consumer Staples,XLP,14571754496.0,2026-09-16,52.400001525878906,0.010607580866802246,-0.056705630143017105,-0.05517485771921815,-0.038384618108394664,-0.00518037951647865,False,-0.03802712389673779,0.00996016341669237,-0.029663558986238736,0.021675353569419187,0.9018933373848352,0.3705819432357102,1.5524569360472025,1.6426849037487334,0.3705819432357102,718465.9504924774,0.29578130708559885,54.37399959564209,52.58767204284668,50.65642213821411,False,False,True,False,True,False,weak_rally,3,3,normal,False,False,,False,,분산3일,0.05002727279666867,45.30593241117557,False,False,False,True,False,True,False,,Uptrend Under Pressure,,,0.22542974315893238,0.9374568435182988,-0.27966706973525823,-0.16409426981420738,0.18679393588955945,0.5626588983050849,,False,,,0,0,0.375,0.898
TSCO,Tractor Supply Company,Consumer Discretionary,XLY,18184300544.0,2026-09-16,32.779998779296875,-0.007568877058412138,-0.03588238884420958,-0.049353188940649884,-0.032459493982002874,0.07554858283700594,False,-0.032099797021078236,0.09191777093890496,0.0039686259639484245,0.1556472734030152,0.9060241451657952,1.0295608487988366,0.9625960391642365,0.6524298258234354,1.0295608487988366,285263901.98209,0.02252044814076569,34.499817848205566,32.566070810953775,33.88855106035869,False,True,True,False,False,False,distribution,1,2,normal,False,False,,False,20.0,,0.03222783415758461,41.43192303788539,True,False,True,True,False,True,False,,Uptrend Under Pressure,34.48,-0.0494,0.3837157623677734,0.8883820050871151,-0.4994303100180615,-0.3650623715358857,0.027872140508113187,0.5620233050847459,,False,,,0,0,0.375,0.898
CFR,"Cullen/Frost Bankers, Inc.",Financials,XLF,9997874176.0,2026-09-16,159.44000244140625,-0.01677356412972686,-0.015072908128292983,-0.04104362928165506,-0.02400226731935673,0.011590294808549118,False,-0.02363942626398896,0.026986077093063665,-0.008295434900232657,0.02235653850336705,0.9434511332770342,1.2345340208661104,1.0607194145888135,0.9430599052092496,1.2345340208661104,77930673.14277649,0.4126634572137729,162.08744888305665,160.9167246500651,149.8546662648519,False,False,True,True,True,False,distribution,4,2,normal,False,False,,False,40.0,,0.02045257573548318,41.37727480006243,True,False,False,True,False,True,False,,Uptrend Under Pressure,161.4,-0.0121,0.40942739250394355,0.9550887806277483,0.1410310223145974,0.12184241210759783,0.7306250225868238,0.560010593220339,,False,,,0,0,0.375,0.898
WTW,Willis Towers Watson Public Lim,Financials,XLF,31441793024.0,2026-09-16,312.9100036621094,-0.028139259944231054,-0.0025819123914382347,-0.04571512812869172,-0.0287567821462541,0.05573017584410134,False,-0.028395708649477602,0.071797739977429,-0.013126464625802137,0.06696619541392312,0.8921169028142819,1.2202309581556443,0.9609519594083741,0.8132687276328115,1.2202309581556443,144469691.21523285,0.2143159973734961,332.9419967651367,313.36483713785805,290.89766858418784,False,False,True,True,True,False,distribution,0,4,normal,False,False,,False,33.0,분산4일,0.025446601205212832,39.6042535255487,True,False,False,False,False,True,False,,Uptrend Under Pressure,336.05,-0.0689,0.32967561617082564,0.9550887806277483,-0.16306470063462708,-0.021818925793358868,0.39134382566585957,0.5590042372881356,,False,,,0,0,0.375,0.898
GIB,CGI Inc.,Information Technology,XLK,15582424064.0,2026-09-16,70.9000015258789,-0.016916266975058325,0.02977491789674258,-0.027968204651022677,-0.010694482749580847,0.04355064516048235,False,-0.010326694335796027,0.05943284432570484,-0.019036892887421497,0.025220843985802155,0.9421927113073609,0.6629826745826018,1.0162762651593666,0.8186559539221487,0.6629826745826018,26743870.975650787,0.14286193366645428,73.05100021362304,70.29818941752116,69.5181820233663,False,True,True,False,True,False,dry_up,2,3,normal,False,False,,False,,분산3일,0.027342324376545275,45.90862827766062,False,False,False,True,False,True,False,,Uptrend Under Pressure,,,0.32851361793276307,0.9290615743084026,-0.33781499387338687,-0.12619348653564844,0.19062827508944383,0.5576271186440678,,False,,,0,0,0.375,0.898
MA,Mastercard Incorporated,Financials,XLF,516241391616.0,2026-09-16,567.75,-0.009629004383943873,0.0004405286343611703,-0.01142239833274794,0.0061453547499212835,0.06075792845382599,False,0.006519403613096442,0.07690201189042978,0.022337355967928296,0.07204745783894695,0.9464708663093377,0.9390386921571451,0.8621901982976599,0.4883765524868976,0.9390386921571451,1479280182.108081,0.314767085164922,581.2394958496094,555.6003489176433,526.4812255859375,False,True,True,True,True,False,dry_up,0,0,normal,False,False,,False,33.0,,0.015153811818857332,46.019765844368415,True,True,True,True,False,True,False,,Uptrend Under Pressure,577.35,-0.0166,0.40522109305645726,0.9550887806277483,-0.17897017161549622,-0.03827051757866129,0.3620089624516642,0.5572563559322034,,False,,,0,0,0.375,0.898
AHR,"American Healthcare REIT, Inc.",Real Estate,XLRE,12035712000.0,2026-09-16,53.13999938964844,0.0009417825751900644,-0.011716590343161748,-0.023520742785090754,-0.006167986206175535,-0.040720843322233025,False,-0.00579851500284323,-0.02612120439521204,0.01799273287768033,0.014416492448601437,0.9206513906064866,1.340937102910369,1.1572484478923006,0.9395982592219788,1.340937102910369,144524681.67898178,0.3333333333333333,55.16949996948242,54.78325227101644,51.68681081136068,False,False,True,True,True,False,accumulation,1,2,normal,False,False,,False,48.0,,0.021896334867375328,39.2004210812664,True,False,True,True,False,True,False,,Uptrend Under Pressure,53.84,-0.013,0.5171163308770221,0.9304499659860984,0.1049704794917905,-0.10048118552503538,0.5423349354920314,0.5556673728813559,,False,,,0,0,0.375,0.898
EVRG,"Evergy, Inc.",Utilities,XLU,18680551424.0,2026-09-16,80.38999938964844,0.0023691078383565323,-0.010219180233687508,-0.036322211050165754,-0.019196946003728343,-0.07736816754658027,False,-0.018832318501733503,-0.06332627836069804,0.02664804027145462,0.029085046634029332,0.9298146393893173,0.9233817856513024,1.082075128238042,1.207339975546942,0.9233817856513024,172800743.36646423,0.29293084979308115,81.47150001525878,83.43420448303223,82.31761671702067,False,False,False,True,False,False,weak_rally,4,2,normal,False,False,acc,False,3.0,,0.015620288232299114,41.05652539449911,True,False,True,True,False,True,False,,Uptrend Under Pressure,81.62,-0.0151,0.3352612505723343,0.8773219778194903,0.009151967699067676,-0.1174314607700736,0.4519921578547938,0.5556144067796611,,False,,,0,0,0.375,0.898
HAL,Halliburton Company,Energy,XLE,30700853248.0,2026-09-16,34.5099983215332,-0.032520322594858375,-0.07056295909541233,0.0002931245216408751,0.01806907108592748,0.01742095825246115,False,0.018447552760444852,0.03290547964945789,-0.0051746417430929,-0.12442206752436413,0.9170873596061181,1.2260936104981988,0.918670884474106,0.900445792159919,1.2260936104981988,401660262.3939732,0.2733541359774867,35.781178665161136,34.190402348836265,36.72245095570882,False,True,False,True,False,False,distribution,1,2,normal,False,False,,False,11.0,,0.034900185543105755,44.93425313130141,True,True,False,True,False,True,False,,Uptrend Under Pressure,36.68,-0.0592,0.37807866541154117,0.971181533185436,0.3693204145564257,-0.15491295721936849,0.6225687542914965,0.5554025423728813,,False,,,0,0,0.375,0.898
IHG,Intercontinental Hotels Group,Consumer Discretionary,XLY,23567353856.0,2026-09-16,153.75999450683594,0.002346809808835504,-0.006204800325057991,-0.03135052133754712,-0.014136905698169167,-0.08128594025986491,False,-0.013770397054135741,-0.06730367716573493,0.02298106386087051,-0.012867093948280672,0.9342568525711541,0.657654163665577,0.8574436256856336,1.3632078559738134,0.657654163665577,28709638.303222656,0.4399973551432292,158.55163345336913,160.6129908243815,154.64215977986655,False,False,False,True,False,False,weak_rally,1,1,normal,False,False,,False,,,0.020528283419484657,41.29470825753046,False,False,True,True,False,True,False,,Uptrend Under Pressure,,,0.3029954227722546,0.8883820050871151,0.14453596365924004,0.04618106381192155,0.6893317914061653,0.5543432203389831,,False,,,0,0,0.375,0.898
NU,Nu Holdings Ltd.,Financials,XLF,70286524416.0,2026-09-16,13.8100004196167,-0.026779363777566623,-0.07933330535888672,-0.03763065836223489,-0.020528645389545908,0.006163693262739356,False,-0.02016451296576105,0.021476886008413354,-0.004765911613572205,0.016872182237117173,0.8807398055380256,1.3993489750162496,0.9911101822622755,0.9018821625994301,1.3993489750162496,1036914190.6179307,0.5476201288822485,14.774500036239624,14.18033332824707,13.87350001335144,False,False,True,True,True,False,distribution,3,2,normal,False,False,,False,22.0,,0.040627900847667174,40.05906542575541,True,False,False,False,False,True,False,,Uptrend Under Pressure,15.23,-0.0932,0.3390147060922913,0.9550887806277483,-0.21622772503181864,-0.10674951465314575,0.26709009432257597,0.5536016949152542,,False,,,0,0,0.375,0.898
HSBC,"HSBC Holdings, plc.",Financials,XLF,353385414656.0,2026-09-16,100.83999633789062,-0.01350034109110343,-0.04062414848887763,-0.02267885210664977,-0.005311134509462967,0.031570515963948775,False,-0.0049413447593106286,0.047270384929092524,0.01069649624242186,0.04254940694407505,0.9394299295852231,1.440279854182906,1.2964082362242728,0.6624853303801607,1.440279854182906,128698718.32210541,0.3553095638662367,103.98500022888183,101.5269770304362,95.48971646626791,False,False,True,True,True,False,distribution,3,5,normal,False,False,,False,111.0,분산5일,0.01605798028773977,40.322516090055885,True,False,True,True,False,True,False,,Uptrend Under Pressure,89.34,0.1287,0.40939405115557964,0.9550887806277483,0.32271196607802666,0.11951954063985393,0.8088874634093455,0.553177966101695,,False,,,0,0,0.375,0.898
INSM,Insmed Incorporated,Health Care,XLV,26603235328.0,2026-09-16,122.58000183105469,0.0221814851794937,-0.048291933799129216,-0.045773038887579,-0.028815722022037416,0.07718333195958293,False,-0.02845467043699923,0.09357739993795988,-0.03462517787335284,0.06475507580547668,0.9096846147017046,0.7594995993847219,1.133901398362688,0.8057869282984209,0.7594995993847219,235324549.49081573,0.623456460652109,124.74050064086914,116.21416714986165,120.54375006357829,False,True,True,False,False,False,weak_rally,1,2,normal,False,False,,False,28.0,,0.04153556006802383,49.48557612889464,True,False,False,True,False,True,False,,Uptrend Under Pressure,132.55,-0.0752,0.8101751731563408,0.9549750185957814,-0.24160412849860047,-0.23010106149201326,0.15620776263958658,0.5511122881355932,,False,,,0,0,0.375,0.898
ALSN,"Allison Transmission Holdings, ",Industrials,XLI,10380884992.0,2026-09-16,118.63999938964844,-0.0307189713182765,-0.07413766228539131,-0.05215575325495736,-0.03531186193113789,0.032734585738776856,False,-0.034953225378616004,0.04845217113013511,0.03133049844698066,0.12587982600713987,0.8904901538259614,0.8690243493379396,0.8588264325654793,0.6377540125703153,0.8690243493379396,93026062.55642548,0.17296455468968264,127.31898307800293,121.14782015482585,120.97493699391683,False,False,True,True,True,False,dry_up,1,1,normal,False,False,,False,30.0,,0.034887948641482154,38.36811055405543,True,False,True,False,False,True,False,,Uptrend Under Pressure,122.34,-0.0303,0.35754015178247384,0.904562820667949,0.2359360207477752,-0.03651689394731383,0.6750018069459001,0.5498940677966102,,False,,,0,0,0.375,0.898
RIVN,"Rivian Automotive, Inc.",Consumer Discretionary,XLY,23252639744.0,2026-09-16,15.229999542236328,-0.01994854699985049,-0.04842234671464696,0.030446537036213694,0.048758331979790626,-0.08417539949486696,False,0.049148222824061394,-0.07023711219363471,0.0882443215316997,-0.01597173816410169,0.8405076620780478,1.4882582599516736,1.0274586994843435,0.7067473512122431,1.4882582599516736,331353467.82304955,0.44479015550635004,16.04949975013733,16.343666537602743,15.941249950726826,False,False,False,True,False,False,distribution,0,2,normal,False,False,,False,17.0,,0.04239423285455261,41.376876069840094,True,True,True,False,False,True,False,,Uptrend Under Pressure,16.97,-0.1025,0.4140911919299648,0.8883820050871151,-0.07501510646480214,-0.18830075350561393,0.32212424560008673,0.548834745762712,,False,,,0,0,0.375,0.898
JAZZ,Jazz Pharmaceuticals plc,Health Care,XLV,16272785408.0,2026-09-16,243.58999633789062,0.011460343337007073,0.009448422371075793,-0.03746003363481509,-0.020354988534879714,-0.02493977719133411,False,-0.019990791551686593,-0.010099960141197739,-0.02621505502598631,-0.03618976394400775,0.9310832538957097,0.5966527784479205,0.6385708724689785,1.4768606134969324,0.5966527784479205,250942338.13461,0.7038452058171062,247.35300064086914,247.13400065104167,231.33208351135255,False,False,True,True,True,False,weak_rally,1,1,normal,False,False,,False,30.0,,0.026528774298619464,46.576859391154166,True,False,False,True,False,True,False,,Uptrend Under Pressure,261.62,-0.0689,0.3285366153546295,0.9549750185957814,0.6779172698309734,0.18251554715672236,0.8984686133497163,0.5469279661016949,,False,,,0,0,0.375,0.898
JPM,JP Morgan Chase & Co.,Financials,XLF,946367430656.0,2026-09-16,348.9200134277344,-0.010127881374069392,-0.01632313204258029,-0.03944937803789572,-0.022379685055195164,0.01994673876873776,False,-0.022016240781765117,0.03546970099215052,-0.006646740251937233,0.030801919172971814,0.9554740687492072,1.3017785800763224,1.3027559009470968,0.8152649742709259,1.3017785800763224,2255654979.234259,0.38799931779356545,354.9625015258789,349.1517333984375,327.29677352905276,False,False,True,True,True,False,distribution,2,3,normal,False,False,,False,62.0,분산3일,0.01944469090257867,43.34605081843374,True,False,False,True,False,True,False,,Uptrend Under Pressure,331.96,0.0511,0.3933634443942086,0.9550887806277483,0.00747347125755593,0.09699153863522292,0.6102426728343753,0.5466631355932203,,False,,,0,0,0.375,0.898
STLD,"Steel Dynamics, Inc.",Materials,XLB,33340981248.0,2026-09-16,238.22999572753906,-0.004138472904072432,-0.010220643520355788,-0.04635523775760242,-0.029408266995367693,0.028773583606859887,False,-0.029047435697361013,0.044430884981295105,-0.019465368818042728,0.06118853342983677,0.8869322051903741,0.7565268530512161,0.7398619920483125,0.8516491419720814,0.7565268530512161,282583468.8073082,0.3595963284838996,235.88699798583986,241.69081293741863,235.35208002726236,True,False,False,True,False,False,dry_up,1,1,normal,False,False,,False,102.0,,0.03150017073619109,47.33516644704254,True,False,False,False,False,True,False,,Uptrend Under Pressure,219.71,0.0843,0.2738659656767751,0.938326855384374,0.6796758436719623,0.2983423155905185,0.9283455603339236,0.5459216101694915,,False,,,0,0,0.375,0.898
CINF,Cincinnati Financial Corporatio,Financials,XLF,26075920384.0,2026-09-16,170.77000427246094,-0.005242581150368908,0.009219298485294125,-0.0033848953043181806,0.01432569013502838,-0.10433623268957093,False,0.01470278015437132,-0.09070478087315226,0.030649338336141918,-0.09480378221335528,0.9269391968342422,1.5719688402315048,1.1411415973691557,1.3730526921281316,1.5719688402315048,80019869.8833435,0.31444787371078314,170.72350158691407,176.50066630045572,169.62511494954427,True,False,True,True,False,False,distribution,3,2,interest,False,False,,False,56.0,,0.017157607258444646,46.431342407232414,True,True,True,True,False,True,False,,Uptrend Under Pressure,184.08,-0.0723,0.5384096225833712,0.9550887806277483,-0.04624598454058171,-0.09324378092718044,0.42416519099418165,0.5449682203389831,,False,,,0,0,0.375,0.898
LNG,"Cheniere Energy, Inc.",Energy,XLE,60243951616.0,2026-09-16,267.75,-0.011919738930452284,-0.02964517411266987,-0.022024979202946993,-0.004645641802013545,0.04343263848643164,False,-0.004275604645470721,0.0593130416626344,-0.027370751052597342,-0.10203678735616684,0.9049888908830974,0.8396131557670633,0.8157518206411069,0.9623005748803599,0.8396131557670633,570989148.5192382,0.3797873583362542,281.17249755859376,265.04411188761395,258.6182908376058,False,True,True,True,True,False,dry_up,2,3,normal,False,False,,False,7.0,분산3일,0.030182735529107472,42.04422963915298,True,False,False,True,False,True,False,,Uptrend Under Pressure,292.0,-0.083,0.37424347519720874,0.971181533185436,-0.020525157972656416,-0.07934458138231126,0.4535081854649272,0.5441737288135594,,False,,,0,0,0.375,0.898
NTAP,"NetApp, Inc.",Information Technology,XLK,36360245248.0,2026-09-16,191.49000549316406,0.008213620162908164,0.036537835873615254,-0.06457916460909185,-0.047956046467615976,0.1488520075137736,False,-0.047602110570749256,0.16633682866674548,-0.05598424502825139,0.12867260465055996,0.9247151043073215,0.7065176645350356,0.870919281605212,0.7632590826243255,0.7065176645350356,460343528.1932785,0.6450062797922894,188.60000076293946,178.72624664306642,152.35387884775798,True,True,True,True,True,False,weak_rally,2,1,normal,False,False,,False,26.0,,0.04776826257342316,53.53304172382614,True,False,False,True,False,True,False,,Uptrend Under Pressure,198.72,-0.0364,0.29313108492606105,0.9290615743084026,0.41570056602881245,0.744306742790074,0.9177487261031405,0.5417902542372881,,False,,,0,0,0.375,0.898
VMRK,Vivmark Residential,Real Estate,XLRE,25980092416.0,2026-09-16,62.9900016784668,-0.04022544088730218,-0.03062483188152154,-0.016242341412730843,0.0012397577265765847,-0.10961671262084682,False,0.0016119828642027212,-0.09606562646214234,0.02558056400597497,-0.058439365610632454,0.89985716683524,1.3200510805738945,1.2076190957314306,1.501244863111378,1.3200510805738945,393117118.9884106,0.0,65.61100025177002,66.89250310262044,65.16530818939209,False,False,False,True,False,False,distribution,4,3,normal,False,False,,False,96.0,분산3일,0.02026398572983329,37.02625151657601,True,True,True,False,False,True,False,,Uptrend Under Pressure,64.76,-0.0273,0.3158634052908804,0.9304499659860984,-0.13779724793427606,-0.07869978216872942,0.3626684977051787,0.5404131355932204,,False,,,0,0,0.375,0.898
VRTX,Vertex Pharmaceuticals Incorpor,Health Care,XLV,138014556160.0,2026-09-16,513.260009765625,-0.0026620972430464462,-0.015082870404531268,-0.028266329553326752,-0.010997905551273668,-0.025477111601834412,False,-0.010630229939235902,-0.010645472451031646,-0.016913944489342914,-0.03672089873231155,0.9198867115084782,0.6702279444531505,0.8389344596022841,1.183823569085879,0.6702279444531505,512984127.111499,0.2893942266344229,537.8880035400391,508.15716756184895,473.5991671244303,False,True,True,True,True,False,dry_up,1,1,normal,False,False,,False,9.0,,0.021437200529675102,43.29167478972902,True,False,False,True,False,True,False,,Uptrend Under Pressure,556.75,-0.0781,0.3766832999702372,0.9549750185957814,0.10919737126269413,-0.037370666079944104,0.60272848830906,0.5394597457627119,,False,,,0,0,0.375,0.898
RYAN,"Ryan Specialty Holdings, Inc.",Financials,XLF,16450456576.0,2026-09-16,40.290000915527344,0.02780612580034436,0.0212927791214903,-0.023035905050301952,-0.005674532547259359,-0.03622010664217523,False,-0.005304877895502491,-0.021551969270278026,0.010327250002432065,-0.025962703765430528,0.8694872101158965,1.4305735230702887,1.3583430968130374,0.9277355624082801,1.4305735230702887,64920332.53455047,0.8737118013839102,41.74049968719483,41.50816586812337,37.45081718762716,False,False,True,True,True,False,accumulation,3,6,normal,False,False,,False,27.0,분산6일,0.03854199441506583,45.003170445386885,True,False,True,False,False,True,False,,Uptrend Under Pressure,42.71,-0.0566,0.3800342503318596,0.9550887806277483,-0.3094362512019494,0.007621414973193241,0.30637942250009037,0.5372881355932203,,False,,,0,0,0.375,0.898
JCI,Johnson Controls International ,Industrials,XLI,83737698304.0,2026-09-16,140.47000122070312,0.015764032398640104,-0.030706576072782266,-0.06153121262524175,-0.04485393012907113,-0.009465578177947354,False,-0.04449884097628132,0.005609746666461302,0.021129247325048395,0.0798735104792776,0.9076635190401121,0.978923235684155,1.387895492766442,0.8220972972972973,0.978923235684155,453538204.8354126,0.6470600235002285,142.13150024414062,144.24216588338217,142.12059294382732,False,False,False,True,False,False,weak_rally,4,3,normal,False,False,,False,61.0,분산3일,0.024982443601729052,45.11088889657392,True,False,True,True,False,True,False,,Uptrend Under Pressure,144.82,-0.03,0.2752457862974029,0.904562820667949,0.21488561468839307,0.005479571571902042,0.6933811571681544,0.5363877118644068,,False,,,0,0,0.375,0.898
TKO,"TKO Group Holdings, Inc.",Communication Services,XLC,34562543616.0,2026-09-16,192.42999267578125,0.01209692175827981,0.011188744687809837,0.005767228672522995,0.023640454104861375,-0.010262481833002157,False,0.02402100702035259,0.004800714627773095,-0.016662240707662423,-0.019359703501425463,0.9579946236922625,0.6617707035907701,0.9657744213159094,0.8055651166639086,0.6617707035907701,197474466.41315,0.42645357594746036,189.6378074645996,189.84557291666667,191.1094243367513,True,True,False,False,False,False,weak_rally,1,4,normal,False,False,,False,6.0,분산4일,0.02861756759991405,53.5816077263811,True,True,False,True,False,True,False,,Uptrend Under Pressure,194.52,-0.0108,0.24263752190430332,0.9464981965192371,-0.18322940511143604,-0.1557884364036889,0.25861100068663945,0.5353283898305085,,False,,,0,0,0.375,0.898
ZBRA,Zebra Technologies Corporation,Information Technology,XLK,16726683648.0,2026-09-16,341.17999267578125,-0.004522563711552796,-0.010584908617625288,-0.06888275701930502,-0.05233611688896722,0.27833515294690736,False,-0.051983809345652165,0.2977906279573086,-0.06032738010126937,0.25588139921987296,0.890669855506365,0.9435515773216145,0.9781573328953853,0.6283396076456071,0.9435515773216145,192624443.57123414,0.2840191618417425,354.04849700927736,314.97433217366535,273.2949156443278,False,True,True,True,True,False,dry_up,2,0,normal,False,False,,False,29.0,,0.03296645647523384,46.73484803783372,True,False,False,False,False,True,False,,Uptrend Under Pressure,368.99,-0.0754,0.8603402723940659,0.9290615743084026,-0.02128214410491669,0.5335497841042975,0.6683305626829532,0.5342690677966102,,False,,,0,0,0.375,0.898
SUI,"Sun Communities, Inc.",Real Estate,XLRE,15341744128.0,2026-09-16,114.88999938964844,-0.019124032410955838,-0.009910388803909598,-0.04393774535865269,-0.026947813973526635,-0.06841101808924621,False,-0.02658606796707219,-0.05423280659615837,-0.0032922663616393733,-0.014865254962363794,0.8979990401537281,0.6201245025975669,0.4884881666083695,1.4961803611124846,0.6201245025975669,237848019.52758104,0.18373024705096816,120.16400032043457,120.57737159729004,122.51602096557617,False,False,False,False,False,False,dry_up,0,0,normal,False,False,,False,34.0,,0.020457455550094025,37.189088166578706,True,False,False,False,False,True,False,,Uptrend Under Pressure,127.94,-0.102,0.3573036891189969,0.9304499659860984,-0.17391580196928258,-0.21101799810612565,0.21626251310035777,0.533792372881356,,False,,,0,0,0.375,0.898
FLUT,Flutter Entertainment plc,Consumer Discretionary,XLY,17385148416.0,2026-09-16,97.55999755859375,-0.023521229280135225,-0.017819432596723916,0.05027449886565227,0.06893865131456267,-0.10715527780331602,False,0.06933604447991448,-0.0935667301201657,0.10918443447583726,-0.04066298329618401,0.8679714967453234,1.3980803250284002,0.8854480183139652,0.6934190984232566,1.3980803250284002,238930086.24471283,0.16697919022521737,99.99150009155274,101.98583335876465,102.61391658782959,False,False,False,False,False,False,distribution,1,2,normal,False,False,,False,56.0,,0.040644580403846255,45.47108151312725,True,True,True,False,False,True,False,,Uptrend Under Pressure,104.19,-0.0636,0.3732233597247534,0.8883820050871151,-0.706674528759957,-0.2380943743052163,0.044715586715333745,0.533792372881356,,False,,,0,0,0.375,0.898
UBS,UBS Group AG Registered,Financials,XLF,170600267776.0,2026-09-16,50.41999816894531,-0.02078080160500284,-0.0805981395212304,-0.048140513365915405,-0.031225268267926376,-0.02807010222740014,False,-0.030865112466016975,-0.013277926799551198,-0.015634676349843946,-0.017725959754503307,0.904881497924509,1.4575165355827209,1.0434470296867049,1.2871572132962437,1.4575165355827209,94486886.76654816,0.3642841183426793,54.02800045013428,52.813333638509114,48.55777937571208,False,False,True,True,True,False,distribution,2,3,normal,False,False,,False,11.0,분산3일,0.022751756085909056,32.66647040577128,True,False,False,True,False,True,False,,Uptrend Under Pressure,55.72,-0.0951,0.3238272692923116,0.9550887806277483,0.11506852026227588,0.24674591145876978,0.7625067760471251,0.5334216101694915,,False,,,0,0,0.375,0.898
GL,Globe Life Inc.,Financials,XLF,13269594112.0,2026-09-16,172.97999572753906,-0.0017888947464028693,0.018607868725899257,-0.02863884799571159,-0.011377043921121488,-0.029118687161710288,False,-0.011009509259171768,-0.014342470551812148,0.0045329675234553335,-0.018785704662367397,0.9298999664260713,0.8890055320289222,0.8543793198912915,0.9111719185938105,0.8890055320289222,71918319.70890275,0.3681091423542381,172.66400070190429,177.5322296142578,165.18961690266926,True,False,True,True,False,False,dry_up,0,0,normal,False,False,,False,51.0,,0.02036983365832684,46.8281494202336,True,False,True,True,False,True,False,,Uptrend Under Pressure,176.98,-0.0226,0.4083434472006151,0.9550887806277483,0.07427143408950343,0.11367230449155574,0.6754309565971595,0.5328389830508474,,False,,,0,0,0.375,0.898
DRI,"Darden Restaurants, Inc.",Consumer Discretionary,XLY,24327456768.0,2026-09-16,208.0800018310547,-0.004973189127849831,-0.006398607342215756,-0.04925522594002496,-0.03235979010660672,0.017111319791979884,False,-0.03200005607934653,0.032591128681997095,0.0040720837129131215,0.09285804678808551,0.9139143030778415,1.100063907771717,1.2405542505778513,0.7053072106922452,1.100063907771717,214835803.24102554,0.006061895139848984,215.66399993896485,209.55965194702148,203.37750307718912,False,False,True,True,True,False,distribution,3,4,normal,False,False,,False,56.0,분산4일,0.026160956652399214,44.38737348719076,True,False,True,True,False,True,False,,Uptrend Under Pressure,212.01,-0.0185,0.305978814641031,0.8883820050871151,-0.07230072018409028,-0.029637046156321345,0.46408966065555995,0.5327860169491525,,False,,,0,0,0.375,0.898
ENSG,"The Ensign Group, Inc.",Health Care,XLV,10039731200.0,2026-09-16,177.85000610351562,0.029522466590539143,0.03545651951239037,-0.025426046632577082,-0.008107148708241585,0.032098488255353,False,-0.007738398416183068,0.04780639263413433,-0.014040479652202564,0.02019040909396419,0.9668913979718436,1.495344658482545,1.1568157987525194,0.7008087638625913,1.495344658482545,56774304.44459534,0.8623991448788166,175.14999771118164,173.67211939493816,176.56196123758951,True,True,True,False,False,False,accumulation,4,2,normal,False,False,,False,147.0,,0.020834163203722226,56.61549640639778,True,False,False,True,False,True,False,,Uptrend Under Pressure,213.18,-0.1657,0.3650668792714445,0.9549750185957814,-0.07473453964174459,-0.254317494215497,0.2854757688554805,0.5307203389830508,,False,,,0,0,0.375,0.898
SANM,Sanmina Corporation,Information Technology,XLK,10543672320.0,2026-09-16,195.75,0.021606384721366112,-0.0504486742876481,-0.01275972763199873,0.004784260122708384,-0.05660191276167925,False,0.0051578029795738,-0.042243973946640145,-0.0036886759438846672,-0.07317255017908308,0.8921653376454717,0.7758589342330918,0.761057669639435,1.1839110114750362,0.7758589342330918,112630894.01920167,0.3640258778426418,196.33899993896483,206.17666600545246,208.2704999287923,False,False,False,True,False,False,weak_rally,1,0,normal,False,False,,False,95.0,,0.05252144237087496,47.74864088608171,True,True,False,False,False,True,False,,Uptrend Under Pressure,217.82,-0.1013,0.44006813679896245,0.9290615743084026,0.5401736137264037,0.4980226853707086,0.9261212099309746,0.5307203389830508,,False,,,0,0,0.375,0.898
ALL,Allstate Corporation (The),Financials,XLF,65186775040.0,2026-09-16,254.85000610351562,-0.00917532533713672,0.0050082982226140604,-0.02006255415461533,-0.0026483430132347996,0.00914254325249697,False,-0.0022775633324255695,0.02450107226339182,0.01340214031750131,0.019882735798058215,0.9302121840733901,0.9416560856047509,1.1127394820265288,0.6267511719363367,0.9416560856047509,388616085.0902176,0.30531155687288586,256.90687103271483,254.40838241577148,233.7048553466797,False,True,True,True,True,False,dry_up,2,2,normal,False,False,,False,60.0,,0.01929678339005398,47.68889299431277,True,False,True,True,False,True,False,,Uptrend Under Pressure,221.64,0.1499,0.4828039935346304,0.9550887806277483,0.12575719135488117,0.08099594485054196,0.6951745509739439,0.5301906779661018,,False,,,0,0,0.375,0.898
TEL,TE Connectivity plc,Information Technology,XLK,59422588928.0,2026-09-16,202.1999969482422,0.0038724991877054915,-0.0121164540564912,-0.009662298598418162,0.007936732754648235,0.017402031424788245,False,0.008311447588106091,0.032886264767105544,-0.0005627868285483784,-0.00046847350682843736,0.9282067238181708,0.8771172834149582,0.9343003812179861,0.6559967882257016,0.8771172834149582,409120945.5671051,0.33458040435099906,204.3669120788574,204.6731155395508,208.51796035766603,False,False,False,True,False,False,weak_rally,1,3,normal,False,False,,False,184.0,분산3일,0.029037700259616106,45.765777943052015,True,True,False,True,False,True,False,,Uptrend Under Pressure,227.51,-0.1112,0.3528866506257296,0.9290615743084026,-0.12300840796873636,-0.07778466035309728,0.37715658993169743,0.5301377118644067,,False,,,0,0,0.375,0.898
ABNB,"Airbnb, Inc.",Consumer Discretionary,XLY,109709508608.0,2026-09-16,167.50999450683594,-0.0048123382969117445,-0.012497850114672526,-0.08589361797088169,-0.06964927338559457,0.11627410132424454,False,-0.06930340225474685,0.13326310677638054,-0.03462135708636527,0.19940571923124417,0.8793175564663304,0.7146615748388608,0.6862433132702581,0.753562697957062,0.7146615748388608,803188895.564064,0.23154964357265992,180.30024948120118,162.69583333333333,148.84241676330566,False,True,True,True,True,False,dry_up,0,2,normal,False,False,,False,25.0,,0.029717187899441666,41.529224258008014,True,False,False,False,False,True,False,,Uptrend Under Pressure,184.98,-0.0944,0.6256285595554646,0.8883820050871151,0.2600865499613296,0.1733763076288357,0.8112834736727983,0.5299258474576272,,False,,,0,0,0.375,0.898
FTS,Fortis Inc.,Utilities,XLU,28191461376.0,2026-09-16,53.849998474121094,0.006542027553665397,-0.023040647358014144,-0.03854744965817636,-0.02146172874297314,-0.06387170307717838,False,-0.021097943206212277,-0.049624406000722265,0.024277396387942574,0.04413873249153544,0.922726494582882,0.9913828563826901,0.9392073908241336,0.9006181218145768,0.9913828563826901,39268152.15312004,0.44897625535227714,54.98399963378906,56.20821450551351,55.87262350718181,False,False,False,False,False,False,weak_rally,1,1,normal,False,False,,False,,,0.015108114261556053,36.55687471809037,False,False,True,True,False,True,False,,Uptrend Under Pressure,,,0.3314641254822065,0.8773219778194903,-0.0168828039943294,-0.1564407522293022,0.3906047847927433,0.5297669491525424,,False,,,0,0,0.375,0.898
NVR,"NVR, Inc.",Consumer Discretionary,XLY,16913152000.0,2026-09-16,6186.43017578125,-0.01134967395896358,-0.0001405506333459483,-0.009912975743205488,0.007681600892117224,-0.08355250481535503,False,0.008056220876671905,-0.06960473744010387,0.045621042183005445,-0.015302455019219119,0.9231962044478326,1.0766129432114226,1.0670025031909667,0.8435644908970773,1.0766129432114226,221765784.4602295,0.2073298814683543,6296.298999023437,6401.585831705729,6363.339835611979,False,False,False,False,False,False,distribution,4,3,normal,False,False,,False,61.0,분산3일,0.02200023017598089,45.215221362860035,True,True,True,True,False,True,False,,Uptrend Under Pressure,6490.93,-0.0469,0.4211468133281089,0.8883820050871151,-0.35627603299742994,-0.17544331821722714,0.14038795128473852,0.5260593220338983,,False,,,0,0,0.375,0.898
UNP,Union Pacific Corporation,Industrials,XLI,178620694528.0,2026-09-16,280.9200134277344,-0.010810158499273137,-0.013415666705250406,-0.055286623602432416,-0.038498370153783656,-0.011547139237673698,False,-0.03814091823106969,0.003496505527307514,0.02792386060840868,0.07760420756630171,0.9085817529300055,1.143294974050649,0.8447389899884836,0.7478585479450552,1.143294974050649,684342335.2816696,0.07490732309474189,295.03807067871094,289.90107879638674,274.1970906575521,False,False,True,True,True,False,distribution,1,1,normal,False,False,,False,38.0,,0.019596289599235272,32.66719116383503,True,False,True,True,False,True,False,,Uptrend Under Pressure,302.92,-0.0726,0.46330141128582397,0.904562820667949,0.19242261380563885,0.07430680828382852,0.7318835604062014,0.5251059322033899,,False,,,0,0,0.375,0.898
UPS,"United Parcel Service, Inc.",Industrials,XLI,88676966400.0,2026-09-16,98.7699966430664,-0.034978035021269505,-0.004535422012702184,-0.031001703646114098,-0.013781889259097513,-0.11127995572841487,False,-0.013415248632647203,-0.09775418310711959,0.054347799656731866,-0.03112379247203534,0.8524021895693631,1.2421845954670039,0.9843184879013236,1.1182922829037247,1.2421845954670039,407211301.2852497,0.15775955955295246,102.55950088500977,105.76347300211589,103.12442277272542,False,False,False,True,False,False,distribution,2,2,normal,False,False,,False,151.0,,0.019518655469766475,37.51580741136887,True,False,True,False,False,True,False,,Uptrend Under Pressure,112.58,-0.1226,0.47057481814875324,0.904562820667949,0.09469800976474607,-0.0691067223590841,0.556452603809042,0.5251059322033899,,False,,,0,0,0.375,0.898
EW,Edwards Lifesciences Corporatio,Health Care,XLV,52308299776.0,2026-09-16,89.27999877929688,0.04128762542252429,0.03597120518848396,-0.01868547499352402,-0.001246792139820041,-0.06634314413174547,False,-0.0008754914125156388,-0.05213346086851045,-0.007221160546507899,-0.07711542979611707,0.953235055396603,1.6782881611323384,1.1977336997396626,1.3153397742075554,1.6782881611323384,265487180.94375,0.9002379429263174,89.03899955749512,89.21249987284342,86.07325007120768,True,True,True,True,False,False,accumulation,3,2,interest,True,False,surge,False,56.0,,0.025513626629126502,52.48296717243261,True,False,False,True,False,True,False,,Uptrend Under Pressure,90.78,-0.0165,0.28104328386767397,0.9549750185957814,0.010175947455108414,-0.06942509683450238,0.488864695891005,0.5248940677966102,,False,,,0,0,0.375,0.898
RS,"Reliance, Inc.",Materials,XLB,19607500800.0,2026-09-16,394.29998779296875,0.005867315798389727,-0.0017468858919610364,-0.06430946012346805,-0.04768154913436862,0.033709438102238476,False,-0.04732751118920975,0.04944186014715535,-0.03792584540502386,0.0662799085162864,0.9212186297691204,0.8894186927042221,0.7343139243239774,0.8981084524205162,0.8894186927042221,133897861.86108398,0.5577449713487619,391.3829971313477,396.15174204508463,376.62356897989906,True,False,False,True,False,False,weak_rally,0,0,normal,False,False,,False,75.0,,0.0267417791329549,48.54846982599538,True,False,False,True,False,True,False,,Uptrend Under Pressure,379.65,0.0386,0.2899184591013706,0.938326855384374,0.26327788183611744,0.24393058623059405,0.8394817679158686,0.5240995762711865,,False,,,0,0,0.375,0.898
IEX,IDEX Corporation,Industrials,XLI,16855316480.0,2026-09-16,221.5,-0.006013266738071565,-0.015992918729020866,-0.054065610967352185,-0.037255659223650484,-0.006479187019408084,False,-0.03689774530545176,0.008641588862173588,0.02925242020443064,0.08312925266550453,0.9209213207442193,0.903139976669086,0.9392867322322161,0.6928834759423793,0.903139976669086,124154077.81130067,0.4159121781514878,227.5780014038086,227.7706398010254,217.5931271870931,False,False,True,True,False,False,dry_up,1,2,normal,False,False,,False,33.0,,0.020195098355369236,39.583794326254804,True,False,True,True,False,True,False,,Uptrend Under Pressure,233.77,-0.0525,0.3953528155877755,0.904562820667949,0.28064887149562856,0.09780793527482756,0.7837980195872936,0.5240466101694915,,False,,,0,0,0.375,0.898
GIS,"General Mills, Inc.",Consumer Staples,XLP,22026735616.0,2026-09-16,36.810001373291016,0.00628757601758978,-0.007549171694391066,-0.03335085075358302,-0.016172782443221734,0.0008713266384985374,False,-0.015807030665359045,0.016103972818299894,-0.007250280274609389,0.027890429044688858,0.8859206269360966,0.7233293743404597,0.9932225621745292,0.7559885970045231,0.7233293743404597,339474460.3317835,0.35135344120997797,38.960500144958495,37.396164131164554,35.65326472918193,False,False,True,True,True,False,weak_rally,1,3,normal,False,False,,False,52.0,분산3일,0.03335662982649605,42.132873776781764,True,False,False,False,False,True,False,,Uptrend Under Pressure,36.93,-0.0033,0.3163732156970664,0.9374568435182988,-0.30361954585808903,-0.12419290352943213,0.2076668714538687,0.5233580508474577,,False,,,0,0,0.375,0.898
XYZ,"Block, Inc.",Financials,XLF,49277206528.0,2026-09-16,76.62999725341797,-0.021453203391032627,-0.03488670301294783,-0.035251202832682904,-0.018106905180324873,-0.020297789884548,False,-0.017741872440131812,-0.005387324641848212,-0.002305198088783822,-0.009870927550473474,0.9031231423862642,1.0547606322144873,0.8361392427699634,0.8707836662593701,1.0547606322144873,322542987.9214611,0.3207539564865651,80.97449951171875,79.85249926249186,74.40199947357178,False,False,True,True,True,False,distribution,1,1,normal,False,False,,False,44.0,,0.03734083909176678,39.89289086681318,True,False,False,True,False,True,False,,Uptrend Under Pressure,81.81,-0.0633,0.33948554407664594,0.9550887806277483,-0.09087516538225249,0.15834103050571935,0.5629124354016841,0.5230402542372882,,False,,,0,0,0.375,0.898
CAH,"Cardinal Health, Inc.",Health Care,XLV,54566916096.0,2026-09-16,232.5399932861328,-0.00047281587465031194,-0.03108336130778,-0.010383873035028302,0.007202335408120097,-0.03806759320518849,False,0.007576777218906372,-0.023427573442805327,0.0011774257863561566,-0.049166114691622353,0.9353605756616147,0.8470509972532744,1.042529131034613,0.8833943048618258,0.8470509972532744,341098377.00088805,0.11610403415227939,236.88000030517577,234.26718139648438,219.4579165140788,False,False,True,True,True,False,dry_up,1,1,normal,False,False,,False,59.0,,0.020521810142873912,44.53513847523423,True,True,True,True,False,True,False,,Uptrend Under Pressure,228.41,0.0181,0.3372788521765411,0.9549750185957814,0.34050846164012927,-0.055079237179688545,0.6994145495283871,0.522510593220339,,False,,,0,0,0.375,0.898
ROST,"Ross Stores, Inc.",Consumer Discretionary,XLY,73311305728.0,2026-09-16,224.8000030517578,-0.006452715860178371,-0.0020863906058912196,-0.04715087141837371,-0.030218039653090778,0.040390976619554486,False,-0.02985750939960108,0.05622508757238798,0.0062944715577624155,0.11787139566683313,0.882476532522383,0.8132583610154395,0.657038133447272,0.5693956187004645,0.8132583610154395,594549751.5370018,0.47889946272233747,230.85815200805663,232.77339452107748,228.43458913167316,False,False,False,True,False,False,dry_up,0,0,normal,False,False,,False,135.0,,0.02127499480006637,38.533828025299854,True,False,True,False,False,True,False,,Uptrend Under Pressure,212.24,0.0592,0.34947448291450817,0.8883820050871151,0.36220773969764575,-0.026837557723535355,0.7325223157818654,0.5217690677966103,,False,,,0,0,0.375,0.898
SOLS,Solstice Advanced Materials Inc,Materials,XLB,10069335040.0,2026-09-16,58.47999954223633,0.023093066801048723,-0.07556115880688863,-0.025496598336752774,-0.00817895416823411,-0.06496678506322418,False,-0.00781023057087793,-0.05073615446125623,0.001981420511967258,-0.03550543882732149,0.9062451673406576,0.5936202984689891,0.6690842704610486,1.0937569274223657,0.5936202984689891,195075201.14049417,0.5356928757306157,59.616054725646975,63.56697171529134,72.54354979197184,False,False,False,False,False,False,weak_rally,0,1,normal,False,False,,False,61.0,,0.05263704509238531,43.829837575729194,True,False,True,True,False,True,False,,Uptrend Under Pressure,85.46,-0.3157,0.29413408403886004,0.938326855384374,,-0.2805941414480554,,0.5207627118644068,,False,,,0,0,0.375,0.898
HSIC,"Henry Schein, Inc.",Health Care,XLV,10007900160.0,2026-09-16,86.7699966430664,-0.008569470164158433,-0.013641065829089749,-0.0275692773878623,-0.010288466254735118,-0.009207184583540307,False,-0.009920526898536619,0.005872072852495025,-0.016208748935589323,-0.02063868982531092,0.9549856489124964,1.1321940217418198,1.2539621808721606,0.8659899152353944,1.1321940217418198,79927561.28412285,0.17552908710914514,89.03399963378907,87.2338331858317,81.38374977111816,False,False,True,True,True,False,distribution,0,3,normal,False,False,,False,28.0,분산3일,0.019542625951053823,42.17081481115198,True,False,False,True,False,True,False,,Uptrend Under Pressure,88.23,-0.0165,0.4049581655696582,0.9549750185957814,0.1006040592688151,0.032530422519796875,0.6471874887065882,0.5193855932203391,,False,,,0,0,0.375,0.898
ALNY,"Alnylam Pharmaceuticals, Inc.",Health Care,XLV,32206518272.0,2026-09-16,239.36000061035156,0.004574626761009393,-0.07224805964980019,0.04702331469008025,0.06562969119836004,-0.2619562427978286,False,0.06602585421066909,-0.2507236706185154,0.05925527927134944,-0.27047159630850814,0.7399072661834669,0.4850670182288775,0.8066656841229688,1.2172013508087078,0.4850670182288775,416005809.2656311,0.5175872204472843,246.17999954223632,259.309833017985,281.5803330739339,False,False,False,False,False,False,weak_rally,1,2,normal,False,False,,False,9.0,,0.04765387239537151,44.75332687597119,True,True,True,False,False,True,False,,Uptrend Under Pressure,267.4,-0.1049,0.53726215448838,0.9549750185957814,-0.587959837140839,-0.3946859174162547,0.014887427270427522,0.5168432203389831,,False,,,0,0,0.375,0.898
ACGL,Arch Capital Group Ltd.,Financials,XLF,33464340480.0,2026-09-16,96.97000122070312,-0.0007213488681347968,0.008843096648281312,-0.01961381427134079,-0.002191628691277314,-0.06509781236907286,False,-0.0018206792204152888,-0.05086917592213447,0.01386620459026111,-0.05514775172247699,0.9106874357962611,1.6824204107807665,1.3080491555527936,0.9636307079569454,1.6824204107807665,307675763.81483763,0.557049007409228,98.3074993133545,99.37133293151855,96.78008295694987,False,False,True,True,False,False,distribution,4,4,interest,False,False,surge,False,2.0,분산4일,0.019232746985277032,44.87763666401773,True,False,True,True,False,True,False,,Uptrend Under Pressure,97.95,-0.01,0.4012102641392669,0.9550887806277483,-0.07917007113720831,-0.10524961247087672,0.3877615554190308,0.5167902542372882,,False,,,0,0,0.375,0.898
GSK,GSK plc,Health Care,XLV,100640980992.0,2026-09-16,50.290000915527344,0.005598932281378977,0.03413530353591754,-0.016813305663665568,0.0006586470198022276,-0.056301819502935446,False,0.0010306561212478638,-0.04193931345301816,-0.005327119393346513,-0.06718995931293914,0.9447894089622262,1.0241332774131515,0.9460745236562611,1.091897718697836,1.0241332774131515,138805188.81526986,0.35390069673117447,50.474999809265135,51.07428487141927,51.68531306584676,False,False,False,False,False,False,accumulation,2,1,normal,False,False,,False,35.0,,0.02033903396301754,50.01789309909749,True,True,False,True,False,True,False,,Uptrend Under Pressure,53.23,-0.0552,0.3074967572364173,0.9549750185957814,0.09287091396542646,-0.17221315716369345,0.4691563369592715,0.5166313559322034,,False,,,0,0,0.375,0.898
AVY,Avery Dennison Corporation,Materials,XLB,13195473920.0,2026-09-16,172.27999877929688,0.004430938012505381,0.01466520756007017,-0.02492143178534445,-0.007593566483007352,0.04547784527197729,False,-0.007224625259443229,0.061389375237907995,0.0025728050030089378,0.07841911868289686,0.9432323362952247,0.9657167441576132,0.7754108212041066,0.4672941009220271,0.9657167441576132,188758811.91814423,0.3026709590368428,175.21332778930665,168.901611328125,165.1973601023356,False,True,True,True,True,False,weak_rally,0,0,normal,False,False,,False,33.0,,0.023822937215575015,48.79709378268492,True,False,True,True,False,True,False,,Uptrend Under Pressure,173.81,-0.0088,0.45919612982422847,0.938326855384374,-0.07825356815863482,-0.10292349505363463,0.38946460192981824,0.5165254237288136,,False,,,0,0,0.375,0.898
EMA,Emera Incorporated,Utilities,XLU,15385144320.0,2026-09-16,48.88999938964844,0.009289859118437827,-0.02957526095428764,-0.049941697251208894,-0.033058460519280186,-0.07967504384033886,False,-0.03269898623269507,-0.06566826389320524,0.012138606746954217,0.02651200307013135,0.8957930809420008,0.6141759920947645,0.7452383587246548,1.126385595864159,0.6141759920947645,17940887.78709793,0.6315778906579397,50.09449977874756,51.83411032358806,51.70582125981649,False,False,False,False,False,False,weak_rally,1,1,normal,False,False,,False,,,0.014814603236033268,35.110023379075784,False,False,True,False,False,True,False,,Uptrend Under Pressure,,,0.327292865636684,0.8773219778194903,-0.05766378976961695,-0.15670972842838715,0.363955043186007,0.5159427966101695,,False,,,0,0,0.375,0.898
CSX,CSX Corporation,Industrials,XLI,93568499712.0,2026-09-16,47.900001525878906,-0.015618543442589505,-0.009716713177267522,-0.04396634759789342,-0.026976924495653476,-0.018196367523114376,False,-0.02661518931145035,-0.003253919924187554,0.040241228081399294,0.07035526665885783,0.9023320134215503,1.18901987650766,0.9774773601862147,0.6303833108396009,1.18901987650766,459516549.7386471,0.2808990690417817,49.836927223205564,49.68227647145589,47.03658145268758,False,False,True,True,True,False,distribution,2,2,normal,False,False,,False,38.0,,0.020646696571424674,35.268230216962195,True,False,True,True,False,True,False,,Uptrend Under Pressure,52.67,-0.0905,0.43577794613364423,0.904562820667949,0.32989583996865757,0.08689093842045881,0.7955684651801526,0.5156779661016949,,False,,,0,0,0.375,0.898
CART,Maplebear Inc.,Consumer Staples,XLP,11695383552.0,2026-09-16,46.849998474121094,0.0008544563054189158,0.004502553328061598,-0.04250974490254944,-0.025494436896131956,-0.033775222740026534,False,-0.02513215057605278,-0.019069875738438546,-0.016656474452165337,-0.007691424044477424,0.9047894858748637,1.4535146757908723,1.092490248589956,1.0366962497410042,1.4535146757908723,174960781.92113495,0.8372075928897135,49.76449985504151,47.766499773661295,44.365624809265135,False,False,True,True,True,False,accumulation,1,3,normal,False,False,,False,27.0,분산3일,0.035006853892797785,42.84112388588998,True,False,False,True,False,True,False,,Uptrend Under Pressure,50.17,-0.0662,0.33855516633078553,0.9374568435182988,-0.10877920951198516,0.10540640677366886,0.5234243431751654,0.5155720338983051,,False,,,0,0,0.375,0.898
ECL,Ecolab Inc.,Materials,XLB,79389065216.0,2026-09-16,274.0799865722656,-0.0018937345946524742,0.009544585782850001,-0.018542455082818488,-0.0011012306598205956,-0.0373831149476177,False,-0.0007298758179629106,-0.022732677847023597,0.009131649360966776,-0.007052653002506903,0.9456576973091928,0.9296480280508043,0.8365615297821855,0.7688326318014506,0.9296480280508043,383549597.0160767,0.31016753650475093,279.9491561889648,277.4322550455729,269.0070976257324,False,False,True,True,True,False,dry_up,0,1,normal,False,False,,False,17.0,,0.019145460395558665,43.398901819050536,True,False,True,True,False,True,False,,Uptrend Under Pressure,280.88,-0.0242,0.42493729847587264,0.938326855384374,-0.12847320237287063,-0.12376614962395494,0.3358064399551878,0.5147775423728813,,False,,,0,0,0.375,0.898
AR,Antero Resources Corporation,Energy,XLE,11830252544.0,2026-09-16,35.68000030517578,-0.08112287863349166,-0.08793452762354792,-0.03671707820561754,-0.019598830239756948,0.003972907757663124,False,-0.01923435214394964,0.019252758095010813,-0.04198254063264406,-0.13599526753813995,0.8962571985519674,1.6821870213597732,1.1225403108458494,1.2266199149231878,1.6821870213597732,128844551.36634636,0.06774167349620869,38.470499992370605,36.205499903361,36.85599994659424,False,False,True,False,False,False,distribution,2,2,interest,False,False,,False,124.0,,0.033151820581666186,36.58802007928552,True,False,False,False,False,True,False,,Uptrend Under Pressure,43.3,-0.176,0.33450865153812526,0.971181533185436,-0.0516215163507584,-0.2357537269981097,0.3095262187850095,0.5143008474576272,,False,,,0,0,0.375,0.898
DASH,"DoorDash, Inc.",Consumer Discretionary,XLY,100412473344.0,2026-09-16,196.75999450683594,-0.007565822866742233,-0.0024588741025515226,-0.09054777464303176,-0.0743861378543672,-0.0031388829896530357,False,-0.07404202772033919,0.012032730265389313,-0.039536565578941474,0.07109976268647511,0.8304562553888457,0.8169659623199702,0.7522129342869724,1.2546593638525483,0.8169659623199702,812548152.9532524,0.6424438046026372,217.53924942016602,201.78541692097983,182.270583597819,False,False,True,True,True,False,dry_up,0,3,normal,False,False,,False,27.0,분산3일,0.03801695516822696,37.61794810455587,True,False,False,False,False,True,False,,Uptrend Under Pressure,216.26,-0.0902,0.3611930210359728,0.8883820050871151,-0.30273197366883686,0.08177195836492124,0.3621200896245167,0.513824152542373,,False,,,0,0,0.375,0.898
EQIX,"Equinix, Inc.",Real Estate,XLRE,103281623040.0,2026-09-16,1016.1599731445312,0.009116360656453049,-0.025789584432449053,-0.05905008892494967,-0.04232871503073332,-0.010263911899102696,False,-0.04197268709327151,0.00479926279694598,-0.019047087381718897,0.04662402383289699,0.9264270538992395,0.8390601562177916,1.0012272895927745,0.9487353458931046,0.8390601562177916,542955444.6548615,0.3236249790129675,1044.6104797363282,1042.5201527913412,1048.1060007731119,False,False,False,True,False,False,weak_rally,3,2,normal,False,False,,False,24.0,,0.027381799362123427,43.48248822776514,True,False,False,True,False,True,False,,Uptrend Under Pressure,1064.09,-0.045,0.397470852857481,0.9304499659860984,0.19230206510132009,-0.02492023128674048,0.6681083083372483,0.5138241525423729,,False,,,0,0,0.375,0.898
SSB,SouthState Bank Corporation,Financials,XLF,10171659264.0,2026-09-16,103.86000061035156,-0.017779433434830128,-0.01414331167869498,-0.05659002574964056,-0.03982493471843984,0.03793207545946986,False,-0.039467975964993074,0.05372876344856614,-0.024372738121653525,0.04897867181415294,0.9307285959206154,1.3456417623951487,0.8749720019710613,0.7803458212849691,1.3456417623951487,66805382.85866165,0.47449017325740267,106.04550056457519,104.46184883117675,99.61930402119954,False,False,True,True,True,False,distribution,1,2,normal,False,False,,False,37.0,,0.018630846592041138,40.72100864271141,True,False,False,True,False,True,False,,Uptrend Under Pressure,105.36,-0.0142,0.4067479430777574,0.9550887806277483,-0.04665680269313732,0.06253326981837293,0.5434407863828556,0.5122351694915255,,False,,,0,0,0.375,0.898
SUNB,"Sunbelt Rentals Holdings, Inc.",Industrials,XLI,29631008768.0,2026-09-16,72.3499984741211,0.0063986519457237545,-0.014573681851122733,-0.08185284680002103,-0.06553669473085644,0.041321812357278054,False,-0.06518929469033075,0.05717009005769125,-0.000982319184643976,0.13524155877433053,0.8531839135661606,0.5605349832728083,0.6485056587182749,0.6983812359379493,0.5605349832728083,573084965.7093445,0.5,72.70299911499023,74.44816703796387,74.01920960744222,False,False,False,True,False,False,weak_rally,4,0,normal,False,False,,False,23.0,,0.043785170707348456,46.92513306957215,True,False,False,False,True,True,False,,Uptrend Under Pressure,81.23,-0.1093,0.3631016223934364,0.904562820667949,,-0.014115865756503476,,0.5095338983050848,,False,,,0,0,0.375,0.898
FROG,JFrog Ltd.,Information Technology,XLK,12338762752.0,2026-09-16,92.62000274658203,-0.022995783069601483,0.06069632467110475,0.01113541800712059,0.02910404012311041,-0.04530907173643128,False,0.029486624204505762,-0.03077926282468313,0.020426025265701364,-0.0620780661110657,0.8903201368201347,0.6650950132029468,0.7608473073983893,0.7064785649680141,0.6650950132029468,179256620.2931549,0.4311116536458333,92.01700057983399,88.69741668701172,75.2238335609436,True,True,True,True,True,False,dry_up,2,1,normal,False,False,,False,13.0,,0.0654224739145944,52.894518986912175,True,True,True,False,False,True,False,,Uptrend Under Pressure,104.03,-0.1097,0.35157683738025763,0.9290615743084026,0.6220422709481188,0.8646352429242097,0.9473727006613423,0.5091631355932204,,False,,,0,0,0.375,0.898
C,"Citigroup, Inc.",Financials,XLF,220784230400.0,2026-09-16,132.9499969482422,-0.023646921230828566,-0.03519597965243848,-0.03414454890406082,-0.016980585195205955,-0.05873108499268076,False,-0.016615133729519616,-0.044405550869820676,-0.001160752119695685,-0.048713263970343146,0.9491153674252645,1.0647341178100942,1.127309349787976,1.0855170595145684,1.0647341178100942,1192005826.1152923,0.33215600490849917,134.49199829101562,135.59497502644857,131.1306894938151,False,False,False,True,False,False,distribution,1,3,normal,False,False,,False,59.0,분산3일,0.027314216799286885,43.895466049626734,True,False,False,True,False,True,False,,Uptrend Under Pressure,144.24,-0.0783,0.4097510186459785,0.9550887806277483,0.19908031884001032,0.12141856912260773,0.7647428715984244,0.5084216101694916,,False,,,0,0,0.375,0.898
KEP,Korea Electric Power Corporatio,Utilities,XLU,14893568000.0,2026-09-16,11.220000267028809,-0.019230709914687005,-0.08108106208232324,-0.005319101716554586,0.012357111448320302,-0.10994689667744628,False,0.012733469620503701,-0.09640083571706115,0.05967700680430332,-0.007252614616789499,0.896882498940743,1.442369474555327,1.110145645238844,0.7841313058880153,1.442369474555327,12107770.707400512,0.3333351761808276,11.723500108718872,11.906166712443033,12.965916681289674,False,False,False,False,False,False,distribution,3,5,normal,False,False,,False,,분산5일,0.031035134519377602,41.40201623999213,False,True,True,False,False,True,False,,Uptrend Under Pressure,,,0.3178120012922801,0.8773219778194903,-0.2588218103160512,-0.38302482499138635,0.10464746485490224,0.5079449152542372,,False,,,0,0,0.375,0.898
AME,"AMETEK, Inc.",Industrials,XLI,53915365376.0,2026-09-16,232.19000244140625,-0.009639558695899053,-0.0158362695749531,-0.06984930594472794,-0.053319842101649195,-0.004862699806938431,False,-0.052967900272190116,0.010282678016078073,0.012078495201190531,0.08489153541138195,0.8994599269688478,0.9776017625641867,1.0077591046190184,0.7556959672733864,0.9776017625641867,326678823.49355775,0.3703389523666665,237.34312057495117,240.13887736002604,233.89920959472656,False,False,True,True,False,False,dry_up,2,1,normal,False,False,,False,24.0,,0.022096625406200388,41.726502652065896,True,False,True,False,False,True,False,,Uptrend Under Pressure,258.14,-0.1005,0.281769374648316,0.904562820667949,0.13960966288542598,0.0197586897700881,0.6607016370929855,0.5077860169491526,,False,,,0,0,0.375,0.898
UBER,"Uber Technologies, Inc.",Industrials,XLI,154519683072.0,2026-09-16,70.97000122070312,-0.006439858357936035,-0.0015475606009832665,-0.04942408599531001,-0.03253165092961263,-0.05323164461268548,False,-0.032171980794060695,-0.03882241238871498,0.03430277133480808,0.03216005927602361,0.8832607662532931,1.0287116802766352,1.301598070232029,0.7932583093020815,1.0287116802766352,1304079392.7793121,0.28730941605518695,75.59099960327148,73.72866655985514,73.43258330027263,False,False,True,False,True,False,distribution,2,4,normal,False,False,,False,56.0,분산4일,0.03224310246169638,40.49950271238287,True,False,True,False,False,True,False,,Uptrend Under Pressure,76.2,-0.0686,0.39155314067388347,0.904562820667949,-0.35821543250426635,-0.16752689204781857,0.14758320985869683,0.5064088983050847,,False,,,0,0,0.375,0.898
CCK,"Crown Holdings, Inc.",Materials,XLB,12658635776.0,2026-09-16,112.16999816894531,-0.0014244071886513332,0.0033992061034608945,-0.040133513750733374,-0.023075978364217264,-0.008299017970826439,False,-0.02271279294773998,0.006794061202644919,-0.013068211201357371,0.02294783564604952,0.9210115553471881,1.3364375534145914,1.0356941391900556,0.7659379195826036,1.3364375534145914,85585197.1238182,0.28470387178308826,115.83800048828125,115.40671819051107,107.50259202321371,False,False,True,True,True,False,distribution,2,3,normal,False,False,,False,40.0,분산3일,0.01738115711018403,37.06177961704699,True,False,False,True,False,True,False,,Uptrend Under Pressure,117.65,-0.0466,0.5600687551599512,0.938326855384374,0.042465117131954555,-0.0405444402464632,0.5453913844819487,0.5042372881355932,,False,,,0,0,0.375,0.898
EGP,"EastGroup Properties, Inc.",Real Estate,XLRE,10727776256.0,2026-09-16,197.8699951171875,-0.003575419011584202,-0.00020215524319922018,-0.021269244154439093,-0.0038764767843199044,-0.08579661096571256,False,-0.0035061536797288406,-0.07188299750622296,0.020339950421885744,-0.03325013492365003,0.8857999408720229,1.3170058206909339,1.085019170534987,0.9265451569112833,1.3170058206909339,72298183.44329223,0.23109078028280083,199.57500076293945,205.70111338297525,201.42551752726237,False,False,False,True,False,False,distribution,3,3,normal,False,False,,False,48.0,분산3일,0.014266211845480128,40.98342100741637,True,False,True,False,False,True,False,,Uptrend Under Pressure,210.43,-0.0597,0.610430756556881,0.9304499659860984,0.06821858300613393,-0.06485961386825978,0.5427794441834412,0.5039724576271186,,False,,,0,0,0.375,0.898
CQP,"Cheniere Energy Partners, LP",Energy,XLE,34024415232.0,2026-09-16,65.7300033569336,0.0010660933737445255,-0.05979116129615236,-0.043509863368115576,-0.026512328204443936,0.03621947955877913,False,-0.026150420299953514,0.05199010289130079,-0.0487381953174405,-0.10824432881603585,0.9229149428577428,0.8040777153061446,1.0378268788109248,0.993997608975538,0.8040777153061446,7417275.507812118,0.3672571002251682,68.35400085449218,65.12007376352946,63.638540776570636,False,True,True,True,True,False,weak_rally,4,4,normal,False,False,,False,,분산4일,0.03176413709191028,43.32644264394339,False,False,False,True,False,True,False,,Uptrend Under Pressure,,,0.41222810697413426,0.971181533185436,0.16606079188889966,-0.05259803495846793,0.6273408984135015,0.5039194915254237,,False,,,0,0,0.375,0.898
KRYS,"Krystal Biotech, Inc.",Health Care,XLV,10636637184.0,2026-09-16,336.6700134277344,-2.964015760953398e-05,-0.032807558477121246,0.011567832518449173,0.029544138959222144,-0.09430459837931326,False,0.02992688665362686,-0.08052047125690243,0.023385584544897364,-0.10475427218596323,0.8968300982992832,1.068042790922143,0.9739063245128812,0.8854029448932915,1.068042790922143,82833204.02090606,0.16927631998978485,351.04749755859376,349.0153315226237,319.1470409393311,False,False,True,True,True,False,distribution,2,5,normal,False,False,,False,42.0,분산5일,0.03265955291294661,42.84317695439576,True,True,True,False,False,True,False,,Uptrend Under Pressure,354.86,-0.0513,0.49697293085665123,0.9549750185957814,0.8240478910207989,0.1310489432433255,0.8843346825196052,0.5033368644067797,,False,,,0,0,0.375,0.898
ET,Energy Transfer LP,Energy,XLE,74065371136.0,2026-09-16,21.110000610351562,-0.010314079425288059,-0.02629149846866652,-0.014472430664716374,0.0030411210939376154,0.07433551458911691,False,0.003414015914046775,0.09068624053816965,-0.0198594859832798,-0.07544221394378592,0.9714680651198505,0.8828948842626345,0.9856607238084285,0.6190229671431783,0.8828948842626345,163900437.56314278,0.280178844192685,21.380500030517577,20.334883785247804,19.62684529622396,False,True,True,True,True,False,dry_up,2,1,normal,False,False,,False,26.0,,0.01440854252598677,48.9640960343922,True,True,False,True,False,True,False,,Uptrend Under Pressure,20.59,0.0253,0.47230897002615907,0.971181533185436,0.08561589141589265,-0.0046497778098453235,0.603229915796321,0.503125,,False,,,0,0,0.375,0.898
PSO,"Pearson, Plc",Communication Services,XLC,9969474560.0,2026-09-16,15.90999984741211,-0.005625009536743164,0.011443122086079338,-0.003757070670848628,0.013946900937745754,-0.05790324197704988,False,0.014323850136810812,-0.0435651085925125,-0.025974140030035398,-0.06656257122700104,0.9080744428786278,0.880319404052198,1.0038614233145962,1.0297260471901153,0.880319404052198,9303055.724251937,0.3333333333333333,16.17349991798401,16.285401328404745,15.390553784370422,False,False,True,True,False,False,dry_up,4,3,normal,False,False,,False,,분산3일,0.01860913009111122,44.864378899494746,False,True,False,True,False,True,False,,Uptrend Under Pressure,,,0.4719072832911568,0.9464981965192371,-0.005264459385739384,0.07737623451681452,0.5841142351198005,0.5020656779661017,,False,,,0,0,0.375,0.898
ORI,Old Republic International Corp,Financials,XLF,10074995712.0,2026-09-16,40.900001525878906,-0.003896732636647915,0.0017144181162140892,-0.02749823262965656,-0.010216158978778811,-0.023692789049870266,False,-0.009848192741320871,-0.008833993606963686,0.005712534707197348,-0.013302059316656956,0.9240838273931808,1.1136276919277373,1.077658186925764,0.7361695231206594,1.1136276919277373,45873130.82055473,0.4507043766991543,41.42995414733887,41.67674573262533,40.32599315643311,False,False,True,True,False,False,distribution,3,4,normal,False,False,,False,52.0,분산4일,0.01739516585408671,42.26892955100585,False,False,True,True,False,True,False,,Uptrend Under Pressure,41.56,-0.0159,0.4844436318213475,0.9550887806277483,-0.024030841237457246,-0.07879167025945366,0.4511573488489755,0.5016949152542374,,False,,,0,0,0.375,0.898
ARMK,Aramark,Consumer Discretionary,XLY,14844726272.0,2026-09-16,57.61000061035156,-0.011496193942669097,0.012300136440279497,-0.045876124689676834,-0.028920639734867026,0.01903430474025858,False,-0.02855962715448246,0.03454338027879156,0.0076407188777696255,0.09492424105186426,0.9252203247448159,1.0048922083659169,1.2403516646135095,0.5372498678793494,1.0048922083659169,131437317.26523742,0.132353106171953,58.0894998550415,57.452301597595216,52.72067295710246,False,True,True,True,True,False,distribution,1,4,normal,False,False,,False,25.0,분산4일,0.02288789956888917,48.29861167548257,True,False,True,True,False,True,False,,Uptrend Under Pressure,60.35,-0.0454,0.44857514002991167,0.8883820050871151,0.39468099463956907,0.3088407271125111,0.8914531458928119,0.501324152542373,,False,,,0,0,0.375,0.898
ADI,"Analog Devices, Inc.",Information Technology,XLK,175480553472.0,2026-09-16,362.0400085449219,0.001909512743189401,-0.008299774614478062,-0.03580954857901031,-0.018675173142358892,-0.049970202931030494,False,-0.018310351663872848,-0.0355113335700471,-0.02695028537143551,-0.06665732527727575,0.9178391429693703,0.8528616815907399,0.8949246625789451,1.2869076579233474,0.8528616815907399,1311307643.728653,0.38264840498347596,365.1615020751953,376.7097763061523,382.09764633178713,False,False,False,True,False,False,weak_rally,1,1,normal,False,False,,False,61.0,,0.028586134881519478,45.64728351837065,True,False,False,True,False,True,False,,Uptrend Under Pressure,433.14,-0.1642,0.34528465278902054,0.9290615743084026,0.36084663992701804,0.07744658236801638,0.8001029959163023,0.500635593220339,,False,,,0,0,0.375,0.898
MU,"Micron Technology, Inc.",Information Technology,XLK,1082783105024.0,2026-09-16,926.5499877929688,-0.0011319402981931903,-0.09848509862590282,-0.015104832077414088,0.0023974814417240253,-0.02090873955664918,False,0.002770136979627136,-0.0060075725923006695,-0.006055327893219498,-0.03810632188676588,0.9015149013740972,0.8137590637665287,0.9416320340486003,0.7530211453055666,0.8137590637665287,23474133639.201416,0.3779179614506418,955.5075012207031,949.755903116862,817.4879308064778,False,False,False,True,True,False,dry_up,1,1,normal,False,False,,False,84.0,,0.04645112489238494,46.77233311008274,True,True,False,True,False,True,False,,Uptrend Under Pressure,724.55,0.2788,0.6006450493038155,0.9290615743084026,4.433852362575601,0.893488223833123,0.9932122077265007,0.4992584745762712,,False,,,0,0,0.375,0.898
STT,State Street Corporation,Financials,XLF,52572422144.0,2026-09-16,182.89999389648438,-0.012045648611848314,-0.04684978644931426,-0.04675041147118686,-0.029810463237292972,0.007903686021462075,False,-0.029449781461466817,0.023243360387043888,-0.014197102715577947,0.01863069354644642,0.9415216671904528,1.2924441637630208,1.238525540185816,0.7465469745244667,1.2924441637630208,272972731.3355179,0.3669157025703626,190.1134994506836,184.24813486735027,167.04426619211833,False,False,True,True,True,False,distribution,3,4,normal,False,False,,False,99.0,분산4일,0.02380300260275406,39.84260858779481,True,False,False,True,False,True,False,,Uptrend Under Pressure,149.99,0.2194,0.3213781008713445,0.9550887806277483,0.49406084109395154,0.3873808166511803,0.9154954645657909,0.4991525423728814,,False,,,0,0,0.375,0.898
LECO,"Lincoln Electric Holdings, Inc.",Industrials,XLI,15328654336.0,2026-09-16,255.3000030517578,0.0063860391940606664,-0.05973772325505411,-0.09458452336591017,-0.07849462257925588,-0.010384768692250357,False,-0.07815203983292907,0.004676566637718871,-0.014835403574674721,0.07887141558422717,0.8799807229716624,1.059182128831353,1.1771809997037528,0.9880633562423194,1.059182128831353,118698681.7135376,0.3487098606067258,272.55549774169924,266.95108388264975,263.1346435546875,False,False,False,True,True,False,accumulation,2,1,normal,False,False,,False,32.0,,0.033930671956129685,37.993573593130726,True,False,False,False,False,True,False,,Uptrend Under Pressure,261.31,-0.023,0.3011749916483906,0.904562820667949,0.03662718735611192,-0.04693968457477771,0.5330707238625276,0.49862288135593225,,False,,,0,0,0.375,0.898
NVT,nVent Electric plc,Industrials,XLI,24400082944.0,2026-09-16,147.64999389648438,0.005790128249703708,-0.06868928882817715,-0.10314043906160908,-0.08720258320707186,-0.042939885095143016,False,-0.0868632377691102,-0.02837401861947031,-0.024144925502373016,0.04338006156405472,0.8331921917642495,0.6662955210026266,0.8495367050675766,1.644492371025575,0.6662955210026266,398814346.2573929,0.36970950600001395,153.06699981689454,157.45524266560872,154.67481721242268,False,False,False,True,False,False,weak_rally,1,1,normal,False,False,,False,32.0,,0.04629520926709238,43.47875233501232,True,False,False,False,False,True,False,,Uptrend Under Pressure,153.83,-0.0402,0.315282808097696,0.904562820667949,0.5663766161834305,0.337801571399561,0.9185103538000072,0.4984639830508475,,False,,,0,0,0.375,0.898
DKNG,DraftKings Inc.,Consumer Discretionary,XLY,12058869760.0,2026-09-16,24.329999923706055,-0.012581147468397114,0.028317839417367097,0.01206318623687741,0.030048295478562803,-0.1034769152213183,False,0.030431230600332704,-0.08983238512140634,0.06882984790394286,-0.03671068420313828,0.8954729427819982,0.9744909613003632,0.9909303596163206,0.683111342350568,0.9744909613003632,225200392.01983374,0.5036980676457928,24.623500061035156,24.69675006866455,24.550208393732706,False,False,False,False,False,False,dry_up,1,1,normal,False,False,,False,12.0,,0.043916682809489266,48.7342617003722,True,True,True,False,False,True,False,,Uptrend Under Pressure,25.26,-0.0368,0.3880605348597474,0.8883820050871151,-0.500270473388924,-0.13370444488266697,0.14163926132051607,0.49846398305084744,,False,,,0,0,0.375,0.898
PRU,"Prudential Financial, Inc.",Financials,XLF,40571998208.0,2026-09-16,117.04000091552734,-0.01902603880241971,-0.004677229692081064,-0.049372362068780706,-0.032479007830761186,0.01667744037286023,False,-0.03211931812438762,0.03215064588490035,-0.01690859247308585,0.027497825995628,0.9461453899497578,1.3917520270932926,0.9052532680615768,0.7298460594090567,1.3917520270932926,190786306.1006443,0.4011628629067314,119.59831008911132,117.46031748453775,108.02494970957439,False,False,True,True,True,False,distribution,0,2,normal,False,False,,False,27.0,,0.021946084314884838,43.0269984227225,True,False,False,True,False,True,False,,Uptrend Under Pressure,119.9,-0.0238,0.2920767524439997,0.9550887806277483,0.04022338391940106,0.15388506005002633,0.6703832532253984,0.49729872881355935,,False,,,0,0,0.375,0.898
RBA,"RB Global, Inc.",Industrials,XLI,15664216064.0,2026-09-16,84.29000091552734,-0.02113575289657388,0.03639492214227924,-0.013267586057959857,0.004267376677959511,-0.25932846855226777,False,0.00464072737604404,-0.24805590326469207,0.07364394076273806,-0.1925252175434108,0.7258098932195344,1.3582615423735689,1.1557906427089726,1.3912822652324548,1.3582615423735689,153540731.82343903,0.12977237055522714,84.24285430908203,98.72223459879557,100.9099630355835,True,False,False,False,False,False,distribution,2,2,normal,False,False,,False,57.0,,0.026032568901275522,42.18899486705558,True,True,True,False,False,True,False,,Uptrend Under Pressure,115.05,-0.2673,0.5852882258737507,0.904562820667949,-0.40321109092032625,-0.2889092489223728,0.06679375519496947,0.4967690677966102,,False,,,0,0,0.375,0.898
GRMN,Garmin Ltd.,Consumer Discretionary,XLY,54791331840.0,2026-09-16,276.92999267578125,-0.007312644857853212,0.021391676862452025,-0.06534971923233046,-0.0487402944148132,0.10851277169579077,False,-0.04838665007328846,0.1253836544832363,-0.012925150305319155,0.1910663847128109,0.8877327164442568,0.9663310727324977,0.8084422710126141,0.41693225688401253,0.9663310727324977,233418793.90881348,0.4039040483882054,281.9214431762695,270.29636052449547,255.74020500183104,False,True,True,True,True,False,dry_up,1,0,normal,False,False,,False,34.0,,0.020743457738834046,45.51750678776924,True,False,False,False,False,True,False,,Uptrend Under Pressure,293.69,-0.0571,0.7545744953591936,0.8883820050871151,0.11698574986269539,0.13449494441236953,0.7214132123884212,0.493167372881356,,False,,,0,0,0.375,0.898
AJG,Arthur J. Gallagher & Co.,Financials,XLF,67199791104.0,2026-09-16,243.77999877929688,-0.01717462756871513,-0.0020468315150588,-0.015818373614286063,0.001671259745487097,-0.04827344854611226,False,0.0020436453001331234,-0.03378875562668382,0.017791258890017092,-0.0381443280549747,0.8986777544550918,0.8524810268280686,0.9520158016878499,0.7324859312118066,0.8524810268280686,357379798.5210861,0.48065149697621373,257.37021865844724,250.46275634765624,230.31298853556316,False,False,True,True,True,False,dry_up,3,1,normal,False,False,,False,53.0,,0.02986908376782518,42.57574959795155,True,True,True,False,True,True,False,,Uptrend Under Pressure,239.03,0.0199,0.28451810813966727,0.9550887806277483,-0.2685510906287206,0.027198380179396464,0.34635629359256986,0.49231991525423724,,False,,,0,0,0.375,0.898
ED,"Consolidated Edison, Inc.",Utilities,XLU,39579058176.0,2026-09-16,105.41999816894531,0.0017103792173085441,-0.019257602902250426,-0.026341112395454447,-0.009038475864609485,-0.06725389125337522,False,-0.008670071806683444,-0.05305806900133481,0.03728134062465904,0.04036630761457105,0.9404884988037667,0.9256176318146812,0.8502374525031761,0.6549137573768318,0.9256176318146812,214101107.00102615,0.4020104740946349,107.17549896240234,108.7748779296875,108.06571877797445,False,False,True,False,False,False,weak_rally,1,1,normal,False,False,,False,138.0,,0.013906963650008939,40.34330668436977,True,False,True,True,False,True,False,,Uptrend Under Pressure,110.68,-0.0475,0.3936360535535037,0.8773219778194903,-0.025906376961879918,-0.17400027721148037,0.36745871128618407,0.4896716101694915,,False,,,0,0,0.375,0.898
SGI,Somnigroup International Inc.,Consumer Discretionary,XLY,13621165056.0,2026-09-16,64.20999908447266,-0.01774519830764465,-0.05891842407556358,0.007603177276034101,0.025509028869115546,-0.14682572260472582,False,0.025890276453883976,-0.13384093469905334,0.06411967687500408,-0.08328778156285765,0.8559469012130232,0.869845386675275,0.8120935339787309,0.82992628117068,0.869845386675275,255090917.11690292,0.39142031380714626,65.84350032806397,69.27897555033366,70.88747692108154,False,False,False,False,False,False,dry_up,2,1,normal,False,False,,False,104.0,,0.04187154599386678,43.24413643692589,True,True,True,False,False,True,False,,Uptrend Under Pressure,84.57,-0.2408,0.322451062934905,0.8883820050871151,-0.35212743481885733,-0.2734547736703906,0.08723031332441906,0.48824152542372884,,False,,,0,0,0.375,0.898
FLS,Flowserve Corporation,Industrials,XLI,10053349376.0,2026-09-16,72.30999755859375,0.018020537819155358,-0.03830302951588305,-0.08224398123666687,-0.06593477991491303,0.004652103580234712,False,-0.0655875278682233,0.019942290860380796,-0.0014079047963001523,0.0952645057078878,0.8733091170708434,1.3271615978196971,0.9827066253978723,0.7509754820178067,1.3271615978196971,124903984.14801483,0.3012049458457207,77.15099983215332,75.09268989562989,75.38534183502198,False,False,False,True,False,False,accumulation,3,4,normal,False,False,,False,29.0,분산4일,0.0367465382923058,38.857044709033936,True,False,False,False,False,True,False,,Uptrend Under Pressure,78.67,-0.0808,0.39224797570269,0.904562820667949,0.22781917442437827,-0.06375273420781336,0.642134364497127,0.4881885593220339,,False,,,0,0,0.375,0.898
ETN,"Eaton Corporation, PLC",Industrials,XLI,156090187776.0,2026-09-16,397.79998779296875,0.013761452549637232,-0.041953695333850405,-0.07773630357990247,-0.06134699750166139,-0.0006423245389738375,False,-0.0609980398815293,0.014567284800613978,0.0034968097288488043,0.08949255820852353,0.8648578032505242,0.9689952578677453,1.161471451578999,0.712020411249559,0.9689952578677453,760362913.0142365,0.4319856114656279,408.09650268554685,413.64959411621095,405.65856068929037,False,False,True,True,False,False,weak_rally,2,3,normal,False,False,,False,32.0,분산3일,0.03659997060685662,44.35616160818443,True,False,True,False,False,True,False,,Uptrend Under Pressure,414.18,-0.0396,0.34915881848844693,0.904562820667949,0.037324623669767076,0.08619466135449816,0.6286256369484298,0.4873411016949153,,False,,,0,0,0.375,0.898
ONC,BeOne Medicines Ltd.,Health Care,XLV,40676466688.0,2026-09-16,348.0799865722656,0.004559845807404317,-0.008319126574741764,-0.057077089726641383,-0.04032065418153408,0.11714584253658145,False,-0.03996387971885684,0.13414811535395632,-0.04606128952476618,0.10425650951349996,0.92363211829866,1.0131494502067115,1.2490104325585796,0.5142273728277696,1.0131494502067115,124482351.10608673,0.7772765010172522,361.20074768066405,332.4544143676758,313.9509569803874,False,True,True,True,True,False,accumulation,1,3,normal,False,False,,False,20.0,분산3일,0.02570836395923182,47.18697058832277,True,False,False,True,False,True,False,,Uptrend Under Pressure,369.15,-0.0571,0.4200373731017754,0.9549750185957814,-0.07702171951719572,0.08950618199539373,0.5399045932564779,0.48697033898305087,,False,,,0,0,0.375,0.898
BCE,"BCE, Inc.",Communication Services,XLC,21998284800.0,2026-09-16,22.5,-0.01746723254120064,-0.022456482811272882,-0.023711926955834017,-0.006362567860636048,0.05674482323989838,False,-0.00599316899580471,0.07282782968270785,-0.04548398595350711,0.04703170059120265,0.9562301745948832,2.0267564358038257,1.540020010555087,0.5215667779004644,2.0267564358038257,73550024.0814991,0.0961526470038037,23.182999515533446,22.25059674580892,22.930261373519897,False,True,False,False,False,False,distribution,2,6,attention,False,False,surge,False,2.0,분산6일,0.01803772525565823,41.729827519760256,True,False,False,True,False,True,False,,Uptrend Under Pressure,23.15,-0.0283,0.4985225047624448,0.9464981965192371,-0.13322065340608846,-0.21476313941158087,0.25337085757652417,0.4858580508474577,,False,,,0,0,0.375,0.898
EMR,Emerson Electric Company,Industrials,XLI,85031034880.0,2026-09-16,145.8300018310547,-0.007959171217315042,-0.029998633874512515,-0.07573835112622784,-0.05931353995934452,0.0520938856467954,False,-0.058963826372414374,0.06810610767918712,0.0056707421096144905,0.1469851956859014,0.8901602753549188,1.176531336046546,1.0504090083688655,0.5131066331127974,1.176531336046546,320527671.450531,0.3149791284357418,152.47750091552734,148.78691965738932,143.7771831512451,False,False,True,True,True,False,distribution,1,2,normal,False,False,,False,24.0,,0.02598917141836213,40.033141187863485,True,False,True,False,False,True,False,,Uptrend Under Pressure,163.25,-0.1067,0.40655857730970774,0.904562820667949,0.02642658824552835,0.06409037186778743,0.6018575403852409,0.48532838983050847,,False,,,0,0,0.375,0.898
BIP,Brookfield Infrastructure Partn,Utilities,XLU,29930756096.0,2026-09-16,35.540000915527344,0.014269406019862041,-0.030021792916073764,-0.061337212406882835,-0.04465648238375175,-0.03236213625060824,False,-0.04430131982695096,-0.01763528294152439,-1.5332838805282023e-06,0.07928387154544514,0.8439596487084922,0.9843372966782417,1.2078082513862323,0.7615770697358879,0.9843372966782417,27942191.51663704,0.5434146701001009,37.27651252746582,38.00104935963949,37.283016459147134,False,False,False,True,False,False,weak_rally,1,3,normal,False,False,,False,,분산3일,0.025387611568736694,36.79083188623188,False,False,False,False,False,True,False,,Uptrend Under Pressure,,,0.3533531809104913,0.8773219778194903,0.09252836178475521,-0.07227252418250141,0.5532624408225217,0.48458686440677967,,False,,,0,0,0.375,0.898
ZTS,Zoetis Inc.,Health Care,XLV,31859539968.0,2026-09-16,73.0,-0.005855921331726743,-0.00422858503502177,-0.012979976965335038,0.004560096796279334,-0.04455601355124972,False,0.004933556317236132,-0.030014743556960433,-0.0014490074125346197,-0.05557967336121328,0.936738094625051,1.007155339458936,1.0130465406805302,0.767239285371763,1.007155339458936,343674559.2682327,0.07771733974257614,75.45949897766113,75.25119183858236,85.94675178527832,False,False,False,False,False,False,distribution,1,4,normal,False,False,,False,28.0,분산4일,0.02516143709246193,41.873561762691914,True,True,False,True,False,True,False,,Uptrend Under Pressure,77.27,-0.0553,0.38719139083043297,0.9549750185957814,-0.5697974641275001,-0.4762577119094923,0.011929456832062448,0.48342161016949153,,False,,,0,0,0.375,0.898
INTU,Intuit Inc.,Information Technology,XLK,98281840640.0,2026-09-16,318.1300048828125,-0.03383237009916751,0.013346507003956232,-0.09212065421061322,-0.07598696865190313,0.1269073630880415,False,-0.07564345364951985,0.1440582002460864,-0.08377879387252818,0.10711341441532474,0.859996738037967,0.6137429574918989,0.7126365297585107,0.6968891703098196,0.6137429574918989,1350784242.562677,0.1916670198787776,342.42949829101565,313.33936030069987,336.91249020894367,False,True,True,False,False,False,dry_up,0,1,normal,False,False,,False,130.0,,0.0445325570619542,43.461520435775086,True,False,False,False,False,True,False,,Uptrend Under Pressure,437.16,-0.2723,0.3620158975052443,0.9290615743084026,-0.5592064992616221,-0.36423791141101314,0.021683350800477036,0.481885593220339,,False,,,0,0,0.375,0.898
APH,Amphenol Corporation,Information Technology,XLK,195489529856.0,2026-09-16,77.26000213623047,-0.005022529066125769,-0.050159753938414764,-0.031647570470414776,-0.01443923361320909,-0.03397757261325707,False,-0.014072837363883206,-0.019275305252319797,-0.02275006579355987,-0.050945602968466175,0.8971202934535066,0.8011188967996224,0.9703442042979977,0.8872795056828247,0.8011188967996224,887468036.4327091,0.26396139606215047,79.84799995422364,80.49399973551432,75.34941752751668,False,False,True,True,False,False,dry_up,1,3,normal,False,False,,False,96.0,분산3일,0.03426277588152677,43.049736021409586,True,False,False,False,False,True,False,,Uptrend Under Pressure,74.08,0.043,0.351500202013596,0.9290615743084026,0.22055319562922948,0.09584475832480788,0.7590753857829496,0.48119703389830515,,False,,,0,0,0.375,0.898
PKG,Packaging Corporation of Americ,Materials,XLB,20843655168.0,2026-09-16,231.4499969482422,0.0010379751196150089,0.024938309327932284,-0.06932487414542587,-0.052786090762491855,-0.006069758928294977,False,-0.05243395050337163,0.009057248197086087,-0.0430826787804639,0.02524733494470488,0.904898403227883,0.8948293679577544,1.1748985459967627,0.9453587832494911,0.8948293679577544,136752730.3529381,0.3840980390816696,237.207470703125,239.31153818766276,226.71787707010904,False,False,True,True,False,False,weak_rally,5,3,normal,False,False,,False,35.0,분산3일,0.025470510906057935,42.05832100268496,True,False,False,True,False,True,False,,Uptrend Under Pressure,251.61,-0.0801,0.4540432747220337,0.938326855384374,0.029314163816055228,0.018192701157695446,0.5724368472407936,0.4809851694915254,,False,,,0,0,0.375,0.898
APO,"Apollo Global Management, Inc. ",Financials,XLF,80656384000.0,2026-09-16,124.52999877929688,-0.01944882850947338,-0.04924413772053626,-0.06570035799259011,-0.04909716428444766,0.03917327990042363,False,-0.04874365261437896,0.05498885825792432,-0.03379418663671041,0.05023308625677925,0.8709848795314448,1.24240695330906,0.9660908481845951,0.7100441320564638,1.24240695330906,321561322.9943161,0.2854887388146273,131.63299865722655,126.70580495198568,125.51637083689371,False,False,False,True,True,False,distribution,0,3,normal,False,False,,False,184.0,분산3일,0.030921987713778576,38.091098148614215,True,False,False,False,False,True,False,,Uptrend Under Pressure,144.52,-0.1383,0.5128389359814285,0.9550887806277483,-0.1679983386805376,0.07147390992317804,0.44468486863503304,0.4799258474576271,,False,,,0,0,0.375,0.898
PEN,"Penumbra, Inc.",Health Care,XLV,12726723584.0,2026-09-16,318.3999938964844,-9.42083974088126e-05,-0.003661211631000638,-0.019553521488885672,-0.002130264461610465,-0.008127530757516932,False,-0.0017592921777224158,0.006968158345897368,-0.008099348090151004,-0.01957149275934822,0.9731943051890142,2.6641092080900393,1.2269487958270209,0.6134525495676184,2.6641092080900393,98528874.02577515,0.3260797452398328,321.6224990844727,320.66766662597655,322.9708335876465,False,False,True,False,False,False,distribution,1,4,attention,False,False,,False,159.0,분산4일,0.00658650078840045,40.5932525552252,True,False,False,True,False,True,False,,Uptrend Under Pressure,359.03,-0.1132,0.28236800386285815,0.9549750185957814,0.05191884341935871,-0.16411325219366768,0.4460716996133136,0.4796610169491525,,False,,,0,0,0.375,0.898
NSC,Norfolk Southern Corporation,Industrials,XLI,76993503232.0,2026-09-16,317.0,-0.010055590557829674,-0.019486507982805934,-0.06464844184402851,-0.04802655481011131,-0.02218889105343158,False,-0.04767264512572489,-0.0073072072077297046,0.017737452127656983,0.06600264618916851,0.8980678512480365,0.6731881658174784,1.06328490574237,0.6690439127831325,0.6731881658174784,392416824.7212402,0.07123149084889176,335.58599548339845,331.4668472290039,318.0443483988444,False,False,True,True,True,False,dry_up,1,2,normal,False,False,,False,38.0,,0.01877422427314528,29.756584606499203,True,False,True,False,False,True,False,,Uptrend Under Pressure,347.18,-0.0869,0.4485283179357662,0.904562820667949,0.0595643704401283,0.019571796459700863,0.5988706588124751,0.47881355932203395,,False,,,0,0,0.375,0.898
CSGP,"CoStar Group, Inc.",Real Estate,XLRE,12994686976.0,2026-09-16,30.360000610351562,-0.03802277807025267,0.026369191638178524,-0.0325047347894869,-0.015311630374411633,0.007858599302999814,False,-0.014945558451004648,0.02319758747644962,0.008626800621432062,0.06578817862561137,0.9000889719057099,0.6859417832153097,0.9000149253532828,0.4138715542134875,0.6859417832153097,215231835.91269532,0.0848224549261499,31.540499877929687,30.27849998474121,32.79116673469544,False,True,False,False,False,False,dry_up,0,1,normal,False,False,,False,282.0,,0.04038444023572861,46.20055120889244,True,False,True,True,False,True,False,,Uptrend Under Pressure,94.6,-0.6791,0.373015521687937,0.9304499659860984,-0.7019037248355016,-0.3881923207541633,0.008914567597846122,0.478125,,False,,,0,0,0.375,0.898
SPGI,S&P Global Inc.,Financials,XLF,128485629952.0,2026-09-16,406.760009765625,-0.013962909438204107,-0.02772725880126814,-0.02479834312372864,-0.007468290445093784,-0.08842816800831521,False,-0.007099302648378436,-0.07455460522893287,0.008504624973293629,-0.07872640975804279,0.8913229252688254,0.8040953399647498,0.9371993019257668,0.9513598702028503,0.8040953399647498,793884390.9404297,0.17838761577348547,428.8462219238281,421.9569707234701,410.6174245198568,False,False,True,True,True,False,dry_up,2,1,normal,False,False,,False,10.0,,0.030184354754500767,40.634497131129756,True,False,True,False,False,True,False,,Uptrend Under Pressure,440.21,-0.076,0.29385152210007887,0.9550887806277483,-0.32069826380334965,-0.13245382599227962,0.19002927252358065,0.47759533898305084,,False,,,0,0,0.375,0.898
IVZ,Invesco Ltd,Financials,XLF,14472361984.0,2026-09-16,30.079999923706055,-0.022742064565422937,-0.06263634214161073,-0.07103153392647676,-0.05452307914655685,0.09586084381928073,False,-0.0541715846376033,0.11253917204381114,-0.03930742130767362,0.10752396965265021,0.9030320829654821,1.3594158746651106,1.119324888352765,0.5594686964893427,1.3594158746651106,110306307.57418899,0.352348791393632,32.15950002670288,30.23467804590861,28.146171379089356,False,False,True,True,True,False,distribution,0,3,normal,False,False,,False,36.0,분산3일,0.03298346674945372,37.804786534797636,True,False,False,True,False,True,False,,Uptrend Under Pressure,29.91,0.0057,0.43771494112742926,0.9550887806277483,0.2725756931083452,0.20250278256117693,0.8267861660221894,0.47680084745762713,,False,,,0,0,0.375,0.898
FE,FirstEnergy Corp.,Utilities,XLU,26536427520.0,2026-09-16,45.380001068115234,0.001103005405711066,-0.017961437628253862,-0.03977988404966537,-0.022716064402550362,-0.06086894096479223,False,-0.02235274518293273,-0.046575943695311706,0.02296443020018346,0.04748795314463017,0.9180666054472804,0.7959618143573914,0.9404835790634762,0.658841343310972,0.7959618143573914,188393664.92748642,0.36363825522440857,46.30700035095215,47.28735879262288,47.10405572255453,False,False,True,False,False,False,weak_rally,2,4,normal,False,False,,False,35.0,분산4일,0.01614934504618052,35.7678899284044,True,False,True,True,False,True,False,,Uptrend Under Pressure,49.16,-0.0769,0.35798285820520775,0.8773219778194903,-0.04270889355561669,-0.18409805529754675,0.34833399588016334,0.4754766949152543,,False,,,0,0,0.375,0.898
MRSH,Marsh,Financials,XLF,90574700544.0,2026-09-16,176.75999450683594,-0.016688919068062802,-0.0004523967016026864,-0.051564097559314126,-0.03470969207742203,-0.009745106145455318,False,-0.03435083165968211,0.005325964455162868,-0.019175175351955787,0.0007940672352479972,0.8945796739859535,1.1724652110711842,1.011414235650114,0.7864099117961241,1.1724652110711842,406176455.89386904,0.26233581965328917,186.16599884033204,182.77987365722657,174.69390627543132,False,False,True,True,True,False,distribution,3,4,normal,False,False,,False,34.0,분산4일,0.02156676587987562,36.6989023776915,True,False,False,False,False,True,False,,Uptrend Under Pressure,197.59,-0.1054,0.40827564494796076,0.9550887806277483,-0.19722532694173844,-0.06479717524046258,0.3218812113765314,0.4752648305084746,,False,,,0,0,0.375,0.898
GOOG,Alphabet Inc.,Communication Services,XLC,4102042681344.0,2026-09-16,339.3599853515625,-0.00606275772083209,0.03343681194190973,-0.005625918408936781,0.012044842397029187,-0.07456495783393435,False,0.012421084478746236,-0.06048040551985179,-0.027801310865235074,-0.08307114009314887,0.9041161045245124,0.8054110216761305,1.018097009607421,0.9857111518782166,0.8054110216761305,5369959300.652087,0.26344457165948276,337.99439697265626,345.2471318562826,349.20288874308267,True,False,False,True,False,False,dry_up,3,1,normal,False,False,,False,94.0,,0.021743557843785323,49.381129958715114,True,True,False,True,True,True,False,,Uptrend Under Pressure,382.99,-0.1139,0.5842904311151234,0.9464981965192371,0.14961753586813908,-0.04644726263308108,0.6228307614470023,0.4752118644067797,,False,,,0,0,0.375,0.898
ESLT,Elbit Systems Ltd.,Industrials,XLI,32826144768.0,2026-09-16,738.1599731445312,0.008759785643363438,0.0332586057089741,-0.07232540402777865,-0.05583994227382083,-0.05910092728598737,False,-0.05548893732748705,-0.04478102193542444,0.009384302058207394,0.025761409471653174,0.8540947918493993,0.7061486562403229,0.8257839625769712,0.9193109796186719,0.7061486562403229,52754969.37093506,0.6507766923536661,721.6174987792969,762.8793345133464,801.8899470011394,True,False,False,False,False,False,weak_rally,2,0,normal,False,False,,False,66.0,,0.018876075294445276,49.66853645703092,True,False,True,False,False,True,False,,Uptrend Under Pressure,912.02,-0.1906,0.517235449908717,0.904562820667949,0.3223705873491549,-0.33194062452004747,0.5137562791370026,0.47441737288135594,,False,,,0,0,0.375,0.898
ROP,"Roper Technologies, Inc.",Information Technology,XLK,41997266944.0,2026-09-16,375.82000732421875,-0.021149125033999794,-0.03722300128629619,-0.046553531416412164,-0.029610084478740917,0.027036377385800003,False,-0.02924932820925774,0.04266723954971674,-0.03779298705812062,0.008996646699082067,0.8817925775695664,1.1241611382280838,1.0619705607478789,0.6859921239235628,1.1241611382280838,264457507.43963623,0.328998436421071,406.32250213623047,381.7675750732422,361.58020782470703,False,False,True,True,True,False,distribution,1,2,normal,False,False,,False,56.0,,0.02730600137418074,36.18335707860325,True,False,False,False,False,True,False,,Uptrend Under Pressure,337.46,0.1137,0.4267442139505402,0.9290615743084026,-0.3417090456328493,-0.04151277669948117,0.2611750569187959,0.4743644067796611,,False,,,0,0,0.375,0.898
HTHT,H World Group Limited,Consumer Discretionary,XLY,14552026112.0,2026-09-16,42.720001220703125,-0.014305466767464803,-0.028649348218459214,-0.05166020131191562,-0.03480750366458607,0.024718051705448385,False,-0.03444867960969655,0.04031363037799296,0.0015322131831803087,0.10103127032776094,0.8790424123274507,0.9515690907665803,0.8770578106567072,0.43541210233794553,0.9515690907665803,73482247.12597045,0.23863936849497372,45.713302803039554,42.775681495666504,44.81615190505981,False,False,True,False,False,False,dry_up,0,2,normal,False,False,,False,19.0,,0.022716150762936593,40.98042632965331,True,False,True,False,False,True,False,,Uptrend Under Pressure,47.67,-0.1038,0.4771277893315467,0.8883820050871151,0.0986809778266815,-0.20796008581157566,0.44865834266922044,0.4720338983050848,,False,,,0,0,0.375,0.898
P,"Everpure, Inc.",Information Technology,XLK,30897037312.0,2026-09-16,97.61000061035156,0.00659997299775017,0.005666629565138637,-0.16615408639921248,-0.15133602953202696,0.23692405008908524,False,-0.15102052661599907,0.25574927357667887,-0.1584924668381984,0.21519767580005733,0.8260832564754936,0.9814223829572406,0.8075147112539468,0.7403044964876327,0.9814223829572406,317851768.67133486,0.49657548563306486,99.54900016784669,88.05883356730143,80.22375001907349,False,True,True,True,True,False,weak_rally,0,0,normal,False,False,,False,14.0,,0.05982994222955993,50.96291736364441,True,False,False,False,False,True,False,,Uptrend Under Pressure,108.9,-0.1037,0.35870159400254314,0.9290615743084026,0.1407534068459917,0.5924881763810155,0.8049853637382096,0.47086864406779666,,False,,,0,0,0.375,0.898
FISV,"Fiserv, Inc.",Financials,XLF,28348483584.0,2026-09-16,49.45000076293945,-0.0113954356179089,0.01644397146904497,-0.043890185695800166,-0.026899409140388797,-0.06973569191228346,False,-0.026537645138748456,-0.055577641140272416,-0.0112392007241221,-0.059834991705032814,0.8865184984782244,0.5855000788563928,0.9362665110143877,1.033525615549624,0.5855000788563928,330550459.6646751,0.3097643616597694,51.6410005569458,51.693166987101236,54.13533353805542,False,False,False,False,False,False,dry_up,1,4,normal,False,False,,False,30.0,분산4일,0.03678318613274747,41.69478009011758,True,False,False,False,False,True,False,,Uptrend Under Pressure,55.78,-0.1135,0.3676456757266167,0.9550887806277483,-0.6729082882757007,-0.22545484517217929,0.05363015431317986,0.47002118644067803,,False,,,0,0,0.375,0.898
KEYS,Keysight Technologies Inc.,Information Technology,XLK,54955810816.0,2026-09-16,322.0400085449219,0.027699845542247914,-0.027098882076268427,-0.05560114796210591,-0.038818483843298335,0.033036808132308026,False,-0.03846115092740687,0.04875899316266641,-0.046923735744628825,0.014891680833498455,0.8917070856637686,1.3841404091085385,0.8541917103527833,0.7289570539902199,1.3841404091085385,416893029.6423691,0.6905491655262632,322.14950103759764,327.4818333943685,331.8582489013672,False,False,False,True,False,False,accumulation,1,1,normal,False,False,,False,21.0,,0.030067268820735144,47.82437340585717,True,False,False,False,False,True,False,,Uptrend Under Pressure,361.15,-0.1083,0.3103137390393167,0.9290615743084026,0.7788043784366347,0.08522980407531278,0.8567760471251491,0.46885593220338984,,False,,,0,0,0.375,0.898
NI,NiSource Inc,Utilities,XLU,19623598080.0,2026-09-16,40.65999984741211,0.0017245551751927657,-0.024238021740205062,-0.03466284713904488,-0.01750809397208386,-0.1453294886386436,False,-0.017142838615296974,-0.13232192897200556,0.028415833123986545,-0.0467176482495415,0.8696082274719272,0.8429725173258411,0.8330882556653127,1.019341498901179,0.8429725173258411,204830969.98072147,0.3064499258593851,41.14149990081787,43.876781400044756,45.31465171178182,False,False,False,False,False,False,weak_rally,0,1,normal,False,False,,False,52.0,,0.016249729850354687,36.478639128154406,True,False,True,False,False,True,False,,Uptrend Under Pressure,47.5,-0.144,0.42340645392942533,0.8773219778194903,-0.0921468028385205,-0.2157247737629835,0.28642531892595136,0.46795550847457634,,False,,,0,0,0.375,0.898
IBM,International Business Machines,Information Technology,XLK,220336963584.0,2026-09-16,237.49000549316406,-0.04380557167901855,-0.010210873232113449,0.02071606722891217,0.038854944547545234,-0.22522285020033106,False,0.03924115366651337,-0.21343121837216095,0.030094704288068597,-0.23883168765960883,0.7919007986095564,1.2702039820202466,1.1695801900336331,1.0107190948927738,1.2702039820202466,1149062563.8240051,0.26229858339715295,236.34349822998047,241.33013763427735,244.02300707499185,True,False,False,False,False,False,distribution,3,3,normal,False,False,,False,70.0,분산3일,0.030121575674640105,50.28356255885142,True,True,True,False,False,True,False,,Uptrend Under Pressure,282.81,-0.1603,0.6687848330943362,0.9290615743084026,-0.22480199958682923,-0.21710402353575753,0.1742772216399841,0.46705508474576274,,False,,,0,0,0.375,0.898
MCO,Moody's Corporation,Financials,XLF,87394058240.0,2026-09-16,465.29998779296875,-0.003981539204040985,-0.01953351326080932,-0.04217876117569097,-0.02515757134433827,-0.0761796349782563,False,-0.024795159789693377,-0.06211965705748412,-0.00946933135233341,-0.06634751694479657,0.8983917750481369,1.0089168559669033,0.9792040124936325,1.0209662581568135,1.0089168559669033,336423626.3988495,0.29249388637756923,492.8909973144531,484.4203247070312,465.43909072875977,False,False,True,True,True,False,distribution,1,2,normal,False,False,,False,56.0,,0.024899462328062803,38.60988336604054,True,False,False,False,False,True,False,,Uptrend Under Pressure,449.06,0.0362,0.32087925076477064,0.9550887806277483,-0.19966200153921343,-0.061471363337498586,0.3241995229662824,0.46583686440677974,,False,,,0,0,0.375,0.898
AZN,AstraZeneca PLC,Health Care,XLV,251445133312.0,2026-09-16,162.88999938964844,0.006425661086893353,0.03791255802014937,0.01742656576995305,0.03550698622156956,-0.16362653769976454,False,0.035891950689355134,-0.1508974478694226,0.029312763089469618,-0.17327639332002787,0.860576925402353,1.1270054239377938,0.9175039237794208,0.8728966944540929,1.1270054239377938,527748472.38843155,0.2558813761657287,163.21450119018556,168.83550008138022,178.6317503611247,False,False,False,False,False,False,accumulation,1,3,normal,False,False,,False,56.0,분산3일,0.020868601850065453,49.542670235828396,True,True,True,False,False,True,False,,Uptrend Under Pressure,188.41,-0.1354,0.4771051019988164,0.9549750185957814,-0.140869492387241,-0.2917384625762849,0.21541053810848904,0.46472457627118646,,False,,,0,0,0.375,0.898
GGG,Graco Inc.,Industrials,XLI,12540084224.0,2026-09-16,76.27999877929688,-0.007287839475307312,-0.0017014118123510613,-0.05838789325026039,-0.04165475165051857,0.009826862164808547,False,-0.04129847315757296,0.025195806088777806,0.024549430703182606,0.10090599034032222,0.913095498483756,0.4594956897855261,0.5909808217941953,0.3434440581149715,0.4594956897855261,199669042.12489015,0.271697635183767,78.29300003051758,77.93009490966797,78.5723237991333,False,False,True,False,False,False,dry_up,0,0,normal,False,False,,False,38.0,,0.018339388154440344,38.65036823378956,True,False,True,True,False,True,False,,Uptrend Under Pressure,77.75,-0.0189,0.4984782939179582,0.904562820667949,-0.17443339804284275,-0.18128662034138776,0.23850421018394707,0.46467161016949154,,False,,,0,0,0.375,0.898
FCNCA,"First Citizens BancShares, Inc.",Financials,XLF,24442828800.0,2026-09-16,2099.570068359375,-0.02816575282402234,-0.0137955385568439,-0.04896558694961728,-0.032065004017723275,-0.005024210116246541,False,-0.03170516039953675,0.010118709619171051,-0.016487926053881607,0.005565207239086822,0.9163106129508226,1.185288208932159,1.0251893061350643,0.6815768066163511,1.185288208932159,128815799.74482422,0.34967013959637944,2165.919885253906,2156.7064554850263,2071.2201883951825,False,False,True,True,True,False,distribution,3,3,normal,False,False,,False,38.0,분산3일,0.02434117439722865,39.745822425443066,True,False,False,True,False,True,False,,Uptrend Under Pressure,2212.77,-0.0512,0.440403306879124,0.9550887806277483,-0.0013938644753707097,0.08677687234609843,0.5955711755990025,0.4643008474576272,,False,,,0,0,0.375,0.898
JD,"JD.com, Inc.",Consumer Discretionary,XLY,38138118144.0,2026-09-16,26.899999618530273,-0.0070136778511411535,-0.003703717832212128,-0.0666204058509674,-0.050033562071826854,0.006939514427802385,False,-0.04968039852096984,0.022264514694574356,-0.014267109783542176,0.08192872260666051,0.8037047695681312,1.0322800218108186,0.8854645739859506,0.6233032180763909,1.0322800218108186,167275555.97053966,0.5185153788553102,28.13350009918213,29.00600020090739,29.346157296498617,False,False,False,True,False,False,distribution,0,2,normal,False,False,,False,34.0,,0.017817325814321137,32.24169422093833,True,False,False,False,False,True,False,,Uptrend Under Pressure,32.2,-0.1646,0.5685346301888707,0.8883820050871151,-0.25728358452903366,-0.10691086197439781,0.24363864695891005,0.4641949152542373,,False,,,0,0,0.375,0.898
PYPL,"PayPal Holdings, Inc.",Financials,XLF,45052846080.0,2026-09-16,52.709999084472656,-0.020442338984298036,0.010350794220437276,-0.12559666833941574,-0.11005787624118357,0.14777479962711482,False,-0.10972702758386754,0.16524322633840116,-0.09573594563361232,0.1599904399540073,0.8481572193211224,0.6641151486810906,0.7565649387021298,0.6883290649647256,0.6641151486810906,695842066.0606918,0.24385028383305385,56.43519878387451,54.06183128356933,49.74921944936116,False,False,True,True,True,False,dry_up,2,1,normal,False,False,,False,43.0,,0.04097397617021719,40.24810635563231,True,False,False,False,False,True,False,,Uptrend Under Pressure,56.59,-0.0686,0.35399153006876033,0.9550887806277483,-0.2311169450414392,0.13573351938869616,0.43654909472010406,0.4627648305084746,,False,,,0,0,0.375,0.898
EAT,"Brinker International, Inc.",Consumer Discretionary,XLY,9799860224.0,2026-09-16,210.61000061035156,0.03509116502094933,-0.021828976831246072,-0.10625925709606554,-0.09037682493820809,0.19132465626392436,False,-0.09003865956981139,0.20945588501546641,-0.05612930566571617,0.28004546955721143,0.8293691367469661,1.5994558895374984,1.4185096458181605,0.4994918162618796,1.5994558895374984,217532160.02993393,0.5004413478332244,228.27000122070314,208.1705009460449,176.63025080362956,False,True,True,True,True,False,accumulation,2,5,interest,True,False,surge,False,24.0,분산5일,0.041958031752733986,42.0915219317673,True,False,False,False,False,True,False,,Uptrend Under Pressure,245.89,-0.1435,0.39293230169304305,0.8883820050871151,0.33788938275797387,0.46200314320338265,0.8881816703407901,0.4625000000000001,,False,,,0,0,0.375,0.898
BF-B,Brown Forman Inc,Consumer Staples,XLP,12192023552.0,2026-09-16,25.739999771118164,-0.01680674289261297,-0.015678770684248056,-0.04386699017721429,-0.026875801420330192,-0.006532209782275644,False,-0.026514028642183773,0.008587759125457506,-0.01805036681432437,0.020287029860943218,0.87937025776589,0.9747936082288722,1.0163585420046335,0.633074714458867,0.9747936082288722,63064294.79433727,0.20212811288250943,27.013300800323485,26.933053080240885,26.68295127550761,False,False,True,True,True,False,dry_up,3,3,normal,False,False,,False,35.0,분산3일,0.030923856381273165,39.016289107527705,True,False,False,False,False,True,False,,Uptrend Under Pressure,28.66,-0.1018,0.3898502550660213,0.9374568435182988,-0.12503407414323842,0.03777547662386049,0.4631572765711395,0.4619703389830509,,False,,,0,0,0.375,0.898
EPD,Enterprise Products Partners L.,Energy,XLE,83830906880.0,2026-09-16,38.09000015258789,-0.01855195040520219,-0.03128177903821894,-0.014233934931372927,0.0032838550723590654,0.01840783730114559,False,0.0036568401322811805,0.0339073783904551,-0.01962229390672765,-0.12357277352266116,0.9677337287075736,1.006094402947171,1.0190268070662847,0.6049891636239904,1.006094402947171,92913334.88511276,0.14285834056449145,38.79750003814697,37.88936684926351,37.516044012705485,False,True,True,True,True,False,distribution,0,2,normal,False,False,,False,35.0,,0.01350185788188946,43.11840140235655,True,True,False,True,False,True,False,,Uptrend Under Pressure,38.06,0.0007,0.36545730823271366,0.971181533185436,0.09538810301443545,-0.08562284222726413,0.5454437859130498,0.4593220338983051,,False,,,0,0,0.375,0.898
REG,Regency Centers Corporation,Real Estate,XLRE,13978903552.0,2026-09-16,73.26000213623047,-0.010668479175823475,-0.01776090646805717,-0.028719249876166586,-0.011458874602290448,-0.09116067741167633,False,-0.011091370362061759,-0.0773287017452593,0.012573219455939144,-0.038922516556771924,0.8950397030682143,1.1902365348532358,1.220886199503955,0.8029248947430035,1.1902365348532358,89149043.95432854,0.3594934850714846,74.92139930725098,77.57743110656739,77.13372720082602,False,False,False,True,False,False,distribution,3,5,normal,False,False,,False,56.0,분산5일,0.014658692537311804,32.30483536283383,True,False,True,False,False,True,False,,Uptrend Under Pressure,80.99,-0.0954,0.4456753433468379,0.9304499659860984,-0.061628035714356044,-0.13955411881728508,0.3772821726717502,0.4573093220338983,,False,,,0,0,0.375,0.898
URI,"United Rentals, Inc.",Industrials,XLI,64607703040.0,2026-09-16,1006.25,0.017308134454192103,-0.021890236985629752,-0.098649209409992,-0.08263154109214987,-0.053511015642334514,False,-0.08229049630419027,-0.03910603527365708,-0.01925810772492853,0.0318554909865556,0.8638674184845117,1.1629187613635825,0.9212583847216486,1.132796719568684,1.1629187613635825,434665664.88952637,0.47196406337064123,1029.797509765625,1076.917012532552,997.5325439453125,False,False,False,True,False,False,accumulation,3,1,normal,False,False,,False,38.0,,0.029243653643522625,42.01035269981526,True,False,False,False,True,True,False,,Uptrend Under Pressure,1137.75,-0.1156,0.48182267337523843,0.904562820667949,0.04807176335101504,0.3552716298524574,0.721911025983882,0.4572563559322034,,False,,,0,0,0.375,0.898
AFRM,"Affirm Holdings, Inc.",Financials,XLF,25121011712.0,2026-09-16,71.58000183105469,-0.007074414381234795,0.05033015742300884,-0.02691674542215572,-0.00962433831473919,-0.15118197735766437,False,-0.009256152059521683,-0.13826348897077567,0.006313879602370953,-0.14214810096400998,0.8476021837505183,0.6869104401246637,0.686204474577068,1.2779104940389947,0.6869104401246637,432527764.79404986,0.4487814076273983,73.88924980163574,76.2904167175293,69.46362504959106,False,False,True,True,False,False,dry_up,1,0,normal,False,False,,False,13.0,,0.05934219534398342,45.895216094723374,True,False,True,False,False,True,False,,Uptrend Under Pressure,77.49,-0.0763,0.3113861382578818,0.9550887806277483,-0.29505994206172803,0.35307421077279755,0.450271945357956,0.45715042372881354,,False,,,0,0,0.375,0.898
GKOS,Glaukos Corporation,Health Care,XLV,10591155200.0,2026-09-16,163.47000122070312,-0.047821480692760376,-0.09077252725326423,-0.11229971958297225,-0.09652463089850138,0.07597458191151762,False,-0.09618875106451519,0.09235025345739412,-0.10192906380434907,0.06356027199551018,0.8624109659131296,1.0677832668064298,1.1685276196817849,0.8206634655053828,1.0677832668064298,115338334.3615799,0.11816242826367715,178.5514991760254,165.95033315022786,144.85991636912027,False,False,True,True,True,False,distribution,3,2,normal,False,False,,False,6.0,,0.04160003861735469,38.024693662413675,True,False,False,False,False,True,False,,Uptrend Under Pressure,185.04,-0.1166,0.27936098866541087,0.9549750185957814,0.9473178129714681,0.5573041153129625,0.9612861840916482,0.45672669491525425,,False,,,0,0,0.375,0.898
EXE,Expand Energy Corporation,Energy,XLE,22724413440.0,2026-09-16,88.73999786376953,-0.05826175631522035,-0.08155666175543819,-0.07029857830284858,-0.05377709836092337,-0.01158379743617699,False,-0.053425326522990035,0.0034592894135632157,-0.07538047874304388,-0.149383145642353,0.8875774643351763,1.8769150626369295,1.2608413943752634,1.4637902315772597,1.8769150626369295,255217041.80518952,0.031433427863947865,96.46050148010254,92.51687761942546,94.1447858174642,False,False,True,False,False,False,distribution,1,3,interest,False,False,,False,17.0,분산3일,0.029598503195243517,31.703239793848823,True,False,False,False,False,True,False,,Uptrend Under Pressure,96.09,-0.0765,0.3454864150919552,0.971181533185436,-0.14766242713563682,-0.22642087090818153,0.23295056196017494,0.4558262711864407,,False,,,0,0,0.375,0.898
HIG,"The Hartford Insurance Group, I",Financials,XLF,37212397568.0,2026-09-16,134.94000244140625,-0.008012911472998652,-0.01186288185522566,-0.0246694949845645,-0.007337152579467765,-0.03757947156643571,False,-0.006968116030383609,-0.02293202289284524,0.00863787325414922,-0.027336536260327282,0.9303400200324293,1.4949374198844896,1.106969509297,0.5730347261162371,1.4949374198844896,190152283.01849365,0.182609464838567,137.13838119506835,137.89276784261068,135.35683403015136,False,False,True,True,False,False,distribution,1,3,normal,False,False,,False,33.0,분산3일,0.016911716924919204,42.63754549998966,True,False,True,True,False,True,False,,Uptrend Under Pressure,142.43,-0.0526,0.37870343717335025,0.9550887806277483,-0.10837178335694198,-0.12350104891342295,0.3560595930757833,0.45519067796610174,,False,,,0,0,0.375,0.898
GSAT,"Globalstar, Inc.",Communication Services,XLC,10565895168.0,2026-09-16,81.9000015258789,0.0008554282446275874,0.0026934527409543385,-0.011943513946908846,0.005614978526960579,0.013748534351275543,False,0.0059888302152224515,0.029177163714581233,-0.03397801861959715,0.0044306142323005115,0.9729151963526818,0.9910272243595264,0.7737808656040256,0.47624578771308307,0.9910272243595264,49009076.64233017,0.6111134658585173,81.96800079345704,81.32866668701172,80.32983334859212,False,True,True,True,True,False,weak_rally,0,0,normal,False,False,,False,31.0,,0.007988839605310789,49.43499621084973,False,True,False,True,False,True,False,,Uptrend Under Pressure,84.18,-0.0271,0.7072689385601402,0.9464981965192371,1.2535169222607538,0.1796821088688032,0.9185220989483575,0.4540254237288136,,False,,,0,0,0.375,0.898
L,Loews Corporation,Financials,XLF,22137477120.0,2026-09-16,108.79000091552734,-0.0038457849323892956,0.0010121513621887956,-0.032005481851650974,-0.014803505343658818,-0.07707754677594758,False,-0.014437244517535808,-0.06303123452063197,0.001051363702987862,-0.06725498511850303,0.9116497814845623,1.4163364019686304,1.1948839701109326,0.8321650516695879,1.4163364019686304,83154519.10416298,0.7294111311237037,109.58800010681152,113.01012967427572,110.3614725748698,False,False,True,True,False,False,distribution,5,3,normal,False,False,,False,154.0,분산3일,0.014365819270862798,39.43082229752094,True,False,True,True,False,True,False,,Uptrend Under Pressure,109.24,-0.0041,0.41359585928353865,0.9550887806277483,-0.017363361606995698,-0.10570522886394584,0.4340329225542987,0.4538135593220339,,False,,,0,0,0.375,0.898
MOH,Molina Healthcare Inc,Health Care,XLV,10375794688.0,2026-09-16,202.22000122070312,-0.02304461155550075,0.04167308573846773,-0.006826773662795049,0.01082264705964886,-0.13903064020323774,False,0.011198434772844879,-0.12592721593642286,0.0047760813617059306,-0.14896427677829072,0.8325922149016446,0.8997346674886593,1.076016326636182,1.0058101415178862,0.8997346674886593,118140594.61712646,0.06396827161866638,201.204500579834,209.53799947102866,192.03933347066243,True,False,True,True,False,False,dry_up,2,1,normal,False,False,,False,56.0,,0.03407711404789734,49.53680053187172,True,True,True,False,False,True,False,,Uptrend Under Pressure,229.74,-0.1198,0.41529715465506256,0.9549750185957814,-0.024554625889910975,0.21807257969656946,0.6331448086444291,0.453760593220339,,False,,,0,0,0.375,0.898
ISRG,"Intuitive Surgical, Inc.",Health Care,XLV,135020658688.0,2026-09-16,382.2900085449219,0.013601667284446117,0.08223875867302621,-0.02272607060000531,-0.005359192110270028,-0.11285801819615848,False,-0.004989420226215513,-0.09935626271530984,-0.01130896085383215,-0.12309362755604525,0.9209588121508923,0.9444999886575458,1.1747219300541285,1.0955197265597827,0.9444999886575458,837532969.2359543,0.5064168223172862,371.57150115966795,380.43016560872394,411.12208201090493,True,True,False,False,False,False,weak_rally,4,1,normal,False,False,,False,174.0,,0.029398019137203177,55.40354774764225,True,False,False,True,True,True,False,,Uptrend Under Pressure,592.85,-0.3552,0.5249782298505123,0.9549750185957814,-0.23912239917936984,-0.3017816190374849,0.13184742148820067,0.45365466101694923,,False,,,0,0,0.375,0.898
U,Unity Software Inc.,Information Technology,XLK,18527744000.0,2026-09-16,42.130001068115234,-0.020460294995579997,-0.009637983981858778,-0.0986307326658783,-0.08261273600266628,0.4084887749718997,False,-0.08227168422364683,0.42992510808119855,-0.0903486888282079,0.38374889356630315,0.8942899707553376,0.6506171982980355,0.87943020871997,0.35358979261679063,0.6506171982980355,387992496.5760889,0.2784097066588061,43.51700019836426,36.81983346939087,31.42475004196167,False,True,True,True,True,False,dry_up,1,1,normal,False,False,,False,21.0,,0.04164830256453433,51.322397586289924,True,False,False,False,False,True,False,,Uptrend Under Pressure,45.45,-0.073,0.6123072153912029,0.9290615743084026,-0.1736511079013736,0.9536402902223358,0.5552536952043656,0.45333686440677967,,False,,,0,0,0.375,0.898
LYG,Lloyds Banking Group Plc,Financials,XLF,85015347200.0,2026-09-16,5.880000114440918,0.0,-0.006756750225933805,-0.029702942250534492,-0.01246004791564892,-0.023205412518863877,False,-0.01209291587585648,-0.00833919950483153,0.003432534633673434,-0.01280949569110168,0.9468599159937324,1.3608177696802481,1.1318049958747558,0.5362461163036735,1.3608177696802481,79069635.10887031,0.42127412749310106,5.964000010490418,5.960862040519714,5.613435713450114,False,False,True,True,True,False,distribution,2,7,normal,False,False,,False,66.0,분산7일,0.019070705565363773,44.5225329675737,True,False,True,True,False,True,False,,Uptrend Under Pressure,5.35,0.0996,0.45581623423164874,0.9550887806277483,0.16687239001277443,0.06876617358019566,0.7135737776010986,0.4528601694915254,,False,,,0,0,0.375,0.898
CNA,CNA Financial Corporation,Financials,XLF,13143087104.0,2026-09-16,48.08000183105469,-0.007021816413629756,0.01456008546725096,-0.044704945721096734,-0.027728648052241067,-0.07087397721187916,False,-0.027367192331974377,-0.05673325044222388,-0.012081784663516837,-0.06098539164925576,0.8775414576707674,1.4382362770120551,1.2709226187991585,0.9293683019077894,1.4382362770120551,19193396.865491487,0.48535730474810224,48.65550003051758,50.138936614990236,47.34727872212728,False,False,True,True,False,False,distribution,3,4,normal,False,False,,False,,분산4일,0.019498762671660806,42.18276260974576,False,False,False,False,False,True,False,,Uptrend Under Pressure,,,0.49237649701975084,0.9550887806277483,-0.016809533162407853,-0.05769066256885391,0.4764139351667811,0.45000000000000007,,False,,,0,0,0.375,0.898
MKL,Markel Group Inc.,Financials,XLF,22337980416.0,2026-09-16,1787.6500244140625,-0.002416297113740584,0.001069603744180414,-0.015117675665100583,0.002384409614011984,-0.09989148710325235,False,0.0027570602922768472,-0.08619238899197668,0.01851588555310779,-0.09031173169104689,0.8765783439894579,0.7586882917321927,0.8164613201850491,0.780637622712213,0.7586882917321927,110142992.04771729,0.43504190934625886,1802.330499267578,1881.8058288574218,1872.8610768636067,False,False,False,False,False,False,dry_up,1,0,normal,False,False,,False,56.0,,0.01538571425352262,40.84732288894297,True,True,True,False,False,True,False,,Uptrend Under Pressure,1920.06,-0.069,0.5134688840834636,0.9550887806277483,-0.2098303453286956,-0.21000318399912798,0.19045209786418996,0.4497351694915255,,False,,,0,0,0.375,0.898
WSM,"Williams-Sonoma, Inc.",Consumer Discretionary,XLY,26880546816.0,2026-09-16,218.1999969482422,-0.014764998665450224,-0.04096346320852651,-0.09606861303302494,-0.08000508561430886,-0.02428057049131993,False,-0.07966306440412452,-0.009430720720539743,-0.04536706799907142,0.04838360285295629,0.866629589348398,1.0515441902354046,0.9148610863576261,0.9578086366454608,1.0515441902354046,284510352.5329399,0.19119521239434026,229.78549880981444,231.70433705647787,212.01115188598632,False,False,True,True,False,False,distribution,2,4,normal,False,False,,False,30.0,분산4일,0.03490244749521439,36.128330854711116,True,False,False,False,False,True,False,,Uptrend Under Pressure,248.88,-0.1233,0.39120541024411076,0.8883820050871151,0.02579132809620055,0.1480452774260672,0.6512178815366267,0.4491525423728814,,False,,,0,0,0.375,0.898
SCHW,Charles Schwab Corporation (The,Financials,XLF,189915643904.0,2026-09-16,105.16000366210938,-0.024399269237218357,-0.012952855655709361,-0.05838105860718057,-0.04164779555079057,0.02599723898967876,False,-0.04129151447181567,0.041612286106147645,-0.026224934441842374,0.036916814198991954,0.9252969841638207,1.2454149575410907,0.9211712901165444,0.5601156282345328,1.2454149575410907,845176973.3616775,0.34780029844098925,109.03750038146973,104.41670659383138,97.6626454035441,False,True,True,True,True,False,distribution,1,2,normal,False,False,,False,12.0,,0.020414475145309013,41.56814929760668,True,False,False,True,False,True,False,,Uptrend Under Pressure,110.16,-0.0454,0.2863445639472031,0.9550887806277483,0.028715460058421405,0.023253014037397435,0.5775134617469553,0.448146186440678,,False,,,0,0,0.375,0.898
VTR,"Ventas, Inc.",Real Estate,XLRE,46765318144.0,2026-09-16,88.20999908447266,-0.003952105733624589,-0.013090156689399168,-0.03278506539278081,-0.015596942659277024,-0.07017816719298242,False,-0.015230976804774699,-0.056026850622676205,0.00833455220463497,-0.016733976056705235,0.8774495191045263,0.933561111872949,1.0046877707033643,0.6833542561203165,0.933561111872949,274831640.07734334,0.17800892361402373,91.31599922180176,92.07151845296224,88.1585511525472,False,False,True,True,False,False,dry_up,0,5,normal,False,False,,False,51.0,분산5일,0.02146662573240959,36.7702452354727,True,False,True,False,False,True,False,,Uptrend Under Pressure,92.21,-0.0434,0.7550341040730689,0.9304499659860984,0.1324914686376244,-0.09432587444069762,0.56681724549167,0.4467690677966102,,False,,,0,0,0.375,0.898
APP,Applovin Corporation,Communication Services,XLC,104833286144.0,2026-09-16,326.55999755859375,-0.014783062881809195,0.07047793933018176,0.06281321089487246,0.08170018550415992,-0.3866920517276835,False,0.08210232295157183,-0.3773578818632425,0.03911156732264498,-0.39232930226535334,0.6253782261653082,0.7835481051327717,1.0536783620513506,0.8143755542424241,0.7835481051327717,1415917950.5937011,0.31641072656429065,314.88649597167966,388.4171651204427,432.50775044759115,True,False,False,False,False,False,dry_up,1,1,normal,False,False,,False,64.0,,0.044571775464038954,47.31948481704084,True,True,True,False,False,True,False,,Uptrend Under Pressure,520.86,-0.373,0.676368124827115,0.9464981965192371,-0.5550285561573518,-0.41316016280456735,0.01681453507281992,0.4457627118644068,,False,,,0,0,0.375,0.898
SYF,Synchrony Financial,Financials,XLF,25079584768.0,2026-09-16,74.87999725341797,-0.015514072351458519,-0.031932789520732974,-0.07073721082294637,-0.054223525704405806,-0.0125658117647649,False,-0.05387191983219475,0.0024623294307111188,-0.03900304712100777,-0.0020566588421904175,0.9244444105360243,0.8425822906490644,0.844797861078478,0.8287994333969156,0.8425822906490644,251788038.11686668,0.4432624593166551,78.02149963378906,76.59759572347005,74.38459014892578,False,False,True,True,True,False,dry_up,1,0,normal,False,False,,False,17.0,,0.027520222386611694,40.01231687991144,True,False,False,True,False,True,False,,Uptrend Under Pressure,79.47,-0.0578,0.44707384099624536,0.9550887806277483,-0.08952130129241098,0.07931587048629907,0.5177893823858913,0.44539194915254243,,False,,,0,0,0.375,0.898
KKR,KKR & Co. Inc.,Financials,XLF,101336350720.0,2026-09-16,96.83999633789062,-0.031600036621093786,-0.06965126578029157,-0.09655756943538918,-0.0805027311325609,0.01122823155984043,False,-0.08016089492918443,0.026618503464333587,-0.06570516651908986,0.021990621855521697,0.8398958696854453,1.163641511961081,1.033232091974324,0.8885339811685652,1.163641511961081,367479713.85230714,0.33203228562170445,105.9145004272461,101.86643384297689,99.33070933024088,False,False,True,True,True,False,distribution,0,4,normal,False,False,,False,23.0,분산4일,0.034320166538429626,34.948017150607015,True,False,False,False,False,True,False,,Uptrend Under Pressure,115.3,-0.1601,0.4222265062770683,0.9550887806277483,-0.3588942979163994,0.06040449278456794,0.32745202558635395,0.44491525423728817,,False,,,0,0,0.375,0.898
AEP,American Electric Power Company,Utilities,XLU,66650570752.0,2026-09-16,120.69000244140625,0.0006633100957618154,-0.031924246298180026,-0.044796170170703364,-0.02782149362759745,-0.12319930057806183,False,-0.02746007242399573,-0.10985493305646055,0.01762036149313495,-0.022034080209422324,0.894840812589864,1.2152759634502226,0.9587012476350044,0.8818020401522333,1.2152759634502226,409381428.5815811,0.37805059593036777,123.2314998626709,128.28291867574055,128.98589153289794,False,False,False,False,False,False,accumulation,2,2,normal,False,False,,False,55.0,,0.015997300186140498,34.76432724336493,True,False,True,False,False,True,False,,Uptrend Under Pressure,136.93,-0.1186,0.3561921433821826,0.8773219778194903,0.011577975696958509,-0.17005509094574522,0.4075168949441653,0.4441737288135593,,False,,,0,0,0.375,0.898
NTRS,Northern Trust Corporation,Financials,XLF,33949249536.0,2026-09-16,176.63999938964844,-0.011748942816251273,-0.04358656638337377,-0.06877340076787342,-0.05222481729629458,-0.02981980598541456,False,-0.05187246837577075,-0.015054259972911987,-0.03697217329184088,-0.01949428541621656,0.9268979692167757,1.1570025258435708,1.0699271025347812,0.8906082527815093,1.1570025258435708,175473234.5930519,0.38804712435376454,184.24506759643555,182.59445241292318,171.5595984141032,False,False,True,True,True,False,distribution,1,3,normal,False,False,,False,102.0,분산3일,0.023643685695073188,37.05829817293796,True,False,False,True,False,True,False,,Uptrend Under Pressure,170.14,0.0382,0.3034186427377343,0.9550887806277483,0.26388793443054515,0.21436531241164936,0.8286807487983809,0.4440677966101696,,False,,,0,0,0.375,0.898
BXP,"BXP, Inc.",Real Estate,XLRE,12297856000.0,2026-09-16,64.04000091552734,0.003132844023518544,-0.003888629591536019,-0.03248226992863712,-0.015288766296415957,-0.07418627609580586,False,-0.014922685872962527,-0.06009596047851118,0.008650220540412645,-0.020972462576766437,0.8776209379774252,1.396084939621229,0.9877995902538221,0.6835120208157565,1.396084939621229,79708146.48284225,0.6918252724869185,67.16399974822998,67.88517061869304,62.98690067927043,False,False,True,True,False,False,accumulation,1,3,normal,False,False,,False,29.0,분산3일,0.02294322355733977,38.12229934691033,True,False,True,False,False,True,False,,Uptrend Under Pressure,70.01,-0.0853,0.3383667372443175,0.9304499659860984,-0.24261904495607178,0.10291443428397273,0.4110684471106935,0.44247881355932206,,False,,,0,0,0.375,0.898
BTSG,"BrightSpring Health Services, I",Health Care,XLV,11555271680.0,2026-09-16,58.959999084472656,0.0020394108017263157,-0.048878891949548975,-0.009075645639115004,0.00853381096970951,-0.16681955679770255,False,0.008908747775496328,-0.15413906275472078,0.0025009366921457943,-0.17643257220880482,0.8086681679199201,0.7453099598284292,1.1163226641544612,1.0592921855193498,0.7453099598284292,132104597.77469254,0.14049446080316777,59.753000259399414,64.64208335876465,58.98912515640259,False,False,False,True,False,False,weak_rally,3,1,normal,False,False,,False,61.0,,0.037052969778653834,45.204640590395925,True,True,True,False,True,True,False,,Uptrend Under Pressure,66.25,-0.11,0.459246975970099,0.9549750185957814,0.8793438822352038,0.23851618027736432,0.9309611145242311,0.44216101694915255,,False,,,0,0,0.375,0.898
NFLX,"Netflix, Inc.",Communication Services,XLC,337487331328.0,2026-09-16,76.41000366210938,-0.019127058210320347,0.00499809139699714,-0.017487373532994455,-2.7399532706695595e-05,-0.005414061292237871,False,0.00034435452116365894,0.009722925147991113,-0.03939824539553616,-0.014555847459421067,0.9236069208463952,0.9471974917329915,0.9488052344433432,0.5370269773882977,0.9471974917329915,2122162919.783606,0.06711794283607615,79.57800025939942,75.47349967956544,82.7493330637614,False,True,False,False,False,False,dry_up,1,3,normal,False,False,,False,105.0,분산3일,0.02961467159014849,45.649634293198886,True,False,False,True,False,True,False,,Uptrend Under Pressure,107.79,-0.2911,0.3128173453064267,0.9464981965192371,-0.46507604004047787,-0.3042862937406131,0.04507787936829172,0.44062500000000004,,False,,,0,0,0.375,0.898
NOK,Nokia Corporation Sponsored,Information Technology,XLK,56770260992.0,2026-09-16,10.140000343322754,0.03048782378890147,-0.057620805982409484,-0.02406159689500542,-0.006718451692517058,-0.15149839159083567,False,-0.0063491851325677695,-0.13858471883402035,-0.015094390079437803,-0.16640218744460056,0.78604656148649,1.790278014497633,1.358342863105256,1.3121068115098684,1.790278014497633,742527990.7734871,0.458334326745027,10.225500059127807,10.679833316802979,11.585000002384186,False,False,False,True,False,False,accumulation,5,2,interest,True,False,surge,False,6.0,,0.048675687286037134,48.561785546120845,True,False,False,False,False,True,False,,Uptrend Under Pressure,10.65,-0.0479,0.3360590094414953,0.9290615743084026,1.004333248223471,0.08878787067243388,0.8714638068736222,0.44036016949152545,,False,,,0,0,0.375,0.898
LAMR,Lamar Advertising Company,Real Estate,XLRE,15131917312.0,2026-09-16,147.52999877929688,-0.001961903196810111,-0.008734818489309126,-0.02761667814193569,-0.010336709355167728,-0.086147040258031,False,-0.009968787934028778,-0.07223876011689989,0.013722665288638636,-0.033620706150065405,0.897766671547721,1.0680536985355678,0.9646109790864553,0.6879913420626035,1.0680536985355678,66366417.294093326,0.5166550487950607,150.3909996032715,155.40583368937175,148.15380611419678,False,False,False,True,False,False,distribution,0,2,normal,False,False,,False,34.0,,0.016058460499267714,37.19483727606546,True,False,True,False,False,True,False,,Uptrend Under Pressure,164.33,-0.1022,0.5093798953502947,0.9304499659860984,0.059950930458455565,-0.008457314621968526,0.5838404828159445,0.439406779661017,,False,,,0,0,0.375,0.898
FTI,TechnipFMC plc,Energy,XLE,30647646208.0,2026-09-16,72.77999877929688,-0.02921171676333756,-0.06464463355764927,-0.07037938525732812,-0.053859341314581255,0.060245400035884966,False,-0.053507600051637016,0.07638168310510896,-0.07546084399345787,-0.08756796510784093,0.9088411228166718,1.267837874231618,1.1456837074448376,0.8109143094984749,1.267837874231618,197471111.22385406,0.2451418222956144,76.77799911499024,73.18848012288412,72.17686716715495,False,False,True,True,True,False,distribution,1,4,normal,False,False,,False,143.0,분산4일,0.034433517521430625,41.63001168222024,True,False,False,True,False,True,False,,Uptrend Under Pressure,63.36,0.1487,0.37428272647387534,0.971181533185436,0.7349131575984411,0.05551528538399153,0.8357811427125872,0.4383474576271187,,False,,,0,0,0.375,0.898
ORLY,"O'Reilly Automotive, Inc.",Consumer Discretionary,XLY,71835721728.0,2026-09-16,83.68000030517578,-0.017379089869533404,-0.027881058025408523,-0.07800795134874094,-0.06162347265169932,-0.04239553377804761,False,-0.0612746178151411,-0.027821382610037304,-0.026293383130803094,0.0289195746684896,0.8946862118819848,1.3447977411180667,1.0452153076430053,0.8378414336923278,1.3447977411180667,467824038.6721554,0.12182625129738354,87.73100051879882,88.53316739400228,90.00208333333333,False,False,False,False,False,False,distribution,2,4,normal,False,False,,False,56.0,분산4일,0.020050872181527384,34.88716009489522,True,False,False,False,False,True,False,,Uptrend Under Pressure,89.55,-0.0656,0.4751696456636764,0.8883820050871151,-0.28190766343717577,-0.12832881909764438,0.2162308915471071,0.4383474576271187,,False,,,0,0,0.375,0.898
SKM,"SK Telecom Co., Ltd.",Communication Services,XLC,14737465344.0,2026-09-16,35.349998474121094,-0.00674351439836518,-0.05278674267985961,-0.0796667895195835,-0.06331178960027284,0.12891402905968974,False,-0.06296356241958212,0.14609540643997243,-0.10019100722677976,0.11853755956304113,0.8773888724459565,0.632734607461214,0.5879557437859078,0.49811110212473175,0.632734607461214,61223090.76794624,0.2677165590842327,38.13649978637695,34.93633302052816,35.92441639900208,False,True,False,True,False,False,dry_up,2,1,normal,False,False,,False,37.0,,0.031683154885040324,42.00610239219264,True,False,False,False,False,True,False,,Uptrend Under Pressure,35.67,-0.009,0.5917036926875706,0.9464981965192371,0.5450436876879061,0.15914369345082124,0.8761293411875248,0.4379237288135593,,False,,,0,0,0.375,0.898
DHI,"D.R. Horton, Inc.",Consumer Discretionary,XLY,40433614848.0,2026-09-16,138.32000732421875,-0.01340934140474681,-0.0043905951466218784,-0.05052159336623907,-0.0336486618159626,-0.11658246890635615,False,-0.033289406945114064,-0.10313739727524174,0.002734685690776173,-0.050792240001018785,0.8984084141138171,1.8103373277049006,1.3818048053500371,0.9987563152910846,1.8103373277049006,301613710.38238525,0.14022325136188962,143.66850051879882,148.50303548177084,147.34375165303547,False,False,False,True,False,False,distribution,4,3,interest,False,False,,False,61.0,분산3일,0.026140217144294393,41.618765215350535,True,False,True,False,False,True,False,,Uptrend Under Pressure,157.34,-0.1209,0.3907338487450272,0.8883820050871151,-0.26201587246113733,-0.09335538636429619,0.2497542553575946,0.4372881355932204,,False,,,0,0,0.375,0.898
SHOP,Shopify Inc.,Information Technology,XLK,191235358720.0,2026-09-16,129.9600067138672,0.0007701070618018058,0.02500201731563867,-0.11338514742511319,-0.09762934759392772,0.057329510877261125,False,-0.09729387845410442,0.07342141590640083,-0.10523867145542276,0.038757686116880796,0.8197817934433697,0.802546267795829,1.121883252616847,0.8229483284942459,0.802546267795829,1064320734.1580589,0.33251401855109064,141.71149978637695,132.51633338928224,123.37875016530354,False,False,True,True,True,False,weak_rally,1,4,normal,False,False,,False,27.0,분산4일,0.048525368741889494,41.750774814833484,True,False,False,False,False,True,False,,Uptrend Under Pressure,151.57,-0.1426,0.4592017195855322,0.9290615743084026,-0.14966768456590818,0.004441573993460013,0.4149217592425283,0.43707627118644066,,False,,,0,0,0.375,0.898
LMT,Lockheed Martin Corporation,Industrials,XLI,129526685696.0,2026-09-16,537.25,0.00710452118479088,0.02438694560404575,-0.10968419155349884,-0.09386262300692594,0.0012102025749265444,False,-0.09352575353359915,0.01644800623811382,-0.03126505261434309,0.0915121699591841,0.8881071107761851,0.8505514383621058,0.9204582365460663,0.7460863649325783,0.8505514383621058,584418310.2180908,0.6933905239360431,545.9690216064453,546.585232035319,544.800722249349,False,False,True,False,False,False,weak_rally,2,2,normal,False,False,,False,29.0,,0.021753404795294834,44.84583092961952,True,False,False,False,False,True,False,,Uptrend Under Pressure,574.05,-0.0641,0.48732205829601005,0.904562820667949,0.08210582495866237,-0.18896720115946875,0.4470736511148856,0.4365995762711865,,False,,,0,0,0.375,0.898
SW,Smurfit WestRock plc,Materials,XLB,24600125440.0,2026-09-16,44.58000183105469,0.01990397540161659,0.05639812855656112,-0.05750523149849618,-0.04075640434844008,-0.008705026629066692,False,-0.04039979188209253,0.006381873342270916,-0.030929758319538925,0.02252903432818587,0.8855613261588476,1.2457163872028585,0.969617978625494,0.6548338269601188,1.2457163872028585,203548634.63559723,0.37988905393223465,46.180000114440915,46.0257765452067,43.03922443389892,False,False,True,True,True,False,accumulation,1,1,normal,False,False,,False,35.0,,0.03291835697379587,45.02919952959131,True,False,False,False,False,True,False,,Uptrend Under Pressure,50.34,-0.1144,0.48300961982326607,0.938326855384374,-0.06348765829364589,0.05137328079666825,0.5274818401937046,0.43644067796610175,,False,,,0,0,0.375,0.898
DOCN,"DigitalOcean Holdings, Inc.",Information Technology,XLK,13014881280.0,2026-09-16,123.76000213623047,0.05014852557174332,-0.06715908762860334,-0.011896190529098072,0.005663142916808139,-0.10449906418734045,False,0.006037012510867745,-0.09087009056619666,-0.0028172044101119065,-0.1202283957548198,0.8673956300057878,0.8097927817707322,0.9448144489829233,0.8234303437357953,0.8097927817707322,275455191.4953701,0.7265198464425829,117.008500289917,126.02133267720541,128.16833273569742,True,False,False,True,False,False,weak_rally,2,2,normal,False,False,,False,5.0,,0.07151572223540728,52.11635737349399,True,True,False,False,False,True,False,,Uptrend Under Pressure,132.67,-0.0672,0.371055296601107,0.9290615743084026,2.0947764591598625,0.505630860241465,0.9764383289364316,0.4363877118644068,,False,,,0,0,0.375,0.898
ITW,Illinois Tool Works Inc.,Industrials,XLI,78425374720.0,2026-09-16,267.3299865722656,-0.004728293009645501,0.012651980989602407,-0.06087970514612384,-0.04419084488154601,-0.022161236915996474,False,-0.043835509217373114,-0.007279132191326809,0.02183813967259174,0.06603279453112743,0.8991321807709701,1.1039735099030252,1.145927369071445,0.44430799497542267,1.1039735099030252,294235787.67792815,0.43194910102147077,274.46400146484376,277.8381286621094,267.44738451639813,False,False,True,True,False,False,distribution,3,5,normal,False,False,,False,35.0,분산5일,0.01916303934290733,37.30462579942613,True,False,True,False,False,True,False,,Uptrend Under Pressure,295.16,-0.0943,0.5350877660226688,0.904562820667949,-0.05568280251498303,-0.061913740613302126,0.44616656427306567,0.43628177966101694,,False,,,0,0,0.375,0.898
BABA,Alibaba Group Holding Limited,Consumer Discretionary,XLY,283410792448.0,2026-09-16,107.2699966430664,-0.018931770295906647,-0.01946987982727444,-0.162934047974159,-0.14805876864930023,0.08384026365302555,False,-0.14774204736487118,0.10033564603859002,-0.11598298766699222,0.16455645563789467,0.810686144992622,0.5434012283929422,0.5618488566548182,0.7434949964262281,0.5434012283929422,1415687581.20577,0.31979536195064523,115.06049919128418,114.5258332570394,120.72886708577474,False,False,False,False,False,False,dry_up,0,0,normal,False,False,,False,18.0,,0.024651421986631648,33.72584782759344,True,False,False,False,False,True,False,,Uptrend Under Pressure,130.53,-0.1782,0.4383335974531555,0.8883820050871151,-0.3262990060010339,-0.20419448437911025,0.12688554804669147,0.4361758474576271,,False,,,0,0,0.375,0.898
AMZN,"Amazon.com, Inc.",Consumer Discretionary,XLY,2801960484864.0,2026-09-16,245.9600067138672,-0.00990255000889717,-0.025515005302489735,-0.051994622695949455,-0.03514786796325842,-0.008488464829854658,False,-0.034789170443643824,0.006601731078908379,0.0011790340913078179,0.06535178461637403,0.8659954095767091,1.031018019635863,0.9762046370812058,0.42721353424944275,1.031018019635863,8212182189.533856,0.33467873425665573,257.1859985351563,252.64699935913086,251.09058316548666,False,False,True,True,True,False,distribution,0,4,normal,False,False,,False,31.0,분산4일,0.024269323486594035,39.44670222176182,True,False,True,False,False,True,False,,Uptrend Under Pressure,284.02,-0.134,0.604748488766561,0.8883820050871151,-0.04478973752665827,0.048586865452890704,0.5392197607603628,0.4353283898305085,,False,,,0,0,0.375,0.898
TOST,"Toast, Inc.",Financials,XLF,19704020992.0,2026-09-16,31.1200008392334,-0.022613043652764286,-0.04098612919679878,-0.10958511702716012,-0.09376178785318423,0.04215963542864842,False,-0.09342488089295298,0.058020664281051015,-0.079177602610354,0.053251225236804256,0.8417635870081135,0.9879664933372712,0.8785518054315776,0.7784938259515501,0.9879664933372712,278656979.1517315,0.2037048483746033,34.178500175476074,32.00483341217041,29.019166628519695,False,False,True,True,True,False,dry_up,0,3,normal,False,False,,False,29.0,분산3일,0.04049302614292483,36.98690644509516,True,False,False,False,False,True,False,,Uptrend Under Pressure,34.8,-0.1057,0.36323058193179736,0.9550887806277483,-0.2781153763290014,0.04393279365395797,0.3560776625347837,0.4340042372881356,,False,,,0,0,0.375,0.898
STLA,Stellantis N.V.,Consumer Discretionary,XLY,20682606592.0,2026-09-16,4.920000076293945,-0.037182006312353355,-0.06994326809588014,-0.025742595946714353,-0.008429323337154071,-0.1365250977791781,False,-0.008060692818101733,-0.12338354069726665,0.02890353799494827,-0.07222004442485463,0.8186355888391229,1.5760854172438536,1.0724228639890458,0.8017254900391242,1.5760854172438536,115899950.28728351,0.2,5.312000012397766,5.5388333638509115,6.531416670481364,False,False,False,False,False,False,distribution,1,4,interest,False,False,,False,34.0,분산4일,0.034407656387493935,36.480519023107966,True,False,True,False,False,True,False,,Uptrend Under Pressure,6.01,-0.1814,0.2853163101030903,0.8883820050871151,-0.5502136676122994,-0.3410718262533454,0.02762368544685772,0.4338453389830509,,False,,,0,0,0.375,0.898
AFL,AFLAC Incorporated,Financials,XLF,58080620544.0,2026-09-16,116.80999755859375,-0.006295240101680255,0.01804078554439159,-0.03558458628015437,-0.018446213097536912,-0.04180410262044587,False,-0.01808130649989359,-0.027220950233873387,-0.002649966523388003,-0.0316061295956892,0.9062005927333112,1.1362203574860892,0.9128208515429365,0.578055345704512,1.1362203574860892,253134161.80897522,0.34020505035807125,116.46899948120117,120.27146644592285,116.81385695139566,True,False,True,True,False,False,distribution,2,2,normal,False,False,,False,42.0,,0.015177253473895261,46.3553042556571,True,False,False,True,False,True,False,,Uptrend Under Pressure,124.1,-0.0587,0.29483928168194434,0.9550887806277483,-0.041016813673502184,-0.04114288682507894,0.47652415886668353,0.4310381355932203,,False,,,0,0,0.375,0.898
ONB,Old National Bancorp,Financials,XLF,9786140672.0,2026-09-16,25.309999465942383,-0.019372336704608473,-0.003935473517128418,-0.04530937680019875,-0.028343820317401902,-0.045098234361168776,False,-0.027982593296185132,-0.030565216634208303,-0.012706856959542767,-0.034935320416422666,0.9326512259483348,1.818878003438398,1.208237500854057,0.6951193023735064,1.818878003438398,88244811.15337572,0.4782599080786823,25.62131233215332,26.07601842880249,24.7641441822052,False,False,True,True,False,False,distribution,5,3,interest,False,False,,False,56.0,분산3일,0.020089570453301866,41.75367624060867,True,False,False,True,False,True,False,,Uptrend Under Pressure,25.74,-0.0165,0.35496892113974626,0.9550887806277483,0.05799206213393737,0.0969560597131609,0.6520364280293448,0.4302436440677967,,False,,,0,0,0.375,0.898
MMM,3M Company,Industrials,XLI,88616583168.0,2026-09-16,162.64999389648438,-0.012266984240738799,-0.01064476925164548,-0.09714815693183354,-0.08110381380439036,0.025178707339507778,False,-0.08076220106205645,0.04078129690755672,-0.017624842337908952,0.11764246165915049,0.8888998408984339,1.0408559000692166,1.1727214957996794,0.5340582860116168,1.0408559000692166,473194166.29395294,0.262294569377392,171.18481826782227,169.88819427490233,159.26919492085776,False,False,True,True,True,False,distribution,2,5,normal,False,False,,False,40.0,분산5일,0.022651593136647215,34.1278499670229,True,False,False,False,False,True,False,,Uptrend Under Pressure,170.02,-0.0433,0.5406246886630408,0.904562820667949,-0.01319770439873913,0.049418596570844686,0.5605363015431318,0.4301906779661017,,False,,,0,0,0.375,0.898
SE,Sea Limited,Consumer Discretionary,XLY,69504745472.0,2026-09-16,103.5,0.00828055003883077,-0.04792566579293456,-0.10975401601385337,-0.09393368829943838,-0.0153527720968889,False,-0.09359684524564582,-0.00036704672403320426,-0.05982008574087028,0.05797627587271115,0.7870124273681727,0.7698777967338287,0.8509692976088086,0.9024671655364289,0.7698777967338287,400431323.97687227,0.3598619844877745,113.22299995422364,109.44866714477538,98.1907501856486,False,False,True,True,True,False,weak_rally,0,2,normal,False,False,,False,25.0,,0.03773223160874687,37.94065283718491,True,False,False,False,False,True,False,,Uptrend Under Pressure,131.51,-0.213,0.43155318508545953,0.8883820050871151,-0.46942724742283715,0.17766639686471497,0.3615951718405551,0.42891949152542375,,False,,,0,0,0.375,0.898
SWK,"Stanley Black & Decker, Inc.",Industrials,XLI,14553474048.0,2026-09-16,89.05000305175781,0.0053059518061373545,-0.028686706420849473,-0.08714436680523263,-0.07092224894919086,-0.003359601778305743,False,-0.07057685106513623,0.011808652272487619,-0.00673991700016896,0.08653020208364981,0.8637018283203513,1.090212760440089,1.1519193492583033,0.5408302541871539,1.090212760440089,149816509.31374055,0.4561798138083563,94.67788124084473,93.53492914835611,84.36135692596436,False,False,True,True,True,False,accumulation,2,4,normal,False,False,,False,26.0,분산4일,0.030127087714873085,35.3798849467173,True,False,False,False,False,True,False,,Uptrend Under Pressure,101.75,-0.1249,0.46967015111292865,0.904562820667949,0.10880985294513779,0.2237201324989193,0.7486989989519715,0.42876059322033894,,False,,,0,0,0.375,0.898
WCN,"Waste Connections, Inc.",Industrials,XLI,41589428224.0,2026-09-16,156.5,-0.018624200150301085,-0.029457364341085257,-0.05455203797431718,-0.03775073039728116,-0.10070517122600753,False,-0.037393000528841425,-0.08701845688676557,0.028723148639746787,-0.01959523837881083,0.8996367992759668,1.0134693054240218,0.977239298911875,0.7523012086583211,1.0134693054240218,155566151.87363893,0.1004458431681091,164.2964988708496,166.58619969685873,161.85284105936685,False,False,True,False,False,False,distribution,3,1,normal,False,False,,False,188.0,,0.018662710812253964,31.58317948081617,True,False,True,False,True,True,False,,Uptrend Under Pressure,175.33,-0.1074,0.3637251877579541,0.904562820667949,-0.19973786270823657,-0.14321742127865011,0.25533952513461744,0.42865466101694927,,False,,,0,0,0.375,0.898
WPC,W. P. Carey Inc. REIT,Real Estate,XLRE,15937394688.0,2026-09-16,66.58999633789062,-0.025322063300077247,-0.04803432104275451,-0.06264082939593651,-0.04598326560815158,-0.0731314252462556,False,-0.04562859630190774,-0.059025055447632924,-0.02279048252104854,-0.019856981132800433,0.8683008764899653,1.4572687387636452,1.1970506952626225,0.9179398035600427,1.4572687387636452,84793931.93244629,0.13513433899792918,70.25949974060059,71.87139650980632,71.9251132329305,False,False,False,True,False,False,distribution,4,4,normal,False,False,,False,265.0,분산4일,0.0166691714437474,23.211922171610283,True,False,False,False,False,True,False,,Uptrend Under Pressure,62.44,0.0664,0.41912566647064226,0.9304499659860984,-0.06945685664597334,-0.11533737069048133,0.39313541252574896,0.42828389830508484,,False,,,0,0,0.375,0.898
TRU,TransUnion,Industrials,XLI,16268756992.0,2026-09-16,74.66000366210938,-0.030641302049050245,-0.031018809798657232,-0.05911810217498692,-0.04239793692638505,-0.058857379728936676,False,-0.04204193472314888,-0.04453376773430695,0.023754904875870064,0.026026923268656965,0.871483661233146,1.0152854935589632,1.0186809415598561,0.5703740270213401,1.0152854935589632,164804605.85545653,0.2870735669528893,81.67425003051758,78.615904490153,74.22624340057374,False,False,True,True,True,False,distribution,1,7,normal,False,False,,False,35.0,분산7일,0.040076910284269164,36.31392725705449,True,False,True,False,False,True,False,,Uptrend Under Pressure,83.67,-0.1077,0.34143306529525624,0.904562820667949,-0.25036491796134064,-0.0757199023477626,0.2765142206642333,0.4270127118644068,,False,,,0,0,0.375,0.898
PCAR,PACCAR Inc.,Industrials,XLI,65337679872.0,2026-09-16,118.22000122070312,-0.03462353336165547,-0.030029505375724797,-0.0765505602616664,-0.06014018265014476,-0.05562890239585139,False,-0.05979077637940622,-0.04125615496132473,0.004786993481744828,0.02954658606318028,0.8576299479400165,1.1668765109208048,0.9929499338154669,0.7077418648061455,1.1668765109208048,288490393.098143,0.18597586505270797,124.94249954223633,126.45069872538248,121.77538935343425,False,False,True,True,False,False,distribution,2,2,normal,False,False,,False,30.0,,0.022856892827926686,29.955098571563212,True,False,True,False,False,True,False,,Uptrend Under Pressure,135.6,-0.1282,0.4119508442149909,0.904562820667949,0.11008567331950947,-0.015517960834928624,0.6218125474323299,0.4269597457627119,,False,,,0,0,0.375,0.898
INFY,Infosys Limited,Information Technology,XLK,48846610432.0,2026-09-16,11.079999923706055,-0.021201393779886613,0.013723660964514606,-0.0633981407300841,-0.04675403492324326,-0.02512510126195311,False,-0.04639965216146813,-0.010288104730220016,-0.05479236955723388,-0.04224862386904893,0.8793650466868976,0.7436469802892914,1.0930518719642688,0.867306415778795,0.7436469802892914,179871304.50815552,0.33333181956485214,11.657499933242798,11.57333329518636,12.042697787284851,False,False,False,False,False,False,dry_up,2,4,normal,False,False,,False,35.0,분산4일,0.032233128516320556,41.09493002147335,True,False,False,False,False,True,False,,Uptrend Under Pressure,12.35,-0.1028,0.38948372109082446,0.9290615743084026,-0.3975240131600585,-0.223375284282622,0.0930730728921976,0.4264300847457627,,False,,,0,0,0.375,0.898
TRGP,"Targa Resources, Inc.",Energy,XLE,62967668736.0,2026-09-16,284.7699890136719,-0.003185395146457215,-0.022685207489783088,-0.04365785834583591,-0.026662953162068348,0.03610977570982654,False,-0.026301101254550874,0.05187872941722116,-0.048885381330341926,-0.10833873838021058,0.9421670438831162,0.975885722056371,0.7911764569973522,0.6306609844672436,0.975885722056371,333247965.2870712,0.4893614430939675,292.13500061035154,278.1268997192383,265.8195095062256,False,True,True,True,True,False,dry_up,0,0,normal,False,False,,False,18.0,,0.023259391187619737,48.106658647623064,True,False,False,True,False,True,False,,Uptrend Under Pressure,302.25,-0.0578,0.5544559066881125,0.971181533185436,0.47057567542098155,0.006274722863340854,0.7692846301181743,0.4263771186440678,,False,,,0,0,0.375,0.898
ITT,ITT Inc.,Industrials,XLI,17994016768.0,2026-09-16,194.5,-0.017627180142103516,-0.018964968279096217,-0.1047542847896149,-0.08884510816391655,0.046634743604069495,False,-0.08850637335799727,0.06256388085126563,-0.025900918984209653,0.14103367825045554,0.8865298943807781,1.366179229481929,1.1433538742729417,0.5045261040961715,1.366179229481929,127872770.90602723,0.22136150066095753,202.62723388671876,199.99954477945963,200.54956092834473,False,False,True,True,False,False,distribution,3,3,normal,False,False,,False,28.0,분산3일,0.030292887531564443,41.16375290671708,True,False,False,False,False,True,False,,Uptrend Under Pressure,214.0,-0.0911,0.3047222933047921,0.904562820667949,0.03885201976465136,0.011711570750279954,0.5769388529507427,0.42611228813559326,,False,,,0,0,0.375,0.898
GLPI,"Gaming and Leisure Properties, ",Real Estate,XLRE,12600015872.0,2026-09-16,40.349998474121094,-0.0066469833792076605,-0.00785833609253661,-0.021533368386348894,-0.00414529469862901,-0.07357178991996716,False,-0.003775071530925378,-0.05947212220090892,0.020064597364793713,-0.020322657035998337,0.894889822267562,0.8546875427396143,0.8919423010264953,0.510611050760686,0.8546875427396143,178790396.87570953,0.013696339456013378,41.39101848602295,42.69038518269857,43.90973389943441,False,False,False,False,False,False,dry_up,1,0,normal,False,False,,False,137.0,,0.017144607468912484,38.655362586564884,True,False,True,False,False,True,False,,Uptrend Under Pressure,47.21,-0.1454,0.38967381447526495,0.9304499659860984,-0.2127027706669372,-0.22014433519455412,0.18025821256911567,0.4250529661016949,,False,,,0,0,0.375,0.898
GWW,"W.W. Grainger, Inc.",Industrials,XLI,61678215168.0,2026-09-16,1258.260009765625,-0.008877316228188659,-0.016084973761893107,-0.04250752256956658,-0.025492175070652823,-0.07837688600767201,False,-0.02512988790970805,-0.06435034889653102,0.04182854661899427,0.004746897755493196,0.8992084475990845,1.1449060201431378,1.152690133178582,0.5093857175080966,1.1449060201431378,296872027.97406006,0.24698641837733265,1298.5774963378906,1330.7860758463542,1268.3476603190104,False,False,False,True,False,False,distribution,1,7,normal,False,False,,False,58.0,분산7일,0.01997601313707404,37.53109359880324,True,False,True,False,False,True,False,,Uptrend Under Pressure,1339.95,-0.061,0.36608512317322234,0.904562820667949,0.10994128145971493,0.07216009423507086,0.6792237360413429,0.4227224576271187,,False,,,0,0,0.375,0.898
CSCO,"Cisco Systems, Inc.",Information Technology,XLK,435489112064.0,2026-09-16,107.73999786376953,-0.021168364109337312,-0.015443684882511244,-0.03467433675672871,-0.017519787768747963,-0.044331948807720734,False,-0.017154536759296346,-0.029787268685806834,-0.0258046428916886,-0.06111810619125113,0.8697126271594011,1.1169279900998719,0.9973491240047546,0.6975189322345321,1.1169279900998719,1531182485.412103,0.05523113329947415,110.02499961853027,113.94253756205241,107.529740524292,False,False,False,True,False,False,distribution,1,1,normal,False,False,,False,24.0,,0.0208239289007344,41.11941233074556,True,False,False,False,False,True,False,,Uptrend Under Pressure,123.88,-0.1303,0.5161064111799754,0.9290615743084026,0.4546314267451117,0.24120734718306136,0.8891673593292617,0.4224576271186441,,False,,,0,0,0.375,0.898
AMX,"America Movil, S.A.B. de C.V.",Communication Services,XLC,69019435008.0,2026-09-16,22.979999542236328,-0.00948281092535841,-0.005194841439468578,-0.027507390673524923,-0.01022547976784094,-0.1181782160713265,False,-0.009857516995519067,-0.1047574307308764,-0.04919480758422945,-0.12628352489633754,0.8747620533613262,0.6327711183855865,0.9332367971110529,1.2287452703914963,0.6327711183855865,78146506.73787269,0.279998779296875,23.235500049591064,24.55997969309489,25.226137336095174,False,False,False,False,False,False,dry_up,3,1,normal,False,False,,False,139.0,,0.018447729077662102,39.01322140900296,True,False,False,False,True,True,False,,Uptrend Under Pressure,25.12,-0.0852,0.4623648601305434,0.9464981965192371,-0.008665117645068277,-0.1297783073906167,0.42285696216255286,0.42203389830508475,,False,,,0,0,0.375,0.898
BNY,The Bank of New York Mellon Cor,Financials,XLF,109429145600.0,2026-09-16,153.47000122070312,-0.007758433842686374,-0.0556273065762275,-0.06380767353394423,-0.04717084542706884,-0.0008151089529289113,False,-0.04681661762053413,0.014391870714119515,-0.03183686733080038,0.009819105400846517,0.9310240513844639,1.1009532844427328,1.162907034850637,0.6171359574685336,1.1009532844427328,456542013.28126526,0.30176874568963735,160.9254997253418,156.79644419352215,145.32625617980958,False,False,True,True,True,False,distribution,3,4,normal,False,False,,False,44.0,분산4일,0.020197019601114526,34.362891793893255,True,False,False,True,False,True,False,,Uptrend Under Pressure,161.71,-0.0509,0.3656402019707193,0.9550887806277483,0.3286160080627192,0.2313670639009182,0.8597593148061148,0.4219809322033899,,False,,,0,0,0.375,0.898
MPLX,MPLX LP,Energy,XLE,59989991424.0,2026-09-16,57.93000030517578,-0.008387502210330466,-0.038186937648034824,-0.024090301389356972,-0.006747666286903264,0.016961435151245707,False,-0.006378410587895678,0.03243896288919146,-0.029424783849227643,-0.1248175265363135,0.9618130623519652,1.5064574312414638,1.1489463966071225,0.5132243565768477,1.5064574312414638,69010744.12708664,0.3942449763593381,59.08149967193604,57.697513326009116,56.01942542394002,False,True,True,True,True,False,distribution,2,4,interest,False,False,,False,30.0,분산4일,0.015888396056165034,41.84758315313685,True,False,False,True,False,True,False,,Uptrend Under Pressure,59.43,-0.0253,0.510446434637604,0.971181533185436,0.05481080035066088,-0.09224450492704972,0.5066730512088469,0.4202860169491526,,False,,,0,0,0.375,0.898
SQM,Sociedad Quimica y Minera S.A.,Materials,XLB,22568245248.0,2026-09-16,68.68000030517578,-0.008803587852383221,-0.08984891149689911,-0.060102528100005936,-0.0433998568261309,-0.05441876161254133,False,-0.043044227100884624,-0.04002759657937904,-0.03360029075054949,-0.024625064647251893,0.8501659811777816,0.8794876497797426,1.0692867137800006,0.823436550988204,0.8794876497797426,76626848.6484623,0.3126185358452396,75.66812438964844,71.89122428894044,77.1884754816691,False,False,False,True,False,False,dry_up,1,5,normal,False,False,,False,17.0,분산5일,0.03810385185309911,35.9877218205572,True,False,False,False,False,True,False,,Uptrend Under Pressure,80.42,-0.146,0.3191072169938694,0.938326855384374,0.4781686771012661,-0.1493890214564405,0.6478985219182537,0.4201271186440678,,False,,,0,0,0.375,0.898
EXPE,"Expedia Group, Inc.",Consumer Discretionary,XLY,38061400064.0,2026-09-16,286.9700012207031,-0.020847501131080914,0.05271458105445048,-0.10589362307017214,-0.09000469332601024,0.05594329725188163,False,-0.08966638961238738,0.07201410496199223,-0.05574316321374406,0.13458193503310745,0.8474145493918641,1.1642834719385085,1.0611186977522258,0.5720476053501278,1.1642834719385085,505771824.5635498,0.11193545290806331,306.5738021850586,290.8022013346354,262.54822527567546,False,False,True,True,True,False,distribution,4,5,normal,False,False,,False,29.0,분산5일,0.04487402176873671,43.52856276577747,True,False,False,False,False,True,False,,Uptrend Under Pressure,319.2,-0.101,0.3101596545508885,0.8883820050871151,0.18759118409465447,0.14249374950195715,0.7710581475190632,0.41943855932203394,,False,,,0,0,0.375,0.898
CHWY,"Chewy, Inc.",Consumer Discretionary,XLY,9744295936.0,2026-09-16,20.90999984741211,-0.01321381215613826,0.007710836019860778,-0.092447959352283,-0.07632009024733633,0.00020219124853460002,False,-0.0759766990876497,0.015424653599136251,-0.04154333171903801,0.07468965476128431,0.8469015550878041,1.1655670991222145,1.2790412567416747,0.6564748180717744,1.1655670991222145,202155102.96872997,0.23972513260000522,22.920499897003175,21.937499936421712,22.644166628519695,False,False,True,False,False,False,distribution,3,7,normal,False,False,,False,11.0,분산7일,0.05503177129163118,39.46432705890011,True,False,False,False,False,True,False,,Uptrend Under Pressure,23.8,-0.1214,0.25920514182510823,0.8883820050871151,-0.493324924113431,-0.24224820214066556,0.060931119222290483,0.4191207627118644,,False,,,0,0,0.375,0.898
PAC,Grupo Aeroportuario Del Pacific,Industrials,XLI,12259755008.0,2026-09-16,201.6999969482422,-0.005325978092297734,-0.030055302196304368,-0.014318564553855495,0.003197721519068386,-0.15674115573925185,False,0.0035706745576158383,-0.14390727462912623,0.07250039193628122,-0.0806852661217844,0.8535759388207158,1.742581285238391,0.7848875194592545,0.6220562068243668,1.742581285238391,25733770.33229065,0.36363393852736714,207.0539993286133,220.40800018310546,232.74941660563152,False,False,False,False,False,False,distribution,0,2,interest,False,False,,False,,,0.026464359336133836,38.99812818796331,False,True,True,False,False,True,False,,Uptrend Under Pressure,,,0.28542056010064604,0.904562820667949,-0.3073101185642686,-0.2354629510072198,0.11549365761989086,0.41726694915254237,,False,,,0,0,0.375,0.898
WMT,Walmart Inc.,Consumer Staples,XLP,834563735552.0,2026-09-16,107.5,-0.005458380589136946,0.015780006992830442,-0.06460625971558143,-0.04798362307413129,-0.04203566795849034,False,-0.04762969742926071,-0.027456039853979153,-0.039349619017229664,-0.016174864776288378,0.9288626596780996,0.53844224030243,0.6599645495672691,0.7893936592237221,0.53844224030243,2970814237.636078,0.040818614384295356,106.25595016479492,110.60747960408528,117.52705574035645,True,False,False,False,False,False,dry_up,0,0,normal,False,False,,False,165.0,,0.016461795033806584,48.21932629758122,True,False,False,True,False,True,False,,Uptrend Under Pressure,117.96,-0.0887,0.2641982693899779,0.9374568435182988,-0.06159843890830097,-0.20753262178518728,0.3198709840627371,0.4167372881355933,,False,,,0,0,0.375,0.898
PHM,"PulteGroup, Inc.",Consumer Discretionary,XLY,24062236672.0,2026-09-16,117.55000305175781,-0.01607096467169533,-0.00943808718827066,-0.06539051567103471,-0.048781815836321574,-0.10085417322235046,False,-0.048428186930976724,-0.08716972660187505,-0.012968235017783991,-0.033892620297599096,0.8742674346329998,1.063734732911874,1.1403573368994044,0.9493608563329484,1.063734732911874,162985371.95095748,0.2382208729865487,123.98883018493652,127.51413052876791,123.35845394134522,False,False,False,True,False,False,distribution,1,4,normal,False,False,,False,56.0,분산4일,0.025959011025669915,37.32319410674697,True,False,False,False,False,True,False,,Uptrend Under Pressure,137.31,-0.1439,0.3948786351915839,0.8883820050871151,-0.1874291924301108,-0.08827737768943356,0.3138954139713057,0.4164724576271186,,False,,,0,0,0.375,0.898
LTM,LATAM Airlines Group S.A.,Industrials,XLI,14569866240.0,2026-09-16,50.06999969482422,-0.006547655179836465,-0.03767055795612573,-0.00929958868597347,0.008305888289744878,-0.12481901497944137,False,0.008680740362029704,-0.11149929851510576,0.07796143988935111,-0.045883977600280845,0.8677642813305478,0.8383968264758618,0.849449006128261,0.4706466053141242,0.8383968264758618,42614283.24020386,0.21227648431585275,51.387000274658206,53.39950008392334,51.96718988418579,False,False,False,True,False,False,dry_up,0,2,normal,False,False,,False,104.0,,0.027547144963177055,42.438452440965655,False,True,True,False,False,True,False,,Uptrend Under Pressure,55.52,-0.0981,0.41564189708657434,0.904562820667949,-0.0768209889896142,-0.09729461640681425,0.3977476419356004,0.41567796610169494,,False,,,0,0,0.375,0.898
ARM,Arm Holdings plc,Information Technology,XLK,258359541760.0,2026-09-16,243.97999572753906,0.008890517637205164,-0.07663783225531051,-0.03687040631072469,-0.019754883098375253,-0.19472540757602186,False,-0.019390463017440407,-0.18246962342325157,-0.028020890573535073,-0.20886992776639868,0.744136393573726,0.701983131612176,1.1078892614248796,1.6590163847742863,0.701983131612176,934987174.8682289,0.28594559985760937,247.24300079345704,275.3611661275228,262.40720812479657,False,False,False,True,False,False,weak_rally,4,1,normal,False,False,,False,61.0,,0.05909092277686165,45.22977471780756,True,False,False,False,True,True,False,,Uptrend Under Pressure,439.46,-0.4448,0.46690603978008965,0.9290615743084026,0.49243250929696125,0.8411364394739806,0.9305337718188718,0.41536016949152543,,False,,,0,0,0.375,0.898
BF-A,Brown Forman Inc,Consumer Staples,XLP,12499462144.0,2026-09-16,26.270000457763672,-0.012777156887986973,-0.010918637575673684,-0.04715241138194193,-0.030219606982947345,-0.009187267389706544,False,-0.029859077312134552,0.0058922931737726,-0.021424497938027143,0.01756029743230414,0.8868149605886015,1.1784001113579516,1.092451780262856,0.47771668541257284,1.1784001113579516,4148164.304995918,0.34027836646462933,27.546484661102294,27.434223556518553,27.194881184895834,False,False,True,True,True,False,distribution,3,6,normal,False,False,,False,,분산6일,0.02975311826521366,39.30596796872804,False,False,False,False,False,True,False,,Uptrend Under Pressure,,,0.3902917897852047,0.9374568435182988,-0.1263215559998785,0.03784386722834987,0.4623016876874706,0.4147245762711865,,False,,,0,0,0.375,0.898
SNY,Sanofi,Health Care,XLV,106292658176.0,2026-09-16,42.59000015258789,0.004481099525268206,-0.00606763899163798,-0.05292419398511239,-0.03609395841981222,-0.017405566182667975,False,-0.03573561262279723,-0.002451083073584104,-0.04185987712376327,-0.02874248066765639,0.925467182289062,1.1451776115076218,1.1106644863863115,0.6799095456671502,1.1451776115076218,93583187.38871041,0.1458328366274865,44.26050033569336,43.67083346048991,43.84053433736165,False,False,False,True,False,False,accumulation,3,3,normal,False,False,,False,56.0,분산3일,0.016519642863060735,38.50826698279916,True,False,False,True,False,True,False,,Uptrend Under Pressure,42.95,-0.0084,0.40374271413265855,0.9549750185957814,-0.1494110497222313,-0.08129614628102355,0.3498915832459976,0.414406779661017,,False,,,0,0,0.375,0.898
SNA,Snap-On Incorporated,Industrials,XLI,19982704640.0,2026-09-16,372.9800109863281,-0.004909013131465634,-0.011764088504692904,-0.05159299868833467,-0.034739106800820374,-0.08954662464876473,False,-0.03438025731842298,-0.07569008409173827,0.031942820513281456,-0.007430271065460348,0.8950278893203313,1.2137495693622071,0.9795528784171658,0.6021487218216758,1.2137495693622071,98577161.2639389,0.18119949118443054,385.06300048828126,397.4237467447917,384.2599500020345,False,False,False,True,False,False,distribution,1,4,normal,False,False,,False,61.0,분산4일,0.018044809429251782,30.333846101939315,True,False,True,False,False,True,False,,Uptrend Under Pressure,384.86,-0.0309,0.5882973757856063,0.904562820667949,0.019876780533540916,-0.05051510608654619,0.5143290809873153,0.4132944915254238,,False,,,0,0,0.375,0.898
NOC,Northrop Grumman Corporation,Industrials,XLI,76671418368.0,2026-09-16,530.780029296875,-0.0008846507352940902,0.02950137082565263,-0.09496220640102737,-0.07887901732045788,-0.037026458383611405,False,-0.07853657747834997,-0.022370593189412702,-0.015246352983504186,0.049826836881763814,0.9050377935989726,0.7158115855612538,0.9895074360552732,0.705125565574545,0.7158115855612538,402097902.28881836,0.4859460724407811,535.5631469726562,537.449648030599,561.9446586608886,False,False,False,False,False,False,dry_up,5,2,normal,False,False,,False,52.0,,0.020049651555170685,46.31977418291828,True,False,False,True,False,True,False,,Uptrend Under Pressure,546.52,-0.0288,0.39858220649787995,0.904562820667949,-0.15058059388686196,-0.31692485635591683,0.19733294785154135,0.4127118644067797,,False,,,0,0,0.375,0.898
FANG,"Diamondback Energy, Inc.",Energy,XLE,56138362880.0,2026-09-16,194.5399932861328,-0.0803196028516544,-0.039925042697197766,-0.07370731678609888,-0.057246412641052125,0.07425053205822274,False,-0.05689593057010556,0.09059996462540898,-0.07877058450271834,-0.07551534869503451,0.9196803971483456,5.851077901708459,1.7452393489039146,0.6637712657050681,5.0,529191985.3470634,0.42597663867086355,203.37300033569335,194.97849756876627,194.4711949666341,False,False,True,True,True,False,distribution,3,1,conviction,False,False,,False,11.0,,0.033654484140402154,42.55378099408755,True,False,False,True,True,True,False,,Uptrend Under Pressure,200.48,-0.0296,0.3286265805707458,0.971181533185436,0.32849063156527647,-0.03798066339491368,0.7078484695168227,0.41149364406779665,,False,,,0,0,0.375,0.898
FIX,"Comfort Systems USA, Inc.",Industrials,XLI,54397059072.0,2026-09-16,1587.3499755859375,0.0067035008642111205,-0.01720596283322784,-0.08724727114500685,-0.07102698197497759,-0.06452330339149892,False,-0.07068162302691672,-0.05028592327117343,-0.006851885168352778,0.019849973996824533,0.8438054467219277,0.7264257701959876,0.8421391578747663,0.7711591224374454,0.7264257701959876,553098073.5729614,0.2893539730331195,1604.4239868164063,1711.4302856445313,1740.1842864990235,False,False,False,True,False,False,weak_rally,0,1,normal,False,False,,False,61.0,,0.04243143781702075,45.68771734861868,True,False,False,False,False,True,False,,Uptrend Under Pressure,1966.39,-0.1928,0.4098056928348435,0.904562820667949,1.0391392492282834,0.1414733709001108,0.901132955079325,0.41117584745762714,,False,,,0,0,0.375,0.898
RVMD,"Revolution Medicines, Inc.",Health Care,XLV,44061138944.0,2026-09-16,195.9199981689453,-0.043639570510449865,-0.05662555335888808,-0.09296297144006804,-0.07684425447975562,0.020018473405716275,False,-0.07650105818558672,0.03554252738619601,-0.0823664119828138,0.00824977025808682,0.8859145538147801,1.7006117344699,0.870617402727155,0.7518524120644474,1.7006117344699,373332294.8506317,0.20224701319220154,208.84275131225587,196.4144172668457,167.81112518310547,False,False,True,True,True,False,distribution,0,2,interest,False,False,,False,13.0,,0.03986393727073751,39.7667195529559,True,False,False,False,False,True,False,,Uptrend Under Pressure,221.15,-0.1141,0.4111161022270879,0.9549750185957814,2.882008425589568,0.8468065883514981,0.9898061147049257,0.41091101694915255,,False,,,0,0,0.375,0.898
BWA,BorgWarner Inc.,Consumer Discretionary,XLY,13067234304.0,2026-09-16,62.27000045776367,-0.003520582729939936,-0.045816757287643894,-0.08115628458953672,-0.06482775409615982,-0.033705611559781246,False,-0.06448009049685755,-0.01899920511883224,-0.02961830649988917,0.03825665630094788,0.8932107541353325,0.9110833333381065,1.0010429934513483,0.716681942207031,0.9110833333381065,113381276.36963692,0.42132046535405016,64.95086650848388,65.23898919423421,63.60533409118652,False,False,False,True,False,False,dry_up,0,1,normal,False,False,,False,29.0,,0.027746574544229092,40.34707510275902,True,False,False,False,False,True,False,,Uptrend Under Pressure,66.6,-0.0651,0.3019394157482098,0.8883820050871151,0.36051605249095053,0.15667741945092173,0.8454338477105996,0.4107521186440678,,False,,,0,0,0.375,0.898
CHD,"Church & Dwight Company, Inc.",Consumer Staples,XLP,23668205568.0,2026-09-16,95.51000213623047,0.010580890671852528,0.0033616943651324505,-0.03651765578014965,-0.019395863930709356,-0.03996216320260526,False,-0.019031310379286515,-0.025350977630657523,-0.01050259245530083,-0.014045384555977702,0.9243653938892596,0.913789624879643,1.102671338971958,0.4939577853653755,0.913789624879643,179306318.37376404,0.8561649204399968,98.3445011138916,98.50875231424968,96.62072461446127,False,False,False,True,False,False,weak_rally,2,5,normal,False,False,,False,157.0,분산5일,0.018539581210530648,39.75366454083655,True,False,False,True,False,True,False,,Uptrend Under Pressure,95.35,0.0017,0.3869046987685114,0.9374568435182988,-0.07985645184870738,-0.1249992555596875,0.37377037331502294,0.410010593220339,,False,,,0,0,0.375,0.898
AER,AerCap Holdings N.V.,Industrials,XLI,22939443200.0,2026-09-16,142.2100067138672,0.028123186695113267,0.008581607899767363,-0.049525388618790966,-0.03263475377542602,-0.06405573993405733,False,-0.03227512196982529,-0.04981124378540325,0.034192545962308696,0.020359708319060976,0.918526222649209,1.1171580759568416,1.0677080071234046,0.4290598138898045,1.1171580759568416,162882054.00001526,0.731208920310181,144.74449920654297,147.99073689778646,144.16115849812826,False,False,True,True,False,False,accumulation,4,4,normal,False,False,,False,33.0,분산4일,0.0206937324803176,43.49694745863988,True,False,True,True,False,True,False,,Uptrend Under Pressure,152.46,-0.0672,0.3894442675890981,0.904562820667949,0.06826629356710145,-0.049392353651539045,0.5586733403201908,0.4095868644067797,,False,,,0,0,0.375,0.898
TCOM,Trip.com Group Limited,Consumer Discretionary,XLY,28116338688.0,2026-09-16,40.43000030517578,0.03006370204269504,0.031640768612370085,-0.092480336755144,-0.07635304302052526,-0.01764106468520199,False,-0.07600966411150145,-0.00269016571852454,-0.04157752517162683,0.05551756863007129,0.8547568912749162,2.1587104664586376,1.6399627244888633,0.6981843639246409,2.1587104664586376,151367874.80088082,0.6036962944008932,42.8435001373291,43.51000010172526,46.913083426157634,False,False,False,False,False,False,accumulation,4,6,attention,True,False,surge,False,34.0,분산6일,0.027525343454171753,37.25456571858824,True,False,False,False,False,True,False,,Uptrend Under Pressure,46.0,-0.1211,0.2828123786626827,0.8883820050871151,-0.488094729129273,-0.2610093857086928,0.054583318275450834,0.40852754237288136,,False,,,0,0,0.375,0.898
HST,"Host Hotels & Resorts, Inc.",Real Estate,XLRE,15235351552.0,2026-09-16,21.760000228881836,-0.01671933781817403,-0.012704204855465528,-0.0506108134184472,-0.03373946737430067,-0.07592958072957989,False,-0.03338024626171132,-0.061865797136895107,-0.010249029386226627,-0.02281596867147473,0.8519968460789126,1.0500032999089473,0.9763138967700835,0.7116702546488951,1.0500032999089473,178233923.16862115,0.27380892911476334,22.357999992370605,23.326147524515786,22.19073332150777,False,False,False,True,False,False,distribution,1,2,normal,False,False,,False,61.0,,0.01838237278299681,35.62019954840228,True,False,False,False,False,True,False,,Uptrend Under Pressure,24.09,-0.0966,0.5464523563585943,0.9304499659860984,0.18261355036386084,0.09951303776114617,0.744770698565285,0.40805084745762715,,False,,,0,0,0.375,0.898
SOFI,"SoFi Technologies, Inc.",Financials,XLF,23093276672.0,2026-09-16,16.84000015258789,-0.01347390429690909,-0.028274655122639825,-0.046432599202110514,-0.029487003209800577,-0.05924443027751136,False,-0.02912620118310294,-0.04492670895424267,-0.013868437212420925,-0.04923207273229935,0.8779979084798849,1.2309582786854556,0.9481389765009145,0.6922546191994858,1.2309582786854556,715116309.641778,0.49206329983863206,17.974999809265135,17.78983325958252,17.283708278338114,False,False,True,True,True,False,distribution,1,2,normal,False,False,,False,55.0,,0.043561234094034486,42.20924988131158,True,False,False,False,False,True,False,,Uptrend Under Pressure,18.19,-0.0742,0.3722986112563737,0.9550887806277483,-0.4401885631901872,-0.08971132299315565,0.19130497632900872,0.4069915254237288,,False,,,0,0,0.375,0.898
ABT,Abbott Laboratories,Health Care,XLV,190965104640.0,2026-09-16,102.36000061035156,0.0032343608252756173,-0.02727361641191972,-0.0915867915058054,-0.0754436188130937,0.06660368420518381,False,-0.07509990181267046,0.08283673644990897,-0.0809741546757008,0.05429749322643884,0.8773463805333056,0.6851698686097685,0.9612007542939356,0.5208296636512175,0.6851698686097685,834367891.7319298,0.47777730682829656,109.32949943542481,103.44345995585124,97.32963218688965,False,False,True,False,True,False,weak_rally,1,3,normal,False,False,,False,43.0,분산3일,0.026775254108178492,36.68576986487719,True,False,False,False,False,True,False,,Uptrend Under Pressure,98.83,0.0357,0.5439446424927569,0.9549750185957814,-0.2725994700936306,-0.12751600091127413,0.22261934877669765,0.40582627118644077,,False,,,0,0,0.375,0.898
CHTR,"Charter Communications, Inc.",Communication Services,XLC,20545480704.0,2026-09-16,135.0,-0.04390932777792367,0.00829039222803507,-0.08998992621678936,-0.07381837605016317,-0.03010483018094523,False,-0.07347405484259939,-0.01534362206144424,-0.11028392914679197,-0.03901966991675487,0.8492168268437967,0.6838561946033308,0.8369863491487833,1.0571304722796773,0.6838561946033308,446124987.75431824,0.07120957303073536,147.90750122070312,142.36450080871583,157.905917040507,False,False,True,False,False,False,dry_up,2,2,normal,False,False,,False,19.0,,0.05482538616846478,41.582284312232495,True,False,False,False,False,True,False,,Uptrend Under Pressure,152.47,-0.1146,0.2595216979923559,0.9464981965192371,-0.5324239635897715,-0.4407762750068531,0.01661486755086553,0.40582627118644066,,False,,,0,0,0.375,0.898
HDB,HDFC Bank Limited,Financials,XLF,116609900544.0,2026-09-16,22.3799991607666,-0.008857429743809653,0.013586922015269343,-0.03409585295321693,-0.016931023881401108,-0.1820187474782352,False,-0.016565553990590676,-0.16956957577179543,-0.0011103932105436254,-0.1733130634205322,0.8438913565031597,0.5632858630128077,1.0208359982864477,1.01223009716046,0.5632858630128077,259863264.18850327,0.23076697355390088,22.944499969482422,24.104333305358885,24.541166702906292,False,False,False,False,False,False,dry_up,3,0,normal,False,False,surge,False,3.0,,0.02709689802593792,42.681524850946346,True,False,False,False,True,True,False,,Uptrend Under Pressure,23.34,-0.0411,0.3106618497227981,0.9550887806277483,-0.4417175492603418,-0.30368065958420587,0.05104260778432294,0.4049788135593221,,False,,,0,0,0.375,0.898
ARES,Ares Management Corporation,Financials,XLF,47224139776.0,2026-09-16,124.20999908447266,-0.037877666830798074,-0.07561208902221106,-0.11474591087066122,-0.09901429280950069,0.020427993132561717,False,-0.09867933854278288,0.03595827975148036,-0.08451463667198189,0.03128829547379586,0.8311140958235637,0.9668369368779023,0.9577011387251602,0.7576250250000047,0.9668369368779023,257322662.7510025,0.3989068703117525,137.8174991607666,130.31800003051757,124.55435860951742,False,False,True,True,True,False,dry_up,1,2,normal,False,False,,False,8.0,,0.03551990932228448,31.948426830368973,True,False,False,False,False,True,False,,Uptrend Under Pressure,141.52,-0.1223,0.4685468670472989,0.9550887806277483,-0.31087679636026666,0.16669449716734697,0.40318925951357015,0.4039724576271187,,False,,,0,0,0.375,0.898
OKE,"ONEOK, Inc.",Energy,XLE,60521791488.0,2026-09-16,92.69999694824219,-0.021326058344891763,-0.03256108074012609,-0.04501908684784961,-0.028048371698503383,0.025880546555588024,False,-0.027687034840055302,0.0414938176849613,-0.05023916913412474,-0.11714186676187033,0.9506716738528191,0.9034160199850134,0.9722449050133097,0.582056955552628,0.9034160199850134,313315697.5466286,0.3215681229318382,95.09950065612793,91.48990796407064,89.18773434956869,False,True,True,True,True,False,dry_up,2,3,normal,False,False,,False,32.0,분산3일,0.02798583460417409,44.709922672360634,True,False,False,True,False,True,False,,Uptrend Under Pressure,89.74,0.033,0.3811502877696897,0.971181533185436,0.1708671646699318,-0.02618056196728724,0.6538361461457844,0.4028601694915254,,False,,,0,0,0.375,0.898
ERIE,Erie Indemnity Company,Financials,XLF,13363198976.0,2026-09-16,245.5800018310547,-0.02007102177505482,0.007177131554190641,-0.044249892336317376,-0.027265508033200714,-0.05014160011857682,False,-0.026903880134036995,-0.03568533931740003,-0.011611191284266797,-0.04003236215813499,0.914160171381911,0.5417901872137244,0.5371189675789859,0.5921419778693321,0.5417901872137244,75364980.99353409,0.2803869499241275,255.10800170898438,245.26212565104166,236.90228436787922,False,True,True,True,True,False,dry_up,0,0,normal,False,False,,False,43.0,,0.030507938300936968,45.77285353735838,True,False,False,True,False,True,False,,Uptrend Under Pressure,225.94,0.0869,0.5359489629134763,0.9550887806277483,-0.33490879756301506,-0.12410866043237412,0.19529742329514654,0.40158898305084756,,False,,,0,0,0.375,0.898
TFC,Truist Financial Corporation,Financials,XLF,60568231936.0,2026-09-16,48.439998626708984,-0.04003171808192241,-0.03409776365186168,-0.07574892639308328,-0.05932430315649151,-0.05551507732386418,False,-0.058974593570933265,-0.04114059754173005,-0.04418591191199228,-0.04546302868737828,0.9122410549656943,1.9209118422742086,1.2519642778613214,0.9079039016990658,1.9209118422742086,305892819.9131727,0.2867379837075564,50.382500076293944,50.97205270131429,49.5283776919047,False,False,True,True,False,False,distribution,3,2,interest,False,False,,False,57.0,,0.023018173981948137,35.60216401172809,True,False,False,True,False,True,False,,Uptrend Under Pressure,50.17,-0.0345,0.2859840560587953,0.9550887806277483,0.034910124597384184,0.03826350788716382,0.5964141158613712,0.4001588983050848,,False,,,0,0,0.375,0.898
PBA,Pembina Pipeline Corp.,Energy,XLE,28321728512.0,2026-09-16,47.099998474121094,-0.003596403257801417,-0.03212097823417437,-0.03506229394325844,-0.01791463924061032,-0.010292076485710289,False,-0.01754953502281631,0.004770669562647933,-0.04033680169244447,-0.14827150905774034,0.9271817695688241,1.1508406346199385,1.2173160762515258,0.6174208595733223,1.1508406346199385,49581230.20338631,0.05504362403188946,47.919985961914065,48.088078308105466,46.649667199452715,False,False,True,True,False,False,distribution,3,3,normal,False,False,,False,67.0,분산3일,0.017260432807364525,42.37781537206691,False,False,False,True,False,True,False,,Uptrend Under Pressure,47.77,-0.0141,0.4730860266667998,0.971181533185436,0.09026702222700655,-0.03625385056268815,0.5875763434642767,0.3986758474576272,,False,,,0,0,0.375,0.898
CCEP,Coca-Cola Europacific Partners ,Consumer Staples,XLP,47677714432.0,2026-09-16,102.7300033569336,-0.0027181707940028277,-0.010498905231117628,-0.04437206179596653,-0.02738984853425097,-0.04350928384845776,False,-0.027028266860439243,-0.028952083271700846,-0.018569075911982424,-0.01768826178254801,0.9196133219842874,1.6192949694654093,1.0815151486216807,0.5444623634959777,1.6192949694654093,155977635.9784851,0.17829704937811608,106.58249969482422,106.1038330078125,100.06394697825114,False,False,True,True,True,False,distribution,1,3,interest,False,False,,False,70.0,분산3일,0.019524139938863205,39.98781816415155,True,False,False,True,False,True,False,,Uptrend Under Pressure,94.74,0.0843,0.3248973473364638,0.9374568435182988,0.033769532021469484,-0.0856456781541759,0.49598225579126165,0.39798728813559325,,False,,,0,0,0.375,0.898
LEN,Lennar Corporation,Consumer Discretionary,XLY,20261689344.0,2026-09-16,78.36000061035156,-0.021356301873236894,-0.02971770012871533,-0.07746646623413667,-0.06107236494724955,-0.09886447435283163,False,-0.060723305228554625,-0.08514974573898004,-0.025721526096029623,-0.03175474376636189,0.8886368829571457,1.928640270575184,1.4500905462378924,0.9709213790829184,1.928640270575184,259751067.71808472,0.14640870005058168,83.48450050354003,85.1782896677653,86.81935399373373,False,False,False,False,False,False,distribution,4,4,interest,False,False,,False,16.0,분산4일,0.029989798821385687,37.26399816428788,True,False,False,False,False,True,False,,Uptrend Under Pressure,88.16,-0.1112,0.37014714540528937,0.8883820050871151,-0.4416857308839567,-0.22110320945127426,0.08303819883632683,0.39798728813559325,,False,,,0,0,0.375,0.898
AIT,Applied Industrial Technologies,Industrials,XLI,11889695744.0,2026-09-16,315.1099853515625,-0.0022481855366666137,-0.029983132427122028,-0.11073802758871698,-0.09493518648572064,-0.007684516832611066,False,-0.09459871575314038,0.0074179146703419185,-0.032411710672579086,0.08181521076247367,0.8705897906457956,1.3458378970427163,0.9354939520929567,0.6245119583795689,1.3458378970427163,87945345.11101684,0.29809506911624756,328.00850067138674,336.6080134073893,318.3521425882975,False,False,False,True,False,False,distribution,1,1,normal,False,False,,False,22.0,,0.025510382952823644,35.258607627643556,True,False,False,False,False,True,False,,Uptrend Under Pressure,361.95,-0.1294,0.33701326372244256,0.904562820667949,0.1625973266017673,0.18900871421418453,0.7739348053919266,0.3977224576271187,,False,,,0,0,0.375,0.898
JHX,James Hardie Industries plc.,Materials,XLB,17247322112.0,2026-09-16,26.84000015258789,-0.008130056086341875,-0.07160151178657015,-0.08364631909726739,-0.06736203835355614,0.06244843592784277,False,-0.0670153169105151,0.07861824784874871,-0.0578079447283697,0.09592442451160643,0.8635778706072604,2.272353200329328,1.43690715268253,0.35979659315391377,2.272353200329328,224807431.0739746,0.24920110662880404,29.273499965667725,27.69866673151652,24.520166683197022,False,False,True,True,True,False,distribution,2,7,attention,False,False,,False,27.0,분산7일,0.03841548647694091,36.845254338107765,True,False,False,False,False,True,False,,Uptrend Under Pressure,30.23,-0.1121,0.40353425908698953,0.938326855384374,0.2782185005674813,0.2843606615884704,0.8513786997217303,0.39713983050847457,,False,,,0,0,0.375,0.898
COHR,Coherent Corp.,Information Technology,XLK,54408069120.0,2026-09-16,289.92999267578125,0.06918161418702118,-0.04464879998688709,-0.053845904103316244,-0.037032048006601204,-0.08479836348398495,False,-0.03667405095774834,-0.07086955731162159,-0.04515236419310409,-0.10087373472722805,0.7647244716634797,1.2697888487961417,1.1755802103292126,0.9648336854011078,1.2697888487961417,1685350104.604364,0.7204497623364622,284.7940017700195,309.47333475748695,325.803751373291,True,False,False,True,False,False,accumulation,3,1,normal,False,False,,False,21.0,,0.06359544147960162,49.20907972670245,True,False,False,False,True,True,False,,Uptrend Under Pressure,351.22,-0.1745,0.46284766699930885,0.9290615743084026,1.794120904161982,0.23392284402585362,0.9488796935419754,0.39713983050847457,,False,,,0,0,0.375,0.898
MDLN,Medline Inc.,Health Care,XLV,47130525696.0,2026-09-16,32.9900016784668,0.027405825331300093,-0.03113061915842963,-0.03311832616624144,-0.015936125722470162,-0.23941811661537438,False,-0.015570285964101704,-0.2278425280137143,-0.021822625084252145,-0.24819350906011328,0.7847288525220284,1.569289292507166,0.9992530679369731,1.319543616366766,1.569289292507166,239409871.13141328,0.5274742088693822,34.328499984741214,37.16441669464111,38.93220822016398,False,False,False,False,False,False,accumulation,2,3,interest,True,False,surge,False,,분산3일,0.0390854435154007,40.94541582029633,True,False,False,False,False,True,False,,Uptrend Under Pressure,,,0.4307173915616496,0.9549750185957814,,-0.2855587241894888,,0.3951271186440678,,False,,,0,0,0.375,0.898
WTS,"Watts Water Technologies, Inc.",Industrials,XLI,12209850368.0,2026-09-16,348.7799987792969,-0.004822102991753674,-0.021078361967812875,-0.07029852673101922,-0.05377704587262466,-0.03035558235894853,False,-0.05342527401517805,-0.015598190533415157,0.011589706986217863,0.0570993779989859,0.8907574899532004,1.1976265784634135,0.9497105556761116,0.3554991695610707,1.1976265784634135,66020834.97374878,0.309719069020371,362.1167297363281,360.41629180908205,332.270733388265,False,False,True,True,True,False,distribution,2,3,normal,False,False,,False,28.0,분산3일,0.025872167900316705,40.223049929700366,True,False,True,False,False,True,False,,Uptrend Under Pressure,376.47,-0.0736,0.4136859957901964,0.904562820667949,0.1626806631601878,0.10640404961701666,0.7385575150879984,0.3949152542372882,,False,,,0,0,0.375,0.898
GD,General Dynamics Corporation,Industrials,XLI,100471414784.0,2026-09-16,360.0,0.003904054301884896,0.020784263739983766,-0.08508694228813418,-0.06882826248102103,-0.047156877726944546,False,-0.06848208612767837,-0.03265519128620098,-0.0045012742484479284,0.03878272649255665,0.9091597820294108,0.982526537660573,1.051053329538998,0.6016490608947966,0.982526537660573,375804557.9665222,0.6561460783518533,369.4675003051758,373.66331990559894,357.0608202616374,False,False,True,True,False,False,weak_rally,3,3,normal,False,False,,False,28.0,분산3일,0.01807340591672867,38.224231311129635,True,False,False,True,False,True,False,,Uptrend Under Pressure,386.92,-0.0696,0.37434185104739787,0.904562820667949,0.029837218203889737,-0.04338095757026539,0.5334619276498862,0.39443855932203387,,False,,,0,0,0.375,0.898
LFUS,"Littelfuse, Inc.",Information Technology,XLK,10468855808.0,2026-09-16,396.0199890136719,0.0008845137970037165,-0.06151955376269547,-0.09308333967563609,-0.0769667617476445,-0.026983388221923255,False,-0.07662361099729686,-0.012174673675105274,-0.08475032477250444,-0.04407427031400468,0.8409849532658071,1.2969207839790513,1.1640698268756418,0.9218200589970501,1.2969207839790513,80249858.14560851,0.35096059123625556,411.7985015869141,425.56432545979817,423.9040802001953,False,False,False,True,False,False,accumulation,1,2,normal,False,False,,False,33.0,,0.038033788057156716,40.207152624654924,True,False,False,False,False,True,False,,Uptrend Under Pressure,441.15,-0.1023,0.3184449154705071,0.9290615743084026,0.5294018255258235,0.21437814072389205,0.8911513859275053,0.39258474576271196,,False,,,0,0,0.375,0.898
SHW,Sherwin-Williams Company (The),Materials,XLB,82248884224.0,2026-09-16,321.4599914550781,-0.005445237791528945,0.0025573127781310934,-0.06680854950562631,-0.050225049177989756,-0.06651680127085025,False,-0.04987195681519141,-0.052309760962494845,-0.040495401473117254,-0.037104293475587746,0.8714548030486354,1.052808014261643,1.1066079878179447,0.8239595859699861,1.052808014261643,522777510.4792725,0.30419457298443175,335.2012313842773,339.48233388264975,327.84228591918946,False,False,True,True,False,False,distribution,3,2,normal,False,False,,False,35.0,,0.021777859794982334,37.22736271072135,True,False,False,False,False,True,False,,Uptrend Under Pressure,353.45,-0.0905,0.5715427092206308,0.938326855384374,-0.16492491080392413,-0.055184279131653025,0.35869231325214124,0.3920550847457628,,False,,,0,0,0.375,0.898
PEP,"Pepsico, Inc.",Consumer Staples,XLP,191704432640.0,2026-09-16,134.33999633789062,-0.008560912635493523,-0.017192231045009887,-0.031077346698230035,-0.013858876544038168,-0.07136467831681248,False,-0.013492264538707444,-0.057231419716253895,-0.004915389155628169,-0.046295628792900834,0.9385161028087027,0.8993930713646878,1.114893820539271,0.5434805814556064,0.8993930713646878,1041527814.4985077,0.05784880788243602,138.63472747802734,138.06036834716798,142.9860019683838,False,False,False,False,False,False,dry_up,3,5,normal,False,False,,False,117.0,분산5일,0.014506540364072402,36.48895775177592,True,False,False,True,False,True,False,,Uptrend Under Pressure,153.55,-0.1251,0.49704450902538055,0.9374568435182988,-0.14390320446094595,-0.2291756397858985,0.23445394094900798,0.39200211864406775,,False,,,0,0,0.375,0.898
EXC,Exelon Corporation,Utilities,XLU,45042704384.0,2026-09-16,42.439998626708984,0.005687153067075235,-0.028833000325689584,-0.05442295224532023,-0.03761935071967615,-0.10691885906117105,False,-0.03726157200897018,-0.09332671323013342,0.007364530068612707,-0.003875202173444725,0.901411711021046,0.7466665660041012,0.9448353199927902,0.6680640178769045,0.7466665660041012,307098149.3591984,0.34042432309590287,43.5680046081543,45.14443187713623,45.36024592717489,False,False,False,False,False,False,weak_rally,3,3,normal,False,False,,False,56.0,분산3일,0.01753150194361283,34.56452832037773,True,False,True,True,False,True,False,,Uptrend Under Pressure,46.95,-0.0961,0.41500646320396,0.8773219778194903,-0.08841851553392865,-0.20618824640763656,0.29512395648874273,0.39147245762711863,,False,,,0,0,0.375,0.898
DCI,"Donaldson Company, Inc.",Industrials,XLI,10535155712.0,2026-09-16,86.33000183105469,-0.008384972984265882,-0.038748422471213684,-0.08130253581358071,-0.06497660431231889,-0.04075721103205576,False,-0.06462899605020422,-0.026158125599216375,-0.0003835367307805093,0.04575959714687938,0.8783985659262792,0.9386191115766362,0.9412363240783475,0.5137274896826722,0.9386191115766362,61587858.32435837,0.4000016798676264,90.77300033569335,91.42201792399088,88.27803802490234,False,False,True,True,False,False,dry_up,0,3,normal,False,False,,False,61.0,분산3일,0.023841235624801203,32.28589179121772,True,False,False,False,False,True,False,,Uptrend Under Pressure,85.23,0.0128,0.36952520524816274,0.904562820667949,0.001142704530304961,-0.03311346368303292,0.5178372664522425,0.38972457627118645,,False,,,0,0,0.375,0.898
LIN,Linde plc,Materials,XLB,225686667264.0,2026-09-16,462.0899963378906,-0.0018792015146992247,-0.009771772459521988,-0.03153947893815112,-0.01432922121469693,-0.14587860646073814,False,-0.013962784066695377,-0.1328794040297131,-0.0042318508615747374,-0.11896665755820268,0.8750858801875447,0.7124111539708216,0.8734966364744502,0.8160266634431538,0.7124111539708216,896432480.2690659,0.3585791169242815,477.5354507446289,496.56640574137367,499.19159673055015,False,False,False,False,False,False,dry_up,0,4,normal,False,False,,False,147.0,분산4일,0.015320660556418075,32.4695618151558,True,False,False,False,False,True,False,,Uptrend Under Pressure,476.31,-0.0299,0.5518168461386758,0.938326855384374,-0.1496559441052775,-0.16829082255224947,0.27530718080300676,0.3896716101694916,,False,,,0,0,0.375,0.898
TMUS,"T-Mobile US, Inc.",Communication Services,XLC,193552875520.0,2026-09-16,176.25999450683594,-0.023328013993409447,-0.006090007067536707,-0.029946480413927556,-0.012707913931821135,-0.048412555181843064,False,-0.012340874039749483,-0.03392997937987696,-0.05157950353739349,-0.0571591185519289,0.9061402244716753,1.3246308383627021,0.9986622486509322,0.6380312135257206,1.3246308383627021,724429565.933094,0.3984518881140896,180.9946273803711,180.45160420735678,185.2464407602946,False,False,False,False,False,False,distribution,2,3,normal,False,False,,False,9.0,분산3일,0.027194212297966553,43.837894983846866,True,False,False,True,False,True,False,,Uptrend Under Pressure,187.3,-0.0589,0.5253616614853999,0.9464981965192371,-0.3546971035439562,-0.2669899082338715,0.08742998084637346,0.389406779661017,,False,,,0,0,0.375,0.898
IBN,ICICI Bank Limited,Financials,XLF,108941180928.0,2026-09-16,28.149999618530273,-0.008802817019648135,-0.029979353049963464,-0.04994936159822816,-0.03306626106739874,-0.05196983377112463,False,-0.03270678968077845,-0.03754139756200281,-0.01750529643677612,-0.041880053499369074,0.9205362880562988,0.7226629173414388,0.7979443251019585,0.6108706357208755,0.7226629173414388,150397639.02802905,0.15195439255544954,29.674499988555908,29.51887035369873,28.016196091969807,False,False,True,True,True,False,dry_up,0,2,normal,False,False,,False,51.0,,0.01925348202928617,34.788689673977615,True,False,False,True,False,True,False,,Uptrend Under Pressure,29.83,-0.0563,0.27249181674720174,0.9550887806277483,-0.21648886735221495,-0.06633429186118422,0.2982300964909111,0.3893538135593221,,False,,,0,0,0.375,0.898
FRT,Federal Realty Investment Trust,Real Estate,XLRE,10143149056.0,2026-09-16,112.41999816894531,-0.013253771018921556,-0.023793030618542765,-0.043071203978559014,-0.02606587351401246,-0.08709537990450567,False,-0.02570379963363334,-0.0732015329096829,-0.002388885341351177,-0.034623554352416264,0.8842916746458345,1.048017908196975,0.8905519999939315,0.6037281830247601,1.048017908196975,76644278.27654266,0.2602285072110882,116.291499710083,120.2222282409668,116.92018801371256,False,False,False,True,False,False,distribution,1,2,normal,False,False,,False,6.0,,0.014807360354127079,26.03944759212372,True,False,False,False,False,True,False,,Uptrend Under Pressure,117.25,-0.0412,0.4722722970141004,0.9304499659860984,0.03052758755214091,-0.02673075976124417,0.5480846373459579,0.38845338983050853,,False,,,0,0,0.375,0.898
GWRE,"Guidewire Software, Inc.",Information Technology,XLK,17046740992.0,2026-09-16,146.72999572753906,-0.01444122168699391,0.03156629682913503,-0.17456120464778468,-0.15989254847233914,0.061551943255821806,False,-0.15958022656407256,0.0777081111094915,-0.16697683214234105,0.04290595214201032,0.7128005410587798,0.8370033748362388,0.9612560634136512,0.731037373890032,0.8370033748362388,282577172.6767624,0.13172880289444708,175.79249954223633,156.51733334859213,146.26933307647704,False,False,True,True,True,False,dry_up,3,4,normal,False,False,,False,8.0,분산4일,0.07565645990705555,39.19645990287464,True,False,False,False,False,True,False,,Uptrend Under Pressure,202.86,-0.2767,0.20018978142603386,0.9290615743084026,-0.4208687347479876,-0.08943014328150112,0.19620631708286654,0.38834745762711864,,False,,,0,0,0.375,0.898
NBIX,"Neurocrine Biosciences, Inc.",Health Care,XLV,15657023488.0,2026-09-16,149.5,-0.003466232886625731,-0.0363542568766102,-0.03066845528476203,-0.013442718828585054,-0.16478102114383764,False,-0.013075952110697342,-0.15206950184165058,-0.01934413331780227,-0.1744175566397147,0.8059299191374663,0.9998865113718806,0.9687852113239495,0.9579681496702321,0.9998865113718806,156986954.87416077,0.21645044521362328,154.81949920654296,164.41483383178712,154.88175010681152,False,False,False,True,False,False,dry_up,0,1,normal,False,False,,False,33.0,,0.02804109780229112,35.26455070794546,True,False,False,False,False,True,False,,Uptrend Under Pressure,185.5,-0.1941,0.5514300463693577,0.9549750185957814,-0.06938048430653276,0.020662597178103148,0.4984360883235156,0.38776483050847455,,False,,,0,0,0.375,0.898
PODD,Insulet Corporation,Health Care,XLV,10310195200.0,2026-09-16,140.60000610351562,0.009767312242876525,0.019431612312577284,-0.05019247947748007,-0.03331369933067063,-0.13699873263373852,False,-0.032954319932748,-0.12386438398308652,-0.0390962490621205,-0.14695581282048287,0.8240535114711899,0.7681757863756663,1.0038030706273955,1.1821183029186861,0.7681757863756663,251937631.9399414,0.4662934832924718,143.7325012207031,152.1201665242513,161.54941622416177,False,False,False,False,False,False,weak_rally,1,4,normal,False,False,,False,56.0,분산4일,0.036857338266377764,45.0419642411666,True,False,False,False,False,True,False,,Uptrend Under Pressure,158.25,-0.1115,0.5982022906742606,0.9549750185957814,-0.6526959926908771,-0.476598519469007,0.0063884572295905455,0.38712923728813564,,False,,,0,0,0.375,0.898
LPLA,LPL Financial Holdings Inc.,Financials,XLF,29145278464.0,2026-09-16,333.0400085449219,-0.025457897635820848,-0.04736841324221941,-0.09679169413397593,-0.08074101639971443,0.07453116646081415,False,-0.0803992687822791,0.09088487011105251,-0.06594728653568349,0.08596728289566347,0.8848536569050549,1.1624127622532638,0.8236863362384856,0.3508178690858828,1.1624127622532638,204478540.45640564,0.3252849098562121,355.83850250244143,337.9626434326172,319.8935432434082,False,False,True,True,True,False,distribution,1,3,normal,False,False,,False,32.0,분산3일,0.031435540800837686,35.57483763989622,True,False,False,False,False,True,False,,Uptrend Under Pressure,353.42,-0.0577,0.3401307980457511,0.9550887806277483,-0.07146391093125004,0.08417641345898286,0.5410005059448519,0.3863347457627119,,False,,,0,0,0.375,0.898
KVUE,Kenvue Inc.,Consumer Staples,XLP,36264202240.0,2026-09-16,17.829999923706055,-0.005022329922138247,0.004507037955270743,-0.05159571025100507,-0.034741866549959255,-0.09620027719831847,False,-0.03438301809353783,-0.08244500114192577,-0.0259877706728735,-0.07180167908173418,0.9110026408006329,0.854637426721966,1.6976967544653248,0.8275804918299324,0.854637426721966,498216563.0928049,0.23703052136624994,18.664499950408935,18.884989293416343,18.02778108914693,False,False,True,True,False,False,dry_up,3,3,normal,False,False,,False,58.0,분산3일,0.01925687062327786,34.5291746205355,True,False,False,True,False,True,False,,Uptrend Under Pressure,18.59,-0.041,0.3373820193534846,0.9374568435182988,-0.08706878290249187,-0.06557185371718055,0.41165751147410645,0.38622881355932204,,False,,,0,0,0.375,0.898
ATO,Atmos Energy Corporation,Utilities,XLU,28074070016.0,2026-09-16,161.9600067138672,-0.0004936224116252053,-0.027792723007403985,-0.04441637949762001,-0.027434953794148176,-0.09017567130230786,False,-0.02707338888885913,-0.07632870444856277,0.018024969085740583,0.014799813742507606,0.9077245446865004,1.3307494450115562,1.160825916347273,0.4714812313404835,1.3307494450115562,147673655.70443344,0.15833577050722886,166.65156326293945,171.10279032389323,174.65464108784994,False,False,False,False,False,False,distribution,1,3,normal,False,False,,False,138.0,분산3일,0.014368627386165855,32.82298575360649,True,False,True,True,False,True,False,,Uptrend Under Pressure,184.63,-0.1228,0.36903479535056277,0.8773219778194903,-0.11836749871412544,-0.21088873906944716,0.26913826750027103,0.3854343220338983,,False,,,0,0,0.375,0.898
DUK,Duke Energy Corporation (Holdin,Utilities,XLU,93494091776.0,2026-09-16,117.76000213623047,-8.486462699175412e-05,-0.022170540248936277,-0.050245953987224756,-0.03336812412189216,-0.0812934780081791,False,-0.033008764957160985,-0.0673113296339437,0.011814468756692564,0.024706834049833093,0.9101698531277921,1.0886886413391874,1.0432249851140323,0.47352391466093824,1.0886886413391874,422453082.9091671,0.23517034068136272,120.50849952697754,123.50143267313639,124.05636526743571,False,False,False,False,False,False,distribution,0,4,normal,False,False,,False,52.0,분산4일,0.013941428978572713,34.78330457538864,True,False,True,True,False,True,False,,Uptrend Under Pressure,128.47,-0.0834,0.4240681224902138,0.8773219778194903,-0.1156663848465278,-0.18325031093777844,0.29161215713201544,0.38538135593220335,,False,,,0,0,0.375,0.898
WM,"Waste Management, Inc.",Industrials,XLI,87505649664.0,2026-09-16,214.0,-0.014959723820483273,-0.006903669888804198,-0.03861807050927313,-0.021533604578678478,-0.1014774390175438,False,-0.021169845762783135,-0.08780247811924025,0.04606058215205078,-0.020437159177022268,0.8872890706455172,0.8208822488281772,1.002724129130733,0.4139792269232093,0.8208822488281772,469248279.11535645,0.059172114076588775,218.80066452026367,225.6277203877767,223.29617182413736,False,False,False,False,False,False,dry_up,2,5,normal,False,False,,False,56.0,분산5일,0.017028838319428155,38.215090885003285,True,False,True,False,False,True,False,,Uptrend Under Pressure,224.54,-0.0469,0.4314423673775472,0.904562820667949,-0.11241131670408067,-0.17690220892362774,0.2998870658812475,0.38506355932203384,,False,,,0,0,0.375,0.898
SYY,Sysco Corporation,Consumer Staples,XLP,38845104128.0,2026-09-16,78.70999908447266,-0.011180897069210216,-0.03506191762966304,-0.0396534899500226,-0.022587424186538252,-0.07766235044164149,False,-0.022224057143088394,-0.06362493853853612,-0.01372309753273615,-0.052763310232146754,0.9225269499063002,1.883723620447458,1.7945913926288328,0.62025821078397,1.883723620447458,272554509.59502256,0.19208869080203622,81.9729995727539,82.67883644104003,78.63569259643555,False,False,True,False,False,False,distribution,3,3,interest,False,False,,False,56.0,분산3일,0.023258970472205896,36.81248082125394,True,False,False,True,False,True,False,,Uptrend Under Pressure,82.27,-0.0433,0.26869239733713984,0.9374568435182988,-0.10844496941454829,-0.14952010398000137,0.33084366304072854,0.38389830508474576,,False,,,0,0,0.375,0.898
PNFP,"Pinnacle Financial Partners, In",Financials,XLF,15106731008.0,2026-09-16,96.06999969482422,-0.03291722129668684,-0.03086853266797851,-0.0809336954297204,-0.06460120936280811,-0.05028871711936456,False,-0.06425346154227563,-0.03583469534848094,-0.04954773991545958,-0.040181044908900954,0.8852926778322544,1.0664608943941625,0.9338508519610105,0.8334906611786829,1.0664608943941625,88184131.60533218,0.27374310406801383,100.24499893188477,101.4537893931071,97.84904607137044,False,False,True,True,False,False,distribution,2,1,normal,False,False,,False,34.0,,0.02698926261049045,34.56750088126441,True,False,False,False,False,True,False,,Uptrend Under Pressure,104.25,-0.0784,0.36253257455260085,0.9550887806277483,-0.03076791098760756,0.12570237745158885,0.5900997434136822,0.3835805084745763,,False,,,0,0,0.375,0.898
FDX,FedEx Corporation,Industrials,XLI,77485899776.0,2026-09-16,301.7200012207031,-0.021215883792044088,-0.020329035505632254,-0.07757943229505404,-0.06118733849838476,-0.040022748181363976,False,-0.0608383215227446,-0.025412484675540692,0.0036674982580560123,0.046560303270180015,0.8926019592395971,1.0871923569110293,0.8180999320136955,0.44790418793988795,1.0871923569110293,459186308.473262,0.3070863303590023,320.4655288696289,317.23648122151695,313.18982950846356,False,False,False,True,True,False,distribution,1,3,normal,False,False,,False,8.0,분산3일,0.02300975935493706,34.64445654133826,True,False,True,False,False,True,False,,Uptrend Under Pressure,323.04,-0.066,0.32246445595494844,0.904562820667949,0.5620586410065773,0.005421084017695144,0.7793113729174949,0.3835275423728814,,False,,,0,0,0.375,0.898
WMB,"Williams Companies, Inc. (The)",Energy,XLE,91798724608.0,2026-09-16,70.9000015258789,-0.010191201389502025,-0.049702389200092845,-0.0494493703436546,-0.0325573845994751,-0.05681382218455899,False,-0.03219772403078158,-0.042459108500638054,-0.05464523597378379,-0.18830745837032337,0.9399166708135044,1.1530148319344067,1.024586912155274,0.8345738592475881,1.1530148319344067,570560702.9163036,0.4929580491718723,72.80363693237305,72.98691914876302,72.64714673360189,False,False,True,True,False,False,distribution,2,3,normal,False,False,,False,11.0,분산3일,0.026934464615533546,42.424630739130585,True,False,False,True,False,True,False,,Uptrend Under Pressure,74.51,-0.0484,0.32973629717674835,0.971181533185436,0.0884997672494694,-0.13290013836679093,0.5015512630551842,0.3833156779661017,,False,,,0,0,0.375,0.898
D,"Dominion Energy, Inc.",Utilities,XLU,58057510912.0,2026-09-16,63.5099983215332,-0.005636458687520718,-0.024423966050013957,-0.0649816329675652,-0.048365666985650146,-0.08904156620364923,False,-0.048011883371044006,-0.07517733896763634,-0.003884093688875323,0.016064771830109903,0.8948473180484582,0.8377593444651937,1.127733277693637,0.6359714050089569,0.8377593444651937,288645761.30484295,0.09174170653433052,65.52489700317383,67.68697903951009,65.48255949020385,False,False,False,True,False,False,dry_up,3,5,normal,False,False,,False,50.0,분산5일,0.017901904654603396,30.477966717881245,True,False,False,False,False,True,False,,Uptrend Under Pressure,69.13,-0.0813,0.37584546459920326,0.8773219778194903,-0.008623821901739048,-0.04836723185854663,0.4925644176213364,0.38289194915254243,,False,,,0,0,0.375,0.898
FMS,Fresenius Medical Care AG,Health Care,XLV,12102668288.0,2026-09-16,22.969999313354492,0.0004355500557748915,0.02866096694290632,-0.025042451865959325,-0.007716737179710109,-0.05880704647383317,False,-0.007347841746606409,-0.0444826684380093,-0.013652403497698584,-0.06966628163817923,0.8937742658155192,0.5960281606990573,0.8195537913711419,0.5009917191591762,0.5960281606990573,14022790.090991974,0.4680821706558881,22.946000003814696,23.684000142415364,22.732746267318724,True,False,False,True,False,False,weak_rally,1,1,normal,False,False,,False,,,0.014413222781684021,47.3867399255256,False,False,False,False,False,True,False,,Uptrend Under Pressure,,,0.485380745786818,0.9549750185957814,-0.16300304838633428,-0.08843825966502417,0.3326614506161686,0.38236228813559325,,False,,,0,0,0.375,0.898
EWBC,"East West Bancorp, Inc.",Financials,XLF,17381324800.0,2026-09-16,126.18000030517578,-0.019808867451222678,-0.01637042792410759,-0.06581777254001042,-0.049216665374971824,-0.035268039423233755,False,-0.048863198131135155,-0.020585412173667383,-0.033915610870639545,-0.02500050380031149,0.923718848222865,1.1407709175003455,1.0499939013396407,0.6223653451725186,1.1407709175003455,90940094.8772564,0.4163098912073609,129.1439987182617,130.62149200439453,125.27092965443929,False,False,True,True,False,False,distribution,2,2,normal,False,False,,False,101.0,,0.01953557229161397,37.87941127677659,True,False,False,True,False,True,False,,Uptrend Under Pressure,120.57,0.0465,0.3251916278211982,0.9550887806277483,0.08971648374389529,0.1300942410896131,0.6932926168190524,0.3789724576271187,,False,,,0,0,0.375,0.898
BEN,"Franklin Templeton, Inc.",Financials,XLF,17350825984.0,2026-09-16,32.720001220703125,-0.017122249298538006,-0.04103158719250011,-0.03736394219033645,-0.020257189474562898,-0.05573647769065149,False,-0.01989295613317621,-0.04136536748596609,-0.004490087130484044,-0.04568678539379745,0.9147330389144973,0.8289887122490317,0.8419739801725228,0.44714524476792517,0.8289887122490317,105054894.46739426,0.49809990717103736,34.02450008392334,33.650119590759275,31.262017822265626,False,False,True,True,True,False,dry_up,2,2,normal,False,False,,False,7.0,,0.02507203188783005,38.96567355383015,True,False,False,True,False,True,False,,Uptrend Under Pressure,34.73,-0.0579,0.3735062121138308,0.9550887806277483,0.2506304642813453,0.22896597204529634,0.829271620107694,0.3789194915254238,,False,,,0,0,0.375,0.898
MSCI,MSCI Inc.,Financials,XLF,41485529088.0,2026-09-16,540.6099853515625,-0.007326460545801772,-0.025119906999914066,-0.03937671412941535,-0.022305729855469525,-0.11529250099271537,False,-0.021942258088140765,-0.10182779684312548,-0.006571594883536314,-0.10587665686903458,0.8513957978659339,1.3647226104045211,1.2275781552060931,0.7353381854008219,1.3647226104045211,265964191.39411622,0.287992038681623,561.3005004882813,573.3415873209635,576.1020955403645,False,False,False,True,False,False,distribution,0,3,normal,False,False,,False,75.0,분산3일,0.02344640880980289,37.58764260594737,True,False,False,False,False,True,False,,Uptrend Under Pressure,629.13,-0.1407,0.5363659011711881,0.9550887806277483,-0.18046102304485911,-0.14532669738412052,0.26942015106067724,0.3782309322033899,,False,,,0,0,0.375,0.898
JLL,Jones Lang LaSalle Incorporated,Real Estate,XLRE,16832838656.0,2026-09-16,340.17999267578125,-0.0025217448029336564,-0.017388848408387614,-0.08314693206752377,-0.06685377684798355,0.014282078604664017,False,-0.06650686645149007,0.029718828183442625,-0.04416836980854577,0.07258086592330826,0.8660607074400065,1.2994233854185608,1.0689391827185337,0.39586000733241206,1.2994233854185608,112563291.31416321,0.2509157509157509,364.6029968261719,346.6511657714844,328.4993321736654,False,False,True,True,True,False,distribution,0,2,normal,False,False,,False,33.0,,0.03397152622214428,38.65246700734749,True,False,False,False,False,True,False,,Uptrend Under Pressure,361.72,-0.0595,0.35262553903105637,0.9304499659860984,-0.001508670065442752,0.05539117198139132,0.5750162625131003,0.37584745762711863,,False,,,0,0,0.375,0.898
WES,"Western Midstream Partners, LP",Energy,XLE,19873697792.0,2026-09-16,46.900001525878906,-0.006776782857936814,-0.04848852394513836,-0.05823288665883142,-0.04149699047763866,0.05879436647074199,False,-0.04114065333473049,0.07490856570131021,-0.06338074014830264,-0.08881670385124452,0.9417671133411686,0.9570824132198249,1.1853912217108873,0.44916658749511773,0.9570824132198249,34610167.123564914,0.28687845957326014,48.492499923706056,46.44335397084554,44.11313819885254,False,True,True,True,True,False,dry_up,0,4,normal,False,False,,False,84.0,분산4일,0.022966945945567214,41.68886756651814,False,False,False,True,False,True,False,,Uptrend Under Pressure,45.13,0.0392,0.31777107332678606,0.971181533185436,0.17943749640646844,0.05482871960422542,0.7133985038487947,0.3752648305084746,,False,,,0,0,0.375,0.898
LUV,Southwest Airlines Company,Industrials,XLI,18849191936.0,2026-09-16,39.150001525878906,-0.003309502481107174,0.012151013883012762,-0.07429113345405591,-0.057840604161778386,-0.21095159840079847,False,-0.057490342989991006,-0.198942766895288,0.007245430913527029,-0.1397851012530834,0.7957388828682811,1.5911156830751874,1.2283259831538345,1.1496759073586522,1.5911156830751874,189535648.32711107,0.5380443458520354,39.382376480102536,44.76129182179769,42.60127045313517,False,False,False,False,False,False,distribution,7,2,interest,False,True,acc,False,56.0,,0.0289258499378875,39.628014843061536,True,False,True,False,False,True,False,,Uptrend Under Pressure,51.67,-0.2423,0.44184961539130146,0.904562820667949,0.18211664090572,-0.08563617881915686,0.6051479888692133,0.3741525423728813,,False,,,0,0,0.375,0.898
ROK,"Rockwell Automation, Inc.",Industrials,XLI,47228002304.0,2026-09-16,414.9200134277344,-0.004987977391524234,-0.026192202159766254,-0.043235638664060994,-0.02623323032515068,-0.11985754032382867,False,-0.02587121866204911,-0.10646231326592559,0.04103629795868868,-0.040475013574926444,0.8653127255987694,0.9113687866545493,1.0770907048221574,0.5014768925178842,0.9113687866545493,292564939.74912566,0.2273384927822603,427.08249816894534,449.80154774983725,436.6712626139323,False,False,False,True,False,False,dry_up,2,2,normal,False,False,,False,61.0,,0.023920280368655743,37.613428253737766,True,False,True,False,False,True,False,,Uptrend Under Pressure,472.34,-0.1216,0.5187119317861273,0.904562820667949,0.10020848401464932,0.08091388564066437,0.6774800332478046,0.3726694915254237,,False,,,0,0,0.375,0.898
PLD,"Prologis, Inc.",Real Estate,XLRE,136015028224.0,2026-09-16,133.74000549316406,-0.015459296976886083,-0.014153015753467613,-0.04485072552259606,-0.02787701846832935,-0.07655780028467529,False,-0.027515617906877843,-0.06250357780734206,-0.004244060437436525,-0.023480296957074764,0.8912435537055288,0.9346471301363761,1.0182970993442635,0.5084336457771399,0.9346471301363761,429888255.4615021,0.28754241254241253,138.8279998779297,141.32299931844076,140.76576697031658,False,False,False,True,False,False,dry_up,2,3,normal,False,False,,False,38.0,분산3일,0.01697856006410067,35.208535582739145,True,False,False,False,False,True,False,,Uptrend Under Pressure,145.12,-0.0784,0.44247813640819333,0.9304499659860984,0.0747904229962677,-0.08179121215152485,0.5347611217520147,0.3726165254237288,,False,,,0,0,0.375,0.898
EME,"EMCOR Group, Inc.",Industrials,XLI,32400484352.0,2026-09-16,739.4600219726562,0.005356757582094307,-0.019660815451202907,-0.1031739346070426,-0.0872366739930518,-0.04523607547782582,False,-0.08689734122882509,-0.030705155607905654,-0.024181371340058155,0.04087677130513012,0.8573052157696212,0.8979480410478916,0.8682323181719835,0.64778551432058,0.8979480410478916,260480270.54647827,0.3080712033991228,756.7005004882812,779.7370758056641,809.2445856730143,False,False,False,True,False,False,weak_rally,1,1,normal,False,False,,False,33.0,,0.03167899995650133,43.80880050457832,True,False,False,False,False,True,False,,Uptrend Under Pressure,802.37,-0.0784,0.5292324617406806,0.904562820667949,0.16285239743027224,0.0234133163771455,0.6828412417332226,0.37198093220338985,,False,,,0,0,0.375,0.898
PPL,PPL Corporation,Utilities,XLU,25684355072.0,2026-09-16,33.40999984741211,0.005416801313734565,-0.02495256259933354,-0.05424227777547408,-0.03743546553124888,-0.08203777106247523,False,-0.03707761845860558,-0.06806695037087829,0.007557010472873937,0.02387666450056347,0.926000179105153,0.6071440588309988,0.8163947313261382,0.45802081933732836,0.6071440588309988,241325028.61830884,0.6176440889048458,34.30830669403076,35.16358133951823,35.81396249135335,False,False,False,False,False,False,weak_rally,0,3,normal,False,False,,False,54.0,분산3일,0.01568949802446105,35.7365992625616,True,False,True,True,False,True,False,,Uptrend Under Pressure,36.05,-0.0732,0.3381265339828075,0.8773219778194903,-0.13431071399086825,-0.1856798157282319,0.27179899533807955,0.371927966101695,,False,,,0,0,0.375,0.898
MGA,"Magna International, Inc.",Consumer Discretionary,XLY,17541275648.0,2026-09-16,63.7400016784668,0.0050457823834844096,-0.026424308996182866,-0.09292721327095621,-0.07680786086160629,-0.010040433018264072,False,-0.07646465103759137,0.005026142888939322,-0.04204946700779144,0.06368423762318032,0.8725530323839324,1.1871229095676321,0.9885463922705132,0.510019120458891,1.1871229095676321,81036773.00340538,0.434785132602458,66.61199989318848,66.60016638437907,63.816498343149824,False,False,True,True,True,False,accumulation,2,2,normal,False,False,,False,30.0,,0.027511316722606236,41.35590985792792,True,False,False,False,False,True,False,,Uptrend Under Pressure,69.54,-0.0835,0.2970027237156962,0.8883820050871151,0.31629008249889035,0.11669036851875147,0.8061210292363847,0.371927966101695,,False,,,0,0,0.375,0.898
NDAQ,"Nasdaq, Inc.",Financials,XLF,55120756736.0,2026-09-16,88.76000213623047,-0.005267300269204855,-0.05476480492843838,-0.07910179989100208,-0.06273675968929748,0.021766226237067032,False,-0.06238831873304873,0.03731687994098887,-0.04765328546059,0.03264077124531539,0.8953459744855337,1.0730078981278655,1.0771322091176512,0.40409557205167007,1.0730078981278655,277009799.5105381,0.4712647710082652,95.60029182434081,91.7469991048177,89.71663208007813,False,False,True,True,True,False,distribution,0,5,normal,False,False,,False,43.0,분산5일,0.02410677733500457,31.239346421368637,True,False,False,False,False,True,False,,Uptrend Under Pressure,93.93,-0.0551,0.353549509927289,0.9550887806277483,-0.1105957294614145,-0.031015764961523806,0.42997994290050956,0.3699682203389831,,False,,,0,0,0.375,0.898
AZO,"AutoZone, Inc.",Consumer Discretionary,XLY,48833056768.0,2026-09-16,2849.0400390625,-0.003919224171838098,-0.021274672107203574,-0.0729402302716744,-0.056465694433520563,-0.08123116549829257,False,-0.056114922119462896,-0.06724806876597123,-0.020941413390493824,-0.012808239978434499,0.9067110022370837,0.9451285102969794,1.0076856943144372,0.7109589973455716,0.9451285102969794,909541044.3879395,0.0,2953.2715087890624,3021.760001627604,3183.8408325195314,False,False,False,False,False,False,dry_up,3,4,normal,False,False,,False,52.0,분산4일,0.022747268510858357,38.97240315598118,True,False,False,True,False,True,False,,Uptrend Under Pressure,3159.28,-0.0982,0.34002415251790624,0.8883820050871151,-0.39662148345980597,-0.2419742736585767,0.08566188428318455,0.3698093220338984,,False,,,0,0,0.375,0.898
ACGLO,Arch Capital Group Ltd. - Depos,Financials,XLF,0.0,2026-09-16,18.110000610351562,-0.005491404675926681,-0.019341117373170014,-0.04105885675110865,-0.024017765392173263,-0.04385254226868662,False,-0.023654930098434668,-0.02930056587402441,-0.008311182385137283,-0.03367637056068873,0.9411322979498566,1.6526294049057506,1.4884170229512887,0.29725048574822105,1.6526294049057506,568669.0025058746,0.04000091552734375,18.56472816467285,18.814582061767577,19.04043672879537,False,False,False,False,False,False,distribution,2,4,interest,False,False,,False,,분산4일,0.016182189291364356,19.188203371540126,False,False,False,True,False,True,False,,Uptrend Under Pressure,,,0.4151791710191886,0.9550887806277483,-0.20731170598063697,-0.1620543451120563,0.2339046293953959,0.3697563559322034,,False,,,0,0,0.375,0.898
AEE,Ameren Corporation,Utilities,XLU,29348155392.0,2026-09-16,103.04000091552734,0.00019417853924275086,-0.030211756089154385,-0.05378869950250842,-0.03697382683784711,-0.10077342360420993,False,-0.03661580814444587,-0.08708774802419739,0.008040227218543139,0.002979293315830134,0.9120319404269952,0.7885154554669107,1.0245013660915627,0.5354449417181523,0.7885154554669107,144807314.48129845,0.27392810740580337,105.63753738403321,109.01312052408854,108.81407845815023,False,False,False,False,False,False,weak_rally,3,3,normal,False,False,,False,56.0,분산3일,0.0159724807586887,32.326022276718774,True,False,True,True,False,True,False,,Uptrend Under Pressure,117.49,-0.123,0.41634814694681427,0.8773219778194903,-0.058700644578935646,-0.15174319160963734,0.370726572946406,0.36954449152542374,,False,,,0,0,0.375,0.898
EXR,Extra Space Storage Inc,Real Estate,XLRE,31141130240.0,2026-09-16,136.42999267578125,-0.006336564869911854,0.01772552969141472,-0.06048103256470527,-0.04378508759432442,-0.07348842334661876,False,-0.043429601084101876,-0.05938748683957418,-0.02053886533364746,-0.020234498728445294,0.9030691160663731,0.9588251050727198,1.5181461481479543,0.635803499937914,0.9588251050727198,159224922.824646,0.2124496263547087,139.83080825805663,143.7853630065918,141.1917117436727,False,False,False,True,False,False,dry_up,4,4,normal,False,False,,False,34.0,분산4일,0.01911763338243712,36.95848741611067,True,False,False,True,False,True,False,,Uptrend Under Pressure,151.07,-0.0969,0.47489848925715944,0.9304499659860984,-0.10510258219320001,-0.07323568487458487,0.39505890643634134,0.36927966101694915,,False,,,0,0,0.375,0.898
CNP,"CenterPoint Energy, Inc (Holdin",Utilities,XLU,26085320704.0,2026-09-16,38.33000183105469,0.009215436888805995,-0.03620816218592415,-0.04886368423120191,-0.0319612904128459,-0.1404031460124422,False,-0.0316014082376499,-0.12732061044012255,0.013287061102827069,-0.0412229044602026,0.8653291012960671,1.0825134829897711,1.1886356686220942,0.6523984262549365,1.0825134829897711,240966294.38856888,0.8225905690096476,39.32950000762939,41.480122629801436,41.884785111745195,False,False,False,False,False,False,accumulation,1,3,normal,False,False,,False,51.0,분산3일,0.017992230421295764,35.4789407879738,True,False,True,False,False,True,False,,Uptrend Under Pressure,43.74,-0.1237,0.333598479337617,0.8773219778194903,-0.08735280043793026,-0.19197461846705055,0.3038144627949839,0.36848516949152543,,False,,,0,0,0.375,0.898
CCJ,Cameco Corporation,Energy,XLE,43013238784.0,2026-09-16,90.9000015258789,-0.0033987234042909265,-0.0947116999241695,-0.053420778075902065,-0.03659936717613865,-0.0478955690173235,False,-0.036241209272025676,-0.03340512500381587,-0.05859493534006388,-0.18063253718246575,0.8466840630505212,0.735321949539371,0.9048573005301483,0.7713696828446589,0.735321949539371,263108821.65224266,0.3616469447883377,99.18100051879883,96.01133346557617,104.19583320617676,False,False,False,False,False,False,dry_up,1,1,normal,False,False,,False,163.0,,0.03960390097902168,37.52622111696304,True,False,False,False,False,True,False,,Uptrend Under Pressure,121.87,-0.2541,0.3108959966746501,0.971181533185436,-0.031978992931770756,-0.23664470464391885,0.31869737270066134,0.3676906779661017,,False,,,0,0,0.375,0.898
XYL,Xylem Inc.,Industrials,XLI,25709234176.0,2026-09-16,107.2699966430664,-0.0021395661110101827,-0.003437409408027281,-0.05495678942849125,-0.038162674583310574,-0.1150196208442128,False,-0.03780509786098807,-0.10155076362655002,0.028282746621784538,-0.03520074851479971,0.8593633125681726,1.2480605188650296,1.1443319465018085,0.563925903501168,1.2480605188650296,258226440.6424431,0.27401000875011317,109.71943817138671,115.78851458231608,115.33411992390951,False,False,False,False,False,False,distribution,3,5,normal,False,False,,False,35.0,분산5일,0.025230045470843312,38.33285236549115,True,False,True,False,False,True,False,,Uptrend Under Pressure,124.5,-0.1384,0.4300889492826621,0.904562820667949,-0.29173942576196144,-0.16360299295770708,0.17910989844964043,0.3674788135593221,,False,,,0,0,0.375,0.898
MAS,Masco Corporation,Industrials,XLI,14229045248.0,2026-09-16,68.27999877929688,-0.008710779588356088,-0.015854691808407373,-0.06542058807435369,-0.04881242264842667,-0.1428935715195998,False,-0.04845880512160006,-0.1298489386921966,0.016897295151096836,-0.06558872928924664,0.8403312613303129,1.4278414216363626,1.3225744215998623,0.7611934815848803,1.4278414216363626,136055056.804924,0.2995390732947294,71.35906295776367,75.06780014038085,71.37562036514282,False,False,False,True,False,False,distribution,4,5,normal,False,False,,False,35.0,분산5일,0.026163271982971553,37.94727484115058,True,False,True,False,False,True,False,,Uptrend Under Pressure,81.25,-0.1597,0.5492723859261477,0.904562820667949,-0.13655332212007254,0.03884071491308294,0.4552573090961657,0.366896186440678,,False,,,0,0,0.375,0.898
PWR,"Quanta Services, Inc.",Industrials,XLI,91271970816.0,2026-09-16,619.280029296875,0.009668303492263997,-0.012281016000093459,-0.11042159365272974,-0.09461312928531296,-0.06503872718022952,False,-0.09427653882338227,-0.05080919149304686,-0.032067405191960385,0.01928806268525496,0.8573604565768717,0.7569835325409549,0.8440593807427521,0.7687761312278301,0.7569835325409549,614455536.5705445,0.4438369405971998,625.238003540039,652.0148620605469,661.8842142740885,False,False,False,True,False,False,weak_rally,0,1,normal,False,False,,False,86.0,,0.03341142995237046,45.83972988919999,True,False,False,False,False,True,False,,Uptrend Under Pressure,773.6,-0.1995,0.49788866234401113,0.904562820667949,0.585728338950199,0.09154918759490238,0.8433106862780528,0.3665783898305085,,False,,,0,0,0.375,0.898
STZ,"Constellation Brands, Inc.",Consumer Staples,XLP,22310463488.0,2026-09-16,123.02999877929688,-0.004772722489698178,0.012176023779356449,-0.06083970397483307,-0.04415013285993952,-0.06681211777970808,False,-0.0437947820604927,-0.05260957200703453,-0.035481362205672884,-0.04162016924161893,0.8839632508524005,0.6844984579587561,1.0617192722838706,0.6847058708809247,0.6844984579587561,265358456.8804016,0.13676238029414806,129.04049987792968,131.9958923339844,139.91000493367514,False,False,False,False,False,False,dry_up,3,4,normal,False,False,,False,109.0,분산4일,0.026388752510663575,37.60434891228978,True,False,False,False,False,True,False,,Uptrend Under Pressure,163.76,-0.2487,0.33125885417971573,0.9374568435182988,-0.1605408608997574,-0.2457304569693216,0.21338585522749448,0.36573093220338987,,False,,,0,0,0.375,0.898
ESS,"Essex Property Trust, Inc.",Real Estate,XLRE,19505250304.0,2026-09-16,271.3399963378906,-0.017062096226609924,-0.01104347717760723,-0.04360084413574883,-0.026604925767418686,-0.09808730839004587,False,-0.026243052287390878,-0.08436075178810121,-0.0029410423145543874,-0.0462472756247142,0.9101398446779875,0.791103608481799,0.7970495396072134,0.5640721600426223,0.791103608481799,137752289.2366806,0.18810359964881476,280.9164978027344,286.9749369303385,274.80006993611653,False,False,False,True,False,False,dry_up,2,3,normal,False,False,,False,50.0,분산3일,0.017821584298034397,36.14998137705035,True,False,False,True,False,True,False,,Uptrend Under Pressure,298.32,-0.0904,0.4158484826589371,0.9304499659860984,-0.05902034837905534,-0.007179857498174291,0.4870360666401648,0.36530720338983047,,False,,,0,0,0.375,0.898
CGNX,Cognex Corporation,Information Technology,XLK,10254924800.0,2026-09-16,60.099998474121094,0.016060810206852683,-0.028608380286418544,-0.0508695844167909,-0.03400283692413475,-0.07057565318729853,False,-0.03364371372292607,-0.056430386109421304,-0.04214869721284231,-0.08690084407572352,0.8415039467995794,0.9317762936518545,1.0062296672406001,0.7233560855498612,0.9317762936518545,91406854.8619587,0.46129916879840704,60.87575016021729,63.590804990132646,61.332656160990396,False,False,False,True,False,False,weak_rally,0,2,normal,False,False,,False,30.0,,0.03516756985316579,45.64273214225096,True,False,False,False,False,True,False,,Uptrend Under Pressure,71.42,-0.1585,0.3879396470756162,0.9290615743084026,0.28233663319623314,0.1490442920315287,0.8132593690144918,0.365042372881356,,False,,,0,0,0.375,0.898
EQT,EQT Corporation,Energy,XLE,33890459648.0,2026-09-16,50.40999984741211,-0.05101655005580219,-0.07724695475369714,-0.05137372174618671,-0.03451593314568835,-0.031241380529657192,False,-0.03415700069530636,-0.016497470007625803,-0.056559068555959824,-0.1663001806442861,0.9042152438997688,1.5367960562853284,1.0725376623473546,0.6868042109180179,1.5367960562853284,342362624.0005409,0.142608642578125,54.24949989318848,52.64654935201009,54.765507475535074,False,False,True,False,False,False,distribution,0,4,interest,False,False,,False,39.0,분산4일,0.02985518171551067,29.961534472282253,True,False,False,True,False,True,False,,Uptrend Under Pressure,53.84,-0.0637,0.4356843475355132,0.971181533185436,-0.09215087340313477,-0.28526923582394625,0.25654837194174407,0.3649894067796611,,False,,,0,0,0.375,0.898
RY,Royal Bank Of Canada,Financials,XLF,282631340032.0,2026-09-16,202.2899932861328,-0.009499106311466554,-0.021855830597262704,-0.0502371563503935,-0.03335917014456613,-0.03479896052727738,False,-0.03299980765106603,-0.020109194185339963,-0.01780291933000555,-0.02452643254951381,0.9340691448961308,0.6633810993306103,0.6579938162764153,0.39454183521325087,0.6633810993306103,243616856.23947373,0.33430680205958774,206.13349838256835,208.22410990397137,194.36069107055664,False,False,True,True,False,False,dry_up,0,0,normal,False,False,,False,37.0,,0.0165130710584728,38.73540056824215,True,False,False,True,False,True,False,,Uptrend Under Pressure,207.84,-0.0267,0.3559394922196845,0.9550887806277483,0.27417875234634703,0.1515078568677355,0.8117559900256587,0.36483050847457626,,False,,,0,0,0.375,0.898
TXN,Texas Instruments Incorporated,Information Technology,XLK,238275461120.0,2026-09-16,260.6700134277344,-0.010477088125055434,-0.0035168887305916385,-0.04249918168407174,-0.025483685961471103,-0.11421145842789615,False,-0.025121395644579048,-0.10073030147517659,-0.03370138477742579,-0.12977019333465278,0.8412145167015103,0.6944570521170846,0.993016855012329,0.8105031036769604,0.6944570521170846,1367644496.9737015,0.25737560887774014,261.011003112793,278.6000030517578,273.1568946838379,False,False,False,True,False,False,dry_up,0,2,normal,False,False,,False,61.0,,0.030783296004971948,45.13010675961733,True,False,False,False,False,True,False,,Uptrend Under Pressure,321.22,-0.1885,0.4353456783684797,0.9290615743084026,0.3778659524081851,0.26925840289967873,0.8852968812113766,0.36377118644067796,,False,,,0,0,0.375,0.898
XEL,Xcel Energy Inc.,Utilities,XLU,47278571520.0,2026-09-16,72.70999908447266,0.0030349182947497777,-0.037982852308524384,-0.07419365117174148,-0.05774138954741148,-0.0990476914451256,False,-0.05739109149117849,-0.08533575128276294,-0.013698059046081457,0.00490414036417719,0.8974665631671676,1.341049830447993,1.2136005100129972,0.6870044381429214,1.341049830447993,430652266.0126114,0.2909092170149606,75.58525466918945,77.79922841389974,78.10589796702067,False,False,False,False,False,False,accumulation,3,5,normal,False,False,,False,6.0,분산5일,0.018275170607763694,32.67090712614822,True,False,False,False,False,True,False,,Uptrend Under Pressure,76.27,-0.0466,0.31074022875988333,0.8773219778194903,-0.06174058113696068,-0.15344332808808847,0.36562556467059376,0.36371822033898304,,False,,,0,0,0.375,0.898
TFII,TFI International Inc.,Industrials,XLI,11029483520.0,2026-09-16,126.0999984741211,-0.0539424951172216,-0.04469698125665833,-0.10459421405535663,-0.08868219285465417,-0.1386666272254493,False,-0.08834339748264874,-0.1255576629049353,-0.025726749197647836,-0.06098054498695027,0.8051334593630239,1.2644556969594718,0.9836045967781549,1.1976335971013676,1.2644556969594718,24995639.324879456,0.23639456444311233,133.7380001068115,141.14415168762207,139.59655927022297,False,False,False,True,False,False,distribution,3,2,normal,False,False,,False,35.0,,0.03300667821387254,36.22975632348307,False,False,False,False,False,True,False,,Uptrend Under Pressure,147.76,-0.1466,0.35118835522062003,0.904562820667949,0.31214562521331324,0.2573980238580236,0.8588630696396949,0.3636122881355932,,False,,,0,0,0.375,0.898
ADSK,"Autodesk, Inc.",Information Technology,XLK,54587379712.0,2026-09-16,220.30999755859375,-0.027328929101131383,0.0662569101003112,-0.1072976881069796,-0.09143370963405528,0.02861687231607224,False,-0.09109593717759412,0.04427178864101933,-0.09909527878482194,0.01054938048717724,0.814213942241268,0.8192756336465168,1.0382131911257642,0.5944644634646568,0.8192756336465168,545159276.1440827,0.17418295380117516,238.4864990234375,227.05699920654297,229.75949986775717,False,False,True,False,False,False,dry_up,2,5,normal,False,False,,False,13.0,분산5일,0.051019019418794845,42.441078648316044,True,False,False,False,False,True,False,,Uptrend Under Pressure,270.58,-0.1858,0.2663763728844925,0.9290615743084026,-0.3633046421000764,-0.17495753104736878,0.13803711466878682,0.3628707627118644,,False,,,0,0,0.375,0.898
FIG,"Figma, Inc.",Information Technology,XLK,14652440576.0,2026-09-16,23.059999465942383,-0.03433834688618531,0.04770555320952341,-0.11341794452057463,-0.09766272751796412,0.03046926925204918,False,-0.09732727078760284,0.04615237791936777,-0.10527176990016707,0.01236924036547471,0.7531025092721622,0.7758541884478233,0.8858481031459949,0.6044090492272993,0.7758541884478233,375337643.9727677,0.384614679235594,25.654500102996828,23.729833443959553,22.03950006167094,False,False,True,False,True,False,dry_up,1,4,normal,False,False,,False,29.0,분산4일,0.07190249593861282,43.09379631382596,True,False,False,False,False,True,False,,Uptrend Under Pressure,28.15,-0.1808,0.4290833119081696,0.9290615743084026,-0.6093650757677728,-0.21383348929575408,0.06423963716526328,0.36223516949152545,,False,,,0,0,0.375,0.898
PTC,PTC Inc.,Information Technology,XLK,16898765824.0,2026-09-16,131.16000366210938,-0.011977373543432202,0.017611950370163942,-0.10458760590030136,-0.08867546726781017,0.04012495554172002,False,-0.08833666939547191,0.05595501781731893,-0.09636029555205738,0.021855326060564284,0.8251651851545371,0.9091098743886187,1.1230104963691037,0.520372443553737,0.9091098743886187,193946510.96065825,0.37053562305433885,145.23949966430663,134.75716692606608,136.1623336791992,False,False,True,False,False,False,dry_up,3,6,normal,False,False,,False,33.0,분산6일,0.04119287506377357,38.89398422974816,True,False,False,False,False,True,False,,Uptrend Under Pressure,136.3,-0.0377,0.3058749016194282,0.9290615743084026,-0.39506798309270896,-0.18205329275417526,0.12443713635213763,0.36117584745762715,,False,,,0,0,0.375,0.898
APD,"Air Products and Chemicals, Inc",Materials,XLB,68912267264.0,2026-09-16,287.0799865722656,-0.01197691015820701,-0.027638544682350052,-0.053259980308448585,-0.036435711913764934,-0.06682097243129448,False,-0.03607749316847808,-0.05261856142097354,-0.026564804015045018,-0.03741804856495512,0.9276804578918848,1.4209351001759785,0.9976818801913012,0.5932641402128679,1.4209351001759785,309272740.9908646,0.3572340857275863,300.5739974975586,298.03861643473306,294.02524490356444,False,False,True,True,True,False,distribution,1,3,normal,False,False,,False,11.0,분산3일,0.01999938981849439,36.089088031871015,True,False,False,True,False,True,False,,Uptrend Under Pressure,309.46,-0.0723,0.38915067273293164,0.938326855384374,-0.09745093544708483,-0.08068292872219762,0.395091431462542,0.3605402542372882,,False,,,0,0,0.375,0.898
TER,"Teradyne, Inc.",Information Technology,XLK,54692683776.0,2026-09-16,341.1499938964844,0.024936120296742637,-0.11087077660153055,-0.1561750558112589,-0.14117966421073735,-0.01407228493964019,False,-0.14086038552127444,0.0009329286604080611,-0.14842174600543379,-0.031389948508219745,0.7698469617263828,1.052902484572691,1.229518385210691,0.9033475981429429,1.052902484572691,863094431.5941894,0.4385797922347215,359.53646697998045,373.7341547648112,368.9075220743815,False,False,False,True,False,False,accumulation,4,1,normal,False,False,,False,61.0,,0.05598697796259044,44.08688880328193,True,False,False,False,True,True,False,,Uptrend Under Pressure,437.92,-0.221,0.3828959205648336,0.9290615743084026,2.2915901470619633,0.2786268672693384,0.9611922229048463,0.3597987288135593,,False,,,0,0,0.375,0.898
WSO-B,"Watsco, Inc.",Industrials,XLI,13037754368.0,2026-09-15,312.4599914550781,0.0,-0.011358951041131715,-0.04978254960208728,-0.03061238336936911,-0.10680309177073588,False,-0.015619798007723174,-0.0761755218222977,0.04853133501931994,-0.0104261297056234,0.8115843933898134,0.0,0.75,0.07142857142857142,0.0,49985.44982910156,0.5,313.33599243164065,339.27666015625,362.7425839742025,False,False,False,False,False,False,dry_up,0,1,normal,False,False,,False,,,0.002930655617000519,31.906538235227117,False,False,True,False,False,True,False,,Uptrend Under Pressure,,,0.7168619785609031,0.9053134474105995,-0.29284861737350976,-0.22111520270341778,0.13058888366882293,0.35963983050847464,,False,,,0,0,0.375,0.898
RYAAY,Ryanair Holdings plc,Industrials,XLI,28725360640.0,2026-09-16,52.630001068115234,0.013089514825587623,-0.029861731463313612,-0.05017142730468194,-0.0332922730452353,-0.2134514656352342,False,-0.032932885681786206,-0.2014806805719238,0.033489604100052306,-0.14251043855253498,0.7898844850307334,1.495254991526893,1.3697803707609624,0.7538148145922592,1.495254991526893,79351402.52913284,0.5876301228178497,54.70349979400635,59.208166186014815,58.81049976348877,False,False,False,False,False,False,accumulation,4,3,normal,False,False,,False,44.0,분산3일,0.023302833807153013,37.08280991327216,True,False,True,False,False,True,False,,Uptrend Under Pressure,66.63,-0.2101,0.4736181212731883,0.904562820667949,-0.15984066778924366,-0.19551067388792143,0.2430550034331972,0.35953389830508475,,False,,,0,0,0.375,0.898
CBRE,CBRE Group Inc,Real Estate,XLRE,42222972928.0,2026-09-16,138.55999755859375,-0.01106275815434754,-0.008018293069267157,-0.05933472716964594,-0.04261841150696566,-0.04407566218737613,False,-0.04226249126829418,-0.029527081540685285,-0.019343826572499334,0.010868845695007012,0.893531895364485,1.2020338607973589,1.0665597929085058,0.42158251538427066,1.2020338607973589,225886766.45890808,0.07650232216858027,145.99800033569335,143.68050079345704,140.73158384958904,False,False,True,True,True,False,distribution,2,6,normal,False,False,,False,33.0,분산6일,0.03316767476326002,40.672589421270445,True,False,False,False,False,True,False,,Uptrend Under Pressure,149.46,-0.0729,0.32442256322599644,0.9304499659860984,-0.24394824389894498,-0.062431797774310516,0.28881861877055404,0.35937500000000006,,False,,,0,0,0.375,0.898
NEE,"NextEra Energy, Inc.",Utilities,XLU,171759435776.0,2026-09-16,80.37000274658203,-0.008634475772507977,-0.027586191617709477,-0.06084001683207507,-0.04415045127688533,-0.09242060025166499,False,-0.04379510059581471,-0.07860779983617627,0.0005281508785657252,0.012295865004476436,0.9018195524844633,0.881379920616185,1.0217268105858772,0.5170182869576712,0.881379920616185,904876648.6514359,0.20353593503817718,82.9095947265625,85.55317192077636,87.57483603159586,False,False,False,False,False,False,dry_up,2,4,normal,False,False,,False,50.0,분산4일,0.016240646224274638,29.26375156983225,True,False,True,True,False,True,False,,Uptrend Under Pressure,87.81,-0.0847,0.35170582808965106,0.8773219778194903,0.041636353499691525,-0.1894393609926086,0.4146669798706227,0.3590572033898305,,False,,,0,0,0.375,0.898
LEN-B,Lennar Corporation,Consumer Discretionary,XLY,19816034304.0,2026-09-16,76.83000183105469,-0.022145830094538632,-0.029066036929047634,-0.07988021759215946,-0.06352901044710713,-0.09847561658927251,False,-0.06318086402135947,-0.08475496979935881,-0.028270664857282468,-0.031336926829619416,0.8854443333344764,1.2750531641940148,1.5250346747739454,0.8049395088831888,1.2750531641940148,7138438.364312744,0.13513569243220533,81.99649925231934,83.5344347635905,84.89804801940917,False,False,False,False,False,False,distribution,3,4,normal,False,False,,False,,분산4일,0.02953644247644344,37.11110102143402,False,False,False,False,False,True,False,,Uptrend Under Pressure,,,0.38145617744372906,0.8883820050871151,-0.42742093377243384,-0.1812909381886748,0.1139866647392577,0.35900423728813563,,False,,,0,0,0.375,0.898
WSO,"Watsco, Inc.",Industrials,XLI,12780753920.0,2026-09-16,304.20001220703125,0.005088245973330352,-0.017917636135492354,-0.030129067028045187,-0.012893745244733856,-0.2187885638203496,False,-0.01252677443809902,-0.20689900610976375,0.055297298228218494,-0.14832890465120063,0.7761760363904763,0.9430449997728578,0.8297561025950264,0.5945515463043073,0.9430449997728578,146062157.65484315,0.2545249923188191,311.54400329589845,343.8941579182943,368.9893071492513,False,False,False,False,False,False,weak_rally,0,1,normal,False,False,,False,98.0,,0.0277355100913948,39.11192667419998,True,False,True,False,False,True,False,,Uptrend Under Pressure,452.97,-0.3284,0.553439125868227,0.904562820667949,-0.29464876425705144,-0.2830514673899689,0.10536482237721803,0.3582627118644068,,False,,,0,0,0.375,0.898
EFX,"Equifax, Inc.",Industrials,XLI,22223443968.0,2026-09-16,163.8000030517578,-0.019631306819193672,-0.025522002377281083,-0.09660500518062853,-0.0805510098459783,-0.06694839778804118,False,-0.0802091915909009,-0.05274792611329904,-0.01703384970570576,0.017206153508062094,0.8440288527304162,0.9161925804917135,1.1026623403448597,0.6523036415330622,0.9161925804917135,220482295.61533356,0.2382862768969307,182.06928634643555,175.44215774536133,173.38712005615236,False,False,True,False,True,False,dry_up,1,5,normal,False,False,,False,41.0,분산5일,0.04344354554811164,34.89648960706758,True,False,False,False,False,True,False,,Uptrend Under Pressure,179.56,-0.0878,0.35922144241863957,0.904562820667949,-0.412784872077849,-0.18213344151626887,0.1188961367496657,0.35815677966101694,,False,,,0,0,0.375,0.898
BX,Blackstone Inc.,Financials,XLF,171214454784.0,2026-09-16,123.44999694824219,-0.02565114505352073,-0.04354234180725902,-0.12191478651478571,-0.1063105646610486,0.022919650817438075,False,-0.10597832288729092,0.03848785893426032,-0.09192832818078867,0.03380647159600558,0.8267478629316902,1.1260554545323107,1.1097541982826986,0.5734388176308377,1.1260554545323107,436524129.08774644,0.31492995676927077,136.60250015258788,130.6225331624349,124.45896453857422,False,False,True,True,True,False,distribution,1,3,normal,False,False,,False,29.0,분산3일,0.03396358616990577,32.647827182901466,True,False,False,False,False,True,False,,Uptrend Under Pressure,136.03,-0.0925,0.39962933958924846,0.9550887806277483,-0.32674596652062193,0.10504156934513387,0.36692385529977234,0.35736228813559323,,False,,,0,0,0.375,0.898
SNDK,Sandisk Corporation,Information Technology,XLK,229394644992.0,2026-09-16,1519.969970703125,-0.0071363801493522505,-0.13842207222613823,-0.06508264137031583,-0.04846847038221369,-0.06831286208976772,False,-0.04811472498623437,-0.054133156722721676,-0.05649234788086632,-0.08467779854407387,0.7933368490540781,0.6762583268540782,0.7745419795379886,0.7936847871573341,0.6762583268540782,17141029853.504406,0.2797094389053078,1579.583740234375,1585.9424072265624,1445.5046208699544,False,False,False,True,False,False,dry_up,1,0,normal,False,False,,False,11.0,,0.06276918670584895,47.028640779743235,True,False,False,False,False,True,False,,Uptrend Under Pressure,1566.7,-0.0298,0.7081497032190777,0.9290615743084026,15.779310732961179,1.1426129387596338,0.997457627118644,0.3569915254237288,,False,,,0,0,0.375,0.898
BRO,"Brown & Brown, Inc.",Financials,XLF,24148830208.0,2026-09-16,65.87999725341797,-0.020080411068080006,-0.009770051673008262,-0.05031000944188402,-0.033433317889223324,-0.05475216317097176,False,-0.03307398296120345,-0.04036607230452827,-0.0178782603419837,-0.04469199492348286,0.881962119955517,1.1190696320930456,1.1468497581709116,0.49413704791969826,1.1190696320930456,117518032.63318214,0.22629746805909418,70.54199981689453,69.13095792134602,64.99382289250691,False,False,True,True,True,False,distribution,1,6,normal,False,False,,False,35.0,분산6일,0.02827649015609372,37.67399920902265,True,False,False,False,False,True,False,,Uptrend Under Pressure,73.48,-0.1034,0.3440880890522997,0.9550887806277483,-0.3527949444754268,-0.12517391753371088,0.18976455494922484,0.35635593220338985,,False,,,0,0,0.375,0.898
ENTG,"Entegris, Inc.",Information Technology,XLK,20672311296.0,2026-09-16,130.1999969482422,0.004319635615783968,-0.08970147479936763,-0.13355963767611911,-0.11816235341589199,-0.043421353844693034,False,-0.11783451771337372,-0.02886281502734489,-0.12559853080954408,-0.060223505683979384,0.7948232640786806,0.9399288270536701,1.0654851418429112,1.0582166066487046,0.9399288270536701,269568615.32957995,0.5119381254891331,137.40899887084962,142.54387601216635,140.92919184366863,False,False,False,True,False,False,weak_rally,0,2,normal,False,False,,False,61.0,,0.04866414103621712,42.966725284297915,True,False,False,False,False,True,False,,Uptrend Under Pressure,178.62,-0.2711,0.47108790639230497,0.9290615743084026,0.5352612172940496,0.2151460206132576,0.892638502403238,0.3560911016949152,,False,,,0,0,0.375,0.898
HSY,The Hershey Company,Consumer Staples,XLP,35405111296.0,2026-09-16,170.7899932861328,0.0021710780493067183,-0.008130606512708805,-0.06901065070980195,-0.052466283344669074,-0.029919811967770937,False,-0.05211402419258737,-0.015155787984828528,-0.04387293332261344,-0.0037319342205984762,0.8991786411017819,0.8554654545001854,1.0834827284661397,0.5063450588344872,0.8554654545001854,215675851.1934372,0.051597567468262356,178.6129997253418,177.32626597086588,183.0052806854248,False,False,False,False,False,False,weak_rally,2,4,normal,False,False,,False,152.0,분산4일,0.023228138733084595,37.103746269648205,True,False,False,False,False,True,False,,Uptrend Under Pressure,226.48,-0.2459,0.3955934950593989,0.9374568435182988,-0.14963846599358188,-0.270605967236183,0.2123875176177225,0.3551906779661017,,False,,,0,0,0.375,0.898
CMCSA,Comcast Corporation,Communication Services,XLC,94464712704.0,2026-09-16,23.729999542236328,-0.028255550036932475,-0.034973591094551226,-0.0942748530067603,-0.07817944914943409,0.005146543395835312,False,-0.07783674923289674,0.020444255745955875,-0.11447329840467002,-0.004092311095056367,0.8724264292877862,1.0527927315367882,1.1204360822334722,0.6176817885564356,1.0527927315367882,596733040.2105815,0.15428597586495535,26.092000007629395,24.712786356608074,25.29125450452169,False,False,True,False,False,False,distribution,1,6,normal,False,False,,False,100.0,분산6일,0.03095840119744431,34.803764756995506,True,False,False,False,False,True,False,,Uptrend Under Pressure,31.21,-0.2398,0.347352700458174,0.9464981965192371,-0.25814503022161983,-0.24726570662703995,0.13791424234758412,0.3539194915254238,,False,,,0,0,0.375,0.898
NTES,"NetEase, Inc.",Communication Services,XLC,77969661952.0,2026-09-16,117.79000091552734,-0.014227106692062619,0.016482600167243566,-0.05198268868874267,-0.03513572187994185,-0.10357134812529045,False,-0.03477701984484782,-0.08992825523611248,-0.07312428552124894,-0.11181091670417298,0.8812605491463932,0.8168221106588411,0.8690389166891969,0.8874114051433528,0.8168221106588411,95050691.49863777,0.15126045032569113,120.49635391235351,124.8851936340332,120.48028081258138,False,False,False,True,False,False,dry_up,2,1,normal,False,False,,False,17.0,,0.01811035127879881,44.08280616201269,True,False,False,False,False,True,False,,Uptrend Under Pressure,127.66,-0.0773,0.3171133771121128,0.9464981965192371,-0.3066273796080642,-0.09093683725809021,0.23033229735101732,0.35354872881355937,,False,,,0,0,0.375,0.898
HON,Honeywell International Inc.,Industrials,XLI,67676196864.0,2026-09-16,207.66000366210938,0.02074322242459936,0.013321676103542623,-0.08805060146940302,-0.07184458807171468,-0.08228451567519235,False,-0.07149953308036294,-0.06831745028488367,-0.007725972938281589,0.0004868279651308871,0.8371843497063378,1.7343413363850695,1.1646641738319845,0.6254515706806283,1.7343413363850695,604951681.1932633,0.5326957241245042,211.09499969482422,226.06731541951498,229.12568524678548,False,False,False,False,False,False,accumulation,3,1,interest,True,False,surge,False,56.0,,0.022289171651265222,39.983930081692854,True,False,False,False,True,True,False,,Uptrend Under Pressure,242.81,-0.1447,0.46385106085623584,0.904562820667949,-0.054395558979760006,-0.1766586352592382,0.34892486718947635,0.3529661016949153,,False,,,0,0,0.375,0.898
DDOG,"Datadog, Inc.",Information Technology,XLK,85115133952.0,2026-09-16,230.7899932861328,0.0022581708603983675,0.024503879384649485,-0.06182929558482597,-0.04515731024269076,-0.1088760575290284,False,-0.044802333875778366,-0.09531369905523734,-0.05320910940500967,-0.12452850790433168,0.800937005638259,0.7588978502927773,0.7719830627932894,0.9320216191048124,0.7588978502927773,823579580.2525116,0.38438063402895456,226.26849899291992,244.92383371988933,210.67400035858154,True,False,False,True,False,False,weak_rally,3,2,normal,False,False,,False,34.0,,0.050416890628888565,49.5651782389209,True,False,False,False,False,True,False,,Uptrend Under Pressure,264.2,-0.1265,0.4263591520430005,0.9290615743084026,0.5090443072703834,0.6572883865085171,0.9297025767048535,0.35238347457627117,,False,,,0,0,0.375,0.898
SF,Stifel Financial Corporation,Financials,XLF,12197919744.0,2026-09-16,75.58000183105469,-0.01614160203977555,-0.06286422317298235,-0.09352135116480653,-0.07741255702402217,0.003885591864802862,False,-0.07706957200441644,0.01916411330794965,-0.06256526191913336,0.014569835257804753,0.8858480578657874,1.4403426763609162,0.8517702443428288,0.5094020840766618,1.4403426763609162,84823359.89761429,0.4757123979869597,79.9188793182373,78.92014770507812,76.55546754201254,False,False,True,True,True,False,distribution,0,3,normal,False,False,,False,61.0,분산3일,0.024046041659475607,32.70478975045738,True,False,False,False,False,True,False,,Uptrend Under Pressure,73.23,0.0321,0.34496263336400906,0.9550887806277483,-0.050200331629895456,0.024361737179019016,0.5156743522098948,0.3522245762711865,,False,,,0,0,0.375,0.898
BMO,Bank Of Montreal,Financials,XLF,118730997760.0,2026-09-16,172.60000610351562,-0.006332705031965702,-0.00017377500114912348,-0.054609195490679885,-0.03780890364486489,-0.03312002973535633,False,-0.03745119540315822,-0.018404711099099913,-0.022324262851576848,-0.022829633082749323,0.9289059166425506,0.41467040236995784,0.5230422537665561,0.3442515189731308,0.41467040236995784,151087947.60143584,0.44535607974585384,173.3140007019043,176.6108050028483,164.44923299153646,False,False,True,True,False,False,dry_up,0,1,normal,False,False,,False,33.0,,0.018324760568239205,44.458916552159124,True,False,False,True,False,True,False,,Uptrend Under Pressure,178.62,-0.0337,0.30424405045983766,0.9550887806277483,0.24519610282702842,0.16053623322064636,0.8040556900726392,0.35158898305084746,,False,,,0,0,0.375,0.898
BAC,Bank of America Corporation,Financials,XLF,433130831872.0,2026-09-16,57.900001525878906,-0.02721772378067,-0.07611292137279924,-0.09395285589098401,-0.0778517299074295,-0.03598211559825082,False,-0.07750890815659717,-0.02131035614900001,-0.0630115024571587,-0.025722179809131163,0.8979388060681606,1.4339273567340187,1.2948811303545484,0.6973050969254756,1.4339273567340187,2115158865.7151113,0.3257925425226724,61.64296321868896,61.09693565368652,56.49039704004924,False,False,True,True,True,False,distribution,3,2,normal,False,False,,False,106.0,,0.02427286136810051,29.0411990083703,True,False,False,False,False,True,False,,Uptrend Under Pressure,53.76,0.0769,0.24772025626019378,0.9550887806277483,0.08562723224363422,0.17299649739506306,0.7110729644754437,0.3514830508474577,,False,,,0,0,0.375,0.898
BAM,Brookfield Asset Management Inc,Financials,XLF,82258460672.0,2026-09-16,45.18000030517578,-0.014397902382529804,-0.05322717624796236,-0.11367034417037347,-0.09791961249569092,-0.028648794132662636,False,-0.09758425126597825,-0.013865426039788131,-0.08340233955470466,-0.018310810613749617,0.8166736586494688,1.0008370012491092,1.2499463976654406,0.7544691265797591,1.0008370012491092,112115167.26212272,0.32317010764893606,49.695949172973634,48.65044542948405,47.519206523895264,False,False,True,True,True,False,distribution,3,6,normal,False,False,,False,22.0,분산6일,0.028829888521929137,28.73959085108703,True,False,False,False,False,True,False,,Uptrend Under Pressure,53.79,-0.16,0.4412886155628421,0.9550887806277483,-0.20839346763994382,0.030718212224046137,0.3866466697987062,0.35084745762711866,,False,,,0,0,0.375,0.898
AA,Alcoa Corporation,Materials,XLB,13182276608.0,2026-09-16,46.2599983215332,-0.005589039846775834,-0.08811356714051477,-0.07516997404678905,-0.05873506240001136,-0.0622307935491877,False,-0.058385133755811225,-0.04795852283867119,-0.04909259264244359,-0.03268324075719076,0.8553993482849522,0.9234098624824996,0.93448681172026,0.7006195051664484,0.9234098624824996,192370206.52409878,0.2644361322458937,49.87599983215332,48.88281726837158,58.3219518661499,False,False,False,False,False,False,dry_up,0,0,normal,False,False,,False,25.0,,0.04182724641789583,39.00001911548443,True,False,False,False,False,True,False,,Uptrend Under Pressure,54.08,-0.1446,0.3801739114525206,0.938326855384374,0.3122422485053389,-0.31499925650425087,0.5124688301832243,0.35074152542372883,,False,,,0,0,0.375,0.898
ZM,"Zoom Communications, Inc.",Information Technology,XLK,28209649664.0,2026-09-16,91.94000244140625,-0.012141369475912933,-0.044083986798878816,-0.12195584714659835,-0.10635235497057183,0.06404039589350874,False,-0.10602012873295685,0.0802344364662344,-0.1138881212667825,0.04535069550473958,0.8370357384078904,0.789892922329535,0.8625448358118375,0.4358824490175373,0.789892922329535,332060473.46517944,0.2093025318926208,98.5205005645752,95.20216649373373,94.79666646321614,False,False,True,True,True,False,dry_up,1,2,normal,False,False,,False,23.0,,0.03584635207358588,39.36452605698669,True,False,False,False,False,True,False,,Uptrend Under Pressure,109.84,-0.163,0.30781652782869984,0.9290615743084026,0.05520694319337971,0.199592074025005,0.6956642333128547,0.35031779661016954,,False,,,0,0,0.375,0.898
KNX,Knight-Swift Transportation Hol,Industrials,XLI,11150413824.0,2026-09-16,65.77999877929688,-0.03956780798654713,-0.04375639040805779,-0.06717124877363523,-0.050594193879491045,-0.1200566578567216,False,-0.05024123875149211,-0.10666446124523665,0.014992436016485033,-0.0406920900787876,0.853202936424184,3.273442395327908,1.4494463068757537,0.6205778402648058,3.273442395327908,236054451.686174,0.40106892964239815,68.75923004150391,71.74514261881511,69.55997540156046,False,False,False,True,False,False,distribution,3,4,attention,False,False,,False,61.0,분산4일,0.03830643307155632,39.6038856362512,True,False,True,False,False,True,False,,Uptrend Under Pressure,73.94,-0.1103,0.33494459586911773,0.904562820667949,0.49441520587114174,0.20327103692419568,0.8847791912110151,0.35010593220338987,,False,,,0,0,0.375,0.898
ES,Eversource Energy (D/B/A),Utilities,XLU,26419965952.0,2026-09-16,67.86000061035156,0.009671202718838812,-0.036626941249764955,-0.060371095772035144,-0.04367319714376727,-0.09980680257339902,False,-0.043317669036676665,-0.08610641561564969,0.0010277129654503447,0.004057443032303931,0.9001193946112328,1.2827889410788222,1.0639378306750387,0.5038538056300956,1.2827889410788222,133601829.53191528,0.6845231607629427,70.32499961853027,72.27316678365072,70.33213596343994,False,False,True,True,False,False,accumulation,2,3,normal,False,False,,False,147.0,분산3일,0.01835185613424548,34.65594386361646,True,False,True,True,False,True,False,,Uptrend Under Pressure,71.74,-0.0541,0.3152544914461764,0.8773219778194903,-0.028991408739763802,-0.13258583834212823,0.4038912579957356,0.34925847457627124,,False,,,0,0,0.375,0.898
BAX,Baxter International Inc.,Health Care,XLV,13441896448.0,2026-09-16,23.530000686645508,-0.007591666165226774,-0.03526030030849159,-0.09255673461869862,-0.07643079853046075,0.021048286890423595,False,-0.07608744852815497,0.03658801399893319,-0.0819554292552731,0.009267702027399016,0.8303025750794211,1.888707491465835,1.3003380421243393,0.4688238011926027,1.888707491465835,126032034.34933767,0.5109498603596956,25.378440380096436,24.439648596445718,21.318194754918416,False,False,True,True,True,False,distribution,1,6,interest,False,False,,False,25.0,분산6일,0.033588533265341454,33.520650678122735,True,False,False,False,False,True,False,,Uptrend Under Pressure,27.6,-0.1474,0.6608102158370986,0.9549750185957814,-0.07759469145057518,0.2705091797784034,0.6098117162372159,0.34915254237288135,,False,,,0,0,0.375,0.898
AMGN,Amgen Inc.,Health Care,XLV,232406892544.0,2026-09-16,376.3500061035156,0.0018634692357379912,-0.03813219344465213,-0.1098819252049571,-0.09406387053120424,0.01974087049400608,False,-0.09372707587451024,0.035260699528860906,-0.09948302327862957,0.007975370255290493,0.8474061295173396,0.9290003995352019,1.0410815420243782,0.5697412373487558,0.9290003995352019,1068009129.0612609,0.40645529661155994,418.8054901123047,391.4778564453125,364.7840868631999,False,False,True,True,True,False,weak_rally,2,4,normal,False,False,,False,29.0,분산4일,0.028852319563526296,33.261070774030145,True,False,False,False,False,True,False,,Uptrend Under Pressure,405.46,-0.0718,0.20660633663435526,0.9549750185957814,0.32110981450420595,0.010420206389811115,0.734726789779914,0.34841101694915255,,False,,,0,0,0.375,0.898
PNW,Pinnacle West Capital Corporati,Utilities,XLU,11833697280.0,2026-09-16,94.98999786376953,0.000948328097403417,-0.022535526183669052,-0.05152275170735787,-0.034667611479182736,-0.12487075946458326,False,-0.03430873541738144,-0.11155183051949524,0.010454240377219204,-0.023898391937762442,0.8770584020703053,0.8907655984418921,0.8848023326241717,0.5310002414314201,0.8907655984418921,88042371.63910484,0.1524072680093757,97.35849952697754,101.8105894724528,101.09041894276938,False,False,False,False,False,False,weak_rally,1,0,normal,False,False,,False,56.0,,0.016312473837170178,29.06666147253823,True,False,True,False,False,True,False,,Uptrend Under Pressure,107.11,-0.1131,0.4927723281357153,0.8773219778194903,0.009313853478036815,-0.1396301266486768,0.4318691048390011,0.3480402542372882,,False,,,0,0,0.375,0.898
BSY,"Bentley Systems, Incorporated",Information Technology,XLK,11101914112.0,2026-09-16,31.100000381469727,-0.024466712667194357,-0.028428553195247064,-0.10219396854945029,-0.08623929321586599,-0.04936755701564344,False,-0.08589958966113298,-0.03489951575438033,-0.09394466476279029,-0.06606526474158159,0.8253715533329702,1.262149585850327,1.232532357623359,0.871467974093186,1.262149585850327,77227099.47956905,0.4101383136562762,34.70599985122681,33.54999990463257,33.262244669596356,False,False,True,False,True,False,distribution,2,5,normal,False,False,,False,29.0,분산5일,0.039632522524433444,34.14256181651989,True,False,False,False,False,True,False,,Uptrend Under Pressure,36.04,-0.1371,0.3971984770287502,0.9290615743084026,-0.4381593236589727,-0.20645046363989839,0.09448700805897872,0.3480402542372881,,False,,,0,0,0.375,0.898
MAR,Marriott International,Consumer Discretionary,XLY,89119490048.0,2026-09-16,334.9700012207031,-0.006731078992423978,0.010406649135382917,-0.06067019744475999,-0.04397761407381162,-0.12586051113474284,False,-0.043622199138049544,-0.11255664560149992,-0.007983153967057288,-0.06076124035567598,0.8751844248178237,0.7660053321208475,1.0031616505767522,0.7006523066816528,0.7660053321208475,511214462.8547821,0.32877380634590425,343.62850189208984,359.18085327148435,361.336691792806,False,False,False,True,False,False,dry_up,3,3,normal,False,False,,False,61.0,분산3일,0.022270775185578785,40.15425333037845,True,False,False,False,False,True,False,,Uptrend Under Pressure,395.4,-0.1528,0.49902998772221013,0.8883820050871151,0.14485869337820656,-0.05730245864395045,0.6113738209678002,0.34687500000000004,,False,,,0,0,0.375,0.898
GEV,GE Vernova Inc.,Industrials,XLI,239308718080.0,2026-09-16,925.0900268554688,0.047892558323761936,-0.02728586786193854,-0.07908175975287723,-0.06271636342313813,-0.1483343730930925,False,-0.06236791488428706,-0.1353725459202202,0.0020328455909874865,-0.07152025207689627,0.8474857978642922,1.6765863503703764,1.0895690522872268,0.8156150732424534,1.6765863503703764,1968405714.7546387,0.7326253978203314,934.3490051269531,1007.235503133138,1005.0230600992838,False,False,False,True,False,False,accumulation,2,1,interest,True,False,surge,False,101.0,,0.041824966793272834,46.21149319814096,True,False,True,False,False,True,False,,Uptrend Under Pressure,1126.98,-0.1791,0.33572564906801355,0.904562820667949,0.4552561390265992,0.10450010781430863,0.8334510859744859,0.34687500000000004,,False,,,0,0,0.375,0.898
ROL,"Rollins, Inc.",Industrials,XLI,17354913792.0,2026-09-16,33.529998779296875,-0.0071069492216018215,-0.029241520250696484,-0.0768172064694409,-0.06041156735768971,-0.23406497238816126,False,-0.060062261978080955,-0.22240791222288236,0.004496861039291922,-0.16498313552315125,0.7411653370891541,1.1830260560410204,1.1892531625470206,1.0103168242826313,1.1830260560410204,165703525.80377883,0.0,35.655999946594235,39.036288833618165,45.35266923904419,False,False,False,False,False,False,distribution,3,5,normal,False,False,,False,149.0,분산5일,0.024402458881361888,28.507570684176997,True,False,True,False,False,True,False,,Uptrend Under Pressure,64.86,-0.4831,0.4289549082361129,0.904562820667949,-0.4521524101097095,-0.4383330238813743,0.032814137544721914,0.3466631355932203,,False,,,0,0,0.375,0.898
HUBB,Hubbell Inc,Industrials,XLI,23933155328.0,2026-09-16,439.07000732421875,0.0012314061670239962,-0.03494734565756874,-0.08975611002911277,-0.07358040477638617,-0.08804215013906269,False,-0.07323599509961265,-0.07416271240506378,-0.009581702926653946,-0.005790103763419596,0.847601327842054,0.6520861503446986,0.9863668074253834,0.6289219188333747,0.6520861503446986,208888016.38748473,0.33495587779105146,457.8484573364258,481.62843831380206,490.4830876668294,False,False,False,False,False,False,weak_rally,3,2,normal,False,False,,False,146.0,,0.028033110816376307,36.44669692058381,True,False,False,False,False,True,False,,Uptrend Under Pressure,519.65,-0.1551,0.4248150110226992,0.904562820667949,-0.01736694963805474,-0.07304412571858698,0.46008817895992193,0.3466101694915254,,False,,,0,0,0.375,0.898
ELAN,Elanco Animal Health Incorporat,Health Care,XLV,11946833920.0,2026-09-16,22.860000610351562,-0.006086929984714717,-0.02929930569267858,-0.032994873072561215,-0.015810478776265624,-0.080040709887096,False,-0.015444592306855465,-0.06603949515235463,-0.021697729736279814,-0.09065495666352297,0.8639456311911342,1.4294645656593066,1.2010969198517647,0.5093271399509943,1.4294645656593066,117551368.91195908,0.24475679309406562,23.960499954223632,24.431166648864746,23.742083263397216,False,False,False,False,False,False,distribution,0,3,normal,False,False,,False,29.0,분산3일,0.03210535382090958,40.01112855600239,True,False,False,False,False,True,False,,Uptrend Under Pressure,26.22,-0.1281,0.4297526695806031,0.9549750185957814,0.07155063986119026,-0.19028736594588758,0.4377028296772794,0.34602754237288136,,False,,,0,0,0.375,0.898
COF,Capital One Financial Corporati,Financials,XLF,131598630912.0,2026-09-16,203.19000244140625,-0.017693998327840355,-0.036374837080261235,-0.08253938988820508,-0.0662354381960607,-0.0034348107905118885,False,-0.06588829792336814,0.011732298625360293,-0.05120826856228611,0.007171522366166361,0.8969277322471083,1.3246338939564315,1.11032106930719,0.4496745030738117,1.3246338939564315,678171684.7539062,0.33933159432796595,213.63400115966797,210.38343505859376,199.34821688334148,False,False,True,True,True,False,distribution,3,2,normal,False,False,,False,59.0,,0.024139966584354123,36.31415219966476,True,False,False,False,False,True,False,,Uptrend Under Pressure,197.11,0.0308,0.40205593050302574,0.9550887806277483,-0.16013236196772496,0.05077762043092959,0.44326280221170183,0.34586864406779666,,False,,,0,0,0.375,0.898
BPOP,"Popular, Inc.",Financials,XLF,10726905856.0,2026-09-16,160.9600067138672,-0.023893191803818437,-0.018237299606836066,-0.07833953413516503,-0.06196094790878892,-0.04451760937200078,False,-0.061612218533463325,-0.029975754889717265,-0.0468649884608876,-0.03434851589967247,0.9098982364474767,1.3353253425671319,1.109735604871712,0.627513588916188,1.3353253425671319,81787768.56807709,0.4334840204727714,167.07619552612306,169.4713129679362,158.12262077331542,False,False,True,True,False,False,distribution,4,5,normal,False,False,,False,48.0,분산5일,0.019671438343653713,32.922066638881745,True,False,False,True,False,True,False,,Uptrend Under Pressure,168.47,-0.0446,0.28644430477047783,0.9550887806277483,0.22875579017657222,0.17484878379409263,0.7999774131762496,0.3454449152542373,,False,,,0,0,0.375,0.898
LYV,"Live Nation Entertainment, Inc.",Communication Services,XLC,41907085312.0,2026-09-16,171.1300048828125,0.0052279097799028396,0.006706273032588861,-0.04843189297398254,-0.03152182590652852,-0.07736426099971216,False,-0.03116178035414452,-0.06332231235858876,-0.06965267558774024,-0.08584471332452637,0.9080441408591995,0.961166943780694,0.9946344756785703,0.7100530120481928,0.961166943780694,316425278.02439576,0.2884240534087033,177.2760009765625,179.7863337198893,171.01733385721843,False,False,True,True,False,False,weak_rally,2,4,normal,False,False,,False,54.0,분산4일,0.024137886276340455,38.92015317476312,True,False,False,True,False,True,False,,Uptrend Under Pressure,183.11,-0.0654,0.42872030131807,0.9464981965192371,-0.09482859449780068,0.02216862718886614,0.47496837844674933,0.3453919491525424,,False,,,0,0,0.375,0.898
DOV,Dover Corporation,Industrials,XLI,26158940160.0,2026-09-16,188.36000061035156,-0.00322802882156481,-0.015985777807254076,-0.06993473384026838,-0.05340678811389876,-0.125105629031797,False,-0.053054878607857625,-0.11179027465710611,0.011985542804853866,-0.04619644218106789,0.8682775520240882,1.1213110507672153,1.001146285876044,0.6522341193509522,1.1213110507672153,238222156.12186354,0.2841172093150273,194.84111938476562,205.7790786743164,210.60048281351726,False,False,False,False,False,False,distribution,4,5,normal,False,False,,False,61.0,분산5일,0.020740326585585,34.83296100975804,True,False,True,False,False,True,False,,Uptrend Under Pressure,222.98,-0.1553,0.5061715835670755,0.904562820667949,0.0235677574401727,-0.16408285569072545,0.4219724621444834,0.3453389830508474,,False,,,0,0,0.375,0.898
BLK,"BlackRock, Inc.",Financials,XLF,187759116288.0,2026-09-16,1037.239990234375,-0.020233165750806914,-0.03245248557572422,-0.09683982638889632,-0.08079000400030345,0.02413952371314343,False,-0.08044827459470627,0.039726297545367606,-0.06599706249879367,0.035039327464104986,0.8814066125386293,1.1113031237439561,0.8478360200757284,0.36566551930846086,1.1113031237439561,635943609.2017212,0.4499023354800555,1117.182794189453,1079.1751963297527,1051.8677912394205,False,False,True,True,True,False,distribution,0,3,normal,False,False,,False,44.0,분산3일,0.023933753808585683,32.690647241076036,True,False,False,False,False,True,False,,Uptrend Under Pressure,1087.82,-0.0465,0.46102827224001336,0.9550887806277483,-0.11567832229230479,0.02591755621235503,0.46385385421560477,0.3445974576271187,,False,,,0,0,0.375,0.898
ETR,Entergy Corporation,Utilities,XLU,49607593984.0,2026-09-16,102.31999969482422,-0.00582975597352986,-0.045255188550768155,-0.053293875265048696,-0.03647020920874233,-0.11393892943856332,False,-0.036112003288315875,-0.10045362476219755,0.008567385091736934,-0.011705247916048767,0.8877171984559836,1.1668063071292232,1.222174241628329,0.4819206720569427,1.1668063071292232,260944050.24802017,0.2995497972369235,106.10949935913087,109.52076517740885,110.42087491353352,False,False,False,True,False,False,distribution,2,6,normal,False,False,,False,6.0,분산6일,0.019365015879108823,32.89840673623357,True,False,True,False,False,True,False,,Uptrend Under Pressure,108.53,-0.0572,0.3962736122137494,0.8773219778194903,0.043272844564252955,-0.10637267649782889,0.48861985472154956,0.34417372881355934,,False,,,0,0,0.375,0.898
YUM,"Yum! Brands, Inc.",Consumer Discretionary,XLY,41838465024.0,2026-09-16,137.9600067138672,-0.019961621604805746,-0.04960041861807685,-0.04283065221161042,-0.025821046964752292,-0.17911665095919183,False,-0.025458882066617172,-0.1666233111281613,0.010857012020128343,-0.11798349303881772,0.839065427794189,1.0360080327979768,1.0125118196435612,0.6671873979369092,1.0360080327979768,338479057.15230024,0.05278819391617967,148.8769386291504,151.3403340657552,152.4511974334717,False,False,False,False,False,False,distribution,0,3,normal,False,False,,False,18.0,분산3일,0.028422120545284476,35.69066763948837,True,False,True,False,False,True,False,,Uptrend Under Pressure,151.57,-0.0898,0.30338083341214866,0.8883820050871151,-0.16358091787124707,-0.23055829038312403,0.215272306747136,0.343802966101695,,False,,,0,0,0.375,0.898
WY,Weyerhaeuser Company,Real Estate,XLRE,16843600896.0,2026-09-16,21.809999465942383,-0.021534384471495915,-0.03452858261960445,-0.06774180766787419,-0.051174892026082386,-0.0628787808091209,False,-0.05082215278088842,-0.0486163720662689,-0.02810832083971415,-0.009015036391438414,0.8518040137001138,2.4381150074575446,1.2894787742703364,0.5215242787617473,2.4381150074575446,123297245.3754983,0.1369865519124398,23.14775629043579,23.775199095408123,23.799820518493654,False,False,False,False,False,False,distribution,4,6,attention,False,False,,False,26.0,분산6일,0.02107853190862263,30.087222693458912,True,False,False,False,False,True,False,,Uptrend Under Pressure,25.06,-0.1297,0.4724840556160433,0.9304499659860984,-0.15707625682191173,-0.1294003682140482,0.3034485562502258,0.3432203389830509,,False,,,0,0,0.375,0.898
SO,Southern Company (The),Utilities,XLU,101231943680.0,2026-09-16,86.2300033569336,0.0032577826484394556,-0.02388491134736459,-0.06342995934884232,-0.04678641898232394,-0.11387570172593131,False,-0.046432048259783976,-0.1003894347626566,-0.0022310280085522383,-0.011634724993130119,0.8940054704975969,1.0192667045816644,0.9028587028435371,0.5640807906829666,1.0192667045816644,515150138.4815575,0.37500099341169363,88.61999969482422,92.29617563883464,92.57597058614095,False,False,False,False,False,False,accumulation,4,1,normal,False,False,,False,56.0,,0.014951721813637742,30.605721021333594,True,False,False,False,True,True,False,,Uptrend Under Pressure,96.36,-0.1052,0.3685059350184448,0.8773219778194903,-0.12598623830966693,-0.17552632499660104,0.28836507534964406,0.3430084745762712,,False,,,0,0,0.375,0.898
FTV,Fortive Corporation,Industrials,XLI,17770684416.0,2026-09-16,55.29999923706055,-0.020372037384167818,-0.009138185337414062,-0.06867413475856976,-0.05212378725679445,-0.12227335745196288,False,-0.05177140077691489,-0.10891489764532236,0.013357175627160434,-0.04310872005232025,0.8638995660408167,1.0531540267228496,0.8885399634450634,0.5999780749638873,1.0531540267228496,128375078.2950697,0.3254435999936798,57.627454948425296,59.99483172098795,59.70905904769897,False,False,False,True,False,False,distribution,2,5,normal,False,False,,False,35.0,분산5일,0.022180829134955487,37.23566107175788,True,False,True,False,False,True,False,,Uptrend Under Pressure,64.01,-0.1361,0.4121622567712126,0.904562820667949,0.05982720243206696,-0.06128963467660009,0.5412516714249576,0.34173728813559323,,False,,,0,0,0.375,0.898
CFG,"Citizens Financial Group, Inc.",Financials,XLF,29006446592.0,2026-09-16,66.83999633789062,-0.048405490166346654,-0.03647118795618132,-0.09011710902650027,-0.07394781899220315,-0.07065569895122437,False,-0.07360354590689622,-0.05651165012065584,-0.05904476549995363,-0.060764790277199277,0.8944198224994336,1.5751878237226387,1.307868554516731,0.8140405344795777,1.5751878237226387,226654136.6966583,0.2706409576655415,69.81400032043457,70.96687494913736,66.95248635609944,False,False,True,True,False,False,distribution,3,1,interest,False,False,,False,43.0,,0.02574697398967915,34.20395520289976,True,False,False,False,True,True,False,,Uptrend Under Pressure,73.92,-0.0958,0.3284279085520512,0.9550887806277483,0.26132263647283094,0.13946677906046734,0.7990034693361281,0.3414194915254237,,False,,,0,0,0.375,0.898
RJF,"Raymond James Financial, Inc.",Financials,XLF,34226456576.0,2026-09-16,164.57000732421875,-0.024770326967592626,-0.062118845504392284,-0.08215279128181063,-0.06584196944730414,-0.026334632259484292,False,-0.06549468289700133,-0.011516044045822293,-0.05080846768027569,-0.015972019371543467,0.9083232916269856,1.0856258215956307,0.919939629434372,0.5434041282972334,1.0856258215956307,207678913.93579102,0.39733034440595066,174.95850067138673,171.3115707397461,160.94523836771648,False,False,True,True,True,False,distribution,2,3,normal,False,False,,False,184.0,분산3일,0.02360262988560313,33.461022335434635,True,False,False,True,False,True,False,,Uptrend Under Pressure,161.28,0.0204,0.26696817734231887,0.9550887806277483,-0.0852790995463012,0.08038082696217308,0.5228985219182538,0.34104872881355935,,False,,,0,0,0.375,0.898
DPZ,Domino's Pizza Inc,Consumer Discretionary,XLY,11315938304.0,2026-09-16,301.29998779296875,-0.030628721790484925,-0.05691738296574467,-0.09839899811132224,-0.0823768833541656,-0.040000179930541835,False,-0.0820357438935655,-0.025389572949817585,-0.047828164462875855,0.03149331627986718,0.8246425253694771,0.9368000203834005,0.7876777745103279,0.5695545953686916,0.9368000203834005,275584457.6205475,0.11328896186399265,331.9941162109375,327.4104461669922,329.0408391316732,False,False,True,False,False,False,dry_up,0,0,normal,False,False,,False,41.0,,0.03955775195477747,34.72591994996023,True,False,False,False,False,True,False,,Uptrend Under Pressure,326.95,-0.0784,0.3161366221010142,0.8883820050871151,-0.35966701055171724,-0.264362708763927,0.08486321419536699,0.34067796610169493,,False,,,0,0,0.375,0.898
NBIS,Nebius Group N.V.,Communication Services,XLC,56089174016.0,2026-09-16,209.3699951171875,0.009644596841841935,-0.12889540336847516,-0.1572273828046592,-0.14225069183092842,0.0636284318498157,False,-0.14193181131123456,0.07981620258310329,-0.17602193294802682,0.05385203816990858,0.7539974093907716,0.7888253813702126,0.7515222166846733,0.47797473902663423,0.7888253813702126,3590823471.4813294,0.07466438979555523,217.5199996948242,216.85433349609374,201.02608362833658,False,False,False,True,True,False,weak_rally,1,0,normal,False,False,,False,24.0,,0.06704468486178666,46.45714096898084,True,False,False,False,False,True,False,,Uptrend Under Pressure,259.2,-0.1922,0.7459456789902332,0.9464981965192371,1.5004731692862752,0.9957629875798093,0.9821139460084565,0.34062500000000007,,False,,,0,0,0.375,0.898
CVS,CVS Health Corporation,Health Care,XLV,120108113920.0,2026-09-16,91.72000122070312,-0.029315236593189797,-0.038372784001979854,-0.03361081359519302,-0.016437365016256367,-0.12286121213873524,False,-0.016071711600732952,-0.10951169911896985,-0.02232086605154715,-0.1329814072947545,0.834428883887744,1.2512910527254864,0.8641214767631997,0.6549667957157563,1.2512910527254864,546058401.2679183,0.07977185683668724,94.67350006103516,99.95653991699218,92.92541376749675,False,False,False,True,False,False,distribution,0,1,normal,False,False,,False,66.0,,0.024531187472868022,35.67690742521829,True,False,False,False,False,True,False,,Uptrend Under Pressure,99.86,-0.0815,0.41810223162685184,0.9549750185957814,0.11700711229707705,0.1014904644054202,0.7046799898811029,0.3403072033898305,,False,,,0,0,0.375,0.898
IRM,Iron Mountain Incorporated (Del,Real Estate,XLRE,34340020224.0,2026-09-16,112.1500015258789,0.000981797656664618,-0.019081621676592997,-0.10774913733812552,-0.0918931814509939,-0.03178279834334363,False,-0.09155557980972362,-0.01704712786753204,-0.06981649903729148,0.023868277336989818,0.8700648642531366,1.1572436878632708,0.9712679322921057,0.6179377321061382,1.1572436878632708,180478444.3538475,0.048339399191884735,116.1610206604004,120.97157605489095,119.7840035756429,False,False,False,True,False,False,accumulation,3,2,normal,False,False,,False,54.0,,0.03367098216827962,39.61894449605543,True,False,False,False,False,True,False,,Uptrend Under Pressure,125.34,-0.1052,0.34586760371707914,0.9304499659860984,0.12918446868031697,0.046154797197103026,0.6761148856203245,0.3376588983050848,,False,,,0,0,0.375,0.898
SBUX,Starbucks Corporation,Consumer Discretionary,XLY,121125003264.0,2026-09-16,97.33999633789062,0.00786906701622736,-0.026989249829341477,-0.08178479033703123,-0.0654674288543261,-0.0630630105756379,False,-0.06512000306322441,-0.048803405696553726,-0.030282065158080296,0.006712941151057361,0.8972255346536192,1.5168617231427772,1.126364152518204,0.5521517644341449,1.5168617231427772,632721748.4798126,0.5575210484028871,103.76550025939942,104.17753931681315,101.46693954467773,False,False,True,True,False,False,accumulation,1,4,interest,True,False,surge,False,33.0,분산4일,0.022557162684746168,31.903568233421296,True,False,False,False,False,True,False,,Uptrend Under Pressure,105.25,-0.0751,0.31528216075277243,0.8883820050871151,0.1324206592437318,-0.03372219187558412,0.6225335188464457,0.33628177966101697,,False,,,0,0,0.375,0.898
ATI,ATI Inc.,Industrials,XLI,27805992960.0,2026-09-16,189.64999389648438,0.015855114984034246,-0.08177592688428947,-0.1625453136362941,-0.1476631262155501,0.026167434979938786,False,-0.1473462578454121,0.04178507237473017,-0.0887821896052905,0.11872036542953723,0.8182327849482427,0.5442076658234954,0.7522657593715109,0.42249971844521694,0.5442076658234954,387358974.288884,0.40396793812560017,204.677498626709,201.55599924723307,183.16524963378907,False,False,True,True,True,False,weak_rally,0,0,normal,False,False,,False,28.0,,0.04018491393228921,36.91203839094134,True,False,False,False,False,True,False,,Uptrend Under Pressure,223.43,-0.1512,0.4066052385448719,0.904562820667949,1.5317285942665726,0.3448570301365299,0.9598722489248672,0.33522245762711866,,False,,,0,0,0.375,0.898
ENB,Enbridge Inc,Energy,XLE,110449205248.0,2026-09-16,48.36000061035156,0.0,-0.03569293840606669,-0.058960864278726044,-0.04223790479674083,-0.11692882081020217,False,-0.041881843099281335,-0.10348902044210073,-0.06410473852313991,-0.24004156683396638,0.8622101166531844,0.8076277084456057,1.3231753707184861,0.9375949484372077,0.8076277084456057,286570303.4942581,0.3149959946595461,49.78650035858154,52.32059701283773,52.96667668024699,False,False,False,False,False,False,dry_up,4,3,normal,False,False,,False,82.0,분산3일,0.018306619484561068,34.86847555510326,True,False,False,False,False,True,False,,Uptrend Under Pressure,56.02,-0.1367,0.2896274793202169,0.971181533185436,-0.09255369682513492,-0.1703334000530361,0.3207392215677063,0.3347457627118644,,False,,,0,0,0.375,0.898
VICI,VICI Properties Inc.,Real Estate,XLRE,28242636800.0,2026-09-16,24.530000686645508,-0.009289157516567448,-0.026973360671241453,-0.05326125700091178,-0.0364370112939949,-0.091380095699514,False,-0.03607879303177086,-0.0775514594445228,-0.013012152397714694,-0.03915454654343231,0.903499117175067,1.0294505181983258,1.104055567707023,0.502018178420264,1.0294505181983258,240868536.91370392,0.2121237809365644,25.620000267028807,26.22283344268799,26.925212478637697,False,False,False,False,False,False,distribution,2,5,normal,False,False,,False,383.0,분산5일,0.01595423052103185,30.591577144338203,True,False,False,True,False,True,False,,Uptrend Under Pressure,29.85,-0.1782,0.422814228238072,0.9304499659860984,-0.2931205621996752,-0.19058002561898146,0.15028820787105635,0.33416313559322036,,False,,,0,0,0.375,0.898
IDXX,"IDEXX Laboratories, Inc.",Health Care,XLV,43856662528.0,2026-09-16,513.6199951171875,0.005658535955774813,-0.0029700654651336755,-0.07174873794825376,-0.05525302841275703,-0.10688025058842099,False,-0.05490180527283772,-0.09328751716016748,-0.0609043408840908,-0.11718482984865286,0.862125665868792,0.7829139200022018,0.9412293818374704,0.9054228163922051,0.7829139200022018,256703645.0137329,0.3810395477711259,535.7015014648438,552.2196695963542,557.5012502034505,False,False,False,False,False,False,weak_rally,1,4,normal,False,False,,False,61.0,분산4일,0.027167107623070973,37.31558997282234,True,False,False,False,False,True,False,,Uptrend Under Pressure,562.09,-0.0862,0.4079107189563244,0.9549750185957814,-0.2826225456500838,-0.19660041303635634,0.15457428354595062,0.33411016949152544,,False,,,0,0,0.375,0.898
RTX,RTX Corporation,Industrials,XLI,279969792000.0,2026-09-16,196.8300018310547,0.006803078419717057,-0.003644653047737423,-0.1271009932321734,-0.11158893409676318,-0.02502644988831071,False,-0.11125865463200735,-0.010187951943329332,-0.05021592858189139,0.06290915993295543,0.8728990067678266,0.8931809476735522,0.929791521014368,0.5328260895214797,0.8931809476735522,800726626.675409,0.7093437663345635,204.7125,204.94047622680665,193.6617816925049,False,False,True,False,False,False,weak_rally,1,1,normal,False,False,,False,30.0,,0.01895400155291216,33.859131504289465,True,False,False,False,False,True,False,,Uptrend Under Pressure,217.21,-0.0938,0.49922169473837114,0.904562820667949,0.20153546099088948,-0.051618854430113936,0.6463147338368689,0.3340572033898305,,False,,,0,0,0.375,0.898
AMH,American Homes 4 Rent,Real Estate,XLRE,13651401728.0,2026-09-16,31.3799991607666,-0.007590185708313046,-0.01641310590126177,-0.05818696882555341,-0.04145025665059776,-0.07517000175092259,False,-0.04109390213372377,-0.06109465783322954,-0.018147273092481542,-0.022012730700647132,0.9109693236831602,2.0836219888673666,1.4219125705028268,0.4639293518336041,2.0836219888673666,69487293.61463003,0.28749901652476806,32.72122669219971,33.160125223795575,31.872966893513997,False,False,False,True,False,False,distribution,2,8,attention,False,False,,False,172.0,분산8일,0.017017089462524795,33.14744859603968,True,False,False,True,False,True,False,,Uptrend Under Pressure,30.63,0.0244,0.3751772274175944,0.9304499659860984,-0.1222044274103865,0.025958822959059935,0.45852065339163744,0.3337394067796611,,False,,,0,0,0.375,0.898
FIS,Fidelity National Information S,Financials,XLF,21025331200.0,2026-09-16,36.849998474121094,-0.01312270156573192,-0.02086191262647441,-0.08972437983271486,-0.07354811071099654,-0.13233859883410903,False,-0.0732036890284441,-0.11913332581243075,-0.058638624672052164,-0.12310417444561961,0.7963209992684733,0.8670471743460488,1.032204061002175,1.0992909729302798,0.8670471743460488,231442243.86481628,0.2,39.690347862243655,40.83053696950277,41.95041700998942,False,False,True,False,False,False,dry_up,4,3,normal,False,False,,False,31.0,분산3일,0.0346112713951255,32.71188179519554,True,False,False,False,False,True,False,,Uptrend Under Pressure,44.27,-0.1676,0.3968918794212526,0.9550887806277483,-0.4659072990626446,-0.2841208106893808,0.052065339163745436,0.3310381355932204,,False,,,0,0,0.375,0.898
TXT,Textron Inc.,Industrials,XLI,13855264768.0,2026-09-16,80.70999908447266,-0.00012391149751245223,0.010519264191210853,-0.07368298371768245,-0.05722164715606359,-0.12610398484254415,False,-0.056871155878195356,-0.11280382482942797,0.007907146562377898,-0.04728484251356291,0.8395922333348756,0.7801426626489428,1.0596993956129168,0.6263500768887847,0.7801426626489428,135613708.25644913,0.21070358708465806,81.28748817443848,86.94849611918131,88.86304041544597,False,False,False,False,False,False,dry_up,4,4,normal,False,False,,False,36.0,분산4일,0.021269523660612986,40.90971478510342,True,False,True,False,False,True,False,,Uptrend Under Pressure,96.13,-0.1604,0.5025440367267073,0.904562820667949,-0.09765667340841633,-0.17251218111533873,0.3141510968161613,0.3307203389830508,,False,,,0,0,0.375,0.898
IBKR,"Interactive Brokers Group, Inc.",Financials,XLF,165764218880.0,2026-09-16,86.73999786376953,-0.023198255824243508,-0.03921135316119584,-0.04218197656589617,-0.025160843874398764,-0.09050757970891554,False,-0.024798433536363684,-0.07666566429703658,-0.009472656547558689,-0.08082795240753193,0.8841890607940276,0.9967418949476486,0.9504544945503248,0.42969264513267164,0.9967418949476486,352167213.72390556,0.4341462053052224,92.25857162475586,91.79269040425619,86.5057620048523,False,False,False,True,True,False,dry_up,1,3,normal,False,False,,False,53.0,분산3일,0.03404706023972147,40.141805787995956,True,False,False,False,False,True,False,,Uptrend Under Pressure,93.25,-0.0698,0.3242801886164253,0.9550887806277483,0.2862153042429785,0.18813604062823952,0.8285217375591776,0.32722457627118645,,False,,,0,0,0.375,0.898
DD,"DuPont de Nemours, Inc.",Industrials,XLI,18175432704.0,2026-09-16,127.56999969482422,-0.0036706780377463444,-0.002736073163938313,-0.07693074187897919,-0.06052712037519059,-0.0899367308352299,False,-0.06017785795406172,-0.07608612745449461,0.004373325415256035,-0.007855562027346386,0.8694526867210165,0.8578336815648646,0.9858300961169956,0.4333012346925678,0.8578336815648646,156029611.9680214,0.4300433717611632,132.69544219970703,136.58683115641276,138.84251327514647,False,False,False,False,False,False,dry_up,2,3,normal,False,False,,False,85.0,분산3일,0.025719077335939353,36.75484947468193,True,False,True,False,False,True,False,,Uptrend Under Pressure,150.54,-0.1526,0.38220054595595965,0.904562820667949,0.2669056747079863,-0.09208556682206614,0.6375871851396769,0.32356991525423734,,False,,,0,0,0.375,0.898
LNT,Alliant Energy Corporation,Utilities,XLU,17626175488.0,2026-09-16,66.11000061035156,0.001818499022075537,-0.025788387625405473,-0.055301551313781006,-0.038513563141572504,-0.1493542283981989,False,-0.0381561168670681,-0.1364079227959858,0.0064285201053631,-0.051206762279064955,0.8692773031484174,0.9798970576463021,0.9317603419484174,0.5482271847145989,0.9798970576463021,131498189.15242004,0.33513415428774096,67.94999961853027,71.43882204691569,71.54130655924479,False,False,False,False,False,False,weak_rally,1,0,normal,False,False,,False,54.0,,0.015833998145943554,30.44146821053569,True,False,True,False,False,True,False,,Uptrend Under Pressure,75.71,-0.1268,0.447807000207243,0.8773219778194903,-0.05197274586120271,-0.1508824397791778,0.37541198366520906,0.32102754237288134,,False,,,0,0,0.375,0.898
JBS,JBS N.V.,Consumer Staples,XLP,14393040896.0,2026-09-16,12.220000267028809,-0.004885950101553127,-0.028616825028659476,-0.10541724717926038,-0.08951985188417755,-0.005967487831992635,False,-0.08918136792384468,0.009161075796589646,-0.08126254719584391,0.020866996808060145,0.8551434779321164,0.6633040702913676,0.8946930112256527,0.4449859988084123,0.6633040702913676,67042204.698400736,0.33333545261498165,13.211999988555908,12.900499931971233,13.600099953015645,False,False,True,False,False,False,dry_up,0,2,normal,False,False,,False,34.0,,0.031213473167954496,31.532649180296133,True,False,False,False,False,True,False,,Uptrend Under Pressure,14.23,-0.1413,0.6589949223562154,0.9374568435182988,-0.22418842844214237,-0.18437343455290933,0.1969507787936829,0.3190148305084746,,False,,,0,0,0.375,0.898
UNH,UnitedHealth Group Incorporated,Health Care,XLV,349532389376.0,2026-09-16,375.260009765625,-0.0017822012694105327,-0.03940694480346685,-0.04152837645078067,-0.024495628803191005,-0.12563083118258744,False,-0.024132971161980432,-0.11232347006169763,-0.030330926702609617,-0.13571907120719595,0.8652932101773487,0.8301835472446828,1.038266837068315,0.6427828876069935,0.8301835472446828,1845149685.3953552,0.24885617108512323,389.3215789794922,406.1739008585612,380.6181701660156,False,False,False,True,False,False,dry_up,2,3,normal,False,False,,False,42.0,분산3일,0.02726285020038977,36.9551937223509,True,False,False,False,False,True,False,,Uptrend Under Pressure,423.48,-0.1139,0.33922428417005207,0.9549750185957814,-0.01837459777452355,0.1948094938949112,0.6302112319757146,0.31896186440677965,,False,,,0,0,0.375,0.898
MKC,"McCormick & Company, Incorporat",Consumer Staples,XLP,14577131520.0,2026-09-16,50.060001373291016,0.00401124670058528,-0.02758349226052903,-0.09442831984939948,-0.07833564321105269,-0.049423564488199845,False,-0.07799300136188192,-0.03495637562623133,-0.06997690696608039,-0.023762201861032173,0.8863314762574604,1.0548576595168455,1.2221267640805422,0.6229565063681552,1.0548576595168455,141302476.1369892,0.18493193635199748,53.290500259399415,52.30881576538086,50.48729168574015,False,False,True,False,True,False,accumulation,2,6,normal,False,False,,False,52.0,분산6일,0.02628273764187858,35.00547337619551,True,False,False,False,False,True,False,,Uptrend Under Pressure,52.97,-0.0549,0.41788489521948396,0.9374568435182988,-0.28572447355114117,-0.16921372007899038,0.17680784937298977,0.3188559322033898,,False,,,0,0,0.375,0.898
TDY,Teledyne Technologies Incorpora,Information Technology,XLK,28413710336.0,2026-09-16,601.0999755859375,0.004327355897233431,0.00986172623993986,-0.09609026227678574,-0.0800271195810982,-0.07114541906051053,False,-0.07968510656235472,-0.05700882346888825,-0.08778487585589967,-0.08746060210195605,0.8695211719950956,1.2537385023703342,1.0932191465424292,0.8180727446230639,1.2537385023703342,152382359.80853882,0.5466962595866619,614.9260040283203,639.6134989420573,633.757334391276,False,False,False,False,False,False,accumulation,4,2,normal,False,False,,False,39.0,,0.01744185152562657,36.1092093685987,True,False,False,False,False,True,False,,Uptrend Under Pressure,650.5,-0.0759,0.43665419109197545,0.9290615743084026,0.029282176516671088,-0.09050355645566777,0.4883226121209931,0.3186440677966102,,False,,,0,0,0.375,0.898
FWONA,Liberty Media Corporation - Ser,Communication Services,XLC,23080222720.0,2026-09-16,87.18000030517578,0.0026452370903533584,-0.01658207778229981,-0.06479297185619348,-0.04817365322718692,-0.05356903518013578,False,-0.047819798228731836,-0.03916493783314856,-0.0856488884180917,-0.06226820250762222,0.8879608885128502,0.6805769016301538,0.934426235663918,0.5943025622605363,0.6805769016301538,12058325.381435776,0.32948040607883433,91.35199928283691,90.69266611735026,86.18649972279867,False,False,True,True,True,False,weak_rally,2,5,normal,False,False,,False,,분산5일,0.023670232080690006,38.06230525620044,False,False,False,False,False,True,False,,Uptrend Under Pressure,,,0.4009400655001045,0.9464981965192371,-0.11992711149413782,0.012265973107199013,0.4492148820064328,0.31721398305084747,,False,,,0,0,0.375,0.898
PEG,Public Service Enterprise Group,Utilities,XLU,36549140480.0,2026-09-16,70.38999938964844,-0.0004259980130204566,-0.03044075937908497,-0.0604359681682054,-0.04373922237026262,-0.13884561852929833,False,-0.04338371880899006,-0.1257393783463714,0.0009586015683011873,-0.03948566953480159,0.8741205532389137,1.0493547403943924,1.1233396465281675,0.5307809879357456,1.0493547403943924,203052728.15213165,0.40718168943304855,72.58441047668457,76.2464365641276,77.32922897338867,False,False,False,False,False,False,distribution,1,6,normal,False,False,,False,52.0,분산6일,0.015174971263985345,28.02703685691742,True,False,True,False,False,True,False,,Uptrend Under Pressure,80.88,-0.1297,0.3222725505444615,0.8773219778194903,-0.2098330523562083,-0.22278597071880168,0.18049040511727077,0.3167902542372881,,False,,,0,0,0.375,0.898
PNC,"PNC Financial Services Group, I",Financials,XLF,95598878720.0,2026-09-16,231.49000549316406,-0.03858291109407386,-0.038223427873710025,-0.08962558359107697,-0.07344755878727982,-0.08911569827557453,False,-0.07310309972311824,-0.07525259928411454,-0.05853645455583145,-0.0794212573339429,0.9008444736486765,1.7253477991826838,1.0996013933955062,0.7864662244817795,1.7253477991826838,384918679.05563354,0.2782679488184233,242.27850112915038,247.45124486287435,233.01854260762533,False,False,True,True,False,False,distribution,1,3,interest,False,False,,False,66.0,분산3일,0.02167480505455062,31.18548547184224,True,False,False,True,False,True,False,,Uptrend Under Pressure,232.09,-0.0026,0.24424363269823926,0.9550887806277483,0.09864465929281252,0.09490418628347497,0.6857305482273861,0.3166843220338983,,False,,,0,0,0.375,0.898
SNPS,"Synopsys, Inc.",Information Technology,XLK,84241547264.0,2026-09-16,378.4700012207031,0.029290151362866723,-0.03751080808252494,-0.06414283080662742,-0.04751195869167446,-0.14048996940691905,False,-0.04715785769885328,-0.12740875523327777,-0.0555439020634928,-0.15558712644618444,0.8141065398165466,0.8753673952224025,0.9552664168609064,0.8749006976455656,0.8753673952224025,801397374.9880524,0.882305654918978,405.28800201416016,411.97300008138023,439.21533432006834,False,False,False,False,False,False,weak_rally,0,4,normal,False,False,,False,13.0,분산4일,0.04923583375949401,40.00624862913162,True,False,False,False,False,True,False,,Uptrend Under Pressure,464.89,-0.1859,0.2707547432312519,0.9290615743084026,-0.16608335302150457,-0.16877001262411562,0.2591079108091504,0.31663135593220343,,False,,,0,0,0.375,0.898
ALC,Alcon Inc.,Health Care,XLV,34833801216.0,2026-09-16,66.30000305175781,-0.021546620992386467,-0.03112665854038965,-0.09857239563808184,-0.08255336228286092,-0.01686021340904209,False,-0.08221228843081552,-0.0018974303660679315,-0.08804136889356562,-0.028203420029978,0.879893887118372,1.2593135131545032,1.2673522033663671,0.5486556126228386,1.2593135131545032,95357308.64986953,0.1228088961226697,70.7680004119873,69.87366689046225,70.1421547571818,False,False,True,False,False,False,distribution,2,5,normal,False,False,,False,25.0,분산5일,0.0212454215826339,34.01175713873937,True,False,False,False,False,True,False,,Uptrend Under Pressure,75.35,-0.1201,0.427420605026821,0.9549750185957814,-0.20390535186716174,-0.19123583274445355,0.20828936431643236,0.31588983050847463,,False,,,0,0,0.375,0.898
PUK,Prudential Public Limited Compa,Financials,XLF,33806077952.0,2026-09-16,26.260000228881836,-0.00830813131260022,-0.024869857430505182,-0.058554919931234184,-0.04182474651879975,-0.051952650890900065,False,-0.04146853122386707,-0.03752395316890644,-0.026404733100074407,-0.04186268774364921,0.8533175798704411,0.8315826402707099,0.9992887961308418,0.23936491375822044,0.8315826402707099,27144216.651101492,0.43859672605105005,27.31763925552368,27.806369717915853,28.49726220766703,False,False,True,False,False,False,dry_up,1,2,normal,False,False,,False,,,0.01953675847235255,36.64868571533923,False,False,False,False,False,True,False,,Uptrend Under Pressure,,,0.42277389203196614,0.9550887806277483,-0.14006579090482985,-0.16499497092826043,0.28850782407574715,0.31567796610169496,,False,,,0,0,0.375,0.898
SRE,DBA Sempra,Utilities,XLU,53423656960.0,2026-09-16,81.69999694824219,0.006157635699404196,-0.03893665574415495,-0.06285849205954008,-0.04620479629781915,-0.1435344552277299,False,-0.04585020934876394,-0.1304995762563005,-0.001622218944600573,-0.04471550397443236,0.8570229243573517,1.0375338600657116,0.7434724855276768,0.5650619682744461,1.0375338600657116,333686400.81108856,0.3097318245651939,84.04349899291992,88.32445220947265,90.43313051859538,False,False,False,False,False,False,accumulation,1,1,normal,False,False,,False,202.0,,0.02513551414050098,38.845463557418974,True,False,False,False,False,True,False,,Uptrend Under Pressure,91.93,-0.1113,0.27018048934651967,0.8773219778194903,-0.10291291943456804,-0.21549410441753558,0.28109211810198403,0.31514830508474573,,False,,,0,0,0.375,0.898
FWONK,Liberty Media Corporation - Ser,Communication Services,XLC,25058312192.0,2026-09-16,95.36000061035156,0.0037894801089637387,-0.01487605781000123,-0.06528128064947825,-0.04867063962786844,-0.04322348568731105,False,-0.048316969391184794,-0.02866193543827178,-0.08612630750766104,-0.052017744647973374,0.8940558535179189,1.1661636936736925,1.1418240892456613,0.5219913989782053,1.1661636936736925,177984216.01260146,0.437769729991683,99.38050003051758,98.7325833638509,93.7498332977295,False,False,True,True,True,False,accumulation,3,3,normal,False,False,,False,28.0,분산3일,0.02503147616690864,38.79161092107159,True,False,False,False,False,True,False,,Uptrend Under Pressure,99.69,-0.0434,0.41505071116866316,0.9464981965192371,-0.12793349325315406,0.00279518289737668,0.4334799971088865,0.3148305084745763,,False,,,0,0,0.375,0.898
BSX,Boston Scientific Corporation,Health Care,XLV,69997789184.0,2026-09-16,43.90999984741211,0.0009118057100809818,-0.023354076032959137,-0.12997822894048316,-0.114517300405644,-0.03883420887954847,False,-0.11418810960276349,-0.024205856536355763,-0.11981410428421124,-0.04992388535725445,0.8442607434046479,1.1755542237837902,1.0486706107872328,0.7684029692214241,1.1755542237837902,995900155.5689452,0.25608344296184926,47.03249931335449,46.45666650136312,51.286666584014895,False,False,False,False,False,False,accumulation,1,4,normal,False,False,,False,17.0,분산4일,0.039488080209691315,39.447231890236964,True,False,False,False,False,True,False,,Uptrend Under Pressure,50.37,-0.1283,0.24330333857256944,0.9549750185957814,-0.5643436379963771,-0.37622609817001984,0.01892504788406635,0.31445974576271185,,False,,,0,0,0.375,0.898
ELS,"Equity Lifestyle Properties, In",Real Estate,XLRE,12722417664.0,2026-09-16,60.880001068115234,-0.006689506302621662,-0.0031111614157267597,-0.05597762312351373,-0.03920164924598446,-0.07665751702204526,False,-0.038844458777287594,-0.06260481217214131,-0.015844000542170722,-0.02358574520147494,0.8999260856605618,1.1292185782389075,1.202178263807891,0.23365356272248478,1.1292185782389075,84454358.51514626,0.4025979602082067,63.09050045013428,64.23701152801513,63.39319162368774,False,False,False,False,False,False,distribution,1,4,normal,False,False,,False,31.0,분산4일,0.016243900152288018,35.43203454201827,True,False,False,False,False,True,False,,Uptrend Under Pressure,65.67,-0.0729,0.4508892295367626,0.9304499659860984,-0.06540556087707194,-0.15916696221017512,0.3569269271078024,0.31371822033898306,,False,,,0,0,0.375,0.898
OMC,Omnicom Group Inc.,Communication Services,XLC,24013500416.0,2026-09-16,79.33000183105469,-0.006512168478436942,0.013154517741410965,-0.08087123073778923,-0.06453763462723205,-0.026929640809163602,False,-0.06418986317188624,-0.012120108259771278,-0.10136858837572316,-0.03587366545614823,0.8919496250668236,0.8759854620398372,0.9250016122239608,0.5335003470795617,0.8759854620398372,198883220.5864784,0.394835672820842,84.20550003051758,81.88933347066244,78.31883837381999,False,False,True,True,True,False,dry_up,3,4,normal,False,False,,False,143.0,분산4일,0.03023085859545228,40.70160338050693,True,False,False,False,False,True,False,,Uptrend Under Pressure,81.57,-0.0274,0.36223543599160196,0.9464981965192371,-0.03018851011530921,-0.048494688057728164,0.4716716056521268,0.3133474576271187,,False,,,0,0,0.375,0.898
BIDU,"Baidu, Inc.",Communication Services,XLC,32317691904.0,2026-09-16,88.55000305175781,-0.02035619371960462,-0.0378137104607017,-0.02553097419061634,-0.00821394090637384,-0.2166519078416944,False,-0.007845230315835838,-0.20472983154089153,-0.04726246687921665,-0.22385209082667246,0.7528481634415795,0.8335752492692222,0.7760557834196087,0.7742708869199814,0.8335752492692222,259821627.18762207,0.21052657996576804,93.39600067138672,103.95600026448568,114.15641682942709,False,False,False,False,False,False,dry_up,0,1,normal,False,False,,False,86.0,,0.03254014506397454,33.648659391824054,True,False,False,False,False,True,False,,Uptrend Under Pressure,150.5,-0.4116,0.395248960347982,0.9464981965192371,-0.2328518801952163,-0.25500471657898893,0.15200299953019408,0.31324152542372885,,False,,,0,0,0.375,0.898
MLM,"Martin Marietta Materials, Inc.",Materials,XLB,36837756928.0,2026-09-16,496.760009765625,-0.019829892546282757,-0.01238589353606634,-0.048285592574329295,-0.03137292564087335,-0.16962767728351724,False,-0.031012824732695066,-0.15698992110768406,-0.021450153743426292,-0.14346402222457344,0.8524779933975479,1.034771098619972,1.11204529419927,0.7032670681508647,1.034771098619972,369073842.232959,0.11979736386839512,517.0476791381836,549.4305658976238,569.3887646993002,False,False,False,False,False,False,distribution,4,6,normal,False,False,,False,61.0,분산6일,0.025405392449659864,37.419862733948946,True,False,False,False,False,True,False,,Uptrend Under Pressure,608.13,-0.1831,0.41388645297584437,0.938326855384374,-0.25129399931981,-0.200295293465253,0.16972642839073399,0.31308262711864404,,False,,,0,0,0.375,0.898
JBL,Jabil Inc.,Information Technology,XLK,31987306496.0,2026-09-16,297.239990234375,0.0040195996975971315,-0.04538011081477045,-0.12220189439342455,-0.10660277465844037,-0.08183464342272173,False,-0.10627064151791021,-0.06786073125334624,-0.11413642926750645,-0.09796207193765782,0.8027438457769442,1.1762297466218437,1.003391289564081,0.9711007674341008,1.1762297466218437,272122286.20822144,0.27306735165305623,307.3824996948242,326.8203842163086,331.8190171559652,False,False,False,True,False,False,accumulation,3,1,normal,False,False,,False,75.0,,0.037533382360619844,41.1170544690493,True,False,False,False,True,True,False,,Uptrend Under Pressure,364.48,-0.1845,0.41396078678954445,0.9290615743084026,0.44997785958325864,0.21807516952654216,0.8798371941744065,0.31260593220338984,,False,,,0,0,0.375,0.898
CM,Canadian Imperial Bank of Comme,Financials,XLF,103068827648.0,2026-09-16,112.95999908447266,-0.003440665151287825,-0.017397355740498943,-0.07135810875311832,-0.054855457448725,-0.033644717212375275,False,-0.05450408650613858,-0.01893738399690137,-0.03964514860822277,-0.023359904750591576,0.9128818573993752,0.8302383355817141,0.8202864081212856,0.26511756745686105,0.8302383355817141,133312141.935503,0.375,115.46599960327148,117.00120900472005,112.20757776896158,False,False,True,True,False,False,dry_up,0,1,normal,False,False,,False,66.0,,0.022764058492501214,40.12299912990432,True,False,False,True,False,True,False,,Uptrend Under Pressure,111.1,0.0168,0.30136606144540684,0.9550887806277483,0.3310053138561271,0.1071620066794865,0.811046763759893,0.3125,,False,,,0,0,0.375,0.898
AMCR,Amcor plc,Materials,XLB,21217044480.0,2026-09-16,41.970001220703125,-0.011540223135537486,-0.026895428209707695,-0.0716742878328589,-0.055177255263902825,-0.05027964919236827,False,-0.05482600395423631,-0.03582548941321151,-0.04549833875649556,-0.020355535657729185,0.8761683177037352,0.875675027747052,1.0099626665365569,0.43332308986491735,0.875675027747052,153666490.84818497,0.23175986745165325,45.01431427001953,44.29723561604818,41.32992439270019,False,False,True,True,True,False,dry_up,0,2,normal,False,False,,False,25.0,,0.021808793164695736,32.81979197147058,True,False,False,False,False,True,False,,Uptrend Under Pressure,46.73,-0.1018,0.43940598558531296,0.938326855384374,-0.04170953806041855,-0.018111580389102544,0.49346518015250623,0.3106991525423729,,False,,,0,0,0.375,0.898
HII,"Huntington Ingalls Industries, ",Industrials,XLI,11474620416.0,2026-09-16,278.0899963378906,-0.004902294278527286,-0.009827344510036085,-0.12034597876096387,-0.10471387803640597,-0.042914906412044984,False,-0.10438104267165849,-0.02834865977617429,-0.04286593150638762,0.04340729314491654,0.8445539958013517,1.2177423495885435,1.0785819236474563,0.4647614742403481,1.2177423495885435,111105972.4068573,0.557584481229183,289.5887283325195,293.5039667765299,316.6544039408366,False,False,False,False,False,False,distribution,1,3,normal,False,False,,False,32.0,분산3일,0.024365959548336064,33.533638250067256,True,False,False,False,False,True,False,,Uptrend Under Pressure,324.93,-0.1442,0.8237147757425652,0.904562820667949,-0.0018471819203715878,-0.3472080788531322,0.3150545697661812,0.31059322033898307,,False,,,0,0,0.375,0.898
USB,U.S. Bancorp,Financials,XLF,95944810496.0,2026-09-16,59.72999954223633,-0.040019312594263834,-0.03831912807482041,-0.07809849207886577,-0.0617156223573746,-0.05823187898017168,False,-0.06136680177878173,-0.04389874724875087,-0.04661571486001037,-0.04820874496342098,0.9130235587592845,2.4973735235650265,1.2504368040740692,0.5462252991022412,2.4973735235650265,433896690.6553583,0.2222218127001795,62.30450000762939,62.76640192667643,58.764143753051755,False,False,True,True,False,False,distribution,1,3,attention,False,False,,False,57.0,분산3일,0.021202540281295677,33.40996092766518,True,False,False,True,False,True,False,,Uptrend Under Pressure,60.69,-0.0158,0.2708453864967522,0.9550887806277483,0.15777109760618946,0.1066634712568546,0.7351432908098732,0.31038135593220345,,False,,,0,0,0.375,0.898
CL,Colgate-Palmolive Company,Consumer Staples,XLP,71602061312.0,2026-09-16,87.0199966430664,0.0002298464720276172,-0.011473385780257472,-0.04854583955665093,-0.03163779740400963,-0.08678289539878559,False,-0.03127779496568106,-0.07288429258192475,-0.022855550177589112,-0.062130069594318105,0.9303589985366642,1.3326767367609413,1.129669403103105,0.42589648618827497,1.3326767367609413,393170601.3146992,0.3156582470356571,89.53799972534179,91.15706965128581,88.70772794087728,False,False,False,True,False,False,accumulation,3,6,normal,False,False,,False,149.0,분산6일,0.01833494601377146,36.9295855679751,True,False,False,True,False,True,False,,Uptrend Under Pressure,94.18,-0.076,0.47319535744752733,0.9374568435182988,-0.04755023860393104,-0.12347208775202034,0.40381807668678393,0.3099576271186441,,False,,,0,0,0.375,0.898
BKR,Baker Hughes Company,Energy,XLE,63084433408.0,2026-09-16,56.31999969482422,-0.007052212927895818,-0.11502199505072397,-0.12600872810278607,-0.11047725861045354,0.029041938102537967,False,-0.11014656586450533,0.0447033236673926,-0.1307861077278203,-0.1144212183891663,0.8677965850642791,1.3529577962664097,1.3910208065992116,0.5959658177256869,1.3529577962664097,431843406.8241024,0.49162045699623647,61.7375,59.65200347900391,61.551409498850504,False,False,False,True,False,False,distribution,0,6,normal,False,False,,False,11.0,분산6일,0.03618352231521472,28.582673064674523,True,False,False,False,False,True,False,,Uptrend Under Pressure,63.55,-0.1138,0.3317120923617384,0.971181533185436,0.20490361724513528,-0.009840586799375606,0.6795815113295508,0.30995762711864405,,False,,,0,0,0.375,0.898
HLN,Haleon plc,Health Care,XLV,44108099584.0,2026-09-16,9.210000038146973,-0.003246724427955372,-0.002166793616601881,-0.05246915790854523,-0.035630836016563805,-0.06579310389432713,False,-0.035272318047200324,-0.05157504935688495,-0.041399525038379736,-0.07657173577736243,0.901803769085061,0.7865532297104865,1.1034343101131576,0.4588441446933192,0.7865532297104865,114283303.69500089,0.09091066722152864,9.729999923706055,9.71546581586202,9.48838702837626,False,False,True,False,True,False,dry_up,1,7,normal,False,False,,False,34.0,분산7일,0.01972236051181853,34.53639228969581,True,False,False,True,False,True,False,,Uptrend Under Pressure,10.21,-0.0982,0.30281593831453024,0.9549750185957814,-0.14607574612707963,-0.20399302120848573,0.25012377579415274,0.30974576271186444,,False,,,0,0,0.375,0.898
BCS,Barclays PLC,Financials,XLF,89482813440.0,2026-09-16,25.34000015258789,-0.003930832522422767,-0.041603644449734634,-0.0741688207672837,-0.057716117888353624,-0.07299642105812809,False,-0.05736581043702127,-0.05888799657877308,-0.04255184595206607,-0.06313042443076267,0.8972205019804353,1.312430349182102,1.3214762752028426,0.5763282043321278,1.312430349182102,92783633.16662255,0.4900666434248354,26.54650001525879,27.090558179219563,25.21569806734721,False,False,True,True,False,False,distribution,3,5,normal,False,False,,False,178.0,분산5일,0.0210705892541626,35.30303488581595,True,False,False,False,False,True,False,,Uptrend Under Pressure,25.01,0.0134,0.46440218311418785,0.9550887806277483,0.1433589560631945,0.1483683238487341,0.747590437642297,0.30699152542372876,,False,,,0,0,0.375,0.898
YUMC,"Yum China Holdings, Inc.",Consumer Discretionary,XLY,15206903808.0,2026-09-16,41.36000061035156,-0.007915519962286788,-0.02865197670830877,-0.11191211544815838,-0.096130138752344,-0.022598328969128167,False,-0.09579411226028489,-0.007722876516749633,-0.06209923305251841,0.05019112494851652,0.840383646063788,0.7532322221380542,0.7833013385136498,0.38035686306455224,0.7532322221380542,67287580.73212281,0.04477441982281537,44.83567390441895,44.40088405609131,45.20333220163981,False,False,False,False,False,False,dry_up,0,2,normal,False,False,,False,27.0,,0.02173423471497787,29.11155768678003,True,False,False,False,False,True,False,,Uptrend Under Pressure,47.43,-0.1279,0.33524903990659344,0.8883820050871151,-0.07331362037938505,-0.24117196326581103,0.2907764446532471,0.30625,,False,,,0,0,0.375,0.898
TRP,TC Energy Corporation,Energy,XLE,65141682176.0,2026-09-16,61.209999084472656,0.0019642974559672677,-0.03515131763097912,-0.043892497749733694,-0.02690176228122576,-0.11780014913250392,False,-0.026539999154399085,-0.1043736098457092,-0.049118738156777364,-0.2407914195323606,0.867120020682264,1.0364352634559086,1.4489980316891733,0.6789077731269489,1.0364352634559086,129959219.32708816,0.2922368384381706,62.245499992370604,65.4361405690511,65.23139330546061,False,False,False,False,False,False,accumulation,4,5,normal,False,False,,False,111.0,분산5일,0.019447112743229356,38.63888809003354,True,False,False,False,False,True,False,,Uptrend Under Pressure,63.32,-0.0334,0.34083360625571263,0.971181533185436,0.04374120747056187,-0.12900449907281564,0.4725262910628456,0.30429025423728817,,False,,,0,0,0.375,0.898
TOL,"Toll Brothers, Inc.",Consumer Discretionary,XLY,13250189312.0,2026-09-16,132.63999938964844,-0.011624423204684597,-0.017845269216215764,-0.07153857746772674,-0.055039133225492254,-0.13112742380883546,False,-0.054687830566991225,-0.11790371744799477,-0.019461141828766904,-0.06642039268797895,0.8512932511905597,0.9990634036610136,1.0831120810827235,0.6520406433136424,0.9990634036610136,125809608.98501968,0.2823522231158088,141.32049865722655,148.50096435546874,143.96225655873616,False,False,False,False,False,False,dry_up,0,4,normal,False,False,,False,61.0,분산4일,0.027178830697992477,34.049622412354964,True,False,False,False,False,True,False,,Uptrend Under Pressure,155.4,-0.1464,0.3855758491669954,0.8883820050871151,-0.12474372728415906,-0.10925211838821891,0.34727151169093995,0.3016949152542373,,False,,,0,0,0.375,0.898
TSN,"Tyson Foods, Inc.",Consumer Staples,XLP,19398334464.0,2026-09-16,52.119998931884766,-0.00818268908503672,0.007344361057029403,-0.09283382312625077,-0.07671281110515171,-0.11315442167306544,False,-0.07636956594503641,-0.09965717727088375,-0.06833935711022743,-0.089213510527404,0.8598654682415218,0.7951378935439237,0.9960415727090964,0.8259166542875208,0.7951378935439237,182670650.89451885,0.0,54.47529888153076,56.57000630696614,59.35627422332764,False,False,False,False,False,False,dry_up,4,4,normal,False,False,,False,31.0,분산4일,0.02699971515294623,36.62659583662974,True,False,False,False,False,True,False,,Uptrend Under Pressure,59.06,-0.1175,0.2789069603885109,0.9374568435182988,-0.058296807598878675,-0.1777086911464567,0.3442475877272234,0.3011652542372882,,False,,,0,0,0.375,0.898
FERG,Ferguson Enterprises Inc.,Industrials,XLI,43432067072.0,2026-09-16,214.35000610351562,-0.0035330505540399626,-0.03973656065173803,-0.11993408860048793,-0.10429466828399891,-0.04408652309483829,False,-0.10396167707205639,-0.029538107744480735,-0.042417762003890025,0.04213000505445641,0.8156407512586491,1.1016493425469882,0.9705345468618977,0.4227876394521994,1.1016493425469882,296447224.14890593,0.18995410382691683,227.53830261230468,233.3752128601074,236.2533203125,False,False,False,True,False,False,distribution,0,2,normal,False,False,,False,32.0,,0.025825569668052273,33.455839766130964,True,False,False,False,False,True,False,,Uptrend Under Pressure,233.46,-0.0819,0.451212370098043,0.904562820667949,-0.019085703753039418,-0.05998273001190513,0.47067326804235476,0.30042372881355933,,False,,,0,0,0.375,0.898
RDY,Dr. Reddy's Laboratories Ltd,Health Care,XLV,10104146944.0,2026-09-16,11.680000305175781,0.01125542097784571,-0.016835000617720808,-0.038683072272503116,-0.02159976147118159,-0.20274519242330735,False,-0.021236027250053024,-0.19061146446474053,-0.027452381946549975,-0.2119437073600644,0.8330551124866087,1.0552681439580371,1.1577484254164965,0.6922133133789028,1.0552681439580371,32201008.884095192,0.8518557764308623,12.025000047683715,12.588542985916138,12.931008768081664,False,False,False,False,False,False,accumulation,2,5,normal,False,False,,False,,분산5일,0.01675635824074901,37.377931641908326,False,False,False,False,False,True,False,,Uptrend Under Pressure,,,0.6657600195539923,0.9549750185957814,-0.29477458603783613,-0.2578051076950346,0.11235228217267176,0.29936440677966103,,False,,,0,0,0.375,0.898
CPT,Camden Property Trust,Real Estate,XLRE,12244506624.0,2026-09-16,101.30000305175781,-0.014974653257211479,-0.026990659323023358,-0.055741944403275845,-0.03896178234106884,-0.14570264773544095,False,-0.038604502698434295,-0.1327007673208095,-0.015598302312819223,-0.09659944390572539,0.8704992752501516,1.0433168523576781,0.9324728794814988,0.5936521382965992,1.0433168523576781,95086003.66725235,0.3030324460026601,105.59900016784668,110.23814913431804,107.23784453074137,False,False,False,True,False,False,distribution,2,3,normal,False,False,,False,43.0,분산3일,0.01640461259127864,29.434207849361883,True,False,False,False,False,True,False,,Uptrend Under Pressure,114.57,-0.1158,0.49398416861874245,0.9304499659860984,-0.12044588300310499,-0.06317063170333137,0.3890372592244588,0.298728813559322,,False,,,0,0,0.375,0.898
PH,Parker-Hannifin Corporation,Industrials,XLI,123455938560.0,2026-09-16,918.75,-0.006756756756756799,-0.03235486287194056,-0.11637910792610195,-0.10067651298114078,-0.04663130219256162,False,-0.10034217666844192,-0.03212161681534831,-0.03854965814244393,0.03935570516430431,0.8572735843350748,0.6789468979384465,0.8685749719095086,0.3884674456514786,0.6789468979384465,603600077.0602417,0.27560271073331816,972.7803192138672,982.1035217285156,944.0579645792643,False,False,True,True,False,False,dry_up,0,3,normal,False,False,,False,28.0,분산3일,0.025697341433151204,33.392708790586795,True,False,False,False,False,True,False,,Uptrend Under Pressure,1067.65,-0.1395,0.4149278546640957,0.904562820667949,0.1804317447455035,0.020964632678083017,0.6875591774782264,0.29841101694915256,,False,,,0,0,0.375,0.898
CRWV,"CoreWeave, Inc.",Information Technology,XLK,46819938304.0,2026-09-16,83.3499984741211,0.030029663373229543,-0.12207713997519765,-0.10539873229381846,-0.08950100797556615,-0.01054468509940265,False,-0.08916251700974176,0.004514216401178217,-0.09717887481155563,-0.027924310398344976,0.7736934547190527,0.8720760361079517,1.020313664268343,0.4893985700819916,0.8720760361079517,1834469275.8640876,0.5347358394386007,87.1765007019043,86.77266705830893,96.70037485758463,False,False,False,True,False,False,weak_rally,1,2,normal,False,False,,False,6.0,,0.06563457936405723,45.5031345022039,True,False,False,False,False,True,False,,Uptrend Under Pressure,99.83,-0.1651,0.5614880245094735,0.9290615743084026,-0.25562882706622814,0.11467319719797531,0.40826135665498176,0.2974046610169491,,False,,,0,0,0.375,0.898
UTHR,United Therapeutics Corporation,Health Care,XLV,21890551808.0,2026-09-16,498.4800109863281,-0.0037373740269338596,-0.016455538884350807,-0.03818474501538982,-0.02109257857118041,-0.12313493433130906,False,-0.020728655797586315,-0.10978958719500953,-0.02694823292666082,-0.1332519713531246,0.899231494817341,0.7962395957983854,1.337889237550751,0.5077182112869872,0.7962395957983854,294771253.8971771,0.09539546332472684,507.7480010986328,523.8178354899088,544.3023340861002,False,False,False,False,False,False,dry_up,3,4,normal,False,False,,False,116.0,분산4일,0.030101517718077654,43.39577038321536,True,False,False,False,False,True,False,,Uptrend Under Pressure,592.98,-0.1594,0.28285844348044703,0.9549750185957814,0.06711917616869578,-0.18687994431769817,0.4376865671641791,0.2972457627118644,,False,,,0,0,0.375,0.898
NGG,"National Grid Transco, PLC Nati",Utilities,XLU,79584305152.0,2026-09-16,76.02999877929688,0.014680347919938663,-0.0161749484956627,-0.07449790180045346,-0.05805104693418839,-0.09287995770327706,False,-0.0577008639974983,-0.07907414842575411,-0.014022190529965561,0.011783506913322306,0.9052268212057387,1.1951281942790257,1.2526655386313013,0.29789942597929175,1.1951281942790257,65170207.30272217,0.2631550768736559,78.45450019836426,80.70183372497559,82.09246629079183,False,False,False,False,False,False,accumulation,3,6,normal,False,False,,False,139.0,분산6일,0.01563294086507395,35.32087916193473,True,False,False,True,False,True,False,,Uptrend Under Pressure,91.32,-0.1674,0.3636045000778416,0.8773219778194903,-0.0004949980186623737,-0.20322754344452798,0.36909219037982005,0.2965042372881356,,False,,,0,0,0.375,0.898
GMED,"Globus Medical, Inc.",Health Care,XLV,10924893184.0,2026-09-16,75.26000213623047,0.007631539378665453,0.009930294236438542,-0.12933826919722957,-0.11386596810576621,-0.05331443694136273,False,-0.11353653516082829,-0.0389064647657279,-0.11916666814114563,-0.06423704438060274,0.8519357624644828,1.0692698861044694,1.3185571012944342,0.758782879882592,1.0692698861044694,98361629.94116287,0.4475886567523632,79.92600059509277,80.31750055948893,82.77333342234293,False,False,False,False,False,False,accumulation,3,5,normal,False,False,,False,26.0,분산5일,0.028985796990827973,37.59639033948455,True,False,False,False,False,True,False,,Uptrend Under Pressure,86.15,-0.1264,0.4065287206104955,0.9549750185957814,0.23643942815776797,-0.16622152743416374,0.5639929890499078,0.296292372881356,,False,,,0,0,0.375,0.898
MCD,McDonald's Corporation,Consumer Discretionary,XLY,186491863040.0,2026-09-16,248.55999755859375,-0.016694363640644028,-0.019409808473540124,-0.06241154868284515,-0.04574991040768828,-0.12043505324999948,False,-0.04539515434832575,-0.10704861558373402,-0.009822177660696929,-0.05493173556945041,0.8996468267091526,1.5800248465060407,1.088940711425823,0.4759007798605367,1.5800248465060407,1166965893.628598,0.13695975173701072,259.89076843261716,266.06419423421227,276.2169555664062,False,False,False,False,False,False,distribution,1,7,interest,False,False,,False,56.0,분산7일,0.01689030077617727,32.65258916751574,True,False,False,False,False,True,False,,Uptrend Under Pressure,267.86,-0.072,0.371609579747523,0.8883820050871151,-0.2426062616543232,-0.29250606400874846,0.13247081782371434,0.2962923728813559,,False,,,0,0,0.375,0.898
CAT,"Caterpillar, Inc.",Industrials,XLI,366576926720.0,2026-09-16,782.719970703125,-0.0010465417811650335,-0.040266843584502054,-0.0691545955400138,-0.052612786180676774,-0.17289413330544234,False,-0.052260581493110525,-0.1603060905817979,0.012834395793962505,-0.09829512621832615,0.8233555099836659,1.0491491508980648,0.9100554341401276,0.5720856364001142,1.0491491508980648,1908149996.3055663,0.3497345004440095,805.7894989013672,870.8330535888672,860.344578552246,False,False,False,True,False,False,distribution,1,2,normal,False,False,,False,57.0,,0.02777996240734008,39.19858967553606,True,False,True,False,False,True,False,,Uptrend Under Pressure,1055.05,-0.2581,0.45429944913532366,0.904562820667949,0.7263305782396008,0.0886310325511972,0.8556882656933251,0.29623940677966104,,False,,,0,0,0.375,0.898
HLT,Hilton Worldwide Holdings Inc.,Consumer Discretionary,XLY,71183532032.0,2026-09-16,305.6300048828125,-0.007017783560684165,-0.0044300641546136665,-0.06703742150191105,-0.050457988398447506,-0.11116823396125164,False,-0.05010498263412122,-0.09764076100335495,-0.01470751585781993,-0.04497479395374737,0.9055802110121276,1.063079394180047,0.9644954622126601,0.48576365287526097,1.063079394180047,515319988.4402283,0.3243040235070696,317.1678833007812,323.5716094970703,324.5653818766276,False,False,False,True,False,False,distribution,1,1,normal,False,False,,False,149.0,,0.020741706615302356,38.26465876684542,True,False,False,True,False,True,False,,Uptrend Under Pressure,324.68,-0.0587,0.43406541832139167,0.8883820050871151,0.01864700823229093,-0.06490348734449869,0.4982192548155108,0.2961864406779661,,False,,,0,0,0.375,0.898
TME,Tencent Music Entertainment Gro,Communication Services,XLC,13550859264.0,2026-09-16,7.820000171661377,-0.008871951331907768,-0.008871951331907768,-0.11035265010253359,-0.0945429605573821,-0.1004349640383223,False,-0.09420634400922767,-0.08674413731182762,-0.1301925468746976,-0.10870336084767296,0.7898990376751461,0.7214870227932931,0.6187629316689447,0.9434847221432184,0.7214870227932931,77602819.12680416,0.23077064152881194,8.357500100135804,8.749666666984558,8.981003431479136,False,False,False,False,False,False,dry_up,0,0,normal,False,False,,False,26.0,,0.02612348916601871,33.77313263399384,True,False,False,False,False,True,False,,Uptrend Under Pressure,9.9,-0.2101,0.5457457538964321,0.9464981965192371,-0.6980757382720086,-0.30825461337284565,0.02290574970185393,0.295603813559322,,False,,,0,0,0.375,0.898
KMI,"Kinder Morgan, Inc.",Energy,XLE,71792107520.0,2026-09-16,30.729999542236328,-0.001299997235367334,-0.021649166140693454,-0.0651049424760578,-0.04849116779505258,-0.05335663639906152,False,-0.04813743083715938,-0.038949306473225365,-0.07021523218142833,-0.1853322537043517,0.9348950575239422,1.0867404529590456,1.0717024596664133,0.5528352150347827,1.0867404529590456,368642950.5702715,0.42868534272777153,31.435000133514404,31.758902517954507,31.815796645482383,False,False,False,False,False,False,distribution,2,4,normal,False,False,,False,6.0,분산4일,0.023020548310204,41.298929931792735,True,False,False,True,False,True,False,,Uptrend Under Pressure,31.98,-0.0391,0.3142738970643352,0.971181533185436,0.039846316260437886,-0.145167827972992,0.45406562827508945,0.29412076271186444,,False,,,0,0,0.375,0.898
WTFC,Wintrust Financial Corporation,Financials,XLF,10142596096.0,2026-09-16,148.24000549316406,-0.021324326279186567,-0.01534372309377896,-0.06685128463039602,-0.050268543737444826,-0.08642850227694454,False,-0.049915467544368375,-0.07252450581467729,-0.03498441722035206,-0.0767054618053199,0.8912328884748072,1.1760327320082604,1.0829396575192831,0.5136456420092814,1.1760327320082604,64958888.71185837,0.36820084572445216,151.8650016784668,157.63393071492513,152.63424491882324,False,False,False,True,False,False,distribution,2,2,normal,False,False,,False,54.0,,0.01973152161051213,35.13917003986468,True,False,False,False,False,True,False,,Uptrend Under Pressure,160.17,-0.0745,0.31877819702928556,0.9550887806277483,0.033679584096417914,0.06027212050715103,0.6084781901629865,0.2936440677966101,,False,,,0,0,0.375,0.898
CR,Crane Company,Industrials,XLI,11853119488.0,2026-09-16,197.25,0.009209532258189101,-0.021188984626497764,-0.08134108390014394,-0.0650158374268105,-0.10263116333565703,False,-0.064668243750165,-0.0889737614120778,-0.00042548013811360974,-0.021694941140050217,0.8721660706595489,1.0640760091930914,0.907161126356366,0.3645062827315623,1.0640760091930914,80379435.1790802,0.4761058553145061,203.35563583374022,213.45953343709309,198.4881201426188,False,False,False,True,False,False,accumulation,2,0,normal,False,False,,False,36.0,,0.028922254917487247,38.27747588471997,True,False,False,False,False,True,False,,Uptrend Under Pressure,226.16,-0.1278,0.4690902456841041,0.904562820667949,0.016698776105557034,0.0709330109500741,0.5982111235589607,0.2911016949152543,,False,,,0,0,0.375,0.898
DTE,DTE Energy Company,Utilities,XLU,28222984192.0,2026-09-16,130.6999969482422,0.002300637007667028,-0.03939439002299916,-0.0678268975839399,-0.05126149405271263,-0.15755922095594366,False,-0.050908787003055345,-0.14473779029540745,-0.006915278360712707,-0.06035844646328137,0.8633330964738681,1.7305948954291817,1.3625847315294786,0.556999032459794,1.7305948954291817,177968306.8753624,0.4708845503078813,135.37600021362306,142.68750025431316,143.49043159484864,False,False,False,False,False,False,accumulation,2,4,interest,True,False,surge,False,61.0,분산4일,0.01674773471854922,29.080592232140546,True,False,False,False,False,True,False,,Uptrend Under Pressure,146.39,-0.1072,0.40831737047793865,0.8773219778194903,-0.10293510351241775,-0.17730699693633822,0.3079948321347259,0.290042372881356,,False,,,0,0,0.375,0.898
MP,MP Materials Corp.,Materials,XLB,9751061504.0,2026-09-16,48.9900016784668,-0.003660697522502643,-0.0977900116611714,-0.1355213823650181,-0.12015895975474922,-0.03786694894458198,False,-0.11983186631906906,-0.023223875499923663,-0.11114572630353425,-0.007551731806476503,0.8141931721671767,0.727909547850139,0.9379700714490121,0.5866551800560172,0.727909547850139,283795917.8508377,0.6077356100665781,54.7834997177124,51.673166592915855,56.123499933878584,False,False,False,False,False,False,dry_up,1,1,normal,False,False,,False,26.0,,0.051472620707388096,38.68953298342445,True,False,False,False,False,True,False,,Uptrend Under Pressure,54.66,-0.1037,0.4538604841338645,0.938326855384374,-0.24933922609260184,-0.14794810575768114,0.21910303205522028,0.2891949152542373,,False,,,0,0,0.375,0.898
AKAM,"Akamai Technologies, Inc.",Information Technology,XLK,15610498048.0,2026-09-16,104.4800033569336,-0.00872863525262313,-0.05661396517441453,-0.09305550238968274,-0.07693842977258913,-0.0941545424249679,False,-0.0765952684894261,-0.08036813154319755,-0.08472223170944515,-0.11006557387259286,0.8066707837435468,0.8205951397121345,1.0841801060843657,0.7679618004360792,0.8205951397121345,328179566.8059639,0.20797803779047652,107.45699958801269,114.94150021870931,119.79208354949951,False,False,False,False,False,False,dry_up,3,3,normal,False,False,,False,81.0,분산3일,0.04168262339418103,40.537729588743204,True,False,False,False,False,True,False,,Uptrend Under Pressure,143.55,-0.2722,0.5356960342760229,0.9290615743084026,0.3605906567741286,0.0033212478189623695,0.749039608254129,0.2881885593220339,,False,,,0,0,0.375,0.898
JBHT,"J.B. Hunt Transport Services, I",Industrials,XLI,24931598336.0,2026-09-16,236.72999572753906,-0.13301590803574082,-0.11601939313548182,-0.13662061483030297,-0.12127772639165402,-0.14496175735457306,False,-0.12095104887340236,-0.1319486010439005,-0.06057403976053799,-0.067843450628287,0.7946425333600223,4.881190870233055,1.561803908656861,0.9566100841330735,4.881190870233055,256240305.30064088,0.10397135718517374,266.01550064086916,274.66284561157227,262.67848345438637,False,False,False,True,False,False,distribution,6,2,attention,False,True,acc,False,2.0,,0.03975589988611363,31.072976055426793,True,False,False,False,False,True,False,,Uptrend Under Pressure,274.99,-0.1391,0.2093568946726391,0.904562820667949,0.772561578566388,0.22713868783453517,0.9209668967511113,0.28765889830508473,,False,,,0,0,0.375,0.898
CMS,CMS Energy Corporation,Utilities,XLU,21342060544.0,2026-09-16,65.98999786376953,0.0010618886038924469,-0.03197888167420948,-0.07134815464416056,-0.05484532644790974,-0.14355698958507257,False,-0.05449395173897931,-0.1305224535727062,-0.010666627309106613,-0.04474063834478614,0.8731139142066228,0.7007724145778366,0.9480784131686765,0.526150228844629,0.7007724145778366,198901410.3712185,0.3282053288469815,68.16549911499024,71.63840001424154,72.80804036458333,False,False,False,False,False,False,weak_rally,0,0,normal,False,False,,False,116.0,,0.015722073005312465,27.50098887067216,True,False,False,False,False,True,False,,Uptrend Under Pressure,76.37,-0.1359,0.43485920638348835,0.8773219778194903,-0.12977904664620254,-0.19992003961155158,0.26524339561273536,0.2876059322033898,,False,,,0,0,0.375,0.898
FHN,First Horizon Corporation,Financials,XLF,11522259968.0,2026-09-16,23.93000030517578,-0.022067798256292015,-0.019713688725522704,-0.06679169730881884,-0.05020789750521615,-0.07248267989568113,False,-0.049854798766039043,-0.058366436591720805,-0.0349227950020381,-0.06261121557790861,0.9189717359072506,1.0648536818118606,1.3830828067503753,0.40546406459737466,1.0648536818118606,108592389.9122448,0.3891632465911995,24.404378795623778,25.117881965637206,24.47662018140157,False,False,False,True,False,False,distribution,2,3,normal,False,False,,False,42.0,분산3일,0.019299603818649924,38.671099743195356,True,False,False,True,False,True,False,,Uptrend Under Pressure,25.62,-0.0661,0.3327322874900377,0.9550887806277483,0.006956338728815625,0.03588085952175657,0.569772505511185,0.2861758474576271,,False,,,0,0,0.375,0.898
MNST,Monster Beverage Corporation,Consumer Staples,XLP,89959653376.0,2026-09-16,44.56999969482422,-0.0013444179219139762,0.0403828089653222,-0.059307752425992066,-0.04259095740222241,-0.5439429685015835,False,-0.042235026957096466,-0.5305049312934986,-0.03390804631134825,-0.5380318384270515,0.44596756660032233,0.8618073246998156,0.9265677474470175,0.8514945387374138,0.8618073246998156,423446153.9577797,0.07843283917004502,45.54200038909912,70.16933352152506,75.94916687011718,False,False,False,False,False,False,dry_up,0,3,normal,False,False,,False,55.0,분산3일,0.02073784210280875,41.954861879165456,True,False,False,False,False,True,False,,Uptrend Under Pressure,96.38,-0.5376,1.0,0.9374568435182988,-0.4078637472631492,-0.49116226037233446,0.04178562393841928,0.2856991525423729,,False,,,0,0,0.375,0.898
ALLY,Ally Financial Inc.,Financials,XLF,12840267776.0,2026-09-16,40.310001373291016,-0.03054354020771477,-0.03633756613023187,-0.07609442158025692,-0.05967593804795257,-0.11346291103908213,False,-0.059326359187672484,-0.09997036165536866,-0.044543205700116606,-0.10402759479175272,0.8673090116944037,1.7006348846700627,1.3241012015072975,0.662598254486497,1.7006348846700627,138970312.19887733,0.19877742910138707,42.35300006866455,43.88262907663981,43.119062487284346,False,False,False,True,False,False,distribution,2,4,interest,False,False,,False,68.0,분산4일,0.027926416645852815,32.64429287088113,True,False,False,False,False,True,False,,Uptrend Under Pressure,43.05,-0.0637,0.3250152817450016,0.9550887806277483,-0.11863702812677801,0.021931482591043716,0.456634201871996,0.2850635593220339,,False,,,0,0,0.375,0.898
NXPI,NXP Semiconductors N.V.,Information Technology,XLK,56646160384.0,2026-09-16,218.97999572753906,-0.032560239351644094,-0.019434047350620043,-0.04191460418877002,-0.02488872009293719,-0.20505640897384958,False,-0.024526208589011222,-0.19295785631007079,-0.033111436013523954,-0.21901946676713457,0.7492643140029588,1.1049057493884034,1.0968781769285787,0.6577622462250323,1.1049057493884034,680047037.1096451,0.20138839218304205,225.12699966430665,249.75226669311525,258.83946240743,False,False,False,True,False,False,distribution,2,4,normal,False,False,,False,61.0,분산4일,0.033463580438500014,40.53637991816919,True,False,False,False,False,True,False,,Uptrend Under Pressure,312.21,-0.2986,0.4058439453823861,0.9290615743084026,-0.08616353417612954,0.04471196153898105,0.5017039499837375,0.2844809322033899,,False,,,0,0,0.375,0.898
WEC,"WEC Energy Group, Inc.",Utilities,XLU,34595426304.0,2026-09-16,103.37999725341797,-0.0012559644491302313,-0.02609518824910828,-0.06906803770878811,-0.05252469015295158,-0.12130882885429761,False,-0.052172452714432604,-0.10793568951546595,-0.008237519146469752,-0.019925485953751765,0.8971194399206681,1.1929853620342938,1.1031774042686002,0.3519807221043005,1.1929853620342938,237486986.3052929,0.3249145162597943,106.24099960327149,110.16381301879883,111.25098730723063,False,False,False,False,False,False,distribution,1,4,normal,False,False,,False,116.0,분산4일,0.015400732308454047,33.487559144553046,True,False,False,False,False,True,False,,Uptrend Under Pressure,113.79,-0.0915,0.38079031597872737,0.8773219778194903,-0.12886897859606827,-0.17238845452149887,0.2870694951393155,0.28411016949152545,,False,,,0,0,0.375,0.898
KIM,Kimco Realty Corporation (HC),Real Estate,XLRE,15904415744.0,2026-09-16,22.59000015258789,-0.017398852653873642,-0.04157825858824804,-0.05625249161069745,-0.039481402348907846,-0.10378094880359934,False,-0.03912431588241083,-0.09014104590786698,-0.01613055462960533,-0.05226817443959442,0.8664732483472054,1.1654736309342517,1.3242230403083992,0.2539946951281618,1.1654736309342517,124962299.11690369,0.27814661553463793,23.553303241729736,24.485247230529787,23.864789136250813,False,False,False,True,False,False,distribution,1,7,normal,False,False,,False,60.0,분산7일,0.016521172481519963,25.996129275065996,True,False,False,False,False,True,False,,Uptrend Under Pressure,24.4,-0.0742,0.4512400661567519,0.9304499659860984,-0.04479495865625227,-0.08452336776553648,0.43349535614903695,0.28373940677966103,,False,,,0,0,0.375,0.898
PPG,"PPG Industries, Inc.",Materials,XLB,24935391232.0,2026-09-16,104.9800033569336,0.0008580795863180057,-0.020343413873422644,-0.06940869046285758,-0.05287139655770101,-0.12872419850493622,False,-0.05251928801222483,-0.11546391653265531,-0.04316885846199103,-0.10127174265122041,0.8823331685577386,1.1449897310480341,1.2080835034599045,0.6596805683986282,1.1449897310480341,155650528.4230507,0.4689278037678594,110.39950027465821,114.48523343404135,111.70759296417236,False,False,False,True,False,False,accumulation,3,5,normal,False,False,,False,58.0,분산5일,0.02686566623379861,33.82062585585466,True,False,False,False,False,True,False,,Uptrend Under Pressure,120.23,-0.1269,0.5163693821302997,0.938326855384374,-0.10022818441694648,-0.04510339193155266,0.42537584474720824,0.2835805084745763,,False,,,0,0,0.375,0.898
FITB,Fifth Third Bancorp,Financials,XLF,48763613184.0,2026-09-16,52.40999984741211,-0.04133891343016305,-0.032847367123193694,-0.08518067708378418,-0.06892366301312136,-0.10273922268321845,False,-0.06857752212628498,-0.08908346535646605,-0.05393975525925976,-0.09318977540602547,0.8827690886021765,1.4921832150365153,1.1652620004091052,0.6820245588490131,1.4921832150365153,270888822.12902814,0.23648681738162192,54.444499778747556,56.22505970001221,52.8268946647644,False,False,True,True,False,False,distribution,1,1,normal,False,False,,False,53.0,,0.021220045146043368,32.823680536361366,True,False,False,False,False,True,False,,Uptrend Under Pressure,57.49,-0.0884,0.28176763712034686,0.9550887806277483,0.1107124975942404,0.14306323165266366,0.7241471215351812,0.28347457627118644,,False,,,0,0,0.375,0.898
COST,Costco Wholesale Corporation,Consumer Staples,XLP,418595241984.0,2026-09-16,893.739990234375,-0.008442875195747934,-0.009816070896535245,-0.0703281708727923,-0.05380721681266021,-0.06318255740549772,False,-0.05345545617169023,-0.0489247719556577,-0.04522602795220154,-0.037892626778372684,0.9175692364223522,1.05445405000486,1.0108892725538685,0.3275094364906822,1.05445405000486,1835734244.9973633,0.11373355424724457,929.665493774414,939.014751180013,968.7084299723307,False,False,False,False,False,False,distribution,1,8,normal,False,False,,False,82.0,분산8일,0.016112061733645947,35.06403978779069,True,False,False,True,False,True,False,,Uptrend Under Pressure,1092.58,-0.182,0.35355131160325826,0.9374568435182988,-0.15492862409169927,-0.1709095622012985,0.2674397383542337,0.2834216101694915,,False,,,0,0,0.375,0.898
SPG,"Simon Property Group, Inc.",Real Estate,XLRE,80601661440.0,2026-09-16,202.94000244140625,-0.005683506258794768,-0.007773902837629021,-0.07022255094860907,-0.053699719944526936,-0.10474234406910055,False,-0.05334791934006544,-0.09111707301817029,-0.030694529008770344,-0.05328482867032336,0.8665745526250873,1.1083258984941744,0.9988251849648833,0.5054779599573966,1.1083258984941744,248725292.9502594,0.477252119508546,210.44521560668946,218.38765640258788,208.41997108459472,False,False,False,True,False,False,distribution,2,2,normal,False,False,,False,52.0,,0.016733716169017376,29.926488076475692,True,False,False,False,False,True,False,,Uptrend Under Pressure,223.66,-0.0926,0.42439020127288263,0.9304499659860984,0.05645277343871191,0.015717243126819325,0.5935537205016082,0.28315677966101693,,False,,,0,0,0.375,0.898
TT,Trane Technologies plc,Industrials,XLI,97778302976.0,2026-09-16,421.67999267578125,-0.0024838981933100746,-0.05063381154075186,-0.0878198530013673,-0.07160973903321899,-0.11900807342903263,False,-0.07126459673339303,-0.1055999180073075,-0.00747490011342411,-0.0395489308689545,0.8733715787082459,0.91960620391051,1.0353792595735123,0.48871155296486596,0.91960620391051,444834167.5556946,0.3614754405523651,444.0872573852539,464.45584564208986,462.2886962890625,False,False,False,True,False,False,dry_up,2,3,normal,False,False,,False,95.0,분산3일,0.023978156875064584,30.35058017410381,True,False,False,False,False,True,False,,Uptrend Under Pressure,490.27,-0.1399,0.41697017395374764,0.904562820667949,0.0038718041037764106,-0.032826217219161125,0.5214592895088721,0.2819385593220339,,False,,,0,0,0.375,0.898
PDD,PDD Holdings Inc.,Consumer Discretionary,XLY,119565303808.0,2026-09-16,78.76000213623047,0.008709020097708686,0.0019081735747901174,-0.09751340476890069,-0.08147555236490178,-0.053704129093859354,False,-0.08113407782167137,-0.039302087793173124,-0.04689289815701925,0.016768801052793103,0.8468817434003276,0.7695517707168066,1.0139096794910034,0.3154809527105188,0.7695517707168066,608067292.5786701,0.8343576085786367,83.17649917602539,84.27016626993814,89.41758314768474,False,False,False,False,False,False,weak_rally,0,4,normal,False,False,,False,34.0,분산4일,0.022446121761684885,36.652326972417036,True,False,False,False,False,True,False,,Uptrend Under Pressure,88.32,-0.1082,0.40291205001515107,0.8883820050871151,-0.4226397132663864,-0.28065935239161677,0.0629314083336345,0.2816207627118644,,False,,,0,0,0.375,0.898
RF,Regions Financial Corporation,Financials,XLF,25455652864.0,2026-09-16,28.469999313354492,-0.04076822706805305,-0.047507531123795244,-0.0927841824953809,-0.07666228832366018,-0.06776914928172939,False,-0.07631902438098137,-0.05358116894006082,-0.06180291906700719,-0.05784751937862731,0.8876154677760612,1.3939001189240947,1.0751096570583112,0.5596194907811488,1.3939001189240947,217107388.84477234,0.25483789989737227,29.967055225372313,30.43482395807902,28.840367603302003,False,False,True,True,False,False,distribution,1,2,normal,False,False,,False,167.0,,0.02262439394153232,30.393406720710914,True,False,False,False,False,True,False,,Uptrend Under Pressure,27.7,0.0278,0.29715627502531533,0.9550887806277483,0.02683456368121062,0.08590532077072832,0.6173277077084312,0.28146186440677967,,False,,,0,0,0.375,0.898
UHAL,U-Haul Holding Company,Industrials,XLI,13166534656.0,2026-09-16,63.31999969482422,0.0025332464819292078,-0.004245957809652312,-0.12480993738412893,-0.10925716449658729,-0.05780892895837808,False,-0.10892601816327807,-0.043469360187687656,-0.04772307621944072,0.027169936766446412,0.8412382425774563,0.9130847779624792,0.9466734410983416,0.4447553981947838,0.9130847779624792,9721707.803715516,0.4187492549412298,67.15300045013427,69.23600006103516,61.228333187103274,False,False,True,True,False,False,weak_rally,1,3,normal,False,False,,False,,분산3일,0.02361024710105297,28.9528793555548,False,False,False,False,False,True,False,,Uptrend Under Pressure,,,0.36217561911400836,0.904562820667949,0.10775508103849218,0.39837353145652155,0.7726356112897981,0.28146186440677967,,False,,,0,0,0.375,0.898
RDDT,"Reddit, Inc.",Communication Services,XLC,28438128640.0,2026-09-16,157.60000610351562,-0.012716899813334792,0.07620870988837036,-0.004107386391686396,0.013590359848182132,-0.21643140085589785,False,0.013967176498019818,-0.20450596857435566,-0.02631664341069151,-0.22363361064181297,0.7753234751364017,0.6471543687560499,0.9623949873832407,0.47200224510104843,0.6471543687560499,689288959.2069092,0.24488704926753949,154.1155014038086,167.89199981689453,162.59433339436848,True,False,False,True,False,False,dry_up,0,1,normal,False,False,,False,53.0,,0.04565985670846853,49.99400348521112,True,True,False,False,False,True,False,,Uptrend Under Pressure,197.76,-0.2031,0.4928562438199117,0.9464981965192371,-0.47214192377832986,-0.015762441776687508,0.24654873333092406,0.28008474576271186,,False,,,0,0,0.375,0.898
LLY,Eli Lilly and Company,Health Care,XLV,1031504003072.0,2026-09-16,1137.8199462890625,0.0015051015830751524,0.012106266466642035,-0.07172055475551675,-0.055224344383899115,-0.0855402027362796,False,-0.05487311058028377,-0.07162268690119744,-0.0608758284381169,-0.0960909978199267,0.8886857996032815,0.6111811941950047,0.7734259882181589,0.5777554847853054,0.6111811941950047,2846023910.115906,0.279029474112528,1174.2824951171874,1179.3930826822916,1088.01331837972,False,False,True,True,False,False,weak_rally,0,1,normal,False,False,,False,19.0,,0.022175222466048975,42.600882336995824,True,False,False,False,False,True,False,,Uptrend Under Pressure,1280.34,-0.1113,0.4197103752311199,0.9549750185957814,0.3462464747459564,0.10168296176609681,0.8106474287159843,0.28003177966101694,,False,,,0,0,0.375,0.898
CRH,CRH PLC,Materials,XLB,62729674752.0,2026-09-16,86.69999694824219,-0.011289833112110736,-0.02965866335908718,-0.0702413195898961,-0.053718822118411946,-0.18731206411095147,False,-0.053367028615455614,-0.1749434534289288,-0.04402496518675547,-0.16170561475868184,0.8243912828809677,1.0150396105873154,1.0218532134845992,0.7872338336409612,1.0150396105873154,408324166.0143059,0.2430748572716346,92.36900024414062,98.79259312947592,103.79761130015055,False,False,False,False,False,False,distribution,1,4,normal,False,False,,False,57.0,분산4일,0.029650701943291963,33.13137600690675,True,False,False,False,False,True,False,,Uptrend Under Pressure,112.6,-0.23,0.3724525655142445,0.938326855384374,-0.2743938580105588,-0.20347026631728726,0.15566206497777457,0.2798199152542373,,False,,,0,0,0.375,0.898
BKNG,Booking Holdings Inc. Common St,Consumer Discretionary,XLY,149592342528.0,2026-09-16,171.39999389648438,0.00046688401147587655,-0.009318231427809187,-0.1749630976619816,-0.16030158342180456,-0.06364748781504237,False,-0.15998941357810514,-0.049396778320161094,-0.12868674719812412,0.006084936485473147,0.801296213098609,0.9433293256013313,1.1395568236491762,0.6833108289404144,0.9433293256013313,1178429883.0392609,0.37260197235030745,193.59402084350586,190.5642997741699,179.66502278645834,False,False,True,True,True,False,weak_rally,4,5,normal,False,False,,False,26.0,분산5일,0.039201116953080456,29.836705984609424,True,False,False,False,False,True,False,,Uptrend Under Pressure,212.37,-0.1929,0.38052247281478735,0.8883820050871151,-0.2158550996547135,-0.00240251466729291,0.3524755158830545,0.27955508474576274,,False,,,0,0,0.375,0.898
ZION,Zions Bancorporation N.A.,Financials,XLF,9733629952.0,2026-09-16,65.47000122070312,-0.03706422594858261,-0.038760818763628135,-0.07697728832625195,-0.06057449398716064,-0.07546007626120832,False,-0.06022524917784655,-0.06138914709920196,-0.045456222192954865,-0.06562030004385722,0.8990573568295138,1.664142946231065,1.2136572114488438,0.48184939575292446,1.664142946231065,94307328.11537628,0.355615665971045,67.98400039672852,69.26675605773926,65.30348850886027,False,False,True,True,False,False,distribution,1,3,interest,False,False,,False,59.0,분산3일,0.02425320533117688,35.66159782677681,True,False,False,False,False,True,False,,Uptrend Under Pressure,68.03,-0.0377,0.30475939667472984,0.9550887806277483,0.09346239952899937,0.16071424823759584,0.7142875212316144,0.27791313559322034,,False,,,0,0,0.375,0.898
UHAL-B,U-Haul Holding Company Series N,Industrials,XLI,11665138688.0,2026-09-16,55.93000030517578,-0.0010716444274387893,-0.007629999993908454,-0.12376627446743049,-0.10819495492013131,-0.05002147546816582,False,-0.10786341369528618,-0.03556338644367141,-0.046587487329403876,0.035659762614902,0.8471675726910188,1.1207923696491173,0.9684092017616097,0.30184304751982244,1.1207923696491173,16208936.287376404,0.34351167267019794,59.280374908447264,60.888458251953125,54.7181170463562,False,False,True,True,False,False,distribution,1,2,normal,False,False,,False,,,0.022528874878999402,26.408779354319492,False,False,False,False,False,True,False,,Uptrend Under Pressure,,,0.4129228708383117,0.904562820667949,0.06024900604323569,0.30908409837290596,0.7281242094611687,0.2770656779661017,,False,,,0,0,0.375,0.898
HD,"Home Depot, Inc. (The)",Consumer Discretionary,XLY,327072579584.0,2026-09-16,302.4700012207031,-0.009853377168300925,-0.02570465670011457,-0.09716147051919333,-0.08111736398401648,-0.12477300120105195,False,-0.08077575627915501,-0.11145258443530204,-0.046521223902187714,-0.05959274094084399,0.8568105652017067,0.9887958418033266,1.0838157131981925,0.6886506642331836,0.9887958418033266,1205130743.2697845,0.0,320.9646392822266,333.31634216308595,326.25233027140297,False,False,False,False,False,False,dry_up,1,3,normal,False,False,,False,61.0,분산3일,0.019536275818913144,31.245873839665265,True,False,False,False,False,True,False,,Uptrend Under Pressure,331.83,-0.0885,0.4071925448237423,0.8883820050871151,-0.30972586128222934,-0.13901258003789585,0.18836688229554407,0.2739406779661017,,False,,,0,0,0.375,0.898
STE,STERIS plc (Ireland),Health Care,XLV,22682425344.0,2026-09-16,209.89999389648438,-0.0018071375547769053,-0.024129445951791895,-0.09402108843479173,-0.07792117499386386,-0.030733832416568796,False,-0.07757837906023124,-0.01598219732433548,-0.08343689054525116,-0.04191696889373786,0.8812541889345119,1.066584254892546,1.1501892874589283,0.37086684437607786,1.066584254892546,134925963.43153685,0.26639150759032565,225.725431060791,222.3710563659668,218.2223924001058,False,False,True,False,True,False,distribution,1,5,normal,False,False,,False,27.0,분산5일,0.025469265972028976,29.651317514991987,True,False,False,False,False,True,False,,Uptrend Under Pressure,236.75,-0.1134,0.5360518470911327,0.9549750185957814,-0.2113346796482719,-0.09602318031864243,0.2815375302663438,0.2736228813559322,,False,,,0,0,0.375,0.898
WMS,"Advanced Drainage Systems, Inc.",Industrials,XLI,10234767360.0,2026-09-16,126.83999633789062,-0.002908597981644001,-0.037486739165020766,-0.11847910612956358,-0.1028138297014799,-0.1550336681550908,False,-0.10248028796670727,-0.14217380013382708,-0.04083462447668229,-0.07882377542445351,0.8396825472184598,1.339641930061814,1.2690707667896854,0.8031035063223324,1.339641930061814,86321659.08644104,0.5205255415049456,134.97262115478514,142.67339350382488,141.8685688018799,False,False,False,False,False,False,distribution,3,4,normal,False,False,,False,60.0,분산4일,0.030233949877314023,35.36629744206343,True,False,False,False,False,True,False,,Uptrend Under Pressure,141.19,-0.1016,0.45297707688126504,0.904562820667949,-0.11997981810656322,-0.08492687952096734,0.37230403671714074,0.2721398305084746,,False,,,0,0,0.375,0.898
MAA,Mid-America Apartment Communiti,Real Estate,XLRE,15328485376.0,2026-09-16,121.9000015258789,-0.020804854866532163,-0.0437715852221241,-0.06353227901511471,-0.04689055694452926,-0.13714957496366598,False,-0.046536224936759796,-0.1240175220405264,-0.02371983071492445,-0.08755475861218687,0.8873198223414077,1.0895650468173668,1.2825049641215254,0.5017079518608679,1.0895650468173668,113596990.5629528,0.15084568190296285,128.51050033569337,132.46014328002929,129.92414627075195,False,False,False,True,False,False,distribution,2,5,normal,False,False,,False,63.0,분산5일,0.017476266597274612,27.323312690679245,True,False,False,False,False,True,False,,Uptrend Under Pressure,134.88,-0.0962,0.4057883555211313,0.9304499659860984,-0.17366382413097525,-0.09467841718406322,0.3130886126269379,0.26811440677966103,,False,,,0,0,0.375,0.898
NRG,"NRG Energy, Inc.",Utilities,XLU,23148378112.0,2026-09-16,107.37999725341797,0.013114439264684474,-0.06925548498698264,-0.07078574314635289,-0.05427292048299326,-0.22574361883752836,False,-0.05392133297399426,-0.21395991278780835,-0.010067465775374873,-0.13640995672506984,0.7536272012167259,0.7368052854143348,1.0011337144937325,0.6272523959738008,0.7368052854143348,304988717.92351913,0.4210527941485353,112.98250007629395,126.15688095092773,134.69916617075603,False,False,False,False,False,False,weak_rally,2,4,normal,False,False,,False,56.0,분산4일,0.039066863495293015,39.39479516147542,True,False,False,False,False,True,False,,Uptrend Under Pressure,148.83,-0.2785,0.45111577396926333,0.8773219778194903,-0.36896412299174486,-0.3126122516994443,0.06747407032633443,0.264353813559322,,False,,,0,0,0.375,0.898
ASML,ASML Holding N.V. - New York Re,Information Technology,XLK,651437473792.0,2026-09-16,1602.219970703125,0.006748429365232456,-0.07360426441471724,-0.11134899551875788,-0.09555701176648279,-0.08955439963005196,False,-0.09522077220630532,-0.07569797740345996,-0.10318381079122563,-0.10554623185452183,0.8508326473392993,1.1345876885165713,1.164388216212973,0.7357196141574096,1.1345876885165713,1986374962.4898071,0.42367457262207037,1699.0185119628907,1742.492411295573,1643.4130330403646,False,False,False,True,False,False,accumulation,4,2,normal,False,False,,False,60.0,,0.033547671882346385,39.4504004048658,True,False,False,False,False,True,False,,Uptrend Under Pressure,1926.76,-0.1684,0.35357197578495136,0.9290615743084026,0.8489381818023363,0.1746953105196003,0.9063767120812403,0.2638771186440678,,False,,,0,0,0.375,0.898
MS,Morgan Stanley,Financials,XLF,335033204736.0,2026-09-16,202.4199981689453,-0.018712432776778587,-0.06004182757420051,-0.06954725199067402,-0.05301242042605936,-0.0910512047036579,False,-0.052660364308214636,-0.07721756292993687,-0.037772451400202134,-0.08137736314300525,0.8905458976831288,1.560600077384087,1.379132975541633,0.41599506108731304,1.560600077384087,948282217.9726051,0.24026765360691296,212.77000122070314,214.80081481933593,203.53349622090658,False,False,False,True,False,False,distribution,1,5,interest,False,False,,False,44.0,분산5일,0.02575266626325903,34.497005089279924,True,False,False,False,False,True,False,,Uptrend Under Pressure,227.3,-0.1095,0.3631463792499639,0.9550887806277483,0.20522969737643848,0.2069450880099155,0.8018313396696902,0.26361228813559323,,False,,,0,0,0.375,0.898
DAL,"Delta Air Lines, Inc.",Industrials,XLI,51294597120.0,2026-09-16,77.87000274658203,-0.012929352908579772,-0.011174568297371068,-0.09136516313284138,-0.07521805194048548,-0.1266395400679704,False,-0.07487425108236534,-0.11334753087608518,-0.011332481649207526,-0.04786870097279028,0.8360532881347269,1.304679194633182,1.0925321760248776,0.46792278049767955,1.304679194633182,427597385.37807924,0.2828289278125791,80.05050048828124,85.80185508728027,79.36733735402426,False,False,False,True,False,False,distribution,2,5,normal,False,False,,False,61.0,분산5일,0.02833938771609158,38.20332785130801,True,False,False,False,False,True,False,,Uptrend Under Pressure,83.97,-0.0727,0.40168692195717987,0.904562820667949,0.282274401841895,0.17271042132204872,0.8206705576235047,0.26313559322033897,,False,,,0,0,0.375,0.898
UMBF,UMB Financial Corporation,Financials,XLF,10756803584.0,2026-09-16,134.1999969482422,-0.023716059991259475,-0.04633317379123003,-0.10203467572119584,-0.08607716963657108,-0.08537441418287939,False,-0.0857374058100886,-0.07145437514795361,-0.07136931503827881,-0.07564015516817979,0.8857987469601103,1.5609031619493063,1.15852266203229,0.60873864957236,1.5609031619493063,70401346.75964737,0.281440902698002,141.61196746826172,143.61575622558593,134.39906260172526,False,False,True,True,False,False,distribution,3,3,interest,False,False,,False,34.0,분산3일,0.022426631708871745,31.18479591273612,True,False,False,False,False,True,False,,Uptrend Under Pressure,147.75,-0.0917,0.34293775728113346,0.9550887806277483,0.07929347889654981,0.18911398375620725,0.7142306024357631,0.2622351694915254,,False,,,0,0,0.375,0.898
H,Hyatt Hotels Corporation,Consumer Discretionary,XLY,15734708224.0,2026-09-16,158.64999389648438,-0.00961363706505447,0.002590927635793161,-0.11154810428362683,-0.09575965884095128,-0.18487742195072154,False,-0.09542349461770949,-0.17247175751202315,-0.061714804488262276,-0.12417328250560333,0.8305478221665255,0.9068188277612944,1.128670710710499,0.8844489812091149,0.9068188277612944,117067243.0549347,0.27608511767535204,168.7294776916504,180.13341827392577,175.36641960144044,False,False,False,True,False,False,dry_up,5,3,normal,False,False,,False,68.0,분산3일,0.028089679227004873,33.53010951411724,True,False,False,False,False,True,False,,Uptrend Under Pressure,193.92,-0.1819,0.3972098638174233,0.8883820050871151,0.09733536340633364,0.06413154714920766,0.6636885186657511,0.2617055084745763,,False,,,0,0,0.375,0.898
MTB,M&T Bank Corporation,Financials,XLF,33784739840.0,2026-09-16,226.00999450683594,-0.03976717850417322,-0.05037817434102543,-0.09555267841882642,-0.07947998246150123,-0.059203423631716046,False,-0.07913776603674216,-0.04488507821251242,-0.06466595864792601,-0.04919062965730536,0.895228068491595,1.7086393060621912,1.2642331788171441,0.43421677950994086,1.7086393060621912,252379162.872052,0.24863686993234205,237.24254150390624,242.02730763753254,227.73675142923992,False,False,True,True,False,False,distribution,2,4,interest,False,False,,False,35.0,분산4일,0.02158826933065072,30.033721827942927,True,False,False,False,False,True,False,,Uptrend Under Pressure,250.99,-0.0995,0.2973714641994311,0.9550887806277483,0.11224730843852249,0.09876600942297409,0.7002105091973547,0.2594809322033898,,False,,,0,0,0.375,0.898
KEY,KeyCorp,Financials,XLF,23060649984.0,2026-09-16,20.719999313354492,-0.045161355535925374,-0.04647953291111262,-0.082122057162479,-0.06581068916000488,-0.11242793648495486,False,-0.06546339098080978,-0.09891963542490834,-0.05077668399607893,-0.10298160511784338,0.8719650078918946,2.183878017829403,1.556123929490803,0.598204748313862,2.183878017829403,270799706.0931312,0.1851841967695904,21.704459857940673,22.435241985321046,21.790596532821656,False,False,False,True,False,False,distribution,5,5,attention,False,False,,False,64.0,분산5일,0.02235832512661212,31.632340575715958,True,False,False,False,False,True,False,,Uptrend Under Pressure,22.21,-0.067,0.2713565794601476,0.9550887806277483,0.066919868567477,0.05201174982817092,0.6332333489935311,0.2590572033898305,,False,,,0,0,0.375,0.898
FICO,Fair Isaac Corporation,Information Technology,XLK,24777023488.0,2026-09-16,991.3499755859375,0.0054667060460498185,0.008299487509300096,-0.08048271057417722,-0.06414221017376942,-0.24399178330896154,False,-0.06379429171375195,-0.23248580310214062,-0.07203391741413967,-0.25727094744214096,0.7219899840606614,0.6038082804203417,0.847129044091004,0.8911784315800614,0.6038082804203417,368236575.9895142,0.5224228793517155,1073.7385009765626,1143.3948303222655,1127.351912434896,False,False,False,False,False,False,weak_rally,3,2,normal,False,False,,False,34.0,,0.054137572328216525,40.559743922830975,True,False,False,False,False,True,False,,Uptrend Under Pressure,1373.08,-0.278,0.28843355614766525,0.9290615743084026,-0.42099471716039905,-0.23397370535344575,0.08073614975967619,0.2579978813559322,,False,,,0,0,0.375,0.898
PRAX,"Praxis Precision Medicines, Inc",Health Care,XLV,9780371456.0,2026-09-16,308.989990234375,-0.012496017060974807,-0.1051549343823438,-0.16453062596269952,-0.1496837190062138,-0.054199641033781165,False,-0.14936760182021913,-0.03980514112014222,-0.15477016347005257,-0.06511203522251607,0.7998084564335943,1.6896846390132247,0.9476245230663316,0.6597081662063137,1.6896846390132247,113025510.48220214,0.2785971278016165,352.2149963378906,337.0176645914714,325.69883219401044,False,False,True,True,True,False,distribution,0,3,interest,False,False,,False,26.0,분산3일,0.047921804123344784,33.27723205761488,True,False,False,False,False,True,False,,Uptrend Under Pressure,366.96,-0.158,0.4796932618513164,0.9549750185957814,6.871737530585939,0.07134719771526754,0.8798688157276571,0.25603813559322036,,False,,,0,0,0.375,0.898
WIT,Wipro Limited,Information Technology,XLK,18301616128.0,2026-09-16,1.6799999475479126,-0.04000002997262142,0.0,-0.12041886025806248,-0.10478805469146002,-0.08930013055822528,False,-0.10445524690294039,-0.07543983851270397,-0.11233701209423941,-0.10529642897851699,0.8195121885977068,0.6743677028905692,1.0480253318179102,0.7255924986444167,0.6743677028905692,16697060.525766741,0.0,1.801499992609024,1.8962853988011679,1.9936846315860748,False,False,False,False,False,False,dry_up,2,4,normal,False,False,,False,,분산4일,0.03486395903368582,35.40326043828682,False,False,False,False,False,True,False,,Uptrend Under Pressure,,,0.26209132673866015,0.9290615743084026,-0.4079047593826016,-0.2485921592247754,0.07928155831014419,0.25572033898305085,,False,,,0,0,0.375,0.898
PSA,Public Storage,Real Estate,XLRE,57329074176.0,2026-09-16,294.67999267578125,-0.0067412702217020115,0.0105342363466161,-0.07860297968886676,-0.06222907508427766,-0.10188826708912613,False,-0.06188044538904769,-0.0882195587414637,-0.03943123846055541,-0.05026670538571976,0.9008484666195099,1.017101311838154,1.0617607080764975,0.4274340004970274,1.017101311838154,240191591.3670349,0.1417573596864315,304.82884216308594,314.4716639200846,305.3775194803874,False,False,False,True,False,False,distribution,2,5,normal,False,False,,False,67.0,분산5일,0.021334995505007545,36.12883556914621,True,False,False,True,False,True,False,,Uptrend Under Pressure,317.63,-0.0723,0.40686560176273523,0.9304499659860984,-0.0130711318913862,-0.012121813767038803,0.5166844349680171,0.255614406779661,,False,,,0,0,0.375,0.898
AM,Antero Midstream Corporation,Energy,XLE,10642190336.0,2026-09-16,21.15999984741211,-0.007969998917112475,-0.07355517924484023,-0.06743061483621304,-0.05085816906828999,-0.0664282742609904,False,-0.0505053120768264,-0.052219886625977985,-0.07252819203505734,-0.19658151838715976,0.9240174759780263,1.0120142888841464,0.9570344624671305,0.44730999158936585,1.0120142888841464,46711986.71780529,0.2857124891532628,22.24650001525879,22.18666801452637,21.799549690882365,False,False,True,False,True,False,distribution,1,3,normal,False,False,,False,56.0,분산3일,0.02250878723453736,34.696302015739604,False,False,False,True,False,True,False,,Uptrend Under Pressure,22.95,-0.078,0.4072015077420467,0.971181533185436,0.0666648409535413,-0.14870457759015865,0.47454284268728997,0.2542372881355932,,False,,,0,0,0.375,0.898
STM,STMicroelectronics N.V.,Information Technology,XLK,44727738368.0,2026-09-16,48.060001373291016,0.0029216028734415644,-0.06770122047374327,-0.08054331447489671,-0.0642038910505015,-0.2916777755933102,False,-0.06385599552122845,-0.28089754686809054,-0.07209507816118255,-0.30411934285331144,0.6725441084386166,1.181832321690953,1.0698679890838374,0.9239592117392815,1.181832321690953,383046171.32200354,0.29914598652793206,50.1689998626709,57.79616641998291,57.36323715845744,False,False,False,True,False,False,accumulation,2,3,normal,False,False,,False,73.0,분산3일,0.0339085042131585,38.14544234063341,True,False,False,False,False,True,False,,Uptrend Under Pressure,79.42,-0.3949,0.6098093109248038,0.9290615743084026,0.7678896778494082,0.43147754819649276,0.9438401214267645,0.25381355932203387,,False,,,0,0,0.375,0.898
O,Realty Income Corporation,Real Estate,XLRE,57984241664.0,2026-09-16,57.150001525878906,-0.02657124140556033,-0.04924303866939095,-0.07730302400602485,-0.060906018230201586,-0.10703374400638554,False,-0.06055689666974562,-0.09344334665357412,-0.03807601721195408,-0.05570793342663605,0.8767062572059007,1.9675975873175635,1.3655363430507068,0.4318584967206858,1.9675975873175635,357166229.80182076,0.13181855225353162,61.051524543762206,62.358152071634926,61.74491701126099,False,False,False,False,False,False,distribution,1,7,interest,False,False,,False,138.0,분산7일,0.01565371845368928,19.191250945250687,True,False,False,False,False,True,False,,Uptrend Under Pressure,65.28,-0.1245,0.3678654086173953,0.9304499659860984,-0.079569222120626,-0.14080619396398142,0.3574608796212641,0.253760593220339,,False,,,0,0,0.375,0.898
LHX,"L3Harris Technologies, Inc.",Industrials,XLI,49579642880.0,2026-09-16,250.74000549316406,0.0043258904718930236,0.0013178460374130285,-0.09872872599022764,-0.08271247074066179,-0.15428880803780887,False,-0.08237145603945129,-0.14141760370355672,-0.019344628136494846,-0.07801173427581198,0.8254959306170355,0.7986244830098165,1.0787923025990636,0.6020390588422804,0.7986244830098165,415563244.5698265,0.6891565681438363,258.5487480163574,278.03735427856446,298.86055488586425,False,False,False,False,False,False,weak_rally,1,2,normal,False,False,,False,38.0,,0.02175269243513071,33.96479471397771,True,False,False,False,False,True,False,,Uptrend Under Pressure,298.24,-0.1593,0.6761825623689206,0.904562820667949,-0.15473726434334567,-0.3456303245095492,0.19180821076216975,0.25307203389830507,,False,,,0,0,0.375,0.898
RBC,RBC Bearings Incorporated,Industrials,XLI,15647898624.0,2026-09-16,487.1400146484375,0.0070910736886813375,0.0022632007328136083,-0.10722992238194262,-0.09136473966210545,-0.1952750651159051,False,-0.09102694156507507,-0.18302764641292057,-0.02859461107638339,-0.12269465728914386,0.8178842306696723,1.5438710852892754,1.257236117591279,0.75174412658304,1.5438710852892754,144255744.7337219,0.9015734947305183,495.01200103759766,555.9140009562175,571.5035835266114,False,False,False,False,False,False,accumulation,4,2,interest,True,False,surge,False,61.0,,0.02574208533179889,38.54859888892607,True,False,False,False,False,True,False,,Uptrend Under Pressure,639.18,-0.2379,0.2924160896802771,0.904562820667949,0.23404424115945188,-0.11571708530697777,0.6050784214520617,0.2516419491525424,,False,,,0,0,0.375,0.898
MTSI,MACOM Technology Solutions Hold,Information Technology,XLK,20148940800.0,2026-09-16,251.75,0.048870908752354,-0.12012440830327298,-0.1404329561496337,-0.1251578158279275,-0.18104681820954927,False,-0.1248325807881765,-0.16858285433725606,-0.13253500333875012,-0.19543160064747522,0.7686318839137525,1.1327033263641797,1.1584710677555146,1.1115453047494643,1.1327033263641797,326945309.56182253,0.7854220351564746,264.6744972229004,290.0458318074544,304.97083282470703,False,False,False,True,False,False,accumulation,3,2,normal,False,False,,False,73.0,,0.054631837565335066,42.676428671219206,True,False,False,False,False,True,False,,Uptrend Under Pressure,382.35,-0.3416,0.3695948583464789,0.9290615743084026,1.1083961875303951,0.27814450247196754,0.9460563405731632,0.251271186440678,,False,,,0,0,0.375,0.898
IR,Ingersoll Rand Inc.,Industrials,XLI,29895356416.0,2026-09-16,71.44000244140625,-0.006535964354995261,-0.029083981195896724,-0.1155131186013374,-0.09979513438738608,-0.09978324361768354,False,-0.09946047040964423,-0.08608249810711377,-0.037607392358771086,-0.018590159523522276,0.7939651827552618,1.0487614507224132,1.274362733046893,0.45723661202360544,1.0487614507224132,270348469.81875306,0.23627802298649653,76.28500061035156,80.49147059122721,78.84471346537272,False,False,False,False,False,False,distribution,2,5,normal,False,False,,False,38.0,분산5일,0.02591686529414055,27.038246756276052,True,False,False,False,False,True,False,,Uptrend Under Pressure,84.29,-0.1525,0.5384065521119002,0.904562820667949,-0.11825260244217028,-0.1539850300069564,0.31765928228108853,0.2505296610169491,,False,,,0,0,0.375,0.898
CX,"Cemex, S.A.B. de C.V. Sponsored",Materials,XLB,15497309184.0,2026-09-16,10.15999984741211,-0.002944036722920318,-0.06080840672467447,-0.044068545467645936,-0.027080938496925056,-0.16560266964537906,False,-0.02671924198140796,-0.15290365532817352,-0.01711419879128473,-0.1393121932695719,0.7778800734279784,0.6356719104777377,1.3171441907597332,0.30034762756010797,0.6356719104777377,62888515.61405182,0.491803073651955,10.712154960632324,11.553466812769573,11.917639915148417,False,False,False,True,False,False,dry_up,0,4,normal,False,False,,False,43.0,분산4일,0.02612283434877187,30.99109991823019,True,False,False,False,False,True,False,,Uptrend Under Pressure,13.06,-0.2221,0.33603823451688447,0.938326855384374,-0.010317134583663012,-0.08929178637298685,0.45377290303928297,0.2495233050847458,,False,,,0,0,0.375,0.898
FTAI,FTAI Aviation Ltd.,Industrials,XLI,19524618240.0,2026-09-16,189.8300018310547,0.07588981639294134,0.024723356712845757,-0.10245862018413854,-0.08650864790529011,-0.17094242178501817,False,-0.08616904448699836,-0.15832467521209304,-0.023403051924338336,-0.09616738434023309,0.8343639227897255,1.6905241354696725,1.3722813399782068,0.6471297342616557,1.6905241354696725,259562438.8590805,0.9285512019278419,193.20049972534179,214.58857320149738,231.49206822713217,False,False,False,False,False,False,accumulation,4,2,interest,True,False,surge,False,91.0,,0.049624462419675934,45.73573681349215,True,False,False,False,False,True,False,,Uptrend Under Pressure,284.45,-0.3326,0.3310448485458754,0.904562820667949,0.1239718449373437,-0.16683651455237247,0.5021620107693976,0.24904661016949156,,False,,,0,0,0.375,0.898
RTO,Rentokil Initial plc,Industrials,XLI,11972270080.0,2026-09-16,21.899999618530273,-0.012178640362404791,-0.03863042324801702,-0.07164054782221863,-0.05514291566838925,-0.2756245369664062,False,-0.05479165159248922,-0.26459998782003447,0.010129480492607756,-0.21029107425439308,0.7269142398854148,0.8004482910441613,0.8290239506683028,0.5459160557457713,0.8004482910441613,32275256.445732974,0.1486491362823282,23.294999980926512,26.007120863596597,28.811023950576782,False,False,False,False,False,False,dry_up,0,3,normal,False,False,,False,129.0,분산3일,0.019960857920702048,26.605194186053964,False,False,True,False,False,True,False,,Uptrend Under Pressure,31.89,-0.3134,0.8550851893479249,0.904562820667949,-0.18990997262223008,-0.3584317479073692,0.15984153084456648,0.24856991525423727,,False,,,0,0,0.375,0.898
RKT,"Rocket Companies, Inc.",Financials,XLF,37972324352.0,2026-09-16,12.949999809265137,-0.018195585955522064,-0.03574091474336438,-0.07433881192765057,-0.057889129917012894,-0.12227494220288637,False,-0.057538886785366006,-0.10891650651518048,-0.04272764228119008,-0.1129334114292243,0.861037223544621,2.4783925207568562,1.2299367098366127,0.5162422386580003,2.4783925207568562,340711881.4601579,0.3846150460330851,13.719500064849854,14.067166678110759,14.199666674931844,False,False,True,False,False,False,distribution,3,4,attention,False,False,,False,50.0,분산4일,0.04584116301010675,41.58116470458594,True,False,False,False,False,True,False,,Uptrend Under Pressure,14.63,-0.1148,0.38926917076272116,0.9550887806277483,-0.41863600102123366,-0.15622870774014452,0.14006631491453145,0.2477754237288136,,False,,,0,0,0.375,0.898
NVS,Novartis AG,Health Care,XLV,289022705664.0,2026-09-16,138.6999969482422,0.0005771305285868777,0.008874027193897627,-0.10255584464923984,-0.08660760012084179,-0.12415573871463581,False,-0.08626803348944523,-0.11082592759338239,-0.09207135498420616,-0.13426099796568292,0.8504506717927866,0.7689989481515322,0.9357897565046926,0.752237357219656,0.7689989481515322,365625699.5946663,0.129338146811071,151.21949920654296,153.4824996948242,151.44291623433432,False,False,False,False,False,False,weak_rally,3,4,normal,False,False,,False,9.0,분산4일,0.03443711058281519,34.33374317143658,True,False,False,False,False,True,False,,Uptrend Under Pressure,162.46,-0.1463,0.15593051651029924,0.9549750185957814,0.07434436963849977,-0.15250471918658548,0.47691807307289225,0.24772245762711864,,False,,,0,0,0.375,0.898
TPR,"Tapestry, Inc.",Consumer Discretionary,XLY,24602939392.0,2026-09-16,117.94000244140625,0.007087369368362184,0.03719992428978225,-0.10489114316211234,-0.08898439861062979,-0.19759599042426845,False,-0.08864571558791745,-0.18538389477739647,-0.05468445417044576,-0.13783903337226733,0.7184554350897545,0.8693507125475741,0.7930086967266533,0.8123943551015973,0.8693507125475741,410563114.98605806,0.08782000713228222,122.96168670654296,137.92592035929363,139.83668746948243,False,False,False,False,False,False,weak_rally,0,1,normal,False,False,,False,145.0,,0.03179212480183274,35.20806818820434,True,False,False,False,False,True,False,,Uptrend Under Pressure,153.56,-0.232,0.5751096021668037,0.8883820050871151,-0.00029943973186130624,-0.21951511895589337,0.3582911712623324,0.24666313559322034,,False,,,0,0,0.375,0.898
CYTK,"Cytokinetics, Incorporated",Health Care,XLV,9858151424.0,2026-09-16,69.38999938964844,0.0011542610571737555,-0.06368912672824678,-0.08817344571635555,-0.07196961535153623,-0.19580904399227073,False,-0.07162460684085625,-0.1835697521194538,-0.07752093210011402,-0.2050875863736289,0.8062042481199309,1.228486333554525,1.054051920053375,0.8145588642903578,1.228486333554525,132402888.92737503,0.35820918183370976,74.22049903869629,78.48899955749512,74.32758312225342,False,False,True,True,False,False,accumulation,2,1,normal,False,False,,False,52.0,,0.04094867429353766,35.62643257398112,True,False,False,False,False,True,False,,Uptrend Under Pressure,86.49,-0.1977,0.300481621254092,0.9549750185957814,0.2982377855180991,0.054531087222912555,0.7628681652271331,0.24629237288135597,,False,,,0,0,0.375,0.898
TROW,"T. Rowe Price Group, Inc.",Financials,XLF,23737788416.0,2026-09-16,102.4000015258789,-0.01755734214828608,-0.03774012363907864,-0.06024405220767959,-0.04354389592157537,-0.144455745863715,False,-0.043188319744914216,-0.13143488836928607,-0.028151548951929617,-0.13535028293173257,0.8520206441072685,1.1536250143137812,1.2468857187330593,0.4547789475784545,1.1536250143137812,143231680.5797413,0.30111018951329155,108.32988395690919,111.73171348571778,105.06857007344564,False,False,True,True,False,False,distribution,0,5,normal,False,False,,False,55.0,분산5일,0.02095411291065605,26.2738055473923,True,False,False,False,False,True,False,,Uptrend Under Pressure,112.97,-0.0936,0.5908644826634996,0.9550887806277483,-0.06735710091229774,0.09212605188521161,0.5511943912399263,0.24518008474576272,,False,,,0,0,0.375,0.898
TPL,Texas Pacific Land Corporation,Energy,XLE,25819981824.0,2026-09-16,348.57000732421875,-0.062050957284424224,-0.06814412233530043,-0.04442301036390506,-0.027441702495817566,-0.14044551623462698,False,-0.027080140099454253,-0.12736362551103664,-0.04964635090199687,-0.26027969874127854,0.8061177462973234,1.3337288137303185,0.9667345353689045,0.4773557824054822,1.3337288137303185,128067209.600943,0.06382016075267609,369.3939926147461,384.67428232828775,397.77598826090497,False,False,False,False,False,False,distribution,0,2,normal,False,False,,False,52.0,,0.038232823641924686,39.69110171750247,True,False,False,False,False,True,False,,Uptrend Under Pressure,406.55,-0.1426,0.36098735393277753,0.971181533185436,-0.004003825560091379,-0.4103350909046466,0.30636406345994,0.24290254237288134,,False,,,0,0,0.375,0.898
CSL,Carlisle Companies Incorporated,Industrials,XLI,13764123648.0,2026-09-16,317.5400085449219,-0.020693882667935593,-0.05922433652318415,-0.1057981424246518,-0.08990751591899959,-0.10707736521904587,False,-0.08956917607829196,-0.09348763175426944,-0.02703671974340327,-0.026542158490945322,0.8171550114670982,0.8699929070218901,0.8860165534452342,0.40467576954818446,0.8699929070218901,218027813.9372406,0.1395806646930138,346.6939987182617,353.6525919596354,349.0837987263997,False,False,False,False,False,False,dry_up,2,1,normal,False,False,,False,61.0,,0.03160455267368468,33.76677737357301,True,False,False,False,False,True,False,,Uptrend Under Pressure,359.69,-0.1172,0.47228227704999876,0.904562820667949,-0.1345819534456406,-0.09379209061534233,0.3503966246250587,0.24258474576271186,,False,,,0,0,0.375,0.898
GLW,Corning Incorporated,Information Technology,XLK,128114286592.0,2026-09-16,144.16000366210938,0.004109467909674702,-0.1442479050415323,-0.0967388437184109,-0.08068722679328644,-0.22744042673350673,False,-0.08034545917879898,-0.2156825450566373,-0.08843941665305921,-0.2410103128135378,0.7507612769109004,0.9269840551559928,1.0001622233758758,0.894569858902064,0.9269840551559928,1341399318.414734,0.3284935323162643,151.63763809204102,166.16866251627604,169.96403541564942,False,False,False,True,False,False,weak_rally,1,1,normal,False,False,,False,6.0,,0.05300944226892772,42.83873959960366,True,False,False,False,False,True,False,,Uptrend Under Pressure,165.96,-0.1314,0.373837868480609,0.9290615743084026,0.8919353690393259,0.1533284614708581,0.9021556864587474,0.24163135593220342,,False,,,0,0,0.375,0.898
AGNC,AGNC Investment Corp.,Real Estate,XLRE,12720216064.0,2026-09-16,9.880000114440918,-0.008032120823258437,-0.05994292109620092,-0.08516652994112706,-0.06890926446530532,-0.09927574437580688,False,-0.06856311822560379,-0.08556727503882477,-0.04627382770073618,-0.047504020395809254,0.883725363965483,1.8458456730106017,1.4991655530645616,0.37711108082339473,1.8458456730106017,221805545.05505866,0.2878796636129815,10.559373426437379,10.630200862884521,10.312968993186951,False,False,True,True,False,False,distribution,3,7,interest,False,False,,False,6.0,분산7일,0.02000294798237739,24.8011394167401,True,False,False,False,False,True,False,,Uptrend Under Pressure,10.68,-0.0749,0.41071705790146584,0.9304499659860984,0.029460882342064565,-0.04596159869609917,0.5290087094792382,0.2415783898305085,,False,,,0,0,0.375,0.898
AXP,American Express Company,Financials,XLF,222967054336.0,2026-09-16,312.42999267578125,-0.03698794892860657,-0.029117450194608874,-0.07707077036693666,-0.06066963727265373,-0.11378474447115283,False,-0.060320427834210655,-0.10029709319438773,-0.04555289662917805,-0.10435285346146816,0.8640926690460423,1.874414452647262,1.091512514266725,0.47281999567370225,1.874414452647262,811073965.9404418,0.2230945708484263,329.1050003051758,339.10457814534504,327.41553115844727,False,False,False,True,False,False,distribution,1,4,interest,False,False,,False,101.0,분산4일,0.018753922300283176,31.892578840655005,True,False,False,False,False,True,False,,Uptrend Under Pressure,331.99,-0.0589,0.39498107843262736,0.9550887806277483,-0.12158244130622309,-0.027370722917611334,0.42314336308770917,0.23871822033898307,,False,,,0,0,0.375,0.898
VRT,"Vertiv Holdings, LLC",Industrials,XLI,99604135936.0,2026-09-16,239.41000366210938,0.020459498909979557,-0.08909173645179913,-0.12156015206608384,-0.10594962809664143,-0.2231262443898916,False,-0.10561725213957618,-0.21130270351043878,-0.04418704936332518,-0.153057812845378,0.7391022281354686,1.0412958910874592,1.4027534391407812,0.8160454663786371,1.0412958910874592,1352086831.471115,0.2485962761671267,258.9640228271484,281.08767420450846,296.728649520874,False,False,False,False,False,False,accumulation,3,4,normal,False,False,,False,132.0,분산4일,0.06177416467373029,40.42299920694572,True,False,False,False,False,True,False,,Uptrend Under Pressure,264.23,-0.0939,0.3502191794298148,0.904562820667949,0.7907860895240126,-0.05896833922734768,0.7527546890246106,0.23871822033898304,,False,,,0,0,0.375,0.898
SNN,"Smith & Nephew SNATS, Inc.",Health Care,XLV,12036243456.0,2026-09-16,27.799999237060547,-0.007497357733140975,0.0,-0.07916532807943766,-0.06280141682049534,-0.09559512973494955,False,-0.06245299990145592,-0.08183064370625492,-0.0684075761420122,-0.10602991373242143,0.8511941018659663,0.4499928693430476,0.7046991610303748,0.47869711726748715,0.4499928693430476,55416895.14495678,0.10447684713357663,28.63999996185303,29.83633343378703,30.53056674003601,False,False,False,False,False,False,dry_up,1,3,normal,False,False,,False,34.0,분산3일,0.022160848263237484,38.22472493663543,True,False,False,False,False,True,False,,Uptrend Under Pressure,32.66,-0.1488,0.4440256377151914,0.9549750185957814,-0.3124375595893547,-0.22028822200931564,0.12034621083444762,0.2377118644067797,,False,,,0,0,0.375,0.898
GS,"Goldman Sachs Group, Inc. (The)",Financials,XLF,298712727552.0,2026-09-16,937.97998046875,-0.03961420246184155,-0.08825992558407536,-0.09408831986086286,-0.07798960117196119,-0.10386695823394465,False,-0.07764683067673472,-0.09022836434885695,-0.06315159249820479,-0.09432951332156736,0.8181567672087021,1.8342274406599526,1.1572821349723181,0.5332722614782834,1.8342274406599526,1953593363.066565,0.10728396891855771,1017.7408935546875,1036.4793528238931,993.047026570638,False,False,False,True,False,False,distribution,1,4,interest,False,False,,False,45.0,분산4일,0.028650842089720723,30.720635233234177,True,False,False,False,False,True,False,,Uptrend Under Pressure,1134.44,-0.1732,0.4174962780122859,0.9550887806277483,0.14706555642285934,0.1298902076109194,0.7382846662570923,0.23760593220338985,,False,,,0,0,0.375,0.898
RL,Ralph Lauren Corporation,Consumer Discretionary,XLY,20669079552.0,2026-09-16,338.3599853515625,0.009336796416362647,0.008194035100353991,-0.10545939100710511,-0.08956274463892522,-0.15126079413338211,False,-0.08922427662458465,-0.13834350528935713,-0.0552845750581481,-0.08805314353834326,0.8315760357105677,1.0191658222164872,1.041040506163665,0.6690762533849619,1.0191658222164872,230129221.64987183,0.30710178469173505,350.89950103759764,375.8259577433268,370.52991078694663,False,False,False,True,False,False,accumulation,5,3,normal,False,False,,False,56.0,분산3일,0.029261402217141085,36.91318531645677,True,False,False,False,False,True,False,,Uptrend Under Pressure,411.16,-0.1771,0.4406302434538329,0.8883820050871151,0.02717777456889947,-0.057136968689211365,0.516272451302808,0.23739406779661018,,False,,,0,0,0.375,0.898
NVO,Novo Nordisk A/S,Health Care,XLV,200405286912.0,2026-09-16,41.709999084472656,-0.019280501254643423,-0.06395875675458651,-0.08750820564682027,-0.07129255347533392,-0.15616823352380393,False,-0.07094729325726001,-0.14332563288983524,-0.07684792029058574,-0.1659041410834391,0.8185038318524344,1.132210371311436,0.8707345163253517,0.7015935170003539,1.132210371311436,468084391.0468208,0.191998291015625,45.49099960327148,46.96871064503988,44.21040465037028,False,False,True,True,False,False,distribution,1,2,normal,False,False,,False,89.0,,0.027828182540316937,33.209098547225395,True,False,False,False,False,True,False,,Uptrend Under Pressure,45.49,-0.0831,0.394702011380994,0.9549750185957814,-0.28329334623442215,0.05883935882685831,0.3598668280871671,0.23686440677966103,,False,,,0,0,0.375,0.898
AEIS,"Advanced Energy Industries, Inc",Information Technology,XLK,11088364544.0,2026-09-16,252.22000122070312,0.006584961680387469,-0.1166292696634077,-0.1975692929760534,-0.18330950749924957,-0.13048032571651869,False,-0.1830058911789596,-0.11724677092059799,-0.1901963254996708,-0.14575330055583569,0.7237136086261968,1.088151416400754,1.0470480907584754,0.9300253897801433,1.088151416400754,141038559.10417175,0.3456795743859192,276.2572296142578,302.71518885294597,324.2363483428955,False,False,False,False,False,False,accumulation,3,2,normal,False,False,,False,30.0,,0.055971547994350876,38.117818851006845,True,False,False,False,False,True,False,,Uptrend Under Pressure,341.27,-0.2609,0.41996203798836923,0.9290615743084026,0.8837985002084163,-0.046707471499336406,0.7688889089660655,0.23585805084745765,,False,,,0,0,0.375,0.898
BA,Boeing Company (The),Industrials,XLI,164223090688.0,2026-09-16,201.9600067138672,-0.036863921205299466,-0.02160639228098349,-0.09459334293762822,-0.07850359888126779,-0.13560964921499274,False,-0.07816101947200915,-0.12245415956882155,-0.014844999975483497,-0.05764784952187263,0.8408343588869184,2.329654937813504,1.037871579851735,0.385477960243746,2.329654937813504,1155072598.8003387,0.3251520063634775,210.2115005493164,217.9989995320638,219.52758356730143,False,False,False,True,False,False,distribution,2,1,attention,False,False,,False,27.0,,0.024829131131193644,35.59865102944647,True,False,False,False,False,True,False,,Uptrend Under Pressure,234.42,-0.1385,0.4908943865297332,0.904562820667949,-0.11401956632899335,-0.07446858568037151,0.3869592714394131,0.2354343220338983,,False,,,0,0,0.375,0.898
LVS,Las Vegas Sands Corp.,Consumer Discretionary,XLY,28375789568.0,2026-09-16,41.060001373291016,-0.0050884197272440534,-0.052388653631137316,-0.09698701845216084,-0.08093981177509013,-0.11040458471829395,False,-0.08059813806266647,-0.09686548948846918,-0.04633698681224274,-0.04415427391444604,0.8285983170351119,1.169604535433952,0.9964890089596264,0.4571651849745823,1.169604535433952,227353224.869421,0.31013925679692056,44.39350051879883,45.58764063517253,48.755131308237715,False,False,False,False,False,False,distribution,1,5,normal,False,False,,False,31.0,분산5일,0.02818348733050581,28.125819432124416,True,False,False,False,False,True,False,,Uptrend Under Pressure,46.98,-0.126,0.3198631407107694,0.8883820050871151,-0.2603963309480455,-0.26663704853330394,0.12815221712261934,0.23527542372881358,,False,,,0,0,0.375,0.898
GEHC,GE HealthCare Technologies Inc.,Health Care,XLV,32173613056.0,2026-09-16,63.4900016784668,-0.00905256780271646,-0.02577867941814771,-0.1258432592673827,-0.11030884927180762,-0.029253348209828278,False,-0.10997809391728963,-0.014479181058282498,-0.11563082737489505,-0.040453566121891105,0.8485699269905077,1.1328103067946702,1.1645430851197125,0.2136287005074262,1.1328103067946702,195919830.13327295,0.17796851259173052,69.5915002822876,67.65448322296143,66.86956202189127,False,False,True,False,True,False,distribution,0,8,normal,False,False,,False,34.0,분산8일,0.025682333001252198,28.14404563120273,True,False,False,False,False,True,False,,Uptrend Under Pressure,71.9,-0.117,0.7718377025538944,0.9549750185957814,-0.21115679304939372,-0.13517688980258802,0.25251617216580535,0.23501059322033896,,False,,,0,0,0.375,0.898
INVH,Invitation Homes Inc.,Real Estate,XLRE,17310382080.0,2026-09-16,27.209999084472656,-0.01555717491574271,-0.03442161853081904,-0.08445492216932804,-0.06818501089857265,-0.10658212413632073,False,-0.06783859540729453,-0.09298485340677709,-0.04553196704676099,-0.05523035540221832,0.8921311175236937,1.1107748791384127,1.385147943432979,0.3851861617497884,1.1107748791384127,121753490.65915604,0.07999928792317708,28.874999809265137,29.610932795206704,28.603795703252157,False,False,False,True,False,False,distribution,2,6,normal,False,False,,False,95.0,분산6일,0.017076183354300452,22.56414907247232,True,False,False,False,False,True,False,,Uptrend Under Pressure,28.48,-0.0446,0.3894959939103266,0.9304499659860984,-0.11537818780059106,0.03217085992448143,0.47021791767554477,0.2349576271186441,,False,,,0,0,0.375,0.898
NLY,Annaly Capital Management Inc.,Financials,XLF,17275133952.0,2026-09-16,21.229999542236328,-0.00840730062861439,-0.06103498588511436,-0.09273504750724604,-0.07661228017054789,-0.07221244401398452,False,-0.07626899763662609,-0.058092087886066124,-0.06175210612751658,-0.062338103605592665,0.8942712614540343,1.7123728962561027,1.4923213032256388,0.2817026918019554,1.7123728962561027,162993597.71875915,0.23255738306039045,22.655000019073487,22.70702206293742,21.960715262095132,False,False,True,True,False,False,distribution,2,8,interest,False,False,,False,36.0,분산8일,0.01801696881905251,23.731546428955497,True,False,False,False,False,True,False,,Uptrend Under Pressure,22.57,-0.0594,0.3554462886240819,0.9550887806277483,0.021522285160554322,-0.029381839854100367,0.5361551805138954,0.23485169491525426,,False,,,0,0,0.375,0.898
XPEV,XPeng Inc.,Consumer Discretionary,XLY,10866903040.0,2026-09-16,10.34000015258789,0.010752748316107619,-0.02175965457680673,-0.11925039572610929,-0.10359882568300183,-0.22148348080974334,False,-0.10326557578166351,-0.2096349380786965,-0.06984911774353497,-0.16350548263632458,0.7364672493363167,0.5654323178137417,0.8613585637097069,0.8441094451580634,0.5654323178137417,90398226.21569881,0.2758618421701684,11.142999935150147,12.179833285013835,14.222749940554301,False,False,False,False,False,False,weak_rally,1,2,normal,False,False,,False,125.0,,0.03232938756190516,34.99307269591151,True,False,False,False,False,True,False,,Uptrend Under Pressure,18.77,-0.4491,0.3199511419028663,0.8883820050871151,-0.516126803697788,-0.450136400114855,0.01811011528314842,0.23352754237288137,,False,,,0,0,0.375,0.898
TTMI,"TTM Technologies, Inc.",Information Technology,XLK,12528087040.0,2026-09-16,114.0,0.013693766032939259,-0.08249496981891347,-0.09315089626724082,-0.07703551886970683,-0.21542546059610002,False,-0.07669239368079828,-0.20348471852233196,-0.08481850209378516,-0.22920638764615064,0.7601520242187108,0.6518901481735107,0.8021636407308174,0.804734506658223,0.6518901481735107,241373683.5709671,0.47818703527831186,117.93500022888183,136.3636672973633,144.671333694458,False,False,False,True,False,False,weak_rally,0,1,normal,False,False,,False,95.0,,0.061660345933192355,42.69971293449763,True,False,False,False,False,True,False,,Uptrend Under Pressure,158.22,-0.2795,0.39957778295641716,0.9290615743084026,1.4143105168129728,0.24814599106327373,0.9450173466806404,0.23098516949152542,,False,,,0,0,0.375,0.898
TSEM,Tower Semiconductor Ltd.,Information Technology,XLK,23177056256.0,2026-09-16,202.1999969482422,0.03628537314590696,-0.06635272609315546,-0.15942633804608208,-0.14448872412877634,-0.05393323506774084,False,-0.14417067562945907,-0.03953468061910548,-0.15170290197011815,-0.07055074738456235,0.7616392518480618,1.1092152168834533,1.0486090515736337,0.5423408513586329,1.1092152168834533,274453134.96619034,0.4558970899668231,211.4785011291504,230.13016840616862,231.25041758219402,False,False,False,True,False,False,accumulation,3,2,normal,False,False,,False,30.0,,0.05330648983777462,43.395837964178405,True,False,False,False,False,True,False,,Uptrend Under Pressure,239.53,-0.1558,0.49092322921526543,0.9290615743084026,2.380991150374406,0.6520071597126529,0.9842895088721044,0.23082627118644067,,False,,,0,0,0.375,0.898
RPM,RPM International Inc.,Materials,XLB,13287635968.0,2026-09-16,99.77999877929688,-0.008151090529441296,0.0007020328499343087,-0.09742201696203112,-0.08138254052930305,-0.08140910533031476,False,-0.08104103140759833,-0.06742871673282558,-0.07197207518858273,-0.052465829343224635,0.8502044841545096,0.4550690957493266,0.6240793304973286,0.4006922665560077,0.4550690957493266,172690549.39707947,0.39065307542681776,104.1984992980957,107.48264122009277,105.06643149058024,False,False,False,True,False,False,dry_up,0,0,normal,False,False,,False,76.0,,0.025932055197642242,36.203258879596525,True,False,False,False,False,True,False,,Uptrend Under Pressure,106.35,-0.0617,0.4941167113573062,0.938326855384374,-0.22765614267731493,-0.03249829828016049,0.3316884102489972,0.22997881355932204,,False,,,0,0,0.375,0.898
STX,Seagate Technology Holdings PLC,Information Technology,XLK,187747778560.0,2026-09-16,783.1799926757812,0.014731598648829891,-0.11596983047710996,-0.13334366255382235,-0.11794254025638484,-0.0616752557027791,False,-0.1176146228351943,-0.04739453004782701,-0.1253805712448044,-0.07815678065800125,0.787281747880912,0.9819692243476101,1.0811043822580493,0.5307876622772221,0.9819692243476101,2875285903.7866945,0.41570468701020813,830.8619995117188,859.5998321533203,787.1869219462077,False,False,False,True,False,False,weak_rally,1,3,normal,False,False,,False,54.0,분산3일,0.057384181735773795,42.44977257701746,True,False,False,False,False,True,False,,Uptrend Under Pressure,965.0,-0.1884,0.45313855802907416,0.9290615743084026,3.019164799749051,1.0450955110733253,0.9938356040620143,0.22944915254237286,,False,,,0,0,0.375,0.898
UAL,"United Airlines Holdings, Inc.",Industrials,XLI,35050283008.0,2026-09-16,106.30000305175781,-0.005798682452349491,-0.0076549633476403756,-0.10461588646597353,-0.08870425039999175,-0.1785032591181005,False,-0.08836546322819294,-0.1660005838404085,-0.02575033051717457,-0.1044101548822397,0.8006930359302201,1.1826920478914356,1.2210916581738693,0.5779232754443349,1.1826920478914356,384747839.44380796,0.32948090741241637,110.21599960327148,120.34333305358886,110.06016654968262,False,False,False,True,False,False,distribution,2,4,normal,False,False,,False,55.0,분산4일,0.034115040192789395,38.92980152211884,True,False,False,False,False,True,False,,Uptrend Under Pressure,135.19,-0.2137,0.36369605482404627,0.904562820667949,-0.010711536396280419,0.13293690587498852,0.609912905207618,0.2284427966101695,,False,,,0,0,0.375,0.898
LOW,"Lowe's Companies, Inc.",Consumer Discretionary,XLY,114847752192.0,2026-09-16,194.10000610351562,-0.002620597632374766,-0.022658609575542887,-0.09988867254266376,-0.08389303039882479,-0.12332492664147576,False,-0.08355245458747851,-0.10998247107131498,-0.04940139478834327,-0.058036824784974406,0.8690396274874354,0.9184704299093271,0.9368208133146796,0.5045334131224541,0.9184704299093271,668494456.5396271,0.19404964942202008,205.03950042724608,211.28219299316407,218.89950116475424,False,False,False,False,False,False,dry_up,2,1,normal,False,False,,False,19.0,,0.020142409520280173,32.4147268174209,True,False,False,False,False,True,False,,Uptrend Under Pressure,220.0,-0.1177,0.4932547344010816,0.8883820050871151,-0.315216683804067,-0.213983777447031,0.12394384012142677,0.22733050847457625,,False,,,0,0,0.375,0.898
AVGO,Broadcom Inc.,Information Technology,XLK,1761922252800.0,2026-09-16,339.510009765625,0.000707462374290424,-0.06825290845798715,-0.1065526058799342,-0.09067538674631825,-0.09203449579791334,False,-0.09033733237252517,-0.07821581911004494,-0.09834335052486776,-0.10798276552748942,0.7936927296023926,0.8772569816018726,0.9604329107500459,0.5683401313571371,0.8772569816018726,9409462537.784515,0.44333305263774525,360.3979995727539,380.0578328450521,388.1864690144857,False,False,False,True,False,False,weak_rally,2,4,normal,False,False,,False,73.0,분산4일,0.0324806991800548,32.46166982086021,True,False,False,False,False,True,False,,Uptrend Under Pressure,480.81,-0.2939,0.41243449024461465,0.9290615743084026,-0.08148436255651781,0.05858434191790818,0.5123215640923711,0.22658898305084746,,False,,,0,0,0.375,0.898
APG,APi Group Corporation,Industrials,XLI,16962291712.0,2026-09-16,36.7599983215332,-0.0056803595411384356,-0.03288608406204152,-0.14071997731512365,-0.1254499375712136,-0.11741101344380189,False,-0.12512481113188045,-0.10397855175109527,-0.06503447465720325,-0.037807827546644246,0.8220035178468457,0.9213977278537558,0.9707799681412361,0.5769653221604034,0.9213977278537558,127374545.6958414,0.23853053682232261,39.547999954223634,40.68416684468587,42.1678334236145,False,False,False,False,False,False,dry_up,5,2,normal,False,False,,False,104.0,,0.03846573556838154,30.85324182294299,True,False,False,False,False,True,False,,Uptrend Under Pressure,46.75,-0.2137,0.30915086326294855,0.904562820667949,0.07295649955896977,-0.08226624627275458,0.5324184163926131,0.22616525423728817,,False,,,0,0,0.375,0.898
BWXT,"BWX Technologies, Inc.",Industrials,XLI,13953111040.0,2026-09-16,145.66000366210938,-0.007089252268353774,-0.07051242791364132,-0.11726556868605276,-0.10157872680258317,-0.22257625116188473,False,-0.10124472590071998,-0.21074433972367934,-0.03951419848813187,-0.1524582141794626,0.7802001244106289,0.9146957393825563,0.8578920233478412,0.7383873235814973,0.9146957393825563,170729585.12303925,0.3759197122475913,154.22750015258788,170.43552780151367,189.25260073343912,False,False,False,False,False,False,dry_up,1,1,normal,False,False,,False,61.0,,0.03656165116609069,35.19311476733726,True,False,False,False,False,True,False,,Uptrend Under Pressure,205.08,-0.2897,0.34100149427260473,0.904562820667949,-0.1639577204505024,-0.28507437445394745,0.19492519243973835,0.22521186440677965,,False,,,0,0,0.375,0.898
TLN,Talen Energy Corporation,Utilities,XLU,14171121664.0,2026-09-16,287.6000061035156,0.019316010366566827,-0.10032222597403118,-0.09462946928178018,-0.07854036721719948,-0.22221705289142346,False,-0.07819780147709343,-0.21037967467640395,-0.03546922867828628,-0.1324764957784048,0.7187843887163976,1.005553259393461,0.9285099427271569,0.6416000081622658,1.005553259393461,246070306.38191223,0.48076899316752536,305.70050048828125,345.660334777832,352.7550005594889,False,False,False,False,False,False,accumulation,2,3,normal,False,False,,False,56.0,분산3일,0.04280623828883038,36.595757032513156,True,False,False,False,False,True,False,,Uptrend Under Pressure,404.09,-0.2883,0.41222691407409573,0.8773219778194903,-0.2552745795893997,-0.057833018336459596,0.2872908460120704,0.22478813559322036,,False,,,0,0,0.375,0.898
UDR,"UDR, Inc.",Real Estate,XLRE,13574108160.0,2026-09-16,34.400001525878906,-0.0146089465414595,-0.024248486910906975,-0.06870833510188568,-0.05215859536543466,-0.16329010032966162,False,-0.05180622182596528,-0.15055589012941395,-0.029115938663319296,-0.11519778605413966,0.8577397285290989,1.1842319177111695,1.2851858190808216,0.37968127335814145,1.1842319177111695,124338432.89275627,0.08595250363014661,36.427813339233396,38.00051396687825,37.01446876525879,False,False,False,True,False,False,distribution,1,7,normal,False,False,,False,157.0,분산7일,0.01759656431703173,24.186210145077567,True,False,False,False,False,True,False,,Uptrend Under Pressure,36.27,-0.0515,0.45421419312051886,0.9304499659860984,-0.1285245635578839,-0.08393404008273231,0.36355661161504826,0.22028601694915254,,False,,,0,0,0.375,0.898
FLEX,Flex Ltd.,Information Technology,XLK,40357273600.0,2026-09-16,107.9000015258789,-0.0009259117974175224,-0.042421004316214206,-0.10262804854564034,-0.08668108713373346,-0.18649036487450465,False,-0.08634154782218029,-0.17410924843534636,-0.09438273321264479,-0.20077953228069612,0.7710447309092859,0.9838480928835578,1.0172226414740542,0.7678333799110098,0.9838480928835578,316995684.0490589,0.33856365787553816,110.08899993896485,123.17700030008952,118.6121669769287,False,False,False,True,False,False,dry_up,3,2,normal,False,False,,False,75.0,,0.047898187696092887,43.78671411902672,True,False,False,False,False,True,False,,Uptrend Under Pressure,150.78,-0.2844,0.38246166976563617,0.9290615743084026,0.9040518726353866,0.7168117121768811,0.9652994109356365,0.21938559322033901,,False,,,0,0,0.375,0.898
ENLT,Enlight Renewable Energy Ltd.,Utilities,XLU,10925561856.0,2026-09-16,71.58999633789062,0.029331318427328945,-0.060128685061751286,-0.1419154251944864,-0.12666662944106577,-0.1363980718446104,False,-0.12634195532426107,-0.12325458150607982,-0.08584502287713902,-0.036755725037381115,0.7815501913803665,1.7106422004993194,1.0747741780517808,0.6205119131870724,1.7106422004993194,13145270.447349548,0.31954930929849634,76.8654998779297,83.18533325195312,84.93050003051758,False,False,False,True,False,False,accumulation,1,4,interest,True,False,surge,False,,분산4일,0.03392043475721707,37.48893969758342,False,False,False,False,False,True,False,,Uptrend Under Pressure,,,0.4843932007680471,0.8773219778194903,1.4771670181654666,-0.03579934535653495,0.7939702215315674,0.2174258474576271,,False,,,0,0,0.375,0.898
ASTS,"AST SpaceMobile, Inc.",Information Technology,XLK,22999797760.0,2026-09-16,59.27000045776367,0.008507741978993844,-0.05046455949351181,-0.11629639589311747,-0.10059233109432797,-0.2080357658500528,False,-0.10025796348581384,-0.195982557165995,-0.10817666932382053,-0.22194649171347658,0.7907939008815895,0.7846269934634452,0.7929169382718207,0.8217905850991291,0.7846269934634452,566344065.8345413,0.6250003311372312,61.59799995422363,66.15983295440674,77.06341667175293,False,False,False,False,False,False,weak_rally,3,0,normal,False,False,,False,73.0,,0.06264189551532409,43.804455582671864,True,False,False,False,True,True,False,,Uptrend Under Pressure,118.17,-0.4984,0.39586529164120127,0.9290615743084026,0.46896171027081146,-0.35806274382144154,0.5447002276751834,0.2141419491525424,,False,,,0,0,0.375,0.898
VMC,Vulcan Materials Company (Holdi,Materials,XLB,34931834880.0,2026-09-16,244.3000030517578,-0.01966289709667246,-0.02236982813055377,-0.10068099193533797,-0.08469942989146229,-0.1907433936731221,False,-0.08435915387061055,-0.17842700571719405,-0.07532294330006784,-0.16524505982591253,0.8289718166736031,1.2549747544674577,1.0181479144947194,0.6966250592458726,1.2549747544674577,257312666.1036415,0.21897844093067462,263.33850021362304,279.61940536499026,281.1038054148356,False,False,False,False,False,False,distribution,4,5,normal,False,False,,False,61.0,분산5일,0.026767418751589087,28.912361469454297,True,False,False,False,False,True,False,,Uptrend Under Pressure,302.28,-0.1918,0.4165813655911128,0.938326855384374,-0.19372698425736923,-0.09167902507375114,0.3015503595822341,0.2135063559322034,,False,,,0,0,0.375,0.898
Q,"Qnity Electronics, Inc.",Information Technology,XLK,24985776128.0,2026-09-16,114.86000061035156,0.0023562639068839264,-0.08456205074620549,-0.14014074684906241,-0.12486041375257328,-0.18959530141803138,False,-0.12453506814936577,-0.177261440203915,-0.13224010913386175,-0.20382993110746983,0.7987482487674921,0.8055006828146803,0.9066211086798125,0.846056493354488,0.8055006828146803,217652355.08312607,0.2937292898365345,122.52810020446778,135.19753303527833,139.33821220397948,False,False,False,True,False,False,weak_rally,1,1,normal,False,False,,False,55.0,,0.045385044385366405,37.10129146203726,True,False,False,False,False,True,False,,Uptrend Under Pressure,158.23,-0.2741,0.3088032505143748,0.9290615743084026,,0.07084070149704313,,0.21101694915254238,,False,,,0,0,0.375,0.898
TXRH,"Texas Roadhouse, Inc.",Consumer Discretionary,XLY,12839365632.0,2026-09-16,170.07000732421875,0.0022985305591256555,-0.05131922089018137,-0.16060458838837055,-0.1456879128486369,-0.09485536104987335,False,-0.14537031016480262,-0.08107961619665771,-0.11352286860660599,-0.027447062150431134,0.7967361697674379,1.3798982381507676,1.503962517205283,0.49739700718789637,1.3798982381507676,152853476.38301697,0.08635689280462253,190.7558853149414,195.00726877848308,180.8520657857259,False,False,True,True,False,False,accumulation,3,6,normal,False,False,,False,53.0,분산6일,0.03022770677826034,21.27714294382477,True,False,False,False,False,True,False,,Uptrend Under Pressure,190.75,-0.1084,0.32310953158945727,0.8883820050871151,0.0604495505960263,0.03702398738293855,0.6181706479707998,0.2064618644067797,,False,,,0,0,0.375,0.898
NVMI,Nova Ltd.,Information Technology,XLK,11082856448.0,2026-09-16,339.25,0.012444829875970731,-0.09255050297882084,-0.13226415128213875,-0.11684384527323644,-0.2464717191376814,False,-0.11651551939654059,-0.23500348202932075,-0.12429114110856743,-0.25970732359229887,0.7128598536477228,0.9189949185134291,1.1193258911643735,0.8808487091665747,0.9189949185134291,183715025.46528322,0.29301750380517505,361.09000091552736,416.0300013224284,461.9439155578613,False,False,False,False,False,False,weak_rally,5,2,normal,False,False,,False,60.0,,0.04730392955631843,37.59233475922887,True,False,False,False,False,True,False,,Uptrend Under Pressure,583.1,-0.4182,0.3585507898169645,0.9290615743084026,0.18886547425076716,-0.1843781093272827,0.5233927216219146,0.2051377118644068,,False,,,0,0,0.375,0.898
TU,Telus Corporation,Communication Services,XLC,15246001152.0,2026-09-16,8.880000114440918,-0.02202641089709456,-0.047618974560705296,-0.06830156780726915,-0.05174459951599164,-0.1434541884847157,False,-0.051392072067669825,-0.13041808790281162,-0.08907923967873743,-0.1513271719510242,0.8094810251702401,1.8003598691115097,1.193434326832643,0.47249062964026345,1.8003598691115097,55096403.670325994,0.15555527298466912,9.468437719345093,9.906025282541911,10.912924146652221,False,False,False,False,False,False,distribution,2,4,interest,False,False,,False,34.0,분산4일,0.023722015296362114,29.041923116592457,True,False,False,False,False,True,False,,Uptrend Under Pressure,10.97,-0.1905,0.5539983217166128,0.9464981965192371,-0.4624019031126284,-0.36177408731063376,0.037458891980774095,0.20423728813559325,,False,,,0,0,0.375,0.898
AON,Aon plc,Financials,XLF,68202569728.0,2026-09-16,300.57000732421875,-0.013457202621905306,-0.013521924198939828,-0.12421329652254343,-0.10864992088685377,-0.16980095902084757,False,-0.10831854880208536,-0.1571658400865097,-0.09430533190819856,-0.16096524239104604,0.7901566943167172,1.979426955741288,1.566747875503565,0.7144879644032445,1.979426955741288,512416309.66602784,0.37117154765701466,330.24249877929685,345.7427505493164,333.45465723673504,False,False,False,False,False,False,distribution,3,7,interest,False,False,,False,56.0,분산7일,0.0355752734273343,31.61425299338015,True,False,False,False,False,True,False,,Uptrend Under Pressure,327.94,-0.0835,0.26882192983201514,0.9550887806277483,-0.1885950158506967,-0.06183355585360262,0.33273101803332006,0.2039724576271187,,False,,,0,0,0.375,0.898
IONQ,"IonQ, Inc.",Information Technology,XLK,15925882880.0,2026-09-16,36.84000015258789,-0.005667991600458611,-0.03408493072533658,-0.16500450941842038,-0.15016602372044396,-0.1946593217658258,False,-0.14985008583809478,-0.18240253182765886,-0.15733232720867307,-0.2088050027429521,0.786507259448685,0.85163714574723,0.869057866351536,0.8674392833551271,0.85163714574723,729950776.2638626,0.4905334430626969,39.57049999237061,41.43749990463257,45.188666661580406,False,False,False,True,False,False,dry_up,1,1,normal,False,False,,False,27.0,,0.06326178655727492,41.74337367203474,True,False,False,False,False,True,False,,Uptrend Under Pressure,44.43,-0.1708,0.4156714435230497,0.9290615743084026,-0.3296239048723947,0.2143192665139777,0.40992013299121827,0.20307203389830508,,False,,,0,0,0.375,0.898
OC,Owens Corning Inc,Industrials,XLI,10920574976.0,2026-09-16,126.58999633789062,-0.016165398777138518,-0.016165398777138518,-0.15948478968939084,-0.14454821450089628,-0.1125121855681559,False,-0.14423018811797195,-0.09900516672735293,-0.08545209428793432,-0.03246716059074317,0.7965642952205098,1.0822616496607316,1.1946355171535676,0.49175944334069105,1.0822616496607316,138327118.4968857,0.19451679314270462,137.72649879455565,142.46628863016764,130.18432731628417,False,False,True,True,False,False,distribution,4,5,normal,False,False,,False,29.0,분산5일,0.0373872844809847,33.29349986596313,True,False,False,False,False,True,False,,Uptrend Under Pressure,152.47,-0.1697,0.3269035608732766,0.904562820667949,-0.12452338985525435,0.22585366121754813,0.5593518485056558,0.20148305084745766,,False,,,0,0,0.375,0.898
DLTR,"Dollar Tree, Inc.",Consumer Staples,XLP,23752120320.0,2026-09-16,112.4000015258789,-0.0034577479074632267,-0.050595471700739525,-0.13856525746225323,-0.1232569267573973,-0.09127636512950221,False,-0.1229309850350655,-0.07744615015901679,-0.11530558953809389,-0.06674484314859541,0.8219378539369573,1.2724805901906129,1.210417707269486,0.5031032036367007,1.2724805901906129,354291807.83085096,0.2539270414124367,126.33649864196778,125.66716588338217,114.12574977874756,False,False,True,True,True,False,distribution,2,5,normal,False,False,,False,75.0,분산5일,0.049733091919434716,30.417970933413827,True,False,False,False,False,True,False,,Uptrend Under Pressure,116.44,-0.0347,0.24583953331716538,0.9374568435182988,0.12676199713086023,0.00022423807457294664,0.6394582776191682,0.20084745762711864,,False,,,0,0,0.375,0.898
MOG-B,Moog Inc.,Industrials,XLI,11876687872.0,2026-09-15,365.45001220703125,-0.0013663068269474943,-0.034350639663576876,-0.1878888617621528,-0.1715049219461221,-0.153206967298533,False,-0.15869138588858533,-0.12417057834334733,-0.10386409384083017,-0.061837036169390625,0.8121111382378472,0.38461538461538464,0.38461538461538464,0.6774193548387096,0.38461538461538464,101111.3508605957,0.5,382.69250030517577,400.821945699056,365.44623514811195,False,False,False,True,False,False,dry_up,2,2,normal,False,False,,False,,,0.009545965878482126,36.3411133802821,False,False,False,False,False,True,False,,Uptrend Under Pressure,,,0.4072432796202168,0.9053134474105995,0.7312209837943477,0.15305890540860512,0.891497416067363,0.19962923728813559,,False,,,0,0,0.375,0.898
CG,The Carlyle Group Inc.,Financials,XLF,17242943488.0,2026-09-16,40.0099983215332,-0.03404152365388702,-0.09294949517312379,-0.1728344179234781,-0.15813507547439254,-0.09208392448797575,False,-0.15782210020051246,-0.07826600007437745,-0.14458685620471834,-0.08242107404983945,0.7838201278862803,1.2716960900714718,1.1243180168808293,0.5637101355819761,1.2716960900714718,152837598.31362763,0.3189486612063314,46.382500076293944,45.65077018737793,46.295768928527835,False,False,False,False,False,False,distribution,0,3,normal,False,False,,False,17.0,분산3일,0.03814225474837346,25.371046510359307,True,False,False,False,False,True,False,,Uptrend Under Pressure,49.37,-0.1896,0.41863246278258526,0.9550887806277483,-0.3680715472819198,-0.11161854742724486,0.19248220158288462,0.19740466101694915,,False,,,0,0,0.375,0.898
JEF,Jefferies Financial Group Inc.,Financials,XLF,10706554880.0,2026-09-16,47.349998474121094,-0.030309303736137605,-0.14298645295708423,-0.12054237853033967,-0.10491376797453345,-0.1043619185008473,False,-0.1045810069217169,-0.09073085760668254,-0.09050905270078446,-0.09482974139588196,0.8334737618475647,1.630285603586478,1.3659117469098478,0.4768848340603374,1.630285603586478,92241224.30842476,0.23529345766430637,52.561499977111815,53.646484820048016,51.85025135676066,False,False,False,True,False,False,distribution,2,4,interest,False,False,,False,30.0,분산4일,0.038512578304303074,28.418678384455617,True,False,False,False,False,True,False,,Uptrend Under Pressure,55.3,-0.1438,0.3154493371995167,0.9550887806277483,-0.2945397920922872,0.24682898089701322,0.4399027863105779,0.19502118644067798,,False,,,0,0,0.375,0.898
VIK,Viking Holdings Ltd,Consumer Discretionary,XLY,38473408512.0,2026-09-16,85.37999725341797,0.003880002231855695,0.003644029149004524,-0.13134605292357793,-0.11590943162972323,-0.15346335146699208,False,-0.11558075837144932,-0.14057958419128536,-0.08262322080200046,-0.0904197306155966,0.788656896071172,0.6729903360694423,0.7917864040461368,0.59683682179033,0.6729903360694423,372808406.48933566,0.5140181251648877,87.69799995422363,97.11250038146973,90.4445837020874,False,False,False,True,False,False,weak_rally,1,2,normal,False,False,,False,60.0,,0.0300463427713744,37.64527598171829,True,False,False,False,False,True,False,,Uptrend Under Pressure,100.05,-0.1466,0.3379539780947454,0.8883820050871151,0.35319636584702385,0.1847057271500394,0.8502782696686061,0.1941207627118644,,False,,,0,0,0.375,0.898
AYI,Acuity Inc.,Industrials,XLI,9932315648.0,2026-09-16,296.9599914550781,-0.009605139134163498,-0.07431420587607995,-0.1407158928155603,-0.12544578048708055,-0.13150658332680443,False,-0.12512065250229232,-0.11828864754069124,-0.06503003039435618,-0.053174716567789604,0.8239733531748401,1.9349815823997771,1.4111601982525455,0.4990789569064026,1.9349815823997771,66721357.866127014,0.04740221270029347,328.33399810791013,338.13219045003257,313.9698862711588,False,False,True,True,False,False,distribution,0,4,interest,False,False,,False,56.0,분산4일,0.02989337448109274,27.576780318513087,True,False,False,False,False,True,False,,Uptrend Under Pressure,362.27,-0.1803,0.41422990743032634,0.904562820667949,-0.10296394278757637,0.16322731831257253,0.5582026309132305,0.19284957627118646,,False,,,0,0,0.375,0.898
HBAN,Huntington Bancshares Incorpora,Financials,XLF,33710620672.0,2026-09-16,15.819999694824219,-0.05552240627915117,-0.04870712608653216,-0.1041902700161984,-0.08827107043200122,-0.1289846334079613,False,-0.08793212221938085,-0.11572831509476966,-0.07359852250603416,-0.1197145131361611,0.8523706977391855,3.149241097048313,1.4621626198704918,0.48800767311360643,3.149241097048313,406793655.9484951,0.18750005321843827,16.821000194549562,17.415666802724203,16.789838981628417,False,False,False,True,False,False,distribution,1,4,attention,False,False,,False,39.0,분산4일,0.02338813105528087,29.6535921108879,True,False,False,False,False,True,False,,Uptrend Under Pressure,18.27,-0.1341,0.2941352004383911,0.9550887806277483,-0.10635826466369391,0.02663656504431633,0.47365653572332045,0.1926906779661017,,False,,,0,0,0.375,0.898
MCHP,Microchip Technology Incorporat,Information Technology,XLK,39883988992.0,2026-09-16,69.58999633789062,-0.0265771657945707,-0.04684297628095402,-0.10463376298243254,-0.08872244459533274,-0.17504382346888658,False,-0.088383664187485,-0.162488497707737,-0.09640687673892712,-0.18953404755505365,0.790254980322683,0.8909799746347679,1.050410908906427,0.6465904900207349,0.8909799746347679,564015844.1164017,0.20192201885339103,73.37053146362305,79.27685089111328,82.83844213485717,False,False,False,True,False,False,dry_up,1,2,normal,False,False,,False,95.0,,0.03572968138940095,38.10109163570944,True,False,False,False,False,True,False,,Uptrend Under Pressure,91.89,-0.2427,0.6326855536060942,0.9290615743084026,0.09641377944456142,0.0784471618038165,0.6715234360883235,0.19221398305084747,,False,,,0,0,0.375,0.898
MKSI,MKS Inc.,Information Technology,XLK,17326323712.0,2026-09-16,235.27999877929688,0.01632828846348544,-0.12225327553076448,-0.21563144545042323,-0.20169263774438417,-0.33198284273153944,False,-0.20139585561453943,-0.3218160323455501,-0.20842443830130808,-0.3437164578951073,0.6385888955934981,0.7386198672829709,0.9198078919002465,0.984716045799311,0.7386198672829709,338530161.25994873,0.3659127685435822,260.61835327148435,312.3723948160807,304.79068921407065,False,False,False,True,False,False,weak_rally,2,1,normal,False,False,,False,53.0,,0.04941529253161875,34.492206490364964,True,False,False,False,False,True,False,,Uptrend Under Pressure,410.67,-0.4271,0.43891565482851425,0.9290615743084026,1.3390963473733586,0.21100158378875888,0.9299709081710094,0.19210805084745763,,False,,,0,0,0.375,0.898
MPWR,"Monolithic Power Systems, Inc.",Information Technology,XLK,62302023680.0,2026-09-16,1147.6099853515625,0.004507837990082697,-0.04663760303089304,-0.13919355292095503,-0.12389638748978382,-0.10594593079830184,False,-0.12357068349608535,-0.09233897759733356,-0.1312842121115625,-0.121649848383788,0.8047586388607878,1.0532215954467583,1.1282379789406254,0.5643146277788033,1.0532215954467583,732475098.1108093,0.3280344101701692,1240.7059936523438,1316.4883809407552,1398.6308024088542,False,False,False,True,False,False,accumulation,2,3,normal,False,False,,False,32.0,분산3일,0.037192820865654425,34.730572130592265,True,False,False,False,False,True,False,,Uptrend Under Pressure,1426.03,-0.1952,0.46199326094568244,0.9290615743084026,0.4196469132472309,0.1504145732711304,0.8548290629178562,0.19152542372881357,,False,,,0,0,0.375,0.898
KMB,Kimberly-Clark Corporation,Consumer Staples,XLP,35901906944.0,2026-09-16,98.0999984741211,-0.005877602647557656,-0.006079012083817337,-0.07837762113055924,-0.06199971173818131,-0.1420389322867347,False,-0.06165099677386143,-0.12898129237570444,-0.05349282205590644,-0.11887777527075194,0.8769292642548985,0.8139389049853536,1.5789614823483376,0.27247936637267156,0.8139389049853536,452482231.0481491,0.34782500528666144,104.79691543579102,107.19303766886394,101.5433744430542,False,False,True,True,False,False,dry_up,2,7,normal,False,False,,False,56.0,분산7일,0.023261618720603738,31.201564745716396,True,False,False,False,False,True,False,,Uptrend Under Pressure,108.07,-0.0923,0.38017117605875445,0.9374568435182988,-0.24423552959107664,-0.05984964866908915,0.29199251924397385,0.1908368644067797,,False,,,0,0,0.375,0.898
NXT,Nextpower Inc.,Industrials,XLI,12602953728.0,2026-09-16,78.02999877929688,-0.02205792851279398,-0.052689132239530534,-0.14393859053153235,-0.12872574791828661,-0.2891691999728857,False,-0.1284018393080978,-0.2783507922691858,-0.06853658376868021,-0.22505736855657477,0.6923076871007319,1.1292733563565711,1.0758629909881314,0.7690265064464227,1.1292733563565711,169062078.5156769,0.2659252767869265,84.30450057983398,97.92983334859213,110.93483352661133,False,False,False,False,False,False,distribution,1,3,normal,False,False,,False,75.0,분산3일,0.050393624579978924,32.695464471560015,True,False,False,False,False,True,False,,Uptrend Under Pressure,156.4,-0.5011,0.5635422445484808,0.904562820667949,0.23933527979997016,-0.2976872003588231,0.4919672220013732,0.18908898305084745,,False,,,0,0,0.375,0.898
ALAB,"Astera Labs, Inc.",Information Technology,XLK,51521609728.0,2026-09-16,269.17999267578125,0.06589055132663679,-0.10434556124813987,-0.11290538323878552,-0.0971410576441708,-0.3028892163381949,False,-0.09680540697560536,-0.2922796188474679,-0.10475449905576129,-0.31513385642394875,0.6448197024899915,1.0545805588549124,1.0927891623011008,0.7785953196481245,1.0545805588549124,968179379.5692749,0.8323435396043435,284.83449935913086,327.687082417806,283.53562444051107,False,False,False,True,False,False,accumulation,2,2,normal,False,False,,False,61.0,,0.07593377546404532,43.769650856139215,True,False,False,False,False,True,False,,Uptrend Under Pressure,417.07,-0.3546,0.3919300942446269,0.9290615743084026,0.17107957423055375,1.1673185501121095,0.835408008384229,0.18792372881355934,,False,,,0,0,0.375,0.898
DRS,"Leonardo DRS, Inc.",Industrials,XLI,10141878272.0,2026-09-16,37.09000015258789,0.005694118177621554,0.028563470329199037,-0.16142888228678987,-0.14652685505756868,-0.18954085039026913,False,-0.14620956426244736,-0.17720616046499094,-0.0875674228288712,-0.11644325759096485,0.7552133485335204,1.462240515410674,1.0884690091967564,0.6836472451680167,1.462240515410674,33058491.750255205,0.8499998410543816,37.95450000762939,42.578901608784996,43.49607750574748,False,False,False,False,False,False,accumulation,2,2,normal,False,False,,False,132.0,,0.027866588945558938,35.69018709340732,False,False,False,False,False,True,False,,Uptrend Under Pressure,47.13,-0.213,0.3763549357618953,0.904562820667949,-0.07906225777908027,-0.13765190929128268,0.36170629901340756,0.1878177966101695,,False,,,0,0,0.375,0.898
SPXC,"SPX Technologies, Inc.",Industrials,XLI,9854393344.0,2026-09-16,178.67999267578125,0.00207501049999137,-0.07289992924412347,-0.1597856221253442,-0.14485439295110825,-0.19034103959022675,False,-0.14453648039438272,-0.1780185280525548,-0.08577942408624895,-0.11731561810804436,0.8119234185898874,1.1020092999237592,1.2955685303051339,0.6766013926040879,1.1020092999237592,79737178.80404663,0.1749442858077783,195.62149887084962,211.42133356730145,213.3945006052653,False,False,False,False,False,False,accumulation,3,2,normal,False,False,,False,66.0,,0.036389833261038416,31.01930554437743,True,False,False,False,False,True,False,,Uptrend Under Pressure,233.49,-0.2347,0.4975331298858132,0.904562820667949,-0.015182165431668615,-0.08153766686366337,0.4562908821509884,0.18633474576271186,,False,,,0,0,0.375,0.898
STRL,"Sterling Infrastructure, Inc.",Industrials,XLI,14378744832.0,2026-09-16,482.6700134277344,0.05152286388416538,-0.02520444435541902,-0.12994807676989406,-0.11448661240874558,-0.2903041727885063,False,-0.1141574101971653,-0.2795030386731928,-0.05331378362944916,-0.22629470776629967,0.6709900678510601,1.6591360118040899,1.0599646179899256,0.7040265181161088,1.6591360118040899,271070555.3487976,0.6313223421352278,488.3595031738281,600.5220001220703,633.9355834960937,False,False,False,True,False,False,accumulation,3,1,interest,True,False,surge,False,61.0,,0.05291844582145731,44.047007155801396,True,False,False,False,True,True,False,,Uptrend Under Pressure,861.88,-0.44,0.4920865763107199,0.904562820667949,0.5821673105546152,0.22557167756691654,0.9011456037006251,0.18591101694915255,,False,,,0,0,0.375,0.898
NKE,"Nike, Inc.",Consumer Discretionary,XLY,57945464832.0,2026-09-16,35.779998779296875,-0.012148051534430881,-0.042034799436793335,-0.09736511209711085,-0.08132462442296451,-0.17020300779680253,False,-0.08098309377012258,-0.15757400779762476,-0.04673628774376659,-0.10840602942529043,0.8112980778587398,1.0924329098083108,1.0234654849166365,0.4353982849833234,1.0924329098083108,1043340383.9143425,0.026667277018229168,38.281640625,40.614240709940596,42.3106130917867,False,False,False,False,False,False,distribution,2,5,normal,False,False,,False,53.0,분산5일,0.023398173618905675,31.622323719395666,True,False,False,False,False,True,False,,Uptrend Under Pressure,42.61,-0.1603,0.4038348565347137,0.8883820050871151,-0.5371580417684563,-0.38210326892176094,0.020636225651403994,0.18548728813559323,,False,,,0,0,0.375,0.898
CIEN,Ciena Corporation,Information Technology,XLK,54186459136.0,2026-09-16,340.5,0.018454860992257238,0.007396449704142105,-0.16037877194480887,-0.14545808348032763,-0.1940103790835953,False,-0.14514039535415313,-0.1817437126368241,-0.15266408710941592,-0.2081674586357638,0.7364710012048219,1.659124385555817,1.1350731823933657,0.7742320597224609,1.659124385555817,829310766.0714233,0.27253661788547145,361.16400146484375,400.0481669108073,452.5430834452311,False,False,False,False,False,False,accumulation,4,3,interest,True,False,surge,False,24.0,분산3일,0.06981959662048326,43.33998940698926,True,False,False,False,False,True,False,,Uptrend Under Pressure,432.05,-0.2119,0.36369230355736004,0.9290615743084026,1.7712697181109531,0.038881211987464415,0.8516298652018359,0.18448093220338985,,False,,,0,0,0.375,0.898
CPNG,"Coupang, Inc.",Consumer Discretionary,XLY,28868036608.0,2026-09-16,14.399999618530273,-0.019073615859993343,-0.024390284875953183,-0.07573814576085647,-0.05931333094447888,-0.22941578283534514,False,-0.05896361727984478,-0.21768796486374686,-0.023896264063276607,-0.17202852227765464,0.7515657480798593,0.8602990655536723,0.9357392205440291,0.2887326912039929,0.8602990655536723,244918319.08312806,0.035086868064943585,15.698000144958495,16.485666783650718,17.307750058174133,False,False,False,False,False,False,dry_up,0,4,normal,False,False,,False,62.0,분산4일,0.03354663502536669,33.709167185900895,True,False,False,False,False,True,False,,Uptrend Under Pressure,18.83,-0.2353,0.3382877308268291,0.8883820050871151,-0.6030184368273461,-0.34735069712151156,0.02038777059014853,0.18416313559322034,,False,,,0,0,0.375,0.898
IP,International Paper Company,Materials,XLB,20086585344.0,2026-09-16,34.060001373291016,0.0020594201637995635,-0.016743591991249973,-0.14956299570229814,-0.13445010291707837,-0.09920248392462672,False,-0.13412832241737538,-0.08549289960862383,-0.12558327024022486,-0.07081984779406725,0.7813081094419831,1.2036435705564774,1.2414817963900298,0.4601316131656509,1.2036435705564774,162417887.344985,0.5064948790694142,37.598500633239745,38.56765861511231,35.904634428024295,False,False,True,True,False,False,accumulation,4,6,normal,False,False,,False,37.0,분산6일,0.037884836690979855,29.792061005194483,True,False,False,False,False,True,False,,Uptrend Under Pressure,41.69,-0.1829,0.46922472603388554,0.938326855384374,-0.21556499857525113,-0.04554045182986777,0.3226067001553974,0.18199152542372884,,False,,,0,0,0.375,0.898
ZTO,ZTO Express (Cayman) Inc.,Industrials,XLI,16068333568.0,2026-09-16,20.209999084472656,-0.010284083792197585,-0.02461391147600711,-0.12624298237100184,-0.11071567574978392,-0.1350852108789391,False,-0.1103850716388024,-0.12192173960375752,-0.04928234400598264,-0.057076110615573494,0.8208772703316424,1.0353273913217524,1.155909378684853,0.35016137085726057,1.0353273913217524,43416884.735464096,0.10713896457765668,21.027499961853028,22.638666661580405,23.307934697469076,False,False,False,False,False,False,distribution,2,5,normal,False,False,,False,154.0,분산5일,0.01689049847231439,28.02917135405461,False,False,False,False,False,True,False,,Uptrend Under Pressure,22.43,-0.099,0.3179166795300543,0.904562820667949,0.02184976701065211,-0.15296934448603838,0.43001517834556036,0.18167372881355934,,False,,,0,0,0.375,0.898
FSLR,"First Solar, Inc.",Information Technology,XLK,21698150400.0,2026-09-16,191.07000732421875,-0.055698276256029744,-0.05923189767490922,-0.13153942050445344,-0.11610623549512444,-0.16799792903751976,False,-0.11577763540148989,-0.15533536909547552,-0.12355975129302832,-0.18261191313919145,0.7641271945302444,1.6078957474432336,1.0566069052651121,0.6679878642614805,1.6078957474432336,395587225.7665771,0.10226715268310414,206.76899948120118,218.8665008544922,224.75600153605143,False,False,False,True,False,False,distribution,3,2,interest,False,False,,False,25.0,,0.0467292739153607,35.63506219213714,True,False,False,False,False,True,False,,Uptrend Under Pressure,240.91,-0.2069,0.3889116584224596,0.9290615743084026,-0.10967242091306173,-0.06134246444040925,0.4020219724621445,0.18109110169491527,,False,,,0,0,0.375,0.898
MOG-A,Moog Inc.,Industrials,XLI,11765838848.0,2026-09-16,359.70001220703125,0.008410428644052725,-0.021251115210642824,-0.17822298044583929,-0.16361939672697756,-0.133694890920239,False,-0.16330846032762014,-0.12051025983016028,-0.10584074746508532,-0.0555603937849265,0.8076249680352732,0.8717518303869107,0.9401880092932013,0.5422030082881408,0.8717518303869107,84944410.69709778,0.38943889764044376,373.66050109863284,398.3729019165039,364.16700744628906,False,False,False,True,False,False,weak_rally,2,2,normal,False,False,,False,33.0,,0.028505397450263037,36.10171827391189,True,False,False,False,False,True,False,,Uptrend Under Pressure,418.96,-0.1414,0.43163999103072753,0.904562820667949,0.919130826991067,0.2547643571914604,0.9390363557515088,0.18077330508474576,,False,,,0,0,0.375,0.898
PHG,Koninklijke Philips N.V. NY Reg,Health Care,XLV,25970247680.0,2026-09-16,24.729999542236328,-0.006827312405556563,-0.011590763797822312,-0.08745390427573363,-0.07123728712883448,-0.13134704428464294,False,-0.07089200636470927,-0.1181266804124047,-0.07679298453778227,-0.14136933215555958,0.8953656332663137,0.82895826826382,1.0990054841675558,0.27217732496805386,0.82895826826382,18270217.1907671,0.17646821229501575,26.19000005722046,26.618333371480308,26.49611404736837,False,False,False,False,False,False,dry_up,1,6,normal,False,False,,False,,분산6일,0.01722891932385608,31.458121174223038,False,False,False,False,False,True,False,,Uptrend Under Pressure,,,0.5162226517108728,0.9549750185957814,-0.1631726550142426,-0.14971535899537913,0.2811662028838856,0.17552966101694917,,False,,,0,0,0.375,0.898
CARR,Carrier Global Corporation,Industrials,XLI,47992205312.0,2026-09-16,54.2599983215332,-0.02304649933191283,-0.06367562368982926,-0.11657440672201602,-0.10087528238069599,-0.21367017946187394,False,-0.10054101996335196,-0.2017027230885231,-0.038762158883180575,-0.14274887879505505,0.7806066303581894,1.3873018809185222,1.357221467171087,0.49699976787504263,1.3873018809185222,343466259.21721303,0.18402728567171098,58.33200035095215,64.18142337799073,63.852468427022295,False,False,False,True,False,False,distribution,1,4,normal,False,False,,False,68.0,분산4일,0.032381133363646425,27.613697528408963,True,False,False,False,False,True,False,,Uptrend Under Pressure,70.98,-0.2356,0.49847418749111544,0.904562820667949,-0.12248834514640039,-0.04507768555409675,0.4066098081023454,0.17447033898305084,,False,,,0,0,0.375,0.898
DECK,Deckers Outdoor Corporation,Consumer Discretionary,XLY,11858716672.0,2026-09-16,77.95999908447266,0.005805662957553359,-0.028293707808560886,-0.12903589292936435,-0.11355821838861091,-0.2712620756171499,False,-0.11322867103333323,-0.26017113249141466,-0.08018348384799656,-0.21699120915857395,0.7150325594544175,1.011470901032067,1.1327691220325546,0.6769452716286535,1.011470901032067,253736432.67349967,0.10706179636639174,85.11050033569336,95.5216667175293,100.21441663106283,False,False,False,False,False,False,accumulation,3,6,normal,False,False,,False,61.0,분산6일,0.030894944961254733,29.89410569539369,True,False,False,False,False,True,False,,Uptrend Under Pressure,109.11,-0.2855,0.36543827216520347,0.8883820050871151,-0.35756198628392655,-0.25685170582178984,0.08974829243612445,0.17139830508474574,,False,,,0,0,0.375,0.898
LSCC,Lattice Semiconductor Corporati,Information Technology,XLK,16381770752.0,2026-09-16,106.31999969482422,-0.0015963768650159027,-0.07908183191647089,-0.1440302674624594,-0.12881905401589033,-0.19275598465920685,False,-0.12849518009357208,-0.18047022710059346,-0.13616536779757304,-0.20693509745001137,0.7619866740126405,1.0217736206671246,1.2283589311141951,0.6940854059445984,1.0217736206671246,151400807.91228294,0.4021444101951528,114.6984992980957,126.56299997965495,125.72658360799154,False,False,False,True,False,False,distribution,1,5,normal,False,False,,False,30.0,분산5일,0.04608056820660176,36.90206147584529,True,False,False,False,False,True,False,,Uptrend Under Pressure,138.0,-0.2296,0.3860856740943523,0.9290615743084026,0.7425369451530193,0.24314242571283118,0.9241326659679809,0.17049788135593222,,False,,,0,0,0.375,0.898
RCL,Royal Caribbean Cruises Ltd.,Consumer Discretionary,XLY,71875067904.0,2026-09-16,253.9199981689453,0.018531869477066643,-0.02248233514446274,-0.15360000610351565,-0.13855885397052303,-0.10796762122331394,False,-0.13823860095753282,-0.0943914369075255,-0.10612539904149931,-0.04153582388504051,0.7755176463120773,1.2403116406842867,1.0860050049101355,0.30248864499907197,1.2403116406842867,502654608.61883163,0.6062177701966845,272.62150115966796,293.67050018310545,283.762127049764,False,False,False,False,False,False,accumulation,1,7,normal,False,False,,False,59.0,분산7일,0.027525522806727834,26.64420341011069,True,False,False,False,False,True,False,,Uptrend Under Pressure,309.53,-0.1797,0.43403799889660116,0.8883820050871151,-0.21260513643272638,-0.05734460727625945,0.3160673629431535,0.16959745762711867,,False,,,0,0,0.375,0.898
FNF,"Fidelity National Financial, In",Financials,XLF,12457556992.0,2026-09-16,43.02000045776367,-0.013755123539962222,-0.03282372076209894,-0.11244069786842881,-0.09666811447206547,-0.1350710970893747,False,-0.09633228798014104,-0.12190741101099445,-0.08213070104399434,-0.12586575437778846,0.7951941159174418,1.4172692701211504,1.216959662995865,0.42676495783431134,1.4172692701211504,95441482.7483759,0.44586044522628204,46.00849990844726,48.49650001525879,48.21327896118164,False,False,False,False,False,False,distribution,3,6,normal,False,False,,False,56.0,분산6일,0.02603439649935595,27.949232329291902,True,False,False,False,False,True,False,,Uptrend Under Pressure,46.71,-0.079,0.5289883671427992,0.9550887806277483,-0.2528859569946228,-0.11765914480594108,0.23984135014997654,0.16906779661016946,,False,,,0,0,0.375,0.898
ALB,Albemarle Corporation,Materials,XLB,15927142400.0,2026-09-16,109.47000122070312,-0.0350814969995531,-0.12764040364146978,-0.17233976009222807,-0.15763162720865853,-0.15582638432752594,False,-0.15731846477071654,-0.14297858095898464,-0.14900226980362996,-0.12922787341128827,0.7667630345075247,1.1900401263551836,1.003824317196659,0.630178202464751,1.1900401263551836,297311894.6218735,0.23328390661524473,129.33150939941407,127.4420602162679,153.27465979258218,False,False,False,False,False,False,distribution,2,6,normal,False,False,,False,26.0,분산6일,0.050034128238292556,29.07678262814163,True,False,False,False,False,True,False,,Uptrend Under Pressure,130.77,-0.1629,0.2802473106994073,0.938326855384374,0.41002284744362893,-0.30252964324129983,0.544003650030718,0.16747881355932204,,False,,,0,0,0.375,0.898
ODFL,"Old Dominion Freight Line, Inc.",Industrials,XLI,41585340416.0,2026-09-16,174.36000061035156,-0.03647218091648019,-0.0417674534133573,-0.16042880311151464,-0.1455090037377651,-0.1964988417534992,False,-0.14519133454192124,-0.18427004817846826,-0.08647925654220001,-0.12402880978760045,0.7363727924408683,1.625159878234684,0.9759826380132081,0.608218203431517,1.625159878234684,321103506.242437,0.19197667021539389,191.1823501586914,210.62596232096354,212.01696294148763,False,False,False,False,False,False,distribution,2,3,interest,False,False,,False,61.0,분산3일,0.03515526175569138,23.50795345777601,True,False,False,False,False,True,False,,Uptrend Under Pressure,220.7,-0.21,0.39435634933254127,0.904562820667949,0.24027257046108463,-0.0062819547434139755,0.6976916266126992,0.1659427966101695,,False,,,0,0,0.375,0.898
ALGN,"Align Technology, Inc.",Health Care,XLV,11351457792.0,2026-09-16,150.4499969482422,0.02346936699484492,-0.016152244639542013,-0.10398431500842864,-0.0880614554518463,-0.19455226409236126,False,-0.08772242931187213,-0.18229384480223143,-0.09351651360486313,-0.20384530686753544,0.8297942693403955,1.1056432841618309,0.9687068313439854,0.5435837097544922,1.1056432841618309,134019867.74776459,0.5897946918197473,156.50699996948242,169.05100072224934,171.25066706339518,False,False,False,False,False,False,accumulation,1,3,normal,False,False,,False,34.0,분산3일,0.032659148347293374,38.28414004004952,True,False,False,False,False,True,False,,Uptrend Under Pressure,180.08,-0.1645,0.3948999384049539,0.9549750185957814,0.10482813955603665,-0.16076367995281438,0.49339019189765465,0.16546610169491527,,False,,,0,0,0.375,0.898
DTM,"DT Midstream, Inc.",Energy,XLE,13366044672.0,2026-09-16,124.98999786376953,-0.0007195712021712541,-0.03927754035368958,-0.07899202947281458,-0.06262503856982027,-0.15185730408066234,False,-0.062276556079654655,-0.13894909375125541,-0.084026410083206,-0.2701005202282315,0.8430460170967193,1.1594012086421865,0.9977789908536554,0.3618426043288706,1.1594012086421865,127320764.2065506,0.21163906897136353,129.02000007629394,137.39233334859213,138.48910185496013,False,False,False,False,False,False,distribution,0,2,normal,False,False,,False,53.0,,0.023736204547547546,34.40699899926207,True,False,False,False,False,True,False,,Uptrend Under Pressure,143.78,-0.1307,0.3300330309255782,0.971181533185436,0.09607931393497271,-0.1379038711065249,0.5045661522894005,0.16520127118644068,,False,,,0,0,0.375,0.898
CDNS,"Cadence Design Systems, Inc.",Information Technology,XLK,93297639424.0,2026-09-16,279.8999938964844,0.021682006959692357,-0.016514448721837827,-0.11569567922487745,-0.09998093924784945,-0.2520168472111539,False,-0.09964634434571018,-0.24063300354250616,-0.10757043309555037,-0.26515505237274606,0.7252234357913181,1.0197597849927253,0.9739444512243778,0.6526719041718856,1.0197597849927253,747206802.2460907,0.7321419535151673,307.5025009155273,336.2961669921875,339.67441711425784,False,False,False,False,False,False,accumulation,2,5,normal,False,False,,False,74.0,분산5일,0.04037922075146761,32.2084650319011,True,False,False,False,False,True,False,,Uptrend Under Pressure,414.16,-0.3242,0.32139577679441567,0.9290615743084026,-0.22152157727979893,-0.04907386563617688,0.31581077662534784,0.1624470338983051,,False,,,0,0,0.375,0.898
HRL,Hormel Foods Corporation,Consumer Staples,XLP,12025164800.0,2026-09-16,20.780000686645508,-0.0004810114690455558,-0.009060497516944932,-0.1462612754159689,-0.13108970862615854,-0.1557756357291339,False,-0.13076667885202586,-0.14292705999812938,-0.1232094082840256,-0.13298530899588112,0.7976967867654456,0.5040702858452736,0.6980106664841016,0.5661667368112673,0.5040702858452736,124198530.41053104,0.07895397279526176,22.101499938964842,24.007215627034505,22.812947050730386,False,False,False,False,False,False,dry_up,0,0,normal,False,False,,False,74.0,,0.026364629160941684,28.766730170042877,True,False,False,False,False,True,False,,Uptrend Under Pressure,23.07,-0.0994,0.27249135408809744,0.9374568435182988,-0.13518756511215757,-0.07110705521212268,0.3688247623866141,0.1618114406779661,,False,,,0,0,0.375,0.898
RKLB,Rocket Lab Corporation,Industrials,XLI,40871149568.0,2026-09-16,63.70000076293945,0.002360370223127184,0.009988918204591801,-0.19530068448657723,-0.18100058416375897,-0.2427237059269678,False,-0.18069610946834014,-0.23119842636210308,-0.12442265802807873,-0.17442282462113945,0.7642471737143143,1.051546222397419,1.0388079012063904,0.7186330347953844,1.051546222397419,1095964459.5361552,0.6964681961435494,65.79649982452392,74.17733357747396,86.09174998601277,False,False,False,False,False,False,accumulation,4,2,normal,False,False,,False,88.0,,0.04476250327326943,40.19670530345952,True,False,False,False,False,True,False,,Uptrend Under Pressure,117.35,-0.4572,0.6207504898476436,0.904562820667949,0.28494519649526096,-0.09809511889251965,0.6376278414224278,0.1615466101694915,,False,,,0,0,0.375,0.898
XPO,"XPO, Inc.",Industrials,XLI,22713604096.0,2026-09-16,174.41000366210938,-0.021487891118818325,-0.05340567890306991,-0.13965073691851648,-0.12436169598416691,-0.1471789038957242,False,-0.12403616497552705,-0.1341994911921378,-0.06387105541930693,-0.07026056785903956,0.795339545815648,1.4935412302121513,1.0316948711648823,0.3670063830498374,1.4935412302121513,180774003.41156158,0.5354203848426335,188.17450027465821,200.07033309936523,205.61008326212564,False,False,False,False,False,False,distribution,2,6,normal,False,False,,False,105.0,분산6일,0.03978414176321742,30.38167778955433,True,False,False,False,False,True,False,,Uptrend Under Pressure,222.12,-0.2148,0.3647274382432408,0.904562820667949,0.3328431495963782,-0.032642744761039455,0.7176186259983376,0.16022245762711865,,False,,,0,0,0.375,0.898
TDG,Transdigm Group Incorporated,Industrials,XLI,64769712128.0,2026-09-16,1080.1099853515625,-0.004506925943260409,-0.04048225622293644,-0.12455222186801673,-0.10899486918568202,-0.19449129417032307,False,-0.1086636253403559,-0.18223194695546874,-0.0474426610852009,-0.12184019583503258,0.8257911187142378,1.6311363065145188,1.2108440061195351,0.42875827884176637,1.6311363065145188,428364974.2405151,0.2358681770686481,1159.5164978027344,1231.0881693522135,1222.0600809733073,False,False,False,False,False,False,distribution,2,3,interest,False,False,,False,61.0,분산3일,0.023818990291667806,25.798364787930694,True,False,False,False,False,True,False,,Uptrend Under Pressure,1328.31,-0.1869,0.4261843285340993,0.904562820667949,-0.18705647635410239,-0.13272331780286617,0.2780943948538181,0.1576800847457627,,False,,,0,0,0.375,0.898
EIX,Edison International,Utilities,XLU,20772257792.0,2026-09-16,54.810001373291016,0.004582111321617122,-0.04578686135613952,-0.25620844677169674,-0.24299072230570384,-0.2824245220431635,False,-0.24270929332688096,-0.27150346448851304,-0.20760637087584688,-0.19963069967680924,0.6818860816888166,0.6333453260499795,0.6656669848120428,0.7785652858424608,0.6333453260499795,407302650.84952295,0.24875689873754053,63.14300022125244,70.61020526885986,70.34303871790569,False,False,False,False,False,False,weak_rally,2,1,normal,False,False,,False,61.0,,0.07282950596425372,32.81731988345368,True,False,False,False,False,True,False,,Uptrend Under Pressure,71.05,-0.2285,0.24220265970650645,0.8773219778194903,0.13932820195993978,-0.13528823057592643,0.5392992663799645,0.15709745762711866,,False,,,0,0,0.375,0.898
GFS,GlobalFoundries Inc.,Information Technology,XLK,24521441280.0,2026-09-16,43.029998779296875,0.006549679047880064,-0.06354737617322692,-0.13767540153318714,-0.12235125743218034,-0.3519409195374802,False,-0.12202497901438025,-0.3420778588087372,-0.1297521115058643,-0.3633239742549609,0.6172715441748078,0.7446946636779658,0.9409203904934669,0.7191133370561683,0.7446946636779658,167623965.7242714,0.2959492894678674,45.40999984741211,55.86883328755697,61.29837729136149,False,False,False,True,False,False,weak_rally,1,3,normal,False,False,,False,78.0,분산3일,0.03921848564277644,34.85038032549049,True,False,False,False,False,True,False,,Uptrend Under Pressure,89.83,-0.521,0.5131834506436181,0.9290615743084026,0.4051700057520282,0.06855375578513723,0.800143652199053,0.15662076271186443,,False,,,0,0,0.375,0.898
USFD,US Foods Holding Corp.,Consumer Staples,XLP,22680111104.0,2026-09-16,92.51000213623047,0.005434191809491562,-0.05069261125411284,-0.1346927418634305,-0.11931559370030487,-0.11787488670009239,False,-0.11898818673128453,-0.10444948487312222,-0.11132851183791637,-0.0940614072477719,0.8338741671210101,1.7946574375446027,1.5230506123479262,0.3616133800179994,1.7946574375446027,209755137.28955993,0.3466064415610405,103.16849975585937,102.05999972025553,95.26591676076254,False,False,True,True,True,False,accumulation,1,6,interest,True,False,surge,False,28.0,분산6일,0.0323501719173277,24.95059512323911,True,False,False,False,False,True,False,,Uptrend Under Pressure,106.97,-0.1352,0.388830781230273,0.9374568435182988,0.15866851955107997,0.01769579768509222,0.6717998988110295,0.15635593220338986,,False,,,0,0,0.375,0.898
SYK,Stryker Corporation,Health Care,XLV,124200951808.0,2026-09-16,284.760009765625,0.011580851742895248,0.03402445484143368,-0.14065843630495,-0.12538730293190103,-0.1436714119507534,False,-0.125062153207249,-0.130638617376437,-0.1306190843412911,-0.15355150452979405,0.8084031505056778,1.171063126615167,1.1743943064644324,0.5214665811154442,1.171063126615167,868756605.6150268,0.45933288951126006,307.402001953125,322.10803273518883,318.40103708902996,False,False,False,False,False,False,accumulation,3,7,normal,False,False,,False,56.0,분산7일,0.03796304557984744,35.446931867784215,True,False,False,False,False,True,False,,Uptrend Under Pressure,331.82,-0.1418,0.3158593843281835,0.9549750185957814,-0.24835424628449776,-0.1751422804095526,0.19262404683603773,0.15476694915254238,,False,,,0,0,0.375,0.898
FER,Ferrovial N.V.,Industrials,XLI,42200039424.0,2026-09-16,55.119998931884766,0.016224137650927117,-0.02545973137274804,-0.13059940685670757,-0.11514951711157417,-0.1699839397308902,False,-0.11482056134425678,-0.1573516056504488,-0.054022482959949714,-0.09512245409074371,0.8282493824833695,0.9971980121265334,1.1117014275647445,0.34156781549624254,0.9971980121265334,75863899.61344281,0.426666259765625,58.71275005340576,63.158250172932945,65.49340333938599,False,False,False,False,False,False,weak_rally,0,4,normal,False,False,,False,185.0,분산4일,0.017201695665791383,28.217002645402516,True,False,False,False,False,True,False,,Uptrend Under Pressure,65.83,-0.1628,0.29738226682475893,0.904562820667949,-0.040365956246657064,-0.14510226197957388,0.38860449568139926,0.15259533898305083,,False,,,0,0,0.375,0.898
LULU,lululemon athletica inc.,Consumer Discretionary,XLY,13655994368.0,2026-09-16,95.9800033569336,-0.02429601832791939,-0.03750499215791281,-0.19351313642473922,-0.17918127005450013,-0.1729120122670269,False,-0.17887611900315403,-0.16032424165018433,-0.14827725832335548,-0.11131677997585454,0.7464613624990046,0.5242903861278233,0.7224138681316566,0.5768255852289224,0.5242903861278233,807017500.2190979,0.0281262665999094,111.18000030517578,115.7928337097168,126.21574993133545,False,False,False,False,False,False,dry_up,3,3,normal,False,False,,False,185.0,분산3일,0.059208754164975765,32.44529267962207,True,False,False,False,False,True,False,,Uptrend Under Pressure,215.11,-0.5538,0.16649774744444998,0.8883820050871151,-0.38795918525087747,-0.3724618591851945,0.05431408333634491,0.149364406779661,,False,,,0,0,0.375,0.898
BNT,Brookfield Wealth Solutions Ltd,Financials,XLF,11315184640.0,2026-09-16,37.02000045776367,-0.004035451131847556,-0.04016605416234742,-0.12051259208857723,-0.10488345220573259,-0.16055353532447647,False,-0.10455067988259736,-0.14777767628749772,-0.09047824905718205,-0.15161939938640823,0.8189000011813609,1.0388374391449173,0.8160687367100485,0.4405370813339789,1.0388374391449173,597205.8879926682,0.3118288391018647,40.0292552947998,42.29159278869629,43.44993619918823,False,False,False,False,False,False,distribution,2,4,normal,False,False,,False,,분산4일,0.021514999413826372,22.204234471240042,False,False,False,False,False,True,False,,Uptrend Under Pressure,,,0.37669340973327525,0.9550887806277483,-0.21366267270973038,-0.130231192178498,0.2529236384662643,0.14851694915254238,,False,,,0,0,0.375,0.898
MGM,MGM Resorts International,Consumer Discretionary,XLY,10582006784.0,2026-09-16,38.38999938964844,-0.021162718134148162,-0.055828835865284754,-0.11380425530715799,-0.0980559033321392,-0.1838074361997838,False,-0.09772059277048561,-0.17138548723586433,-0.06409750310641427,-0.12302361234157444,0.8126587219650244,1.3852914180284521,1.1101142284918595,0.3002814025121186,1.3852914180284521,82984109.11528854,0.25,41.562500190734866,44.470333417256676,42.531500021616615,False,False,False,True,False,False,distribution,1,5,normal,False,False,,False,74.0,분산5일,0.023722717312545237,19.736690050304645,True,False,False,False,False,True,False,,Uptrend Under Pressure,50.69,-0.2427,0.37024193104779074,0.8883820050871151,0.039203624174300566,0.02567803572361993,0.5894429185790178,0.1434851694915254,,False,,,0,0,0.375,0.898
PNR,Pentair plc.,Industrials,XLI,9649416192.0,2026-09-16,56.459999084472656,-0.002120939248824283,-0.018428396468274766,-0.11156570004257693,-0.09577756728951525,-0.2520632522419418,False,-0.09544140972399417,-0.24068011482932916,-0.033312284630084954,-0.18460473091661456,0.7409730912420226,0.5928703526982638,0.6543273613996685,0.2664319717973479,0.5928703526982638,233869702.7223873,0.2130178049044747,60.290999794006346,66.13801339467366,72.80455986658733,False,False,False,False,False,False,dry_up,0,0,normal,False,False,,False,46.0,,0.027857898132852273,27.196992977698514,True,False,False,False,False,True,False,,Uptrend Under Pressure,76.2,-0.259,0.7397750535015307,0.904562820667949,-0.5039180506452605,-0.3759460319321496,0.025745365183766397,0.14216101694915256,,False,,,0,0,0.375,0.898
LRCX,Lam Research Corporation,Information Technology,XLK,377260736512.0,2026-09-16,269.2300109863281,-0.006054506443764152,-0.14757467670971725,-0.17897657976993253,-0.16438638806685857,-0.18141124112113272,False,-0.1640757368074538,-0.1689528235414789,-0.1714327770194678,-0.19578962252855403,0.7623240953366442,0.8912391299270253,1.2728184587054623,0.597316011024599,0.8912391299270253,2327031707.378598,0.2875010172526042,300.814501953125,321.4703328450521,304.691392771403,False,False,False,True,False,False,dry_up,3,3,normal,False,False,,False,53.0,분산3일,0.050400330156781234,36.033173298791006,True,False,False,False,False,True,False,,Uptrend Under Pressure,391.26,-0.3119,0.45752161974692207,0.9290615743084026,1.4535970982555524,0.3120252383333302,0.9541315818004409,0.14099576271186443,,False,,,0,0,0.375,0.898
PCG,Pacific Gas & Electric Co.,Utilities,XLU,29225410560.0,2026-09-16,13.350000381469727,0.015209183934699277,-0.059196562632377714,-0.25084171660523624,-0.23752862138608577,-0.22946712024805604,False,-0.23724516179346544,-0.21774008360031294,-0.20188895882044755,-0.1405630755400855,0.7271241796115657,0.4084312009699653,0.5818874303894704,0.6466150021268652,0.4084312009699653,812259889.9586992,0.634147135719536,15.415500068664551,16.70352954864502,16.747354714075723,False,False,False,False,False,False,weak_rally,2,2,normal,False,False,,False,31.0,,0.08081861482406827,33.65505927912673,True,False,False,False,False,True,False,,Uptrend Under Pressure,17.43,-0.2341,0.2305464431269647,0.8773219778194903,-0.024662809232824046,-0.17213133277880666,0.36979328538903544,0.13903601694915257,,False,,,0,0,0.375,0.898
AMRZ,Amrize Ltd,Materials,XLB,23900651520.0,2026-09-16,38.400001525878906,-0.02538070967695716,-0.06272881665245189,-0.13959218895666115,-0.12430210758184879,-0.25070765697890873,False,-0.12397655442037192,-0.23930388823991555,-0.11533131720487133,-0.22709869764247714,0.7279234231729349,0.8372318181239797,1.0040974233015485,0.5866923223070434,0.8372318181239797,183362800.0696869,0.1564897833195985,42.85550022125244,47.68209978739421,50.761791197458905,False,False,False,False,False,False,dry_up,2,4,normal,False,False,,False,145.0,분산4일,0.02785527879290949,24.757945087071846,True,False,False,False,False,True,False,,Uptrend Under Pressure,62.92,-0.3897,0.44305464985349813,0.938326855384374,-0.2813844828648563,-0.29311156768399604,0.11093834700589064,0.13691737288135594,,False,,,0,0,0.375,0.898
RRX,Regal Rexnord Corporation,Industrials,XLI,10547948544.0,2026-09-16,149.1999969482422,-0.0213184654972699,-0.06522150004574478,-0.1319525674323404,-0.11652672434862621,-0.3009236069025557,False,-0.11619828057771076,-0.29028409404482414,-0.055494830105315196,-0.23787193854536492,0.6780585416316905,1.0769436066933324,1.1082206650897048,0.5051067024767347,1.0769436066933324,198425874.05875015,0.23182855077756764,160.6189987182617,189.4265505472819,197.45340372721355,False,False,False,False,False,False,distribution,1,3,normal,False,False,,False,30.0,분산3일,0.03826120981541058,31.57302408318317,True,False,False,False,False,True,False,,Uptrend Under Pressure,220.04,-0.3219,0.5765665103924577,0.904562820667949,0.05546004283069972,-0.20564485846892666,0.41494795995807887,0.1357521186440678,,False,,,0,0,0.375,0.898
GE,GE Aerospace,Industrials,XLI,348320104448.0,2026-09-16,312.8999938964844,0.01905229225236127,-0.03847341593829268,-0.1658002160777008,-0.1509758706739136,-0.15453387829395626,False,-0.15066023386370164,-0.14166640377831474,-0.09232378430169763,-0.07827890810843174,0.8207858792680041,1.169136554529956,1.1857538151668154,0.3347660668380463,1.169136554529956,1288942919.5291626,0.42959149990969275,334.6435012817383,353.273361714681,329.16305516560874,False,False,False,True,False,False,accumulation,1,3,normal,False,False,,False,21.0,분산3일,0.02812857465686116,32.863162721202755,True,False,False,False,False,True,False,,Uptrend Under Pressure,369.43,-0.153,0.32761559233034265,0.904562820667949,0.09533217326948651,0.05737121753813046,0.655821076216978,0.13474576271186442,,False,,,0,0,0.375,0.898
BN,Brookfield Corporation,Financials,XLF,92017532928.0,2026-09-16,37.029998779296875,-0.002693301533574055,-0.036917371089420614,-0.1194411342121331,-0.10379295373259667,-0.15994451139503407,False,-0.10345977600112544,-0.14715938338832324,-0.08937020107937277,-0.15100389368260114,0.822388449411191,1.0219939747332365,1.1365229032804813,0.2770950479309014,1.0219939747332365,159161418.53153458,0.3380279672187518,39.984886169433594,42.09018688201904,43.24493935902913,False,False,False,False,False,False,distribution,0,6,normal,False,False,,False,29.0,분산6일,0.02173682213644827,23.07330793619647,True,False,False,False,False,True,False,,Uptrend Under Pressure,44.46,-0.1671,0.38053468761976345,0.9550887806277483,-0.2148886896470792,-0.06889242890592895,0.29973347547974416,0.13342161016949153,,False,,,0,0,0.375,0.898
HEI-A,Heico Corporation,Industrials,XLI,34124566528.0,2026-09-16,222.3699951171875,-0.00035963961408058687,-0.04348761526217615,-0.17266911181221478,-0.15796683175161463,-0.14392076938196263,False,-0.1576537939307351,-0.1308917698744254,-0.0997976933178506,-0.06670857301920619,0.8086475981458842,1.4184510911575603,1.2028799912697474,0.13643790158845587,1.4184510911575603,73133864.28413391,0.06145273620531414,243.4824996948242,253.1545893351237,238.87041257222492,False,False,False,True,False,False,distribution,1,6,normal,False,False,,False,57.0,분산6일,0.0282701375946598,22.236046413115645,True,False,False,False,False,True,False,,Uptrend Under Pressure,257.34,-0.1359,0.386320733258303,0.904562820667949,-0.10370860886047162,0.03830970407979217,0.4842578873188537,0.13177966101694913,,False,,,0,0,0.375,0.898
WWD,"Woodward, Inc.",Industrials,XLI,20064950272.0,2026-09-16,318.45001220703125,-0.003286346769855286,-0.056891521787404975,-0.12961943198809167,-0.11415212736678682,-0.21931259648342394,False,-0.11382280080562879,-0.20743101422775478,-0.05295619177003541,-0.148900201295732,0.7593228523435529,3.6547261868555734,1.5430392099953658,0.3242828366051986,3.6547261868555734,223957204.23249817,0.18678963283938316,338.1115020751953,375.54662526448567,373.69244181315105,False,False,False,False,False,False,distribution,0,5,attention,False,False,,False,63.0,분산5일,0.02987013858209463,31.004848917677222,True,False,False,False,False,True,False,,Uptrend Under Pressure,421.17,-0.2439,0.41272844567094125,0.904562820667949,0.30994476541605986,-0.12825404106403726,0.6228379892306024,0.13029661016949154,,False,,,0,0,0.375,0.898
HWM,Howmet Aerospace Inc.,Industrials,XLI,97686405120.0,2026-09-16,227.72999572753906,0.013619965209118456,-0.02102140612282699,-0.22183495480238657,-0.20800638803277738,-0.17973917063915612,False,-0.2077119531295103,-0.16725530517488252,-0.15329407052512745,-0.105757536743467,0.7781650451976134,0.8367140640615714,0.9431350179920515,0.47679452434100356,0.8367140640615714,956675610.3986832,0.6545440043279535,251.5865005493164,269.8116612752279,261.50931383768716,False,False,False,False,False,False,weak_rally,3,5,normal,False,False,,False,143.0,분산5일,0.044024552090912446,31.299884001094526,True,False,False,False,False,True,False,,Uptrend Under Pressure,257.86,-0.1169,0.21645859597535347,0.904562820667949,0.29511431956229894,0.04021861824993578,0.7531142712587184,0.12351694915254238,,False,,,0,0,0.375,0.898
PINS,"Pinterest, Inc.",Communication Services,XLC,12294654976.0,2026-09-16,18.649999618530273,-0.0058635719088218075,0.0202406410277145,-0.19124024065678302,-0.17686798325242914,-0.17514752463636762,False,-0.176561972203773,-0.16259377714322387,-0.20927627498060686,-0.1827291972257099,0.7290852100920665,1.072023989509531,1.072153999437307,0.5153472501408577,1.072023989509531,248574672.9414695,0.3505151801164071,21.265499782562255,22.284166653951008,21.102583408355713,False,False,False,True,False,False,distribution,3,6,normal,False,False,,False,30.0,분산6일,0.04735352121036738,31.927264701181983,True,False,False,False,False,True,False,,Uptrend Under Pressure,25.58,-0.2709,0.318288307781652,0.9464981965192371,-0.461752025023461,0.07339675443559912,0.3092849915073542,0.12298728813559323,,False,,,0,0,0.375,0.898
CCL,Carnival Corporation Ltd.,Consumer Discretionary,XLY,32720916480.0,2026-09-16,22.350000381469727,0.010854806173356657,-0.015418518489265676,-0.18041804157334507,-0.16585346570963233,-0.16498661669519266,False,-0.16554335985723256,-0.15227822643088162,-0.1344476591158732,-0.10280116112852022,0.7572314411417229,1.2479892678115387,0.9828908086800356,0.40683108076791324,1.2479892678115387,484315064.0413033,0.5177302278267316,24.04650001525879,26.352486260732015,26.558384037017824,False,False,False,False,False,False,accumulation,2,5,normal,False,False,,False,111.0,분산5일,0.030409067816867568,30.09480271306822,True,False,False,False,False,True,False,,Uptrend Under Pressure,27.71,-0.1936,0.42070316981728667,0.8883820050871151,-0.23699930150206616,-0.0347042343133076,0.321046402370713,0.12192796610169493,,False,,,0,0,0.375,0.898
PFGC,Performance Food Group Company,Consumer Staples,XLP,15576876032.0,2026-09-16,91.05999755859375,0.023491022920254734,-0.04778834911721053,-0.12894588902697635,-0.11346661505049727,-0.21823051478618716,False,-0.1131370336403742,-0.2063324639124322,-0.10542648777143815,-0.19712619376425422,0.7806257725456781,1.266684967164817,1.1641403166836068,0.43520736060148574,1.266684967164817,141420123.7518753,0.5663712432539486,98.89150009155273,107.28416684468587,100.18683344523112,False,False,False,True,False,False,accumulation,1,2,normal,False,False,,False,43.0,,0.02498902067115693,25.25539724307947,True,False,False,False,False,True,False,,Uptrend Under Pressure,113.17,-0.1954,0.40751710139907216,0.9374568435182988,-0.1488929000890521,0.04108107887736945,0.4484125980268151,0.11996822033898306,,False,,,0,0,0.375,0.898
KLAC,KLA Corporation,Information Technology,XLK,229233639424.0,2026-09-16,167.36000061035156,-0.0039281254929568465,-0.08501450298193325,-0.1408182844150958,-0.12554999166085623,-0.23250140460060276,False,-0.12522490241805584,-0.22082054789499717,-0.1329238721127498,-0.24598239540901146,0.7236919416472873,0.7541327429540168,1.008780329004684,0.5204694139619113,0.7541327429540168,1590596091.7875862,0.2518877112875186,178.8245002746582,204.27753321329752,196.21817944844562,False,False,False,True,False,False,dry_up,2,2,normal,False,False,,False,60.0,,0.04544011281542514,36.96645356508378,True,False,False,False,False,True,False,,Uptrend Under Pressure,268.86,-0.3775,0.4083170800789762,0.9290615743084026,0.7697149839524284,0.20237085508536512,0.9101577463770736,0.11986228813559321,,False,,,0,0,0.375,0.898
ON,ON Semiconductor Corporation,Information Technology,XLK,28844615680.0,2026-09-16,66.5999984741211,-0.09016391733988438,-0.06170758911896623,-0.16142029703341232,-0.14651811723790686,-0.2750819491656953,False,-0.14620082319437655,-0.2640491421666209,-0.1537151820344388,-0.2878150194784316,0.6804944988769503,2.140766047414652,1.4367548454193297,0.5862849045029864,2.140766047414652,632961720.4566364,0.09280694611626425,72.875,83.79466667175294,91.6333332379659,False,False,False,True,False,False,distribution,4,4,attention,False,False,,False,61.0,분산4일,0.05107248882327224,36.308054018969486,True,False,False,False,False,True,False,,Uptrend Under Pressure,121.62,-0.4524,0.28981905123482954,0.9290615743084026,0.4661861392055975,0.1807694499662651,0.8703317552672474,0.11949152542372882,,False,,,0,0,0.375,0.898
CLX,Clorox Company (The),Consumer Staples,XLP,11812540416.0,2026-09-16,84.86000061035156,-0.02638828539606497,-0.05311316659619281,-0.19602086066506919,-0.1817335584040911,-0.12606999114064887,False,-0.1814293562022835,-0.11276931376429178,-0.17431255604783058,-0.10247774328945003,0.7864689472687227,1.1123381087694804,1.1134189407180166,0.2161619798609158,1.1123381087694804,293701416.8659096,0.02348612455052623,96.82350006103516,97.59269841512044,96.28487180074056,False,False,False,False,False,False,distribution,0,2,normal,False,False,,False,30.0,,0.031888305315518145,23.34114896912503,True,False,False,False,False,True,False,,Uptrend Under Pressure,103.46,-0.1798,0.447066358570504,0.9374568435182988,-0.23627491138276646,-0.15870207160125727,0.2144908026453688,0.11869703389830509,,False,,,0,0,0.375,0.898
ONTO,Onto Innovation Inc.,Information Technology,XLK,16332792832.0,2026-09-16,243.63999938964844,-0.00212976844962931,-0.12485630484518084,-0.22756962457149665,-0.21384296711314876,-0.13695742315090365,False,-0.21355070204126803,-0.12382244579532342,-0.22047230889557212,-0.1521166288035387,0.6938147763094397,0.6487542257543015,1.0936477780956964,0.42657133090320604,0.6487542257543015,237801687.4585022,0.2285659122332806,273.38550033569334,292.1383328755697,282.0086666107178,False,False,False,True,False,False,dry_up,1,1,normal,False,False,,False,52.0,,0.06305551355723299,38.882102308677034,True,False,False,False,False,True,False,,Uptrend Under Pressure,307.58,-0.2079,0.49496574218438977,0.9290615743084026,1.5528576323608303,0.5423753960485178,0.971952585739583,0.11853813559322035,,False,,,0,0,0.375,0.898
LII,"Lennox International, Inc.",Industrials,XLI,13224297472.0,2026-09-16,361.0400085449219,-0.0031751122028014223,-0.039225052643187874,-0.12166398426761449,-0.10605530547297226,-0.3571823563705935,False,-0.10572296880297638,-0.34739906708761736,-0.04430002711945691,-0.29920482304166796,0.641540942151901,0.872887636243021,1.0799880085216567,0.3342583580484199,0.872887636243021,185204271.18850404,0.21491369671677094,384.67700042724607,464.5627741495768,481.65419718424477,False,False,False,False,False,False,dry_up,1,4,normal,False,False,,False,95.0,분산4일,0.029494132223893344,27.123205085153003,True,False,False,False,False,True,False,,Uptrend Under Pressure,533.61,-0.3234,0.7738136593534954,0.904562820667949,-0.3553651346137835,-0.2581405638253127,0.08975642369267464,0.11822033898305084,,False,,,0,0,0.375,0.898
AXON,"Axon Enterprise, Inc.",Industrials,XLI,46025871360.0,2026-09-16,468.4200134277344,0.05958203867064915,-0.044040788922991125,-0.24430098914670118,-0.2308716603766603,-0.27476879783343344,False,-0.2305857259639894,-0.2637312248636311,-0.17773891626641447,-0.20935815359942178,0.7254228375772108,2.7595255948181916,1.58539748699168,0.6020707551541398,2.7595255948181916,497074937.3889252,0.792489559770315,545.8974990844727,550.5026682535807,481.86050135294596,False,False,True,False,False,False,accumulation,2,3,attention,True,False,surge,False,22.0,분산3일,0.05981809608920283,38.263318537669086,True,False,False,False,False,True,False,,Uptrend Under Pressure,612.83,-0.2356,0.3618573249183725,0.904562820667949,-0.328006944118274,0.0301919415312919,0.31586046763759895,0.11774364406779661,,False,,,0,0,0.375,0.898
CMI,Cummins Inc.,Industrials,XLI,77697835008.0,2026-09-16,527.5,-0.019553212054108315,-0.04913838287864658,-0.1471408422114443,-0.1319849059722924,-0.20469630794700455,False,-0.13166220900052072,-0.19259227476701446,-0.07202089021727398,-0.13296562853957528,0.7832879194141219,1.3561756163512708,1.1055058174768908,0.23196046729326827,1.3561756163512708,597271815.8198853,0.34509539719193144,562.4196960449219,624.7736735026042,633.378377532959,False,False,False,True,False,False,distribution,1,7,normal,False,False,,False,62.0,분산7일,0.029819892981444652,27.217256540399788,True,False,False,False,False,True,False,,Uptrend Under Pressure,715.12,-0.2624,0.44117938390002,0.904562820667949,0.3237610263723594,0.022358424878565986,0.7466074590726753,0.11673728813559323,,False,,,0,0,0.375,0.898
EVR,Evercore Inc.,Financials,XLF,11015460864.0,2026-09-16,261.8299865722656,-0.033195556121488834,-0.09061553778378495,-0.12063843471264546,-0.10501153114604278,-0.24922313942027374,False,-0.10467880643807737,-0.23779677723683224,-0.09060838918512026,-0.24123270427779187,0.7426272799406082,1.4826357351376724,0.9570219514972738,0.42471418338959305,1.4826357351376724,128820278.11313629,0.18959315228487414,286.8591537475586,314.8844797770182,325.59353663126626,False,False,False,True,False,False,distribution,1,2,normal,False,False,,False,174.0,,0.03447611238523885,24.97175653351583,True,False,False,False,False,True,False,,Uptrend Under Pressure,370.97,-0.2942,0.5226530105089858,0.9550887806277483,-0.2508780119438515,-0.05814215647838239,0.2907050702901955,0.11573093220338983,,False,,,0,0,0.375,0.898
TTWO,"Take-Two Interactive Software, ",Communication Services,XLC,41079603200.0,2026-09-16,211.80999755859375,-0.00047192724169398126,0.0031732413132619097,-0.12619635770681548,-0.11066822253092823,-0.18527050533992195,False,-0.11033760077853672,-0.17287082338870952,-0.14568292624909884,-0.19275913204819473,0.8353117144795836,0.8055904757045105,0.8012219730110135,0.3917468420512441,0.8055904757045105,598478116.6676636,0.2546721141985212,223.49549865722656,236.73349939982097,226.7215831756592,False,False,False,True,False,False,dry_up,0,1,normal,False,False,,False,26.0,,0.03890953177508787,36.88215056165232,True,False,False,False,False,True,False,,Uptrend Under Pressure,253.57,-0.1647,0.3325781038511055,0.9464981965192371,-0.1733128222008028,0.00930646705877014,0.3978425065953526,0.11520127118644069,,False,,,0,0,0.375,0.898
WDC,Western Digital Corporation,Information Technology,XLK,162441707520.0,2026-09-16,416.9700012207031,0.012161398848294036,-0.1354192538025638,-0.15960577607407378,-0.14467135090286565,-0.2229577443323546,False,-0.14435337029765216,-0.2111316389856328,-0.1518839887270691,-0.23660636801608848,0.7157177122843997,1.2532156865777757,1.1096103777519681,0.5049733672710022,1.2532156865777757,2599881989.043767,0.17503645653727132,452.4469818115234,507.69832712809244,481.7223129272461,False,False,False,True,False,False,accumulation,1,2,normal,False,False,,False,55.0,,0.058065178133535046,38.85586055120757,True,False,False,False,False,True,False,,Uptrend Under Pressure,651.88,-0.3604,0.5743419192673304,0.9290615743084026,3.435555451285503,0.4754006696095432,0.9792210256224928,0.11302966101694917,,False,,,0,0,0.375,0.898
BBIO,"BridgeBio Pharma, Inc.",Health Care,XLV,14972807168.0,2026-09-16,68.30000305175781,-0.0013159283329989835,-0.10226075962213244,-0.17691009533984503,-0.16228318068436365,-0.1307182482919591,False,-0.16197174752766463,-0.11748831453134367,-0.16729425735443826,-0.14074779104459711,0.7574581838605431,2.2824719981070043,1.4747212079498855,0.1538677553954764,2.2824719981070043,158287175.67396012,0.5275938264202804,76.46350021362305,79.04433352152506,74.55587504704793,False,False,True,True,False,False,distribution,1,4,attention,False,False,,False,48.0,분산4일,0.03744613904621179,22.46520139331129,True,False,False,False,False,True,False,,Uptrend Under Pressure,90.17,-0.2425,0.5867878998236858,0.9549750185957814,0.313109171626748,-0.027494945578508068,0.7105661161504825,0.11297669491525424,,False,,,0,0,0.375,0.898
HEI,Heico Corporation,Industrials,XLI,46280663040.0,2026-09-16,299.42999267578125,0.00869121279844598,-0.04127181847513339,-0.1863536731881842,-0.17189457787594598,-0.17068200450202176,False,-0.1715867178930197,-0.15806029453817383,-0.11468759274317608,-0.09588347928919871,0.7991832330972884,0.7345413663680492,0.8532384295589465,0.24964753022942449,0.7345413663680492,174955087.68485412,0.48233954688457886,328.9885009765625,346.2426142374674,322.07642466227213,False,False,False,True,False,False,weak_rally,1,1,normal,False,False,,False,76.0,,0.028060481417751425,24.520465802716004,True,False,False,False,False,True,False,,Uptrend Under Pressure,344.94,-0.1319,0.3355914821631358,0.904562820667949,-0.02817683950663874,0.09762929780247864,0.578683459217231,0.11165254237288136,,False,,,0,0,0.375,0.898
AS,"Amer Sports, Inc.",Consumer Discretionary,XLY,17774661632.0,2026-09-16,27.1299991607666,0.01915846376614505,-0.02304649933191283,-0.19303985655285472,-0.1786995796502363,-0.20946534809894857,False,-0.17839424952362315,-0.1974338967777034,-0.14777743216589645,-0.15059233066880406,0.7364277700433399,1.135606053749745,0.884371410790788,0.462466155023335,1.135606053749745,247142912.8177229,0.2378372916864275,29.72549991607666,33.092166392008465,33.997166617711386,False,False,False,False,False,False,accumulation,1,3,normal,False,False,,False,111.0,분산3일,0.035877499061415914,32.12365486234624,True,False,False,False,False,True,False,,Uptrend Under Pressure,35.07,-0.2264,0.3334083840487891,0.8883820050871151,-0.2601040364487972,-0.16440796177560402,0.1936223844458097,0.1079449152542373,,False,,,0,0,0.375,0.898
AMKR,"Amkor Technology, Inc.",Information Technology,XLK,11751801856.0,2026-09-16,46.279998779296875,-0.002156151067601142,-0.09873417420604891,-0.1545374530386625,-0.1395129600290984,-0.29626004445018495,False,-0.139193061718622,-0.28554955503944035,-0.14676909646072867,-0.3086211248862213,0.6425327901862367,0.8119605408740705,0.9209002055569451,0.5174772084630039,0.8119605408740705,218074403.11281282,0.38461455300813135,48.68752727508545,58.91878185272217,63.47156187693278,False,False,False,True,False,False,dry_up,1,2,normal,False,False,,False,57.0,,0.05739567655667562,40.81917496885974,True,False,False,False,False,True,False,,Uptrend Under Pressure,85.46,-0.4585,0.4981128127694836,0.9290615743084026,1.0297671786461575,0.14362453297340338,0.9030356691120669,0.10646186440677967,,False,,,0,0,0.375,0.898
QXO,"QXO, Inc.",Industrials,XLI,13777875968.0,2026-09-16,11.270000457763672,-0.014860063711115368,-0.1132965834824059,-0.16518515127676503,-0.1503498757178392,-0.2671971418755882,False,-0.15003400618508822,-0.2560443329577361,-0.09165454450844601,-0.20110358867042177,0.6974010250110534,1.3042956179161733,1.2747256840435885,0.4421269368524474,1.3042956179161733,185656935.26202622,0.2432439398651795,13.072000074386597,14.398000033696492,16.582916688919067,False,False,False,False,False,False,distribution,0,4,normal,False,False,,False,55.0,분산4일,0.04414372549538235,28.906423747675717,True,False,False,False,False,True,False,,Uptrend Under Pressure,17.82,-0.3676,0.4607415041949516,0.904562820667949,-0.44291717682026643,-0.42126001485616316,0.03430125402045463,0.10582627118644068,,False,,,0,0,0.375,0.898
DKS,Dick's Sporting Goods Inc,Consumer Discretionary,XLY,12091793408.0,2026-09-16,123.6500015258789,-0.0005657912555250277,-0.06402294294202726,-0.34825654873957,-0.33667458693335484,-0.44529012713533245,False,-0.33642798626526904,-0.4368477839480528,-0.3117002343764399,-0.40397954835766436,0.5726301221467959,0.9653192737046133,0.6361761094891671,0.6120590888504388,0.9653192737046133,797162573.5029007,0.26023387899149164,141.42134590148925,188.03262875874836,201.26920426686604,False,False,False,False,False,False,dry_up,0,1,normal,False,False,,False,56.0,,0.042354707235468164,25.98345634917203,True,False,False,False,False,True,False,,Uptrend Under Pressure,236.92,-0.4781,0.2420713678666155,0.8883820050871151,-0.2526052783644104,-0.10024000244636211,0.2510742293375736,0.10534957627118645,,False,,,0,0,0.375,0.898
ULS,UL Solutions Inc.,Industrials,XLI,15045451776.0,2026-09-16,64.1500015258789,-0.009419403802185644,-0.11990668043565322,-0.15382808587001517,-0.13879098688268776,-0.279099691527651,False,-0.1384708201684134,-0.2681280320969125,-0.0792971472176347,-0.21407966279087876,0.6957698743599626,3.415288420606608,1.8119862219367653,0.3932692460684323,3.415288420606608,45040049.270879745,0.00856714359931123,72.78860206604004,82.17815437316895,87.77644437154134,False,False,False,False,False,False,distribution,1,3,attention,False,False,,False,56.0,분산3일,0.030270539749824722,16.995149592511254,False,False,False,False,False,True,False,,Uptrend Under Pressure,98.86,-0.3511,0.499558141882783,0.904562820667949,-0.02980715342346074,-0.22268408017713326,0.3273960102634527,0.10307203389830509,,False,,,0,0,0.375,0.898
FN,Fabrinet,Information Technology,XLK,14797290496.0,2026-09-16,392.67999267578125,0.0473980124299036,-0.06118056999077259,-0.18630722630884766,-0.171847305601308,-0.1688473890028549,False,-0.17153942804424027,-0.1561977573191704,-0.17883077967778271,-0.1834464524752858,0.6560192145820365,0.9094421839882959,0.8009633498374678,0.3707950180510973,0.9094421839882959,371878457.4289215,0.5696023906366731,414.48199768066405,477.56599782307944,561.6050839742024,False,False,False,False,False,False,weak_rally,0,1,normal,False,False,,False,21.0,,0.04753231454267053,39.67913945361853,True,False,False,False,False,True,False,,Uptrend Under Pressure,598.58,-0.344,0.5904517827749481,0.9290615743084026,0.41055609284792705,0.03377374123442589,0.7821473745076073,0.10090042372881357,,False,,,0,0,0.375,0.898
GNRC,Generac Holdlings Inc.,Industrials,XLI,10938599424.0,2026-09-16,175.11000061035156,0.000457074967792126,-0.060971661184505255,-0.17229153606010505,-0.15758254619991818,-0.26362301289145995,False,-0.15726936551541237,-0.252415807928115,-0.09938686064153068,-0.19720709892916,0.7400786110419822,1.2569312936955563,0.8883308283749454,0.4244084287200832,1.2569312936955563,181684060.31251448,0.2971249588670461,190.34949951171876,215.88866704305013,229.55266723632812,False,False,False,False,False,False,accumulation,2,1,normal,False,False,,False,61.0,,0.04513897520595232,33.60223481855593,True,False,False,False,False,True,False,,Uptrend Under Pressure,279.15,-0.3727,0.35563467486689077,0.904562820667949,0.00788404229847739,-0.06880868276440733,0.48821690578584076,0.09909957627118644,,False,,,0,0,0.375,0.898
TJX,"TJX Companies, Inc. (The)",Consumer Discretionary,XLY,147930972160.0,2026-09-16,122.83999633789062,-0.014125217959741865,-0.02600702772963026,-0.18568119743000933,-0.17121015172758047,-0.20711502708521567,False,-0.17090203729948716,-0.19504780532329724,-0.14000602557981912,-0.14806697559467286,0.7603824523188455,1.183198658667163,0.9430000352836369,0.1922608005189402,1.183198658667163,1161923203.0515656,0.01688295293229557,132.7875,147.5098533630371,152.42847086588543,False,False,False,False,False,False,distribution,1,4,normal,False,False,,False,56.0,분산4일,0.019555825098086007,15.459192008455787,True,False,False,False,False,True,False,,Uptrend Under Pressure,154.94,-0.2072,0.3621452576930979,0.8883820050871151,-0.08497708703849094,-0.15622026447696602,0.3400636044956814,0.08771186440677967,,False,,,0,0,0.375,0.898
CW,Curtiss-Wright Corporation,Industrials,XLI,21515423744.0,2026-09-16,570.0399780273438,0.01277427867687364,0.008313494443365377,-0.1805885088749578,-0.16602696234091863,-0.2625992597008745,False,-0.1657169209883621,-0.25137647384344997,-0.1084146319638003,-0.19609101055562483,0.7494904775864306,1.2569671325485499,0.9033148415788887,0.32055098544595867,1.2569671325485499,254429951.12216187,0.6028682605535982,590.0460052490234,686.3028361002604,705.9001495361329,False,False,False,False,False,False,accumulation,3,0,normal,False,False,,False,116.0,,0.02643423131573773,34.523102095248234,True,False,False,False,True,True,False,,Uptrend Under Pressure,680.89,-0.1628,0.4767374420246315,0.904562820667949,0.13688520482116062,-0.11488355715335519,0.5553928300386686,0.08463983050847458,,False,,,0,0,0.375,0.898
MTZ,"MasTec, Inc.",Industrials,XLI,19255519232.0,2026-09-16,225.6199951171875,0.013111801566948245,-0.0625727024135363,-0.19458825836392757,-0.1802754977034775,-0.3765556520331105,False,-0.17997075344684166,-0.3670672123979457,-0.12364748131449721,-0.32032545079143604,0.5864524703714471,0.9393005481682148,0.8014349846719943,0.41192039248451257,0.9393005481682148,337878135.66535646,0.11098916607861857,243.5534996032715,304.707332611084,340.0504990895589,False,False,False,False,False,False,weak_rally,2,1,normal,False,False,,False,94.0,,0.045496856226019684,35.18124370133245,True,False,False,False,False,True,False,,Uptrend Under Pressure,417.41,-0.4595,0.656853286174162,0.904562820667949,0.32415789114434723,-0.1426510568593471,0.6158911857178996,0.07595338983050848,,False,,,0,0,0.375,0.898
GRAB,Grab Holdings Limited,Information Technology,XLK,14483208192.0,2026-09-16,2.869999885559082,-0.013745772883779095,-0.0559210784299885,-0.1681159866980403,-0.15333279424611612,-0.275860252590017,False,-0.15301803365580469,-0.2648392908905005,-0.1604723936494321,-0.28857965212684245,0.7284263563142618,1.7532747304805283,1.4558116507691496,0.3713886672996182,1.7532747304805283,155091872.02673522,0.14285689957306077,3.349499988555908,3.541166663169861,3.593916662534078,False,False,False,False,False,False,distribution,2,6,interest,False,False,,False,61.0,분산6일,0.045545047204507035,25.21776940428377,True,False,False,False,False,True,False,,Uptrend Under Pressure,3.57,-0.1961,0.32030125688620376,0.9290615743084026,-0.5067384638003201,-0.19491367267031812,0.0861226554876947,0.07590042372881356,,False,,,0,0,0.375,0.898
ARWR,"Arrowhead Pharmaceuticals, Inc.",Health Care,XLV,11637955584.0,2026-09-16,65.79000091552734,-0.06905330946453025,-0.20380003506770106,-0.2515358387547023,-0.23823507859808069,-0.2498925466575248,False,-0.2379518816409888,-0.2384763724406318,-0.2427918241924173,-0.2585470879010151,0.734345391280059,3.053208153782828,1.5751263939070501,0.4144373836280277,3.053208153782828,133939939.57672462,0.17366033922119217,83.80149993896484,83.16508331298829,77.73770844141642,False,False,True,True,True,False,distribution,3,5,attention,False,False,,False,39.0,분산5일,0.06613496979064301,21.371336041534022,True,False,False,False,False,True,False,,Uptrend Under Pressure,88.7,-0.2583,0.38070839615850094,0.9549750185957814,1.6173301394206052,0.3305096419553166,0.9598803801814173,0.07574152542372882,,False,,,0,0,0.375,0.898
BURL,"Burlington Stores, Inc.",Consumer Discretionary,XLY,16316875776.0,2026-09-16,230.7100067138672,0.015091552063501545,-0.035412602313252384,-0.31529901066715893,-0.30313136910237715,-0.2763184013360842,False,-0.30287229826540607,-0.26530441237877833,-0.2768941067707087,-0.22242409161852827,0.6198715849445413,0.9808095028111626,0.7398319535332161,0.41192053139515294,0.9808095028111626,479242042.3125351,0.1122922464932551,274.2430000305176,320.9865013122559,321.48550173441566,False,False,False,False,False,False,weak_rally,1,3,normal,False,False,,False,26.0,분산3일,0.05011548849953973,19.862869032919676,True,False,False,False,False,True,False,,Uptrend Under Pressure,371.5,-0.379,0.2952090341126356,0.8883820050871151,0.05493652363188062,-0.05723885670713835,0.5395160998879693,0.07155720338983051,,False,,,0,0,0.375,0.898
AMAT,"Applied Materials, Inc.",Information Technology,XLK,363777130496.0,2026-09-16,415.3800048828125,-0.013747437757496761,-0.11404500485150404,-0.1915226600071135,-0.1771554214029064,-0.2563968213456713,False,-0.17684951721347586,-0.24507963819021028,-0.18409413430267296,-0.2694580929579349,0.6901645867847043,0.9017856630173451,0.9318492983395137,0.3206926645176337,0.9017856630173451,2800740771.8910155,0.20124800040626667,460.72050323486326,526.9530731201172,480.2461822509766,False,False,False,True,False,False,dry_up,0,1,normal,False,False,,False,52.0,,0.041593578946975115,33.03310727045128,True,False,False,False,False,True,False,,Uptrend Under Pressure,602.4,-0.3105,0.5673410434274267,0.9290615743084026,1.6612217086969827,0.31318460672669723,0.960312240251527,0.06980932203389831,,False,,,0,0,0.375,0.898
CRDO,Credo Technology Group Holding ,Information Technology,XLK,42508943360.0,2026-09-16,161.49000549316406,0.07380813982688039,-0.03829200063063365,-0.3434565000133376,-0.3317892378010997,-0.3501127434504674,False,-0.33154082093490633,-0.3402218590057815,-0.3374239867634582,-0.3615279097902663,0.5709992267556779,1.1595939667743822,1.0187406697305517,0.42975019321967767,1.1595939667743822,1371251657.0799491,0.7413358338997873,194.95100173950195,224.01150029500326,204.16512514750164,False,False,False,True,False,False,accumulation,2,4,normal,False,False,,False,66.0,분산4일,0.08601683608210334,36.18197796841829,True,False,False,False,False,True,False,,Uptrend Under Pressure,264.76,-0.3901,0.34093174548352084,0.9290615743084026,0.4590892369514026,1.3470209500239885,0.9304931155361208,0.06827330508474577,,False,,,0,0,0.375,0.898
COO,"The Cooper Companies, Inc.",Health Care,XLV,13669695488.0,2026-09-16,54.61000061035156,0.02515487405806094,-0.1397290327008135,-0.2791710787949464,-0.26636141723552986,-0.24675411812731174,False,-0.26608867664534686,-0.23529017895793303,-0.2707499159520306,-0.2554448697284428,0.7108825934300406,1.4646972345885265,2.2176259876700883,0.3384901699642511,1.4646972345885265,220654925.8600014,0.577406205009848,67.17200031280518,70.65383319854736,67.95658321380616,False,False,False,False,False,False,accumulation,3,6,normal,False,False,,False,70.0,분산6일,0.05010202197014926,20.470597055590133,True,False,False,False,False,True,False,,Uptrend Under Pressure,67.34,-0.189,0.15761760656781376,0.9549750185957814,-0.029727258514619992,-0.09988795557183694,0.4271882114849481,0.0680614406779661,,False,,,0,0,0.375,0.898
NIO,NIO Inc.,Consumer Discretionary,XLY,10598971392.0,2026-09-16,3.5799999237060547,-0.005555550404536702,-0.03243246552193535,-0.2097130777268742,-0.19566909626144147,-0.2725615549865703,False,-0.19537007479427493,-0.26149038913781897,-0.16538585493420088,-0.2183874638829797,0.7117295774113811,0.5865970348589395,0.8615899127600843,0.24884997254165006,0.5865970348589395,163980591.54984134,0.235293787656094,4.053499984741211,4.541500004132589,5.221000003814697,False,False,False,False,False,False,dry_up,0,5,normal,False,False,,False,126.0,분산5일,0.04020350500816027,24.755579993066448,True,False,False,False,False,True,False,,Uptrend Under Pressure,5.96,-0.3993,0.3003283869281384,0.8883820050871151,-0.40038051558162124,-0.3334968465139986,0.05853510895883776,0.06631355932203391,,False,,,0,0,0.375,0.898
CASY,"Caseys General Stores, Inc.",Consumer Staples,XLP,27835465728.0,2026-09-16,589.0,0.003167873599410953,-0.06363770795111368,-0.3111111111111111,-0.2988690474825363,-0.2712057093474758,False,-0.29860839206680745,-0.2601139083617745,-0.292510367490074,-0.25153148445153195,0.673455203937708,1.2200078960095047,1.310941291806222,0.293323419028975,1.2200078960095047,412105933.6272095,0.17834001607023406,734.7985015869141,802.3444519042969,801.0966115315755,False,False,False,False,False,False,accumulation,3,7,normal,False,False,,False,67.0,분산7일,0.05722531455828963,18.887939499975047,True,False,False,False,False,True,False,,Uptrend Under Pressure,914.91,-0.3562,0.21369152652962656,0.9374568435182988,0.3309870833379893,0.08761109118318666,0.7976952405044992,0.061493644067796616,,False,,,0,0,0.375,0.898
CRS,Carpenter Technology Corporatio,Industrials,XLI,23610693632.0,2026-09-16,411.79998779296875,-0.008475439345983937,-0.10175596721981506,-0.2255570175272461,-0.21179459455737315,-0.308022528413572,False,-0.21150156797382602,-0.2974910567762825,-0.15734397304704761,-0.24561113177664817,0.6824242156972121,0.973443618806222,0.7952552708742012,0.22162467752127382,0.973443618806222,368242122.78105164,0.17649016056281205,465.6852401733398,535.1592453002929,493.7028648376465,False,False,False,True,False,False,dry_up,0,2,normal,False,False,,False,55.0,,0.03963349622009092,23.91924878932356,True,False,False,False,False,True,False,,Uptrend Under Pressure,606.78,-0.3213,0.431677770426891,0.904562820667949,0.9043228210355392,0.22842354952119148,0.9311933070723862,0.059798728813559326,,False,,,0,0,0.375,0.898
IONS,"Ionis Pharmaceuticals, Inc.",Health Care,XLV,10030885888.0,2026-09-16,44.84000015258789,-0.05100528777591762,-0.199571585394844,-0.24790337209134927,-0.23453806032308355,-0.4849647905635003,False,-0.2342534889468023,-0.47712627135860375,-0.23911692083931224,-0.4909071304803426,0.530902209787395,2.215111346660155,1.4897433327832985,0.21843307866519152,2.215111346660155,191257477.88026753,0.061433544855887784,57.78300018310547,60.979499944051106,67.88791637420654,False,False,False,False,False,False,distribution,0,8,attention,False,False,,False,56.0,분산8일,0.05572193102969517,21.496923492333025,True,False,False,False,False,True,False,,Uptrend Under Pressure,81.18,-0.4476,0.5011321069777981,0.9549750185957814,-0.18821448427736998,-0.3000096153381343,0.17299338657800584,0.05132415254237288,,False,,,0,0,0.375,0.898
