ticker,name,sector,sector_etf,market_cap,date,close,daily_return,return_5d,return_20d,rs_spy_20d,rs_spy_50d,rs_spy_near_high,rs_qqq_20d,rs_qqq_50d,rs_sector_20d,rs_sector_50d,close_to_50d_high,volume_ratio,volume_trend,updown_vol_ratio_20d,capped_volume_ratio,avg_dollar_volume_20d,close_position,ma20,ma60,ma120,above_ma20,above_ma60,ma60_rising,ma120_rising,ma_aligned,golden_cross_recent,vp_signal,accumulation_days_10d,distribution_days_10d,volume_strength,surge_today,sustained_accumulation,signal_type,triggered_today,days_since_trigger,warnings,atr_ratio,rsi_14,liquidity_ok,rs_positive,rs_sector_positive,near_50d_high,volume_quality,not_overheated,passed_hard_filters,grade,market_state,trigger_price,ext_from_trigger,base_stability,sector_etf_to_52w_high,mom_12_1,mom_6_1,score_3m,score,next_earnings_date,earnings_within_20d,verdict,verdict_reason,top_pick_rank,regime_trend,regime_breadth,regime_vix_ratio
TXG,"10x Genomics, Inc.",Health Care,XLV,11773110272.0,2026-10-01,88.76000213623047,-0.017706932971598532,0.05528476390602499,0.4397404694138014,0.4383735615321971,0.8409915506901573,True,0.3746863911157625,0.7913833438496805,0.4925016912176443,0.8027593917172564,0.9822930670284015,1.0557608042095579,1.1187636755343937,2.4976093577081353,1.0557608042095579,238775588.79665795,0.3257755338499643,76.3689998626709,60.65966669718424,44.16958341598511,True,True,True,True,True,False,distribution,6,3,normal,False,True,acc,True,0.0,분산3일,0.06606812742660315,73.37971405180014,True,True,True,True,False,True,True,A,Uptrend Under Pressure,88.76,0.0,0.403057915515973,0.9496588726121497,3.4501091896015366,1.333733599472331,0.9970176357919843,0.9907309322033897,2026-11-06,False,진입 검토,acc D+0,4,1,0.279,0.882
VICR,Vicor Corporation,Industrials,XLI,13322079232.0,2026-10-01,308.5899963378906,0.06800717702793402,0.1178366987864381,0.6993777331416804,0.6977643223453582,0.38553116397952225,True,0.622592052348284,0.34819600264167905,0.736429487309747,0.501705879458404,1.0,1.5985254574355598,0.9038194906412149,2.5963043991500747,1.5985254574355598,219974156.3594696,0.1061030269241163,230.94549942016602,222.6703328450521,254.57250010172527,True,True,False,True,False,False,accumulation,5,0,interest,True,False,surge,True,0.0,"과열,어닝스20일내",0.06582705734482898,75.1588912136868,True,True,True,True,True,False,True,B,Uptrend Under Pressure,308.59,0.0,0.29844528840473616,0.9066175754014075,2.06998023057704,-0.0453487664283071,0.8054759495500705,0.9860169491525423,2026-10-20,True,대기,과열 + 당일 저가권 마감 — 단기 소화 후 재평가,0,1,0.279,0.882
TWLO,Twilio Inc.,Information Technology,XLK,44914606080.0,2026-10-01,301.2699890136719,0.030123770142922224,0.005372706840709673,0.3286438324748484,0.32738240115091366,0.6032380210146009,True,0.2686096098185822,0.5600364303656955,0.23176120002985523,0.49545241893079606,1.0,0.9721477612279151,1.2482729160333876,2.418460254814187,0.9721477612279151,689778229.6269684,0.749250561663321,258.81300048828126,230.4790003458659,208.14733320871989,True,True,True,True,True,False,weak_rally,7,2,normal,False,True,acc,True,0.0,,0.05190433332433725,69.87544327959297,True,True,True,True,False,True,True,A,Uptrend Under Pressure,301.27,0.0,0.4053454844825082,1.0,0.9813409947404901,0.5036515184007522,0.9661956561020564,0.9840042372881356,2026-10-30,False,진입 검토,acc D+0,5,1,0.279,0.882
FRO,Frontline Plc,Energy,XLE,10968630272.0,2026-10-01,51.540000915527344,0.0460726697112499,0.07442150519027835,0.21118403129540786,0.21003411779806402,0.41424676500375157,True,0.15645718122825203,0.3761378198456493,0.2501144462913649,0.3602271137738513,1.0,0.8641720945128483,0.7491703326153438,3.0295120874500734,0.8641720945128483,190382631.79861298,0.968128259022677,47.596924781799316,40.99872595469157,37.280999739964805,True,True,True,True,True,False,weak_rally,2,3,normal,False,False,acc,False,4.0,분산3일,0.03698356382822362,72.9100304599619,True,True,True,True,False,True,True,A,Uptrend Under Pressure,47.73,0.0798,0.36414417872052013,0.9566614457922488,0.8159991080720943,0.13924892183244664,0.9114777203570524,0.9774894067796611,,False,스킵,acc D+4 관찰 종료 — 신호 재발생 전까지 관망,0,1,0.279,0.882
NTRA,"Natera, Inc.",Health Care,XLV,59576229888.0,2026-10-01,408.4700012207031,-0.01171032969558028,-0.0007828159141115565,0.25619298044571903,0.25500033488058693,0.5086503172867212,True,0.19943241960614233,0.4679975304980726,0.30222785817386444,0.4773199405973767,0.9854048346200038,1.1639822130267472,1.12721075048596,2.0273689945070834,1.1639822130267472,601835731.0673294,0.060898387730272924,368.0365020751953,318.6299184163411,269.17129275004066,True,True,True,True,True,False,distribution,6,4,normal,False,True,acc,True,0.0,분산4일,0.0361768405535022,77.62807117807412,True,True,True,True,False,True,True,A,Uptrend Under Pressure,408.47,0.0,0.5882917301272955,0.9496588726121497,0.7282794867979592,0.35421782964150084,0.9427929962776915,0.9750000000000001,2026-11-06,False,진입 검토,acc D+0,0,1,0.279,0.882
FORM,"FormFactor, Inc.",Information Technology,XLK,11639426048.0,2026-10-01,148.44000244140625,-0.005826770687917815,0.15034105831248712,0.5369641709167612,0.5355049576185305,0.27752765989302786,True,0.4675170798331789,0.2431028107552653,0.4248911448638055,0.19163954708920206,0.9941732293120822,0.9781212690572257,1.1419807767097812,3.439486268992144,0.9781212690572257,148865530.78193817,0.727862347617745,119.57049980163575,114.20133361816406,124.23724950154623,True,True,False,True,False,False,dry_up,6,0,normal,False,True,acc,True,0.0,어닝스20일내,0.04959674302365791,72.4680100245453,True,True,True,True,True,True,True,B,Uptrend Under Pressure,148.44,0.0,0.5080158280721284,1.0,1.2721274969259637,-0.18882774059079666,0.6630542806548372,0.974364406779661,2026-10-29,True,진입 검토,acc D+0 · 클러스터 대표(12종목 중) · 어닝스 2026-10-29 갭 주의 — 발표 전 매집은 선취 거래 해석 · 동일 베팅 대기: LITE,1,1,0.279,0.882
DT,"Dynatrace, Inc.",Information Technology,XLK,16686982144.0,2026-10-01,59.2599983215332,0.02632484584137562,0.009884083390270026,0.1649302057364439,0.16382420620835636,0.39821903546370785,True,0.11229331566792711,0.36054198089299394,0.07998531517370466,0.30421684826063844,1.0,0.7604352249752421,0.850830003777882,2.1271536610674846,0.7604352249752421,383120859.40059584,0.8608694209941452,55.190999794006345,49.95999984741211,44.87383317947388,True,True,True,True,True,False,weak_rally,4,2,normal,False,False,acc,False,2.0,,0.03012269684151573,70.20273842102864,True,True,True,True,False,True,True,A,Uptrend Under Pressure,57.53,0.0301,0.4927394584327965,1.0,-0.05373651807896218,0.23335167546496227,0.6294414730222977,0.9495762711864407,,False,진입 검토,acc D+2,0,1,0.279,0.882
SNPS,"Synopsys, Inc.",Information Technology,XLK,83350437888.0,2026-10-01,490.5400085449219,0.127833737507292,0.15445624795174706,0.17926775273550022,0.17814814095825215,0.2677250624233809,True,0.12598302652922566,0.23356435859506686,0.09327739064598983,0.1824959776967352,1.0,2.795661427651827,1.4284434455197124,2.442001827875095,2.795661427651827,936249641.3134155,0.8165950951851224,405.8345016479492,406.4051671346029,441.2330006917318,True,True,False,True,False,False,accumulation,5,0,attention,True,False,surge,True,0.0,,0.03856538465520727,74.40569186618949,True,True,True,True,True,True,True,B,Uptrend Under Pressure,490.54,0.0,0.27962996901421966,1.0,-0.27079767694532353,-0.10296969344145013,0.23825665859564166,0.9448622881355931,,False,진입 검토,surge D+0,0,1,0.279,0.882
IBRX,"ImmunityBio, Inc.",Health Care,XLV,10004853760.0,2026-10-01,9.279999732971191,-0.016949137131806236,0.07407400048809576,0.16729559190127752,0.16618734664553236,0.2058745389511265,True,0.11455182283613508,0.17338048783528848,0.21007270551539103,0.18083195412379838,0.9830508628681938,1.052635231030575,1.0995086639423832,1.7446435590481255,1.052635231030575,100350546.47023797,0.6363638990838945,8.456499934196472,7.928916605313619,7.833333285649617,True,True,True,True,True,False,distribution,4,3,normal,False,False,surge,False,1.0,분산3일,0.06714900552363305,61.88511824000679,True,True,True,True,False,True,True,A,Uptrend Under Pressure,9.44,-0.0169,0.27402908398511266,0.9496588726121497,1.7747145837407419,-0.05435109941817362,0.7976247696143977,0.9384533898305083,2026-11-03,False,진입 검토,surge D+1,0,1,0.279,0.882
WBD,"Warner Bros. Discovery, Inc. - ",Communication Services,XLC,77595885568.0,2026-10-01,30.950000762939453,0.0,0.003566816141611806,0.09017264629545729,0.08913762254347657,0.16840719379186342,True,0.04091364566504474,0.13692275502743856,0.11110251799673465,0.1853266019583948,1.0,0.9059283160641728,1.046668617001756,2.2885474348577572,0.9059283160641728,1466208112.3035207,0.6667090539165819,29.343500232696535,27.882833449045815,27.415416717529297,True,True,True,True,True,False,dry_up,5,3,normal,False,False,surge+acc,False,1.0,분산3일,0.01280868431790054,75.38007542067707,True,True,True,True,False,True,True,A,Uptrend Under Pressure,30.95,0.0,0.13600469326140194,0.9239023508895683,0.2576786553738515,-0.11616355098834907,0.6148973654728778,0.9261652542372882,,False,진입 검토,surge+acc D+1,0,1,0.279,0.882
LITE,Lumentum Holdings Inc.,Information Technology,XLK,87122026496.0,2026-10-01,1045.780029296875,0.07672509810141626,0.12565664990801428,0.2012451569847491,0.20010467958086675,0.23002336051144368,True,0.14696739084718735,0.19687858411961545,0.11365223691398607,0.14732895908627697,1.0,1.5493594457300734,1.0710946339841168,1.3973614837395847,1.5493594457300734,4519540144.877197,0.7120668184012089,929.8240020751953,858.2347524007162,871.6723754882812,True,True,True,True,False,False,accumulation,4,1,interest,True,False,surge,True,0.0,,0.062099921776524986,63.71289954520666,True,True,True,True,True,True,True,A,Uptrend Under Pressure,1045.78,0.0,0.44484345543529474,1.0,3.631900646240406,-0.025042944459516603,0.8294369556575476,0.9212923728813559,2026-11-06,False,진입 검토,surge D+0 · 클러스터 대표(12종목 중),0,1,0.279,0.882
TWST,Twist Bioscience Corporation,Health Care,XLV,12812039168.0,2026-10-01,188.0500030517578,-0.026857805288097336,0.02184428788309689,0.4354962065019681,0.4341333281774604,0.9479170422598957,False,0.37063390347013137,0.8954275718414715,0.4881018915951034,0.9074643449089572,0.9731421947119027,1.1821674795743147,1.2970755355898589,1.47545699109319,1.1821674795743147,362809127.98337555,0.035404976457509466,155.11800231933594,126.86483421325684,98.1594170252482,True,True,True,True,True,False,distribution,4,6,normal,False,False,surge,False,2.0,분산6일,0.06730731323545615,70.4650605606648,True,True,True,True,False,True,True,A,Uptrend Under Pressure,186.13,0.0103,0.42366780014441213,0.9496588726121497,3.070295181732611,1.2870132157120504,0.9955305193162516,0.9191207627118644,2026-11-16,False,진입 검토,surge D+2,0,1,0.279,0.882
AMD,"Advanced Micro Devices, Inc.",Information Technology,XLK,998682918912.0,2026-10-01,615.72998046875,0.006489425002863314,-0.021501492367065222,0.3471535110438433,0.34587450639606354,0.0878919575299908,True,0.2862829362085004,0.058577119431463265,0.24892118175636746,0.014753042342405376,0.9763727949848638,0.7416134669287447,0.7994395162077667,3.0536651578394705,0.7416134669287447,12580778705.7659,0.8003350405756107,557.6020034790039,514.9298360188802,478.13758455912273,True,True,True,True,True,False,weak_rally,4,1,normal,False,False,acc,False,2.0,,0.04169614499884163,66.96298915286931,True,True,True,True,True,True,True,A,Uptrend Under Pressure,607.57,0.0134,0.4063992740270423,1.0,1.4638627011011032,0.8758126874753358,0.9855363015431318,0.9122881355932204,2026-11-04,False,스킵,상관 클러스터 중복 — 대표: FORM·LITE,0,1,0.279,0.882
ACN,Accenture plc,Information Technology,XLK,112211812352.0,2026-10-01,212.3000030517578,0.15776849378264868,0.19666308928158904,0.13118079356763324,0.13010683615996443,0.47889380080280164,True,0.0800688567447776,0.43904284682214856,0.048696857411534955,0.37946785365824764,1.0,4.36434960361102,1.6972679672700457,1.2526423895920473,4.36434960361102,1258531817.3637238,0.07645811602583434,185.0114990234375,172.37866592407227,169.30872135162355,True,True,True,False,True,False,accumulation,4,3,attention,True,False,surge,True,0.0,"분산3일,어닝스20일내",0.04677008218995008,70.00914144020793,True,True,True,True,False,True,True,A,Uptrend Under Pressure,212.3,0.0,0.21614665923618567,1.0,-0.324835395440608,-0.16424505552165458,0.1512052329153265,0.9060381355932203,2026-10-01,True,진입 검토,surge D+0 · 어닝스 2026-10-01 갭 주의,0,1,0.279,0.882
MU,"Micron Technology, Inc.",Information Technology,XLK,1202927960064.0,2026-10-01,1097.3900146484375,0.03030675680523287,0.015603439880827352,0.1478014340146121,0.14671169675987605,0.11614135173797702,True,0.0959385004197888,0.0860652924429357,0.06410554672453284,0.041103231364823634,1.0,1.710802812643564,1.0607348331855917,2.1573316981485,1.710802812643564,26769222635.518852,0.9801314504523027,1019.1649993896484,950.1810017903646,880.3214421590169,True,True,True,True,True,False,accumulation,5,0,interest,True,False,surge,True,0.0,,0.04088793588137234,63.52153926643471,True,True,True,True,True,True,True,A,Uptrend Under Pressure,1097.39,0.0,0.5341606634452053,1.0,3.8463389549269804,1.1773881009274012,0.9961783094214158,0.8885063559322033,2026-12-24,False,스킵,상관 클러스터 중복 — 대표: FORM·LITE,0,1,0.279,0.882
GME,GameStop Corporation,Consumer Discretionary,XLY,12435949568.0,2026-10-01,24.110000610351562,-0.02190665381482504,-0.03637089651330272,0.2709542162913319,0.2697475562214693,0.08927509611315787,False,0.2135266751085083,0.059922987324877885,0.3386728512764361,0.16707891506151062,0.9636291034866973,1.045625384258898,1.0875408132849684,2.1668021069298162,1.045625384258898,227781730.84392053,0.1811597808479702,22.251999950408937,20.70083335240682,21.780000066757204,True,True,True,True,False,False,distribution,5,3,normal,False,False,acc,False,1.0,분산3일,0.04118031368532611,64.85967313013055,True,True,True,True,False,True,True,A,Uptrend Under Pressure,24.65,-0.0219,0.31173522295534445,0.8792679914183797,-0.40196980707139063,-0.2909613315275028,0.05910971775505042,0.8846398305084746,2026-12-08,False,스킵,단기 이벤트성(3M 0.06) + 분산 매물,0,1,0.279,0.882
RVTY,"Revvity, Inc.",Health Care,XLV,17060444160.0,2026-10-01,149.05999755859375,-0.025050702114882695,-0.010751229067771817,0.13838395279773974,0.13730315661924175,0.31593899940085857,False,0.08694654420097536,0.2804791006048779,0.18010156059406124,0.288610688738665,0.9749492978851173,1.0886091405567144,1.05019398360467,1.2662246046158174,1.0886091405567144,324117278.3880218,0.10460253717335649,139.90799980163575,124.3383285522461,111.3741574605306,True,True,True,True,True,False,distribution,3,4,normal,False,False,surge,False,1.0,"분산4일,어닝스20일내",0.03767898169992349,66.58185637481813,True,True,True,True,False,True,True,A,Uptrend Under Pressure,152.89,-0.0251,0.27724962583959384,0.9496588726121497,0.2561032256477942,0.23702093583547668,0.8418000795056195,0.8772775423728814,2026-10-26,True,진입 검토,surge D+1 · 어닝스 2026-10-26 갭 주의,0,1,0.279,0.882
SAIL,"SailPoint, Inc.",Information Technology,XLK,11623760896.0,2026-10-01,20.579999923706055,0.010805466933170749,-0.06962029191228158,0.12397599803244108,0.122908880949131,0.358829774818926,False,0.0731896069192639,0.3222141214201115,0.042017424310289764,0.26747572539613884,0.9303797080877184,1.5308074042124187,0.8759840037204248,1.5890298088912167,1.5308074042124187,111287970.24253578,0.6900005340576172,19.83699998855591,18.123250007629395,16.02945833206177,True,True,True,True,True,False,accumulation,5,2,interest,True,False,surge,True,0.0,,0.06124182563213626,55.61116621609583,True,True,True,True,False,True,True,A,Uptrend Under Pressure,20.58,0.0,0.3200237302512291,1.0,-0.24463142903814494,0.2348841787522875,0.4639776300097575,0.8615466101694915,,False,진입 검토,surge D+0,0,1,0.279,0.882
A,"Agilent Technologies, Inc.",Health Care,XLV,48579162112.0,2026-10-01,166.67999267578125,-0.032673698349383495,-0.035639920114711066,0.10099737993114943,0.09995207903961689,0.2187831527706261,False,0.05124926818352393,0.18594126019720947,0.1413449065875676,0.19347249274464628,0.9513154859241791,1.1007781406543653,0.9839633340842034,1.236290990133851,1.1007781406543653,395535333.64915466,0.09187116272881066,158.77199935913086,148.90849990844725,136.04424476623535,True,True,True,True,True,False,distribution,4,4,normal,False,False,acc,False,2.0,분산4일,0.031039806823481345,59.95007571046838,True,True,True,True,False,True,True,A,Uptrend Under Pressure,175.03,-0.0477,0.2800809856251141,0.9496588726121497,0.019227702894469845,0.1251729166752329,0.6699188681290883,0.8558792372881356,2026-11-26,False,진입 검토,acc D+2,0,1,0.279,0.882
WAT,Waters Corporation,Health Care,XLV,43141885952.0,2026-10-01,425.5299987792969,-0.031543766146416075,-0.011085264115710092,0.03233863701481532,0.03135852160554653,0.11985330486399359,False,-0.014307157799715586,0.08967722156917413,0.07017007188890223,0.09659713643571455,0.9600008785008535,1.1563056285989604,1.072257033331428,2.037851026693107,1.1563056285989604,295081569.742746,0.06226462178082725,421.14600372314453,403.1258356730143,375.37250188191734,True,True,True,True,True,False,distribution,5,3,normal,False,False,acc,False,1.0,분산3일,0.02689419273449256,53.37929665437445,True,True,True,True,False,True,True,A,Uptrend Under Pressure,439.39,-0.0315,0.38388251067126733,0.9496588726121497,0.17405228766753345,0.16103747981212746,0.7790195511546385,0.8291843220338984,2026-11-03,False,진입 검토,acc D+1,0,1,0.279,0.882
TSM,Taiwan Semiconductor Manufactur,Information Technology,XLK,2366017634304.0,2026-10-01,459.20001220703125,0.006598149344607007,0.017843330199388108,0.10813940917361897,0.10708732754884354,0.06674559098214505,True,0.05806858778532065,0.03800057262300549,0.027335614768610794,-0.004971655170419642,1.0,0.8114345180258895,0.8492710755854614,2.0221492352019044,0.8114345180258895,4392422161.168594,0.8258755846380185,437.87538146972656,422.0459630330404,417.54848810831703,True,True,True,True,True,False,weak_rally,4,1,normal,False,False,acc,False,2.0,어닝스20일내,0.021883513561162603,66.09864292174592,True,True,True,True,True,True,True,A,Uptrend Under Pressure,456.94,0.0049,0.44878362643562014,1.0,0.29578337092542917,0.04253736344072845,0.7851261248238228,0.8267478813559321,2026-10-15,True,스킵,상관 클러스터 중복 — 대표: FORM·LITE,0,1,0.279,0.882
GMAB,Genmab A/S,Health Care,XLV,22263287808.0,2026-10-01,34.54999923706055,-0.03153468883136812,-0.008039120851968673,0.009791000525461557,0.008832292128556407,0.16868193484295557,False,-0.035835988649597916,0.1371900927795393,0.046796146998798305,0.14441173463213808,0.9684653111686319,2.480576154376453,1.691131362554404,2.1818427573275962,2.480576154376453,88949243.20336819,0.027237238574460823,34.28600025177002,31.936000124613443,29.26450006167094,True,True,True,True,True,False,distribution,7,2,attention,False,True,acc,True,0.0,,0.02407484125472549,54.938832302504686,True,True,True,True,False,True,True,A,Uptrend Under Pressure,34.55,0.0,0.36696700176108016,0.9496588726121497,-0.0585901573707428,0.04925028725252312,0.5609889414910918,0.8242055084745763,2026-11-06,False,진입 검토,acc D+0,0,1,0.279,0.882
UTHR,United Therapeutics Corporation,Health Care,XLV,23242037248.0,2026-10-01,571.3800048828125,0.054420619382527846,0.21001252667727277,0.16129429218562796,0.1601917446400296,0.05791517508174593,True,0.10882168936876835,0.029408105179409505,0.20385148011720666,0.03594528546524711,1.0,1.8607629568375486,1.4452156868482777,0.8711895841910251,1.8607629568375486,463761312.71810913,0.5049539814238875,499.25450134277344,514.8940017700195,538.2575838724772,True,True,False,False,False,False,accumulation,2,2,interest,True,False,surge,True,0.0,어닝스20일내,0.03303780777876782,72.04191098992027,True,True,True,True,False,True,True,B,Uptrend Under Pressure,571.38,0.0,0.1469604469782422,0.9496588726121497,0.060743568653895075,-0.22867716809007088,0.41631672147735893,0.8217690677966101,2026-10-28,True,진입 검토,surge D+0 · 어닝스 2026-10-28 갭 주의,0,1,0.279,0.882
VIAV,Viavi Solutions Inc.,Information Technology,XLK,10343751680.0,2026-10-01,44.779998779296875,0.06822520837966728,0.2027934281464414,0.29797097911005443,0.2967386689825482,0.034311792233530536,False,0.23932269666093542,0.006440749964254477,0.2033249632104035,-0.035224931451277364,0.968006926157898,1.2494244429753518,1.1719543727157944,4.613353316863037,1.2494244429753518,219497016.9940811,0.8686486706228592,37.55250015258789,38.63833351135254,43.56858339309692,True,True,False,True,False,False,accumulation,8,0,normal,False,True,acc,True,0.0,어닝스20일내,0.05523034000921194,68.78533570966724,True,True,True,True,True,True,True,B,Uptrend Under Pressure,44.78,0.0,0.373141224383068,1.0,1.3791462370089786,-0.15397588169023257,0.6942105453362727,0.814459745762712,2026-10-29,True,스킵,상관 클러스터 중복 — 대표: FORM·LITE,0,1,0.279,0.882
MTD,"Mettler-Toledo International, I",Health Care,XLV,30274238464.0,2026-10-01,1481.1700439453125,-0.019709393553019816,-0.025000809570074445,0.08293246853994529,0.0819043187046522,0.12406604067628946,False,0.03400061235021834,0.09377643906061617,0.12261798227318299,0.10072238570564918,0.9585248013827568,0.780644354211403,0.731670198547179,0.9823371363898248,0.780644354211403,300302197.89331055,0.16384056435089323,1410.4054870605469,1388.1245015462239,1295.297831217448,True,True,True,True,True,False,dry_up,3,1,normal,False,False,acc,False,3.0,,0.03162903479982008,58.800543259630146,True,True,True,True,True,True,True,A,Uptrend Under Pressure,1545.26,-0.0415,0.25617303487390813,0.9496588726121497,-0.02787057498270129,-0.07344179273090246,0.4742952910989845,0.8085805084745763,2026-11-06,False,스킵,acc D+3 관찰 종료 — 신호 재발생 전까지 관망,0,1,0.279,0.882
CDNS,"Cadence Design Systems, Inc.",Information Technology,XLK,91070308352.0,2026-10-01,350.7300109863281,0.06220663373527424,0.08922363660350352,0.1436723371356825,0.14258652009794925,0.015603620707037358,True,0.09199597507744395,-0.011763302549663512,0.06027753713888173,-0.05267535365705889,1.0,1.1683982499400827,0.9674451558784869,2.054435107731995,1.1683982499400827,845212211.7478135,0.7497095677444339,301.20250244140624,325.1921676635742,342.9696673075358,True,True,False,True,False,False,accumulation,6,0,normal,False,True,acc,True,0.0,어닝스20일내,0.03291705245433175,70.6026652440151,True,True,True,True,True,True,True,B,Uptrend Under Pressure,350.73,0.0,0.2953702370433435,1.0,-0.22705277511031408,-0.041481253071673496,0.3222931950417404,0.8067266949152542,2026-10-27,True,진입 검토,acc D+0 · 어닝스 2026-10-27 갭 주의 — 발표 전 매집은 선취 거래 해석,2,1,0.279,0.882
RKLB,Rocket Lab Corporation,Industrials,XLI,44554158080.0,2026-10-01,70.45999908447266,0.011194012283018528,-0.04279311913816142,0.11664026605912015,0.1155801136128849,-0.014191557245955555,False,0.06618533696448314,-0.0407556059048958,0.14098651929364925,0.06846700600475408,0.8506579443060659,1.1092936781618137,0.9493903235199533,1.4783860808116402,1.1092936781618137,1408236967.186718,0.320871985378178,67.29400005340577,70.31666666666666,86.54658323923746,True,True,False,True,False,False,accumulation,4,3,normal,False,False,acc,False,3.0,분산3일,0.05551680857481958,52.36437615989424,True,True,True,False,False,True,True,B,Uptrend Under Pressure,72.19,-0.024,0.42067373409017667,0.9066175754014075,0.13216680789703705,-0.18108765828545337,0.48817895992193994,0.7794491525423729,2026-11-10,False,스킵,acc D+3 관찰 종료 — 신호 재발생 전까지 관망,0,1,0.279,0.882
DHR,Danaher Corporation,Health Care,XLV,155746566144.0,2026-10-01,211.75999450683594,-0.044188708689093414,-0.05199415972951249,0.010601044571764362,0.009641567108756632,0.15561836483217917,False,-0.03506254610886661,0.12447853974729095,0.04763587619635312,0.13161945781943118,0.9331600450593442,1.2268924710399676,1.0880679837979144,1.0505628894074668,1.2268924710399676,925432120.3606575,0.05228945539996272,213.07178802490233,206.00138931274415,193.37558301289877,False,True,True,True,True,False,distribution,5,3,normal,False,False,acc,False,1.0,"분산3일,어닝스20일내",0.028709947118843546,47.600444740718785,True,True,True,True,False,True,True,A,Uptrend Under Pressure,221.55,-0.0442,0.3882270119221434,0.9496588726121497,-0.08968294317136516,-0.06755906966282743,0.42285786563550287,0.7792902542372881,2026-10-21,True,진입 검토,acc D+1 · 어닝스 2026-10-21 갭 주의 — 발표 전 매집은 선취 거래 해석,3,1,0.279,0.882
ARM,Arm Holdings plc,Information Technology,XLK,309356462080.0,2026-10-01,292.3399963378906,0.00925220134605631,-0.04570085580518879,0.24474152932879445,0.2435597559167486,0.006659305844496144,False,0.18849839757689923,-0.020466599781471362,0.1539769217436664,-0.06101834273387796,0.8773709052454879,0.5566480663449789,1.0091009888723612,1.926282494260024,0.5566480663449789,1678410659.9882767,0.5031136489808866,278.45299911499023,269.0873334248861,276.35066617329915,True,True,False,True,False,False,weak_rally,5,3,normal,False,False,acc,False,1.0,분산3일,0.06994985846037223,54.24538788614314,True,True,True,False,False,True,True,B,Uptrend Under Pressure,289.66,0.0093,0.2808228698098085,1.0,0.4394216761391314,0.29915416343427115,0.9025188825846554,0.7729343220338983,2026-11-05,False,스킵,상관 클러스터 중복 — 대표: FORM·LITE,0,1,0.279,0.882
MSFT,Microsoft Corporation,Information Technology,XLK,3808562511872.0,2026-10-01,512.7999877929688,-0.00019504117046598157,0.02986362608381743,0.03216452685715132,0.03118457675027697,0.2844459959745187,True,-0.014473400861837127,0.24983472216403357,-0.04309929782940525,0.1980927638246024,0.9934711524715414,0.8779636526464191,1.1639070522305883,0.9382792688393301,0.8779636526464191,10815256071.990738,0.058989261691269335,501.30149841308594,469.1965301513672,437.44564692179364,True,True,True,True,True,False,dry_up,3,3,normal,False,False,surge,False,4.0,"분산3일,어닝스20일내",0.023789564732574583,60.305275253704345,True,True,False,True,False,True,True,A,Uptrend Under Pressure,516.17,-0.0065,0.6401523339365283,1.0,-0.15412824724781926,0.16843146004369713,0.5109780998156916,0.7699152542372882,2026-10-29,True,진입 검토,surge D+4 · 어닝스 2026-10-29 갭 주의,0,1,0.279,0.882
SANM,Sanmina Corporation,Information Technology,XLK,11518608384.0,2026-10-01,221.9600067138672,0.03280444340246769,0.00036056349961288703,0.18271438631364578,0.181591502258718,-0.003472668110003352,False,0.12927392539308036,-0.030325552895951957,0.09647270108849715,-0.0704691446486253,0.9874983427273172,0.9255150440664965,1.086173730429533,2.691303426909459,0.9255150440664965,122505213.50700454,0.8183215446645697,208.8745002746582,202.6854995727539,215.79191678365072,True,True,False,True,False,False,weak_rally,5,1,normal,False,False,acc,False,1.0,,0.050303449764696834,58.67485837101294,True,True,True,True,True,True,True,B,Uptrend Under Pressure,214.91,0.0328,0.47657587009568275,1.0,0.4112483033939467,0.2343744996635584,0.8889270355245564,0.7638771186440678,2026-11-03,False,스킵,상관 클러스터 중복 — 대표: FORM·LITE,0,1,0.279,0.882
COHR,Coherent Corp.,Information Technology,XLK,56362475520.0,2026-10-01,319.19000244140625,0.10903028091101663,0.09834492457397626,0.1881699859908148,0.18704192232028527,-0.0022438785559073526,False,0.13448301605275526,-0.029129874871531514,0.10153048696081401,-0.06932296654721837,0.8419011904374768,1.6875654656111974,1.0112732505611635,1.67218999884458,1.6875654656111974,1990798160.5482545,0.8902571661159477,294.5860000610352,297.77066802978516,329.81691767374673,True,True,False,True,False,False,accumulation,3,2,interest,True,False,surge,True,0.0,,0.06483897744554135,56.54705926142295,True,True,True,False,False,True,True,B,Uptrend Under Pressure,319.19,0.0,0.4296335571560644,1.0,1.190277563966633,-0.058177867989501975,0.7865590329225542,0.7505296610169492,2026-11-05,False,스킵,상관 클러스터 중복 — 대표: FORM·LITE,0,1,0.279,0.882
KR,Kroger Company (The),Consumer Staples,XLP,34620305408.0,2026-10-01,59.47999954223633,0.01467077151179863,0.009504436366160274,0.021642018122891127,0.020672058219410205,0.01569866633096839,False,-0.024520454386194768,-0.011670818068921451,0.08066857106665459,0.08613945850699434,0.9555020006784952,0.9468131415637233,1.1566577342153788,1.0875460587447243,0.9468131415637233,497843079.84814644,0.5929644773389922,59.167999839782716,58.020663770039874,60.70118023554484,True,True,True,False,False,False,weak_rally,3,3,normal,False,False,surge,False,3.0,분산3일,0.027776444958840785,52.4066681545903,True,True,True,True,False,True,True,A,Uptrend Under Pressure,59.69,-0.0035,0.2839044810034291,0.9096505422560582,-0.2376276408812109,-0.2867398748602028,0.13138303639189042,0.7462394067796609,2026-12-03,False,스킵,점수 후순위 (후보 내 하위 38%) — 우선순위 미달,0,1,0.279,0.882
VOD,Vodafone Group Plc,Communication Services,XLC,37323186176.0,2026-10-01,16.3799991607666,0.014241458060000767,-0.00667074662694811,0.01929057074233964,0.018322843332857275,0.03061434474779645,False,-0.02676565258832997,0.0028429356026296038,0.03885960042259584,0.045538409623227416,0.9264705247754658,1.7308161395114492,1.0473181192245093,1.3599595076069824,1.7308161395114492,57805486.65693798,1.0,16.9164999961853,16.136666615804035,15.4510170062383,False,True,True,True,True,False,accumulation,2,4,interest,True,False,surge,True,0.0,분산4일,0.01896912042994229,46.372349948836806,True,True,True,True,False,True,True,A,Uptrend Under Pressure,16.38,0.0,0.3448755445812799,0.9239023508895683,0.2489710548640276,-0.07289204864664767,0.6636180477756496,0.7423728813559323,2026-11-10,False,스킵,점수 후순위 (후보 내 하위 37%) — 우선순위 미달,0,1,0.279,0.882
BJ,"BJ's Wholesale Club Holdings, I",Consumer Staples,XLP,11620951040.0,2026-10-01,94.36000061035156,0.025652180547299563,0.027439072005072118,0.01735849714664761,0.016392604072367867,0.0022154038713033675,False,-0.028610426236814868,-0.02479075432389366,0.07613756469610977,0.07172110405571841,0.9436943957025731,2.0494133544404973,1.4121613909736692,1.087642335810856,2.0494133544404973,164612761.3608734,0.7241380008175787,92.60749969482421,93.25883344014485,92.02808329264323,True,True,True,False,False,False,accumulation,4,4,attention,True,False,surge,True,0.0,분산4일,0.02905665376365866,53.0894738833516,True,True,True,True,False,True,True,A,Uptrend Under Pressure,94.36,0.0,0.3018680183241285,0.9096505422560582,-0.14914405827495514,-0.1704500792340239,0.25464656138195224,0.733103813559322,2026-11-20,False,스킵,점수 후순위 (후보 내 하위 35%) — 우선순위 미달,0,1,0.279,0.882
ITUB,Itau Unibanco Banco Holding SA,Financials,XLF,94016569344.0,2026-10-01,8.449999809265137,-0.009378654889850568,0.04579206547682424,0.04579206547682424,0.04479917721175952,-0.027233806217606182,False,-0.0014616169446314276,-0.05344641242456549,0.12397511182417942,0.04142188485015463,0.9906213451101494,2.038993870117262,1.2742368544029459,1.1484490211373235,2.038993870117262,206817539.76857752,0.5806440696737197,8.248499965667724,8.061697562535604,8.113743138313293,True,True,True,False,False,False,distribution,1,1,attention,False,False,surge,False,1.0,,0.02814875817009903,59.11165985995028,True,True,True,True,False,True,True,A,Uptrend Under Pressure,8.53,-0.0094,0.3316874392441639,0.9161407579283121,0.009703521496243095,-0.21556261400587207,0.38151042607784325,0.7260593220338983,2026-11-04,False,스킵,점수 후순위 (후보 내 하위 33%) — 우선순위 미달,0,1,0.279,0.882
MOG-A,Moog Inc.,Industrials,XLI,12081600512.0,2026-10-01,390.19000244140625,0.022858943541560706,0.019438282015431074,0.06854529118270491,0.06753080071626427,-0.054269693998447055,False,0.020263513657965637,-0.07975377871238543,0.09184292341256417,0.025028377438587768,0.876083340436606,0.8982450792614962,1.2824425459919178,1.651630300730481,0.8982450792614962,104357976.27987976,0.7735554591897075,372.1865005493164,391.30983683268227,371.427392578125,True,False,False,True,False,False,weak_rally,5,2,normal,False,False,surge,False,4.0,,0.029611960068657708,57.40189875799001,True,True,True,False,False,True,True,B,Uptrend Under Pressure,387.8,0.0062,0.7153734367876045,0.9066175754014075,0.5303377883487896,0.03992074559377268,0.8331168009829786,0.7221398305084746,2026-11-20,False,스킵,점수 후순위 (후보 내 하위 31%) — 우선순위 미달,0,1,0.279,0.882
SNX,TD SYNNEX Corporation,Information Technology,XLK,20306305024.0,2026-10-01,271.760009765625,0.0580494580798272,0.04736581680773222,0.0738955677998907,0.07287599771289899,0.0495637095922159,False,0.025372040236609994,0.021281682128162505,-0.004411219193329874,-0.02099839963977257,0.943971641730923,1.0512892684594997,0.9891210371963118,1.620887930634766,1.0512892684594997,301534354.1354858,0.6443657994804413,264.9100028991699,256.4002504984538,251.28581453959148,True,True,True,True,True,False,accumulation,6,2,normal,False,True,acc,True,0.0,,0.04858670677111868,55.686217137743235,True,True,False,True,False,True,True,A,Uptrend Under Pressure,271.76,0.0,0.18690076716748708,1.0,0.3453786620327908,0.16275449656179286,0.8561942105453363,0.720074152542373,,False,스킵,점수 후순위 (후보 내 하위 29%) — 우선순위 미달,0,1,0.279,0.882
WAB,Westinghouse Air Brake Technolo,Industrials,XLI,48507817984.0,2026-10-01,287.8399963378906,0.002298222992346499,-0.008234898383923772,0.028698040989816098,0.027721382008637052,-0.03039404305142257,False,-0.01778325499739597,-0.056521492060100376,0.05112687843107322,0.050905966001852265,0.9422711454130679,1.1020310680153702,1.0171644865774987,1.4579037817061355,1.1020310680153702,219984318.1848572,0.9782143284561206,284.31100006103514,286.2070678710937,275.14643376668295,True,True,True,True,False,False,accumulation,6,2,normal,False,True,acc,True,0.0,어닝스20일내,0.02039946723888237,51.55462803101921,True,True,True,True,False,True,True,A,Uptrend Under Pressure,287.84,0.0,0.4466779829748109,0.9066175754014075,0.21619026773812222,-0.060306520668725216,0.6618336886993603,0.715625,2026-10-21,True,스킵,점수 후순위 (후보 내 하위 27%) — 우선순위 미달,0,1,0.279,0.882
TSEM,Tower Semiconductor Ltd.,Information Technology,XLK,25706694656.0,2026-10-01,241.3000030517578,0.06098584541463414,0.11054862116811481,0.1667714612461726,0.16566371360672627,-0.05631147335627584,False,0.1140513748081422,-0.08174053934257919,0.08169230920836679,-0.11975559998664487,0.9089196665137416,1.0551464359854565,0.8063716242193333,2.1772007618738853,1.0551464359854565,433962846.4576805,0.5566734415264107,219.68200073242187,227.04083480834962,235.10916760762532,True,True,False,True,False,False,accumulation,5,0,normal,False,False,acc,False,2.0,,0.056618919060747695,57.597260040585844,True,True,True,True,True,True,True,B,Uptrend Under Pressure,234.43,0.0293,0.4224362656213339,1.0,1.3879453498470475,-0.087078929695114,0.7632864732029924,0.6970338983050847,2026-11-09,False,스킵,상관 클러스터 중복 — 대표: FORM·LITE,0,1,0.279,0.882
MSGS,Madison Square Garden Sports Co,Communication Services,XLC,9757431808.0,2026-10-01,399.19000244140625,-0.014856467364130266,-0.008223596418866497,0.03136549549494139,0.030386303998587216,-0.019359417137186585,False,-0.015236328322056347,-0.045784210261623826,0.05116634774635931,-0.005159009630044231,0.9588077195385142,1.8087424820763458,1.047377999789511,1.2330437673574788,1.8087424820763458,124051402.38942261,0.6915831810565285,397.8364974975586,396.3736643473307,378.5805814107259,True,True,True,True,True,True,distribution,3,2,interest,False,False,acc,False,4.0,,0.028309923596460406,50.09807240580895,True,True,True,True,False,True,True,A,Uptrend Under Pressure,402.84,-0.0091,0.4023077791799154,0.9239023508895683,0.4583562663333516,0.027565195105597295,0.8141917530989122,0.694385593220339,2026-10-30,False,스킵,acc D+4 관찰 종료 — 신호 재발생 전까지 관망,0,1,0.279,0.882
ASML,ASML Holding N.V. - New York Re,Information Technology,XLK,695862493184.0,2026-10-01,1808.489990234375,-0.0017553161634290548,0.04992161987481847,0.07501036541855455,0.0739897369285496,-0.019267642214608083,False,0.0264364661854406,-0.04569490834840839,-0.0033777108753044738,-0.08520222353153006,0.9603689594522264,1.0261423192138202,0.9429967199860406,1.5592454029178031,1.0261423192138202,2332512683.0880737,0.5570280269146729,1710.7920043945312,1729.6376851399739,1680.205669148763,True,True,False,True,False,False,distribution,4,1,normal,False,False,acc,False,2.0,어닝스20일내,0.02774690097636541,59.59515256054297,True,True,False,True,True,True,True,B,Uptrend Under Pressure,1834.39,-0.0141,0.3470352789511996,1.0,0.5016366835949053,0.054267303745021866,0.8432618987387518,0.6557203389830509,2026-10-14,True,스킵,상관 클러스터 중복 — 대표: FORM·LITE,0,1,0.279,0.882
HST,"Host Hotels & Resorts, Inc.",Real Estate,XLRE,15554925568.0,2026-10-01,22.510000228881836,0.005359573135534701,0.022621770189260593,0.027246878931039387,0.026271597701543747,-0.09532703626073424,False,-0.019168846898078185,-0.11970477090668663,0.09504775569525425,0.017150566505649723,0.8892885163196788,1.584701649276575,1.048982712649227,1.2871603616869642,1.584701649276575,192133772.73854113,0.7109023214820422,22.01719198226929,22.88658094406128,22.333620500564574,True,False,False,True,False,False,accumulation,3,2,interest,True,False,surge,True,0.0,,0.019477760295078483,55.50630249429935,True,True,True,False,False,True,True,B,Uptrend Under Pressure,22.51,0.0,0.6405905688846388,0.8915978830104153,0.17980429201941628,0.009285610351794205,0.7040602074373894,0.6510593220338984,2026-11-05,False,스킵,점수 후순위 (후보 내 하위 19%) — 우선순위 미달,0,1,0.279,0.882
LUV,Southwest Airlines Company,Industrials,XLI,20370628608.0,2026-10-01,41.84000015258789,0.004803092360015082,0.0069795648821258105,0.08873275618873322,0.08769909948670196,-0.13928144107244445,False,0.0395388163979189,-0.16247476006769368,0.11247053834882426,-0.06711147745820145,0.861569400251163,0.8344628410000445,0.8813701921596292,2.3059742105660623,0.8344628410000445,248896399.0829916,0.5783140836202023,40.49300003051758,43.15940316518148,42.928610197703044,True,False,False,True,False,False,weak_rally,5,0,normal,False,False,acc,False,1.0,어닝스20일내,0.03218040595240212,53.796277789779516,True,True,True,False,True,True,True,B,Uptrend Under Pressure,41.64,0.0048,0.5153416254029041,0.9066175754014075,0.03756617878746771,-0.15071713511662843,0.45666491995229663,0.6352224576271186,2026-10-22,True,스킵,점수 후순위 (후보 내 하위 17%) — 우선순위 미달,0,1,0.279,0.882
CCL,Carnival Corporation Ltd.,Consumer Discretionary,XLY,32996734976.0,2026-10-01,25.06999969482422,0.02159734146389236,0.15052770268401328,0.056023586205932396,0.05502098400518096,-0.057727376928149554,False,0.008307596747368695,-0.08311828932421328,0.11229034613581823,0.00957647388701277,0.8493866520948099,1.004439778844011,1.4535485332044182,0.6125223782759501,1.004439778844011,607335587.8979588,0.8461531689882537,22.82150011062622,25.41466760635376,26.2914541721344,True,False,False,False,False,False,accumulation,2,6,normal,False,False,surge,False,2.0,분산6일,0.03795087998452297,59.95542130697695,True,True,True,False,False,True,True,B,Uptrend Under Pressure,25.11,-0.0016,0.2207677703699653,0.8792679914183797,-0.29188582067075863,-0.24165257941096052,0.11379874236565357,0.6099046610169492,2026-12-18,False,스킵,점수 후순위 (후보 내 하위 15%) — 우선순위 미달,0,1,0.279,0.882
CGNX,Cognex Corporation,Information Technology,XLK,10202776576.0,2026-10-01,62.220001220703125,0.02588622679843322,0.0783362287347984,0.03803808218604443,0.03705255565116583,-0.027755613827378456,False,-0.008865239703887529,-0.05395415916598301,-0.03765403297849146,-0.0931195492896233,0.87118765268591,1.106268059643344,1.002956623841646,1.3406249663272454,1.106268059643344,91931249.60487366,0.9734046762480445,60.570500183105466,62.28822244008382,62.233114306132,True,False,False,True,False,False,accumulation,6,2,normal,False,True,acc,True,0.0,어닝스20일내,0.035082890880776915,54.75384687050963,True,True,False,False,False,True,True,B,Uptrend Under Pressure,62.22,0.0,0.44805943585793034,1.0,0.15774769921506837,0.04755372789860446,0.7192087383903726,0.5947563559322034,2026-10-29,True,스킵,점수 후순위 (후보 내 하위 13%) — 우선순위 미달,0,1,0.279,0.882
ONON,On Holding AG,Consumer Discretionary,XLY,9896096768.0,2026-10-01,30.200000762939453,0.01992570551929096,-0.008535729788177848,0.08633099250878518,0.0852996160716859,-0.19586851122325044,False,0.03724557541758777,-0.21753700894515637,0.14421258337314535,-0.13843168834287478,0.7787519781733994,0.9875158369507573,0.8301148225732624,2.0736379869124537,0.9875158369507573,340256924.07620585,0.810127285194163,28.366999912261964,32.26066675186157,34.57191678682963,True,False,False,False,False,False,weak_rally,4,2,normal,False,False,acc,False,2.0,,0.039271517892003394,55.626866426042035,True,True,True,False,False,True,True,B,Uptrend Under Pressure,29.55,0.022,0.5631867833274552,0.8792679914183797,-0.4320956856946667,-0.3157755871147524,0.0440226229626685,0.5884533898305085,2026-11-11,False,스킵,점수 후순위 (후보 내 하위 12%) — 우선순위 미달,0,1,0.279,0.882
RBC,RBC Bearings Incorporated,Industrials,XLI,15805244416.0,2026-10-01,508.489990234375,0.01854852281366659,0.009209058399626269,0.03585319534059406,0.034869743165027556,-0.16107763754676996,False,-0.0109514033398872,-0.1836836261859246,0.05843803754457633,-0.0907352524018945,0.8541600045685888,0.6326528853693635,0.8141279578492528,1.7428150917450904,0.6326528853693635,157834009.76028442,0.9710885892679395,494.60650329589845,533.4596684773763,566.3662508646647,True,False,False,False,False,False,weak_rally,3,1,normal,False,False,acc,False,3.0,,0.02348409230816716,52.198084670311836,True,True,True,False,True,True,True,B,Uptrend Under Pressure,504.2,0.0085,0.4182938239665879,0.9066175754014075,0.08598724764404087,-0.24045125297521974,0.4227458349897004,0.5704449152542374,2026-10-30,False,스킵,acc D+3 관찰 종료 — 신호 재발생 전까지 관망,0,1,0.279,0.882
ON,ON Semiconductor Corporation,Information Technology,XLK,29926924288.0,2026-10-01,80.08000183105469,0.0417588001792466,0.09473684430100926,0.10699482837974594,0.10594383343450864,-0.15360060895350758,False,0.05697572440174814,-0.17640807705130923,0.026274495017980515,-0.2105039924633234,0.8884944443734335,0.9110760556322202,0.8347542940505814,1.8558971177118795,0.9110760556322202,843736203.825341,0.9124429552853818,73.22250022888184,79.22583351135253,92.6550833384196,True,True,False,True,False,False,weak_rally,4,0,normal,False,False,acc,False,3.0,,0.044803399234354835,59.2574890739465,True,True,True,False,True,True,True,B,Uptrend Under Pressure,75.65,0.0586,0.29866898649887197,1.0,0.2778483535224665,0.0020713311670579326,0.7412254707094069,0.5626588983050849,2026-11-02,False,스킵,acc D+3 관찰 종료 — 신호 재발생 전까지 관망,0,1,0.279,0.882
IR,Ingersoll Rand Inc.,Industrials,XLI,29142636544.0,2026-10-01,75.25,0.0018639247571665685,0.006285119395231131,0.0033333333333334103,0.0023807559276511903,-0.12075756459843878,False,-0.04200186881756163,-0.1444500365068372,0.025209140748184478,-0.04703440165178063,0.8363084820907712,1.0910751567835217,1.0875222715279604,1.0343989124141502,1.0910751567835217,368523793.9503128,0.6570388759539041,74.14450035095214,79.53559252421061,78.26354586283365,True,False,False,False,False,False,accumulation,6,3,normal,False,True,acc,True,0.0,분산3일,0.026041306983140278,47.64601172777834,True,True,True,False,False,True,True,B,Uptrend Under Pressure,75.25,0.0,0.3642061789962336,0.9066175754014075,-0.21567514373937458,-0.19913511947137008,0.18590943587149,0.5417902542372882,2026-10-30,False,스킵,점수 후순위 (후보 내 하위 6%) — 우선순위 미달,0,1,0.279,0.882
JBL,Jabil Inc.,Information Technology,XLK,30059223040.0,2026-10-01,299.7900085449219,0.04507433540273298,-0.03508318198471816,0.0013360295163953317,0.000385348376316319,-0.08064744826190806,False,-0.043908925286694545,-0.10542074585191918,-0.07167982930926353,-0.14245546866655268,0.8096305756001957,1.6600916849450889,1.6353148618303368,1.5328126558335482,1.6600916849450889,446682445.15523684,0.9827467465865222,306.0919982910156,317.3432301839193,334.9126393636068,False,False,False,True,False,False,accumulation,6,2,interest,True,True,surge+acc,True,0.0,,0.04882464071319918,44.8439289191321,True,True,False,False,False,True,True,B,Uptrend Under Pressure,299.79,0.0,0.3254222264066357,1.0,0.19606256558292956,-0.05590695495470477,0.6524303422355535,0.5060911016949152,2026-12-16,False,스킵,상관 클러스터 중복 — 대표: FORM·LITE,0,1,0.279,0.882
STM,STMicroelectronics N.V.,Information Technology,XLK,47600164864.0,2026-10-01,53.5,0.002623676687538934,0.037223693307225636,0.05686107970603804,0.055857682378324114,-0.204797430035495,False,0.009107248449672811,-0.2262253249957351,-0.020203579029369978,-0.25825885414017735,0.9553195289415817,0.9052437415917426,1.0297582705167077,2.2360595574401545,0.9052437415917426,430556494.22752535,0.7327574016646552,51.23190193176269,54.14906438191732,58.809992504119876,True,False,False,True,False,False,weak_rally,5,2,normal,False,False,acc,False,2.0,어닝스20일내,0.03052069719655617,56.28332025112238,True,True,False,True,False,True,True,B,Uptrend Under Pressure,53.24,0.0049,0.6202573253546099,1.0,0.5273514515035616,0.22913335167540017,0.9062059556936866,0.49099576271186446,2026-10-29,True,스킵,점수 후순위 (후보 내 하위 2%) — 우선순위 미달,0,1,0.279,0.882
P,"Everpure, Inc.",Information Technology,XLK,43579461632.0,2026-10-01,134.1300048828125,0.02561558445316292,0.10050876194166469,0.4511522713399976,0.44977452894875225,0.7550830125857506,True,0.38558255548657994,0.7077897368084005,0.3453365149351586,0.6370888802491832,1.0,0.5578682904994857,0.6045693272426255,5.0,0.5578682904994857,828865277.1154999,0.7231911229316997,109.55349998474121,96.29033330281575,85.61983337402344,True,True,True,True,True,False,weak_rally,3,0,normal,False,False,,False,5.0,,0.052813108662999174,75.3199096955367,True,True,True,True,True,True,False,,Uptrend Under Pressure,121.88,0.1005,0.3605965131025584,1.0,-0.02950545341516464,0.3174547405463446,0.6613593654005999,0.9943326271186441,,False,,,0,1,0.279,0.882
OKTA,"Okta, Inc.",Information Technology,XLK,36556804096.0,2026-10-01,212.6300048828125,0.016833266042689088,0.02898763797356141,0.3032792696132265,0.30204191972731853,0.5180354371917288,True,0.24439113425078163,0.477129754636505,0.20824618146354146,0.4159780000317026,1.0,0.8019618630485637,0.859923503946887,2.4121060580634333,0.8019618630485637,753510850.102478,0.8571433634905585,189.0157501220703,160.31108373006185,130.4085419336955,True,True,True,True,True,False,weak_rally,3,1,normal,False,False,,False,13.0,,0.05024388371085015,69.5125278374577,True,True,True,True,True,True,False,,Uptrend Under Pressure,186.45,0.1404,0.48546410412967944,1.0,0.574131383137463,0.8041038306521922,0.9422635611289798,0.9798199152542374,,False,,,0,1,0.279,0.882
SMTC,Semtech Corporation,Information Technology,XLK,16644625408.0,2026-10-01,186.58999633789062,0.04620123326260184,0.06928364663547626,0.39402306932722486,0.3926995661257222,0.32979251237416274,True,0.3310347128644733,0.29395931043250023,0.29237308507681603,0.24039063647424008,1.0,0.9783482379091093,0.8041687285298241,1.961467508115232,0.9783482379091093,569036575.8669907,0.8812787190977572,168.12850112915038,142.95583356221516,139.73633378346761,True,True,True,True,True,False,weak_rally,1,2,normal,False,False,,False,9.0,,0.064097762468689,62.97323899744805,True,True,True,True,False,True,False,,Uptrend Under Pressure,185.0,0.0086,0.3988034828778282,1.0,0.6056018415293178,0.4177762019393998,0.9361479527302953,0.9661016949152543,,False,,,0,1,0.279,0.882
CRWD,"CrowdStrike Holdings, Inc.",Information Technology,XLK,271086747648.0,2026-10-01,266.0899963378906,0.005061364826782322,0.024723620665360047,0.3080817949712906,0.3068398855068317,0.3781473816269776,True,0.2489766594846503,0.3410111870916015,0.2126985141757658,0.2854946105837375,1.0,0.6296122959420561,0.7224698876609984,1.8577031816023692,0.6296122959420561,2617444751.775485,0.6786792199222855,239.53000106811524,214.65233306884767,182.96849988301594,True,True,True,True,True,False,weak_rally,1,1,normal,False,False,,False,13.0,,0.048625064817680065,67.241574858153,True,True,True,True,False,True,False,,Uptrend Under Pressure,235.38,0.1305,0.4353721760926524,1.0,0.5215484718146657,0.8765418524854902,0.9373459578620216,0.9653601694915254,,False,,,0,1,0.279,0.882
RBRK,"Rubrik, Inc.",Information Technology,XLK,23561195520.0,2026-10-01,115.4000015258789,0.008124401985308838,0.014059740168841595,0.3236981087625408,0.3224413729714928,0.5282392715127437,True,0.26388735658894547,0.4870586317349437,0.2271761107636514,0.4254958311445609,0.9985290458648939,0.6651836001289644,0.7991211032091313,1.5984035986066676,0.6651836001289644,323527787.6193016,0.5258620878651089,104.32850036621093,92.91649996439615,79.61033322016398,True,True,True,True,True,False,weak_rally,0,1,normal,False,False,,False,24.0,,0.04972766188065253,64.71984905479962,True,True,True,True,False,True,False,,Uptrend Under Pressure,107.02,0.0783,0.39080574867204265,1.0,-0.06783011044193721,0.5608413850509804,0.6359076289255899,0.9652542372881356,,False,,,0,1,0.279,0.882
MRVL,"Marvell Technology, Inc.",Information Technology,XLK,237446742016.0,2026-10-01,268.0799865722656,0.01464742152964904,0.03525767111350797,0.29833394091121024,0.29710128618316145,0.23992844055243023,True,0.2396692581830595,0.20651675730855246,0.20366145840409589,0.15656812115257002,1.0,0.994874655187206,0.8565392218301247,3.2978442140499777,0.994874655187206,4296744889.059143,0.8267768189911835,243.00449905395507,223.15816599527994,218.76072489420574,True,True,False,True,True,False,weak_rally,1,0,normal,False,False,,False,30.0,,0.04670246262407178,63.39656798079194,True,True,True,True,False,True,False,,Uptrend Under Pressure,237.27,0.1299,0.5225730892821702,1.0,1.1751393678285647,0.6927695997335068,0.9753261537349571,0.9611228813559322,,False,,,0,1,0.279,0.882
HPE,Hewlett Packard Enterprise Comp,Information Technology,XLK,84811726848.0,2026-10-01,64.58000183105469,0.010799850493002916,0.016687678930289662,0.24914804453300454,0.24796208751947524,0.3127238634984564,True,0.19270580621210853,0.2773506012363629,0.15806212074374537,0.22446951190354048,1.0,0.6352689512247228,0.7138494789214479,2.079274970417135,0.6352689512247228,1514349422.2981071,0.6482763277551088,59.56658744812012,53.839572715759275,45.85749416351318,True,True,True,True,True,False,weak_rally,1,1,normal,False,False,,False,14.0,,0.05706075491864972,63.013897561681944,True,True,True,True,False,True,False,,Uptrend Under Pressure,61.93,0.0427,0.2873729586384381,1.0,0.824216329786936,0.8253019913313246,0.9663546673412597,0.958209745762712,,False,,,0,1,0.279,0.882
NTAP,"NetApp, Inc.",Information Technology,XLK,41263706112.0,2026-10-01,215.0500030517578,0.023657659831419764,0.09029607109401039,0.18963322436851437,0.1885037714808908,0.2601290461889427,True,0.13588013860887904,0.226173028115096,0.10288702828211593,0.175410641206998,1.0,0.9147371592669482,0.9843378624463539,5.0,0.9147371592669482,502282175.2083298,0.9777153920208097,195.8315002441406,186.87533365885417,161.68579788208007,True,True,True,True,True,False,weak_rally,4,0,normal,False,False,,False,9.0,,0.033995412825019375,70.13029100931199,True,True,True,True,True,True,False,,Uptrend Under Pressure,197.79,0.0873,0.3193180232655381,1.0,0.36449640730560406,0.552563927397733,0.9003026634382567,0.9510063559322035,,False,,,0,1,0.279,0.882
MPC,Marathon Petroleum Corporation,Energy,XLE,115437592576.0,2026-10-01,420.1499938964844,0.06254104402651728,0.07468980886996368,0.08565889895732393,0.08462816061437595,0.3018062907168573,True,0.03660385013558165,0.2667272184028613,0.12055462940652606,0.2520815018514371,0.9888441229764481,0.7007247197703351,0.6809853450981463,2.247715579680878,0.7007247197703351,1213943085.397644,0.9789238125654265,399.60900115966797,352.8871175130208,300.2627779642741,True,True,True,True,True,False,weak_rally,1,3,normal,False,False,,False,9.0,분산3일,0.041527689614212375,68.22267864079089,True,True,True,True,False,True,False,,Uptrend Under Pressure,424.89,-0.0112,0.304179569811255,0.9566614457922488,0.7522648198696109,0.38875364088412434,0.9474702757399442,0.9416843220338984,,False,,,0,1,0.279,0.882
VLO,Valero Energy Corporation,Energy,XLE,111603556352.0,2026-10-01,408.4599914550781,0.0537911996374516,0.06686519114816436,0.11573655533073124,0.1146772608789357,0.2869749815637388,True,0.06532246003199838,0.2522955605419537,0.15159905516795935,0.23781670072758176,0.9883371870440002,0.6712191949656457,0.7667353348174663,1.5129504836495455,0.6712191949656457,1549303151.2219818,1.0,389.3895004272461,343.9227274576823,295.5979319254557,True,True,True,True,True,False,weak_rally,1,3,normal,False,False,,False,7.0,분산3일,0.044769210770576384,67.14716482812275,True,True,True,True,False,True,False,,Uptrend Under Pressure,377.14,0.083,0.26002603210835545,0.9566614457922488,0.8831039124512368,0.2972940348820603,0.9483665209063641,0.9311440677966103,,False,,,0,1,0.279,0.882
UMC,United Microelectronics Corpora,Information Technology,XLK,61418680320.0,2026-10-01,25.209999084472656,0.029399727239018292,0.04605803673996611,0.2623935879463968,0.2611950554457765,0.15555670483366146,True,0.20535285521861257,0.1244185412675125,0.17034181982573116,0.0778686924862173,0.9782692524895821,0.6860952707133103,0.7180911490058185,1.962020272258762,0.6860952707133103,254126629.32967186,0.8059685771465498,23.379000091552733,21.143666776021323,19.747200361887614,True,True,False,True,True,False,weak_rally,1,0,normal,False,False,,False,9.0,,0.03691844887274362,64.13039807573364,True,True,True,True,False,True,False,,Uptrend Under Pressure,24.61,0.0244,0.41853557879598763,1.0,1.3834255773714426,0.9922921302937604,0.9863756279137004,0.9287605932203391,,False,,,0,1,0.279,0.882
NET,"Cloudflare, Inc.",Information Technology,XLK,123659362304.0,2026-10-01,351.0,0.010711821106251573,-0.021793676953896335,0.2869399888823543,0.2857181517170273,0.27344801703444244,True,0.2287901371693457,0.23913309983346065,0.19309833555573697,0.1878341783908073,0.9782063230461037,0.8891233700856317,0.8663755588451898,1.1637344896366317,0.8891233700856317,1030152145.259259,0.7578863019650388,329.43800048828126,300.53233337402344,262.149666595459,True,True,True,True,True,False,weak_rally,2,1,normal,False,False,,False,16.0,,0.04969129923353556,61.408944946708154,True,True,True,True,False,True,False,,Uptrend Under Pressure,314.18,0.1172,0.35279391870650767,1.0,0.15395951136674668,0.19236958034827967,0.7744850204184888,0.9238877118644069,,False,,,0,1,0.279,0.882
PLTR,Palantir Technologies Inc.,Information Technology,XLK,449492090880.0,2026-10-01,190.0399932861328,0.01598497827101153,-0.013240578951379978,0.12144450464359346,0.12037979099224816,0.48876330242324517,True,0.07077249801333352,0.4486464003030606,0.0396705234642547,0.388673829239212,0.98675942104862,0.7387403020825162,0.7214685013194533,1.7235558592446414,0.7387403020825162,4319006145.501825,0.6615363848973113,179.8769989013672,162.26116574605305,148.79370759328205,True,True,True,True,True,False,weak_rally,2,0,normal,False,False,,False,38.0,,0.03076871125018692,63.064846518128924,True,True,True,True,False,True,False,,Uptrend Under Pressure,172.01,0.1048,0.7305215159664922,1.0,-0.14456759964452692,0.053719075852091125,0.4718360377290304,0.9205508474576273,,False,,,0,1,0.279,0.882
PANW,"Palo Alto Networks, Inc.",Information Technology,XLK,324999577600.0,2026-10-01,396.25,-0.002667935780894637,0.01623406430621399,0.2063138904866042,0.20516860076277887,0.15333571521881662,True,0.15180709571985074,0.12225739946248648,0.11835136628806886,0.07579701987840481,0.9973320642191054,0.8258899010315008,0.8591894599792378,1.6316961783551118,0.8258899010315008,2341881153.782318,0.8040071562057223,367.40449981689454,357.59366607666016,301.752499516805,True,True,True,True,True,False,dry_up,1,1,normal,False,False,,False,22.0,,0.047457422271082135,60.42284388417522,True,True,True,True,False,True,False,,Uptrend Under Pressure,382.13,0.037,0.38068191564823745,1.0,0.5423211295243104,0.9334597580614392,0.9411757796971558,0.9129237288135594,,False,,,0,1,0.279,0.882
WCC,"WESCO International, Inc.",Industrials,XLI,17523847168.0,2026-10-01,371.2799987792969,0.032509253762503576,0.027537189208737933,0.11704751947494252,0.11598698037714339,0.09771653350389764,True,0.06657418880296362,0.06813695785301643,0.14140265210876724,0.18975842276028687,0.9939064719543633,1.087579855051467,0.9380300739793477,1.75675717632448,1.087579855051467,172410470.80054474,0.7489378616671035,353.2938568115234,346.82786661783854,344.61303965250653,True,True,True,True,True,False,accumulation,4,1,normal,False,False,,False,106.0,,0.03259764328103138,60.04654375517376,True,True,True,True,True,True,False,,Uptrend Under Pressure,348.11,0.0666,0.44564063747343546,0.9066175754014075,0.3683352825009589,0.009870918762147296,0.7816667268981967,0.9109110169491526,,False,,,0,1,0.279,0.882
CLS,"Celestica, Inc.",Information Technology,XLK,45580341248.0,2026-10-01,373.0899963378906,0.032260752838431106,-0.0012581679617058583,0.3431616484656559,0.34188643374289107,0.08521351057949111,True,0.2824714442917158,0.05597084714699152,0.2452203995606579,0.012254667229913974,0.9987418320382941,1.1810807916032482,1.0181231566476825,3.5000711565064146,1.1810807916032482,813195082.5406845,0.8032825344022944,341.7834976196289,329.74366404215493,355.2603312174479,True,True,True,True,False,True,accumulation,5,1,normal,False,False,,False,46.0,,0.05294298500532106,61.802323122933814,True,True,True,True,True,True,False,,Uptrend Under Pressure,350.2,0.0654,0.4471142777298535,1.0,0.029989313092878334,-0.13059737783795944,0.4670096852300242,0.9104872881355933,,False,,,0,1,0.279,0.882
ENTG,"Entegris, Inc.",Information Technology,XLK,23463337984.0,2026-10-01,158.47999572753906,0.028690109301502842,0.06627188670613848,0.20691492402793932,0.20576906367523873,0.12589203962772366,True,0.15238097180893062,0.09555323380269964,0.11890857340260008,0.05019838105553087,0.9674622922257954,0.8253038402423263,0.8562775204535037,1.8912050663362534,0.8253038402423263,284145411.1621399,0.7571876028323847,143.01249923706055,140.5928554534912,143.5998726526896,True,True,False,True,False,False,weak_rally,3,0,normal,False,False,,False,72.0,,0.04069914432021835,63.89888869831164,True,True,True,True,True,True,False,,Uptrend Under Pressure,178.62,-0.1127,0.49957976695189843,1.0,0.2190755469851351,-0.06257335376637552,0.6626974088395793,0.9080508474576271,,False,,,0,1,0.279,0.882
KEYS,Keysight Technologies Inc.,Information Technology,XLK,61975900160.0,2026-10-01,373.8800048828125,0.027029986009563522,0.04570116895278198,0.16263455592499687,0.16153073591598743,0.11397454769138227,True,0.11010139384478856,0.08395687609686342,0.07785706055987851,0.03908210143255131,1.0,1.1904385775140893,1.0031159096604094,3.247993388429752,1.1904385775140893,349920935.13916016,0.7954637830691376,340.80299987792966,330.9618336995443,337.15141576131185,True,True,True,True,False,False,accumulation,4,0,normal,False,False,,False,32.0,,0.030062553128472665,70.37972193282653,True,True,True,True,True,True,False,,Uptrend Under Pressure,361.15,0.0352,0.4005060846092343,1.0,0.5830598625276511,-0.054953492745833166,0.7549835567923096,0.9014830508474577,,False,,,0,1,0.279,0.882
TEM,"Tempus AI, Inc.",Health Care,XLV,14777606144.0,2026-10-01,76.5,-0.06593408333664807,-0.06979569568177557,0.23506622047312464,0.2338936329221506,0.5897449987269601,False,0.17926026355462876,0.5469069972755705,0.2803268797274612,0.5567305161265821,0.8991537183074797,1.037741374153455,0.9504943503086211,1.2750778301753243,1.037741374153455,513258900.41689605,0.08554600818303348,72.84750022888184,60.66400012969971,56.04216664632161,True,True,True,True,True,False,distribution,2,2,normal,False,False,,False,5.0,,0.07178993118243392,56.481604826614586,True,True,True,False,False,True,False,,Uptrend Under Pressure,82.24,-0.0698,0.41171428182051667,0.9496588726121497,-0.3308396014965286,0.13594499149237427,0.3908035488417477,0.8985169491525423,,False,,,0,1,0.279,0.882
MRNA,"Moderna, Inc.",Health Care,XLV,76880863232.0,2026-10-01,188.94000244140625,-0.018850312845971273,-0.030181730118852834,0.2528347291299302,0.2516452719312361,2.1751643142855808,False,0.19622590948863428,2.089604873235169,0.2987465392314379,2.109225181222564,0.9286346024116625,1.047153656200093,1.0421489695421189,1.0568983021080371,1.047153656200093,2490233375.7621336,0.19535680180482848,165.635001373291,111.64083429972331,82.84512538909912,True,True,True,True,True,False,distribution,3,3,normal,False,False,,False,26.0,분산3일,0.07185462642260419,65.82885633878149,True,True,True,True,False,True,False,,Uptrend Under Pressure,158.83,0.1896,1.0,0.9496588726121497,4.18007194064532,1.6454794899565086,0.999360341151386,0.8886122881355931,,False,,,0,1,0.279,0.882
BMNR,"BitMine Immersion Technologies,",Financials,XLF,15943273472.0,2026-10-01,26.729999542236328,0.011350708800476283,-0.046378919463549884,0.15915005035946406,0.1580495385842804,0.47041340544670507,False,0.10677433422365046,0.4307909681079434,0.24580769971681748,0.574191938409196,0.9294158320413743,0.7162173421295068,0.7260880862618447,1.144601404679894,0.7162173421295068,1060751031.3511778,0.41441407384369,25.923499965667723,21.2599999109904,20.03483328024546,True,True,True,True,True,False,weak_rally,2,0,normal,False,False,,False,19.0,,0.06166159763096099,57.27257767928689,True,True,True,True,False,True,False,,Uptrend Under Pressure,26.45,0.0106,0.3407485681466817,0.9161407579283121,-0.6095668893692272,0.018278090901865607,0.2805409996024719,0.8841631355932205,,False,,,0,1,0.279,0.882
META,"Meta Platforms, Inc.",Communication Services,XLC,1847400464384.0,2026-10-01,725.9299926757812,0.0010342259957181188,-0.06643608121955713,0.22447503174528327,0.22331249960336064,0.12954513100046694,False,0.16914763331382554,0.09910788729159803,0.24798333146545515,0.14590178749441796,0.9335639187804429,0.5107370779636942,0.9077002770514967,1.836130405518402,0.5107370779636942,16754664416.578197,0.3075841622847629,689.9156311035156,627.5750406901042,619.8604176839193,True,True,True,True,True,False,weak_rally,3,4,normal,False,False,,False,5.0,분산4일,0.04025400002620888,61.121577198577626,True,True,True,True,False,True,False,,Uptrend Under Pressure,777.59,-0.0664,0.23897968930593835,0.9239023508895683,-0.31495464866921086,-0.14229479314065063,0.17347945502511655,0.8827860169491525,,False,,,0,1,0.279,0.882
ASX,"ASE Technology Holding Co., Ltd",Information Technology,XLK,115758964736.0,2026-10-01,44.72999954223633,0.006072884915059973,0.0282758515456627,0.20631060769729337,0.2051653210901898,0.07806565611094651,True,0.15180396126201856,0.04901560205941258,0.1183483228746256,0.005587362615727232,0.9871992537304008,0.9110811131364597,0.9180671964169506,2.085479546870827,0.9110811131364597,286335061.32821405,0.873015824959658,41.39950046539307,39.06533352533976,37.090841404596965,True,True,True,True,True,False,weak_rally,3,1,normal,False,False,,False,9.0,,0.039427048814760474,62.7276517742951,True,True,True,True,True,True,False,,Uptrend Under Pressure,41.63,0.0745,0.426293069366986,1.0,1.9567457426214756,0.4428590624123605,0.9770779877850457,0.8811440677966104,,False,,,0,1,0.279,0.882
JCI,Johnson Controls International ,Industrials,XLI,90043457536.0,2026-10-01,151.77000427246094,0.020988970764097337,0.04409743832687418,0.09296151569418121,0.09192384415418409,0.042340932672571,True,0.04357650115217715,0.014253533484382741,0.11679149804883515,0.1297396606358041,0.9834253111220882,0.8135741745689037,0.8526370745889192,1.8922428506286235,0.8135741745689037,480254220.70897675,0.9143297616740068,144.77860260009766,144.7733357747396,142.9337533315023,True,True,True,True,True,True,weak_rally,1,0,normal,False,False,,False,72.0,,0.02410367087513054,62.4722567477256,True,True,True,True,False,True,False,,Uptrend Under Pressure,144.42,0.0509,0.3292696580232734,0.9066175754014075,0.10488090952512596,-0.11076494211634313,0.5308617324997289,0.8807733050847457,,False,,,0,1,0.279,0.882
BE,Bloom Energy Corporation,Industrials,XLI,81578188800.0,2026-10-01,277.5799865722656,0.0021661331581328547,0.04099003534957646,0.2775220366887923,0.27630914104685456,0.24133130671970004,False,0.21979773125472968,0.207881821197496,0.3053760161334753,0.34541507987640463,0.9530643315785944,0.6372199579130261,0.92994011647603,1.1194599734261939,0.6372199579130261,4831000768.996539,0.35215637989306936,269.5305000305176,233.6178337097168,252.23733393351236,True,True,False,True,False,False,weak_rally,2,2,normal,False,False,,False,10.0,,0.07631472010597361,55.630451283324156,True,True,True,True,False,True,False,,Uptrend Under Pressure,280.76,-0.0113,0.3872292322999394,0.9066175754014075,1.1909104457691346,0.38376931965181593,0.9634698782118463,0.8794491525423729,,False,,,0,1,0.279,0.882
XP,XP Inc.,Financials,XLF,10653765632.0,2026-10-01,21.170000076293945,0.008335281260552607,0.03167639395857558,0.0590295306996782,0.05802407461705905,0.1941775093884368,True,0.011177718881036247,0.16199865182237194,0.13820220528309002,0.27845992245817053,0.9981141438045609,1.1902817571515376,0.9553657643687593,1.0021294961176932,1.1902817571515376,162835160.80558854,0.7989411688720602,20.2185001373291,17.971333344777424,17.663059798876443,True,True,True,True,True,False,accumulation,4,1,normal,False,False,,False,13.0,,0.03586610842536214,67.09788279803794,True,True,True,True,True,True,False,,Uptrend Under Pressure,19.59,0.0804,0.39591895317173115,0.9161407579283121,-0.11590813457440252,-0.13048935532070283,0.32287051425680313,0.8766949152542372,,False,,,0,1,0.279,0.882
SMCI,"Super Micro Computer, Inc.",Information Technology,XLK,26567075840.0,2026-10-01,41.91999816894531,0.02069633504838353,0.0098771347624802,0.13297292348500855,0.13189726460644224,0.3386345339541601,False,0.08178001001223434,0.3025630708237026,0.05035830801528629,0.2486382094401538,0.9690244982760231,0.6944029013460505,0.8546890045615723,1.8333220103986134,0.6944029013460505,1519858835.1318002,0.947088718987914,39.87699947357178,34.680333073933916,33.58433313369751,True,True,True,True,True,False,weak_rally,2,2,normal,False,False,,False,10.0,,0.05529238439025395,58.740766676298904,True,True,True,True,False,True,False,,Uptrend Under Pressure,40.35,0.0389,0.42749706635633705,1.0,-0.33585170661183283,0.3991435471552014,0.42891474829243614,0.8720868644067796,,False,,,0,1,0.279,0.882
IONQ,"IonQ, Inc.",Information Technology,XLK,17769248768.0,2026-10-01,43.9900016784668,0.002964000599775529,-0.02200973485648705,0.1687035704512978,0.16759398844284057,0.2378527844866798,False,0.11589618245706301,0.2044970328278224,0.08348353202890291,0.1546320113275106,0.9391546015192822,0.697370649844135,1.0116358802423895,1.5837406073055753,0.697370649844135,1014629045.5645552,0.28573410358802603,40.609500312805174,39.96699997584025,46.49375003178914,True,True,False,True,False,False,weak_rally,3,3,normal,False,False,,False,5.0,분산3일,0.0643456328915517,58.23628699007175,True,True,True,True,False,True,False,,Uptrend Under Pressure,44.98,-0.022,0.5092196773308822,1.0,-0.46719839015731435,0.16634431821114148,0.36855010660980814,0.8704449152542374,,False,,,0,1,0.279,0.882
ZS,"Zscaler, Inc.",Information Technology,XLK,32516368384.0,2026-10-01,198.77999877929688,-0.0032093039591056804,-0.07389116965827036,0.15081342960749322,0.14972083272589898,0.3635906291383977,False,0.09881440023617705,0.3268466875648064,0.0668979123046003,0.27191650774717435,0.9261088303417296,0.37372218044209016,0.8154256148547443,1.3666821109166807,0.37372218044209016,730045915.4838012,0.067999267578125,190.551749420166,172.71974970499676,156.74737440745037,True,True,True,True,True,False,dry_up,0,2,normal,False,False,,False,13.0,,0.05466307745649826,56.319907974616726,True,True,True,True,False,True,False,,Uptrend Under Pressure,191.73,0.0368,0.28155582296035847,1.0,-0.48373613962039863,0.11970085908169348,0.34904231867297897,0.8695444915254237,,False,,,0,1,0.279,0.882
ALAB,"Astera Labs, Inc.",Information Technology,XLK,61755494400.0,2026-10-01,356.4200134277344,0.0012641857614070773,-0.011345028507113053,0.30018606894236166,0.29895165578044414,0.0511531687868918,True,0.24143769857430897,0.022828311022794923,0.20537853215290514,-0.019515799697459535,0.9775108831132048,0.9356892563099344,0.8155351740694436,1.8688019973020593,0.9356892563099344,1316488633.6284804,0.34397220388252675,317.2629997253418,314.96058247884116,304.43374926249186,True,True,False,True,True,False,weak_rally,3,0,normal,False,False,,False,8.0,,0.0618425528661238,60.788700835708376,True,True,True,True,True,True,False,,Uptrend Under Pressure,340.74,0.046,0.3661691577431598,1.0,0.23989363423523025,1.2584786955021672,0.8710129738715624,0.8665783898305085,,False,,,0,1,0.279,0.882
ISRG,"Intuitive Surgical, Inc.",Health Care,XLV,145686609920.0,2026-10-01,401.239990234375,-0.013255329374896596,0.004305169373250761,0.07895015856207288,0.07792578958243501,0.14931462679727048,False,0.030198241403449844,0.11834466514287278,0.1184897352014398,0.1254466304965156,0.9673328237628477,0.6263856283244326,0.8390887816877372,2.0638130101155348,0.6263856283244326,927363514.1889038,0.17657571786012152,386.2689971923828,378.7931650797526,406.068581644694,True,True,False,False,False,False,dry_up,4,0,normal,False,False,,False,6.0,,0.025835965090779116,57.92331852906781,True,True,True,True,True,True,False,,Uptrend Under Pressure,398.3,0.0074,0.4301407821515601,0.9496588726121497,-0.2839089104400089,-0.3179206130734328,0.0930685555274475,0.8645656779661018,,False,,,0,1,0.279,0.882
NDSN,Nordson Corporation,Industrials,XLI,18267129856.0,2026-10-01,329.0199890136719,0.0035686530070913047,0.0178184095589895,0.04225152369438301,0.041261996864639716,0.10445007303120968,True,-0.004842180809367602,0.07468905232072753,0.06497586948525336,0.1970565595042395,0.9859817601193129,0.9075245139318904,0.9438967732132768,1.3087609221344512,0.9075245139318904,113608876.58568421,0.8822908586905382,317.8398803710937,309.5441853841146,296.9729466756185,True,True,True,True,True,False,weak_rally,2,2,normal,False,False,,False,29.0,,0.017285090628056665,63.3778819375717,True,True,True,True,False,True,False,,Uptrend Under Pressure,333.7,-0.014,0.5407704094448134,0.9066175754014075,0.21283629134969462,0.012192908229016641,0.7277113223230096,0.8619173728813561,,False,,,0,1,0.279,0.882
DDOG,"Datadog, Inc.",Information Technology,XLK,98332696576.0,2026-10-01,276.4599914550781,0.009530711314192697,0.076054713553251,0.3213210204099344,0.32006654145674984,0.09773503497137948,False,0.26161767599148456,0.06815496077142802,0.22497235597985066,0.023934370240387803,0.9594308426547953,0.8447539656550368,1.0108802061511226,2.4091694304820583,0.8447539656550368,832813449.4530472,0.5975291408786569,240.98925170898437,246.78358459472656,223.5656255722046,True,True,True,True,False,False,weak_rally,1,1,normal,False,False,,False,45.0,,0.0432283931283991,70.28156191670655,True,True,True,True,False,True,False,,Uptrend Under Pressure,264.2,0.0464,0.623386234785655,1.0,0.3633470537436432,0.6182669104383738,0.9022053774709985,0.861228813559322,,False,,,0,1,0.279,0.882
INTC,Intel Corporation,Information Technology,XLK,635548401664.0,2026-10-01,120.0,-0.0019130279506919257,-0.058010828362158984,0.33259295872569705,0.331327778051159,0.14115158053764976,False,0.2723802964313229,0.11040158409012313,0.235422362164446,0.0644320238873548,0.941989171637841,0.9190555158730308,0.8915702631596035,1.3674510609772077,0.9190555158730308,12342278842.921875,0.5511479927050897,110.25200042724609,100.96733334859212,104.4401665687561,True,True,False,True,False,False,dry_up,3,2,normal,False,False,,False,8.0,,0.05591667266119094,61.532426255157844,True,True,True,True,False,True,False,,Uptrend Under Pressure,121.78,-0.0146,0.3138865617574649,1.0,1.3000103296235088,0.589221458583916,0.9761980051317263,0.8608580508474577,,False,,,0,1,0.279,0.882
MSTR,Strategy Inc,Information Technology,XLK,61044760576.0,2026-10-01,160.5,0.04840292533389623,-0.006868390608003372,0.30286546650845114,0.3016285094924651,0.5661224394509807,False,0.24399602866833758,0.5239209823695121,0.2078625522346571,0.46083211583056527,0.9525222551928784,0.8082098128991834,0.7438800554983535,0.8531286382989562,0.8082098128991834,3507170286.8474503,0.8764300741115777,146.94550056457518,117.9716667175293,130.70508321126303,True,True,True,True,False,False,weak_rally,2,0,normal,False,False,,False,8.0,,0.05817090770006711,63.05582851413127,True,True,True,True,False,True,False,,Uptrend Under Pressure,168.5,-0.0475,0.2886535309350788,1.0,-0.6638504132350953,-0.12739307470580308,0.13031693831086696,0.8576800847457628,,False,,,0,1,0.279,0.882
TMO,Thermo Fisher Scientific Inc,Health Care,XLV,249597902848.0,2026-10-01,652.510009765625,-0.03339008730455162,-0.038149153619580156,0.07225495994661757,0.07123694747355214,0.2095279059488584,False,0.02380556257138866,0.17693540952205722,0.11154918204697184,0.18440945107867668,0.9601242239371768,1.0241958051336202,0.9099954047640091,1.4474572047882743,1.0241958051336202,1500404947.7518678,0.03420719952864996,644.327261352539,601.4847554524739,541.2385070800781,True,True,True,True,True,False,distribution,2,4,normal,False,False,,False,5.0,분산4일,0.02477815028850252,55.61491613814179,True,True,True,True,False,True,False,,Uptrend Under Pressure,678.39,-0.0381,0.4188742931547209,0.9496588726121497,0.07676962771228846,0.04279779884327861,0.6672129666437787,0.8567796610169491,,False,,,0,1,0.279,0.882
TER,"Teradyne, Inc.",Information Technology,XLK,62678573056.0,2026-10-01,415.7900085449219,0.03711557393652254,0.07245291579431412,0.2175801119330225,0.2164241259155122,0.09824881958846454,False,0.16256425760472393,0.06865490071141722,0.12879607246850044,0.024413613146530455,0.9382813440460492,0.6936893259625256,0.7667435269255974,2.5780574624043746,0.6936893259625256,913014591.792305,0.8025380249257681,375.2710021972656,369.1883229573568,375.477744547526,True,True,False,True,False,False,weak_rally,3,0,normal,False,False,,False,5.0,,0.04611186740495131,62.47415656031456,True,True,True,True,True,True,False,,Uptrend Under Pressure,387.7,0.0725,0.39671511724218744,1.0,1.116321413198285,-0.07815395091729294,0.7632376856636912,0.854449152542373,,False,,,0,1,0.279,0.882
TEVA,Teva Pharmaceutical Industries ,Health Care,XLV,46185185280.0,2026-10-01,39.310001373291016,-0.007323159394048817,-0.02262555494264107,0.0485462686940763,0.0475507655535079,0.2723595680425033,True,0.0011681387381168307,0.23807398068972607,0.08697165398361029,0.24593627823552078,0.9773744450573589,1.1351511580129967,1.0131688319930066,0.8734956215236739,1.1351511580129967,203175467.1099081,0.7722781626039598,38.51499977111816,35.93933321634928,34.840500052769976,True,True,True,True,True,False,distribution,3,4,normal,False,False,,False,44.0,분산4일,0.034469615487484596,56.532522238663525,True,True,True,True,False,True,False,,Uptrend Under Pressure,35.41,0.1101,0.38014631136419946,0.9496588726121497,0.5538743055558581,0.026399867330378468,0.8278405189548624,0.8541313559322035,,False,,,0,1,0.279,0.882
SWKS,"Skyworks Solutions, Inc.",Information Technology,XLK,12856702976.0,2026-10-01,83.16000366210938,-0.027140847025201142,-0.05295517624153823,0.16031820547949582,0.15921658464300936,0.2848916046840404,False,0.10788970673719356,0.25026832329588666,0.07570961476989169,0.19850841428561683,0.9093494416317511,0.6987010622553523,0.6188683132490412,1.1212879655423944,0.6987010622553523,619038613.681894,0.10824878087148025,84.81599922180176,71.37450008392334,70.03879550298055,False,True,True,True,True,False,dry_up,0,1,normal,False,False,,False,12.0,,0.06166253532323535,52.13466602872044,True,True,True,True,False,True,False,,Uptrend Under Pressure,90.0,-0.076,0.2729567303366988,1.0,-0.2158824535736218,0.09612544692307634,0.43908333634490987,0.8524894067796609,,False,,,0,1,0.279,0.882
ZBRA,Zebra Technologies Corporation,Information Technology,XLK,17782022144.0,2026-10-01,375.45001220703125,0.005732540415292808,0.02834841394272969,0.06932308356624306,0.06830785465383804,0.39445180917038414,True,0.021006161813989843,0.3568762680156903,-0.00865028502052334,0.3007028923793744,0.9801336986371215,0.7021206842197737,0.9027144678885108,1.3395859892710635,0.7021206842197737,198561699.77662963,0.27141324715531057,357.8679992675781,334.57216517130536,287.41258227030437,True,True,True,True,True,False,weak_rally,3,1,normal,False,False,,False,40.0,,0.027464170542553203,63.53515682189453,True,True,False,True,True,True,False,,Uptrend Under Pressure,368.99,0.0175,0.9123812349929294,1.0,0.003154665046437355,0.42257623651944276,0.702456542951104,0.851853813559322,,False,,,0,1,0.279,0.882
W,Wayfair Inc.,Consumer Discretionary,XLY,13537560576.0,2026-10-01,101.37000274658203,-0.011602913809859006,0.03788271369921192,0.07224457123876471,0.07122656862887022,0.17348077749226198,False,0.023795643273007983,0.1418596236030243,0.12937561325722347,0.2572991685278867,0.873277060196106,0.7306113865054991,0.9422266590493216,1.2788294823751967,0.7306113865054991,245965822.90177536,0.7144735716516698,101.06649971008301,98.10499992370606,86.73133296966553,True,True,True,True,True,False,dry_up,2,3,normal,False,False,,False,41.0,분산3일,0.05022619548385745,51.132219576065175,True,True,True,False,False,True,False,,Uptrend Under Pressure,116.08,-0.1267,0.7290873200078837,0.8792679914183797,-0.08850470775365771,0.07033558271420759,0.5425734523508366,0.8509004237288136,,False,,,0,1,0.279,0.882
CHT,"Chunghwa Telecom Co., Ltd.",Communication Services,XLC,35280867328.0,2026-10-01,45.54999923706055,0.0015391313880557256,-0.011287181706278404,0.04760808915863546,0.04661347673762983,0.03809195694376255,True,0.0002723504573869384,0.010119052613921209,0.06772077770738893,0.053124303224449054,0.9859307031353921,0.8624001739781803,0.9463959936691274,2.4599794534620916,0.8624001739781803,12023189.477967072,0.7837804400272181,45.302999877929686,43.49749997456868,42.9397341410319,True,True,True,True,True,False,weak_rally,3,4,normal,False,False,,False,,분산4일,0.013752549168349922,62.957215301722485,False,True,True,True,False,True,False,,Uptrend Under Pressure,,,0.38814225095725385,0.9239023508895683,-0.10630790617642816,-0.09032792047207261,0.3763253948176791,0.8479872881355932,,False,,,0,1,0.279,0.882
NTNX,"Nutanix, Inc.",Information Technology,XLK,19050846208.0,2026-10-01,71.5199966430664,0.01576470562739596,0.04271760404741687,0.06985786500433733,0.06884212836364534,0.3079940594045105,True,0.021516779373742967,0.2727482486235058,-0.00815449900937415,0.220057692273113,1.0,1.0202432977109732,0.9060025180582592,1.2853004428819734,1.0202432977109732,160195163.44940186,0.7914680975694419,68.61849937438964,63.79608319600423,55.19154160817464,True,True,True,True,True,False,accumulation,2,1,normal,False,False,,False,24.0,,0.027809414107001686,66.09469266190669,True,True,False,True,False,True,False,,Uptrend Under Pressure,69.84,0.0241,0.5646310783446178,1.0,-0.22245616413170755,0.5040892739081748,0.49710979003288647,0.8418961864406779,,False,,,0,1,0.279,0.882
FTNT,"Fortinet, Inc.",Information Technology,XLK,131158646784.0,2026-10-01,178.72000122070312,-0.00022372615440691135,0.000279862608553616,0.15646440394106076,0.15536644195268545,0.1248522765765474,True,0.1042100376291184,0.09454148868592882,0.07213682641861663,0.049228521215871845,0.9997762738455931,0.7464321210218209,0.7014835188399767,0.9352949432514244,0.7464321210218209,672633777.0756257,0.743270250553277,169.4565002441406,162.69983291625977,142.90974960327148,True,True,True,True,True,False,dry_up,0,1,normal,False,False,,False,24.0,,0.038239388180912666,62.09907079908248,True,True,True,True,False,True,False,,Uptrend Under Pressure,172.78,0.0344,0.42639175222266984,1.0,0.6695472410095251,0.7111086524960111,0.952506233963355,0.8408368644067796,,False,,,0,1,0.279,0.882
RMBS,"Rambus, Inc.",Information Technology,XLK,11544702976.0,2026-10-01,107.29000091552734,0.004964394611200573,0.026207534995604798,0.2664069802835267,0.26520463741726474,0.008394572102189635,True,0.2091849040810767,-0.018778092808144242,0.1740625618639986,-0.05939973832920287,1.0,0.41743655631744586,0.627299643561155,3.0274310946620933,0.41743655631744586,249315598.98176956,0.577049303349426,93.48550071716309,95.30666694641113,113.85191694895427,True,True,False,True,False,False,weak_rally,3,1,normal,False,False,,False,7.0,,0.052920658838435025,65.47935995585792,True,True,True,True,True,True,False,,Uptrend Under Pressure,105.24,0.0195,0.33915006466003034,1.0,-0.2974884759623929,-0.19500218582536977,0.13962180622312167,0.8359639830508474,,False,,,0,1,0.279,0.882
ETN,"Eaton Corporation, PLC",Industrials,XLI,166856392704.0,2026-10-01,437.2799987792969,0.017616549474647636,-0.006181820956143502,0.11879235499739105,0.11773015933059305,0.051290080136635385,False,0.06824018465318904,0.022961533096205633,0.14318553050748783,0.13943918072767003,0.9506913794740421,0.7707256358974038,0.8840823822672228,1.5077781723199883,0.7707256358974038,874804642.9613479,0.8589472949953008,421.2879974365234,418.43760935465497,411.6554542541504,True,True,True,True,True,True,weak_rally,2,1,normal,False,False,,False,9.0,,0.03283039421419833,56.99180688694414,True,True,True,True,False,True,False,,Uptrend Under Pressure,424.77,0.0295,0.3951772643600595,0.9066175754014075,-0.08444030957964654,-0.07824606082719865,0.41547920205269057,0.8338453389830509,,False,,,0,1,0.279,0.882
NVT,nVent Electric plc,Industrials,XLI,25957156864.0,2026-10-01,165.77000427246094,0.03367219130565835,0.017743119492952486,0.11878252224480601,0.11772033591334852,0.0221809520548093,False,0.06823079618946748,-0.005363207003889814,0.1431754833701171,0.107889295800627,0.9354438123808781,0.849553008743279,0.8374820525665145,2.5040386381295474,0.849553008743279,311848199.8851166,0.7941183070418111,157.88150024414062,157.31249415079753,158.38455123901366,True,True,True,True,False,True,weak_rally,1,0,normal,False,False,,False,43.0,,0.03888648490326175,58.32819307376606,True,True,True,True,False,True,False,,Uptrend Under Pressure,153.83,0.0776,0.37358442396733427,0.9066175754014075,0.3038435383211202,0.045087498851514196,0.7904430631346897,0.8335805084745763,,False,,,0,1,0.279,0.882
LRCX,Lam Research Corporation,Information Technology,XLK,411105427456.0,2026-10-01,340.1000061035156,0.03528049676830092,0.10724053277991819,0.18084524061301743,0.17972413114874985,0.040582575966291445,True,0.12748923626871833,0.012542558268339388,0.09473985057208134,-0.029375732156580958,0.9901736056166361,0.8956311650349865,0.870376824606324,1.6105432071074544,0.8956311650349865,2864679381.021329,0.854647629307241,302.4794662475586,309.24507904052734,312.02990964253746,True,True,False,True,False,False,weak_rally,3,1,normal,False,False,,False,64.0,,0.04056923243802681,65.45280982315784,True,True,True,True,True,True,False,,Uptrend Under Pressure,390.84,-0.1298,0.43259018841275454,1.0,0.8864088444348048,0.12223582111721853,0.9121417729753172,0.8331567796610169,,False,,,0,1,0.279,0.882
EMR,Emerson Electric Company,Industrials,XLI,86871506944.0,2026-10-01,158.57000732421875,0.022372669788208732,0.015563007199111079,0.06437113620420765,0.06336060873350147,0.11200496649806646,False,0.0162779661476673,0.08204036814616544,0.08757775878912066,0.20524491948690127,0.9679264870769507,1.3904154612584294,1.211619634890604,1.366304610662311,1.3904154612584294,366026413.13327026,0.8787305169788197,152.48500061035156,151.35095189412434,145.81755243937175,True,True,True,True,True,False,accumulation,3,2,normal,False,False,,False,35.0,,0.023662359947117788,58.85780656095517,True,True,True,True,False,True,False,,Uptrend Under Pressure,163.25,-0.0286,0.4531574503250975,0.9066175754014075,-0.008588690109080921,-0.03603674883429586,0.5235535398070181,0.8323093220338983,,False,,,0,1,0.279,0.882
GH,"Guardant Health, Inc.",Health Care,XLV,23935227904.0,2026-10-01,174.75,-0.020239967470274012,-0.009634440224676522,0.07169141798377354,0.07067394054460263,0.13123797473740995,False,0.023267484019314777,0.10075511488097133,0.11096498833255919,0.10774537909234616,0.954396472828106,1.081915528128318,0.8930351797886776,1.323462322149975,1.081915528128318,313280146.75375974,0.1136681486360393,171.63499908447267,163.44266637166342,139.58074995676677,True,True,True,True,True,False,distribution,2,3,normal,False,False,,False,12.0,분산3일,0.043650103424215714,55.02679489621686,True,True,True,True,False,True,False,,Uptrend Under Pressure,175.65,-0.0051,0.39854684886754216,0.9496588726121497,1.282264242186025,0.5474796919276981,0.9734397022153156,0.8313559322033899,,False,,,0,1,0.279,0.882
COIN,"Coinbase Global, Inc.",Financials,XLF,49181843456.0,2026-10-01,189.2899932861328,0.015449758958450355,-0.04979676267961208,0.0819043554090686,0.08087718167743563,0.11198737926558233,False,0.03301895408640698,0.08202325482735362,0.16278714382818493,0.1904689943443898,0.9414133704233121,0.6001214444654605,0.6833914696853944,1.1048421330419946,0.6001214444654605,1805081377.557856,0.5311509931287894,186.34550018310546,170.7263333638509,175.38291651407877,True,True,True,True,False,False,weak_rally,2,0,normal,False,False,,False,9.0,,0.06379856628895166,53.351409631277406,True,True,True,True,False,True,False,,Uptrend Under Pressure,194.25,-0.0255,0.32335914744804073,0.9161407579283121,-0.5455886060349211,-0.12307229443892598,0.13946369845686823,0.8313559322033899,,False,,,0,1,0.279,0.882
DELL,Dell Technologies Inc.,Information Technology,XLK,342035464192.0,2026-10-01,541.739990234375,0.007045223424746672,0.010671188565171796,0.10065009508066813,0.09960512390578224,0.19662840593866937,False,0.0509176752555347,0.16438350538454016,0.020392409758318353,0.11617914543332053,0.9207001491440245,0.7162617401837076,0.7088460301150243,1.9893795448212994,0.7162617401837076,5069851867.202868,0.7159716135943129,545.8395050048828,475.28616587320965,393.8015093485514,False,True,True,True,True,False,weak_rally,0,1,normal,False,False,,False,11.0,,0.05190086358716852,54.038695539080166,True,True,True,True,False,True,False,,Uptrend Under Pressure,563.29,-0.0383,0.4177537357279774,1.0,1.6331923255838459,1.1629124897724497,0.9887183332731018,0.8295021186440679,,False,,,0,1,0.279,0.882
SNOW,Snowflake Inc.,Information Technology,XLK,119796768768.0,2026-10-01,341.989990234375,0.007156298425175844,0.023922126450224512,0.11819903978989732,0.11713740742409073,0.2462264196126489,False,0.06767367814822456,0.21264502812226693,0.03666171283710762,0.16244268743438695,0.959379440242538,0.6739747272494239,0.8439942581059721,1.1149957591682038,0.6739747272494239,1810559207.4071167,0.7002164787380231,334.86100006103516,313.4509989420573,254.30483271280926,True,True,True,True,True,False,weak_rally,1,0,normal,False,False,,False,19.0,,0.040810060938019,57.79107143332103,True,True,True,True,False,True,False,,Uptrend Under Pressure,356.47,-0.0406,0.28404754286115624,1.0,0.22974286121982868,0.7918429233371651,0.8612428173900473,0.8204978813559324,,False,,,0,1,0.279,0.882
ADI,"Analog Devices, Inc.",Information Technology,XLK,192231964672.0,2026-10-01,404.6000061035156,0.01988862095330135,0.057473724141693605,0.13744346749565994,0.13636356422584872,0.024078592193608195,True,0.08604855433871905,-0.0035167015508960064,0.05450286694127704,-0.044770154027411024,1.0,0.9609896839147285,0.8323714089548416,3.201677450290902,0.9609896839147285,1235662223.3771071,0.8700982347661315,376.9800003051758,375.83799845377604,387.9750119527181,True,True,False,True,False,False,weak_rally,2,0,normal,False,False,,False,9.0,,0.02718911763998204,67.28896415447494,True,True,True,True,False,True,False,,Uptrend Under Pressure,375.72,0.0769,0.34016135012009346,1.0,0.2671041966399439,-0.04573972592637121,0.6901295580210328,0.8200211864406781,,False,,,0,1,0.279,0.882
ILMN,"Illumina, Inc.",Health Care,XLV,41325678592.0,2026-10-01,265.7200012207031,-0.029085032403183497,-0.029864888127280276,0.24604924370786918,0.24486622873518815,0.35856585549403697,False,0.18974702342202265,0.3219573137869918,0.2917123905891603,0.33035230625589307,0.9701351118727197,0.47408423600187083,0.7355433565426048,0.6680371302397089,0.47408423600187083,995861115.2647034,0.10064866435913018,238.83749923706054,212.76166585286458,182.57191594441733,True,True,True,True,True,False,dry_up,0,2,normal,False,False,,False,10.0,,0.0492462558239125,67.58961882197434,True,True,True,True,False,True,False,,Uptrend Under Pressure,245.18,0.0838,0.31125168620006316,0.9496588726121497,0.8916260076188558,0.4033300258941035,0.9576966860612194,0.8194915254237288,,False,,,0,1,0.279,0.882
AME,"AMETEK, Inc.",Industrials,XLI,56780460032.0,2026-10-01,249.08999633789062,0.005489850376646954,0.005449224246359519,0.06974141258960209,0.06872578651031103,0.02676160372285663,False,0.02140558881325627,-0.000905987686918408,0.09306512401036704,0.11285402825882751,0.9649272904042816,1.36629407776683,1.0517036027005142,2.571633639321968,1.36629407776683,355019646.56582034,0.676258970241381,241.13703079223632,241.92325744628906,236.3534226735433,True,True,True,True,False,False,accumulation,4,1,normal,False,False,,False,35.0,,0.02119706086593188,59.08034414432481,True,True,True,True,True,True,False,,Uptrend Under Pressure,258.14,-0.0351,0.3792328765027335,0.9066175754014075,0.07213622500231787,-0.09090871496655706,0.5398702612843771,0.8190148305084746,,False,,,0,1,0.279,0.882
VEEV,Veeva Systems Inc.,Health Care,XLV,46216884224.0,2026-10-01,281.92999267578125,-0.012331474446380497,0.025796814264158696,0.004310314369537327,0.003356809405654859,0.49080669812399824,True,-0.0410690322658499,0.4506347337214571,0.041114613742960326,0.45984688265978524,0.9868388472347884,0.6281786355188995,0.9044649210995777,0.7809326817436086,0.6281786355188995,412031832.14486086,0.015199159688925852,270.2019989013672,239.50500005086263,203.11866709391276,True,True,True,True,True,False,dry_up,2,1,normal,False,False,,False,24.0,,0.029194164950953932,64.71147936793162,True,True,True,True,False,True,False,,Uptrend Under Pressure,282.13,-0.0007,0.6132783628188859,0.9496588726121497,-0.18706520749862954,0.3868278801560403,0.5076009179285172,0.816790254237288,,False,,,0,1,0.279,0.882
NBIS,Nebius Group N.V.,Communication Services,XLC,59889508352.0,2026-10-01,232.27999877929688,-0.015262023185492746,-0.04599965970418074,0.13812535130205505,0.13704480064310043,0.03903647807080368,False,0.08669962750703464,0.011038122239342085,0.1599758514624372,0.05408250172232054,0.8365024665299047,0.7887534138197446,0.8229569310461823,1.5505055570624362,0.7887534138197446,3551125403.5338793,0.34139211568331473,227.9052505493164,215.46458333333334,211.9047918955485,True,True,False,True,True,False,dry_up,4,0,normal,False,False,,False,5.0,,0.06635339301599864,52.76522537503957,True,True,True,False,True,True,False,,Uptrend Under Pressure,243.48,-0.046,0.7538515024904582,0.9239023508895683,0.5415050371529035,0.6791756805537408,0.9346039174587113,0.816313559322034,,False,,,0,1,0.279,0.882
SUNB,"Sunbelt Rentals Holdings, Inc.",Industrials,XLI,29998886912.0,2026-10-01,75.61000061035156,0.03278242802748421,0.03945563418845688,0.13124572872965867,0.13017170967172276,0.022727264270092418,False,0.08013085783833418,-0.004831615969355663,0.15591042677008682,0.10848141547793144,0.895258173839738,0.5674480696056176,0.7456224472394762,1.340740968588458,0.5674480696056176,479372101.73135376,0.9944376415260514,72.63661994934083,74.51901435852051,74.63926671346029,True,True,True,True,False,False,weak_rally,0,1,normal,False,False,,False,34.0,,0.03466398302454838,55.449973007307456,True,True,True,False,False,True,False,,Uptrend Under Pressure,80.9,-0.0654,0.41942783522353694,0.9066175754014075,,-0.09792253576340537,,0.8084216101694917,,False,,,0,1,0.279,0.882
CACI,"CACI International, Inc.",Industrials,XLI,13461084160.0,2026-10-01,627.0599975585938,0.029469246340906752,0.016601261490846175,0.02082142644224083,0.019852245618920072,0.30914162861675876,False,-0.025303967970773056,0.2738648949068443,0.043078529030085244,0.41891119582683967,0.9220385569360942,1.1814457410548658,1.0152362802428605,1.0674967979506884,1.1814457410548658,160949652.91209108,0.5150422569044248,622.8079956054687,583.214165242513,543.0067489624023,True,True,True,True,True,False,accumulation,2,2,normal,False,False,,False,39.0,,0.027998592863363286,54.39981491162253,True,True,True,True,False,True,False,,Uptrend Under Pressure,628.79,-0.0028,0.7745114200672392,0.9066175754014075,0.09455560019539888,-0.037628914738161545,0.599041415200029,0.8084216101694915,,False,,,0,1,0.279,0.882
MTSI,MACOM Technology Solutions Hold,Information Technology,XLK,21751967744.0,2026-10-01,301.6300048828125,0.059019721670951375,0.05857374288763939,0.17110579182309937,0.16999392911517175,0.04151557437115305,False,0.11818986044863022,0.013450415668163185,0.0857105871714059,-0.02850545918206282,0.9209232925441531,0.8795257873161221,0.7551795726347771,3.5335567929108596,0.8795257873161221,363234153.38497317,0.8714974834069981,273.0984992980957,277.13399810791014,309.282666015625,True,True,False,True,False,False,weak_rally,3,0,normal,False,False,,False,7.0,,0.04741144264118801,61.535253896596984,True,True,True,True,True,True,False,,Uptrend Under Pressure,279.69,0.0784,0.4103263587247346,1.0,0.8254171582474867,-0.019937884421384444,0.8114858516136026,0.8019597457627119,,False,,,0,1,0.279,0.882
WSM,"Williams-Sonoma, Inc.",Consumer Discretionary,XLY,26844039168.0,2026-10-01,233.38999938964844,0.023909787180260933,0.02068571526189844,0.052633944184985015,0.05163456015340562,0.02437450417169007,False,0.005071114300745805,-0.003228763353361863,0.10872009813567485,0.09754265860969746,0.9269600465533063,1.274003094399323,0.8314817813430602,1.6129384243378508,1.274003094399323,263030301.83683318,0.9456331997197115,226.91399993896485,231.49558283487957,216.36290817260743,True,True,False,True,False,False,accumulation,2,1,normal,False,False,,False,41.0,,0.028978165855499352,55.11250888995427,True,True,True,True,False,True,False,,Uptrend Under Pressure,248.88,-0.0622,0.3834981269156969,0.8792679914183797,-0.00045164106094752743,0.06426896966594708,0.6244660474865382,0.7969809322033898,,False,,,0,1,0.279,0.882
PBR-A,Petroleo Brasileiro S.A. Petrob,Energy,XLE,130015305728.0,2026-10-01,19.1200008392334,0.00684576459621411,0.00684576459621411,0.01648066890444677,0.015515609251445683,0.14893643036029158,False,-0.029448590172556632,0.11797665976139582,0.049152841962651905,0.10505077561514864,0.9770056789673924,0.8902564808955076,0.9841841607650617,1.3481620096028448,0.8902564808955076,135902778.8701497,0.6666705198971188,18.91300001144409,17.00542704264323,16.806413086255393,True,True,True,True,True,False,weak_rally,2,1,normal,False,False,,False,143.0,,0.02443216014818947,61.659093095160664,True,True,True,True,False,True,False,,Uptrend Under Pressure,15.92,0.2009,0.4231080471429625,0.9566614457922488,0.39989672557581724,-0.1046105175665204,0.6728090780962017,0.7966631355932204,,False,,,0,1,0.279,0.882
UHS,"Universal Health Services, Inc.",Health Care,XLV,10270276608.0,2026-10-01,175.07000732421875,0.0046483004872988065,-0.010848059830245393,0.04525644266794204,0.04426406292997287,0.1453546169397535,False,-0.001973037858180593,0.11449136353615019,0.08356126786741225,0.12156885878199808,0.9651579905910163,0.7518089254400313,0.8284536105854285,0.9737934112913366,0.7518089254400313,138432242.0484558,0.374169047865804,175.83200073242188,168.4802988688151,163.98796272277832,False,True,True,False,True,False,weak_rally,2,3,normal,False,False,,False,40.0,분산3일,0.03248191753448439,50.58489689417782,True,True,True,True,False,True,False,,Uptrend Under Pressure,171.46,0.0211,0.37375874283053356,0.9496588726121497,-0.2724533448362063,-0.17462842917797616,0.17087564598315927,0.7953389830508475,,False,,,0,1,0.279,0.882
ANET,"Arista Networks, Inc.",Information Technology,XLK,256772734976.0,2026-10-01,204.49000549316406,0.0044206943929590015,-0.005882311487746761,0.09881783335041505,0.09777460174807939,0.14117145738917536,False,0.04916820351458506,0.11042092533084613,0.018693753690784076,0.064450564419269,0.9714489572121808,0.8554572262130176,0.895253284322313,1.423436162095983,0.8554572262130176,951580207.3697822,0.6652395285226237,199.04949951171875,190.05600026448568,175.3303332010905,True,True,True,True,True,False,weak_rally,1,1,normal,False,False,,False,40.0,,0.03423960330795162,57.41709514563859,True,True,True,True,False,True,False,,Uptrend Under Pressure,197.31,0.0364,0.4853036371749737,1.0,0.12654397584591304,0.30053990197433555,0.7750108416754002,0.7948622881355932,,False,,,0,1,0.279,0.882
QRVO,"Qorvo, Inc.",Information Technology,XLK,10099197952.0,2026-10-01,112.20999908447266,-0.01982882779434736,-0.03549937582448481,0.11507504866459062,0.1140163822556226,0.22376965226076195,False,0.06469084327127339,0.19079339117379956,0.03376551826386165,0.1414956872899591,0.9382891756885211,1.8167933668758758,1.304272671012344,0.9400892189832695,1.8167933668758758,197157662.5555622,0.12342276019106645,113.37649993896484,99.3288335164388,96.33804187774658,False,True,True,True,True,False,distribution,0,4,interest,False,False,,False,8.0,분산4일,0.042885789875456236,53.104943418881156,True,True,True,True,False,True,False,,Uptrend Under Pressure,117.21,-0.0427,0.26993112848195105,1.0,-0.08202106668933795,0.07311207842437395,0.5500252972426005,0.7947033898305085,,False,,,0,1,0.279,0.882
PWR,"Quanta Services, Inc.",Industrials,XLI,96597131264.0,2026-10-01,662.5999755859375,0.03126794215648232,0.029681391741938512,0.08484224074699553,0.08381227774972144,0.005402582311063053,False,0.035824092289093556,-0.021689459063347072,0.1084951974919226,0.08970408485268822,0.9173346317031801,1.0957419598839697,0.9881581706682894,1.6291355270496375,1.0957419598839697,524473486.6663208,0.9319290576495882,635.0869964599609,643.1138376871745,669.517360941569,True,True,False,True,False,False,accumulation,3,1,normal,False,False,,False,97.0,,0.031145169430794442,57.85638274889829,True,True,True,True,True,True,False,,Uptrend Under Pressure,773.6,-0.1435,0.5844397445592555,0.9066175754014075,0.2806368451095709,-0.06320984510452587,0.6855173286111814,0.7945974576271188,,False,,,0,1,0.279,0.882
AMG,"Affiliated Managers Group, Inc.",Financials,XLF,9454649344.0,2026-10-01,371.95001220703125,0.0173409565096323,0.0033449887527603472,0.043425844905091715,0.04243520315988114,0.04697561931734362,False,-0.0037209208174072694,0.018763331726691534,0.12143199343620315,0.1208688478595854,0.9701112749269375,0.5934032799146289,1.0432085923622512,1.206853159851301,0.5934032799146289,107255705.55455017,0.7058833916022178,361.156999206543,363.6805348714193,340.55042394002277,True,True,True,True,False,False,weak_rally,3,3,normal,False,False,,False,9.0,분산3일,0.03042461141647247,56.79109588890291,True,True,True,True,False,True,False,,Uptrend Under Pressure,355.8,0.0454,0.34387321567009477,0.9161407579283121,0.3124469286903775,0.13169273793145897,0.8362220375121969,0.7930084745762713,,False,,,0,1,0.279,0.882
SNDK,Sandisk Corporation,Information Technology,XLK,254752964608.0,2026-10-01,1787.68994140625,0.02747295883956835,0.01942835185725955,0.15082394316335934,0.14973133630006163,0.0908486856021038,False,0.09882443874136504,0.061454174146184926,0.06690765922839881,0.017510989752337558,0.9473513568341623,0.9691067805464535,0.745144374608644,1.1885617680270264,0.9691067805464535,16200007488.053173,0.8477653341090425,1705.2027465820313,1550.6705769856771,1542.4819534301757,True,True,False,True,True,False,weak_rally,2,0,normal,False,False,,False,9.0,,0.054328091424475956,57.42702862292167,True,True,True,True,False,True,False,,Uptrend Under Pressure,1791.82,-0.0023,0.5196938091840907,1.0,10.880179191847937,0.9033845844239841,0.9953389830508474,0.7929555084745763,,False,,,0,1,0.279,0.882
FAST,Fastenal Company,Industrials,XLI,56835555328.0,2026-10-01,50.224998474121094,0.014031894043064819,-0.009954683080467652,0.04788228988802001,0.04688741713736033,0.08718883261722854,False,0.0005341615400968891,0.05789294124667155,0.07072940400797667,0.17834798990269451,0.9588582941953024,0.8862158721307618,1.0822334750481823,1.0268079064531506,0.8862158721307618,347675629.69166106,0.9612352664767368,49.67424983978272,49.076593017578126,47.071036624908444,True,True,True,True,True,False,weak_rally,2,5,normal,False,False,,False,63.0,분산5일,0.01868862644788422,53.61293617123666,True,True,True,True,False,True,False,,Uptrend Under Pressure,48.33,0.0391,0.4525475384856997,0.9066175754014075,-0.11908192049064559,-0.09333402014539216,0.35950272848830905,0.7903601694915255,,False,,,0,1,0.279,0.882
RGEN,Repligen Corporation,Health Care,XLV,10848618496.0,2026-10-01,177.22999572753906,-0.07803152647030454,-0.07039076107304709,0.024806252027123055,0.023833287959798,0.23459415087179547,False,-0.021499195083658273,0.20132620785623345,0.062361652543983404,0.20895514137962845,0.910880346692975,1.767893552760221,1.2511003449140623,0.9193015927271332,1.767893552760221,197404544.73014832,0.007166160691386889,178.09049911499022,164.76299997965495,144.792583211263,False,True,True,True,True,False,distribution,4,4,interest,False,False,,False,5.0,분산4일,0.04104834639460503,48.911231508552184,True,True,True,True,False,True,False,,Uptrend Under Pressure,190.65,-0.0704,0.37335054675804374,0.9496588726121497,0.1031759497324467,0.23280748482153402,0.7505529254454122,0.7903601694915254,,False,,,0,1,0.279,0.882
ONTO,Onto Innovation Inc.,Information Technology,XLK,18815016960.0,2026-10-01,314.8800048828125,0.02293547329806156,0.1256568566688483,0.2370064863789758,0.23583205671491592,0.04075687688540186,False,0.18111285934712273,0.012712162394547866,0.14680590604083177,-0.029213149478470424,0.8966852762246638,0.7968271263202857,0.6929204162473983,1.5112537344961825,0.7968271263202857,226216818.57933655,0.9424153838354822,275.35750274658204,284.9500002543131,288.03883323669436,True,True,False,True,False,False,weak_rally,1,0,normal,False,False,,False,63.0,,0.04541413154247846,63.89738252511271,True,True,True,False,False,True,False,,Uptrend Under Pressure,307.58,0.0237,0.49376054619494436,1.0,0.7207435839678542,0.03886402407167866,0.851043511257273,0.7899894067796611,,False,,,0,1,0.279,0.882
SHEL,Shell PLC,Energy,XLE,270978203648.0,2026-10-01,95.61000061035156,0.005891610106407041,0.00010462485763707008,0.030280145109763845,0.029301984058845765,0.07236062352021033,False,-0.016272637598479966,0.04346429990632372,0.06339586706022549,0.03139991686794019,0.9662456145437005,1.4919721744039565,1.2445911221971446,1.8332948165656235,1.4919721744039565,605070923.189481,0.9304023161966084,95.33249931335449,90.89327430725098,87.39420166015626,True,True,True,True,True,False,accumulation,2,2,normal,False,False,,False,13.0,,0.0175452361979686,56.09667595779331,True,True,True,True,False,True,False,,Uptrend Under Pressure,96.45,-0.0087,0.34256987715062825,0.9566614457922488,0.17601343162385485,-0.11265593720151912,0.5756459831592642,0.7894597457627119,,False,,,0,1,0.279,0.882
EMBJ,Embraer S.A.,Industrials,XLI,13403814912.0,2026-10-01,74.08999633789062,-0.01633036858626169,-0.030235669395972664,0.028240517749707816,0.02726429314690182,0.09701687674231718,False,-0.018220105238920703,0.0674561543650063,0.05065937975213908,0.18900010082586705,0.9422612097912798,0.9722333351691345,1.0783246271332096,1.0796176761051888,0.9722333351691345,90596113.0008316,0.3429586581100063,75.18720207214355,72.02628930409749,66.46877880096436,False,True,True,True,True,False,dry_up,3,3,normal,False,False,,False,33.0,분산3일,0.033274132966982665,47.49199553609628,True,True,True,True,False,True,False,,Uptrend Under Pressure,75.22,-0.015,0.41436482535019065,0.9066175754014075,0.03260184091752172,-0.010333439907784125,0.5903310324888873,0.7831038135593221,,False,,,0,1,0.279,0.882
AVTR,"Avantor, Inc.",Health Care,XLV,10179201024.0,2026-10-01,15.029999732971191,-0.001328934053833719,-0.02275685168175623,0.025938575039979428,0.024964535930809273,0.3394884502842668,False,-0.02041803561833133,0.3033939771308072,0.06353547105335755,0.31167108449872893,0.9476670906889576,1.154627531838919,0.8921108637819672,0.7760433232693353,1.154627531838919,139116667.1821955,0.707964452396425,15.180499982833862,13.719333330790201,11.266249982515971,False,True,True,True,True,False,distribution,1,5,normal,False,False,,False,10.0,분산5일,0.02984507102245083,53.4723856045418,True,True,True,True,False,True,False,,Uptrend Under Pressure,15.86,-0.0523,0.5402212592092495,0.9496588726121497,-0.013146981752523157,0.5679085212085522,0.6881437244768892,0.7804555084745762,,False,,,0,1,0.279,0.882
PBR,Petroleo Brasileiro S.A. Petrob,Energy,XLE,134493929472.0,2026-10-01,20.979999542236328,0.005270661168165436,0.006717820951217757,0.005752585252812414,0.004797710978641234,0.11563577352034016,False,-0.03969192979657776,0.08557333776897291,0.038079931482164264,0.073022096136387,0.9637114883364363,0.9520714801298571,0.8962353914563166,1.3980295670476974,0.9520714801298571,447374525.6989048,0.6376804383040596,20.87150001525879,18.955078411102296,18.727132884661355,True,True,True,True,True,False,weak_rally,2,0,normal,False,False,,False,12.0,,0.02657292821555726,59.10774444710988,True,True,True,True,False,True,False,,Uptrend Under Pressure,21.77,-0.0363,0.410035142332436,0.9566614457922488,0.4531373650423416,-0.09374301984827793,0.6951158252321925,0.7766949152542373,,False,,,0,1,0.279,0.882
THC,Tenet Healthcare Corporation,Health Care,XLV,20577435648.0,2026-10-01,253.97000122070312,-0.006221616657849927,0.017752697177845445,-0.017638175763449948,-0.01857084255212671,0.2687121644887027,False,-0.06202578893994759,0.23452486175317944,0.01836179173157726,0.24236462088080213,0.9045482464592619,0.5766822239649617,0.719798339390688,1.3299739572897105,0.5766822239649617,198873442.83715516,0.2214924307158617,260.6319969177246,249.8211654663086,217.03516642252603,False,True,True,True,True,False,dry_up,1,0,normal,False,False,,False,47.0,,0.02937777573463998,44.77314327231876,True,False,True,True,False,True,False,,Uptrend Under Pressure,243.36,0.0436,0.6198978864333242,0.9496588726121497,0.13557921930135253,0.198680371978889,0.7650979364677821,0.7755296610169491,,False,,,0,1,0.279,0.882
IOT,Samsara Inc.,Information Technology,XLK,22329126912.0,2026-10-01,40.040000915527344,0.05009178583551832,0.018311323150846937,0.08833922041649989,0.08730593734232728,0.1723380292813701,False,0.03916306237696876,0.14074766841211717,0.008979224840651279,0.09352180943407196,0.9331158484714408,0.5798342512114552,0.6249237036226601,1.0805060478794923,0.5798342512114552,307082427.85338324,0.8357588225683908,39.304000282287596,38.54483359654744,35.04241677920024,True,True,True,True,True,False,weak_rally,0,0,normal,False,False,,False,19.0,,0.04881726966275099,54.0902317944948,True,True,True,True,False,True,False,,Uptrend Under Pressure,38.75,0.0333,0.36262906234271397,1.0,-0.09053774021880756,0.052476948580640226,0.5298453254309566,0.7753707627118644,,False,,,0,1,0.279,0.882
DOCU,"DocuSign, Inc.",Information Technology,XLK,12550499328.0,2026-10-01,69.73999786376953,0.03857030944209994,0.010871141081653324,0.06652391060902385,0.06551133926696484,0.4211215011119367,False,0.018333468330396174,0.3828273061460874,-0.011245346659016109,0.3255795824299845,0.9706332546254466,0.5751114759967719,0.6282045043147771,0.9909394287334325,0.5751114759967719,245132545.40133324,0.807775079013021,67.96200065612793,60.692833518981935,53.78987509409587,True,True,True,True,True,False,weak_rally,0,2,normal,False,False,,False,18.0,,0.040211620763162335,59.7502858083859,True,True,False,True,False,True,False,,Uptrend Under Pressure,68.41,0.0194,0.44394346569238824,1.0,-0.222312631922712,0.1512724535810921,0.4562240251526869,0.7750529661016948,,False,,,0,1,0.279,0.882
SN,"SharkNinja, Inc.",Consumer Discretionary,XLY,25373784064.0,2026-10-01,179.77999877929688,-0.0018876101882493446,0.016050617716200755,0.025848780481009248,0.024874826623933366,0.1925958338259397,False,-0.020503772847252133,0.16045959681857846,0.0805077746641516,0.27777955891489925,0.9321787732569745,0.5110251953811753,0.5725116957415192,0.7750858150104707,0.5110251953811753,353129492.0921585,0.5499500364598806,171.98550109863282,170.6613342285156,147.07841720581055,True,True,True,True,True,False,dry_up,2,1,normal,False,False,,False,40.0,,0.036547016497257806,57.16366689027725,True,True,True,True,False,True,False,,Uptrend Under Pressure,182.11,-0.0128,0.39926340507303343,0.8792679914183797,0.4707841126331038,0.4092370265609533,0.9167503884933685,0.7742055084745764,,False,,,0,1,0.279,0.882
GEV,GE Vernova Inc.,Industrials,XLI,253147398144.0,2026-10-01,987.4500122070312,0.03888523009436695,0.03393578795165331,0.07105669522110625,0.07003982039578527,-0.021727689839597608,False,0.02266144094245015,-0.04808866639625553,0.09440908392048541,0.0602989799664615,0.9151529306830688,1.388438793970456,0.8712153015828911,2.283962961528031,1.388438793970456,1989625614.5996215,0.7356748244425036,942.3215026855469,981.0395039876302,1009.7573333740235,True,True,False,True,False,False,accumulation,3,0,normal,False,False,,False,112.0,,0.03598973487255263,57.54265378487626,True,True,True,True,True,True,False,,Uptrend Under Pressure,1126.98,-0.1238,0.37978192920334286,0.9066175754014075,0.27025761764188916,-0.13803115904925167,0.5986203968053196,0.7741525423728814,,False,,,0,1,0.279,0.882
ARW,"Arrow Electronics, Inc.",Information Technology,XLK,11555530752.0,2026-10-01,231.6300048828125,0.02039649728111237,0.018915246633189442,0.11291019770662891,0.11185358663464706,0.03314546423988629,True,0.06262381020946362,0.005305850382289368,0.031758524855479475,-0.03631284727943229,0.9949742347353613,0.8759131404792523,0.8206532786734604,1.193264387939985,0.8759131404792523,118796312.66062622,0.8275420045772429,221.02650146484376,213.73016738891602,209.48883374532065,True,True,True,True,True,False,weak_rally,1,1,normal,False,False,,False,9.0,,0.032907769086618716,62.14675255116205,True,True,True,True,False,True,False,,Uptrend Under Pressure,219.31,0.0562,0.38110343598582913,1.0,0.4764487588428117,0.2051902105644472,0.8953642802934481,0.7723516949152543,,False,,,0,1,0.279,0.882
EXPD,Expeditors International of Was,Industrials,XLI,24001468416.0,2026-10-01,187.74000549316406,0.016789461188058352,0.022214971957426943,0.00848733240209043,0.007529861724253628,0.032464058085398095,False,-0.037080751067410156,0.004642805712101072,0.030475513130274523,0.11903462488934724,0.968231105738926,1.3889090856247295,0.9534181518992157,2.287399495294174,1.3889090856247295,195650907.62613067,0.7482757317907622,188.83100128173828,183.33066685994467,169.8083866119385,False,True,True,True,True,False,accumulation,3,3,normal,False,False,,False,8.0,분산3일,0.021140559442240178,50.725201755633165,True,True,True,True,False,True,False,,Uptrend Under Pressure,192.15,-0.023,0.36795626756472005,0.9066175754014075,0.3418459181463849,0.12164021854008089,0.8415715008492646,0.7716101694915255,,False,,,0,1,0.279,0.882
CRBG,Corebridge Financial Inc.,Financials,XLF,14763984896.0,2026-10-01,33.65999984741211,0.016304375994634634,-0.012613678593461075,0.010793576388411497,0.009833916133252574,0.044322156580692385,False,-0.034878713762812485,0.016181370419926733,0.08636014802266079,0.11802810957915821,0.9650229018536826,1.1307883527767202,1.2123712978063734,1.1911360524535188,1.1307883527767202,164348839.614089,0.9715296500530799,34.19267749786377,32.75284560521444,29.98793748219808,False,True,True,True,True,False,accumulation,2,5,normal,False,False,,False,5.0,분산5일,0.026031662055821917,49.88717791024404,True,True,True,True,False,True,False,,Uptrend Under Pressure,34.09,-0.0126,0.4018317829248234,0.9161407579283121,-0.10590288214281218,0.15358161020820016,0.5540836977340899,0.7704978813559322,,False,,,0,1,0.279,0.882
DAL,"Delta Air Lines, Inc.",Industrials,XLI,54885220352.0,2026-10-01,84.12999725341797,0.008027775896177314,0.016553831341526104,0.07665725506216292,0.07563506299421996,-0.016997734956845867,False,0.028008941800896192,-0.04348616705781716,0.10013175349758696,0.06542553449057653,0.9032638802311197,0.8931710569431405,0.9268688952650368,1.605564587373313,0.8931710569431405,582813377.1447442,0.9402949723520355,81.13750038146972,84.32833315531413,80.89478982289633,True,False,False,True,False,False,weak_rally,4,1,normal,False,False,,False,72.0,,0.028947549144859638,55.123299823689216,True,True,True,True,True,True,False,,Uptrend Under Pressure,83.97,0.0019,0.41168920066795217,0.9066175754014075,0.18009744649400683,-0.02566560171308463,0.669954103574139,0.7689088983050848,,False,,,0,1,0.279,0.882
GNRC,Generac Holdlings Inc.,Industrials,XLI,12223281152.0,2026-10-01,207.91000366210938,0.004638834153292137,0.0497854100399826,0.1501992143192208,0.1491072005814198,-0.04931993712977478,False,0.09822793801194929,-0.07493740027364615,0.17527715767585894,0.030393164016339957,0.9369536249698984,0.6777772501028765,0.718310580423986,2.4434094655329845,0.6777772501028765,290173453.8095169,0.8220698915678879,195.32700119018554,204.24733352661133,230.33108406066896,True,True,False,True,False,False,weak_rally,1,1,normal,False,False,,False,9.0,,0.05675188586853329,55.501039090556745,True,True,True,True,False,True,False,,Uptrend Under Pressure,207.44,0.0023,0.28621519438549115,0.9066175754014075,-0.06004205091518777,-0.21805470785200665,0.3126513317191283,0.7680614406779661,,False,,,0,1,0.279,0.882
WTS,"Watts Water Technologies, Inc.",Industrials,XLI,11823608832.0,2026-10-01,359.489990234375,0.014992370174490732,0.014362292397153142,0.021742820532369755,0.020772764925801157,0.028935297566258233,False,-0.024424206691943118,0.0012091328003203117,0.0440200123956318,0.11520998307936248,0.9181099904960495,1.3841763966784753,0.8562553433007684,1.5066903572800614,1.3841763966784753,69405319.26823731,0.832227605645948,354.91500091552734,358.84912668863933,338.08380432128905,True,True,False,True,False,False,accumulation,2,0,normal,False,False,,False,39.0,,0.018890852276789927,52.3007797804572,True,True,True,True,False,True,False,,Uptrend Under Pressure,376.47,-0.0451,0.5033066436124997,0.9066175754014075,0.11278387194795347,0.0455354064581599,0.6878817173213834,0.7670021186440679,,False,,,0,1,0.279,0.882
IHG,Intercontinental Hotels Group,Consumer Discretionary,XLY,23497388032.0,2026-10-01,161.44000244140625,0.003980095631232361,0.023975635490901093,0.005794081156302644,0.004839167485394036,0.016998535783467883,False,-0.039652308868343034,-0.010405975497800757,0.05938452633437641,0.08963984579889206,0.9809211365007049,1.2330837127609393,1.0796282295997202,1.8164401605024425,1.2330837127609393,25354020.077319335,0.9283012132134899,156.65350189208985,158.43764572143556,156.85723050435385,True,True,False,True,False,False,accumulation,4,1,normal,False,False,,False,,,0.015083014627254717,58.51405994055309,False,True,True,True,True,True,False,,Uptrend Under Pressure,,,0.43818106135013773,0.8792679914183797,0.12497428595244542,0.00933635773734709,0.6667440641827184,0.7640889830508475,,False,,,0,1,0.279,0.882
STX,Seagate Technology Holdings PLC,Information Technology,XLK,209733681152.0,2026-10-01,945.5700073242188,0.025185918199764012,0.043767689378803265,0.1694783597852485,0.16836804218196022,0.01614137753982292,False,0.11663596325505443,-0.011240036360347094,0.08420182493512107,-0.052173750185930845,0.9505222491276726,0.6550873660242035,0.7619075250044582,1.7449697526610002,0.6550873660242035,3260871477.034436,0.9851731099457001,869.8144714355469,854.9981557210286,829.8595957438151,True,True,False,True,True,False,weak_rally,3,0,normal,False,False,,False,9.0,,0.04877555247499192,61.96426370837033,True,True,True,True,True,True,False,,Uptrend Under Pressure,858.1,0.1019,0.4417338047926375,1.0,2.015722378240949,0.6570288211712842,0.9840735788370496,0.7636122881355932,,False,,,0,1,0.279,0.882
FPS,"Forgent Power Solutions, Inc.",Industrials,XLI,11942790144.0,2026-10-01,37.33000183105469,-0.002937948709640925,-0.041591756101483246,0.2688647768269201,0.26766010049741373,-0.06278853109195903,False,0.21153164610306763,-0.0880430632952317,0.2965300009066745,0.015795248598142297,0.9360581953670177,0.6655753642658085,0.737064475623307,2.8647198698577494,0.6655753642658085,392827551.4017784,0.7595662583723204,35.062000370025636,36.01900024414063,41.77191670735677,True,True,False,True,False,False,dry_up,1,1,normal,False,False,,False,8.0,,0.07141229790835302,54.30266004486877,True,True,True,True,False,True,False,,Uptrend Under Pressure,37.75,-0.0111,0.3456662395719751,0.9066175754014075,,-0.13794364714053042,,0.7634533898305085,,False,,,0,1,0.279,0.882
LECO,"Lincoln Electric Holdings, Inc.",Industrials,XLI,14421132288.0,2026-10-01,269.3999938964844,0.0182175809541143,0.01421989836774884,-0.008811080675289018,-0.0097521280201176,0.05819255243872168,False,-0.053597542496531037,0.029678008198280814,0.012799940498347206,0.14692041500685438,0.9312980731241611,0.8336755354375004,0.8333052450681357,2.2216181081287756,0.8336755354375004,110021616.10295105,0.9570130044982377,263.21751098632814,266.66717961629234,263.97902323404946,True,True,True,True,False,False,weak_rally,2,0,normal,False,False,,False,43.0,,0.023239712884738542,53.18890316758873,True,False,True,True,False,True,False,,Uptrend Under Pressure,260.55,0.034,0.37146015410972305,0.9066175754014075,-0.0024499763317182843,-0.07430770169680356,0.4977548697192006,0.7614936440677966,,False,,,0,1,0.279,0.882
TX,Ternium S.A. Ternium S.A.,Materials,XLB,10659507200.0,2026-10-01,55.29999923706055,0.01841620652026621,-0.00414189712393942,-0.0276068177301122,-0.028530020163537007,0.1668297679733164,False,-0.07154400193777743,0.13538783525203568,0.05587873470870863,0.24610379483133915,0.9516434117402083,0.8925616120945378,0.822985142620276,1.0287469476034325,0.8925616120945378,24720918.065598868,0.8206866881714237,56.54400005340576,52.712999979654946,48.79406661987305,False,True,True,True,True,False,weak_rally,1,1,normal,False,False,,False,,,0.025754592411219916,49.52094124203348,False,False,True,True,False,True,False,,Uptrend Under Pressure,,,0.4235634741064173,0.9085780336452783,0.43109159533738994,0.20677381742823853,0.8866168551913556,0.7614406779661017,,False,,,0,1,0.279,0.882
PFG,Principal Financial Group Inc,Financials,XLF,23971155968.0,2026-10-01,112.23999786376953,0.0025008822935557173,-0.01673240154689226,0.016022418969021457,0.015057794384327305,0.019538648955103044,False,-0.029886134273970355,-0.00793430938643025,0.09197989703230003,0.09149543668241344,0.9470930372167794,0.8334279134167444,0.8073298321030068,1.1846863761484288,0.8334279134167444,176842505.4326767,0.9954535681340556,115.33049964904785,112.81085357666015,107.54492276509603,False,False,True,True,True,False,weak_rally,1,1,normal,False,False,,False,9.0,,0.023323741595835962,44.25848883989557,True,True,True,True,False,True,False,,Uptrend Under Pressure,117.67,-0.0461,0.25874981426585103,0.9161407579283121,0.17451406357114574,0.0498662775204648,0.7332649705467817,0.7556144067796611,,False,,,0,1,0.279,0.882
DINO,HF Sinclair Corporation,Energy,XLE,19079763968.0,2026-10-01,112.69999694824219,0.050130425537798784,0.065318044927823,0.0626060677210567,0.061597216028779433,0.2179488240236891,False,0.014592651554709679,0.1851294136572308,0.09676082383137175,0.17142711910081965,0.9663865056935549,0.8796128713328981,0.7770941027564217,0.6184734511995653,0.8796128713328981,305434362.9285835,0.9457302716384705,108.78750038146973,96.41098136901856,81.9171690940857,True,True,True,True,True,False,weak_rally,0,4,normal,False,False,,False,22.0,분산4일,0.04737609457733879,64.7353533470473,True,True,True,True,False,True,False,,Uptrend Under Pressure,101.61,0.1091,0.3368778683817099,0.9566614457922488,0.7790728271545502,0.48352114087216735,0.9536184091648297,0.7552436440677966,,False,,,0,1,0.279,0.882
FFIV,"F5, Inc.",Information Technology,XLK,25209288704.0,2026-10-01,443.67999267578125,-0.0033694236593700966,-0.0064270410830647995,0.1344993553992464,0.13342224730684027,0.08079216334997441,False,0.08323747073105547,0.05166863957772638,0.051773434899172965,0.008130566926248806,0.973003798718769,1.0058062006509234,0.9281299516823979,0.9348605701897011,1.0058062006509234,234707649.07268372,0.2918488686596685,426.5594970703125,411.2113337198893,389.06800003051757,True,True,True,True,True,False,distribution,2,3,normal,False,False,,False,47.0,분산3일,0.03162109150496128,60.0540364442179,True,True,True,True,False,True,False,,Uptrend Under Pressure,407.96,0.0876,0.39438709043251374,1.0,0.06196153968427942,0.14832158138433305,0.7101767193090238,0.7521716101694915,,False,,,0,1,0.279,0.882
WF,Woori Financial Group Inc.,Financials,XLF,18331940864.0,2026-10-01,73.0999984741211,-0.032300799733041896,-0.04854878651618,-0.03460119789149818,-0.03551775977159244,0.14670388779208365,False,-0.07822234392121974,0.11580427631421264,0.03757167641168979,0.22763571742355682,0.9045910244102868,1.2106360394169184,1.0781103678349053,1.16031038302746,1.2106360394169184,6694830.3265831,0.6567775514822358,77.49200057983398,71.292333984375,67.74091701507568,False,True,True,True,True,False,distribution,1,2,normal,False,False,,False,,,0.030349797682378655,43.00059529221498,False,False,True,True,False,True,False,,Uptrend Under Pressure,,,0.32157846166492454,0.9161407579283121,0.14844419303350187,-0.04936926103625139,0.6253162155325069,0.751853813559322,,False,,,0,1,0.279,0.882
IQV,"IQVIA Holdings, Inc.",Health Care,XLV,44252712960.0,2026-10-01,260.7200012207031,-0.030239928206221456,-0.05199617614797403,-0.011825330353597452,-0.012763515931510261,0.2816344883726971,False,-0.05647559454842821,0.24709897474187836,0.0243876566630008,0.25501858484709516,0.948003823852026,0.8947838511258692,0.8384248031526441,0.8993919273927172,0.8947838511258692,439718456.76687926,0.14810979929540216,266.8709991455078,244.97800038655598,211.18733329772948,False,True,True,True,True,False,dry_up,3,1,normal,False,False,,False,19.0,,0.026593939549196862,47.93799834419232,True,False,True,True,True,True,False,,Uptrend Under Pressure,271.62,-0.0401,0.5676869198616851,0.9496588726121497,0.17969772387731053,0.28565555197695747,0.8093527519786058,0.7509533898305084,,False,,,0,1,0.279,0.882
SHOP,Shopify Inc.,Information Technology,XLK,190809309184.0,2026-10-01,149.08999633789062,0.005326994402401253,0.027073522848133358,0.05089167173607967,0.04989394184008433,0.228619958634928,False,0.0034075657126437786,0.19551299895689422,-0.025737707096519347,0.14601990783907715,0.9404528952621234,0.4618087992938871,0.6622528646213635,1.1264635055713317,0.4618087992938871,1447904535.5805144,0.2332614885707506,138.15650024414063,137.20166676839193,125.78375021616618,True,True,True,True,True,False,weak_rally,2,2,normal,False,False,,False,38.0,,0.04498386541982528,59.13874424829601,True,True,False,True,False,True,False,,Uptrend Under Pressure,151.57,-0.0164,0.40833398394169995,1.0,-0.1839815293262228,0.012117862490571119,0.40042192186765935,0.7503707627118643,,False,,,0,1,0.279,0.882
EME,"EMCOR Group, Inc.",Industrials,XLI,33280477184.0,2026-10-01,769.030029296875,0.019271347865043698,0.022700684644694435,0.047353824352150964,0.04635945333338065,-0.0061881524240943175,False,2.957450113671989e-05,-0.03296786451814482,0.07018941626916275,0.07714148434860779,0.8915876931938518,0.9012981058680991,1.0149947705767555,1.2952399586055237,0.9012981058680991,267441630.93691406,0.9769663890788473,754.3600067138672,770.0824513753255,809.2828297932942,True,False,False,True,False,False,weak_rally,3,2,normal,False,False,,False,44.0,,0.029486114029401586,52.89317165986144,True,True,True,False,False,True,False,,Uptrend Under Pressure,802.37,-0.0416,0.6675705910572519,0.9066175754014075,-0.016286674443076965,-0.16867167936269178,0.3902461060315854,0.749364406779661,,False,,,0,1,0.279,0.882
APG,APi Group Corporation,Industrials,XLI,16681385984.0,2026-10-01,40.0099983215332,0.03652849490026355,0.05762612701458969,0.016514169235319898,0.015549077776679354,0.0024325833574305733,False,-0.02941660354029374,-0.02457942705629823,0.03867736013298684,0.0864850559296253,0.8946779344677337,0.9408544895455783,0.7236052212115222,1.7749222011245003,0.9408544895455783,143289059.6620577,0.8976666399574296,38.190499496459964,40.02349999745687,41.82666670481364,True,False,False,False,False,False,weak_rally,1,0,normal,False,False,,False,115.0,,0.02490931904279875,59.499336922969434,True,True,True,False,False,True,False,,Uptrend Under Pressure,46.75,-0.1442,0.3477090455329092,0.9066175754014075,-0.01281619915251353,-0.19185309225887792,0.37564779010516425,0.7493114406779662,,False,,,0,1,0.279,0.882
DDS,"Dillard's, Inc.",Consumer Discretionary,XLY,10464875520.0,2026-10-01,646.3499755859375,-0.03528413109600004,-0.00790691722225878,0.015220059136977548,0.014256196322895098,0.07029448256249893,False,-0.030652239808489412,0.04145383413514625,0.06931273669609905,0.14674257032274918,0.9482304643337663,2.100738535000131,1.3591321778214842,0.8757926445318807,2.100738535000131,124896280.02284546,0.11004786489456177,649.5639709472656,611.9208231608073,592.117744954427,False,True,True,True,True,False,distribution,2,4,attention,False,False,,False,11.0,분산4일,0.03410048820926984,51.03719890129107,True,True,True,True,False,True,False,,Uptrend Under Pressure,647.49,-0.0018,0.46311938436138017,0.8792679914183797,-0.07646167296232975,-0.06789566136203273,0.433316468504933,0.7487288135593221,,False,,,0,1,0.279,0.882
TW,Tradeweb Markets Inc.,Financials,XLF,21985742848.0,2026-10-01,103.30000305175781,0.024395148782277776,0.021457587830266744,-0.0016429705899269065,-0.0025908234294816923,0.021133871776861213,False,-0.04675332050395287,-0.006382072174067721,0.0729938491740354,0.09320324681028391,0.9500731128386621,0.8345832951709513,0.8700249869634235,1.2397769912720775,0.8345832951709513,133450393.70748444,0.9800417256765194,102.38999977111817,102.77005017598471,104.37203121185303,True,True,True,False,False,False,weak_rally,4,2,normal,False,False,,False,45.0,,0.024097628139375476,51.9975621148237,True,False,True,True,False,True,False,,Uptrend Under Pressure,108.04,-0.0439,0.41371482742411586,0.9161407579283121,-0.1619237845222643,-0.22573046948037645,0.20287846481876332,0.7475105932203391,,False,,,0,1,0.279,0.882
AIT,Applied Industrial Technologies,Industrials,XLI,12206306304.0,2026-10-01,339.3900146484375,0.021366896147754,0.022197535927459322,0.062419789261060954,0.061411114423918445,-0.02859893557577886,False,0.014414790009969813,-0.05477475637786278,0.08558386637428517,0.052851590554021666,0.9376709578733494,0.6579352941977296,0.7735415607069388,1.5217332746478873,0.6579352941977296,93179338.43444213,0.9502148198196742,326.2585021972656,336.5753718058268,323.87667922973634,True,True,True,True,False,False,weak_rally,2,1,normal,False,False,,False,33.0,,0.022115303935401027,58.67348329882988,True,True,True,True,False,True,False,,Uptrend Under Pressure,361.95,-0.0623,0.39843429233538546,0.9066175754014075,0.06735486312567884,0.019489186404285652,0.6487523038560226,0.7436440677966102,,False,,,0,1,0.279,0.882
EQH,"Equitable Holdings, Inc.",Financials,XLF,13984702464.0,2026-10-01,51.95000076293945,0.013263122666362426,-0.012545140462937865,0.008346279141210333,0.0073889423811304145,0.046521085221452374,False,-0.037215430894971924,0.018321045716043427,0.08372989169552403,0.12038223375036017,0.9613249423171758,0.6867645665886403,0.701982950694646,0.9210355004340086,0.6867645665886403,173200805.62927476,1.0,52.92950019836426,50.5839724222819,46.36804854075114,False,True,True,True,True,False,weak_rally,0,2,normal,False,False,,False,7.0,,0.026947628461016872,49.26011306321454,True,True,True,True,False,True,False,,Uptrend Under Pressure,52.2,-0.0048,0.40338131944689537,0.9161407579283121,-0.1342991193892895,0.14107725937044524,0.5180793972028478,0.7434851694915254,,False,,,0,1,0.279,0.882
HALO,"Halozyme Therapeutics, Inc.",Health Care,XLV,12530179072.0,2026-10-01,106.94000244140625,-0.031340570984155214,-0.07186251251149178,-0.02480394975258393,-0.025729813264453893,0.34104415290830037,False,-0.0688677803918405,0.3049077590749081,0.010933418337294443,0.31319447960347224,0.9281374874885082,0.9217224484272449,1.0272600269853969,0.9793436772508656,0.9217224484272449,279613960.1348877,0.027398921015942292,110.27700004577636,98.13850008646646,83.81800028483073,False,True,True,True,True,False,dry_up,3,4,normal,False,False,,False,7.0,분산4일,0.030090300564993865,47.17053164908947,True,False,True,True,False,True,False,,Uptrend Under Pressure,115.13,-0.0711,0.6704196225847046,0.9496588726121497,0.273896576013692,0.41309705338481706,0.8666410682664161,0.7429025423728814,,False,,,0,1,0.279,0.882
ALLE,Allegion plc,Industrials,XLI,13076106240.0,2026-10-01,154.27999877929688,0.0033166059222595745,0.011804847207460334,-0.0015605285711619565,-0.0025084596822160243,0.07961953938596777,False,-0.046674603593745756,0.05052761367951808,0.02020857733484771,0.1701440227569242,0.9164674364675017,0.9963157609784152,0.8787896341544216,1.085534313096519,0.9963157609784152,162295046.83132324,0.8865974516281264,153.75878448486327,154.3570292154948,144.41302649180093,True,False,True,True,False,False,weak_rally,1,2,normal,False,False,,False,49.0,,0.019159639141762445,49.19254654324886,True,False,True,True,False,True,False,,Uptrend Under Pressure,154.02,0.0017,0.6659868487975327,0.9066175754014075,-0.251651447422398,-0.09275573723105246,0.2620586534639153,0.7421610169491526,,False,,,0,1,0.279,0.882
ITT,ITT Inc.,Industrials,XLI,18131474432.0,2026-10-01,202.1300048828125,0.0015360100453061243,-0.055334842596360234,0.007525260211725948,0.006568702937441717,0.023973658851170088,False,-0.0379993524233222,-0.0036188073111248498,0.029492464754572456,0.1098323183801464,0.9213074132645035,1.0793352791784336,1.2135938997968334,1.3947121210094824,1.0793352791784336,182446429.949176,0.9153658469308177,203.43047943115235,202.78885396321616,201.51103515625,False,False,True,True,True,False,accumulation,5,3,normal,False,False,,False,39.0,분산3일,0.03137832486968489,47.255175603410486,True,True,True,True,False,True,False,,Uptrend Under Pressure,214.0,-0.0555,0.34988247147709095,0.9066175754014075,-0.05185064181587884,-0.1345420722633296,0.38729265295797044,0.7412605932203391,,False,,,0,1,0.279,0.882
HMC,"Honda Motor Company, Ltd.",Consumer Discretionary,XLY,41001848832.0,2026-10-01,31.6200008392334,0.0006329258709565355,-0.017707294557093967,-0.02527736813158965,-0.026202782174039818,0.08156894027460004,False,-0.06931980755697842,0.05242448511332354,0.02665753658262293,0.15882233045083605,0.9475577420238016,2.012794673783223,1.0109394513130892,1.2808492116072612,2.012794673783223,27697293.37277441,0.3395900306471352,32.188500022888185,30.998333263397218,28.411666663487754,False,True,True,True,True,False,accumulation,4,1,attention,True,False,surge,False,63.0,,0.017076659720938546,46.46056835649738,False,False,True,True,True,True,False,,Uptrend Under Pressure,28.02,0.1285,0.3540752910414933,0.8792679914183797,-0.09804489504286684,0.1303823621358584,0.556267391854288,0.740625,,False,,,0,1,0.279,0.882
BRK-B,Berkshire Hathaway Inc. New,Financials,XLF,1065966436352.0,2026-10-01,500.5,0.005120971443833611,-0.009264010340141904,-0.009381660846316198,-0.010322166475085659,-0.001971163091859518,False,-0.054142341238259006,-0.02886450812407293,0.06467661716067896,0.06846750957320791,0.9453742135852397,0.978689922791089,0.9327144028967973,1.6339221463668683,0.978689922791089,2359901917.044116,0.815081252260051,507.08900146484376,504.61633249918617,493.6768325805664,False,False,True,True,True,False,weak_rally,3,2,normal,False,False,,False,9.0,,0.012019404981179534,43.42631098910737,True,False,True,True,False,True,False,,Uptrend Under Pressure,509.77,-0.0182,0.42676726969536766,0.9161407579283121,-0.1333886426826324,-0.09934065063264241,0.33801091395323624,0.7384004237288135,,False,,,0,1,0.279,0.882
GLW,Corning Incorporated,Information Technology,XLK,132177903616.0,2026-10-01,160.4199981689453,0.043314281347826666,0.04067469685838199,0.11302291496748151,0.11196619688030096,0.018074929374036097,False,0.06273143438745254,-0.009358586905035327,0.03186302294977561,-0.050370190932905956,0.927902934434442,0.9290755797042138,0.822853468828905,2.0211095037919207,0.9290755797042138,1301526816.7813416,0.9420724946695096,155.1010009765625,155.65434773763022,170.66309178670247,True,True,False,True,False,False,weak_rally,2,0,normal,False,False,,False,17.0,,0.052923576489854775,54.14748352597394,True,True,True,True,False,True,False,,Uptrend Under Pressure,165.96,-0.0334,0.3596011035699284,1.0,0.5524546934961381,-0.11990709353033024,0.680590690614723,0.7383474576271187,,False,,,0,1,0.279,0.882
AVY,Avery Dennison Corporation,Materials,XLB,13054613504.0,2026-10-01,171.6199951171875,0.005566279711925581,0.015442877316027559,-0.016053222572825043,-0.016987394136184664,0.06832164680398045,False,-0.0605124512044356,0.03953415931825943,0.06842427252041561,0.1409030646305458,0.9396188187622211,0.9252543641996154,0.787197369000602,0.9326216986164549,0.9252543641996154,145223857.394104,0.6666561521658557,170.93199920654297,170.43634999593098,165.37328287760417,True,True,True,True,True,False,weak_rally,0,1,normal,False,False,,False,44.0,,0.020169109719097234,49.85602887845385,True,False,True,True,False,True,False,,Uptrend Under Pressure,173.81,-0.0126,0.49255231353220696,0.9085780336452783,-0.058700143078577405,-0.13671843237123904,0.37792996277691443,0.7382944915254237,,False,,,0,1,0.279,0.882
MOG-B,Moog Inc.,Industrials,XLI,12288413696.0,2026-10-01,392.25,0.010953608247422641,-0.0011967845264876376,0.050228949252033805,0.0492318485531793,-0.0502183628592664,False,0.0027747880702435612,-0.07581161660934521,0.0731272278919064,0.029419406633388823,0.8716666666666667,6.933442221314822,1.7133523887300939,3.898,5.0,93864.42536010742,0.899993896484375,377.20449981689455,393.22486165364586,373.3624412536621,True,False,False,True,False,False,accumulation,5,1,conviction,False,False,,False,,거래량5x+,0.009669490322046004,56.168476968016314,False,True,True,False,True,True,False,,Uptrend Under Pressure,,,0.6225229978329048,0.9066175754014075,0.5780859203598854,0.08807413653438556,0.8717167792996278,0.7366525423728814,,False,,,0,1,0.279,0.882
U,Unity Software Inc.,Information Technology,XLK,18012839936.0,2026-10-01,43.61000061035156,0.06547765172718267,0.05287306948864634,0.06992155069134842,0.0689057535866564,0.45397679550601056,False,0.021577587449297386,0.41479726663436756,-0.00809545718316007,0.3562260172277367,0.9257057959105409,0.9985387538693855,1.1151351292464649,0.6918287747530373,0.9985387538693855,430596861.5834999,0.9176026002786013,42.22000007629394,39.251166852315265,33.32100003560384,True,True,True,True,True,False,weak_rally,3,4,normal,False,False,,False,32.0,분산4일,0.048781413738508236,56.66086630874758,True,True,False,True,False,True,False,,Uptrend Under Pressure,45.45,-0.0405,0.38817232242991,1.0,-0.11361942189355856,0.5986621309334528,0.5877091539879296,0.7359639830508475,,False,,,0,1,0.279,0.882
RVMD,"Revolution Medicines, Inc.",Health Care,XLV,43994689536.0,2026-10-01,205.88999938964844,0.003069301859459639,0.03017111358391822,-0.015963276805874393,-0.016897533764887118,0.0977592051164391,False,-0.060426569599804636,0.06817847961661871,0.020098069609366,0.07496186830723772,0.9309970837531254,0.8401068189698155,0.9442667842355493,1.2288636164575533,0.8401068189698155,406792387.08146894,0.34514452776915605,201.7675003051758,199.0819170633952,177.24412511189777,True,True,True,True,True,False,weak_rally,2,2,normal,False,False,,False,24.0,,0.036522621028068844,55.12563366278819,True,False,True,True,False,True,False,,Uptrend Under Pressure,221.15,-0.069,0.41633343019857866,0.9496588726121497,2.8977337476751948,0.8253690858063885,0.9898061147049257,0.7354872881355933,,False,,,0,1,0.279,0.882
CRWV,"CoreWeave, Inc.",Information Technology,XLK,48049868800.0,2026-10-01,88.56999969482422,0.016643674271452857,-0.01730830584857912,0.09440256222462695,0.09336352253675728,0.04590069089520088,False,0.04495243459049658,0.017717368821247748,0.014600437237248354,-0.024415153795573352,0.8221479340474167,0.6684960889798208,0.7357578175526607,1.6185612080381715,0.6684960889798208,2636819663.145871,0.9292242573093303,86.93950004577637,85.44483362833658,96.97620817820231,True,True,False,True,False,False,weak_rally,4,0,normal,False,False,,False,17.0,,0.05207423879964356,52.376867895122196,True,True,True,False,True,True,False,,Uptrend Under Pressure,99.83,-0.1128,0.543955408567908,1.0,-0.4812566299503266,-0.10477031054300812,0.16684706009902064,0.7350635593220339,,False,,,0,1,0.279,0.882
NVDA,NVIDIA Corporation,Information Technology,XLK,5514691870720.0,2026-10-01,230.86000061035156,0.010859075551783226,0.027963303624964464,0.02989313635155688,0.028915342731667515,0.06357893009985083,True,-0.016642159525835698,0.03491924204436425,-0.04520506208806008,-0.007925421619498274,1.0,0.8876062276934956,1.0065745148895489,1.741985649917626,0.8876062276934956,24577294298.172493,0.6545447147253788,223.46024398803712,215.8770378112793,211.68885854085286,True,True,True,True,True,False,weak_rally,3,0,normal,False,False,,False,24.0,,0.023030340621716387,60.215569114172304,True,True,False,True,True,True,False,,Uptrend Under Pressure,227.73,0.0138,0.5624409165429646,1.0,0.012060836279585319,0.06268225531676208,0.6327897437750714,0.7346927966101695,,False,,,0,1,0.279,0.882
URI,"United Rentals, Inc.",Industrials,XLI,62291038208.0,2026-10-01,1034.1099853515625,0.03330397797616369,0.012176145574886776,0.0554081133489035,0.054406095485897144,-0.023338449282825913,False,0.007719933777109,-0.04965602157312532,0.07841931397849677,0.058553160753459066,0.8877852655649296,1.0974231494020747,1.3112512046648812,1.1697659096019788,1.0974231494020747,489868300.0648254,0.9448006209165962,1014.9260070800781,1063.6367767333984,1023.8866795857747,True,False,False,True,False,False,accumulation,3,4,normal,False,False,,False,49.0,분산4일,0.03027828261661302,50.60847663486507,True,True,True,False,False,True,False,,Uptrend Under Pressure,1137.75,-0.0911,0.4817971630770885,0.9066175754014075,-0.09309217242331103,0.1656313312596609,0.5747361858985942,0.7285487288135593,,False,,,0,1,0.279,0.882
FROG,JFrog Ltd.,Information Technology,XLK,11965159424.0,2026-10-01,97.58999633789062,0.005667718643593611,0.03598725583304496,0.06388305643198366,0.0628729923504101,0.1952261506975077,False,0.01581194005830655,0.1630190359594086,-0.013693633875429767,0.11487116373324424,0.9380947561571261,1.2053256815246007,1.0176386820284031,0.8737445942508267,1.2053256815246007,158107955.59585112,0.46310421208550356,91.33850021362305,89.41924997965495,79.44487517674764,True,True,True,True,True,False,accumulation,2,3,normal,False,False,,False,24.0,분산3일,0.0514609342329258,59.01578692532731,True,True,False,True,False,True,False,,Uptrend Under Pressure,104.03,-0.0619,0.45665472084146724,1.0,0.6818615069228755,0.6248678494840987,0.9518828376278414,0.7282309322033899,,False,,,0,1,0.279,0.882
XOM,ExxonMobil Holdings Corporation,Energy,XLE,669213655040.0,2026-10-01,163.82000732421875,0.006574545770929419,0.010361465035737316,-0.0020102746544951033,-0.0029577787709075265,0.04178045212194248,False,-0.047104028086110916,0.013708155900997498,0.030067554284388454,0.0019878090879621446,0.9675171287379616,0.8217373917299333,0.8114418893652096,1.7321079066768623,0.8217373917299333,2316529497.102411,0.9211778745241948,162.6865020751953,157.5273671468099,151.91639925638836,True,True,True,True,True,False,weak_rally,1,1,normal,False,False,,False,95.0,,0.022914948055930244,54.77108446588831,True,False,True,True,False,True,False,,Uptrend Under Pressure,156.9,0.0441,0.3416045823383893,0.9566614457922488,0.30247109925982274,-0.1102661552402503,0.6381084890318384,0.7279661016949153,,False,,,0,1,0.279,0.882
MEDP,"Medpace Holdings, Inc.",Health Care,XLV,17421897728.0,2026-10-01,598.0800170898438,-0.04181482247460411,-0.036271948938147225,0.008532591467305561,0.007575077819937492,0.10514889431515284,False,-0.03703753701435841,0.07536904284426615,0.045491621851772246,0.08219809467658701,0.9490471362173855,0.9637140466309508,1.04162469251736,0.8119349371721032,0.9637140466309508,147510043.57581177,0.023154165381208763,608.1855010986328,589.101665242513,526.6358746846516,False,True,True,True,True,False,dry_up,4,3,normal,False,False,,False,12.0,분산3일,0.02752796179867855,45.54991423028831,True,True,True,True,False,True,False,,Uptrend Under Pressure,620.48,-0.0361,0.5787871123366745,0.9496588726121497,-0.016203170236521958,0.022217747585119074,0.5790213581005385,0.7276483050847458,,False,,,0,1,0.279,0.882
TEAM,Atlassian Corporation,Information Technology,XLK,45385256960.0,2026-10-01,189.91000366210938,0.05923370390799132,-0.014017947872313585,0.018611892165114385,0.017644809101690306,1.1701216301676518,False,-0.02741366535443146,1.1116445325090605,-0.055663695573784144,1.024224474887688,0.9705627098648887,0.7836899400630278,0.9525369085203711,0.9646350943970294,0.7836899400630278,591005425.3368332,0.8635289809283089,186.9275001525879,149.7955000559489,116.95087505976359,True,True,True,True,True,False,weak_rally,0,3,normal,False,False,,False,37.0,분산3일,0.04902059069304907,57.719602025714046,True,True,False,True,False,True,False,,Uptrend Under Pressure,151.87,0.2505,0.6456214344414181,1.0,0.01574587610066014,1.3130922788331074,0.7298561671063568,0.7271186440677966,,False,,,0,1,0.279,0.882
CRL,Charles River Laboratories Inte,Health Care,XLV,14083444736.0,2026-10-01,286.8299865722656,-0.027727951332424672,-0.025845726823939374,-0.01689752888793683,-0.01783089885616096,0.27988187129899234,False,-0.06131860788751464,0.24539358449562543,0.019129580605879548,0.25330236464580147,0.9606470609939688,0.6732047723636149,0.7991035642516704,0.7892206568156235,0.6732047723636149,272023511.3079529,0.17913620509586772,283.62350006103514,266.83233337402345,224.84691645304363,True,True,True,True,True,False,dry_up,3,2,normal,False,False,,False,32.0,,0.03649732645720982,53.16533894414078,True,False,True,True,False,True,False,,Uptrend Under Pressure,286.64,0.0007,0.4218636652239374,0.9496588726121497,0.5651204456125001,0.3849561081463233,0.9261537349571753,0.726271186440678,,False,,,0,1,0.279,0.882
PAYC,"Paycom Software, Inc.",Industrials,XLI,9809838080.0,2026-10-01,227.47000122070312,0.04511834412864357,0.030161694378634696,-0.03716401599702379,-0.03807814470506943,0.5961682401334836,False,-0.08066936214944664,0.5531571550586729,-0.016171177566986272,0.7300045593551532,0.945742546067084,0.6816495153430544,0.7236117597228406,1.0454943856531222,0.6816495153430544,169936259.00868988,0.7738628725072821,223.475,200.26055399576822,166.12009620666504,True,True,True,True,True,False,weak_rally,1,0,normal,False,False,,False,12.0,,0.03317987627260949,59.5037687841495,True,False,False,True,False,True,False,,Uptrend Under Pressure,226.76,0.0031,0.7155232493710302,0.9066175754014075,0.0009010570365108883,0.6973333639968586,0.7090121426764482,0.7260593220338983,,False,,,0,1,0.279,0.882
HUBB,Hubbell Inc,Industrials,XLI,23969030144.0,2026-10-01,466.9800109863281,0.02949736486502408,0.002361136112274842,0.03754893556314354,0.03656387343027934,-0.041342547035024935,False,-0.009332284438717808,-0.0671749726091796,0.06017075021217644,0.039039446337129524,0.9014801074659421,1.0883663979224558,0.9314766141433528,1.9058370931534787,1.0883663979224558,224645380.93488923,0.8603759668053694,456.0720016479492,473.52659403483074,486.8589146931966,True,False,False,False,False,False,accumulation,3,1,normal,False,False,,False,157.0,,0.027667898746426316,53.449131197441865,True,True,True,True,True,True,False,,Uptrend Under Pressure,519.65,-0.1014,0.43488237472524766,0.9066175754014075,-0.09557723145693253,-0.23527042759875672,0.2675165335549854,0.7246292372881356,,False,,,0,1,0.279,0.882
IEX,IDEX Corporation,Industrials,XLI,16806661120.0,2026-10-01,229.85000610351562,0.00820251956760032,0.005908122991315601,0.023329350781020164,0.022357788902490183,0.005130083870106716,False,-0.022909363157120888,-0.02195461463571835,0.04564113397004044,0.08940873782508918,0.9556377932005259,1.128816571016726,1.1401548527055378,1.0621195035582907,1.128816571016726,135465507.62062073,0.6501667627245156,225.56200103759767,228.49000142415363,220.95003916422527,True,True,True,True,False,False,accumulation,5,4,normal,False,False,,False,44.0,분산4일,0.01970225470071123,54.55581623216283,True,True,True,True,False,True,False,,Uptrend Under Pressure,233.77,-0.0168,0.4374452920356704,0.9066175754014075,0.20523439772843832,0.002750797640332703,0.710729644754436,0.7244703389830508,,False,,,0,1,0.279,0.882
BIIB,Biogen Inc.,Health Care,XLV,33374674944.0,2026-10-01,222.82000732421875,-0.013547005013486157,-0.01563877574035899,0.0006736837315624022,-0.00027636856901924745,0.09964816611516158,False,-0.04454134325088066,0.0700165398016448,0.03734471389446803,0.07681160095797068,0.9743320868664056,1.6599080331162552,1.279333923188614,0.8738066991640033,1.6599080331162552,233894028.06585997,0.05507873643516719,220.78100051879883,212.62549997965496,203.49116706848145,True,True,True,True,True,False,distribution,5,5,interest,False,False,acc,False,1.0,분산5일,0.02363856591062158,53.832353627900694,True,False,True,True,False,True,False,,Uptrend Under Pressure,225.88,-0.0135,0.3710442504853919,0.9496588726121497,0.3376322191809873,0.00853113561370078,0.7682582848469517,0.7229872881355932,,False,,,0,1,0.279,0.882
APH,Amphenol Corporation,Information Technology,XLK,207881011200.0,2026-10-01,85.66999816894531,0.01625142428934856,0.03117472653837261,0.0719998564167168,0.07098208614218149,0.06320692323077948,True,0.02356198578909341,0.034557259443845245,-0.006168698264225059,-0.00827241848766136,0.9963175354007887,0.9690624115172188,1.0180018382181568,0.8617966366426535,0.9690624115172188,999257309.7200935,0.5895957963348026,81.59299659729004,80.40331052144369,76.91007127761841,True,True,True,True,True,False,weak_rally,2,3,normal,False,False,,False,107.0,분산3일,0.033227983197749035,61.580923723352555,True,True,False,True,False,True,False,,Uptrend Under Pressure,73.96,0.1583,0.38710352476536425,1.0,0.14987136997265416,0.09795396153406633,0.7422734993314299,0.7221927966101694,,False,,,0,1,0.279,0.882
MAR,Marriott International,Consumer Discretionary,XLY,92746752000.0,2026-10-01,354.7900085449219,-0.002474217250792443,0.009331167500703286,0.06498767168312569,0.06397655886580811,-0.061832764290963516,False,0.01686664372568525,-0.08711305102696998,0.12173205356400252,0.005177850392914074,0.9269686492161826,0.6882449340457828,0.8397445190647775,1.9804635361245677,0.6882449340457828,551015947.7218215,0.45454545454545453,342.9405029296875,354.39562530517577,362.87499643961587,True,True,False,True,False,False,dry_up,3,0,normal,False,False,,False,72.0,,0.02046883869812592,56.71156963236295,True,True,True,True,True,True,False,,Uptrend Under Pressure,395.4,-0.1027,0.5098823026413452,0.8792679914183797,0.1233976259748859,-0.1358109874895378,0.5177911893317914,0.7185381355932204,,False,,,0,1,0.279,0.882
DXCM,"DexCom, Inc.",Health Care,XLV,32562460672.0,2026-10-01,86.2300033569336,-0.0006953014017520021,-0.014176264393100713,-0.03857731062871861,-0.039490097536896474,0.17807207887494414,False,-0.08201879764709485,0.14632720566251134,-0.0033446858336270147,0.15360687207690216,0.93383156569988,0.7259935801160278,0.7144648089252377,1.1908893658731519,0.7259935801160278,363917147.4142376,0.22427641405743595,86.78349990844727,84.19316685994467,75.8001667658488,False,True,True,True,True,False,dry_up,2,0,normal,False,False,,False,30.0,,0.023446429982324896,47.16044609205816,True,False,False,True,False,True,False,,Uptrend Under Pressure,89.88,-0.0406,0.6033508295033585,0.9496588726121497,0.16183838636098224,0.23992442104440892,0.7923304181272812,0.7173199152542373,,False,,,0,1,0.279,0.882
TGT,Target Corporation,Consumer Staples,XLP,71182925824.0,2026-10-01,156.6999969482422,6.37852235638725e-05,0.0035222739241502765,-0.040768876329738135,-0.041679582537613946,0.11726589729646597,False,-0.08411133835733431,0.08715953547850086,0.014651814775605176,0.19475058590112382,0.9223615133981222,1.3600301923237457,1.1379945202336583,1.0989432800591958,1.3600301923237457,530577654.02751464,0.4760484981094874,158.04399871826172,151.78028259277343,139.12011483510335,False,True,True,True,True,False,accumulation,3,2,normal,False,False,,False,26.0,,0.02350643696529291,49.22291097141611,True,False,True,True,False,True,False,,Uptrend Under Pressure,163.47,-0.0414,0.4467388317983785,0.9096505422560582,0.6474300553500771,0.18640392425824914,0.9120198041270644,0.7151483050847458,,False,,,0,1,0.279,0.882
ARCC,Ares Capital Corporation,Financials,XLF,13714236416.0,2026-10-01,19.15999984741211,0.0031413332326732935,0.0015682534219361166,-0.019179651373509632,-0.02011085466567053,0.016028724893835333,False,-0.06349761361140982,-0.011349653416214078,0.05414613231383392,0.08773778992728376,0.9725618564087073,1.5867032560083272,1.0751387340470957,1.1123312625865343,1.5867032560083272,93290933.61495419,0.6999987284310111,19.304463958740236,19.062750911712648,18.501136573155723,False,True,True,True,True,False,accumulation,3,3,interest,True,False,surge,False,13.0,분산3일,0.013888277643970175,46.954296659373156,True,False,True,True,False,True,False,,Uptrend Under Pressure,19.32,-0.0083,0.43683974431292366,0.9161407579283121,-0.08762151150135988,-0.011955194318801765,0.4762639586570778,0.7148305084745763,,False,,,0,1,0.279,0.882
KO,Coca-Cola Company (The),Consumer Staples,XLP,370363432960.0,2026-10-01,86.0999984741211,0.00023230300465892917,-0.022701475989099884,-0.01842963688164445,-0.0193615522470868,0.02827490328132809,False,-0.06278148821449958,0.0005665338041687118,0.03828172970162114,0.09958788336380975,0.9415563860944692,1.0503924223156835,0.9404093917316342,1.0906116180722547,1.0503924223156835,1348541833.8987987,0.3926694041893684,87.67063217163086,86.61474927266438,82.66652819315593,False,False,True,True,True,False,accumulation,3,2,normal,False,False,,False,46.0,,0.013615999399461978,40.70077487965679,True,False,True,True,False,True,False,,Uptrend Under Pressure,87.75,-0.0188,0.5259857821803134,0.9096505422560582,0.17443104536244958,-0.001241502758537516,0.6860151422066424,0.7132944915254238,,False,,,0,1,0.279,0.882
PFE,"Pfizer, Inc.",Health Care,XLV,162554691584.0,2026-10-01,28.1200008392334,-0.01402523184116522,-0.010207638498284877,-0.03101308078337739,-0.03193304926741136,0.12496620904280964,False,-0.07479635440223964,0.09465235107544334,0.004496745366488586,0.10160386013515588,0.9689869192166226,0.9349637061614113,0.9359707874434798,1.135875103046491,0.9349637061614113,895438312.0991523,0.08823573410724571,28.061999893188478,26.760482756296792,25.99438409805298,True,True,True,True,True,False,dry_up,3,2,normal,False,False,,False,33.0,,0.016180651142486197,53.549373068817495,True,False,True,True,False,True,False,,Uptrend Under Pressure,26.79,0.0496,0.5053786074472681,0.9496588726121497,0.039974870803762386,-0.11264895990211099,0.4916347439557659,0.7132415254237288,,False,,,0,1,0.279,0.882
GSAT,"Globalstar, Inc.",Communication Services,XLC,10739509248.0,2026-10-01,82.87999725341797,-0.00012066758721340776,0.005093356458991227,0.017431846119625005,0.016465883406898918,0.011765072331004545,False,-0.02854039150687826,-0.015498415631963303,0.03696519074759719,0.0264161856743359,0.9845568656801503,1.0823147309937053,0.9792551658689636,1.192401594777578,1.0823147309937053,45897159.87558861,0.4615305613427624,82.3924991607666,81.74999974568685,81.51991640726725,True,True,True,True,True,False,distribution,2,4,normal,False,False,,False,42.0,분산4일,0.007342799335883908,56.601513294456204,False,True,True,True,False,True,False,,Uptrend Under Pressure,84.18,-0.0154,0.6314859210213851,0.9239023508895683,0.9393714008271616,0.018678185765091726,0.8553783744714683,0.7117584745762713,,False,,,0,1,0.279,0.882
ESTC,Elastic N.V.,Information Technology,XLK,9627700224.0,2026-10-01,92.30999755859375,0.0066521333767968205,0.011283948215065953,0.030475504261405995,0.029497157734029056,0.5351568120077452,False,-0.01608610566939428,0.49378976899546334,-0.044665159536329324,0.4319483057807072,0.9239314800826305,0.6683404932434741,0.8340287709863276,0.7966570694887557,0.6683404932434741,181114521.76676482,0.5828726545425422,88.57000007629395,78.51050033569337,66.60250012079875,True,True,True,True,True,False,weak_rally,0,1,normal,False,False,,False,23.0,,0.03860439258177764,59.72461893545916,True,True,False,True,False,True,False,,Uptrend Under Pressure,99.91,-0.0761,0.5151919142997458,1.0,-0.05158509696023683,0.5881473537628004,0.6553051931625167,0.7117584745762712,,False,,,0,1,0.279,0.882
CLH,"Clean Harbors, Inc.",Industrials,XLI,16376188928.0,2026-10-01,312.510009765625,0.007349381744364392,-0.011263319758593737,-0.008597143089218884,-0.009538393549107793,-0.004242464873643881,False,-0.05339327159190166,-0.031074606361199075,0.01301854259348545,0.07925031488960266,0.9576209268632027,0.8709882133440452,0.8982104536064536,1.728539706847517,0.8709882133440452,118140710.93582764,0.7508983018403566,315.9030014038086,313.1826675415039,304.0952507019043,False,False,True,True,True,False,weak_rally,4,2,normal,False,False,,False,45.0,,0.018029137905962164,46.72677822968791,True,False,True,True,False,True,False,,Uptrend Under Pressure,326.34,-0.0424,0.653082388563283,0.9066175754014075,0.17742750502507176,-0.06749625297008643,0.6298914025514076,0.7075211864406781,,False,,,0,1,0.279,0.882
WST,"West Pharmaceutical Services, I",Health Care,XLV,26092517376.0,2026-10-01,365.010009765625,-0.01550868445503295,-0.022992495175469974,0.06531828667622674,0.064306859968837,-0.005505527697140855,False,0.017182320016912556,-0.03230363411170667,0.10435830507475075,-0.026158349676959403,0.9691474524957112,1.0214177836149096,0.852520630666,0.9976254843392454,1.0214177836149096,226217786.1950012,0.2795014561118438,359.9910034179687,352.61969401041665,334.09076563517254,True,True,True,True,True,False,distribution,2,3,normal,False,False,,False,6.0,분산3일,0.024387785200744496,54.23311228022334,True,True,True,True,False,True,False,,Uptrend Under Pressure,375.87,-0.0289,0.4033058113004206,0.9496588726121497,0.12314173926066041,0.15117475307782247,0.741727801669618,0.703707627118644,,False,,,0,1,0.279,0.882
SCCO,Southern Copper Corporation,Materials,XLB,171097800704.0,2026-10-01,199.22000122070312,-0.01687721170176837,-0.01170751358723321,-0.024674402338555557,-0.025600388844385202,0.04768785438028145,False,-0.06874408652419406,0.023497017333799608,0.05906291484256099,0.10173315133095162,0.906781993572973,0.9095042732961487,0.891364949465481,0.8739418074153117,0.9095042732961487,213125849.22669983,0.3745500042217088,199.09250030517578,193.43102162679037,187.25177052815755,True,True,True,True,True,False,dry_up,1,1,normal,False,False,,False,16.0,,0.03483001802750407,49.66471691974827,True,False,True,True,False,True,False,,Uptrend Under Pressure,209.26,-0.048,0.42643226179938903,0.9085780336452783,0.5007055947816006,0.012956158954525732,0.8072368183296592,0.7030190677966102,,False,,,0,1,0.279,0.882
TEL,TE Connectivity plc,Information Technology,XLK,61200678912.0,2026-10-01,217.75999450683594,0.03164673402422946,0.019141650081621275,0.0769001892916823,0.07587776657889744,0.06519008813069505,True,0.028240899147620624,0.03648698506832426,-0.0016256900064213209,-0.006422581652553827,0.9962029285650763,0.8294569810271938,0.9238667428862666,0.6878047752871941,0.8294569810271938,393290500.5890762,0.8402198722969593,209.48049926757812,207.24640604654948,208.68841730753581,True,True,True,True,False,False,weak_rally,0,2,normal,False,False,,False,195.0,,0.027838656920616087,59.452612705891184,True,True,False,True,False,True,False,,Uptrend Under Pressure,227.51,-0.0428,0.36147801526479834,1.0,-0.16929851144976227,-0.1503787396312668,0.254316793755195,0.7027542372881357,,False,,,0,1,0.279,0.882
TECK,Teck Resources Ltd,Materials,XLB,32276574208.0,2026-10-01,65.22000122070312,-0.008663925929353389,-0.019395592754381075,-0.026260226612063953,-0.02718470751619373,0.11402098162903584,False,-0.07025825598306945,0.08400205880423162,0.057340938426114096,0.18970719708397166,0.9074436780374414,0.9420379242996423,1.1131959403315312,0.6945436980799009,0.9420379242996423,198871481.36762697,0.6497196084432126,66.69147682189941,64.31091423034668,62.88235858281453,False,True,True,True,True,False,dry_up,1,5,normal,False,False,,False,17.0,분산5일,0.033946163439241915,46.478075807228784,True,False,True,True,False,True,False,,Uptrend Under Pressure,71.87,-0.0926,0.4038573355313408,0.9085780336452783,0.32401250161277195,0.07897916804299521,0.8201447363665932,0.7025953389830509,,False,,,0,1,0.279,0.882
HBM,Hudbay Minerals Inc.,Materials,XLB,11849782272.0,2026-10-01,26.18000030517578,-0.018740629470795134,-0.011329276519889686,-0.04148306136086355,-0.04239308951240284,0.08485791497295847,False,-0.08479325323288567,0.05562483358356696,0.04081113568138317,0.15856280136618173,0.8502760482859633,0.9948621474845744,1.1070457058476755,0.9193565722498191,0.9948621474845744,110781845.61100388,0.5333330507630457,26.82979679107666,25.792534510294598,25.5579044342041,False,True,True,True,True,False,dry_up,4,3,normal,False,False,,False,44.0,분산3일,0.046382188698662855,45.66988828797271,True,False,True,False,False,True,False,,Uptrend Under Pressure,22.75,0.1508,0.38033644167985065,0.9085780336452783,0.5463422831677474,0.05371137495814682,0.8481713707491598,0.7018008474576272,,False,,,0,1,0.279,0.882
EQIX,"Equinix, Inc.",Real Estate,XLRE,99814309888.0,2026-10-01,1012.3300170898438,0.0007414144084791907,-0.021676516742139773,-0.006779534958142985,-0.007722511078269267,-0.03510344325558579,False,-0.05165779133330439,-0.06110399059579319,0.05877551293849814,0.08486173307904021,0.9229353055544117,1.0851189190826507,1.1414082294096208,1.3567148712752728,1.0851189190826507,524887364.6537781,0.7988356289873144,1026.9509979248046,1038.83337504069,1051.6941579182942,False,False,False,True,False,False,accumulation,2,3,normal,False,False,,False,35.0,분산3일,0.0250927577928066,43.68431762840788,True,False,True,True,False,True,False,,Uptrend Under Pressure,1064.09,-0.0486,0.3902534660107111,0.8915978830104153,0.1622490843901616,-0.10620993139246304,0.5741182104007806,0.7017478813559322,,False,,,0,1,0.279,0.882
GGG,Graco Inc.,Industrials,XLI,12444531712.0,2026-10-01,77.76000213623047,0.011973006795761298,0.007906683062695041,0.001287644468266791,0.00033700926556679,0.027125485422250684,False,-0.04395512407641322,-0.0005519113115098895,0.02311884946221121,0.11324842089438403,0.9308116026340315,0.6794074473658276,0.8498856286275954,0.9545742327712949,0.6794074473658276,118871732.69642639,0.9924284021616623,77.14699935913086,78.39044443766277,77.89215335845947,True,False,True,False,False,False,weak_rally,0,2,normal,False,False,,False,49.0,,0.015946495171995874,49.843833582899094,True,True,True,True,False,True,False,,Uptrend Under Pressure,77.75,0.0001,0.5340867883948328,0.9066175754014075,-0.20457315238903984,-0.22474834899557183,0.1734460265259658,0.7010593220338984,,False,,,0,1,0.279,0.882
IT,"Gartner, Inc.",Information Technology,XLK,11779809280.0,2026-10-01,192.8000030517578,0.03355853967477529,0.07517284841042082,0.03239626801476736,0.03141609788989563,0.4242896250336914,False,-0.014252130832686838,0.3859100603404537,-0.04288445487493975,0.32853471355846287,0.9507841217693213,1.0026164116130645,0.8481119743854431,0.7315599549127626,1.0026164116130645,201495153.30649263,0.032013903886300765,184.54700088500977,173.77333399454753,161.55516681671142,True,True,True,True,True,False,accumulation,2,1,normal,False,False,,False,37.0,,0.04596177612347101,57.59602084434182,True,True,False,True,False,True,False,,Uptrend Under Pressure,193.17,-0.0019,0.448943265798073,1.0,-0.3733410610672879,0.05269865894998205,0.3434886704492068,0.7009533898305085,,False,,,0,1,0.279,0.882
PSX,Phillips 66,Energy,XLE,101874032640.0,2026-10-01,264.2300109863281,0.034937971536689316,0.03267290432124237,0.03178575799461303,0.03080616749570564,0.22616714489525958,False,-0.01483505520980588,0.19312627986676012,0.0649498740230312,0.17933152670197394,0.9636046067621684,0.7565734766579093,0.8468118689059198,0.45980381154905037,0.7565734766579093,873170551.698642,0.9836015923575053,259.67900161743165,232.63986892700194,202.07336082458497,True,True,True,True,True,False,weak_rally,0,5,normal,False,False,,False,22.0,분산5일,0.03677261507111031,62.725417077245744,True,True,True,True,False,True,False,,Uptrend Under Pressure,246.58,0.0716,0.33040255916528155,0.9566614457922488,0.6545680964365468,0.2465379975612172,0.9255872574175129,0.6995233050847457,,False,,,0,1,0.279,0.882
BRKR,Bruker Corporation,Health Care,XLV,9865265152.0,2026-10-01,61.939998626708984,-0.04339770460681103,-0.03218752145767212,0.05033016718008465,0.049332970383643815,0.012637274190241188,False,0.0028714325080323455,-0.014649716526024648,0.08882092582384149,-0.008392322189064605,0.956602295393189,1.0328342015821101,0.9902774523368013,0.8883975127362976,1.0328342015821101,137631516.5355053,0.07692241856780077,59.79129524230957,58.88767782847086,53.84718736012777,True,True,True,True,True,True,distribution,2,4,normal,False,False,,False,11.0,분산4일,0.05225665793336679,54.03494160698277,True,True,True,True,False,True,False,,Uptrend Under Pressure,60.62,0.0218,0.4321582945338673,0.9496588726121497,0.5008355740161423,0.33348163639486117,0.9146561381952224,0.699364406779661,,False,,,0,1,0.279,0.882
RL,Ralph Lauren Corporation,Consumer Discretionary,XLY,21155866624.0,2026-10-01,362.6600036621094,0.021376055936372262,0.033631701542492065,0.080813224516316,0.07978708671820645,-0.08322710199473726,False,0.031977125492255176,-0.10793088704629794,0.13840081917544356,-0.017744623943345084,0.8938377124348039,0.8943947590544271,0.8359169615853326,2.2095983228705784,0.8943947590544271,238210598.2794876,0.7571787643763049,344.28951263427734,365.278493754069,369.18734512329104,True,False,False,False,False,False,weak_rally,3,0,normal,False,False,,False,67.0,,0.026407912640082923,58.31885303827687,True,True,True,False,True,True,False,,Uptrend Under Pressure,409.99,-0.1154,0.3175191943870543,0.8792679914183797,-0.04998232012083781,-0.16966815131289603,0.3612536590654476,0.6985699152542373,,False,,,0,1,0.279,0.882
PTC,PTC Inc.,Information Technology,XLK,15223429120.0,2026-10-01,146.47000122070312,0.04397717772443066,0.06593404640954859,-0.017836810668648617,-0.018769288870824408,0.2636936187670722,False,-0.06221544860901862,0.22964154807761838,-0.08945461594287962,0.17873556777095567,0.9214847690018966,1.0878194688277256,0.6786780017716806,1.3746879795569316,1.0878194688277256,239875324.2206009,0.5117449020084742,136.94349975585936,138.55,135.9239168802897,True,True,True,False,False,False,accumulation,3,0,normal,False,False,,False,44.0,,0.032766340197131844,58.74254048508805,True,False,False,True,True,True,False,,Uptrend Under Pressure,136.3,0.0746,0.33087978166306925,1.0,-0.34718272124043303,-0.08012388642612256,0.2255086552708612,0.6972457627118644,,False,,,0,1,0.279,0.882
ROK,"Rockwell Automation, Inc.",Industrials,XLI,48342818816.0,2026-10-01,442.45001220703125,0.01635546793095477,0.021989743589743593,0.04017779632313956,0.039190238316492154,-0.05476679154257291,False,-0.006822207666078217,-0.08023748123697427,0.06285692836589973,0.02448959900899661,0.9227263414970374,1.2140582836768246,0.8755419438528826,1.4289300758213985,1.2140582836768246,294606932.8684143,0.9362698868009011,426.8040008544922,441.70206756591796,442.3223169962565,True,True,False,True,False,False,accumulation,4,0,normal,False,False,,False,72.0,,0.02302196802452765,60.031495061266874,True,True,True,True,True,True,False,,Uptrend Under Pressure,472.34,-0.0633,0.5007226651165895,0.9066175754014075,0.04991193949028916,-0.023027713263578997,0.589772686205775,0.6966631355932204,,False,,,0,1,0.279,0.882
HOOD,"Robinhood Markets, Inc.",Financials,XLF,101146763264.0,2026-10-01,111.1500015258789,-0.011999986436631915,-0.08003640285855396,0.03888217352248491,0.03789584559657455,0.03817461888645579,False,-0.008059288285757416,0.01019948710980767,0.11654863878192057,0.11144669224204251,0.8911962831782618,0.7668953372130544,0.808927914714005,0.5882171909980571,0.7668953372130544,2746750178.0233026,0.15555517879460176,116.54899978637695,105.67766647338867,96.7271250406901,False,True,True,True,True,False,dry_up,2,1,normal,False,False,,False,9.0,,0.055125000231661773,47.83494996290306,True,True,True,False,False,True,False,,Uptrend Under Pressure,119.82,-0.0724,0.3178940150992878,0.9161407579283121,-0.37298390888272903,0.26664742988880574,0.4119249394673124,0.6966631355932204,,False,,,0,1,0.279,0.882
GRMN,Garmin Ltd.,Consumer Discretionary,XLY,55318872064.0,2026-10-01,282.4599914550781,-0.015269854060564692,-0.04263834302298819,0.027219918522922493,0.02624466288998084,0.15052596363082293,False,-0.01919458911129268,0.11952336073580105,0.08195196930824933,0.23270475766469678,0.9054597989853888,0.7698736911988311,0.8922056136311223,0.4466910950125103,0.7698736911988311,230748541.4749588,0.12386700532624301,281.63244171142577,279.0319928487142,260.0473814646403,True,True,True,True,True,False,dry_up,1,2,normal,False,False,,False,45.0,,0.025661023724152524,48.150653716131025,True,True,True,True,False,True,False,,Uptrend Under Pressure,293.69,-0.0382,0.6784016409129062,0.8792679914183797,-0.01848838110002793,-0.001881007977726723,0.5499837374868997,0.6961334745762713,,False,,,0,1,0.279,0.882
RDY,Dr. Reddy's Laboratories Ltd,Health Care,XLV,10512316416.0,2026-10-01,12.25,-0.029318533194478746,-0.004065056094269548,0.006573535185253387,0.005617881490793231,0.05792166051185976,False,-0.03890807414766795,0.0294144158501346,0.043460773322978596,0.03595163621142117,0.9533073646958833,0.9799798026034857,1.18001981092618,0.8028455096384047,0.9799798026034857,39428083.464058116,0.03225875917910287,12.15149998664856,12.208850415547689,12.85022325515747,True,True,False,False,False,False,dry_up,3,3,normal,False,False,,False,,분산3일,0.02448979480621071,49.74069566677339,False,True,True,True,False,True,False,,Uptrend Under Pressure,,,0.23144277753262318,0.9496588726121497,-0.23962524600819368,-0.21937590384902872,0.15722236276245888,0.6951800847457628,,False,,,0,1,0.279,0.882
HPQ,HP Inc.,Information Technology,XLK,28208021504.0,2026-10-01,32.150001525878906,0.027813325451902182,0.03243423750888752,0.014768447133712836,0.01380501308580051,0.2621226634629288,False,-0.031083445909964924,0.2281129244591562,-0.05922688259833808,0.17727022770365464,0.906144361349461,0.8521153045618692,0.8134173271892843,0.9325522692780227,0.8521153045618692,526299419.20282745,0.7809530556600055,32.504426860809325,29.24060436884562,25.699268039067586,False,True,True,True,True,False,weak_rally,0,1,normal,False,False,,False,14.0,,0.04374585031979552,53.2168573869473,True,True,False,True,False,True,False,,Uptrend Under Pressure,35.48,-0.0939,0.34444275156305165,1.0,0.038341254656052426,0.43523047147343696,0.7323045788009107,0.6941737288135593,,False,,,0,1,0.279,0.882
BRK-A,Berkshire Hathaway Inc.,Financials,XLF,1066080731136.0,2026-10-01,751745.0,0.006345339053955401,-0.009819546891464692,-0.008905735003295945,-0.00984669248210357,0.0011723181390221882,False,-0.05368791990783239,-0.02580573258727359,0.0651881230520388,0.0718328507717203,0.947002765127895,0.35117056856187295,0.7391304347826088,0.9136,0.35117056856187295,182144204.0,1.7314133601626527,760826.25,756743.8333333334,740480.4666666667,False,False,True,True,True,False,weak_rally,2,3,normal,False,False,,False,6.0,분산3일,0.011007039098554506,44.848233155694246,True,False,True,True,False,True,False,,Uptrend Under Pressure,765020.0,-0.0174,0.39901854700835165,0.9161407579283121,-0.13510662953836472,-0.09914621926309786,0.3339570308264971,0.6939618644067796,,False,,,0,1,0.279,0.882
EXEL,"Exelixis, Inc.",Health Care,XLV,14472929280.0,2026-10-01,57.939998626708984,-0.008046588288494028,-0.00017259941499203624,-0.010080303517733591,-0.011020145846280416,0.028413717118015436,True,-0.05480941602920475,0.0007016070992329482,0.026196632349297477,0.0070564888852036045,0.9798748110957174,0.636222254967568,0.9322199498620785,0.7829715383482603,0.636222254967568,123222812.16165924,0.11842121774134855,57.800500106811526,55.802666664123535,52.79633324940999,True,True,True,True,True,False,dry_up,1,2,normal,False,False,,False,67.0,,0.02861334340277494,54.090451863043384,True,False,True,True,False,True,False,,Uptrend Under Pressure,54.77,0.0579,0.539805043272761,0.9496588726121497,0.19471575277881747,0.10826089488009516,0.777638141014058,0.6929555084745762,,False,,,0,1,0.279,0.882
TT,Trane Technologies plc,Industrials,XLI,99446079488.0,2026-10-01,458.94000244140625,0.01539889217642565,0.04651797669309965,0.04784524003376012,0.04685040245870242,-0.05209713284505613,False,0.0004987857681950647,-0.07763976039317022,0.07069154635091657,0.027383104594748797,0.9505434486496996,0.9329309902808386,1.1856572779351857,1.2154933905380334,0.9329309902808386,504816507.84135133,0.8822793171783194,440.35999908447263,457.3960118611654,463.64532674153645,True,True,False,True,False,False,weak_rally,3,2,normal,False,False,,False,106.0,,0.025977558886724438,59.814015710045354,True,True,True,True,False,True,False,,Uptrend Under Pressure,490.27,-0.0639,0.3830431236802106,0.9066175754014075,-0.0910524524821843,-0.11599919176545936,0.36691753098912216,0.6929025423728814,,False,,,0,1,0.279,0.882
MET,"MetLife, Inc.",Financials,XLF,59836510208.0,2026-10-01,94.3499984741211,0.002017786795054821,-0.029820067104153303,-0.021468572227072658,-0.02239760238871369,-0.006709280413848662,False,-0.06568311052184628,-0.03347494995289879,0.05168609254372214,0.06339498638763064,0.9439719995487246,0.9106498390536413,0.9899815754021042,1.1064225801839584,0.9106498390536413,299341687.03133124,0.9344971764588296,96.68950004577637,95.62094484965006,88.64279410044352,False,False,True,True,True,False,weak_rally,2,2,normal,False,False,,False,37.0,,0.02003936834642306,41.672550546913776,True,False,True,True,False,True,False,,Uptrend Under Pressure,97.03,-0.0276,0.3820633262773838,0.9161407579283121,0.022581010160235726,0.15403229059528867,0.6830788551190777,0.6916313559322034,,False,,,0,1,0.279,0.882
AMAT,"Applied Materials, Inc.",Information Technology,XLK,405829877760.0,2026-10-01,529.2999877929688,0.0350424004439962,0.11607799218338166,0.20717967000005633,0.20603355829416836,-0.06650261258273038,False,0.15263375534367452,-0.09165706343432745,0.11915401451205887,-0.12926158949543753,0.9414819024727326,0.955423257639664,0.971870006793276,1.8525631796599786,0.955423257639664,2926395676.321161,0.7360207696447982,463.7635009765625,500.61985168457034,491.4793395996094,True,True,False,True,False,False,weak_rally,3,0,normal,False,False,,False,63.0,,0.036480791650589435,66.96014345821126,True,True,True,True,True,True,False,,Uptrend Under Pressure,602.4,-0.1213,0.442218039615929,1.0,0.8821157462966553,0.07392554428352516,0.8896760146001228,0.6907838983050848,,False,,,0,1,0.279,0.882
PH,Parker-Hannifin Corporation,Industrials,XLI,120490319872.0,2026-10-01,965.8800048828125,0.010948087919194993,-0.009333499936647338,0.01737976354582771,0.016413850280958764,-0.027085365857897448,False,-0.028590120751095793,-0.05330197200720599,0.03956182710904543,0.054492070828592976,0.9012499742296253,0.7551298107704437,0.9454906667770372,1.1175513958017744,0.7551298107704437,559500577.2616211,0.9014363574755486,953.3594970703125,982.0167541503906,948.1161026000976,True,False,True,True,False,False,weak_rally,2,2,normal,False,False,,False,39.0,,0.021339894257221537,49.682500678313,True,True,True,True,False,True,False,,Uptrend Under Pressure,1067.65,-0.0953,0.5217674732508369,0.9066175754014075,0.09825381497721031,-0.10908846217008161,0.5282949658487225,0.6907838983050847,,False,,,0,1,0.279,0.882
CRCL,"Circle Internet Group, Inc.",Financials,XLF,22399057920.0,2026-10-01,82.91000366210938,0.009005786900987633,-0.10849458427839387,-0.06464345405002592,-0.06553149343068587,0.22294105762377558,False,-0.10690715314684152,0.18998712422980168,0.0052834717676468745,0.3092535384469739,0.8031580060637535,0.6399628504473659,0.6432782887381203,1.038926975976475,0.6399628504473659,1320325005.8998413,0.4735304413388265,90.68949966430664,78.26549994150797,86.82874981562297,False,True,True,False,False,False,weak_rally,2,0,normal,False,False,,False,9.0,,0.07504952658239895,45.42753322923029,True,False,True,False,False,True,False,,Uptrend Under Pressure,91.78,-0.0966,0.3117075551909824,0.9161407579283121,-0.414635102456164,-0.15398000647390053,0.1360043005312421,0.6891949152542374,,False,,,0,1,0.279,0.882
CNH,CNH Industrial N.V.,Industrials,XLI,20664840192.0,2026-10-01,12.850000381469727,0.0,-0.03237946989064122,-0.058608004352946996,-0.05950177386617961,0.17196187151421105,False,-0.10114441275084751,0.14038164676552367,-0.0380827119954813,0.27022912129891075,0.8923611612415622,0.9335700930344343,0.7504761940936938,1.6344564065674114,0.9335700930344343,246147272.97596437,0.9666680088755327,13.519000053405762,11.791000000635783,11.164585264523824,False,True,True,True,True,False,dry_up,0,0,normal,False,False,,False,19.0,,0.03635353374862995,48.93147109641028,True,False,False,False,False,True,False,,Uptrend Under Pressure,13.84,-0.0715,0.5154717061493067,0.9066175754014075,0.008859958367713583,-0.01745213986858174,0.5643453435004155,0.6882415254237287,,False,,,0,1,0.279,0.882
AES,The AES Corporation,Utilities,XLU,10626049024.0,2026-10-01,14.920000076293945,0.0013423126359546345,0.0047137840421584976,0.008108100271120522,0.00715098964108396,-0.008432949543437207,False,-0.037442847751217645,-0.03515217229967993,0.07615893495828074,0.16753821697711047,1.0,1.1202552546035336,1.1437801901906246,0.7577593853364778,1.1202552546035336,121389240.08000012,0.6000038147554742,14.831500005722045,14.738199011484783,14.541442521413167,True,True,True,True,True,False,accumulation,2,4,normal,False,False,,False,149.0,분산4일,0.003063948099517211,71.70804346776329,True,True,True,True,False,True,False,,Uptrend Under Pressure,16.87,-0.1154,0.37446153379800723,0.8486957529206396,0.021884877528419056,-0.08579067294361664,0.50954970908171,0.6879766949152543,,False,,,0,1,0.279,0.882
IREN,IREN LIMITED,Financials,XLF,16109118464.0,2026-10-01,40.650001525878906,-0.00562621174723299,-0.11917659410944637,0.026515229601435486,0.02554064300910297,-0.039018554479114176,False,-0.019867436954996598,-0.06491360342781194,0.10325714649062356,0.02880539506522095,0.8372811980365348,1.0205670468212915,0.9146701641325673,1.0148104201472758,1.0205670468212915,1587866846.0225456,0.8024330629414739,44.068250274658205,40.975000095367434,46.98425002098084,False,False,False,True,False,False,distribution,2,2,normal,False,False,,False,34.0,,0.06081179543227858,43.71663078876148,True,True,True,False,False,True,False,,Uptrend Under Pressure,44.76,-0.0918,0.6367577806254849,0.9161407579283121,-0.31952538567150457,-0.07336184849783434,0.24444183441147774,0.6877648305084747,,False,,,0,1,0.279,0.882
LEN-B,Lennar Corporation,Consumer Discretionary,XLY,19269201920.0,2026-10-01,81.0,0.012626605365718246,0.0140210664132705,-0.013998801028830554,-0.014934923086088459,-0.018916958278455964,False,-0.0585508578491456,-0.045353674103230435,0.038537045213406174,0.05115901024756342,0.9335023986827885,0.8443021312323038,0.9324853955663636,1.284163502706196,0.8443021312323038,11147710.94341736,0.8421054744987181,79.34599876403809,82.19183298746745,84.47150084177653,True,False,False,False,False,False,weak_rally,4,3,normal,False,False,,False,,분산3일,0.03325396071876378,51.0460699809387,False,False,True,True,False,True,False,,Uptrend Under Pressure,,,0.3062568960288904,0.8792679914183797,-0.3992310943559858,-0.15163057016233283,0.1428083553178418,0.6871822033898305,,False,,,0,1,0.279,0.882
GILD,"Gilead Sciences, Inc.",Health Care,XLV,184815321088.0,2026-10-01,147.5,-0.010399215162844144,-0.014630251891828872,-0.00855052555778113,-0.009491820276946283,0.11057430124942247,False,-0.05334876045436243,0.08064825426270694,0.027782471075735726,0.08751083133796689,0.9661361221526696,0.7408024018111463,0.8627481346993177,0.6876765267792233,0.7408024018111463,877146671.0956879,0.13969035890218157,148.69621810913085,140.52659072875977,134.9700475056966,False,True,True,True,True,False,dry_up,0,2,normal,False,False,,False,166.0,,0.023325901627479766,50.39422411976672,True,False,True,True,False,True,False,,Uptrend Under Pressure,140.75,0.048,0.42785749636131526,0.9496588726121497,0.19365434713575636,-0.07721571440275099,0.6291171262332407,0.686281779661017,,False,,,0,1,0.279,0.882
BBY,"Best Buy Co., Inc.",Consumer Discretionary,XLY,18506371072.0,2026-10-01,87.69999694824219,-0.006119684140983628,-0.03626376979953638,0.018623282022371068,0.017656188145271923,-0.007206426822927159,False,-0.027402790143169486,-0.03395870002570278,0.07289728917259408,0.06370599162506863,0.9249103272569333,0.9991867451092219,0.8087496628475995,0.7956954851051049,0.9991867451092219,310192162.6300728,0.6722668872134174,90.42159690856934,86.25357589721679,76.27675568262735,False,True,True,True,True,False,dry_up,0,2,normal,False,False,,False,20.0,,0.0339582654543717,46.96298177496369,True,True,True,True,False,True,False,,Uptrend Under Pressure,86.1,0.0186,0.40090241628020307,0.8792679914183797,-0.012172215621070182,0.11700184983378636,0.6343382964114055,0.6853813559322034,,False,,,0,1,0.279,0.882
BP,BP p.l.c.,Energy,XLE,113289314304.0,2026-10-01,44.5,0.011593505389267733,0.002026574035062456,0.012975180761768845,0.0120134492637185,0.014777315522675138,False,-0.03279568428176016,-0.01256734173368268,0.045534678863376365,-0.023983895050364024,0.9476150099567174,1.2712341493612274,0.8624467326026231,1.0505140895888987,1.2712341493612274,409308005.54559934,0.9117645958853646,44.70750045776367,43.14166081746419,42.73204215367635,False,True,True,False,True,False,accumulation,1,3,normal,False,False,,False,21.0,분산3일,0.025746383789454378,52.30771321151961,True,True,True,True,False,True,False,,Uptrend Under Pressure,44.47,0.0007,0.3818836912373016,0.9566614457922488,0.1769190664409852,-0.153931315135593,0.5411161504824545,0.6848516949152542,,False,,,0,1,0.279,0.882
UI,Ubiquiti Inc.,Information Technology,XLK,34351673344.0,2026-10-01,609.6400146484375,0.07419869113134592,0.08263044610694514,0.01883453318718442,0.017867238745547187,0.10870067046615683,True,-0.02720108427496226,0.07882511119808644,-0.05545728918719839,0.03416278667689454,1.0,0.7520557424005921,0.6547586480644105,0.7662624348649929,0.7520557424005921,84284020.71468505,0.9619830142218202,570.1880035400391,563.4522501627604,642.1435496012369,True,True,True,False,False,False,weak_rally,0,1,normal,False,False,,False,30.0,,0.03271250767001313,61.46203967597251,True,True,False,True,False,True,False,,Uptrend Under Pressure,589.69,0.0338,0.2513257101995049,1.0,-0.22532970604546476,-0.3864962981123582,0.11509793646778214,0.6811440677966102,,False,,,0,1,0.279,0.882
PKG,Packaging Corporation of Americ,Materials,XLB,20426674176.0,2026-10-01,229.7100067138672,0.0019628902460688824,-0.03527778705200335,-0.010033632858339248,-0.010973519496602746,-0.01126662731184025,False,-0.05476485416427357,-0.037909492480889484,0.07496067866464617,0.05590758960760378,0.8980955758116866,0.9881039799789318,0.965076743573179,0.8996563695294859,0.9881039799789318,144297071.64167404,0.7490099482449135,233.56253662109376,239.41154912312825,229.39605573018392,False,False,True,True,False,False,weak_rally,1,2,normal,False,False,,False,46.0,,0.020576265761970112,40.73506146403711,True,False,True,False,False,True,False,,Uptrend Under Pressure,251.61,-0.087,0.48311869721509965,0.9085780336452783,-0.07106042282967517,-0.06342559088130029,0.4452215315673449,0.6798199152542372,,False,,,0,1,0.279,0.882
ROST,"Ross Stores, Inc.",Consumer Discretionary,XLY,74560356352.0,2026-10-01,234.10000610351562,0.002999195481306227,-0.005522463154949864,0.01603835599963488,0.015073716284121685,-0.03910907536158803,False,-0.02987091735150116,-0.06500168509286552,0.07017463382841349,0.02952462772815556,0.9189846923717991,0.9074969221508075,0.9075683763260234,1.0592659612450908,0.9074969221508075,438805815.99967194,0.5904544286957555,230.88540420532226,235.97564061482748,229.8864596048991,True,False,True,True,False,False,weak_rally,1,1,normal,False,False,,False,146.0,,0.01978398278054033,51.99714343504963,True,True,True,True,False,True,False,,Uptrend Under Pressure,212.24,0.103,0.4824009738217839,0.8792679914183797,0.3130264101936622,-0.10407734774514765,0.6512684760218279,0.6789724576271186,,False,,,0,1,0.279,0.882
SIMO,Silicon Motion Technology Corpo,Information Technology,XLK,9494305792.0,2026-10-01,275.239990234375,-0.017000034877232117,0.0005088481561381641,0.1349634920989471,0.13388594334926518,-0.04449947698002554,False,0.08368063560573291,-0.07024683446484903,0.05220372747587998,-0.10873772346317856,0.9540579757210418,0.6576712799324543,0.6049263814382132,1.5043975341380906,0.6576712799324543,197540779.11048278,0.29695524899647674,266.1755004882813,261.88381474812826,256.2096748352051,True,True,False,True,True,False,dry_up,2,1,normal,False,False,,False,7.0,,0.057213717362625274,54.0686435946392,True,True,True,True,False,True,False,,Uptrend Under Pressure,283.26,-0.0283,0.4204909226691708,1.0,1.2011717920930018,0.7478319966455507,0.9785163167214774,0.6781250000000001,,False,,,0,1,0.279,0.882
COST,Costco Wholesale Corporation,Consumer Staples,XLP,403522781184.0,2026-10-01,914.9400024414062,0.005053030131858538,0.02059167229033254,-0.014582950965198016,-0.015518518423089489,-0.035612172530110064,False,-0.05910861321197325,-0.06159901141681212,0.042350662359957214,0.031270107405620085,0.9393344916705246,0.8751694234517343,1.1467866105139057,1.4231165787342765,0.8751694234517343,2187741307.967224,0.5621481890811003,907.9474945068359,931.9730072021484,960.0155797322591,True,False,False,False,False,False,weak_rally,6,1,normal,False,True,acc,False,93.0,,0.016954281498628848,48.55453733605915,True,False,True,True,True,True,False,,Uptrend Under Pressure,1092.58,-0.1626,0.35639254773359474,0.9096505422560582,-0.11411526048168152,-0.18833090619073545,0.2756288171732138,0.6772775423728814,,False,,,0,1,0.279,0.882
HDB,HDFC Bank Limited,Financials,XLF,114816262144.0,2026-10-01,22.950000762939453,0.027305309139888267,0.0052562785648015975,-0.01120199619943718,-0.01214077357871024,-0.033808129633134176,False,-0.05588042549050021,-0.059843581091223896,0.06272019417792407,0.0343835601974527,0.950704280994337,1.7257529620875935,0.8981376250840281,1.1730201656092938,1.7257529620875935,241520944.92392159,0.35829003547466487,22.794999980926512,23.54466667175293,24.306833362579347,True,False,False,False,False,False,accumulation,3,2,interest,True,False,surge,False,14.0,,0.0239340248545387,50.011774142563716,True,False,True,True,False,True,False,,Uptrend Under Pressure,23.34,-0.0167,0.23907338462521788,0.9161407579283121,-0.4173019713315823,-0.20925443743470762,0.09044125618878972,0.6771716101694915,,False,,,0,1,0.279,0.882
E,ENI S.p.A.,Energy,XLE,77951950848.0,2026-10-01,54.38999938964844,0.0016574613969140284,-0.011809620549906863,-0.003269396663213242,-0.0042157053532038136,0.05132927276943944,False,-0.04830625718705717,0.022999669626261987,0.028767961016916033,0.011171895677868138,0.9595379254724061,1.467550370415139,0.9981689559525938,0.8657394605621034,1.467550370415139,17979774.63897095,1.0,54.63639183044434,53.18015613555908,52.50834709803264,False,True,True,False,True,False,accumulation,4,1,normal,False,False,,False,,,0.01818833063370048,50.13314610189651,False,False,True,True,True,True,False,,Uptrend Under Pressure,,,0.4275207079514712,0.9566614457922488,0.4098335742917092,-0.12208173545236811,0.6556602580318744,0.6771186440677966,,False,,,0,1,0.279,0.882
FIX,"Comfort Systems USA, Inc.",Industrials,XLI,58214584320.0,2026-10-01,1685.2900390625,0.01886237985049055,0.02549609285719434,0.0802241055475943,0.0791985270665132,-0.08127933922622055,False,0.03141462562074726,-0.10603560959106784,0.10377637248896177,-0.004245986137713875,0.895868545776885,0.9208416909279753,0.9136051231406244,1.317618143930937,0.9208416909279753,507784307.86762697,0.9488906793333167,1627.834002685547,1672.2922302246093,1759.4639638264973,True,True,False,True,False,False,weak_rally,1,1,normal,False,False,,False,72.0,,0.040278986601086954,55.875128506409524,True,True,True,False,False,True,False,,Uptrend Under Pressure,1966.39,-0.143,0.48422397015984897,0.9066175754014075,0.6370909992656624,-0.06563517387469364,0.7516262513100357,0.6761122881355933,,False,,,0,1,0.279,0.882
HLT,Hilton Worldwide Holdings Inc.,Consumer Discretionary,XLY,71597645824.0,2026-10-01,315.44000244140625,-0.008424471007532852,0.010604547806406739,0.01261594347718753,0.011654553043576321,-0.05014928347167191,False,-0.03313868957805255,-0.07574439866676774,0.06656986925787045,0.01769584898424914,0.9428005313295342,0.8834175505123898,0.9034554401251415,1.1911526607468947,0.8834175505123898,529961601.032077,0.32299184709970596,310.39100036621096,319.0467310587565,325.03545837402345,True,False,False,True,False,False,dry_up,4,0,normal,False,False,,False,160.0,,0.019809087954692328,51.103136638806745,True,True,True,True,True,True,False,,Uptrend Under Pressure,324.68,-0.0285,0.43031919426084553,0.8792679914183797,0.045041471624222895,-0.13088662014332753,0.4761889704022262,0.6752118644067797,,False,,,0,1,0.279,0.882
VTRS,Viatris Inc.,Health Care,XLV,20353028096.0,2026-10-01,17.459999084472656,-0.014672699715393867,0.0022961543055985967,0.021650025077895485,0.02068005757250968,0.009204219182697093,False,-0.024512809222144383,-0.017990262851035776,0.05908976142217126,-0.011754082407253619,0.9556649505749294,0.7505896831404107,1.2287301166199485,0.8730954631311612,0.7505896831404107,153779363.64359587,0.07407128324918996,17.122500038146974,16.85347498257955,16.256562447547914,True,True,True,True,True,False,dry_up,3,3,normal,False,False,,False,5.0,분산3일,0.025793653394628174,55.49915936673215,True,True,True,True,False,True,False,,Uptrend Under Pressure,17.42,0.0023,0.4177015399972497,0.9496588726121497,0.5085714585939143,0.06236216618427348,0.8475073181308952,0.6751059322033899,,False,,,0,1,0.279,0.882
LFUS,"Littelfuse, Inc.",Information Technology,XLK,10762465280.0,2026-10-01,435.54998779296875,0.027870859089937472,0.03416749930129703,0.060971449500996755,0.05996414973601172,0.023513465702736047,False,0.013031892883599072,-0.004066599882877275,-0.01639293097798511,-0.0452972870960503,0.9249305496959326,0.7189387911920366,0.9356620624615695,1.471228287841191,0.7189387911920366,78459999.98577575,0.9047924385390848,417.00450134277344,422.00074259440106,430.64810536702475,True,True,False,True,False,False,weak_rally,1,2,normal,False,False,,False,44.0,,0.0320760339697284,58.769989135121335,True,True,False,True,False,True,False,,Uptrend Under Pressure,441.15,-0.0127,0.3998044965188415,1.0,0.38153490083379427,0.01902549345931348,0.7952423114451953,0.6747351694915255,,False,,,0,1,0.279,0.882
CVE,Cenovus Energy Inc,Energy,XLE,57319133184.0,2026-10-01,31.649999618530273,0.018339758565747433,0.011828610094715586,-0.03075215602062542,-0.0316723722299419,0.07050080683559079,False,-0.07454721941709463,0.04165459869928001,0.00040183860370657243,0.029611139164028355,0.9330778693115236,2.0812355077625155,1.035776287206007,1.0931036851079954,2.0812355077625155,227382616.9011917,0.7772943882026601,32.16902055740356,30.50196180343628,28.902826404571535,False,True,True,True,True,False,accumulation,2,2,attention,True,False,surge,False,13.0,,0.029788767777065118,50.40869196313202,True,False,True,True,False,True,False,,Uptrend Under Pressure,33.11,-0.0442,0.4777491536776506,0.9566614457922488,0.7113504945937734,0.10697360961661628,0.8923530049510318,0.6742055084745763,,False,,,0,1,0.279,0.882
HCA,"HCA Healthcare, Inc.",Health Care,XLV,94667915264.0,2026-10-01,423.3900146484375,-0.00785015621361762,-0.00021251614139006225,0.05499345840124925,0.053991834216915,0.11312412248613946,False,0.00732401484195444,0.08312936684116301,0.09365510961049472,0.0900077000389492,0.9663791184312187,0.7284621806933294,0.7089309915439311,0.4066871094993899,0.7284621806933294,640451850.2029724,0.07833353678385417,424.52856597900393,409.3737970987956,410.9747584025065,False,True,True,False,False,False,dry_up,0,1,normal,False,False,,False,16.0,,0.029460227490635135,50.27747753274738,True,True,True,True,False,True,False,,Uptrend Under Pressure,421.05,0.0055,0.3884959026371571,0.9496588726121497,-0.15416574670023098,-0.2511109912397518,0.19932149181453507,0.6740466101694915,,False,,,0,1,0.279,0.882
ONC,BeOne Medicines Ltd.,Health Care,XLV,41395924992.0,2026-10-01,358.7699890136719,-0.01959341252636737,-0.003333645034202415,-0.008320000485878887,-0.009261514068474197,0.09434753306413035,False,-0.053128651562595164,0.06485874005187608,0.028021444048289768,0.07162104698111471,0.9519980973278047,0.8783911066929035,0.8966126823235635,0.6531430031737906,0.8783911066929035,141119421.5840912,0.026231075078659263,357.0494979858398,345.59974772135416,319.60937321980794,True,True,True,True,True,False,dry_up,1,3,normal,False,False,,False,31.0,분산3일,0.02563400571553734,50.96539659224484,True,False,True,True,False,True,False,,Uptrend Under Pressure,369.15,-0.0281,0.3717611296897306,0.9496588726121497,-0.08697337206084299,-0.0023927654921531705,0.48495446496331907,0.6723516949152543,,False,,,0,1,0.279,0.882
BBDO,Banco Bradesco Sa,Financials,XLF,32614664192.0,2026-10-01,3.140000104904175,0.019480578793626746,0.019480578793626746,0.02047455449158697,0.019505702992900442,-0.05628362946827381,False,-0.025635166655642805,-0.08171344574881667,0.09676487263789557,0.010321789187247576,0.9136340973869946,0.56273674682736,0.8871860682822796,1.0766140971998712,0.56273674682736,202902.7520468235,1.0,3.143496239185333,3.1404823660850525,3.138927634557088,False,False,True,False,True,False,weak_rally,2,3,normal,False,False,,False,,분산3일,0.03188597924585809,51.458027176822526,False,True,True,True,False,True,False,,Uptrend Under Pressure,,,0.43646014182528137,0.9161407579283121,-0.05529360802975836,-0.18403634865934415,0.34447978027537857,0.6705508474576272,,False,,,0,1,0.279,0.882
RS,"Reliance, Inc.",Materials,XLB,19642642432.0,2026-10-01,393.0400085449219,0.021546480948464897,0.018845477197015237,-0.01791555199331163,-0.018847955437473973,-0.0039385783140895025,False,-0.06229063203945784,-0.030778908468940158,0.0664020513983754,0.06373350382015275,0.918274890503694,0.9481868573832322,0.7893144022541143,0.8469340309974831,0.9481868573832322,109143316.74571228,0.9505586367850946,391.2844985961914,397.32828114827475,384.16075134277344,True,False,True,True,False,False,weak_rally,1,1,normal,False,False,,False,86.0,,0.024657623135626514,50.88587627538852,True,False,True,True,False,True,False,,Uptrend Under Pressure,379.65,0.0353,0.4657159669989346,0.9085780336452783,0.22291980853979854,0.09648858692038043,0.7887607965017527,0.6701800847457626,,False,,,0,1,0.279,0.882
PSO,"Pearson, Plc",Communication Services,XLC,9656611840.0,2026-10-01,16.15999984741211,0.006853620908439995,0.008739037805744365,0.002481327921606491,0.0015295594206798935,-0.01319973024529908,False,-0.04281537671675606,-0.039790505131733545,0.021727642390809487,0.0010898741251077482,0.9223433688935192,0.8397550264950457,0.7170113321379789,1.263434038267875,0.8397550264950457,11443489.500288391,0.43396239995393565,15.924999856948853,16.30687705675761,15.655393163363138,True,False,True,True,False,False,weak_rally,2,2,normal,False,False,,False,,,0.014519982461564952,53.09380192844951,False,True,True,True,False,True,False,,Uptrend Under Pressure,,,0.43494415008731635,0.9239023508895683,0.036035377846880046,0.08465549463221844,0.667457807813234,0.66875,,False,,,0,1,0.279,0.882
NOW,"ServiceNow, Inc.",Information Technology,XLK,138547838976.0,2026-10-01,137.75999450683594,0.02798298749134509,-0.00014518995963253012,0.007606738420474324,0.006650103789744399,0.4083020223175833,False,-0.03792155577377443,0.37035326693584225,-0.06586637070136958,0.3136219564747844,0.9308736360118544,0.8261547660092979,0.8051893038750979,0.7068004748480653,0.8261547660092979,1684421229.9268982,0.4962706379105459,136.79499893188478,124.39816627502441,112.18100007375081,True,True,True,True,True,False,weak_rally,0,1,normal,False,False,,False,23.0,,0.04309254392958425,54.30304004064056,True,True,False,True,False,True,False,,Uptrend Under Pressure,144.71,-0.048,0.41194973055978745,1.0,-0.3266188795542406,0.1783797276730601,0.4081845614542301,0.6668961864406779,,False,,,0,1,0.279,0.882
TRV,"The Travelers Companies, Inc.",Financials,XLF,74359087104.0,2026-10-01,361.6400146484375,0.014389511492777007,-0.002069593448173812,-0.00902158294197386,-0.009962430433277603,-0.04826373577607168,False,-0.0537985333052623,-0.07390965980842468,0.06506361436228247,0.018907709276386298,0.9135402968634774,0.8568024723049462,0.7365380245289422,1.2192074094641228,0.8568024723049462,516219017.95132446,0.9584864180049931,368.32300567626953,367.3768697102865,336.1603083292643,False,False,True,True,True,False,weak_rally,0,3,normal,False,False,,False,44.0,분산3일,0.01855040304254749,44.35821123383941,True,False,True,True,False,True,False,,Uptrend Under Pressure,374.71,-0.0349,0.35764068593550397,0.9161407579283121,0.14378171862597156,0.07914587070535606,0.7322955440714105,0.6660487288135594,,False,,,0,1,0.279,0.882
AIG,"American International Group, I",Financials,XLF,38913708032.0,2026-10-01,75.43000030517578,0.013571649571095135,0.00815290848489214,-0.0026314339998825265,-0.0035783483797257043,-0.05306259019268522,False,-0.04769712060310216,-0.07857920208212932,0.07193148858782017,0.013770162306092404,0.9393747985122042,1.047124929047137,1.2892606397156767,1.17085494647604,1.047124929047137,382974798.34654844,0.8648635645061516,75.03480072021485,76.64506759643555,76.00437768300374,True,False,False,False,False,False,accumulation,3,2,normal,False,False,,False,11.0,,0.01959660431528625,50.679693640923794,True,False,True,True,False,True,False,,Uptrend Under Pressure,76.07,-0.0084,0.24729716067561683,0.9161407579283121,-0.14706416122935784,-0.1327081108121696,0.28749774131762496,0.6656249999999999,,False,,,0,1,0.279,0.882
SEIC,SEI Investments Company,Financials,XLF,12321169408.0,2026-10-01,103.87000274658203,0.01178647030303237,-0.008684825761752557,-0.04811216887697933,-0.04901590326967509,0.026472103010617642,False,-0.09112282726462628,-0.0011876873795341192,0.023050629995703176,0.09891823862307314,0.9304846842446882,0.7413171817890164,0.7087524897404279,1.0630176132486788,0.7413171817890164,94214362.8933117,0.9836667326680578,105.81849975585938,104.55433349609375,96.58577626546224,False,False,True,True,True,False,weak_rally,1,2,normal,False,False,,False,19.0,,0.022961393023376433,43.07142620327498,True,False,True,True,False,True,False,,Uptrend Under Pressure,111.46,-0.0681,0.3382472004419906,0.9161407579283121,0.13318883984276342,0.21127235024445268,0.7672084492790285,0.6655190677966102,,False,,,0,1,0.279,0.882
ROIV,Roivant Sciences Ltd.,Health Care,XLV,26415351808.0,2026-10-01,35.5,-0.02925894732713541,-0.01743706198423589,0.03861906620943878,0.03763298808095206,-0.007632304771384324,False,-0.0083105072035633,-0.03437310207067301,0.07668065584044226,-0.028240959639641905,0.84907913977439,0.3655764113371675,0.6476994593896283,0.8430834088747634,0.3655764113371675,347599179.5025528,0.044445386343406945,38.28700008392334,36.302666600545244,33.263374948501585,False,False,True,True,True,False,dry_up,0,1,normal,False,False,,False,17.0,,0.03618713163993728,40.80699683399147,True,True,True,False,False,True,False,,Uptrend Under Pressure,41.48,-0.1442,0.26257953338238,0.9496588726121497,0.9788394784559853,0.06378768670627544,0.8888610819992049,0.6649894067796611,,False,,,0,1,0.279,0.882
CRDO,Credo Technology Group Holding ,Information Technology,XLK,36611153920.0,2026-10-01,210.1699981689453,0.07895685308752154,0.07246005439500935,0.27206147328492847,0.2708537619712177,-0.10150433622704802,False,0.21458390115229986,-0.12571561450098168,0.17930473807008807,-0.1619101492255245,0.7431228085925723,1.0437101506907167,0.9666538433234113,2.1181150337429764,1.0437101506907167,1600659633.843911,0.945186309961553,178.5199996948242,211.9859171549479,212.47387517293294,True,False,False,True,False,False,accumulation,4,0,normal,False,False,,False,77.0,,0.05603423924643472,56.86880466706823,True,True,True,False,True,True,False,,Uptrend Under Pressure,264.76,-0.2062,0.47582926272161763,1.0,0.23078129357222243,0.8481517325114241,0.8642170503415129,0.6636122881355933,,False,,,0,1,0.279,0.882
UAL,"United Airlines Holdings, Inc.",Industrials,XLI,36011012096.0,2026-10-01,111.77999877929688,0.007480863937669779,0.005306199522763233,0.03165667146728213,0.030677203524762886,-0.06973150149258533,False,-0.014958309015729698,-0.09479894521541787,0.05415001631438976,0.00827012051543674,0.841970498677154,1.1239804478316964,0.9782049577420594,1.3314230810934544,1.1239804478316964,426824242.3281601,0.960802224959016,110.13149986267089,116.6644994099935,111.83024978637695,True,False,False,True,False,False,accumulation,5,3,normal,False,False,,False,66.0,분산3일,0.03667043667407459,49.365237953430906,True,True,True,False,False,True,False,,Uptrend Under Pressure,135.19,-0.1732,0.38207914420560046,0.9066175754014075,-0.0596108597895868,-0.05589470778908501,0.4622357341621192,0.6628177966101696,,False,,,0,1,0.279,0.882
SU,Suncor Energy  Inc.,Energy,XLE,79382765568.0,2026-10-01,69.0999984741211,0.018122818296202325,0.006554944475457125,0.01686360634085604,0.015898183122190934,0.04860256818599251,False,-0.029082955606005156,0.02034644008126274,0.04954808794419696,0.008549342388417314,0.9614581304215594,1.0117001291985135,0.7270510036348683,0.6570639770699259,1.0117001291985135,324854863.5161686,0.7664980713522223,68.52475051879883,65.61484158833822,63.723875204722084,True,True,True,True,True,False,accumulation,1,0,normal,False,False,,False,134.0,,0.02761007278840023,55.74683533933058,True,True,True,True,False,True,False,,Uptrend Under Pressure,62.89,0.0988,0.3638087093313535,0.9566614457922488,0.4517981342258359,-0.08251430506948965,0.7076117596039174,0.6622881355932203,,False,,,0,1,0.279,0.882
QCOM,QUALCOMM Incorporated,Information Technology,XLK,196565843968.0,2026-10-01,182.08999633789062,-0.010595506516947517,-0.06264798987481213,0.07720058644874439,0.07617787853508484,0.017275865874847307,False,0.02852772298324635,-0.010136118470885469,-0.0013471973407238602,-0.05111553343793496,0.9015695164496802,0.6235869769707374,0.8224336707514348,1.0228231220219466,0.6235869769707374,2735489296.893654,0.06971510255643097,184.47750015258788,171.7454465230306,181.97792015075683,False,True,True,True,False,False,dry_up,2,2,normal,False,False,,False,7.0,,0.052521130579529444,50.337903242482554,True,True,False,True,False,True,False,,Uptrend Under Pressure,198.27,-0.0816,0.24147960313965114,1.0,-0.11808872359322631,0.12718546424410904,0.532815944490622,0.6613877118644067,,False,,,0,1,0.279,0.882
CR,Crane Company,Industrials,XLI,11792429056.0,2026-10-01,206.32000732421875,0.011273419290229292,0.008603880458694535,0.03626318934892114,0.03527934791983767,-0.08305285658939432,False,-0.010559934741442123,-0.1077613369379572,0.05885697070569451,-0.006168210278779451,0.9122702665977857,0.6340208603319039,0.820514820469497,1.643461967121761,0.6340208603319039,76416457.65297242,0.8154635291610699,202.0540008544922,210.76519699096679,201.2495204925537,True,False,False,True,False,False,weak_rally,2,1,normal,False,False,,False,47.0,,0.02149538937866438,52.856788673955066,True,True,True,True,False,True,False,,Uptrend Under Pressure,226.16,-0.0877,0.5350563928192955,0.9066175754014075,-0.05307012596147587,-0.005039270097295434,0.5156743522098948,0.6603283898305086,,False,,,0,1,0.279,0.882
LEN,Lennar Corporation,Consumer Discretionary,XLY,19654633472.0,2026-10-01,82.11000061035156,0.006373382716030829,0.007855644777943205,-0.01758795391838497,-0.018520668388319228,-0.024600358747040363,False,-0.06197783634820331,-0.05088392704330125,0.034756656061114555,0.04506966066415319,0.9311635328439896,1.6497255902657948,1.1018538061386742,1.0401213485530645,1.6497255902657948,432933556.78373563,0.7432757864890829,80.81149978637696,83.75666643778483,86.28774827321371,True,False,False,False,False,False,accumulation,3,5,interest,True,False,surge,False,27.0,분산5일,0.03484871307776997,50.059941837391946,True,False,True,True,False,True,False,,Uptrend Under Pressure,88.16,-0.0686,0.3024012643298934,0.8792679914183797,-0.41910682140675026,-0.15969185222828575,0.1292083770011926,0.6578919491525423,,False,,,0,1,0.279,0.882
DOCN,"DigitalOcean Holdings, Inc.",Information Technology,XLK,15594371072.0,2026-10-01,139.8000030517578,0.048054604478893204,-0.012502678398591427,0.33307904443927594,0.3318134022687895,-0.04382317259101842,False,0.27284441856275454,-0.0695887540856176,0.23587300326723115,-0.10810688698025017,0.9564860396072887,0.5301571198036186,0.6186885764726273,0.7979402314768378,0.5301571198036186,365750482.01645887,0.9026656010863261,130.96750030517578,125.04516639709473,133.0655828475952,True,True,False,True,False,False,weak_rally,1,1,normal,False,False,,False,8.0,,0.06443641782330681,57.90449803735297,True,True,True,True,False,True,False,,Uptrend Under Pressure,146.16,-0.0435,0.3655781325567156,1.0,1.7654669327114716,0.06576261595536148,0.9012223989013769,0.656885593220339,,False,,,0,1,0.279,0.882
VLTO,Veralto Corp,Industrials,XLI,22994587648.0,2026-10-01,94.5999984741211,0.0029686045398942262,-0.01530753327108303,-0.025538393999986364,-0.026463560221162807,0.014175419423220426,False,-0.06956903907935141,-0.01315301886342668,-0.004292080618568339,0.09921251123338282,0.9463277685599718,0.785729240020438,0.9789847827040428,1.0205435034937438,0.785729240020438,166054300.9359707,0.6918027866022963,95.4451717376709,95.67221755981446,91.23176536560058,False,False,True,True,False,False,weak_rally,5,2,normal,False,False,,False,22.0,,0.01720203055023893,44.587062119021205,True,False,False,True,False,True,False,,Uptrend Under Pressure,98.44,-0.039,0.4694885865359039,0.9066175754014075,-0.20707824745982273,-0.0530871191966753,0.32640399696433087,0.6563559322033898,,False,,,0,1,0.279,0.882
PM,Philip Morris International Inc,Consumer Staples,XLP,297414623232.0,2026-10-01,188.17999267578125,-0.01383510400957011,-0.017336852867983032,0.0012769513209398564,0.00032632627044959506,-0.054863028901321664,False,-0.043965334058295835,-0.08033112533949838,0.05912688890191964,0.010684164538968366,0.9401008862324893,0.801400024224484,0.8768521037742393,1.1527667950549119,0.801400024224484,844916071.747995,0.20322502048862603,189.8469985961914,189.3413330078125,182.03009007771809,False,False,True,True,True,False,dry_up,2,2,normal,False,False,,False,46.0,,0.022660685737601455,46.31535131572825,True,True,True,True,False,True,False,,Uptrend Under Pressure,200.17,-0.0599,0.39481752365452977,0.9096505422560582,0.03697446256140213,0.02900470164814184,0.6299618734415091,0.6561970338983052,,False,,,0,1,0.279,0.882
TXN,Texas Instruments Incorporated,Information Technology,XLK,255791546368.0,2026-10-01,281.30999755859375,0.004355747212161587,0.039386676159270495,0.10404236338039174,0.10299417154291124,-0.062072417558910686,False,0.05415666531361252,-0.08734624648750255,0.023537319153567937,-0.12512923623418326,0.9833263799022622,0.629912838591777,0.7402643750312752,2.3793553254274764,0.629912838591777,1557905915.1922975,0.5768325781951102,267.88100357055663,274.41046142578125,280.1465906778971,True,True,False,True,False,False,weak_rally,3,0,normal,False,False,,False,9.0,,0.026276814832500543,61.93435620145504,True,True,True,True,True,True,False,,Uptrend Under Pressure,266.64,0.055,0.4339978445660844,1.0,0.22689155925835602,0.11855130435331085,0.8004336670160095,0.6540254237288136,,False,,,0,1,0.279,0.882
MPWR,"Monolithic Power Systems, Inc.",Information Technology,XLK,66206429184.0,2026-10-01,1360.969970703125,0.010206202623929128,0.0205385251699155,0.11778332717080686,0.11672208948783891,-0.04887684333611375,False,0.06727674933208072,-0.07450624628957181,0.03627631333270864,-0.1128207997250652,0.9557864990148145,0.6676978611651483,0.7178539068859736,1.317553438847998,0.6676978611651483,909499355.7053833,0.795697321683217,1259.9948791503907,1309.1256368001302,1410.9800720214844,True,True,False,True,False,False,weak_rally,3,1,normal,False,False,,False,7.0,,0.03974770247545519,59.25290411849193,True,True,True,True,True,True,False,,Uptrend Under Pressure,1378.58,-0.0128,0.325563500509125,1.0,0.16099038612727967,-0.059055851156488925,0.6257968631419175,0.651906779661017,,False,,,0,1,0.279,0.882
KLAC,KLA Corporation,Information Technology,XLK,254384898048.0,2026-10-01,200.3300018310547,0.027702300098348953,0.07065363250269674,0.16295140032124422,0.1618472794961423,-0.08836942336131037,False,0.11040392175789204,-0.11293464105122408,0.07815080115777606,-0.14965829581383872,0.9169131891274132,0.9024118615703968,0.8202295035200784,1.7250654741386091,0.9024118615703968,1736543968.8924599,0.7669500748930485,182.74150009155272,192.94418767293294,199.25998497009277,True,True,False,True,False,False,weak_rally,2,0,normal,False,False,,False,71.0,,0.03576243766048994,63.12453553608521,True,True,True,True,False,True,False,,Uptrend Under Pressure,268.86,-0.2549,0.39433620596594215,1.0,0.3815654564434501,-0.033021726223963266,0.7399497669039788,0.651218220338983,,False,,,0,1,0.279,0.882
CIB,Grupo Cibest S.A.,Financials,XLF,21927964672.0,2026-10-01,91.08000183105469,-0.01906296900543014,-0.01820727093412622,-0.04469941096119512,-0.04560638546958706,0.08388540889807139,False,-0.08786427340532454,0.054678533105603444,0.02671852449084211,0.1603836489292274,0.8970569217549889,0.8139982531658362,0.8403595687292623,0.6778537985549211,0.8139982531658362,32056329.359425355,0.478261710867486,96.09119911193848,91.07549489339193,80.25154520670573,False,True,True,True,True,False,dry_up,1,1,normal,False,False,,False,,,0.02867627942815733,41.2111083963802,False,False,True,False,False,True,False,,Uptrend Under Pressure,,,0.3961704123284871,0.9161407579283121,0.6630402147867498,0.1517033916681534,0.9048326768096563,0.6498940677966103,,False,,,0,1,0.279,0.882
LOGI,Logitech International S.A. - R,Information Technology,XLK,14460590080.0,2026-10-01,103.31500244140625,0.02302212720880581,0.037716000149583984,0.05942733344713824,0.05842149968553967,-0.01840911172164228,False,0.011557547075700114,-0.04485951221380391,-0.017824452501660426,-0.08440141199537454,0.9406378681076296,1.3061893669127147,0.8746982792708701,1.9080408360711911,1.3061893669127147,72697543.36938934,0.5517239983648425,100.58163452148438,100.43976249694825,101.61501115163168,True,True,True,True,False,True,accumulation,4,2,normal,False,False,,False,46.0,,0.02948659221325612,55.94193484460922,True,True,False,True,False,True,False,,Uptrend Under Pressure,109.84,-0.0594,0.34504795040678693,1.0,-0.22448995339930633,-0.08267014878044976,0.28586877958873913,0.6483050847457628,,False,,,0,1,0.279,0.882
TRMB,Trimble Inc.,Information Technology,XLK,13316900864.0,2026-10-01,57.529998779296875,0.007354196541002667,-0.002773441692162426,-0.026729856449671408,-0.02765389148127051,0.1206003768308912,False,-0.07070666579048668,0.0904041625905252,-0.09769919471968314,0.045262476451246814,0.9348390952782926,1.5470811573751178,1.044659223237066,1.3662775367320776,1.5470811573751178,139277697.29047853,0.2482761523668211,58.069999885559085,57.13283322652181,57.50166657765706,False,True,True,False,False,False,accumulation,2,0,interest,True,False,surge,False,34.0,,0.024980754586181073,47.26412376202087,True,False,False,True,False,True,False,,Uptrend Under Pressure,57.54,-0.0002,0.5168629530575396,1.0,-0.37391596603387134,-0.22300904263616816,0.09326460915760182,0.6474046610169492,,False,,,0,1,0.279,0.882
ULTA,"Ulta Beauty, Inc.",Consumer Discretionary,XLY,23352848384.0,2026-10-01,537.72998046875,-0.015453069017882348,-0.020135661354664935,-0.025392413117768853,-0.026317717935048335,0.08528532326246707,False,-0.06942965428298675,0.056040724732313585,0.026536361800951536,0.16280416409498133,0.9514818317954757,0.8651555479298443,0.7601802342548899,0.567613775588902,0.8651555479298443,277285965.9354126,0.20011184607783938,546.6679992675781,523.6596618652344,511.9911631266276,False,True,True,True,True,False,dry_up,0,1,normal,False,False,,False,42.0,,0.028055756549866993,48.221304142308455,True,False,True,True,False,True,False,,Uptrend Under Pressure,534.41,0.0062,0.4935174320107411,0.8792679914183797,-0.13441043903852412,-0.12759781015951277,0.303456687506776,0.6455508474576271,,False,,,0,1,0.279,0.882
KB,KB Financial Group Inc,Financials,XLF,43221159936.0,2026-10-01,122.08000183105469,-0.008285919217788096,-0.02484224418644898,-0.03302968846689358,-0.033947742357988364,0.001637777828194853,False,-0.07672184250071479,-0.025352815389416028,0.03926067132718236,0.07233116157848807,0.9187236404658294,1.0270319803283483,1.0258304560598406,0.8378898139326466,1.0270319803283483,19353295.72055435,0.6230425237165518,127.97299995422364,122.48183352152506,114.44675051371256,False,False,True,True,True,False,distribution,1,3,normal,False,False,,False,,분산3일,0.025695679155467034,43.21833355094358,False,False,True,True,False,True,False,,Uptrend Under Pressure,,,0.3453110687452586,0.9161407579283121,0.3038547349145133,0.0605253712260605,0.8025233999494055,0.6453919491525424,,False,,,0,1,0.279,0.882
SAP,SAP  SE,Information Technology,XLK,240628498432.0,2026-10-01,210.7899932861328,0.011080188056088902,0.008034014015961377,0.005245795373739481,0.004291402252314169,0.38288838071434617,False,-0.04017582058433922,0.34562443303242896,-0.06805515746977786,0.2899168725688088,0.9514760299459082,1.0194976492052636,1.0768815661143072,0.6282062944882089,1.0194976492052636,407609827.38251954,0.3012454543229151,211.25399856567384,197.1876658121745,183.16522000630695,False,True,True,True,True,False,accumulation,2,2,normal,False,False,,False,45.0,,0.02396088489086971,52.19318625833991,True,True,False,True,False,True,False,,Uptrend Under Pressure,185.99,0.1333,0.5057446772185659,1.0,-0.29978956576746507,0.08005660918928914,0.3851685880524737,0.644968220338983,,False,,,0,1,0.279,0.882
ABBV,AbbVie Inc.,Health Care,XLV,462260207616.0,2026-10-01,259.92999267578125,-0.006345822414268398,-0.019576050607243656,-0.006839402936623107,-0.00778232221733044,0.0014178113118419322,False,-0.05171495420191041,-0.025566854586636545,0.029556300081875042,-0.019378788730138763,0.9761528987057764,0.9323676088783232,0.930801042465782,0.931467755546479,0.9323676088783232,1075224934.4143035,0.2804734381327541,260.95499725341796,256.4294603983561,236.94986152648926,False,True,True,True,True,False,dry_up,1,2,normal,False,False,,False,62.0,,0.018583518464467853,48.57883376486888,True,False,True,True,False,True,False,,Uptrend Under Pressure,252.96,0.0276,0.4487757293044057,0.9496588726121497,0.0041015740704577475,0.05361120231861105,0.622587727223447,0.6443855932203391,,False,,,0,1,0.279,0.882
SBS,Companhia de saneamento Basico ,Utilities,XLU,18673108992.0,2026-10-01,5.260000228881836,-0.009416142078437106,0.0213592488305685,0.03339883520583253,0.032417713230940004,-0.1195365625002337,False,-0.013294864225950609,-0.1432619360939319,0.1031568832580041,0.036717296584924286,0.9179756040790298,0.896802731086084,0.8091556759309803,1.30140831537528,0.896802731086084,35687080.31584358,0.6614019539953572,5.24449999332428,5.254666654268901,5.627633321285248,True,True,False,False,False,False,dry_up,0,1,normal,False,False,,False,,,0.026587432531171188,53.80294932554233,False,True,True,True,False,True,False,,Uptrend Under Pressure,,,0.4794020196827218,0.8486957529206396,-0.14682209753248032,-0.30825597794666093,0.1872899425391204,0.6434851694915255,,False,,,0,1,0.279,0.882
CAT,"Caterpillar, Inc.",Industrials,XLI,372699791360.0,2026-10-01,826.3499755859375,0.019191156748695093,0.02620301221476251,0.04300240448986026,0.0420121647643561,-0.09321368768245386,False,-0.004125228252416346,-0.11764836959324187,0.06574312183256459,-0.01718101185936982,0.9237708720500339,0.9107080590707671,0.9071095899430257,1.3914201134732802,0.9107080590707671,1879276299.2473083,0.7668361224701528,809.0299987792969,838.0096425374348,868.4086669921875,True,False,False,True,False,False,weak_rally,2,0,normal,False,False,,False,68.0,,0.026225481449635994,53.41599572381908,True,True,True,True,False,True,False,,Uptrend Under Pressure,1055.05,-0.2168,0.4873466475384756,0.9066175754014075,0.42903298071245044,-0.0812491008334344,0.7046212641393517,0.6423728813559322,,False,,,0,1,0.279,0.882
CIG-C,Comp En De Mn Cemig,Utilities,XLU,9354430464.0,2026-10-01,3.1500000953674316,-0.036697212923249456,-0.011582064737050701,-0.023784760705661934,-0.024711591848553316,-0.053151631588784554,False,-0.06789464298093728,-0.07866584412773014,0.042113193938725146,0.11488341135730806,0.927547629452948,0.22887025026316682,0.49577235220211213,0.9712902345881069,0.22887025026316682,4884.842265963554,0.5,3.2795698761940004,3.147859565416972,3.165568478902181,False,True,True,False,False,False,dry_up,0,0,normal,False,False,,False,,,0.026769087980711242,45.99295335229509,False,False,True,True,False,True,False,,Uptrend Under Pressure,,,0.3104490016528691,0.8486957529206396,0.09655703181159936,-0.13871712896358945,0.4996892053051932,0.6417902542372881,,False,,,0,1,0.279,0.882
LSCC,Lattice Semiconductor Corporati,Information Technology,XLK,17806536704.0,2026-10-01,128.86000061035156,0.025792053756802602,0.05432825497733407,0.13154200665810079,0.13046770631013782,-0.08324537797437193,False,0.08041374857098327,-0.10794867055296187,0.04903173140779038,-0.144878739710398,0.9328892786160004,0.8112330850002387,0.9232426038534125,1.8452125809496993,0.8112330850002387,200526882.60045624,0.7348127052180601,117.541499710083,122.90783348083497,127.96133371988932,True,True,False,True,False,False,weak_rally,4,0,normal,False,False,,False,7.0,,0.043424704781543394,61.03464817510337,True,True,True,True,True,True,False,,Uptrend Under Pressure,122.53,0.0517,0.37138659239048005,1.0,0.32108772281204767,0.002867517598040603,0.7578484695168226,0.6416843220338984,,False,,,0,1,0.279,0.882
TECH,Bio-Techne Corp,Health Care,XLV,11364618240.0,2026-10-01,72.4000015258789,-0.00096591270381019,-0.0023425405768251473,0.0013831047012475839,0.0004323788673901152,-0.014605927189028756,False,-0.04386397717462154,-0.04115881004449928,0.03808013254771403,-0.03506975975172577,0.9971078490193165,0.8610022864362119,0.9657631561377685,0.977367067489085,0.8610022864362119,227977002.40960503,0.12502384131222583,72.39200019836426,72.09756177266439,63.67807264328003,True,True,True,True,True,False,dry_up,4,4,normal,False,False,,False,46.0,분산4일,0.002308614391636112,55.83904325912909,True,True,True,True,False,True,False,,Uptrend Under Pressure,71.99,0.0057,0.5166929989228692,0.9496588726121497,0.13172195170276346,0.1613488103250833,0.7540647248021395,0.6416313559322034,,False,,,0,1,0.279,0.882
NTES,"NetEase, Inc.",Communication Services,XLC,77582434304.0,2026-10-01,120.61000061035156,-0.004539477014969928,0.025944225204986404,0.013614612788183766,0.012652274205248837,-0.025038679102657446,False,-0.03218514472728473,-0.05131043621659315,0.03307467158922539,-0.010920511547296452,0.9077020864650214,0.8297137167642784,1.0367086242077637,0.9413183362390448,0.8297137167642784,78214996.0160904,0.07339607938292977,118.09200019836426,123.62642059326171,121.1804993947347,True,False,False,True,False,False,dry_up,2,1,normal,False,False,,False,28.0,,0.019279969761113118,51.661476968227795,True,True,True,True,False,True,False,,Uptrend Under Pressure,127.66,-0.0552,0.4803900156706258,0.9239023508895683,-0.3010646731425276,-0.08024227298810327,0.24363503306710996,0.6414194915254238,,False,,,0,1,0.279,0.882
CTSH,Cognizant Technology Solutions ,Information Technology,XLK,27169120256.0,2026-10-01,60.880001068115234,0.0598886233226108,0.06489422805658207,-0.039747640333021805,-0.040659316115319255,0.38396517121935525,False,-0.08313624648721751,0.3466722078441957,-0.10976774214071572,0.2909212705086597,0.9418317085854531,1.9517037101377572,1.2419489499122391,0.8922117552312506,1.9517037101377572,406638501.88218516,0.10440858882673652,59.898999786376955,55.95541133880615,53.16673943201701,True,True,True,False,True,False,accumulation,3,2,interest,True,False,surge,False,41.0,,0.04010231312206514,55.63404298384493,True,False,False,True,False,True,False,,Uptrend Under Pressure,55.8,0.091,0.3589712109077004,1.0,-0.16177232183463586,-0.1005879725680352,0.30902659824364864,0.638771186440678,,False,,,0,1,0.279,0.882
BBD,Banco Bradesco Sa,Financials,XLF,37273903104.0,2026-10-01,3.509999990463257,-0.002840906397000853,0.038461500479517685,0.018572225606237724,0.01760518020274815,-0.07956259520196374,False,-0.027451539596233143,-0.10436512574253853,0.09472032631533223,-0.014600154571382418,0.9612312921705587,1.451876947348905,1.038319489041357,1.098894785279967,1.451876947348905,100067859.78253895,0.6197721273802204,3.480999994277954,3.426062830289205,3.484114329020182,True,True,True,False,False,False,distribution,3,2,normal,False,False,,False,17.0,,0.029055753064103285,55.361631194005,True,True,True,True,False,True,False,,Uptrend Under Pressure,3.55,-0.0113,0.29594959162399725,0.9161407579283121,-0.1111670449170511,-0.20489268324954124,0.2688735499259152,0.6385593220338983,,False,,,0,1,0.279,0.882
GOOG,Alphabet Inc.,Communication Services,XLC,4167227932672.0,2026-10-01,334.92999267578125,-0.01705111734785636,-0.012035093278409348,0.004096811707225756,0.003143509445481696,-0.04404743173284975,False,-0.0412728878985712,-0.06980697023725191,0.023374141326628406,-0.030204525102101254,0.89231380639278,1.113264386262199,0.9708786595446514,1.363658553042635,1.113264386262199,5988206840.675616,0.13070755385425542,339.1929992675781,343.24179890950523,353.39677378336586,False,False,False,True,False,False,distribution,3,3,normal,False,False,,False,9.0,분산3일,0.027648320332383895,45.13434794179702,True,True,True,False,False,True,False,,Uptrend Under Pressure,344.41,-0.0275,0.4715178176499419,0.9239023508895683,0.18395838358249628,-0.034092850497480454,0.6625591774782263,0.6385593220338983,,False,,,0,1,0.279,0.882
RGA,"Reinsurance Group of America, I",Financials,XLF,16079882240.0,2026-10-01,244.6199951171875,-0.006578989359312448,-0.003219137496976665,-0.030708880413463202,-0.031629137709190513,0.018526602806248516,False,-0.0745058992003631,-0.00891908447330414,0.04175498217298834,0.0904119625499531,0.9558828948327138,1.2515886741050415,1.1544239584973732,0.6803793592146398,1.2515886741050415,85928976.07463989,0.17919585639439684,248.15000076293944,243.07106221516926,225.94082412719726,False,True,True,True,True,False,distribution,3,4,normal,False,False,,False,67.0,분산4일,0.020198959877993847,46.3210303193807,True,False,True,True,False,True,False,,Uptrend Under Pressure,214.43,0.1408,0.36440259198679553,0.9161407579283121,0.13794613674754141,0.04915650565588425,0.7102453832532254,0.6385063559322034,,False,,,0,1,0.279,0.882
VRSN,"VeriSign, Inc.",Information Technology,XLK,25493704704.0,2026-10-01,286.8999938964844,0.01733975377300756,-0.017061843576190006,-0.010553171640122039,-0.011492565021669732,0.06934905942454206,False,-0.0552609178008433,0.040533886804811514,-0.08270208849265182,-0.002543217765143768,0.9309494474494184,0.8698715878795682,0.8705139426636058,1.4398096701737795,0.8698715878795682,211888397.2245102,0.787264769660862,292.32250061035154,285.3772003173828,281.05635668436685,False,True,True,True,True,False,weak_rally,3,1,normal,False,False,,False,8.0,,0.026788820862177293,47.12294216758652,True,False,False,True,True,True,False,,Uptrend Under Pressure,308.18,-0.0691,0.4125611406600775,1.0,-0.09423355028306846,-0.007901828950297451,0.47049076650645083,0.6366525423728814,,False,,,0,1,0.279,0.882
OSCR,"Oscar Health, Inc.",Health Care,XLV,9518611456.0,2026-10-01,29.899999618530273,-0.030479913404888204,0.03567713021667607,-0.014177392227412766,-0.015113344727919253,-0.010892992269408652,False,-0.058721379478202884,-0.03754592558052017,0.021949400325073976,-0.03143393193129351,0.884353694293265,0.6741831962856684,0.7932067201767707,1.078100507514596,0.6741831962856684,173458039.84129468,0.12135916009496239,31.421500301361085,30.64950008392334,26.984833375612894,False,False,True,True,True,False,dry_up,1,4,normal,False,False,,False,9.0,분산4일,0.056422362338887706,44.851435468846894,True,False,True,False,False,True,False,,Uptrend Under Pressure,32.13,-0.0694,0.42948010476335435,0.9496588726121497,0.36672562095026984,1.1817684471611716,0.9128067290665318,0.6358050847457627,,False,,,0,1,0.279,0.882
GOOGL,Alphabet Inc.,Communication Services,XLC,4208075997184.0,2026-10-01,338.239990234375,-0.016972787043119886,-0.012034102387744716,0.003967154037101794,0.003013974873996128,-0.035108033206758704,False,-0.041396687040437086,-0.06110845686402622,0.02324199440087149,-0.02113567741374045,0.8956441035375421,1.216798083988803,0.9756939815075462,1.1014783117792697,1.216798083988803,9330323911.925385,0.15411127099147848,342.5584991455078,345.5481257120768,355.8913124084473,False,False,False,True,False,False,distribution,3,3,normal,False,False,,False,9.0,분산3일,0.027944913893221675,45.39365217208807,True,True,True,False,False,True,False,,Uptrend Under Pressure,349.54,-0.0323,0.4718599531002809,0.9239023508895683,0.1968350128792038,-0.03355312466197091,0.6710825412887138,0.6330508474576271,,False,,,0,1,0.279,0.882
AMZN,"Amazon.com, Inc.",Consumer Discretionary,XLY,2687409848320.0,2026-10-01,248.22999572753906,-0.0036925474271837233,-0.00461147298402631,-0.02647266496628531,-0.027396944178744276,-0.010653885178938505,False,-0.0704610953980217,-0.03731326157991455,0.025398552268858454,0.06001229113360407,0.8739877661061032,0.9374262086448326,1.005892224342992,0.8610967052114166,0.9374262086448326,8773724282.848003,0.36989052605714867,252.01100006103516,254.84966634114582,254.42866655985515,False,False,True,True,False,False,dry_up,3,2,normal,False,False,,False,42.0,,0.021841277768020088,44.203502523809014,True,False,True,False,False,True,False,,Uptrend Under Pressure,284.02,-0.126,0.7635937714942242,0.8792679914183797,0.006953915351518791,0.038629835825279235,0.6088287376675943,0.6324682203389831,,False,,,0,1,0.279,0.882
APA,APA Corporation,Energy,XLE,14553602048.0,2026-10-01,43.34000015258789,0.04333170913310491,-0.007783886222812231,-0.030425069063514054,-0.03134559581334062,0.16899984702398752,False,-0.07423491174900798,0.13749943835241507,0.0007394389350459107,0.12434783466893329,0.9141531384112337,1.1172551990590855,1.0384171763531969,0.5590124796459176,1.1172551990590855,272373658.6834227,0.9442300424249844,43.889500045776366,40.2670202255249,38.39298656781514,False,True,True,True,True,False,accumulation,2,5,normal,False,False,,False,37.0,분산5일,0.037741266429946206,51.77883738066519,True,False,True,True,False,True,False,,Uptrend Under Pressure,41.02,0.0566,0.3525800294625508,0.9566614457922488,0.6376552392763202,-0.06819531575486704,0.747181164395938,0.6319385593220339,,False,,,0,1,0.279,0.882
NOK,Nokia Corporation Sponsored,Information Technology,XLK,56770260992.0,2026-10-01,10.369999885559082,0.022682399847036017,-0.005752676688506431,0.05386176064558312,0.05286121090946683,-0.015581514741637825,False,0.006243452381829995,-0.04210810896526629,-0.022984192429950534,-0.08176391420148299,0.9317160627971824,0.6943595985278644,0.6459494333673302,1.5252907422310045,0.6943595985278644,912392416.326449,0.87499925494271,10.403500032424926,10.236166667938232,11.75116666952769,False,True,False,True,False,False,weak_rally,2,1,normal,False,False,,False,6.0,,0.04862929120766792,49.98052355949811,True,True,False,True,False,True,False,,Uptrend Under Pressure,10.63,-0.0245,0.3466205538474006,1.0,0.7905353320663755,0.030142079830841606,0.8542661992699938,0.6318855932203391,,False,,,0,1,0.279,0.882
EHC,Encompass Health Corporation,Health Care,XLV,11985399808.0,2026-10-01,119.05999755859375,-0.02000164908966917,-0.02417838313241638,-0.017494658699810928,-0.0184274617454101,0.04654708277317665,False,-0.06188875663553661,0.018346342725756637,0.01851056817063057,0.02481327610458539,0.9463476660759308,1.0460624452479068,1.1303909092185382,0.6805869077779738,1.0460624452479068,105746939.28770752,0.012852295683213368,122.1294994354248,118.70266621907552,111.16865787506103,False,True,True,True,True,False,distribution,3,6,normal,False,False,,False,25.0,분산6일,0.02520937672764934,41.751697028297315,True,False,True,True,False,True,False,,Uptrend Under Pressure,120.78,-0.0142,0.7525754742136,0.9496588726121497,-0.16064894469089253,0.07730467490002679,0.4711150663149145,0.6304555084745763,,False,,,0,1,0.279,0.882
HSAI,Hesai Group,Consumer Discretionary,XLY,20051345408.0,2026-10-01,15.930000305175781,-0.0012538874187156823,-0.026878467409915063,-0.03978299224482862,-0.04069463446357191,0.044736965822094854,False,-0.0831700010374945,0.01658500202032398,0.011379027772229655,0.11935955292384715,0.8253886494765464,0.8032808741617519,0.7240072612911129,0.7312627364315951,0.8032808741617519,19656921.52955837,0.529412424687812,16.949749994277955,16.978583351771036,18.533249974250793,False,False,False,False,False,False,dry_up,0,0,normal,False,False,,False,161.0,,0.03531069957735577,42.05295462761379,False,False,True,False,False,True,False,,Uptrend Under Pressure,27.62,-0.4232,0.3540475274025705,0.8792679914183797,-0.4820780072396508,-0.2977503801117397,0.04120740125040656,0.6301906779661017,,False,,,0,1,0.279,0.882
SHG,Shinhan Financial Group Co Ltd,Financials,XLF,36572033024.0,2026-10-01,76.5999984741211,-0.013776229175347598,-0.037567508497874824,-0.05908371172604432,-0.05997702959665696,0.0580609775394787,False,-0.10159862548282461,0.029549978776915786,0.011258858468885302,0.1327365861997165,0.9068307963436713,2.1396039157155107,1.2826659223442145,0.8309523105186974,2.1396039157155107,14567206.066867828,0.9695103229468082,81.54700012207032,76.22649993896485,71.11841662724812,False,True,True,True,True,False,distribution,2,3,attention,False,False,,False,,분산3일,0.029960840659124497,41.88225744173998,False,False,True,True,False,True,False,,Uptrend Under Pressure,,,0.28919505495298387,0.9161407579283121,0.37648321566270937,0.09733072480450922,0.841636550901666,0.6286016949152542,,False,,,0,1,0.279,0.882
BLK,"BlackRock, Inc.",Financials,XLF,171946934272.0,2026-10-01,1064.3599853515625,0.005735616952834199,-0.008467992206240282,-0.033654165320553986,-0.03457162632539523,-0.011941305474973407,False,-0.07731810262573802,-0.038565990455278754,0.0385895088039665,0.0577936965447412,0.9044521403367843,0.9762291633994578,0.9338840348331331,0.8170205348780741,0.9762291633994578,562014621.8759094,0.5696983971538013,1073.5535278320312,1095.593379720052,1062.1548512776692,False,False,True,True,False,False,weak_rally,1,1,normal,False,False,,False,55.0,,0.022008179811408464,44.36918474168988,True,False,True,True,False,True,False,,Uptrend Under Pressure,1087.82,-0.0216,0.35029618643104987,0.9161407579283121,-0.14722106999344964,0.016595137896579182,0.4387607965017527,0.6275953389830509,,False,,,0,1,0.279,0.882
BPYPP,Brookfield Property Partners L.,Real Estate,XLRE,0.0,2026-10-01,15.850000381469727,-0.00502196623813389,0.06734006561022254,-0.015527949942643282,-0.01646262020650724,-0.010665652748048204,False,-0.06001091280103821,-0.03732471205468335,0.049449680569324084,0.11233786363139764,0.9799073341007538,0.8446184114660917,0.9500054569534861,0.595997495492357,0.8446184114660917,263474.83789491653,0.8571448034201542,15.715499973297119,15.718023649851482,15.43938980102539,True,True,True,True,False,False,dry_up,2,4,normal,False,False,,False,,분산4일,0.024808485096765493,53.73089836124562,False,False,True,True,False,True,False,,Uptrend Under Pressure,,,0.16504242847545805,0.8915978830104153,0.04366207391194332,-0.09084100268540529,0.5204645657909002,0.6226165254237288,,False,,,0,1,0.279,0.882
EQNR,Equinor ASA,Energy,XLE,98585559040.0,2026-10-01,42.16999816894531,0.013701916243550105,-0.023164235404562916,-0.03235437363163718,-0.03327306867521085,0.039849289053312864,False,-0.07607704148729078,0.011829030842490873,-0.0012518781972705728,0.00013041020109860746,0.9217485938567281,0.8679020485236831,1.1431781892222697,0.9012638627170172,0.8679020485236831,163671189.35406417,0.9797974738172487,43.30650005340576,40.84921226501465,38.474313259124756,False,True,True,True,True,False,weak_rally,4,5,normal,False,False,,False,5.0,분산5일,0.02727055071158148,48.21795737607678,True,False,False,True,False,True,False,,Uptrend Under Pressure,43.17,-0.0232,0.38310609830374326,0.9566614457922488,0.6514798913804392,-0.04166954973061776,0.7728289545011022,0.6214512711864407,,False,,,0,1,0.279,0.882
SKM,"SK Telecom Co., Ltd.",Communication Services,XLC,13401601024.0,2026-10-01,35.59000015258789,0.019478668236837304,-0.005032158313453827,-0.0399244552042165,-0.04083596311623039,0.023317217942648183,False,-0.08330507205150628,-0.0042575594603710964,-0.021492275636702418,0.038135614975981724,0.8833457270752227,1.5864077963253953,0.879419285044872,1.0860406154281972,1.5864077963253953,43089266.1705513,0.58720921206422,36.36099967956543,35.57083307902018,36.32899971008301,False,True,True,True,False,False,accumulation,1,0,interest,True,False,surge,False,48.0,,0.028780155122038388,45.848910979267544,False,False,False,False,False,True,False,,Uptrend Under Pressure,35.67,-0.0022,0.6115415394522848,0.9239023508895683,0.5162014655618792,0.10226441952700771,0.8689096888439161,0.6209745762711865,,False,,,0,1,0.279,0.882
SOLV,Solventum Corporation,Health Care,XLV,15005221888.0,2026-10-01,87.7699966430664,-0.004310889123478212,-0.009256120653811317,-0.044940204725127164,-0.045846950620862414,0.10320105998057993,False,-0.08809418700251448,0.07347369575143214,-0.00994075672395589,0.08029071132176147,0.9494806828753606,0.9052633704552568,0.8195055250172725,0.6971733669940271,0.9052633704552568,77238331.82255745,0.659385983908314,89.16399955749512,86.31483294169108,80.29449965159098,False,True,True,True,True,False,dry_up,1,0,normal,False,False,,False,9.0,,0.021538440103364583,45.51230070012584,True,False,False,True,False,True,False,,Uptrend Under Pressure,88.84,-0.012,0.5683109454993646,0.9496588726121497,0.08058400140276412,0.2125720333215977,0.7375682122077265,0.617531779661017,,False,,,0,1,0.279,0.882
HON,Honeywell International Inc.,Industrials,XLI,66855325696.0,2026-10-01,213.8000030517578,0.013558360563430849,0.009490579486016726,0.03751150314357554,0.03652647654952568,-0.1018152074080717,False,-0.009368025489872478,-0.12601810880388076,0.060132501648686665,-0.026503756146938007,0.8619378472772236,0.7977782637052376,0.6894405051990417,1.2662014939175137,0.7977782637052376,623762955.8891243,0.7557560187320721,208.10050201416016,222.47556584676107,226.65302238464355,True,False,False,False,False,False,weak_rally,2,1,normal,False,False,,False,67.0,,0.020314386718373358,52.30619795675551,True,True,True,False,False,True,False,,Uptrend Under Pressure,242.81,-0.1195,0.5862825086275932,0.9066175754014075,-0.10758613537052775,-0.2408671230334285,0.24897455820172745,0.6160487288135593,,False,,,0,1,0.279,0.882
DLR,"Digital Realty Trust, Inc.",Real Estate,XLRE,66291310592.0,2026-10-01,176.49000549316406,0.0054691888597018234,-0.024917096722850474,-0.03297667336990873,-0.03389477759420978,-0.028007704608805195,False,-0.07667122286898453,-0.05419945699302464,0.030849297525418207,0.09283968187781633,0.8878351426449137,1.0144097784409305,0.917529376005778,0.8005066702665696,1.0144097784409305,339797845.26641923,0.8413819230324013,182.22315673828126,185.28306681315104,187.01926651000977,False,False,False,True,False,False,accumulation,1,2,normal,False,False,,False,48.0,,0.02554716486543468,39.39421606251812,True,False,True,False,False,True,False,,Uptrend Under Pressure,197.72,-0.1074,0.4758031392786444,0.8915978830104153,-0.06066411020285112,-0.12284999422345055,0.3874354016840736,0.6158368644067796,,False,,,0,1,0.279,0.882
EG,"Everest Group, Ltd.",Financials,XLF,14001617920.0,2026-10-01,368.7200012207031,0.009721465789718442,-0.008710587990123364,-0.01997242799295218,-0.020902878612925058,-0.030259669255058075,False,-0.06425456894682946,-0.05639073916198567,0.05329408799364366,0.03818246307758155,0.929834038148523,0.9982347455951741,0.8235451230400398,0.7264724834377077,0.9982347455951741,159928518.71718597,0.793722390396374,373.0435729980469,372.6882293701172,357.78247299194334,False,False,True,True,True,False,weak_rally,1,2,normal,False,False,,False,9.0,,0.018557438589292014,46.10857892899638,True,False,True,True,False,True,False,,Uptrend Under Pressure,374.85,-0.0164,0.39818927867606213,0.9161407579283121,-0.050901481029829165,0.008940616887503028,0.532639767265368,0.6147245762711864,,False,,,0,1,0.279,0.882
LLY,Eli Lilly and Company,Health Care,XLV,1031371358208.0,2026-10-01,1149.8499755859375,-0.006248470929703265,-0.027109154545171932,-0.00881834085259181,-0.009759381304515813,-0.033785102655987,False,-0.05360447462572204,-0.059821174609616,0.027504841330006524,-0.05385063828725756,0.8980817644392048,0.951987551389414,0.9762147380064035,1.0472203425069622,0.951987551389414,2628514537.5222654,0.5286917942830457,1152.0534912109374,1176.1453918457032,1110.4071416219076,False,False,False,True,False,False,dry_up,4,1,normal,False,False,,False,30.0,,0.027748336794895287,44.999064318879164,True,False,True,False,True,True,False,,Uptrend Under Pressure,1280.34,-0.1019,0.5444380761271042,0.9496588726121497,0.32691354822565843,0.04591216376689977,0.799813884572296,0.6134533898305086,,False,,,0,1,0.279,0.882
PYPL,"PayPal Holdings, Inc.",Financials,XLF,45280858112.0,2026-10-01,53.060001373291016,0.010089522297933584,0.008745302519281184,-0.0270520631500899,-0.0279757922745566,-0.06489249690870758,False,-0.07101431371426281,-0.09009033467936134,0.04568518180655179,0.0011053268825891305,0.8537891102943032,0.911058185449148,0.9470794406665546,1.121212298573746,0.911058185449148,658344175.3902136,0.3894762625633942,53.46699962615967,55.77417475382487,50.51203775405884,False,False,True,True,False,False,weak_rally,2,1,normal,False,False,,False,54.0,,0.026562912764802268,44.892824213559194,True,False,True,False,False,True,False,,Uptrend Under Pressure,56.59,-0.0624,0.4356042397335324,0.9161407579283121,-0.3164166727808141,0.01061813645059373,0.32643742546348165,0.6128177966101696,,False,,,0,1,0.279,0.882
IFF,International Flavors & Fragran,Materials,XLB,21312735232.0,2026-10-01,83.12000274658203,-0.00431241729605969,-0.03179960135190918,-0.03941316474276646,-0.04032515808043591,0.05568198421280157,False,-0.0828168840383231,0.027235090900900483,0.04305874483984362,0.12740466756135493,0.9482618833400019,1.0460967339534177,0.989913741085936,0.5123286192712132,1.0460967339534177,146565315.8736744,0.7523823709995604,84.52790565490723,82.27474416097006,78.44869848887126,False,True,True,True,True,False,distribution,2,3,normal,False,False,,False,40.0,분산3일,0.020196212126172695,43.927977066180425,True,False,True,True,False,True,False,,Uptrend Under Pressure,87.66,-0.0517,0.6969073212325329,0.9085780336452783,0.23003876204164886,0.01946562236864513,0.7474756965776443,0.6121292372881355,,False,,,0,1,0.279,0.882
MFC,Manulife Financial Corporation,Financials,XLF,70563790848.0,2026-10-01,42.54999923706055,-0.0009392090956570343,-0.021614219478673258,-0.017094055505121775,-0.018027238888480457,-0.027172335087714106,False,-0.061506254530694804,-0.053386597724071616,0.056387646594517005,0.041487694476727954,0.9542498114252878,0.9999120402632224,0.786481270643296,0.6546035864001717,0.9999120402632224,72263253.87297401,0.9259243560943218,43.676499938964845,43.28395767211914,41.008315340677896,False,False,True,True,True,False,dry_up,0,0,normal,False,False,,False,39.0,,0.015611877772563584,40.58020526118673,True,False,True,True,False,True,False,,Uptrend Under Pressure,44.21,-0.0376,0.31836036922893235,0.9161407579283121,0.2060287257891389,0.05789806425724087,0.7605218459759315,0.6102224576271187,,False,,,0,1,0.279,0.882
ICLR,ICON plc,Health Care,XLV,13115444224.0,2026-10-01,161.85000610351562,-0.04788516457795977,-0.06929262918859913,0.012575136459437752,0.011613784768527369,-0.05580256677340545,False,-0.033177652747564124,-0.0812453459910466,0.04968231133071499,-0.07541086228969485,0.8979693806636845,0.6345073763377568,0.9892724595141673,1.0085561515441743,0.6345073763377568,179653785.64853516,0.1009669911823516,167.74700012207032,167.61166661580404,150.3342498779297,False,False,False,True,True,False,dry_up,3,4,normal,False,False,,False,5.0,분산4일,0.04001939338884689,43.73472217856435,True,True,True,False,False,True,False,,Uptrend Under Pressure,173.9,-0.0693,0.30358226212840805,0.9496588726121497,-0.2000843938071285,0.24277860070197055,0.4901955115463843,0.609427966101695,,False,,,0,1,0.279,0.882
BIP,Brookfield Infrastructure Partn,Utilities,XLU,28149377024.0,2026-10-01,35.790000915527344,0.006751102211462134,0.0391986742929602,-0.013777899900412116,-0.014714231684005985,-0.12177135380234838,False,-0.05833993804695181,-0.14543650767960148,0.052795552967044745,0.03408590191425054,0.8498963371367961,1.9255012233437434,1.1196131488390753,1.3920813427472203,1.9255012233437434,30389550.980716705,0.7761222072923546,35.85700016021728,37.84725208282471,37.302551937103274,False,False,False,True,False,False,accumulation,2,2,interest,True,False,surge,False,,,0.02368978254688265,45.67655001653456,False,False,True,False,False,True,False,,Uptrend Under Pressure,,,0.4170001610380763,0.8486957529206396,0.013458370207496184,-0.10322887645582235,0.4796239745582017,0.6073093220338983,,False,,,0,1,0.279,0.882
FCNCA,"First Citizens BancShares, Inc.",Financials,XLF,23266084864.0,2026-10-01,2073.5,0.006455707767859975,0.008104666521697501,-0.047590660237469384,-0.048494889757089155,-0.02603697037194075,False,-0.09062488277753722,-0.05228182706922069,0.023611126437357965,0.04270319072839723,0.9049329120214532,1.1938642395525634,0.9132266722646234,0.9678666273236943,1.1938642395525634,141124783.88391113,0.9589502144670857,2118.859979248047,2155.0077941894533,2086.864874267578,False,False,False,True,False,False,accumulation,2,3,normal,False,False,,False,49.0,분산3일,0.02513674532633315,42.303580677955786,True,False,True,True,False,True,False,,Uptrend Under Pressure,2212.77,-0.0629,0.4207847517336356,0.9161407579283121,0.041289928620687366,-0.02928975254739674,0.5768123667377398,0.6064088983050848,,False,,,0,1,0.279,0.882
OGE,OGE Energy Corp,Utilities,XLU,9373520896.0,2026-10-01,45.66999816894531,0.005504183401110918,0.03139113432628027,-0.017003894341258596,-0.0179371633247708,-0.09597967737877411,False,-0.061420167261771574,-0.12033982565635659,0.04935179257993072,0.06445476894201763,0.914314263691269,1.1815033334077054,1.240430406438004,1.0220695432400906,1.1815033334077054,80821077.0120575,0.7524748361754764,45.806499290466306,46.94249986012777,47.170873483022056,False,False,False,False,False,False,accumulation,5,4,normal,False,False,,False,17.0,분산4일,0.016093723830559993,48.42655425608401,True,False,True,True,False,True,False,,Uptrend Under Pressure,47.39,-0.0363,0.3587397208703072,0.8486957529206396,-0.1057515020374481,-0.16808117262641997,0.302180983701348,0.605667372881356,,False,,,0,1,0.279,0.882
Q,"Qnity Electronics, Inc.",Information Technology,XLK,26322311168.0,2026-10-01,128.4499969482422,0.021552402819417393,0.05020030669779896,0.09142658070886656,0.09039036645563314,-0.09650344088327201,False,0.042110921570033044,-0.12084947558805881,0.0118414596440648,-0.15724546379476323,0.9008345623619951,0.864200170809889,0.7351911967098891,2.6999360924390365,0.864200170809889,183267556.704171,0.9901160169086387,122.20800018310547,129.6710334777832,139.7622055053711,True,False,False,True,False,False,weak_rally,2,0,normal,False,False,,False,66.0,,0.03691931261100975,56.44547542881299,True,True,True,True,False,True,False,,Uptrend Under Pressure,158.23,-0.1882,0.4507247947163148,1.0,,-0.16386155528879842,,0.6048728813559323,,False,,,0,1,0.279,0.882
AEIS,"Advanced Energy Industries, Inc",Information Technology,XLK,11287015424.0,2026-10-01,294.1099853515625,0.04360931696806314,0.057835437337213635,0.09664783427495283,0.09560666289729114,-0.09515934219303468,False,0.047096254950837135,-0.11954159560062572,0.01668198755758632,-0.15599172878395984,0.8439116557037967,0.8715286888045737,0.768510134707721,2.1041925642329433,0.8715286888045737,140708756.6369812,0.7763364212176855,273.72899627685547,291.04243189493815,318.62517127990725,True,True,False,False,False,False,weak_rally,2,0,normal,False,False,,False,41.0,,0.0451482878332932,57.68376039569562,True,True,True,False,False,True,False,,Uptrend Under Pressure,341.27,-0.1382,0.4586709174123614,1.0,0.36308338538496887,-0.3112820344960534,0.5324979220122149,0.6048199152542373,,False,,,0,1,0.279,0.882
ECHO,EchoStar Corporation,Communication Services,XLC,26001846272.0,2026-10-01,88.25,-0.01297398070235145,-0.02356713120322007,0.017995126481259005,0.017028628983005722,-0.06674302175937818,False,-0.0280025627356717,-0.09189099443449633,0.03753928534653661,-0.053228764210284996,0.924470991476833,1.078105412328991,0.9441083313651036,1.0294044447721846,1.078105412328991,303871849.10362244,0.12918522304154195,91.85550003051758,90.19850006103516,105.10483347574869,False,False,False,False,False,False,distribution,1,4,normal,False,False,,False,8.0,분산4일,0.02982598632417291,41.73997665856612,True,True,True,True,False,True,False,,Uptrend Under Pressure,95.36,-0.0746,0.4202007424119767,0.9239023508895683,-0.02273310392008876,-0.387922375252597,0.2976166383578476,0.6046610169491525,,False,,,0,1,0.279,0.882
IRM,Iron Mountain Incorporated (Del,Real Estate,XLRE,33030125568.0,2026-10-01,111.12999725341797,0.0016223552061902513,-0.025944422644263,0.0013723983690987485,0.000421682699969006,-0.1222261705792883,False,-0.04387419974557527,-0.14587906875404422,0.06746549436133042,-0.013092925681339684,0.8621516242461664,1.0603446876058338,0.9630746320624557,1.4171510670118355,1.0603446876058338,180690553.52798805,0.8282427076751047,113.4913288116455,119.12213452657063,120.85360368092854,False,False,False,True,False,False,accumulation,2,2,normal,False,False,,False,65.0,,0.026290912701476776,40.24816281232701,True,True,True,False,False,True,False,,Uptrend Under Pressure,125.34,-0.1133,0.4057716979437576,0.8915978830104153,-0.003248314700916022,-0.022654030257770796,0.5420060713382242,0.6036546610169491,,False,,,0,1,0.279,0.882
SLF,Sun Life Financial Inc.,Financials,XLF,43353317376.0,2026-10-01,77.66999816894531,-0.0038476727851859405,-0.022404013186513527,-0.022527069420481882,-0.023455094631448015,-0.06011494328009814,False,-0.06669377995687742,-0.08544151921280962,0.05054846247307787,0.006220069702272513,0.9319597455309405,0.674044183187394,0.6817930328860705,0.9094153494409997,0.674044183187394,42894319.976602174,0.9020384521963342,79.8935001373291,80.06831868489583,76.26871528625489,False,False,True,True,False,False,dry_up,0,1,normal,False,False,,False,152.0,,0.013973962811931442,37.32206121943864,False,False,True,True,False,True,False,,Uptrend Under Pressure,63.07,0.2314,0.36762802452313426,0.9161407579283121,0.1595987270616952,0.0825187590673635,0.7435853420548588,0.6029661016949153,,False,,,0,1,0.279,0.882
EGP,"EastGroup Properties, Inc.",Real Estate,XLRE,10617540608.0,2026-10-01,194.83999633789062,-0.013218539633787496,-0.029445890251289186,-0.0048245112574397675,-0.005769343501889734,-0.11341140614264222,False,-0.049791104570821365,-0.13730183102264537,0.06085957311886481,-0.0031822253512558962,0.9181836478895531,0.8891616258602526,0.9823026580843093,1.2915868501951802,0.8891616258602526,110784362.11751404,0.103038363593249,198.34759140014648,202.95736490885417,201.08114356994628,False,False,False,True,False,False,dry_up,4,3,normal,False,False,,False,9.0,분산3일,0.015875356062118453,36.835459489713294,True,False,True,True,False,True,False,,Uptrend Under Pressure,200.62,-0.0288,0.31439249692250926,0.8915978830104153,0.05070192524260375,-0.07695533602642146,0.5416916627516173,0.6016949152542372,,False,,,0,1,0.279,0.882
TS,Tenaris S.A.,Energy,XLE,27855960064.0,2026-10-01,55.650001525878906,0.008517600908005685,-0.004115954506800579,-0.0058949270999625325,-0.0068387430780209035,-0.06864287583373763,False,-0.050813154115730064,-0.09373965416532282,0.026058039614924144,-0.10421770496747185,0.960144969028949,0.9897269482915689,1.0506071207481789,1.6018414169523105,0.9897269482915689,61098842.53187408,0.992701949395356,56.147999954223636,55.547499910990396,57.72208986282349,False,True,True,False,False,False,weak_rally,4,1,normal,False,False,,False,135.0,,0.023437301547369647,49.725909902498486,True,False,True,True,True,True,False,,Uptrend Under Pressure,54.99,0.0121,0.4353887816260617,0.9566614457922488,0.39943659669665954,-0.1450940511204123,0.6331863684001301,0.6009533898305085,,False,,,0,1,0.279,0.882
ORLY,"O'Reilly Automotive, Inc.",Consumer Discretionary,XLY,69093343232.0,2026-10-01,85.02999877929688,-0.004449184715128229,-0.014030601976406043,-0.022306570244642443,-0.02323480480032558,-0.041041998455234596,False,-0.06648324394520144,-0.06688252274994377,0.02978662371015961,0.027453641440963183,0.9091200672411267,0.695168872308716,0.6713322067622775,0.8091565926323494,0.695168872308716,528101340.9314636,0.6141301643640223,85.71050033569335,87.97833391825358,89.37958342234293,False,False,False,False,False,False,dry_up,1,2,normal,False,False,,False,67.0,,0.02163102129472856,43.37741724581323,True,False,True,True,False,True,False,,Uptrend Under Pressure,89.55,-0.0505,0.3486368745822664,0.8792679914183797,-0.29245266892387556,-0.18072518363693146,0.15298959199161577,0.5996292372881356,,False,,,0,1,0.279,0.882
CVX,Chevron Corporation,Energy,XLE,400579035136.0,2026-10-01,207.10000610351562,0.014152094876025423,0.00705087405818805,-0.022098369547439822,-0.023026801771508287,0.05641767039847689,False,-0.06628445071048628,0.02795095294753791,0.00933377892468279,0.01606593297882042,0.9510033615300129,0.6105370217883195,0.7119140908946808,0.5882400789577066,0.6105370217883195,2053881072.4166367,0.9331130987415328,208.83300018310547,198.47176462809244,189.9434668223063,False,True,True,True,True,False,weak_rally,0,1,normal,False,False,,False,22.0,,0.02130268247546074,52.67986446217543,True,False,True,True,False,True,False,,Uptrend Under Pressure,206.14,0.0047,0.36995220240227805,0.9566614457922488,0.22519518626994017,-0.06630935469283061,0.6612265548769469,0.599311440677966,,False,,,0,1,0.279,0.882
RNR,RenaissanceRe Holdings Ltd.,Financials,XLF,13223059456.0,2026-10-01,322.989990234375,0.014957669244624938,-0.0224866015719849,-0.0236072633475497,-0.02453426300868644,-0.01282753820542426,False,-0.06772516576762055,-0.03942834235010895,0.04938751362861127,0.056844915464085544,0.9568630599334519,1.2296869165454503,0.9455848024468215,0.5835724200590566,1.2296869165454503,102521103.69293824,0.7312525956870587,326.69813232421876,323.7261444091797,312.59938685099286,False,False,True,True,True,False,accumulation,2,4,normal,False,False,,False,13.0,분산4일,0.020229856176514762,46.54685434392093,True,False,True,True,False,True,False,,Uptrend Under Pressure,330.21,-0.0219,0.36712770127018546,0.9161407579283121,0.12955134605098628,-0.04172415966699583,0.6182474431715514,0.5992584745762712,,False,,,0,1,0.279,0.882
CIEN,Ciena Corporation,Information Technology,XLK,49891078144.0,2026-10-01,379.1400146484375,0.07765336466223793,0.05777982422187966,0.07053312267909462,0.06951674494019233,-0.06840268427326013,False,0.022161525809440974,-0.09350593491733827,-0.007528480069265098,-0.13103391947295773,0.8516555570469229,0.8912415525517826,0.7579239501430374,1.6051773200736115,0.8912415525517826,985635581.877533,0.9386548515086671,346.2605010986328,381.60216725667317,445.5710833231608,True,False,False,False,False,False,weak_rally,2,0,normal,False,False,,False,35.0,,0.05798084346434832,55.76083350440298,True,True,False,False,False,True,False,,Uptrend Under Pressure,432.05,-0.1225,0.37696663086815035,1.0,1.1454035520627,-0.25578614233495434,0.6200254779371905,0.5992584745762712,,False,,,0,1,0.279,0.882
BDX,"Becton, Dickinson and Company",Health Care,XLV,48757239808.0,2026-10-01,178.07000732421875,-0.005195489808833775,-0.006472066233175089,-0.04479456650806324,-0.045701450674570654,0.14128239005924126,False,-0.08795512938811978,0.11052886875805545,-0.009789781398963915,0.11758120047292309,0.9329173069649935,0.7074789479229161,0.8781586931865017,0.5482902911634047,0.7074789479229161,329027669.9675568,0.3969782280116763,181.37185134887696,174.64903615315754,161.19186681111654,False,True,True,True,True,False,dry_up,1,1,normal,False,False,,False,39.0,,0.021265713005753018,44.82014404133545,True,False,False,True,False,True,False,,Uptrend Under Pressure,176.03,0.0116,0.3566004287248013,0.9496588726121497,0.12388763075800902,0.034080807342642405,0.6847484731307145,0.5981991525423729,,False,,,0,1,0.279,0.882
ZM,"Zoom Communications, Inc.",Information Technology,XLK,26485207040.0,2026-10-01,93.80000305175781,0.03338114487991284,0.03818488805647191,-0.021489646833689813,-0.022418656986831542,0.06674121481197126,False,-0.06570323288107027,0.03799631437513007,-0.09284109300180887,-0.004975737130918811,0.8539694663063311,1.2259589923580416,0.8910125553816949,1.0350602541256153,1.2259589923580416,276642547.86648715,0.7892156312760157,92.92275047302246,95.9675833384196,95.65170822143554,True,False,True,True,False,False,accumulation,2,1,normal,False,False,,False,34.0,,0.030897815174333054,50.46088283680045,True,False,False,False,False,True,False,,Uptrend Under Pressure,109.84,-0.146,0.41527714115058595,1.0,-0.002320667956883793,0.008895304300392315,0.578271475552022,0.5970868644067797,,False,,,0,1,0.279,0.882
BEKE,KE Holdings Inc,Real Estate,XLRE,18539384832.0,2026-10-01,16.639999389648438,-0.012462966591516023,-0.0029958743444703506,-0.07246382974968335,-0.07334444436636112,0.011118115773899762,False,-0.11437416840140924,-0.01612793899949716,-0.011244110455977618,0.1368299987794901,0.9082969250457784,0.7281920827174292,1.3071847938359467,0.9991480148505603,0.7281920827174292,93024663.77083531,0.16666490060611197,16.717500162124633,16.901333332061768,16.69758334159851,False,False,True,True,False,False,dry_up,6,2,normal,False,True,acc,False,23.0,,0.026420844603087416,48.04246829279781,True,False,False,True,False,True,False,,Uptrend Under Pressure,18.32,-0.0917,0.3991073530451172,0.8915978830104153,-0.17521200853088092,0.04456801071564609,0.4326659679809187,0.5969809322033899,,False,,,0,1,0.279,0.882
TRI,Thomson Reuters Corp,Industrials,XLI,42168356864.0,2026-10-01,99.36000061035156,0.020856865725951135,-0.00956936889347082,-0.06149052580846037,-0.062381558619224564,0.11756024428440792,False,-0.10389668866527457,0.08744595085684082,-0.04102808144192149,0.2112659990054686,0.889047948381713,0.9112021055105947,0.807353231303939,0.7486321149633571,0.9112021055105947,151483638.3252884,0.3153287208022775,99.45050010681152,99.57304433186849,92.63315289815267,False,False,True,True,False,False,weak_rally,1,1,normal,False,False,,False,31.0,,0.03731380178216214,49.717300637834846,True,False,False,False,False,True,False,,Uptrend Under Pressure,100.24,-0.0087,0.3783964498480051,0.9066175754014075,-0.38114428597835615,0.06712572243833348,0.3470619059665354,0.5969809322033899,,False,,,0,1,0.279,0.882
MCK,McKesson Corporation,Health Care,XLV,99546013696.0,2026-10-01,898.8200073242188,0.05271665814915227,0.033887023176875086,-0.02807156421013335,-0.028994325407349364,0.07865478070661003,False,-0.07198774904010352,0.04958885183219297,0.007546057762422453,0.05625418846196051,0.9719284357898667,1.3722035937202148,0.766620244406904,0.5212798771704347,1.3722035937202148,781070449.5004822,0.37169034464217204,884.6249969482421,865.9950876871745,824.3354288736979,True,True,True,True,True,False,accumulation,1,1,normal,False,False,,False,46.0,,0.026354399833401675,56.08093025882239,True,False,True,True,False,True,False,,Uptrend Under Pressure,888.56,0.0116,0.38636724639364095,0.9496588726121497,0.02202458418353337,-0.10625016602388815,0.48286292508402295,0.5964512711864407,,False,,,0,1,0.279,0.882
AMGN,Amgen Inc.,Health Care,XLV,227881795584.0,2026-10-01,407.2699890136719,-0.03378335133694954,0.003029210035626173,-0.0803224812988178,-0.08119563481193592,0.09211093870553255,False,-0.12187773002700886,0.0626824139957145,-0.04661966430989384,0.06943090032676813,0.9170269150034729,0.7679145258184964,0.8934203225876866,1.1147264668205015,0.7679145258184964,1292922094.4156556,0.00893326633870459,401.2615005493164,400.12648417154946,370.4014493306478,True,True,True,True,True,False,dry_up,3,0,normal,False,False,,False,40.0,,0.023568074880161428,50.193854093264385,True,False,False,True,True,True,False,,Uptrend Under Pressure,405.46,0.0045,0.2714084655026747,0.9496588726121497,0.3838788514650602,0.07826452873657552,0.8359284088034403,0.596239406779661,,False,,,0,1,0.279,0.882
EWBC,"East West Bancorp, Inc.",Financials,XLF,16979878912.0,2026-10-01,125.0199966430664,0.008795258090910307,-0.004776357987557489,-0.030627312865393996,-0.03154764760238726,-0.06722263201331768,False,-0.07442801724825465,-0.09235768088947982,0.04184264768221224,-0.0013892640151094149,0.9152268745019391,0.9972009745135213,0.9421186141455185,1.0500233453523193,0.9972009745135213,106618602.12142411,0.935333420257884,127.3359992980957,130.02312177022299,126.88027388254801,False,False,False,True,False,False,weak_rally,1,3,normal,False,False,,False,112.0,분산3일,0.02045386381278448,41.72815580441478,True,False,True,True,False,True,False,,Uptrend Under Pressure,120.57,0.0369,0.3396558722590492,0.9161407579283121,0.05941157525092433,0.007225614804188263,0.6256224928625638,0.5952330508474577,,False,,,0,1,0.279,0.882
AER,AerCap Holdings N.V.,Industrials,XLI,22559057920.0,2026-10-01,143.92999267578125,0.002856663817693228,-0.010246221372063324,-0.006831393221589321,-0.007774320106821664,-0.06490302372456824,False,-0.0517073064025414,-0.09010057783479009,0.01482279133558051,0.013503458921365619,0.9296355126711505,0.8273454231538715,1.0517465088532887,0.9497942666135012,0.8273454231538715,164728377.82136536,0.972915580534822,143.44699935913087,147.41167195638022,144.7093958536784,True,False,False,True,False,False,weak_rally,2,3,normal,False,False,,False,44.0,분산3일,0.021051885246800413,47.705683680489685,True,False,True,True,False,True,False,,Uptrend Under Pressure,152.46,-0.056,0.35174648438610173,0.9066175754014075,0.04178534542081058,-0.11148937775434675,0.4939774493151675,0.5940677966101695,,False,,,0,1,0.279,0.882
COKE,"Coca-Cola Consolidated, Inc.",Consumer Staples,XLP,12598624256.0,2026-10-01,187.11000061035156,-0.011412287279287892,-0.013393057568560796,-0.04173918941803023,-0.04264897439834037,-0.008179049456379928,False,-0.08503780824960572,-0.034905113921391395,0.013625440722843996,0.06060577400454403,0.9324263832046408,0.9339139759299935,0.7599552610308264,0.7776955530510476,0.9339139759299935,108135264.30992356,0.05273273834556018,192.17850036621093,188.60931371053059,186.42165044148763,False,False,True,False,True,False,dry_up,0,1,normal,False,False,,False,13.0,,0.030287118201017236,43.783946915742966,True,False,True,True,False,True,False,,Uptrend Under Pressure,200.67,-0.0676,0.38307877117465533,0.9096505422560582,0.4390143799976536,-0.1733423155439906,0.6162860033970583,0.5939088983050849,,False,,,0,1,0.279,0.882
PG,Procter & Gamble Company (The),Consumer Staples,XLP,337693638656.0,2026-10-01,143.9499969482422,-0.009154748363366716,-0.011875314487345356,-0.02499324340734843,-0.025918927201419084,-0.05099014985279193,False,-0.0690485208910191,-0.07656260667482573,0.0313389031935567,0.014825635717451213,0.965912890876569,0.9157256789929554,0.9576318885842632,0.8633956791568196,0.9157256789929554,1164964086.716024,0.33961920116696415,146.18800048828126,146.0152219136556,145.43161888122557,False,False,False,True,True,False,dry_up,1,2,normal,False,False,,False,46.0,,0.016414408155602977,43.63230691621857,True,False,True,True,False,True,False,,Uptrend Under Pressure,148.88,-0.0331,0.30113302015148663,0.9096505422560582,-0.15040832289581185,-0.11634120295378692,0.2999774131762495,0.5929555084745763,,False,,,0,1,0.279,0.882
RMD,ResMed Inc.,Health Care,XLV,31894185984.0,2026-10-01,221.14999389648438,0.00022608680049218677,-0.0033350105691991594,-0.042101621805680445,-0.04301106268807997,0.12194307259416837,False,-0.0853838642795548,0.09171067745491457,-0.006998150123711633,0.09864350563315472,0.9201930354577481,0.7194054792658842,0.7626175539687623,0.5243610306134228,0.7194054792658842,280781824.49448395,0.4186944881094236,223.47150192260742,218.4933214823405,211.49427439371746,False,True,True,False,True,False,weak_rally,1,2,normal,False,False,,False,62.0,,0.023188850537907195,45.17762188270886,True,False,False,True,False,True,False,,Uptrend Under Pressure,217.78,0.0155,0.5799455638036412,0.9496588726121497,-0.25917576286471045,-0.1040927183554945,0.24530103718694662,0.5915254237288137,,False,,,0,1,0.279,0.882
IVZ,Invesco Ltd,Financials,XLF,13315633152.0,2026-10-01,30.420000076293945,0.008620697287707202,-0.008474583647183787,-0.0409835833922364,-0.041894085754501154,-0.020174877533285618,False,-0.08431634396991738,-0.04657769688604285,0.030712146019645115,0.04897901714199948,0.9132392321270103,1.1471381397435767,1.1778398802456842,0.7328284765552301,1.1471381397435767,137141359.0095459,0.725274679209058,31.176999950408934,30.982879320780437,28.81396247545878,False,False,True,True,True,False,accumulation,4,4,normal,False,False,,False,47.0,분산4일,0.02967971152261158,43.52244090373811,True,False,True,True,False,True,False,,Uptrend Under Pressure,29.91,0.0171,0.41391978085141595,0.9161407579283121,0.24791767433004552,0.14493149657096227,0.8167919482490694,0.5911546610169491,,False,,,0,1,0.279,0.882
TAK,Takeda Pharmaceutical Company L,Health Care,XLV,58089820160.0,2026-10-01,17.860000610351562,-0.018141831446798817,-0.03926839893730205,-0.030927817980781258,-0.031847867414402486,0.03314309444086083,False,-0.07471494416415358,0.005303544440960373,0.004585132738918807,0.01168765049077325,0.9375328779859519,1.006418259518353,0.9886637202652038,0.6677345525020167,1.006418259518353,44002910.30499496,0.0,18.576000022888184,17.79666659037272,17.065249911944072,False,True,True,True,True,False,distribution,1,5,normal,False,False,,False,45.0,분산5일,0.01715724265806583,40.06933273235036,False,False,True,True,False,True,False,,Uptrend Under Pressure,17.75,0.0062,0.36641900226127083,0.9496588726121497,0.08000129300457215,-0.16674913317133766,0.47040312963029884,0.5905190677966101,,False,,,0,1,0.279,0.882
BIO,"Bio-Rad Laboratories, Inc.",Health Care,XLV,10108123136.0,2026-10-01,355.57000732421875,-0.05861635813648458,-0.08249471155440025,-0.08478546656050856,-0.08565438285875415,0.13410846638622265,False,-0.12613905714348161,0.10354825693880132,-0.05124620165635363,0.11055625879290898,0.9109238373216209,0.9838544229978673,0.9527610280945349,0.9737329893059647,0.9838544229978673,101325479.52588806,0.08609478482090979,377.4204986572266,353.822666422526,319.3935826619466,False,True,True,True,True,False,dry_up,3,1,normal,False,False,,False,12.0,,0.029446987395392886,36.687616965794206,True,False,False,True,True,True,False,,Uptrend Under Pressure,378.0,-0.0593,0.32974913459189326,0.9496588726121497,0.1784075859493781,0.17415643589574392,0.7896452965198222,0.5900953389830509,,False,,,0,1,0.279,0.882
BEN,"Franklin Templeton, Inc.",Financials,XLF,16319429632.0,2026-10-01,32.5,0.01183066876562111,0.008652360234541856,-0.005403360858934114,-0.006347643536222858,-0.01051377534240383,False,-0.050343799092217534,-0.03717692720761201,0.068952333453429,0.05932197860351662,0.9178538435226657,1.3344302803356065,1.0330699571446462,0.44331406074322577,1.3344302803356065,130486802.44521332,1.0,32.94380760192871,33.21192569732666,31.799854930241903,False,False,False,True,False,False,accumulation,2,5,normal,False,False,,False,18.0,분산5일,0.023134453799412483,45.136716095777906,True,False,True,True,False,True,False,,Uptrend Under Pressure,34.38,-0.0547,0.37986648444557297,0.9161407579283121,0.2894006183257358,0.21587941515570996,0.8503559683423079,0.5895127118644068,,False,,,0,1,0.279,0.882
ICE,Intercontinental Exchange Inc.,Financials,XLF,85348802560.0,2026-10-01,151.47000122070312,-0.003683467493851067,-0.03479252985347747,-0.03722731995593265,-0.038141388562395795,0.04053374353519712,False,-0.08072980574512534,0.012495041698440179,0.034749226386989296,0.11397231870191771,0.9233469704313745,0.8869248542769982,0.8054271002535693,0.47174857924037755,0.8869248542769982,474500838.9462143,0.32969048783741717,155.55638275146484,152.071044921875,149.14874960581463,False,False,True,False,True,False,dry_up,1,0,normal,False,False,,False,44.0,,0.022232476159490675,41.66805751328038,True,False,True,True,False,True,False,,Uptrend Under Pressure,155.75,-0.0275,0.30056284962058794,0.9161407579283121,-0.17021142519062493,-0.1306005851603712,0.267228325683929,0.5893008474576271,,False,,,0,1,0.279,0.882
IAG,Iamgold Corporation,Materials,XLB,10512109568.0,2026-10-01,18.34000015258789,-0.003802264823704382,-0.05268597239704065,-0.09207923465844958,-0.09294122616065625,0.18135609158503097,False,-0.13310325934325473,0.14952272585250603,-0.014129010358976402,0.2616170320441211,0.8272440274909418,0.8262537397556129,0.8668751093922856,0.7215664012745391,0.8262537397556129,107687946.32069644,0.44220165311086407,19.79400005340576,18.02666670481364,17.56791670322418,False,True,True,True,True,False,dry_up,2,4,normal,False,False,,False,30.0,분산4일,0.04330853582037251,41.160424219203335,True,False,False,False,False,True,False,,Uptrend Under Pressure,19.72,-0.07,0.5085837743287137,0.9085780336452783,0.2939348729111364,-0.15906864284206113,0.5938084998735138,0.5893008474576271,,False,,,0,1,0.279,0.882
ENSG,"The Ensign Group, Inc.",Health Care,XLV,10024578048.0,2026-10-01,169.6300048828125,-0.013779041378997103,-0.0207015177143014,-0.017776445394783402,-0.018708980908516692,-0.021124417338728052,False,-0.06215781091511374,-0.04750164995424344,0.018218455024029412,-0.0414528793987341,0.9222029065529007,1.1706517776356529,0.880838582503476,0.8721986398515096,1.1706517776356529,64191886.44987793,0.2059601533099927,173.710782623291,175.44142735799153,174.16877187093098,False,False,True,False,False,False,distribution,1,2,normal,False,False,,False,158.0,,0.02206407620287368,39.26173446028815,True,False,True,True,False,True,False,,Uptrend Under Pressure,213.18,-0.2043,0.3988377836351274,0.9496588726121497,-0.1295629217469212,-0.2570960208696291,0.2183278522641032,0.5892478813559322,,False,,,0,1,0.279,0.882
DVN,Devon Energy Corporation,Energy,XLE,50644000768.0,2026-10-01,47.15999984741211,0.024326648775261805,-0.03558285530003413,-0.03191050424757924,-0.032829620706381735,0.03209257926994047,False,-0.07565322815797193,0.004281336936019509,-0.0007937417663569368,-0.0073300183620809145,0.9187609227568793,0.5768914124855195,0.7317205232518743,0.7285901318894248,0.5768914124855195,635968145.386556,0.9822053525126726,48.20675544738769,46.06664072672526,45.59191910425822,False,True,True,False,True,False,weak_rally,2,2,normal,False,False,,False,15.0,,0.03386873671656123,48.361269745911756,True,False,False,True,False,True,False,,Uptrend Under Pressure,49.7,-0.0511,0.3466759071173937,0.9566614457922488,0.2363264049947027,-0.12778501217565652,0.5968523002421308,0.5878707627118643,,False,,,0,1,0.279,0.882
PGR,Progressive Corporation (The),Financials,XLF,120322719744.0,2026-10-01,210.9600067138672,0.017606527414298023,0.04347830352937154,-0.04706837988580381,-0.04797310526502041,0.006505158951248369,False,-0.09012620144778749,-0.020616592961487545,0.024172452284097146,0.07754207171892413,0.942122224182496,0.8566783296419697,1.0213116595864815,0.6363465589132958,0.8566783296419697,604010002.4524117,0.9076356319049148,213.21800003051757,214.62866617838543,209.58819529215495,False,False,False,True,False,False,weak_rally,2,6,normal,False,False,,False,29.0,분산6일,0.02171027965197786,47.72781215313352,True,False,True,True,False,True,False,,Uptrend Under Pressure,220.34,-0.0426,0.3688388095323387,0.9161407579283121,-0.17511253962781292,-0.02052893083116103,0.37610223699902423,0.5878177966101694,,False,,,0,1,0.279,0.882
SHW,Sherwin-Williams Company (The),Materials,XLB,78476419072.0,2026-10-01,320.7799987792969,-0.007702509725608042,0.0011860327404853432,-0.031607550854952815,-0.03252695494155289,-0.01920952693243949,False,-0.07536396358922959,-0.04563835906741864,0.05153451561422351,0.04742505202512137,0.8696113920516241,0.9401210211807366,0.993181031237802,0.6048545108117441,0.9401210211807366,559608251.2444763,0.8941719071482225,324.86000061035156,336.7310623168945,328.16728897094725,False,False,False,True,False,False,dry_up,2,4,normal,False,False,,False,46.0,분산4일,0.025691834814315067,41.6584793521793,True,False,True,False,False,True,False,,Uptrend Under Pressure,353.45,-0.0924,0.5222626724972426,0.9085780336452783,-0.16569513991576457,-0.12660428056071127,0.2761510245383253,0.5874470338983051,,False,,,0,1,0.279,0.882
CME,CME Group Inc.,Financials,XLF,94202576896.0,2026-10-01,265.1000061035156,0.011909286916360617,-0.014168299827852726,-0.04113301055396479,-0.042043371048184786,0.04284569741869082,False,-0.08445901932707711,0.014744696607006613,0.030551547735954143,0.11644744518803951,0.929811356379964,1.2604595011789164,1.0353678310318621,0.4843818290991509,1.2604595011789164,477356116.9652603,0.47896555554905895,271.87939300537107,265.01134440104164,266.5475476582845,False,True,True,False,False,False,accumulation,2,2,normal,False,False,,False,9.0,,0.022519651703285213,43.72523723336244,True,False,True,True,False,True,False,,Uptrend Under Pressure,276.01,-0.0395,0.32602294898079615,0.9161407579283121,-0.04926027278359213,-0.16808397747610038,0.3638041632033537,0.5865995762711865,,False,,,0,1,0.279,0.882
FERG,Ferguson Enterprises Inc.,Industrials,XLI,43066441728.0,2026-10-01,221.49000549316406,-0.005075867616602059,0.005995400532300854,0.001175291645104215,0.00022476311160080087,-0.055206528305927094,False,-0.04406240028367858,-0.08066536865082785,0.02300404699580416,0.02401299097583931,0.8428097472947245,1.4222812841571517,1.1637298852744473,0.7334815930146156,1.4222812841571517,313039526.29784316,0.5218109389944486,221.08999938964843,231.30574569702148,234.86522852579753,True,False,False,False,False,False,distribution,2,3,normal,False,False,,False,43.0,분산3일,0.02491244302681388,45.692200477786315,True,True,True,False,False,True,False,,Uptrend Under Pressure,233.46,-0.0513,0.49926318944900716,0.9066175754014075,-0.14155199903198168,-0.20841305056106918,0.2354197535325792,0.5848516949152542,,False,,,0,1,0.279,0.882
FN,Fabrinet,Information Technology,XLK,15203657728.0,2026-10-01,451.44000244140625,0.0640394421743058,0.1332463576706866,0.14187427715178647,0.14079016721503135,-0.1423502530545765,False,0.09027915969107214,-0.1654608784277356,0.05861058887979542,-0.20000999735943892,0.7541848868196471,1.2453548610304241,1.046246597892105,1.4847808906307962,1.2453548610304241,311534544.78292847,0.9546786952389875,405.3439971923828,455.4081654866537,547.3598345438639,True,False,False,False,False,False,accumulation,3,1,normal,False,False,,False,32.0,,0.046013070154601036,58.83542823775786,True,True,True,False,True,True,False,,Uptrend Under Pressure,598.58,-0.2458,0.5590862992988515,1.0,-0.043599264327403686,-0.3552111083780498,0.2867180441617578,0.583686440677966,,False,,,0,1,0.279,0.882
FDS,FactSet Research Systems Inc.,Financials,XLF,9600918528.0,2026-10-01,277.6099853515625,0.028375524349510517,0.0234469506048387,-0.09298533437321954,-0.09384646561285259,0.10898206177216063,False,-0.13396841731675768,0.0790989200042651,-0.025177237542711617,0.18725156817500133,0.8853771205848786,1.4517655118171267,1.1423300431547845,0.8638346545410648,1.4517655118171267,256257109.85319215,0.345127863720448,277.915998840332,276.57777404785156,253.66946296691896,False,True,True,True,True,False,accumulation,3,1,normal,False,False,,False,46.0,,0.044274600551646004,49.61211781897924,True,False,False,False,True,True,False,,Uptrend Under Pressure,282.8,-0.0184,0.3326760533932129,0.9161407579283121,-0.05875345649675512,0.1754780615599696,0.6128835242672834,0.5819385593220339,,False,,,0,1,0.279,0.882
MRK,"Merck & Company, Inc.",Health Care,XLV,358504693760.0,2026-10-01,143.80999755859375,-0.010322758414438415,-0.02817947215394656,-0.04603746603341319,-0.04694317017533067,0.10746803010349493,False,-0.0891418690119068,0.07762568613076248,-0.011078228645538646,0.08446906860991854,0.9246333246345019,0.8119394940517997,0.8740465796835534,0.5402935930699593,0.8119394940517997,1422208665.6088958,0.25845935422806376,147.05765914916992,138.55255737304688,127.33468818664551,False,True,True,True,True,False,dry_up,1,3,normal,False,False,,False,26.0,분산3일,0.02295164581700481,45.74020403413699,True,False,False,True,False,True,False,,Uptrend Under Pressure,155.53,-0.0754,0.6818774134586629,0.9496588726121497,0.5847479594565554,0.07161885137502555,0.8632503342849915,0.5813559322033899,,False,,,0,1,0.279,0.882
DE,Deere & Company,Industrials,XLI,181066940416.0,2026-10-01,667.260009765625,-0.006388173785011331,-0.03753955526256669,-0.042266590333385756,-0.04317587459257044,0.07473049140629806,False,-0.08554137877249057,0.04577030824007755,-0.021385003996539753,0.16484503541770268,0.942735913617687,1.2271952157703208,0.9860536229174547,0.5566740145606055,1.2271952157703208,887855887.019275,0.9901843559265077,683.318148803711,636.6974060058594,607.5413218180339,False,True,True,True,True,False,distribution,2,3,normal,False,False,,False,20.0,분산3일,0.024393176306560037,48.5918160023206,True,False,False,True,False,True,False,,Uptrend Under Pressure,696.71,-0.0423,0.5843147797566546,0.9066175754014075,0.2939152892265864,0.018985074919472433,0.768592569838459,0.5790254237288136,,False,,,0,1,0.279,0.882
CTAS,Cintas Corporation,Industrials,XLI,77929783296.0,2026-10-01,195.60000610351562,0.0027684228016031653,-0.010521988311063213,-0.01256999485288357,-0.013507473436865869,-0.049578030424978325,False,-0.05718661168996364,-0.07518853886796162,0.00895907022510034,0.03011342998441635,0.9056856550242576,0.8695863711724077,0.9357634277571107,0.7808424013652051,0.8695863711724077,414752822.40928495,0.504859115285473,198.5525016784668,200.2156883239746,186.48664741516114,False,False,True,True,False,False,weak_rally,3,2,normal,False,False,,False,54.0,,0.02051563182205872,44.22836167156183,True,False,True,True,False,True,False,,Uptrend Under Pressure,205.72,-0.0492,0.3108982676272895,0.9066175754014075,-0.14389190886731018,0.005632219407756045,0.4309584041053811,0.5790254237288136,,False,,,0,1,0.279,0.882
NDAQ,"Nasdaq, Inc.",Financials,XLF,51431505920.0,2026-10-01,91.66999816894531,-0.0036952935484312333,-0.030460124694400625,-0.03907336095075942,-0.03998567690246346,-0.01253176469572026,False,-0.08249243414027174,-0.03914053888971969,0.03276517601781137,0.05716156401533401,0.9246998858302091,0.9671904847980193,0.9947423421962968,0.6143998317339631,0.9671904847980193,299003999.9902191,0.2926804305957443,93.08666915893555,93.91529553731283,90.52481651306152,False,False,True,True,False,False,dry_up,3,2,normal,False,False,,False,54.0,,0.02282255382659282,42.67369099984128,True,False,True,True,False,True,False,,Uptrend Under Pressure,93.93,-0.0241,0.2715902949664728,0.9161407579283121,-0.03418865404228211,-0.01370602696653822,0.5263732788840303,0.5786016949152543,,False,,,0,1,0.279,0.882
RCL,Royal Caribbean Cruises Ltd.,Consumer Discretionary,XLY,71104806912.0,2026-10-01,269.989990234375,0.015534511059839051,0.1297597918705733,0.02256925983221003,0.021598419593677143,-0.07279294678537074,False,-0.023635109710432145,-0.09777789539231962,0.07705351549299211,-0.006565186733421213,0.8294984210802662,0.9475333684551206,1.0707498133925282,0.6482209295279646,0.9475333684551206,812343637.7596467,0.8861260570328384,252.53549423217774,281.7328727722168,280.0977090199788,True,False,False,False,False,False,weak_rally,4,4,normal,False,False,,False,70.0,분산4일,0.04229270586257353,56.794603572455564,True,True,True,False,False,True,False,,Uptrend Under Pressure,307.7,-0.1226,0.2369296242558022,0.8792679914183797,-0.27786025073085174,-0.18763828495640955,0.1570760001445557,0.5784427966101695,,False,,,0,1,0.279,0.882
GWW,"W.W. Grainger, Inc.",Industrials,XLI,58816217088.0,2026-10-01,1281.6800537109375,0.02883383931393846,0.0017273426171917627,-0.0024671533137978763,-0.0034142236638102785,-0.07445156277093945,False,-0.04754026287194735,-0.0993918175470827,0.019282185334802193,0.003154289159648327,0.9179621084746528,1.0943634083885467,1.161918415876717,0.9036772505233776,1.0943634083885467,346570413.4448059,0.9881460558721302,1273.1380004882812,1315.234883626302,1282.8230112711587,True,False,False,True,False,False,accumulation,4,3,normal,False,False,,False,69.0,분산3일,0.019042552150770498,50.685848577348644,True,False,True,True,False,True,False,,Uptrend Under Pressure,1339.95,-0.0435,0.3533438537394264,0.9066175754014075,0.201399048534451,0.018151391273908413,0.7278784648187633,0.5772775423728814,,False,,,0,1,0.279,0.882
IBM,International Business Machines,Information Technology,XLK,207203614720.0,2026-10-01,225.6199951171875,0.0258718802841702,-0.006341946872586601,-0.02624083690606549,-0.027165336219028058,0.07769016088857938,False,-0.07023974239292563,0.04865022510437367,-0.09724583371717277,0.005237111916064796,0.9057770220974026,1.5396528266304037,0.9241115611214327,0.8772035024193916,1.5396528266304037,1342695331.497635,0.11463609287710043,232.8019989013672,231.72601903279622,243.10479214986165,False,False,False,False,False,False,accumulation,2,1,interest,True,False,surge,False,81.0,,0.031120586656946427,44.169904447801244,True,False,False,True,False,True,False,,Uptrend Under Pressure,282.81,-0.2022,0.3143163089981548,1.0,-0.2702188683200415,-0.1715824268290379,0.17576072422391675,0.5772775423728814,,False,,,0,1,0.279,0.882
TSLA,"Tesla, Inc.",Consumer Discretionary,XLY,1401338986496.0,2026-10-01,354.1099853515625,-0.0019729213152052116,-0.06305238116078549,-0.008123089926711957,-0.009064790458692351,-0.07604874473195822,False,-0.05294063832569296,-0.10094596110683651,0.04472582434763939,-0.010053537058074102,0.9315742131439143,0.7871861937644963,0.9740634267782777,0.8490367208217843,0.7871861937644963,14055253041.560247,0.05175233466305959,365.1549957275391,353.70683135986326,378.64291559855144,False,True,False,True,False,False,dry_up,1,2,normal,False,False,,False,19.0,,0.030394106534480336,45.61837056953278,True,False,True,True,False,True,False,,Uptrend Under Pressure,376.37,-0.0591,0.46709899434952784,0.8792679914183797,-0.3055326770054275,-0.1987059496192647,0.13196216255285317,0.5768008474576272,,False,,,0,1,0.279,0.882
WRB,W.R. Berkley Corporation,Financials,XLF,25072707584.0,2026-10-01,68.9000015258789,0.02013622433989193,0.023926297940947805,0.012897566451185671,0.011935908641147464,-0.06945852861513091,False,-0.03286979162178505,-0.09453332799093295,0.0886214316412215,-0.0037829652644678635,0.9058499387481144,0.47181092115674067,0.5633982160323905,0.6293595439095656,0.47181092115674067,265254207.37219048,0.8873248012952079,69.02095909118653,70.37337977091471,68.61831378936768,False,False,False,True,False,False,weak_rally,0,3,normal,False,False,,False,9.0,분산3일,0.01911751010808209,50.04472225957464,True,True,True,True,False,True,False,,Uptrend Under Pressure,69.89,-0.0142,0.34215553699987006,0.9161407579283121,-0.2131636220366503,-0.10197434745007206,0.2721504463156373,0.5766949152542373,,False,,,0,1,0.279,0.882
PEN,"Penumbra, Inc.",Health Care,XLV,12539229184.0,2026-10-01,318.0,-0.0010680289684044109,-0.005379711041336499,-0.01486985122207396,-0.01580514629321894,-0.019500181447215992,False,-0.05938254999927184,-0.045921181471676786,0.021231565241191408,-0.039862374267578105,0.9719717179100221,0.9056231767951131,0.6925518950926445,0.7307317446490511,0.9056231767951131,122603116.84353638,0.07501220703125,319.07050170898435,320.9846669514974,321.88300069173175,False,False,True,False,False,False,dry_up,3,1,normal,False,False,,False,170.0,,0.0049901175691753705,41.01653525367362,True,False,True,True,True,True,False,,Uptrend Under Pressure,359.03,-0.1143,0.38202040303564416,0.9496588726121497,0.10445145629235486,-0.158706104999922,0.4899678363629793,0.5765360169491526,,False,,,0,1,0.279,0.882
UNM,Unum Group,Financials,XLF,13888256000.0,2026-10-01,88.08000183105469,0.003989495733826676,-0.03325648950717508,-0.05086208044702989,-0.05176320403876644,-0.015148433658854321,False,-0.09374848521647894,-0.04168669788494683,0.020095136005561898,0.05436021633175536,0.9120845201346256,0.5560197789128437,0.7011854480126556,0.7363208223044946,0.5560197789128437,189680351.3662201,0.9978272767983016,93.22149963378907,90.60477803548177,87.16687679290771,False,False,True,True,True,False,weak_rally,0,2,normal,False,False,,False,10.0,,0.026907350449281196,37.903707478745204,True,False,True,True,False,True,False,,Uptrend Under Pressure,95.62,-0.0789,0.36665849731234207,0.9161407579283121,0.047135541040845164,0.07767349685864677,0.6711123558960644,0.5765360169491526,,False,,,0,1,0.279,0.882
MFG,"Mizuho Financial Group, Inc. Sp",Financials,XLF,133738586112.0,2026-10-01,10.760000228881836,-0.026244339986182474,0.018939375124797264,-0.028003565897777083,-0.028926391653454342,3.936001878845907e-05,False,-0.07192282320339838,-0.026908161495817318,0.044662545048693714,0.07061993096779262,0.9397380269102742,1.5944236802289136,1.1453410102468167,0.4754119840274903,1.5944236802289136,38720812.9006197,0.7714290385338499,11.037499952316285,10.659166590372722,9.899333310127258,False,True,True,True,True,False,distribution,2,4,interest,False,False,,False,,분산4일,0.02708445130288597,47.31014476496127,False,False,True,True,False,True,False,,Uptrend Under Pressure,,,0.3575470661697088,0.9161407579283121,0.39029892309224756,0.09954661815705079,0.8454663727368004,0.5763771186440678,,False,,,0,1,0.279,0.882
ACGLO,Arch Capital Group Ltd. - Depos,Financials,XLF,0.0,2026-10-01,18.31999969482422,0.010479897564958485,-0.02760087333079153,-0.01399780501868686,-0.014933928021569454,-0.06711519570601143,False,-0.05854990684330885,-0.09225313961042803,0.05971537167640473,-0.0012742450903451275,0.955457757880026,0.9433200078584248,1.0879680012008381,0.7234810728552407,0.9433200078584248,835913.0010036469,0.7238849147906585,18.48478021621704,18.796735954284667,18.98866984049479,False,False,False,False,False,False,weak_rally,3,3,normal,False,False,,False,,분산3일,0.019095225004202375,42.101241379583435,False,False,True,True,False,True,False,,Uptrend Under Pressure,,,0.16587211456604034,0.9161407579283121,-0.2091777517018759,-0.15999397009040106,0.2177053594015395,0.5760063559322034,,False,,,0,1,0.279,0.882
AU,AngloGold Ashanti PLC,Materials,XLB,47517020160.0,2026-10-01,94.19999694824219,0.002660989974674788,-0.04355773183649814,-0.1264027140068832,-0.12723211836200177,0.13965589583740057,False,-0.16587584645768494,0.10894620279916989,-0.05139935799821527,0.2170837388486735,0.7634329963060598,0.7156971849899043,0.8733799654757131,1.047683199891437,0.7156971849899043,245422365.31885377,0.2965509983952014,101.51599884033203,95.75411669413249,93.65038878122965,False,False,True,False,True,False,weak_rally,1,2,normal,False,False,,False,28.0,,0.03709432799043523,39.429297950768095,True,False,False,False,False,True,False,,Uptrend Under Pressure,121.22,-0.2229,0.47091270729465423,0.9085780336452783,0.39532406233229445,-0.08722817853467502,0.6931399298904991,0.575052966101695,,False,,,0,1,0.279,0.882
DHI,"D.R. Horton, Inc.",Consumer Discretionary,XLY,38221176832.0,2026-10-01,137.05999755859375,0.003000392831484122,-0.02344145637225925,-0.03655277062443807,-0.03746747965660091,-0.05871460244057303,False,-0.0800857356464919,-0.0840789126029653,0.014781361177630403,0.008518733666868616,0.9025417951252862,1.3736687298289292,1.077201227505889,1.0071331147001112,1.3736687298289292,407196994.2912323,0.9455637284308387,139.6145004272461,144.86751124064128,147.5083527882894,False,False,False,True,False,False,accumulation,3,3,normal,False,False,,False,72.0,분산3일,0.02706319850765344,42.15571664052133,True,False,True,True,False,True,False,,Uptrend Under Pressure,157.34,-0.1289,0.41337320357613533,0.8792679914183797,-0.2678080960583097,-0.1174283954012495,0.22428987026128436,0.5747351694915255,,False,,,0,1,0.279,0.882
FLS,Flowserve Corporation,Industrials,XLI,9345250304.0,2026-10-01,73.05999755859375,-0.0008206398486642064,-0.036402033069631856,-0.05747379173168021,-0.05836863808077619,0.042488638509724286,False,-0.10006144905828562,0.0143972591719701,-0.03692376998862956,0.12989975138644905,0.884927342332015,0.7465434536669389,0.9297446067325503,0.7746412781268626,0.7465434536669389,117992232.71009064,0.6568606551552618,74.20904922485352,75.09838562011718,75.00097262064615,False,False,True,False,False,False,dry_up,1,1,normal,False,False,,False,40.0,,0.031898969391532056,42.74309083151396,True,False,False,False,False,True,False,,Uptrend Under Pressure,78.44,-0.0686,0.4330040184669726,0.9066175754014075,0.2620676832935587,-0.12539181471477256,0.6083417657475335,0.5739936440677966,,False,,,0,1,0.279,0.882
TLN,Talen Energy Corporation,Utilities,XLU,14982309888.0,2026-10-01,323.0899963378906,0.03325975827587646,0.07693072171257298,0.06972816489657041,0.06871255139480725,-0.16458125441935545,False,0.02139293971176115,-0.18709283298343937,0.1419385701993332,-0.016321375145161077,0.8518733506389927,1.3292839825696212,1.3131108280669987,0.9433507751270841,1.3292839825696212,257992465.77033538,0.6666666666666666,304.3759994506836,330.3090006510417,350.97600072224935,True,False,False,False,False,False,accumulation,3,2,normal,False,False,,False,67.0,,0.04221623768128528,58.0004094606616,True,True,True,False,False,True,False,,Uptrend Under Pressure,404.09,-0.2005,0.3906002858849154,0.8486957529206396,-0.4011060109198532,-0.23189254081504096,0.08051208846807126,0.5727754237288136,,False,,,0,1,0.279,0.882
FCX,"Freeport-McMoRan, Inc.",Materials,XLB,100521230336.0,2026-10-01,69.27999877929688,-0.010285731724330338,-0.03884576832171316,-0.06289735569706689,-0.06378705284567288,0.04013240457506173,False,-0.10523995152658017,0.012104517402902415,0.017558300901516777,0.11079865464802752,0.866975292258022,1.0630650533764383,0.9811921085836484,0.5894740095776831,1.0630650533764383,813062209.4874909,0.6792447398095055,71.81399993896484,68.76465479532878,66.31258090337117,False,True,True,True,True,False,distribution,1,2,normal,False,False,,False,27.0,,0.03527095772501067,43.13228334754553,True,False,True,False,False,True,False,,Uptrend Under Pressure,77.8,-0.1095,0.42101134662820683,0.9085780336452783,0.6198438377679683,0.020629980375691304,0.8333977810704347,0.5720338983050848,,False,,,0,1,0.279,0.882
EVRG,"Evergy, Inc.",Utilities,XLU,18085689344.0,2026-10-01,78.79000091552734,0.004461989587296822,0.014550569149268444,-0.024514000369331823,-0.025440139162827724,-0.10430695964768277,False,-0.06859093225168156,-0.1284427171391911,0.041334728038517454,0.05464966268316207,0.9113085812286809,1.0675131566161369,1.2334477206918826,0.9231918662120998,1.0675131566161369,190271231.71292725,0.9014087533983086,79.92500038146973,82.15803502400716,82.11195545196533,False,False,False,False,False,False,accumulation,2,4,normal,False,False,,False,14.0,분산4일,0.014378163960144996,40.8659105960452,True,False,True,True,False,True,False,,Uptrend Under Pressure,81.62,-0.0347,0.3785806584882903,0.8486957529206396,-0.03750080754527574,-0.13571319957517458,0.3998780311517473,0.5708686440677966,,False,,,0,1,0.279,0.882
MCHP,Microchip Technology Incorporat,Information Technology,XLK,42229784576.0,2026-10-01,78.5,0.009386696521076487,0.05101081047068745,0.07888946804897534,0.07786515668968108,-0.09354173184681314,False,0.030140293166112997,-0.11796757412835235,0.00021853365185808826,-0.1544828702904384,0.9324866611244541,0.8194565335956667,0.9502779127994667,1.3401826326573871,0.8194565335956667,616005711.3863175,0.6694040606592305,74.43149948120117,77.0078946431478,83.79278030395508,True,True,False,True,False,False,weak_rally,3,2,normal,False,False,,False,106.0,,0.033853511792947426,57.7512547485145,True,True,True,True,False,True,False,,Uptrend Under Pressure,91.89,-0.1457,0.5303388571370288,1.0,-0.010316843544622145,-0.05257037904907269,0.5106176141086336,0.5691207627118644,,False,,,0,1,0.279,0.882
T,AT&T Inc.,Communication Services,XLC,167198212096.0,2026-10-01,24.299999237060547,-0.004098376353816935,-0.04518669907285622,-0.06358387196024129,-0.06447291732159055,0.029242900381822423,False,-0.10589544783602944,0.0015084468086419278,-0.0456059218754733,0.044147105719303914,0.909431132541817,0.676489544023794,0.7970828861432654,1.005989043225635,0.676489544023794,972217910.8250773,0.06451156409010084,25.443499851226807,24.403033288319907,24.117135111490885,False,False,True,False,True,False,dry_up,2,1,normal,False,False,,False,9.0,,0.023104075776530317,38.16156674925071,True,False,False,True,False,True,False,,Uptrend Under Pressure,25.4,-0.0433,0.3915282806775193,0.9239023508895683,-0.16382278276724915,-0.1931641499741117,0.22448050305373857,0.5683262711864406,,False,,,0,1,0.279,0.882
PNFP,"Pinnacle Financial Partners, In",Financials,XLF,14145654784.0,2026-10-01,94.62999725341797,0.010896235833947943,0.007988922261847442,-0.054550897035108514,-0.055448518417540504,-0.04701193561116024,False,-0.09727062415101784,-0.07269159122771351,0.016130544789052736,0.02024785873422119,0.8720229409582341,1.6510746786036081,1.1249416199723665,1.0004768758022482,1.6510746786036081,99267381.68360595,0.8849299663679707,96.91049880981446,100.6804183959961,98.55739345550538,False,False,False,True,False,False,accumulation,3,2,interest,True,False,surge,False,45.0,,0.025286460501587584,39.115719449353364,True,False,True,False,False,True,False,,Uptrend Under Pressure,104.25,-0.0923,0.4241528223507928,0.9161407579283121,-0.0868175354935452,-0.04310769391784375,0.44576361533735676,0.5680084745762712,,False,,,0,1,0.279,0.882
DGX,Quest Diagnostics Incorporated,Health Care,XLV,25724719104.0,2026-10-01,231.08999633789062,-0.00849534871114399,-0.023246967687277298,-0.040323947636246915,-0.04123507626507339,0.07475054318001018,False,-0.08368651358304124,0.04578981968945328,-0.005155330698490168,0.05243103084565637,0.9338856301793631,0.8726672934669419,0.9490344881906316,0.5127297646306851,0.8726672934669419,270611951.98865205,0.21678146324286546,237.94550018310548,232.65,214.71742502848306,False,False,True,True,True,False,dry_up,0,4,normal,False,False,,False,45.0,분산4일,0.02524681454626913,41.3211365415025,True,False,False,True,False,True,False,,Uptrend Under Pressure,235.22,-0.0176,0.353275413707477,0.9496588726121497,0.09389062014415006,0.03380301412158149,0.665774637707347,0.5677436440677966,,False,,,0,1,0.279,0.882
AEM,Agnico Eagle Mines Limited,Materials,XLB,92801490944.0,2026-10-01,180.58999633789062,-0.014623276434184151,-0.06854759753567574,-0.08171467011578715,-0.0825865018671662,0.20111906012055147,False,-0.12320701336745032,0.1687531523290886,-0.002874588285009305,0.28272269009741113,0.8075989380085559,0.9931049833382418,1.0542437482889127,0.5069470607578332,0.9931049833382418,356150682.36085665,0.0970350293453539,196.1495002746582,179.34505335489908,178.97613792419435,False,True,True,False,True,False,dry_up,0,1,normal,False,False,,False,28.0,,0.03592986033777216,38.52336064208902,True,False,False,False,False,True,False,,Uptrend Under Pressure,215.58,-0.1623,0.46184461867214127,0.9085780336452783,0.004203095079811536,-0.20623574991235494,0.3859392504788407,0.5676906779661016,,False,,,0,1,0.279,0.882
PKX,POSCO Holdings Inc.,Materials,XLB,17063071744.0,2026-10-01,56.130001068115234,-0.004963637299313373,0.0012486566733758142,-0.08627705047584044,-0.08714455064537863,0.05724480223606365,False,-0.12756324445583034,0.028755796509402742,-0.007828675263064633,0.1290736629220064,0.8891176955240786,0.8772221215851197,0.846640931445727,0.7272749334999771,0.8772221215851197,11836708.204188157,0.4637685966861825,59.28799991607666,56.66499996185303,62.34900007247925,False,False,True,False,False,False,dry_up,0,3,normal,False,False,,False,,분산3일,0.0307703906759251,42.29762340356391,False,False,False,False,False,True,False,,Uptrend Under Pressure,,,0.42102151821621575,0.9085780336452783,0.07705439117965374,-0.1056245256106697,0.5229373712551046,0.5664724576271187,,False,,,0,1,0.279,0.882
LDOS,"Leidos Holdings, Inc.",Industrials,XLI,15324443648.0,2026-10-01,121.97000122070312,0.0011491372202603323,-0.011187655212719694,-0.08531822317915594,-0.08618663367150348,0.11331368018309851,False,-0.1266477413744177,0.08331381662905257,-0.06537529720346846,0.20666336685671394,0.8363484251319718,0.8219510236709615,0.7985998861462393,0.8531488845502311,0.8219510236709615,164251611.11999816,0.004353959645039343,127.03755493164063,126.10415751139323,126.55940971374511,False,False,True,False,False,False,weak_rally,1,1,normal,False,False,,False,33.0,,0.02862743860253679,37.73226525957745,True,False,False,False,False,True,False,,Uptrend Under Pressure,143.36,-0.1492,0.5525822931385955,0.9066175754014075,-0.3558635943754811,-0.23191518681594425,0.09224187777817933,0.5658898305084746,,False,,,0,1,0.279,0.882
AAPL,Apple Inc.,Information Technology,XLK,4860153954304.0,2026-10-01,330.32000732421875,-0.008107566448037673,-0.016670653368857202,0.016494387032508273,0.015529314355342105,-0.010006518492251537,False,-0.02943549189244421,-0.03668333913433941,-0.05762679554042449,-0.07656372463674277,0.9684815440550271,0.8264992203135356,0.8794570650244202,1.009100066950175,0.8264992203135356,14022933673.521957,0.6760011893053999,331.6209991455078,322.3515299479167,306.59318618774415,False,True,True,True,True,False,dry_up,1,1,normal,False,False,,False,15.0,,0.01967355863825592,51.45146735492218,True,True,False,True,False,True,False,,Uptrend Under Pressure,326.57,0.0115,0.42553654953404796,1.0,0.11154613182100981,0.09313291335089624,0.7147844313541252,0.5654661016949153,,False,,,0,1,0.279,0.882
DCI,"Donaldson Company, Inc.",Industrials,XLI,10088817664.0,2026-10-01,87.76000213623047,0.00827207276114228,0.013394961692245522,-0.023912817687771648,-0.024839527251738325,-0.05530607479989358,False,-0.06801691376121588,-0.08076223271908678,-0.0026310616541835863,0.02390509765726545,0.8929486665946276,1.0203878477660748,0.8186618164144476,0.856506356955099,1.0203878477660748,60662880.65130844,0.6182225002565197,87.80650024414062,91.18008575439453,88.41190204620361,False,False,False,True,False,False,accumulation,2,0,normal,False,False,,False,72.0,,0.01842280404012645,44.70682385412001,True,False,False,False,False,True,False,,Uptrend Under Pressure,85.23,0.0296,0.5201440634248427,0.9066175754014075,-0.03645719237708844,-0.09884973432388655,0.4399244696613783,0.5650953389830509,,False,,,0,1,0.279,0.882
ECL,Ecolab Inc.,Materials,XLB,76972621824.0,2026-10-01,271.260009765625,-0.012091109946087975,-0.014925320203508119,-0.02829342480935415,-0.029215975369300318,-0.005474145321900936,False,-0.07219958495980772,-0.03227309738041406,0.055133178459147336,0.06209361089988974,0.9359279362756195,1.3884456891248773,1.0374396098678256,0.43744626396898195,1.3884456891248773,330751602.7309143,0.618894013797491,274.91406402587893,276.7878122965495,269.85785344441734,False,False,False,True,False,False,distribution,0,3,normal,False,False,,False,28.0,분산3일,0.018340667772611476,41.789883972607306,True,False,True,True,False,True,False,,Uptrend Under Pressure,280.88,-0.0343,0.41284676927935693,0.9085780336452783,-0.10513814142293354,-0.10554649776704161,0.35896877597484733,0.5649364406779661,,False,,,0,1,0.279,0.882
WMT,Walmart Inc.,Consumer Staples,XLP,824474861568.0,2026-10-01,104.26000213623047,0.003271785732062993,-0.030950779022263175,-0.017249451077665512,-0.01818248692649449,-0.06715182788421858,False,-0.061654628618493024,-0.09228878468107737,0.03953010210972008,-0.00245688793597465,0.9008671896028221,0.8825769008423949,1.004881762806516,0.7373635487026798,0.8825769008423949,2389404300.3619623,0.4474078119627,107.29400100708008,109.44388338724772,115.95180765787761,False,False,False,False,False,False,weak_rally,0,4,normal,False,False,,False,176.0,분산4일,0.02060693859244918,40.16709153475311,True,False,True,True,False,True,False,,Uptrend Under Pressure,117.96,-0.1161,0.44167509689542267,0.9096505422560582,-0.10110741807695212,-0.2683689665950525,0.24756062303494633,0.5648305084745763,,False,,,0,1,0.279,0.882
MSCI,MSCI Inc.,Financials,XLF,39160578048.0,2026-10-01,545.3900146484375,0.012494044182674857,-0.01922385648265279,-0.027183686391456297,-0.02810729055114647,-0.0644787709761313,False,-0.07113998961384671,-0.08968775719645106,0.045543718458036064,0.0015482526783956452,0.9389634410708277,0.9610166789505012,1.007004841419798,0.7452503428310224,0.9610166789505012,315386363.572876,0.6299855751893256,551.7259948730468,567.9228200276692,577.2556350708007,False,False,False,True,False,False,weak_rally,3,4,normal,False,False,,False,86.0,분산4일,0.021339921908485878,44.2896731155515,True,False,True,True,False,True,False,,Uptrend Under Pressure,629.13,-0.1331,0.34069142965824345,0.9161407579283121,-0.126929207945499,-0.0937377314747182,0.3514030934913809,0.5641419491525425,,False,,,0,1,0.279,0.882
TD,Toronto Dominion Bank (The),Financials,XLF,192560807936.0,2026-10-01,117.61000061035156,0.000680692860423715,-0.013835330339790786,-0.0317773983004922,-0.032696641131771065,-0.05381174592957427,False,-0.0755261365481128,-0.07930817072324525,0.04060658226519975,0.01296813281067588,0.9457220974037359,1.0576904310231507,0.8650283152479652,0.7014299486948188,1.0576904310231507,181921839.38339767,0.9609380587940777,120.62750015258788,120.68748346964519,115.84585405985514,False,False,True,True,False,False,accumulation,1,1,normal,False,False,,False,58.0,,0.01687174697518654,40.80653679956107,True,False,True,True,False,True,False,,Uptrend Under Pressure,120.53,-0.0242,0.37787906853829734,0.9161407579283121,0.3153193953646458,0.09843509161958419,0.8252132196162048,0.5632944915254238,,False,,,0,1,0.279,0.882
ACGL,Arch Capital Group Ltd.,Financials,XLF,31494760448.0,2026-10-01,94.26000213623047,0.020571692435285227,-0.007998258615928844,-0.04021990617110893,-0.04113113357822329,-0.0673632249445616,False,-0.08358717318852182,-0.09249448533879923,0.031532915480754875,-0.0015397796851529533,0.8852366563162077,0.8360693164984623,0.9180218182125192,0.935542647040049,0.8360693164984623,437003346.638826,0.8761068519324968,95.9904998779297,98.7506664276123,96.67424971262614,False,False,False,False,False,False,weak_rally,2,4,normal,False,False,,False,13.0,분산4일,0.020103972149553936,40.919426249621075,True,False,True,False,False,True,False,,Uptrend Under Pressure,97.95,-0.0377,0.34318672325547167,0.9161407579283121,-0.05735376093168609,-0.11403517949984487,0.4023065664414007,0.5631885593220339,,False,,,0,1,0.279,0.882
HUT,Hut 8 Corp.,Financials,XLF,10612640768.0,2026-10-01,86.36000061035156,0.0030197693477151955,-0.14949773654034382,0.0704015900308741,0.06938533717073825,-0.2328732065215532,False,0.02203593640958923,-0.2535445586684353,0.15042443576312747,-0.17873109048226998,0.7339169028145963,1.028706641519648,0.8354352737152534,1.6914577903782488,1.028706641519648,433506627.71428454,0.9562280682224921,94.64474868774414,93.92041613260905,98.05683307647705,False,False,False,True,False,False,accumulation,4,1,normal,False,False,,False,9.0,,0.08278707666496465,43.55621947227115,True,True,True,False,True,True,False,,Uptrend Under Pressure,98.74,-0.1254,0.4170613827766309,0.9161407579283121,0.9327178332034114,0.40519142213138815,0.9593997325720068,0.5626588983050848,,False,,,0,1,0.279,0.882
NEM,Newmont Corporation,Materials,XLB,121532866560.0,2026-10-01,114.66999816894531,-0.005808897088764753,-0.05465791192093805,-0.08190555029588187,-0.08277720082319451,0.17113848733216197,False,-0.1233892687054674,0.139580449873143,-0.0030818566273984604,0.25070524715222575,0.8502937892906616,0.8252569571410602,0.7805461540254467,0.5053726494240371,0.8252569571410602,840122505.1888176,0.29999761581193524,123.19150009155274,113.21713447570801,109.90490500132243,False,True,True,True,True,False,dry_up,0,1,normal,False,False,,False,165.0,,0.03375524528605035,39.80138958999341,True,False,False,False,False,True,False,,Uptrend Under Pressure,116.1,-0.0123,0.44606831001110075,0.9085780336452783,0.2707133690934891,-0.07325788839903336,0.6702386975533953,0.5626059322033898,,False,,,0,1,0.279,0.882
CFR,"Cullen/Frost Bankers, Inc.",Financials,XLF,9488254976.0,2026-10-01,153.47999572753906,0.0053055450861891895,-0.01747654355670525,-0.05060007267887734,-0.05150144502411558,-0.0710125858364431,False,-0.09349831616108484,-0.09604550887009244,0.02037673138214746,-0.005446704414664771,0.908184104912536,0.8055211393503391,0.8577620970910704,1.2279547962648556,0.8055211393503391,83592559.93995285,0.6851048633205636,159.02050018310547,161.46587982177735,151.60369160970052,False,False,True,True,False,False,weak_rally,1,0,normal,False,False,,False,51.0,,0.019262631027696573,34.8304140085865,True,False,True,True,False,True,False,,Uptrend Under Pressure,161.4,-0.049,0.3855563551997294,0.9161407579283121,0.11504385791431937,-0.006563559972944888,0.6438220519677641,0.5625,,False,,,0,1,0.279,0.882
ITW,Illinois Tool Works Inc.,Industrials,XLI,73273344000.0,2026-10-01,260.8399963378906,0.013837055252972297,-0.034813303470139556,-0.02437564163997752,-0.02530191179300756,-0.06473486952277085,False,-0.06845882520435187,-0.08993695479361674,-0.0031039766173315275,0.013685712601441136,0.8829905916804177,1.1305271470239322,1.21781926207871,0.9075292171919928,1.1305271470239322,369644601.123085,0.877342109093934,266.7617660522461,276.2357411702474,266.49407590230305,False,False,True,True,False,False,accumulation,3,4,normal,False,False,,False,46.0,분산4일,0.0194563837248535,38.28330971251462,True,False,False,False,False,True,False,,Uptrend Under Pressure,293.26,-0.1105,0.341463999704055,0.9066175754014075,-0.08532886554737829,-0.10592956484603666,0.3811490368978353,0.5608580508474577,,False,,,0,1,0.279,0.882
NVMI,Nova Ltd.,Information Technology,XLK,12251732992.0,2026-10-01,386.6000061035156,0.0036344596368598214,0.05398042249042412,0.1058352384268677,0.10478534441105469,-0.1697698164879462,False,0.05586853004181935,-0.19214158166711437,0.025199460552769892,-0.22558614508359864,0.8489799728768378,0.2938382235506982,0.44667358470832846,4.042387498894881,0.2938382235506982,205295387.23037872,0.6829588535385854,364.3810012817383,392.55150197347007,454.27424977620444,True,False,False,False,False,False,weak_rally,1,0,normal,False,False,,False,71.0,,0.03544452789734781,57.75820265097394,True,True,True,False,False,True,False,,Uptrend Under Pressure,583.1,-0.337,0.4145053489709045,1.0,-0.08389697976866417,-0.3501457580112982,0.2466273354775758,0.560646186440678,,False,,,0,1,0.279,0.882
EBAY,eBay Inc.,Consumer Discretionary,XLY,47192252416.0,2026-10-01,105.88999938964844,-0.0015087567892976272,-0.017991304910165873,-0.007591355030559743,-0.008533560398401807,-0.065799286375398,False,-0.05243292965114299,-0.09097268937914171,0.04528589099711522,0.0009280109286795568,0.9043932477616792,0.6994342092949387,0.6821634687187109,0.6401073553070471,0.6994342092949387,556965628.7629265,0.41699181267522933,107.3974998474121,108.21747881571451,108.16619923909505,False,False,False,True,False,False,dry_up,0,1,normal,False,False,,False,53.0,,0.03140826274456176,46.40474803125792,True,False,True,True,False,True,False,,Uptrend Under Pressure,111.72,-0.0522,0.46118026548849755,0.8792679914183797,0.013870055078211596,-0.027272586204024396,0.5569666799176032,0.5585805084745763,,False,,,0,1,0.279,0.882
ONB,Old National Bancorp,Financials,XLF,9426524160.0,2026-10-01,24.979999542236328,0.013798707833196255,-0.004384241119273824,-0.020654933462230574,-0.02158473610284528,-0.07108104822709693,False,-0.06490623568844789,-0.09611212644161338,0.05256055865595166,-0.005519998729754949,0.9245565303799024,1.8204037868900151,1.2349749686659834,0.7172123653233651,1.8204037868900151,115343235.85436153,0.9787229293611807,25.349749946594237,25.945720926920572,25.0318909962972,False,False,False,True,False,False,accumulation,3,6,interest,True,False,surge,False,67.0,분산6일,0.019672884576783373,43.60287340360422,True,False,True,True,False,True,False,,Uptrend Under Pressure,25.74,-0.0294,0.3200396043972062,0.9161407579283121,0.01353805354685389,-0.026680303805461603,0.5569585486610531,0.5584745762711865,,False,,,0,1,0.279,0.882
RYAAY,Ryanair Holdings plc,Industrials,XLI,28501485568.0,2026-10-01,54.18000030517578,-0.015088130188735671,0.002590662236799046,-0.004410104223533162,-0.005355329911282625,-0.09479715542718814,False,-0.04939542234753447,-0.11918916848630423,0.017296872013188747,-0.01889725100578543,0.8854388220483896,1.7158301201770991,0.8076243826877675,1.0055879938104924,1.7158301201770991,86419562.39754105,0.4734046222835461,54.21099987030029,57.36299959818522,58.329833094278975,False,False,False,False,False,False,distribution,2,2,interest,False,False,,False,55.0,,0.023994079544816076,45.7193391782732,True,False,True,False,False,True,False,,Uptrend Under Pressure,66.63,-0.1869,0.40230453396815286,0.9066175754014075,-0.21972336962647665,-0.23069049876585357,0.16089317335838965,0.5582097457627119,,False,,,0,1,0.279,0.882
MLI,"Mueller Industries, Inc.",Industrials,XLI,13405804544.0,2026-10-01,61.31999969482422,0.01171422335130945,0.021659433974436038,-0.009329503524918015,-0.010270058672510851,-0.04233261352677753,False,-0.05409254062388025,-0.06813836031292242,0.012270214407770208,0.03796636425108746,0.8852709370186327,0.9705315357104318,0.7291598128912331,0.6101159422770036,0.9705315357104318,114201999.62295341,0.7643676144958674,61.01575050354004,62.66676909128825,64.04024019241334,True,False,True,True,False,False,weak_rally,0,3,normal,False,False,,False,113.0,분산3일,0.02165455251736339,49.105378083304636,True,False,True,False,False,True,False,,Uptrend Under Pressure,67.0,-0.0847,0.4329856156536293,0.9066175754014075,0.055631584530495104,-0.06679377335089254,0.5561147049257344,0.5566207627118644,,False,,,0,1,0.279,0.882
HAS,"Hasbro, Inc.",Consumer Discretionary,XLY,12366778368.0,2026-10-01,89.9800033569336,0.02623178653914815,0.03651659817407782,-0.037647022920496376,-0.03856069305563603,-0.006423057078725702,False,-0.08113054460463065,-0.03319643932368466,0.013628805229978225,0.0645453152398443,0.930122031671373,1.93459960283623,1.1241565992709126,0.5553854438802077,1.93459960283623,155471236.44771576,0.6561849222826104,89.22650032043457,89.93499755859375,88.86933549245198,True,True,True,False,False,False,accumulation,4,4,interest,True,False,surge,False,46.0,분산4일,0.02591846437079791,51.16020197751879,True,False,True,True,False,True,False,,Uptrend Under Pressure,95.62,-0.059,0.44259728787004843,0.8792679914183797,0.10009060685947913,-0.09130554458772,0.5528793682917134,0.5564088983050848,,False,,,0,1,0.279,0.882
SW,Smurfit WestRock plc,Materials,XLB,23131459584.0,2026-10-01,43.040000915527344,-0.024036226650116177,-0.06434780618418823,-0.05114637706364522,-0.05204723074056439,-0.04774972984464554,False,-0.09401993600792624,-0.07340950451773265,0.03031816869705506,0.01694583720706966,0.8549699130357951,1.2006470201803046,1.0305494552093741,0.798019597359688,1.2006470201803046,192560434.73244438,0.6709686628618119,44.60900020599365,46.02220058441162,43.56368405024211,False,False,False,True,False,False,distribution,1,5,normal,False,False,,False,46.0,분산5일,0.03176446356846435,38.861694894834066,True,False,True,False,False,True,False,,Uptrend Under Pressure,50.34,-0.145,0.4616917618025245,0.9085780336452783,-0.04694696594485437,-0.00870657366993044,0.5206000867334032,0.5559851694915254,,False,,,0,1,0.279,0.882
GIB,CGI Inc.,Information Technology,XLK,14087340032.0,2026-10-01,70.9800033569336,0.043363290174488034,0.0416789549856762,-0.02566911676534611,-0.026594158876669383,0.05650717034345787,False,-0.06969385519056515,0.028038041185750817,-0.09671580251588252,-0.014521747364756643,0.9432558585639016,1.7408714000013445,1.1625956435400022,0.8479750315669423,1.7408714000013445,31747574.6685627,0.1592693299867531,70.0995002746582,71.08973407745361,69.24846029281616,True,False,True,False,False,False,accumulation,4,3,interest,True,False,surge,False,,분산3일,0.025178144726226197,52.51172806388443,False,False,False,True,False,True,False,,Uptrend Under Pressure,,,0.3362595084986466,1.0,-0.2788012258820368,-0.12167517415048823,0.2102417693614253,0.5550847457627119,,False,,,0,1,0.279,0.882
SONY,Sony Group Corporation,Information Technology,XLK,137540681728.0,2026-10-01,23.489999771118164,-0.0016999963603930857,0.021748586558410388,-0.047058818067489794,-0.04796355252481832,0.09576000004539753,False,-0.09011707167628358,0.06623314604685793,-0.11654580021747285,0.022092116801523343,0.9411057945803787,1.3930790095193037,0.9689373174863823,0.827897889989178,1.3930790095193037,84443676.64924383,0.3818170468653549,23.689499950408937,23.094500033060708,22.07899998029073,False,True,True,True,True,False,distribution,2,1,normal,False,False,,False,19.0,,0.020160540688045608,48.76122202533413,True,False,False,True,False,True,False,,Uptrend Under Pressure,24.96,-0.0589,0.4137599787191331,1.0,-0.25258160741800006,0.007827543801235848,0.358452892920386,0.5541313559322034,,False,,,0,1,0.279,0.882
CB,Chubb Limited,Financials,XLF,125481410560.0,2026-10-01,331.29998779296875,0.018601038564085348,-0.010572239229597935,-0.02097466068359466,-0.02190415977112603,-0.055199234792090435,False,-0.06521151616740639,-0.08065827167137685,0.05221692874016903,0.011482718046423201,0.9141700407585699,0.8263462213155973,0.9938730308091185,0.5837538161181346,0.8263462213155973,558273834.4730408,0.9170294425984825,337.0060806274414,343.2622604370117,334.9676836649577,False,False,False,True,False,False,weak_rally,0,3,normal,False,False,,False,45.0,분산3일,0.014307265163010141,41.50809660060916,True,False,True,True,False,True,False,,Uptrend Under Pressure,360.81,-0.0818,0.3522141904041227,0.9161407579283121,0.04723545655044048,-0.10892835471864049,0.4992943876260344,0.5536016949152542,,False,,,0,1,0.279,0.882
MANH,"Manhattan Associates, Inc.",Information Technology,XLK,11585198080.0,2026-10-01,204.14999389648438,0.027428268907632614,-0.026141348369435824,-0.058218434872171265,-0.0591125742476154,0.3360930696165627,False,-0.10077244580611455,0.30009008995551056,-0.12689167520008837,0.24626760760719524,0.91236145382658,0.7978165309126837,0.8144068765411744,0.6041014065827562,0.7978165309126837,131021455.02316895,0.5234889706635353,207.9880012512207,194.43616739908853,167.11300048828124,False,True,True,True,True,False,weak_rally,1,1,normal,False,False,,False,39.0,,0.03305868188446141,48.51868656451915,True,False,False,True,False,True,False,,Uptrend Under Pressure,190.63,0.0709,0.6859091016895765,1.0,-0.08516448705251323,0.3811891794185587,0.6118734415091612,0.5531779661016949,,False,,,0,1,0.279,0.882
BURL,"Burlington Stores, Inc.",Consumer Discretionary,XLY,16783592448.0,2026-10-01,275.32000732421875,0.030427803467666825,0.08040656651860156,0.07099233469497257,0.06997552097435222,-0.24098012857146311,False,0.022599988520100034,-0.26143302786029654,0.12805665538835398,-0.186765500085462,0.7397297227712674,1.1464927172809758,0.9889002562773274,1.5311443045055824,1.1464927172809758,409442644.4310974,0.9481646843029498,250.84549865722656,309.5023351033529,315.0560017903646,True,False,False,False,False,False,accumulation,3,1,normal,False,False,,False,37.0,,0.03279429381920092,54.08629678313494,True,True,True,False,True,True,False,,Uptrend Under Pressure,371.5,-0.2589,0.30190956358216536,0.8792679914183797,-0.10661065232396039,-0.3201730388160088,0.2239908207148278,0.5530720338983051,,False,,,0,1,0.279,0.882
MPLX,MPLX LP,Energy,XLE,57149800448.0,2026-10-01,56.349998474121094,0.0005326487830152882,-0.028113161107009677,-0.044753401071852994,-0.045660324321348256,-0.010977686748767757,False,-0.08791582399513775,-0.03762833784340269,-0.014049440683624348,-0.04875513955438149,0.9355802573866138,1.3218679149270278,1.2336823561528294,0.9540109048910854,1.3218679149270278,84954829.08727035,0.5194772381608216,58.55299968719483,58.103410720825195,56.32896617253621,False,False,True,True,True,False,accumulation,4,3,normal,False,False,,False,9.0,분산3일,0.02191659447802803,36.22996239061375,True,False,False,True,False,True,False,,Uptrend Under Pressure,59.44,-0.052,0.3714151062042048,0.9566614457922488,0.10909371512307375,-0.05896797959713229,0.591679014130317,0.5525953389830509,,False,,,0,1,0.279,0.882
J,Jacobs Solutions Inc.,Industrials,XLI,15972801536.0,2026-10-01,139.7899932861328,0.03341456990396563,0.03295641317322939,-0.04956492013982727,-0.0504672752720291,0.04789509748514531,False,-0.09250993656185014,0.019658033211994885,-0.028842460238824197,0.13575953385941864,0.9197920595861854,1.2353181238588418,1.073605985532288,0.5630457976745863,1.2353181238588418,114270021.52594528,0.7964573986489908,141.69049911499025,140.5874516805013,131.50898106892905,False,False,True,True,True,False,accumulation,2,5,normal,False,False,,False,40.0,분산5일,0.026892414359139794,46.577794384807326,True,False,False,True,False,True,False,,Uptrend Under Pressure,144.32,-0.0314,0.3302205072035866,0.9066175754014075,-0.1440886336192555,-0.016927932469544937,0.41167467746015685,0.5520656779661017,,False,,,0,1,0.279,0.882
RELX,RELX PLC PLC,Industrials,XLI,57659969536.0,2026-10-01,33.4900016784668,0.00934301900059542,-0.0005967366179649991,-0.04722616715080219,-0.048130742724786235,0.006081550443159722,False,-0.09027685916040495,-0.021028786719475057,-0.026452715113607694,0.09043998344699045,0.8829040283689341,1.162920329310789,0.8334688079781476,0.6669999365728738,1.162920329310789,74550135.30243321,0.5258643936254875,34.01750030517578,34.57768907546997,33.936217339833576,False,False,True,True,False,False,accumulation,1,1,normal,False,False,,False,182.0,,0.022618690036962513,44.99321334682063,True,False,False,False,False,True,False,,Uptrend Under Pressure,41.98,-0.2023,0.3661829033918144,0.9066175754014075,-0.3337972160670738,-0.05285807645963325,0.25646525243034224,0.5520656779661017,,False,,,0,1,0.279,0.882
MGA,"Magna International, Inc.",Consumer Discretionary,XLY,17032987648.0,2026-10-01,64.45999908447266,0.012407742080204232,0.0360012507203904,-0.02006688536515544,-0.020997246306099893,-0.06254689498980093,False,-0.06434475830169384,-0.087807938430853,0.032145642866909796,0.004412711371388989,0.8824092592960069,1.2147485948966064,0.9840507903123744,0.6734629600591384,1.2147485948966064,72473533.35171433,0.8976396873742198,64.71799945831299,66.60759913126627,64.64737857182821,False,False,False,True,False,False,accumulation,1,3,normal,False,False,,False,41.0,분산3일,0.025619409807601856,47.72464964197249,True,False,True,False,False,True,False,,Uptrend Under Pressure,69.54,-0.0731,0.4000510704019861,0.8792679914183797,0.19151884626583948,-0.01959763894935751,0.6839778107043475,0.5513771186440678,,False,,,0,1,0.279,0.882
GFS,GlobalFoundries Inc.,Information Technology,XLK,26711498752.0,2026-10-01,48.68000030517578,0.015859811462242357,0.03464401901267844,0.10989607767725262,0.10884232824909601,-0.18576215949496266,False,0.05974588194836539,-0.20770298762857053,0.028964189749506986,-0.2405033237686942,0.8575318022059797,0.600684320512829,0.7739809796525927,2.18528098752445,0.600684320512829,179508275.0882492,0.755904518462227,46.32077350616455,50.40337193806966,61.411893367767334,True,False,False,True,False,False,weak_rally,3,1,normal,False,False,,False,9.0,,0.04199388431199604,54.023027064502664,True,True,True,False,True,True,False,,Uptrend Under Pressure,47.7,0.0205,0.4215787146035213,1.0,0.06462664178942434,-0.14685095983798946,0.4798923060243576,0.5507944915254238,,False,,,0,1,0.279,0.882
STRL,"Sterling Infrastructure, Inc.",Industrials,XLI,15042821120.0,2026-10-01,505.1199951171875,0.027125943249020512,-0.016740590353469753,0.10384612845245944,0.1027981229229109,-0.3147414774491155,False,0.05396929717982646,-0.3332067694343829,0.12791342943749728,-0.25728357541378855,0.7041569913942084,0.6984442262612075,0.7663460980573737,1.5427427312353308,0.6984442262612075,263656003.59389648,0.978938116657095,497.30749664306643,549.9055002848307,642.6598335266114,True,False,False,True,False,False,weak_rally,1,1,normal,False,False,,False,72.0,,0.048854035516128255,48.78490181229439,True,True,True,False,False,True,False,,Uptrend Under Pressure,861.88,-0.4139,0.5526798034477739,0.9066175754014075,0.16457862635270382,-0.07117837479778866,0.6181941382675002,0.5501059322033899,,False,,,0,1,0.279,0.882
TTMI,"TTM Technologies, Inc.",Information Technology,XLK,12941053952.0,2026-10-01,126.5,0.029794885796332604,-0.0037801491907692997,0.09429067188369422,0.09325173842593482,-0.14686822903422314,False,0.04484559996839255,-0.16985711094429312,0.014496705765163487,-0.2042242300677911,0.8733171879164301,0.9363948926092069,1.050311631569454,1.6640262611141037,0.9363948926092069,232900868.2441376,0.8925732811350595,122.27900009155273,126.18533376057943,146.846333694458,True,True,False,True,False,False,weak_rally,5,2,normal,False,False,,False,106.0,,0.058074533299898985,53.21581234633243,True,True,True,False,False,True,False,,Uptrend Under Pressure,158.22,-0.2005,0.4757277553245241,1.0,0.7365949413352109,0.019215272285220797,0.8455594304506522,0.5486758474576272,,False,,,0,1,0.279,0.882
BNS,Bank Nova Scotia Halifax Pfd 3,Financials,XLF,110534696960.0,2026-10-01,90.66999816894531,-0.0018714021994561403,-0.016914291783672653,-0.028292781681734103,-0.029215332852273845,0.010421016298500785,False,-0.0721989708916434,-0.016806254111138008,0.0443517075946287,0.08173430163547124,0.9509176677496647,1.128885716880525,1.3057143550204544,0.3062240646063651,1.128885716880525,174949813.04668579,0.9507992071190586,93.09599914550782,90.39499944051107,84.97178999582927,False,True,True,True,True,False,distribution,0,3,normal,False,False,,False,25.0,분산3일,0.016472593861725303,43.451074826277356,True,False,True,True,False,True,False,,Uptrend Under Pressure,93.59,-0.0312,0.5138117471825031,0.9161407579283121,0.23475371971243697,0.1249890768585431,0.8063821329189405,0.5478813559322034,,False,,,0,1,0.279,0.882
MDT,Medtronic plc.,Health Care,XLV,110376812544.0,2026-10-01,86.44000244140625,0.001738341920122899,-0.01537758810846901,-0.05457874760971604,-0.05547634255045897,0.03854492923652075,False,-0.09729721630891797,0.01055981890650326,-0.01993251694861642,0.016977304539826266,0.9254426515581644,2.2940904167190075,1.769421369482103,0.6787358076146689,2.2940904167190075,1115103406.8963134,0.7530894431467109,90.31240653991699,87.93153800964356,83.36399059295654,False,False,True,True,True,False,accumulation,3,6,attention,True,False,surge,False,21.0,분산6일,0.022179354369563226,38.25660662973006,True,False,False,True,False,True,False,,Uptrend Under Pressure,91.29,-0.0531,0.355844421387807,0.9496588726121497,-0.14108538243690105,-0.07417355066508646,0.35809331068627803,0.5468220338983051,,False,,,0,1,0.279,0.882
OXY,Occidental Petroleum Corporatio,Energy,XLE,55299940352.0,2026-10-01,57.84000015258789,0.04555315386235348,-0.003617555335618139,-0.04604486727219348,-0.04695056438728096,-0.013850366546723336,False,-0.08914893582877048,-0.04042360908750031,-0.015382417764089884,-0.05151809227738746,0.9105793409281762,1.246975730186311,1.0760922226502274,0.9606535952523154,1.246975730186311,547741601.4502676,0.9749994436903358,58.84659404754639,57.55295003255208,56.426959896087645,False,True,True,False,True,False,accumulation,3,4,normal,False,False,,False,39.0,분산4일,0.028848054421958938,49.00085617630694,True,False,False,True,False,True,False,,Uptrend Under Pressure,55.78,0.0369,0.3113649891027156,0.9566614457922488,0.13586034690868765,-0.15583237104436087,0.5134111524700951,0.5465572033898305,,False,,,0,1,0.279,0.882
CPAY,"Corpay, Inc.",Financials,XLF,25515321344.0,2026-10-01,389.7300109863281,0.002907886940463733,-0.026453827298503763,-0.06404895125139298,-0.0649375550605582,0.05940864648863742,False,-0.10633951271155273,0.030861332817427867,0.005922419386042321,0.1341793706490093,0.9164942619143717,1.1806104236022001,1.2073157364506562,0.4762088523475412,1.1806104236022001,191353584.37768707,0.27208995924870544,402.0750015258789,394.54566650390626,366.0599998474121,False,False,True,True,True,False,accumulation,3,6,normal,False,False,,False,41.0,분산6일,0.019141462407099227,39.98216582530195,True,False,True,True,False,True,False,,Uptrend Under Pressure,396.52,-0.0171,0.5224957347715132,0.9161407579283121,0.21884079457124228,0.1993227879542152,0.820956055075711,0.5457627118644068,,False,,,0,1,0.279,0.882
SPG,"Simon Property Group, Inc.",Real Estate,XLRE,76213207040.0,2026-10-01,200.80999755859375,0.0002490688041740796,-0.019003416940118534,-0.03441799993836847,-0.03533473574892532,-0.12444188328272443,False,-0.0780474236919162,-0.14803507584174846,0.029312839779585875,-0.015584116997811148,0.8574792140708,0.908717422680437,0.897410655724449,1.363354169412385,0.908717422680437,257093875.58940428,0.7571266995548069,204.84698715209962,215.18954366048177,210.14691098531088,False,False,False,True,False,False,weak_rally,1,1,normal,False,False,,False,63.0,,0.013666232430850276,30.32512530535766,True,False,True,False,False,True,False,,Uptrend Under Pressure,223.66,-0.1022,0.4024846030362188,0.8915978830104153,0.013642598105685577,-0.022997278309909164,0.561411766831701,0.5457627118644068,,False,,,0,1,0.279,0.882
V,Visa Inc.,Financials,XLF,674590031872.0,2026-10-01,359.8500061035156,0.0014471921372625207,-0.022093604652657528,-0.04902216726262243,-0.04992503769129708,-0.004524600476810692,False,-0.09199170774916954,-0.031349139408366256,0.02207260045137227,0.06573385621304895,0.9367678252234359,0.860624341826529,0.9509248744114029,0.5172681429755558,0.860624341826529,2253476851.7646103,0.42403024786444476,368.4615020751953,366.14180450439454,345.5554646809896,False,False,True,True,True,False,weak_rally,2,3,normal,False,False,,False,67.0,분산3일,0.01613449953420093,40.062083272200574,True,False,True,True,False,True,False,,Uptrend Under Pressure,335.61,0.0722,0.3767470707463552,0.9161407579283121,-0.04561288069396163,0.07528708028144004,0.5903075421921868,0.545021186440678,,False,,,0,1,0.279,0.882
ING,"ING Group, N.V.",Financials,XLF,101046263808.0,2026-10-01,34.25,-0.035211267605633756,-0.051509293240453724,-0.058289771628951326,-0.059183843276372605,0.015851365371393422,False,-0.10084055924101143,-0.011522233727219056,0.012112153247905377,0.08754791276117935,0.9189696694212254,2.1745082792345527,1.3074483882815495,0.5418344823222209,2.1745082792345527,74805713.48272018,0.4284345076948235,36.47749996185303,34.92263186772664,32.25552207628886,False,False,True,True,True,False,distribution,3,7,attention,False,False,,False,40.0,분산7일,0.020875503174082703,35.44799768628319,True,False,True,True,False,True,False,,Uptrend Under Pressure,35.46,-0.0341,0.40109686276253015,0.9161407579283121,0.22436873061864415,0.17814221935016694,0.8190614722995193,0.5449152542372881,,False,,,0,1,0.279,0.882
SUN,Sunoco LP,Energy,XLE,13729718272.0,2026-10-01,74.54000091552734,0.022917498366961997,-0.017011748442277486,-0.02447327125975962,-0.025399448721989182,-0.029019484965268294,False,-0.06855204347009869,-0.055183973449671186,0.006882542066880104,-0.06610779944556788,0.9320995345468367,1.4810062024864719,0.8957027647011002,0.7700779148266585,1.4810062024864719,53173970.19167099,0.8673825716246777,76.04199981689453,74.64144223531088,70.10500831604004,False,False,True,True,True,False,accumulation,3,3,normal,False,False,,False,,분산3일,0.02919811566912361,47.54881316131402,True,False,True,True,False,True,False,,Uptrend Under Pressure,,,0.2829799633764936,0.9566614457922488,0.4204856084855644,0.0608065415944985,0.8317317769505981,0.5443326271186442,,False,,,0,1,0.279,0.882
GDDY,GoDaddy Inc.,Information Technology,XLK,12096122880.0,2026-10-01,96.9800033569336,0.015391070964550835,-0.037992206074938695,-0.048002348658153005,-0.04890618731555896,0.058616796944949145,False,-0.09101796922701677,0.03009082081650849,-0.1174205300315988,-0.01255395084116595,0.9227402927204904,0.4817927034185964,0.7532953256189321,0.9400947039649441,0.4817927034185964,266447127.2208027,0.6656896875755108,98.25049896240235,95.67866617838541,90.3257495880127,False,True,True,True,True,False,weak_rally,2,4,normal,False,False,,False,5.0,분산4일,0.055156431971255054,49.54172855154408,True,False,False,True,False,True,False,,Uptrend Under Pressure,100.81,-0.038,0.38361414467161753,1.0,-0.36264784300333874,0.06816702267492336,0.3549456109284089,0.5434322033898306,,False,,,0,1,0.279,0.882
BHP,BHP Group Limited,Materials,XLB,215618895872.0,2026-10-01,84.6500015258789,-0.002239448611655148,-0.005170934668565552,-0.07420189329250515,-0.07508085776958773,-0.0015311253148542203,False,-0.11603369826110987,-0.028436327807820683,0.005283203677084236,0.06630451837648832,0.8764547583570031,1.3261281774585798,1.2688499963890074,0.6879890513760096,1.3261281774585798,231487163.29135132,0.9440155470843877,86.70949859619141,86.29846127827962,84.1695442199707,False,False,True,True,True,False,distribution,3,4,normal,False,False,,False,23.0,분산4일,0.024807197008396713,41.4033558026793,True,False,True,False,False,True,False,,Uptrend Under Pressure,93.12,-0.0909,0.37605401123395055,0.9085780336452783,0.4724636986270929,0.08256313539768834,0.8559493693758808,0.5433792372881356,,False,,,0,1,0.279,0.882
AEP,American Electric Power Company,Utilities,XLU,64587304960.0,2026-10-01,119.75,0.00935604025676029,0.018542147748867865,-0.03091364978763711,-0.031833712672720726,-0.11512200409766571,False,-0.07470141615496317,-0.13896633441675588,0.034503079825138894,0.0419152967037284,0.8902295377121006,1.0162242482021255,0.9048593115580893,0.890169842757955,1.0162242482021255,491993666.38129884,0.9305152234480565,121.08800010681152,125.30525232950846,127.94133485158285,False,False,False,False,False,False,accumulation,4,3,normal,False,False,,False,66.0,분산3일,0.015574404349300066,42.763749706259155,True,False,True,False,False,True,False,,Uptrend Under Pressure,136.93,-0.1254,0.4253828292852862,0.8486957529206396,-0.02263215544029551,-0.18685679063097516,0.3709298543601604,0.5427966101694915,,False,,,0,1,0.279,0.882
CHRW,"C.H. Robinson Worldwide, Inc.",Industrials,XLI,17289312256.0,2026-10-01,153.13999938964844,0.03500941092682286,0.04746923793618918,0.05923234074152717,0.05822669210847908,-0.2761511192446847,False,0.011371365034932968,-0.29565628480847883,0.08232692149931142,-0.215457473401365,0.7483846937390664,1.0615696619528214,0.8170583003608168,1.7629667340200088,1.0615696619528214,211908041.95393142,0.8706542655548428,150.95450134277343,160.04870223999023,169.32954343159994,True,False,False,False,False,False,accumulation,1,4,normal,False,False,,False,16.0,분산4일,0.026863841419733834,53.44172800671971,True,True,True,False,False,True,False,,Uptrend Under Pressure,150.45,0.0179,0.7580807003165616,0.9066175754014075,-0.02072981841516952,-0.2444769201933802,0.33683188175346035,0.5418961864406779,,False,,,0,1,0.279,0.882
MUFG,"Mitsubishi UFJ Financial Group,",Financials,XLF,259670491136.0,2026-10-01,22.6200008392334,-0.01950580240760813,0.002215380819019064,-0.034158805911803425,-0.03507578780446008,-0.01498039338184498,False,-0.0777999412403585,-0.04152318569869207,0.03804714145991683,0.05454011652065205,0.9374223632801307,1.6104770715849643,0.9995574555869887,0.44885733640168063,1.6104770715849643,70832033.98277187,0.912090077174273,23.355999851226805,22.69099998474121,20.906416670481363,False,False,True,True,True,False,distribution,0,3,interest,False,False,,False,56.0,분산3일,0.022625353148284545,44.96723794490321,True,False,True,True,False,True,False,,Uptrend Under Pressure,22.5,0.0053,0.3378168700250633,0.9161407579283121,0.24221368388403186,0.10658817376729668,0.8023770373315022,0.5417372881355933,,False,,,0,1,0.279,0.882
BAP,Credicorp Ltd.,Financials,XLF,30169016320.0,2026-10-01,378.3500061035156,-0.004001340019505806,-0.012166793408247889,-0.003187879288810813,-0.004134265372431667,-0.06210218892551189,False,-0.04822842314153908,-0.08737521562113781,0.07133344364514604,0.004092568645045036,0.9405374908309571,1.4811691436949475,0.9750397711974006,0.5026493578905065,1.4811691436949475,126428531.60267945,0.6612701289073761,381.9310012817383,383.81950022379556,361.5220883687337,False,False,False,True,False,False,distribution,0,4,normal,False,False,,False,11.0,분산4일,0.02344012566957446,46.623586178520966,True,False,True,True,False,True,False,,Uptrend Under Pressure,381.14,-0.0073,0.45683453928415857,0.9161407579283121,0.27071114366766724,-0.01921306389215993,0.7225651403996964,0.5415783898305084,,False,,,0,1,0.279,0.882
EW,Edwards Lifesciences Corporatio,Health Care,XLV,49703055360.0,2026-10-01,85.19000244140625,-0.013090793065488437,-0.0062988556442611365,-0.061990720902180496,-0.06288127882137196,-0.01464056487423604,False,-0.10437428265033488,-0.04119251436667626,-0.027616111950128808,-0.03510367811071624,0.9095665076924431,0.8891551540726286,1.048688260811504,1.2158346229594272,0.8891551540726286,302216180.7358246,0.29951672031038806,87.15750007629394,88.38149998982747,86.69658342997234,False,False,False,True,False,False,dry_up,5,3,normal,False,False,,False,67.0,분산3일,0.024067058887107636,40.589429855799565,True,False,False,True,False,True,False,,Uptrend Under Pressure,90.78,-0.0616,0.2940906932060407,0.9496588726121497,0.011964759790402235,-0.041978325228685276,0.5385060171298471,0.5413665254237288,,False,,,0,1,0.279,0.882
TJX,"TJX Companies, Inc. (The)",Consumer Discretionary,XLY,146163433472.0,2026-10-01,133.58999633789062,0.009674240820161994,0.014890157125064807,0.017363482002042296,0.016397584195077863,-0.15849405691121765,False,-0.028605666620051595,-0.18116966390495393,0.07157036483209933,-0.09838768316443292,0.8269252039153485,0.6284942388386269,0.8671020074253272,1.098494242311279,0.6284942388386269,1194589906.0358748,0.9392715249446711,129.19749946594237,143.13398704528808,149.85253721872965,True,False,False,False,False,False,weak_rally,3,1,normal,False,False,,False,67.0,,0.02277170730994132,50.69190220758308,True,True,True,False,True,True,False,,Uptrend Under Pressure,154.94,-0.1378,0.32188799303350935,0.8792679914183797,-0.19055091653092116,-0.2898032778186176,0.15228397961765025,0.539989406779661,,False,,,0,1,0.279,0.882
CNI,Canadian National Railway Compa,Industrials,XLI,71827488768.0,2026-10-01,117.16000366210938,-0.014634128187044793,-0.023015298106889626,-0.030110882575073883,-0.031031707617541482,-0.1013114426242242,False,-0.07393492164724547,-0.12552791869808477,-0.008964263757916924,-0.025957751439548593,0.9020756250718863,0.8835567713384851,0.8692622777695056,1.5196031457818326,0.8835567713384851,172256706.21118316,0.23577318980141856,120.52575340270997,124.22744115193684,119.27944889068604,False,False,False,True,False,False,dry_up,2,0,normal,False,False,,False,49.0,,0.017284054521274766,34.43012419935182,True,False,False,True,False,True,False,,Uptrend Under Pressure,129.88,-0.0979,0.3764463696861045,0.9066175754014075,0.12059860383466114,0.006066308337415283,0.6571817064797081,0.5398305084745763,,False,,,0,1,0.279,0.882
EGO,Eldorado Gold Corporation,Materials,XLB,10038590464.0,2026-10-01,37.61000061035156,-0.022863108073272742,-0.1072869770512418,-0.12838935619051528,-0.129216874402321,0.14565730768041463,False,-0.16777272303500834,0.11478589783260307,-0.053556564849743915,0.22349288461885286,0.7825719625123745,1.2389443840556897,1.1418188235766948,0.78361566124127,1.2389443840556897,133553150.64693221,0.21153944907016836,41.89550018310547,38.31876567204793,35.17870570818583,False,False,True,True,True,False,distribution,2,4,normal,False,False,,False,9.0,분산4일,0.052474646977862034,38.369776869508826,True,False,False,False,False,True,False,,Uptrend Under Pressure,43.22,-0.1298,0.41981201396861373,0.9085780336452783,0.293905826066313,0.021741237782583855,0.7704952838712009,0.5372351694915254,,False,,,0,1,0.279,0.882
JPM,JP Morgan Chase & Co.,Financials,XLF,879407726592.0,2026-10-01,333.17999267578125,0.007103364866843265,-0.015890846294921213,-0.0646791546403005,-0.06556716012636665,-0.06624745652938868,False,-0.10694124062069377,-0.09140878293360077,0.005245102213822017,-0.0003452627977315048,0.9123719791833977,0.9666395370856959,1.1121697851294976,1.1380355961665667,0.9666395370856959,2884395625.748004,0.9481200596894408,346.8000015258789,350.7031667073568,331.5116696675619,False,False,True,True,False,False,weak_rally,2,3,normal,False,False,,False,73.0,분산3일,0.02195939902983237,35.15432804498262,True,False,True,True,False,True,False,,Uptrend Under Pressure,331.96,0.0037,0.28253661907055605,0.9161407579283121,-0.00534417968635037,0.040898794056839716,0.5983538722850638,0.5347987288135594,,False,,,0,1,0.279,0.882
TDY,Teledyne Technologies Incorpora,Information Technology,XLK,28112982016.0,2026-10-01,612.7000122070312,0.009706522094452996,0.0011110627987334087,0.010455879359837494,0.009496539718524932,-0.08083241542778674,False,-0.03520115209066599,-0.10560072880729454,-0.06322498466792292,-0.14262800050026092,0.8863012050139415,0.9384090428690777,0.9176481753357212,2.380449629359582,0.9384090428690777,168818127.09224853,0.7862195541620465,606.3125030517579,634.2178344726562,632.4884185791016,True,False,False,False,False,False,weak_rally,4,2,normal,False,False,,False,50.0,,0.01628740239039391,47.97135904904869,True,True,False,False,False,True,False,,Uptrend Under Pressure,650.5,-0.0581,0.49246886168292986,1.0,-0.09646651927920269,-0.152423675896315,0.32810162263741827,0.5333156779661017,,False,,,0,1,0.279,0.882
KOF,Coca Cola Femsa S.A.B. de C.V.,Consumer Staples,XLP,22697392128.0,2026-10-01,105.55000305175781,-0.023046999654473987,-0.031295852251900236,-0.060106855000609416,-0.06099920148600679,-0.020319661739891304,False,-0.10257553845122835,-0.046718579670685934,-0.005803438049611143,0.0476231852814637,0.9029084830969102,0.4778977472903239,0.6739142225089301,0.7157712527926124,0.4778977472903239,12541513.823375702,0.22222333034141153,110.33500099182129,109.00046170552572,106.5586701711019,False,False,True,True,True,False,dry_up,0,1,normal,False,False,,False,,,0.021648500581614178,35.12167884606342,False,False,False,True,False,True,False,,Uptrend Under Pressure,,,0.45639857692328695,0.9096505422560582,0.18278655819239265,-0.017423680597698277,0.6831059593075783,0.5328389830508475,,False,,,0,1,0.279,0.882
IDXX,"IDEXX Laboratories, Inc.",Health Care,XLV,41191915520.0,2026-10-01,517.75,-0.00850265692688068,0.008492540227039935,-0.03940702168724686,-0.040319020857211174,-0.07291892156176627,False,-0.08281101855422923,-0.09790047559432835,-0.0042048027674655986,-0.09217175906573605,0.8690579956913951,0.6461396734307956,0.8876569442113387,1.3573350586898658,0.6461396734307956,255915249.46697387,0.07752815153136101,517.8605041503906,546.6610046386719,552.7963338216146,False,False,False,False,False,False,dry_up,3,0,normal,False,False,,False,72.0,,0.022978542738637735,44.29523951346116,True,False,False,False,True,True,False,,Uptrend Under Pressure,562.09,-0.0789,0.39915066028284224,0.9496588726121497,-0.25992358266633075,-0.17169485703021725,0.18045426619927,0.5319915254237289,,False,,,0,1,0.279,0.882
AFG,"American Financial Group, Inc.",Financials,XLF,11340339200.0,2026-10-01,138.0800018310547,0.009651998956118568,-0.0024562660192759544,-0.03169708330292631,-0.032616402386283605,-0.040319113051972666,False,-0.07544945055053065,-0.0661791165499368,0.0406929015836861,0.027413045938615488,0.9410482236192085,0.7962702309309276,0.9482588130694616,0.5035382336604333,0.7962702309309276,57295872.19094086,0.7573517037103524,140.85749893188478,142.37396087646485,137.58177007039387,False,False,False,True,False,False,weak_rally,1,2,normal,False,False,,False,40.0,,0.015229236165293463,38.10817099016555,True,False,True,True,False,True,False,,Uptrend Under Pressure,146.73,-0.059,0.46350965627268054,0.9161407579283121,-0.10723823743770233,-0.031243787373104404,0.4290674352209895,0.5297669491525424,,False,,,0,1,0.279,0.882
MOD,Modine Manufacturing Company,Consumer Discretionary,XLY,9942699008.0,2026-10-01,189.2100067138672,0.010737231829019311,-0.03929926557149954,0.054036056508607766,0.053035341293786065,-0.26035378311307456,False,0.00640987275829219,-0.2802846309772855,0.11019691742468951,-0.207522959614172,0.7579921897884822,0.8919305160162185,1.3142454137584696,1.2957281047315485,0.8919305160162185,251982863.38221207,0.8915509588450765,188.0430000305176,201.31349970499676,233.40733350118,True,False,False,False,False,False,weak_rally,5,2,normal,False,False,,False,89.0,,0.056449741072251584,49.135672413169964,True,True,True,False,False,True,False,,Uptrend Under Pressure,295.88,-0.3605,0.35670681869474424,0.8792679914183797,0.10373257689068471,-0.303903346662325,0.40924343175165334,0.5295021186440678,,False,,,0,1,0.279,0.882
EXR,Extra Space Storage Inc,Real Estate,XLRE,29024589824.0,2026-10-01,133.0800018310547,0.011938311837866644,0.006428239665582813,-0.03777068981495779,-0.038684242539177904,-0.09413028183924022,False,-0.0812486236615575,-0.11854026478141977,0.025738863941643153,0.01849611289266595,0.8808945691676785,1.0549760547782188,0.8552636278471903,0.840517328954829,1.0549760547782188,211013928.32906875,0.8571199624527082,135.41773529052733,141.7537628173828,141.54178123474122,False,False,False,True,False,False,accumulation,2,3,normal,False,False,,False,45.0,분산3일,0.020434223782481473,40.41529233829346,True,False,True,False,False,True,False,,Uptrend Under Pressure,151.07,-0.1191,0.2929376289706877,0.8915978830104153,-0.10749552288601938,-0.08279290228022551,0.38139387806729064,0.5291843220338983,,False,,,0,1,0.279,0.882
SWK,"Stanley Black & Decker, Inc.",Industrials,XLI,13378564096.0,2026-10-01,89.58999633789062,0.011287956217831852,-0.006432314992043997,-0.06729604462971672,-0.06818156560720123,-0.011882365111053561,False,-0.10943988751707667,-0.03850863832557061,-0.04696017874657721,0.0709698204458391,0.86893925866881,0.9469340618776679,0.939153356499562,0.8782532153161524,0.9469340618776679,156225388.4500885,0.9946441046340139,90.56037139892578,93.53977228800456,86.29993063608805,False,False,False,True,False,False,weak_rally,1,2,normal,False,False,,False,37.0,,0.028594543157243177,43.42607218862624,True,False,False,False,False,True,False,,Uptrend Under Pressure,101.75,-0.1195,0.39546148821720234,0.9066175754014075,0.14017765019054163,0.15146768038723635,0.7566477539662462,0.5283368644067796,,False,,,0,1,0.279,0.882
ED,"Consolidated Edison, Inc.",Utilities,XLU,37800185856.0,2026-10-01,103.5,0.012621083329246607,0.007691567739939398,-0.03872943475305124,-0.039642077232654116,-0.09152083164474811,False,-0.08216404810571776,-0.1160011300345678,0.026159701945345004,0.06970491596503914,0.9233595268157052,1.5833648339009407,1.2369277220125763,0.698506500691563,1.5833648339009407,225298808.1681305,0.7021285230201083,105.09649963378907,107.4967586517334,107.3214049021403,False,False,False,False,False,False,accumulation,2,2,interest,True,False,surge,False,149.0,,0.015465851567217694,42.05306971476106,True,False,True,True,False,True,False,,Uptrend Under Pressure,110.68,-0.0649,0.3207199149809912,0.8486957529206396,-0.03990863094863206,-0.17533556117414484,0.36554786599689204,0.5273834745762712,,False,,,0,1,0.279,0.882
KDP,Keurig Dr Pepper Inc.,Consumer Staples,XLP,41287458816.0,2026-10-01,30.690000534057617,0.011535938685216962,0.001053537616189093,-0.05147185045766378,-0.05237239512601011,-0.001100656060972094,False,-0.0943307030211018,-0.028017458176857524,0.003330463899453573,0.06817506854478372,0.9401621222339381,1.632134946183702,1.0928741101655348,0.5170065721871081,1.632134946183702,338973342.1459087,0.30697700001241995,31.340036869049072,30.940413347880046,30.15623288154602,False,False,False,True,True,False,accumulation,1,4,interest,True,False,surge,False,67.0,분산4일,0.02697348128542755,45.93896370711368,True,False,True,True,False,True,False,,Uptrend Under Pressure,33.16,-0.0745,0.34206721386645644,0.9096505422560582,0.11072160751141302,0.07257157135647896,0.7043990097936468,0.5273305084745763,,False,,,0,1,0.279,0.882
WDAY,"Workday, Inc.",Information Technology,XLK,45900861440.0,2026-10-01,186.75,-0.01947919029237888,-0.02220014331229403,-0.07029419754279331,-0.07117687203583545,0.3762620831036074,False,-0.11230257012942868,0.33917669069117906,-0.13808689212344905,0.28373606057417855,0.9025227220789119,0.962500850340086,0.7547747441513222,0.5401432910069776,0.962500850340086,489473991.8216278,0.2890997317057296,190.97849960327147,177.51483243306478,152.7243329366048,False,True,True,True,True,False,dry_up,0,1,normal,False,False,,False,23.0,,0.03991585412520618,47.64578756238021,True,False,False,True,False,True,False,,Uptrend Under Pressure,204.72,-0.0878,0.5532893897609449,1.0,-0.28526278910362046,0.3188435419733562,0.4492004264392324,0.5271186440677966,,False,,,0,1,0.279,0.882
RBLX,Roblox Corporation,Communication Services,XLC,30268106752.0,2026-10-01,43.0,0.014869036676825154,-0.11939384829895605,0.04343608239005747,0.04244543092524844,-0.1546612056702953,False,-0.003711145908970259,-0.1774400944401361,0.06346867393151556,-0.14242006903893756,0.8383700376769215,0.7913384578467854,1.2568901496076406,0.9704043820295194,0.7913384578467854,550324519.8488884,0.7091980539400018,46.13050022125244,44.41199982961019,46.93833325703939,False,False,False,False,False,False,weak_rally,2,5,normal,False,False,,False,13.0,분산5일,0.06292359615085133,45.491058559860846,True,True,True,False,False,True,False,,Uptrend Under Pressure,51.29,-0.1616,0.3855729809219997,0.9239023508895683,-0.7453519462986877,-0.39454910598823145,0.004876946984207293,0.5269597457627119,,False,,,0,1,0.279,0.882
ABNB,"Airbnb, Inc.",Consumer Discretionary,XLY,96194912256.0,2026-10-01,160.47000122070312,-0.0011204026306855797,0.059977553785997006,-0.1243588015347381,-0.12519014640630866,0.11816229953160806,False,-0.1639242873261746,0.08803178284586188,-0.07770312665935308,0.19802944917825105,0.8423622111322999,0.9423191371521239,0.9100897187057971,0.838932736871836,0.9423191371521239,832404080.3730377,0.6759154820766379,165.4539993286133,165.3091667175293,151.83116671244304,False,False,True,True,True,False,dry_up,3,2,normal,False,False,,False,36.0,,0.03348876209327182,43.36564295587008,True,False,False,False,False,True,False,,Uptrend Under Pressure,184.98,-0.1325,0.4545138514887155,0.8792679914183797,0.3039424382496718,0.25098957119656373,0.86545119439124,0.5262711864406779,,False,,,0,1,0.279,0.882
SUZ,Suzano S.A.,Materials,XLB,10554474496.0,2026-10-01,8.300000190734863,-0.0315051941311526,-0.05466965339802965,-0.09190373315484113,-0.09276589128040358,-0.041448358573431654,False,-0.13293568780258036,-0.06727793290110395,-0.013938441040979854,0.023675321549365247,0.8691099502581462,1.0883569931627703,0.9191653512638852,1.2912113973378816,1.0883569931627703,23494902.165752552,0.2500017029856745,9.05649995803833,8.60516661008199,8.558199731508891,False,False,True,False,True,False,distribution,1,2,normal,False,False,,False,,,0.027598964759469637,35.336647287663425,False,False,False,False,False,True,False,,Uptrend Under Pressure,,,0.3261113154224243,0.9085780336452783,-0.18241210299964516,-0.24656497023367685,0.17628564200787827,0.5247351694915254,,False,,,0,1,0.279,0.882
BSY,"Bentley Systems, Incorporated",Information Technology,XLK,9651868672.0,2026-10-01,32.75,0.025039099153590927,0.026645780302015254,-0.06543601238927432,-0.06632329930498404,0.07700249574074691,False,-0.10766390006496751,0.04798109009856044,-0.13358295824109379,0.004595678457488317,0.8710691772849543,0.7052034170017489,0.7975732613835714,0.8959171625900851,0.7052034170017489,89059865.51980782,0.7023810064441124,32.04664659500122,33.74110056559245,32.969974454243975,True,False,True,False,False,False,weak_rally,2,2,normal,False,False,,False,40.0,,0.03411127046825096,49.99486532712166,True,False,False,False,False,True,False,,Uptrend Under Pressure,35.96,-0.0893,0.37811031250689003,1.0,-0.39665173716341884,-0.10466666588873319,0.1862446243359474,0.5234110169491526,,False,,,0,1,0.279,0.882
ESS,"Essex Property Trust, Inc.",Real Estate,XLRE,18568028160.0,2026-10-01,269.510009765625,0.00044543268370245137,0.001592330682170795,-0.018779869047009234,-0.01971145189758705,-0.09400998871665445,False,-0.06311589528416695,-0.11842321313275872,0.04598312662793469,0.01863136200774851,0.9167202206197962,1.0531174324458157,1.0002691687192247,0.6072080931552878,1.0531174324458157,150216689.89733276,0.7780528922136761,270.9712173461914,280.9021270751953,274.84100405375165,False,False,False,True,False,False,accumulation,2,4,normal,False,False,,False,61.0,분산4일,0.015286729092136268,41.74511118443955,True,False,True,True,False,True,False,,Uptrend Under Pressure,295.5,-0.088,0.5806835428762935,0.8915978830104153,-0.06896775001082556,-0.0065956645134956915,0.49755610567019626,0.5218750000000001,,False,,,0,1,0.279,0.882
B,Barrick Mining Corporation,Materials,XLB,66938118144.0,2026-10-01,40.099998474121094,-0.01401523777936775,-0.052457496141585125,-0.0913211533299938,-0.09218386456423866,0.047272007984073605,False,-0.1323794316064324,0.019051733767801782,-0.013305843384453064,0.11842332034113312,0.8237019570648995,1.1528435317637649,1.033092788226038,0.6065055416397859,1.1528435317637649,349480909.48498267,0.19354600538489178,42.91999988555908,41.18852113087972,40.73538990020752,False,False,True,True,True,False,distribution,0,5,normal,False,False,,False,30.0,분산5일,0.030985046195890514,38.56196366178946,True,False,False,False,False,True,False,,Uptrend Under Pressure,44.96,-0.108,0.4671588687042209,0.9085780336452783,0.16458427426308053,-0.11669009550182141,0.5662914242347583,0.5218220338983051,,False,,,0,1,0.279,0.882
BMO,Bank Of Montreal,Financials,XLF,116254171136.0,2026-10-01,166.3000030517578,-0.005680101334781362,-0.027826461912613287,-0.037727138040383745,-0.03864073211321151,-0.08732533743977222,False,-0.0812070397559248,-0.11191868955014828,0.03421204207864714,-0.022910774024007874,0.895000297275804,1.1546283847066943,0.7989128281162089,0.8033699330745993,1.1546283847066943,102590325.96155015,0.910053849817944,172.84750061035157,176.1480349222819,167.80355784098307,False,False,False,True,False,False,distribution,1,1,normal,False,False,,False,8.0,,0.01833605431578279,35.111761014075185,True,False,True,False,False,True,False,,Uptrend Under Pressure,177.19,-0.0615,0.38153240645837294,0.9161407579283121,0.13770212464224385,0.06963030593391739,0.7218938599978317,0.5215572033898306,,False,,,0,1,0.279,0.882
TROW,"T. Rowe Price Group, Inc.",Financials,XLF,22195515392.0,2026-10-01,105.83000183105469,0.017107147785583976,0.01496120876773821,-0.02041920000542352,-0.021349226454375314,-0.09868446600257474,False,-0.0646811537504961,-0.1229717297992593,0.05281391546293279,-0.03507160481124161,0.8805600095931707,1.379618512507334,1.0031057369179106,0.6992697420377417,1.379618512507334,161385410.21295547,0.7918226578630908,105.15664253234863,110.33007799784342,106.5706886291504,True,False,False,True,False,False,accumulation,3,2,normal,False,False,,False,66.0,,0.01913903280892222,48.43353313063167,True,False,True,False,False,True,False,,Uptrend Under Pressure,112.97,-0.0632,0.48909648403884765,0.9161407579283121,-0.04258704167074079,0.052847917732479655,0.5793068555527447,0.51875,,False,,,0,1,0.279,0.882
ABEV,Ambev S.A.,Consumer Staples,XLP,45016141824.0,2026-10-01,2.9000000953674316,-0.006849308357518069,-0.0034364227382496226,-0.025568070982426083,-0.026493209027898534,-0.09450267901822018,False,-0.06959737511960051,-0.11890262717437683,0.03073086428839278,-0.0317045768668861,0.9308471421760435,0.930500974415984,0.7725233032930656,0.7935104540972967,0.930500974415984,60911131.083633065,0.4615412830576239,2.962902271747589,2.9629037857055662,3.0358849704265594,False,False,False,False,False,False,dry_up,1,0,normal,False,False,,False,44.0,,0.02052182196611751,44.87022436220503,True,False,True,True,False,True,False,,Uptrend Under Pressure,3.11,-0.0662,0.3908458715030798,0.9096505422560582,0.12722432283104723,-0.16279182702317974,0.498955585269777,0.5183262711864407,,False,,,0,1,0.279,0.882
BNTX,BioNTech SE,Health Care,XLV,24693389312.0,2026-10-01,96.8499984741211,-0.01475080908057802,-0.024279705926277706,-0.06704555676869373,-0.06793131556253384,0.0292221810530382,False,-0.10920071784656771,0.0014882857924405357,-0.032856189061158725,0.007848163323459723,0.8308312492722885,0.9175758143764042,0.8688315456961511,0.7145484206287144,0.9175758143764042,84697569.10022926,0.06569341033251842,98.52850074768067,97.29266688028972,95.86975008646647,False,False,True,True,True,False,dry_up,0,1,normal,False,False,,False,28.0,,0.03334685231230639,45.15383262147312,True,False,False,False,False,True,False,,Uptrend Under Pressure,116.57,-0.1692,0.7017134352450866,0.9496588726121497,-0.1034394544129813,-0.02189681780298436,0.447544360521846,0.518061440677966,,False,,,0,1,0.279,0.882
AMKR,"Amkor Technology, Inc.",Information Technology,XLK,12983562240.0,2026-10-01,52.900001525878906,0.009927461763268308,0.003985631137660928,0.12147558998011543,0.12041084681595682,-0.227732117740706,False,0.0708021787717672,-0.24854200403541182,0.03969934210660364,-0.2796516440794249,0.8112253069863189,0.9227299755402922,0.8694390378084954,1.2258827376202397,0.9227299755402922,194846451.13327828,0.6000007535212992,50.753499794006345,54.32993144989014,63.88477738698324,True,False,False,True,False,False,weak_rally,2,1,normal,False,False,,False,68.0,,0.04695516703768708,52.51244038009417,True,True,True,False,False,True,False,,Uptrend Under Pressure,85.46,-0.381,0.5810618525961826,1.0,0.40371765564232187,-0.15514258878375164,0.626414838639731,0.5179555084745763,,False,,,0,1,0.279,0.882
BF-A,Brown Forman Inc,Consumer Staples,XLP,12311327744.0,2026-10-01,26.59000015258789,-0.008945202079784886,0.007196990030418515,-0.039690817875030704,-0.04060254760529114,-0.027323730219879216,False,-0.08308199152851514,-0.0535339132932271,0.01579215930833655,0.04013337024244179,0.8976174163102968,0.7687454119383907,0.6947773780915564,0.5032565217125246,0.7687454119383907,4927165.1416807175,0.4827598680640738,26.761500072479247,27.363799953460692,27.166469017664593,False,False,False,False,False,False,dry_up,1,1,normal,False,False,,False,,,0.023854298117329167,45.05418729358156,False,False,True,False,False,True,False,,Uptrend Under Pressure,,,0.5732772355469307,0.9096505422560582,-0.10705045903556365,-0.1298642277924834,0.33224946695095947,0.5174258474576271,,False,,,0,1,0.279,0.882
VRTX,Vertex Pharmaceuticals Incorpor,Health Care,XLV,132427776000.0,2026-10-01,506.739990234375,-0.030737758266410564,-0.029939918263039322,-0.08982489405590477,-0.090689025857702,0.04643711787203175,False,-0.1309507801894807,0.01823934098952118,-0.05647030573582734,0.024705594861711866,0.9082012514853772,1.158232699446026,0.9135790140948022,0.8915615724410659,1.158232699446026,520693386.9690796,0.08453148718488686,521.5375030517578,511.6806671142578,480.629500579834,False,False,True,True,True,False,distribution,2,3,normal,False,False,,False,20.0,분산3일,0.022671526243372937,40.10692325507286,True,False,False,True,False,True,False,,Uptrend Under Pressure,556.75,-0.0898,0.46295650568147234,0.9496588726121497,0.21281555343588976,0.05050093192371374,0.7592750533049041,0.5171610169491526,,False,,,0,1,0.279,0.882
FNV,Franco-Nevada Corporation,Materials,XLB,45920833536.0,2026-10-01,235.7899932861328,-0.009743426644289732,-0.09273161723779821,-0.09059523991680862,-0.09145864034246476,0.07647273622562789,False,-0.13168631829091915,0.04746560572750269,-0.012517606125906244,0.1496079363600067,0.869049232576845,0.9700030098255333,1.4608464829579177,0.5117423265228596,0.9700030098255333,218103316.30958253,0.04516100451856154,259.15112762451173,239.9184440612793,233.64526201883953,False,False,True,True,True,False,dry_up,0,3,normal,False,False,,False,16.0,분산3일,0.04155331524295965,35.54146445548858,True,False,False,False,False,True,False,,Uptrend Under Pressure,264.99,-0.1102,0.35895612830350787,0.9085780336452783,-0.002434491952403861,-0.14048786680186265,0.42847927433052657,0.516896186440678,,False,,,0,1,0.279,0.882
FIVE,"Five Below, Inc.",Consumer Discretionary,XLY,12088215552.0,2026-10-01,221.1699981689453,0.007286928047344876,-0.005441166864371794,-0.09013494938731015,-0.09099878681863927,0.05351802199377986,False,-0.1312468257988324,0.02512943980520599,-0.04165576858098863,0.1287678149382021,0.8418468222491636,0.5949982712032552,0.7386410032938601,0.6592813830473487,0.5949982712032552,288637239.8680016,0.7484179851130045,235.25450134277344,227.9428342183431,219.38708356221517,False,False,True,False,True,False,weak_rally,0,3,normal,False,False,,False,18.0,분산3일,0.04257229681613678,39.66400178595127,True,False,False,False,False,True,False,,Uptrend Under Pressure,252.2,-0.123,0.3812613726226675,0.8792679914183797,0.37403018771947316,-0.10496238854776585,0.6655731632394926,0.5159427966101695,,False,,,0,1,0.279,0.882
MO,"Altria Group, Inc.",Consumer Staples,XLP,112440549376.0,2026-10-01,66.94999694824219,-0.005791497042731408,-0.028019750030986112,-0.022149662326073405,-0.023078045852126694,-0.08025089391047757,False,-0.06633342584610824,-0.10503487723681504,0.03434677547102982,-0.016464401140754537,0.9078919924217406,0.7642017946766376,0.8111249325584825,0.6306840077728657,0.7642017946766376,532859714.9634552,0.4859783096964641,68.51550674438477,68.30173333485921,68.42260265350342,False,False,False,True,False,False,dry_up,1,1,normal,False,False,,False,67.0,,0.019724150016777867,41.542863470229946,True,False,True,True,False,True,False,,Uptrend Under Pressure,72.63,-0.0782,0.7308684654632277,0.9096505422560582,-0.04015314421121807,-0.07484721431310182,0.46278956308048136,0.515042372881356,,False,,,0,1,0.279,0.882
TSCO,Tractor Supply Company,Consumer Discretionary,XLY,16303345664.0,2026-10-01,31.729999542236328,0.014061956338602632,0.009223886871902787,-0.0897877513859191,-0.09065191845143883,0.06193542432683952,False,-0.13091531579569327,0.03332002293540648,-0.04129007127063544,0.13778644835556153,0.8770026474046863,1.2236671840657258,0.9885828913754408,0.6311968060065838,1.2236671840657258,313045216.45716876,0.8987853188055506,32.89250011444092,32.838808631896974,32.76648869514465,False,False,True,False,True,False,accumulation,3,4,normal,False,False,,False,31.0,분산4일,0.03042411324259869,41.08678521904426,True,False,False,False,False,True,False,,Uptrend Under Pressure,34.48,-0.0798,0.3741688019142852,0.8792679914183797,-0.4578967080726327,-0.3211760672781856,0.034444002746557775,0.5147775423728814,,False,,,0,1,0.279,0.882
AFRM,"Affirm Holdings, Inc.",Financials,XLF,23359674368.0,2026-10-01,70.43000030517578,0.01733348100613674,-0.01592845318582392,-0.049399328028351785,-0.05030184037580676,-0.07013646786917016,False,-0.0923518266615192,-0.0951929991813697,0.02166724327968339,-0.004508751974849012,0.8975404512494628,0.977631340294864,0.8068050728995358,0.7550755161750154,0.977631340294864,290307944.46051216,0.9849840767979472,70.75099983215333,74.34674987792968,71.64179169336954,False,False,False,True,False,False,weak_rally,0,0,normal,False,False,,False,24.0,,0.04585100354756553,47.431234471436696,True,False,True,False,False,True,False,,Uptrend Under Pressure,77.49,-0.0911,0.3587697468806301,0.9161407579283121,-0.16994704851535236,0.3176073467362479,0.519139170973221,0.5139300847457627,,False,,,0,1,0.279,0.882
DEO,Diageo plc,Consumer Staples,XLP,47585038336.0,2026-10-01,84.41999816894531,-0.013785050539837584,-0.027755425674164114,-0.07373273278150116,-0.07461214268552963,-0.023083734390935473,False,-0.11558573657396731,-0.049408170346110336,-0.02021656672853922,0.044667418505354606,0.8693234233173968,1.1677236726190228,0.8240763549368928,0.7817858550992017,1.1677236726190228,83121674.47777557,0.34999936421550554,86.83699913024903,88.50133336385092,84.90705922444661,False,False,True,True,False,False,distribution,0,1,normal,False,False,,False,37.0,,0.01822521460851822,37.9444245892356,True,False,False,False,False,True,False,,Uptrend Under Pressure,97.11,-0.1307,0.521736663384668,0.9096505422560582,-0.15156287152023085,0.04576598432057444,0.45781233059882187,0.5134533898305085,,False,,,0,1,0.279,0.882
AZO,"AutoZone, Inc.",Consumer Discretionary,XLY,45769912320.0,2026-10-01,2819.030029296875,-0.003883361304346966,-0.014927918477548707,-0.03935566616199915,-0.04026771408955132,-0.07449394743782989,False,-0.0827619835071729,-0.09943306009720398,0.011829122526543667,-0.008387685019735192,0.8971602743923853,0.7293553267933032,1.00388224858835,0.7887655320096147,0.7293553267933032,1194306774.078418,0.7228238607989137,2883.0045166015625,2976.1175048828127,3132.876251220703,False,False,False,False,False,False,dry_up,5,4,normal,False,False,,False,63.0,분산4일,0.032645725118202434,41.11590161770185,True,False,True,False,False,True,False,,Uptrend Under Pressure,3159.28,-0.1077,0.3418106971786341,0.8792679914183797,-0.4004252176727119,-0.2574037789722763,0.068863611723465,0.5131885593220339,,False,,,0,1,0.279,0.882
PRU,"Prudential Financial, Inc.",Financials,XLF,39185100800.0,2026-10-01,113.12999725341797,-0.003962005374027688,-0.04732633891858551,-0.05599131583376982,-0.05688756966430586,-0.06036819191765319,False,-0.09864595822135414,-0.08568794369585431,0.014582440788511342,0.005948947334797117,0.9145371200364528,0.978799839484638,0.9183905253115013,0.7737016026528096,0.978799839484638,181852239.53531265,0.7413372049998062,118.09649887084962,118.90082359313965,110.11037457784018,False,False,True,True,False,False,dry_up,2,1,normal,False,False,,False,38.0,,0.020201161447235223,34.16461508321311,True,False,True,True,False,True,False,,Uptrend Under Pressure,119.9,-0.0564,0.3235850596499728,0.9161407579283121,0.031227986208321346,0.051684069885036044,0.6439205305193163,0.5128707627118645,,False,,,0,1,0.279,0.882
MKSI,MKS Inc.,Information Technology,XLK,17942994944.0,2026-10-01,271.239990234375,0.02215859665134645,0.051399250652600426,0.07900383867372729,0.07797941872950975,-0.23169456131455013,False,0.03024949600143656,-0.25239767377841926,0.0003245645493410443,-0.2833476927944073,0.7862503723148327,1.045622168205213,0.731030164682353,2.434076685468708,1.045622168205213,327909992.5030823,0.6663088067171994,256.5414985656738,288.7382512410482,306.74196701049806,True,False,False,True,False,False,accumulation,4,0,normal,False,False,,False,64.0,,0.041283002954998156,53.92758333893584,True,True,True,False,True,True,False,,Uptrend Under Pressure,410.67,-0.3395,0.4726203685381529,1.0,0.734159457352443,-0.10245192916770018,0.7197038415669834,0.5127118644067796,,False,,,0,1,0.279,0.882
BF-B,Brown Forman Inc,Consumer Staples,XLP,12022244352.0,2026-10-01,25.969999313354492,-0.008778681026235025,-0.0011538725632888047,-0.04342704509201456,-0.04433522760071751,-0.032218623053757334,False,-0.08664939886227929,-0.05829690608874083,0.011840067228982898,0.03489900651993816,0.8872278629928075,0.8147197475188895,0.7425273531860118,0.5374191351215789,0.8147197475188895,65502898.5149167,0.3170727925145067,26.292000007629394,26.867960929870605,26.63219582239787,False,False,False,False,False,False,dry_up,0,1,normal,False,False,,False,46.0,,0.02600527605024233,44.03511261593931,True,False,True,False,False,True,False,,Uptrend Under Pressure,28.66,-0.0937,0.5099448880332194,0.9096505422560582,-0.13378477906699782,-0.13948483063682626,0.29457464493513064,0.5123940677966101,,False,,,0,1,0.279,0.882
LIN,Linde plc,Materials,XLB,218804224000.0,2026-10-01,469.45001220703125,-0.01095540241508397,0.0027983028957212497,-0.033755321967491425,-0.03467268693292758,-0.09640214008577164,False,-0.07741468855137523,-0.12075090448853765,0.0492023459876767,-0.035012001625290945,0.9194111895595876,1.015534083668806,0.9727958670988247,0.757717815460368,1.015534083668806,975727035.8525054,0.7351350665981983,467.5320022583008,486.08379516601565,496.6474212646484,True,False,False,False,False,False,distribution,2,3,normal,False,False,,False,158.0,분산3일,0.015682100890888704,46.11381705395601,True,False,True,True,False,True,False,,Uptrend Under Pressure,476.31,-0.0144,0.49617635246183206,0.9085780336452783,-0.10210815144069563,-0.15167547356074818,0.32212876296483683,0.5123411016949153,,False,,,0,1,0.279,0.882
KEP,Korea Electric Power Corporatio,Utilities,XLU,14071853056.0,2026-10-01,10.970000267028809,0.0009124296393274722,0.011059896897702037,-0.054310352907169235,-0.055208202665250394,-0.09811734349519385,False,-0.09704094891012138,-0.12241988923634994,0.009527017135156246,0.06193773604453656,0.8768984865166005,0.7992176494925827,0.7402131607336391,0.888575684577946,0.7992176494925827,11079826.041172076,0.8205133221174538,11.434500074386596,11.682833385467529,12.659666689236959,False,False,False,False,False,False,weak_rally,0,0,normal,False,False,,False,,,0.023733555250447673,41.49809386987525,False,False,True,False,False,True,False,,Uptrend Under Pressure,,,0.35019130846193214,0.8486957529206396,-0.22506240370664,-0.31152791166840443,0.12844945972317587,0.5122351694915255,,False,,,0,1,0.279,0.882
CHKP,Check Point Software Technologi,Information Technology,XLK,13104616448.0,2026-10-01,130.72999572753906,0.018542964634562953,-0.040795346925587284,-0.023601491347483572,-0.024528496488630647,-0.002610371985317106,False,-0.06771965457299267,-0.029486492600074965,-0.09479894511311648,-0.06966482064395829,0.9261121587986331,0.6216569192610168,0.7221145874529604,0.8670825389259612,0.6216569192610168,158251389.00301743,0.6966284910933187,134.14200019836426,132.42350056966146,130.6748337427775,False,False,True,False,True,False,weak_rally,1,1,normal,False,False,,False,7.0,,0.038219444441063274,46.73423463312275,True,False,False,True,False,True,False,,Uptrend Under Pressure,137.13,-0.0467,0.350641556656549,1.0,-0.4363329801279068,-0.20851905223678036,0.08745076072422392,0.511917372881356,,False,,,0,1,0.279,0.882
VSAT,"ViaSat, Inc.",Information Technology,XLK,9695253504.0,2026-10-01,70.3499984741211,-0.0004262401316791342,-0.04571354708056652,0.006149890109218736,0.005194638628772674,-0.07687522494426513,False,-0.03931257699596624,-0.10175017060241665,-0.06721698790988906,-0.13893685171063364,0.8064885448445788,0.766640227525353,0.7553421074942243,1.4408879289792866,0.766640227525353,121936447.81625366,0.5618237271370085,73.07499885559082,74.47733306884766,71.68050006230672,False,False,False,True,False,False,dry_up,1,1,normal,False,False,,False,9.0,,0.05224388561996598,43.758706405002066,True,True,False,False,False,True,False,,Uptrend Under Pressure,76.38,-0.0789,0.44962388676138754,1.0,0.9619755335801639,0.257214287833214,0.9483909146760146,0.5118644067796612,,False,,,0,1,0.279,0.882
SSB,SouthState Bank Corporation,Financials,XLF,9654785024.0,2026-10-01,100.61000061035156,0.010546435089453077,-0.012659478863694895,-0.053438707839412736,-0.054337385148388484,-0.03333612551158205,False,-0.09620868876464117,-0.059384295810278376,0.017325880857156806,0.03488887732819346,0.9016041214456892,1.326569103101609,1.1298417901374296,0.5692161360779959,1.326569103101609,66494260.23870011,0.9314637746261952,103.7555004119873,104.90885785420735,100.44168707529704,False,False,True,True,False,False,accumulation,3,3,normal,False,False,,False,48.0,분산3일,0.018700211693028792,35.57225256977328,True,False,True,True,False,True,False,,Uptrend Under Pressure,105.36,-0.045,0.5344932800167161,0.9161407579283121,-0.06485724131554005,-0.03515828126654008,0.4708855841856095,0.5113877118644068,,False,,,0,1,0.279,0.882
SSNC,"SS&C Technologies Holdings, Inc",Information Technology,XLK,18084859904.0,2026-10-01,78.44000244140625,0.01777608345668691,-0.0007643001094744806,-0.049788012821448846,-0.05069015614662631,0.14630566082291518,False,-0.09272294889282084,0.11541678015249879,-0.11907598635395611,0.06923959564459525,0.9268581470766653,0.7199761080687048,0.756548790774818,0.5119756518909503,0.7199761080687048,126521264.16284637,0.3917539287605724,79.8939998626709,77.80939509073893,72.49054902394613,False,True,True,True,True,False,weak_rally,0,2,normal,False,False,,False,39.0,,0.019937906334581534,45.334221584145816,True,False,False,True,False,True,False,,Uptrend Under Pressure,79.55,-0.014,0.5152753907666584,1.0,-0.18803284851557234,0.046732863417520365,0.42411821040078057,0.511228813559322,,False,,,0,1,0.279,0.882
LMT,Lockheed Martin Corporation,Industrials,XLI,117530189824.0,2026-10-01,505.5,-0.007363770250368162,-0.03475274352263402,-0.049007597387275004,-0.04991048164877421,-0.03500286523355056,False,-0.09197779620762025,-0.06100612279549611,-0.028272986105671194,0.04591070097410577,0.8356224187945306,0.7389452309487345,0.946188803299284,0.6885362251104711,0.7389452309487345,635784313.0538452,0.2415553119118093,525.772509765625,548.066022237142,536.5502726236979,False,False,True,False,False,False,dry_up,0,4,normal,False,False,,False,40.0,분산4일,0.022165541832807865,31.13845581870325,True,False,False,False,False,True,False,,Uptrend Under Pressure,574.05,-0.1194,0.6780446189318013,0.9066175754014075,-0.02955099018250862,-0.2340019493773795,0.3323298760435112,0.5103283898305085,,False,,,0,1,0.279,0.882
CRM,"Salesforce, Inc.",Information Technology,XLK,188936110080.0,2026-10-01,236.69000244140625,0.03101448312075017,-0.006422629382321965,-0.07715554045216877,-0.07803170069913634,0.4195470285684293,False,-0.11885388609412972,0.38129526006541403,-0.1444479166277558,0.32411096158712405,0.8966698556295793,0.7657220660381571,0.8544754874641285,0.4971613583007635,0.7657220660381571,3031724191.5787597,0.6827663257664117,242.42088470458984,209.82681223551432,191.9289473215739,False,True,True,True,True,False,weak_rally,0,2,normal,False,False,,False,23.0,,0.03530636569239794,53.097564561900676,True,False,False,False,False,True,False,,Uptrend Under Pressure,255.55,-0.0738,0.6317913767969457,1.0,-0.04908896316643918,0.19505953374075058,0.6290665317480395,0.5102754237288136,,False,,,0,1,0.279,0.882
TRGP,"Targa Resources, Inc.",Energy,XLE,57962848256.0,2026-10-01,279.30999755859375,0.03329510592019114,-0.013561703763604771,-0.04821779563995665,-0.0491214297492627,-0.03727462143373117,False,-0.09122368132595682,-0.06321666320605102,-0.017625189360402804,-0.0740476164069147,0.924102556025124,1.1889647562968844,0.9998993012897845,0.907221274537261,1.1889647562968844,320753968.87919617,0.9911420490983565,285.12149810791016,280.703456624349,269.17186482747394,False,False,True,True,True,False,accumulation,2,2,normal,False,False,,False,29.0,,0.027557693109136822,46.24432999256399,True,False,False,True,False,True,False,,Uptrend Under Pressure,302.25,-0.0759,0.5175692697633353,0.9566614457922488,0.5655956155078949,0.04771450274887057,0.8462849192295182,0.5102224576271186,,False,,,0,1,0.279,0.882
H,Hyatt Hotels Corporation,Consumer Discretionary,XLY,14942176256.0,2026-10-01,160.94000244140625,0.015010121843203272,0.012010335639630387,-0.024724286301182508,-0.025650225446544717,-0.16133979084413386,False,-0.0687917165005788,-0.18393871537971085,0.027240087567866667,-0.10143667977037052,0.8425362349172287,1.0674874194677528,1.0007838146209291,1.5908008268635991,1.0674874194677528,131184093.31968078,0.9772736467936306,159.9845001220703,173.58416849772135,176.46546783447266,True,False,False,True,False,False,accumulation,6,1,normal,False,True,acc,False,79.0,,0.02876404541863324,45.36914951051713,True,False,True,False,True,True,False,,Uptrend Under Pressure,193.92,-0.1701,0.44391712581598375,0.8792679914183797,-0.00316177519977201,-0.02913612067540916,0.5356582703913845,0.5094809322033899,,False,,,0,1,0.279,0.882
MMM,3M Company,Industrials,XLI,84655833088.0,2026-10-01,163.02000427246094,-0.006883884654519279,-0.026862463498275924,-0.033955530237268494,-0.03487270512243146,-0.06428001965283281,False,-0.07760585049319635,-0.08949436151791501,-0.012892736774101077,0.014178700952562018,0.8909219876963346,1.0511986293660613,1.0716369882889545,0.7000618584103432,1.0511986293660613,507164323.5801506,0.2851251915231688,166.167000579834,171.03473154703775,161.34620895385743,False,False,True,True,False,False,distribution,2,3,normal,False,False,,False,51.0,분산3일,0.02215766952296382,38.98225570284836,True,False,False,False,False,True,False,,Uptrend Under Pressure,170.02,-0.0411,0.3231471437822318,0.9066175754014075,-0.03094515732397385,0.015163938564521917,0.5575376748220158,0.5090042372881356,,False,,,0,1,0.279,0.882
MRSH,Marsh,Financials,XLF,81474273280.0,2026-10-01,171.85000610351562,0.006560126539005617,0.011298849588004645,-0.08512558851210716,-0.08599418189425345,-0.04169089330487641,False,-0.12646381082521474,-0.06751393217989043,-0.016729899850275287,0.025944448462972725,0.8697302965158312,0.805888799104817,1.001843566939375,0.9960774313161248,0.805888799104817,486951996.8877487,0.8703711552861725,175.42449874877929,183.10384292602538,174.70965347290038,False,False,True,False,False,False,weak_rally,4,3,normal,False,False,,False,45.0,분산3일,0.01971819309052831,38.14389240049911,True,False,False,False,False,True,False,,Uptrend Under Pressure,197.59,-0.1303,0.451347930778131,0.9161407579283121,-0.17614683249726992,-0.053504159310913124,0.34389071591196557,0.5090042372881356,,False,,,0,1,0.279,0.882
MA,Mastercard Incorporated,Financials,XLF,483093151744.0,2026-10-01,550.0,-0.002665549859860561,-0.028405908359933618,-0.06484852874912073,-0.06573637342925753,0.00893110714773604,False,-0.10710296163038202,-0.018256015483225085,0.005063065756302443,0.08013923798506628,0.916880627864616,1.0489833353204325,1.1964360305397859,0.4791021379135525,1.0489833353204325,1549801525.5361938,0.35129116218411705,566.7390045166015,564.780995686849,532.5263565063476,False,False,True,True,True,False,distribution,2,5,normal,False,False,,False,44.0,분산5일,0.016694161551339286,36.61323977570475,True,False,True,True,False,True,False,,Uptrend Under Pressure,577.35,-0.0474,0.4416679256079572,0.9161407579283121,-0.10842014887970552,0.017469319226797397,0.4792671027429439,0.5085805084745763,,False,,,0,1,0.279,0.882
AZN,AstraZeneca PLC,Health Care,XLV,250421542912.0,2026-10-01,157.6999969482422,-0.023348016622034673,-0.041686927030422205,-0.024314841402248932,-0.025241169279796694,-0.09329252391159215,False,-0.0684007722002461,-0.11772508146501415,0.011440450719568673,-0.11212225963456934,0.9099826553444634,0.9292405428894804,0.8184886396354263,0.9448146906152167,0.9292405428894804,483985239.8407005,0.04227305344803954,163.27350006103515,164.5425003051758,175.53691698710125,False,False,False,False,False,False,dry_up,1,1,normal,False,False,,False,67.0,,0.020518150833775554,38.98426123861708,True,False,True,True,False,True,False,,Uptrend Under Pressure,188.41,-0.163,0.37712824850053583,0.9496588726121497,-0.07206506773547638,-0.30559265166561245,0.267455097394384,0.5066207627118644,,False,,,0,1,0.279,0.882
GKOS,Glaukos Corporation,Health Care,XLV,9684572160.0,2026-10-01,163.1699981689453,-0.006212340929984128,0.053525264881062684,-0.09112683518960829,-0.09198973091196294,0.041694961796623575,False,-0.13219389365093992,0.013624969237387097,-0.057819958249734404,0.02006191988192918,0.860828253979984,0.8597737999780334,1.0613280625928048,0.8641072035717707,0.8597737999780334,141784666.94447556,0.15548501815602694,166.020499420166,168.8556666056315,149.18208300272624,False,False,True,True,False,False,dry_up,4,4,normal,False,False,,False,17.0,분산4일,0.04077470200447232,46.12915271307841,True,False,False,False,False,True,False,,Uptrend Under Pressure,185.04,-0.1182,0.31566512472472985,0.9496588726121497,0.8792790182050347,0.3458519935669768,0.9513244913447292,0.5064618644067796,,False,,,0,1,0.279,0.882
FMS,Fresenius Medical Care AG,Health Care,XLV,11911068672.0,2026-10-01,22.260000228881836,-0.005361882769644222,-0.004026852396052272,-0.017218516389261862,-0.018151581607876777,-0.10605043681373072,False,-0.06162509170120467,-0.13013921376595183,0.018796830086765137,-0.12461522696753702,0.8661478431153102,0.7204532365190627,1.1098174402311278,0.9722211573112104,0.7204532365190627,16149519.064787675,0.35974660357197374,22.4789999961853,23.497500069936116,22.783614921569825,False,False,False,True,False,False,dry_up,4,3,normal,False,False,,False,,분산3일,0.018097478636183804,42.319740397247365,False,False,True,False,False,True,False,,Uptrend Under Pressure,,,0.33096674126347897,0.9496588726121497,-0.22073628612987406,-0.09190252732465742,0.27932131111994507,0.5064088983050847,,False,,,0,1,0.279,0.882
CSL,Carlisle Companies Incorporated,Industrials,XLI,12794702848.0,2026-10-01,325.2099914550781,0.009435943447994477,0.03527197784369274,-0.04889890205261127,-0.0498018895108413,-0.028368491191561707,False,-0.09187401222674718,-0.05455052165423491,-0.028161920872461388,0.05310135735513266,0.8368928863938557,0.7530459146543591,0.7687693738700427,0.6338835804012621,0.7530459146543591,179218935.51223296,0.9613464033705452,327.8085021972656,345.82613271077474,348.07504959106444,False,False,False,False,False,False,weak_rally,1,1,normal,False,False,,False,72.0,,0.031482933785954834,44.766053979613325,True,False,False,False,False,True,False,,Uptrend Under Pressure,359.69,-0.0959,0.43837471923577076,0.9066175754014075,-0.10557776262668328,-0.136613044742665,0.32824437136352136,0.5053495762711865,,False,,,0,1,0.279,0.882
GFL,GFL Environmental Inc. Subordin,Industrials,XLI,15096043520.0,2026-10-01,40.43000030517578,-0.03346883730804773,-0.03254368462687074,-0.05071612678265891,-0.051617388944657394,0.00906958532541613,False,-0.09360912640813346,-0.018121268802345658,-0.03001876679010762,0.09367856058431223,0.924536947825182,1.5119038666979758,1.0572270439267974,0.4971133504634502,1.5119038666979758,137400331.6231041,0.2880661214109669,42.25500011444092,41.194930966695146,39.18976074854533,False,False,True,False,True,False,distribution,1,6,interest,False,False,,False,10.0,분산6일,0.031534212702751745,42.23156584436505,True,False,False,True,False,True,False,,Uptrend Under Pressure,43.23,-0.0648,0.30659943386227334,0.9066175754014075,-0.23969305498271065,-0.18196709980700554,0.1828538903545228,0.5039194915254237,,False,,,0,1,0.279,0.882
SYF,Synchrony Financial,Financials,XLF,23091568640.0,2026-10-01,71.51000213623047,0.00760886157868379,-0.0005590623874384137,-0.08776626236747342,-0.08863234866033365,-0.03741047356221283,False,-0.1289851669233908,-0.06334885460046413,-0.019567989552670473,0.03052697078421196,0.8828395325460552,0.9843858787567614,0.9334723744723615,0.9361357231578806,0.9843858787567614,216079496.5220047,0.9723513321566946,74.59949989318848,76.00939865112305,74.77124112447103,False,False,False,True,False,False,weak_rally,1,2,normal,False,False,,False,28.0,,0.027984096133812784,37.83291363103806,True,False,False,False,False,True,False,,Uptrend Under Pressure,79.47,-0.1002,0.38355852125972795,0.9161407579283121,-0.04910602332622649,-0.02976372230528912,0.4966472118824763,0.5030720338983051,,False,,,0,1,0.279,0.882
ARMK,Aramark,Consumer Discretionary,XLY,14117121024.0,2026-10-01,54.59000015258789,0.019421119147422727,0.004970553374090025,-0.03755290941950429,-0.038466668907196855,-0.05740983920961351,False,-0.08104068358329919,-0.08280930812339438,0.013727933260792913,0.009916692420753881,0.8767189226504105,1.1981869059625494,0.8441187820703434,0.582053846872955,1.1981869059625494,129006707.52196522,0.8750009411256867,56.327499580383304,57.398556327819826,53.97492421468099,False,False,False,True,False,False,accumulation,1,2,normal,False,False,,False,36.0,,0.02346061272924533,39.73962562186051,True,False,True,False,False,True,False,,Uptrend Under Pressure,60.35,-0.0954,0.4341593053255541,0.8792679914183797,0.2924389770433211,0.16490676249893,0.839770879259875,0.502542372881356,,False,,,0,1,0.279,0.882
FTV,Fortive Corporation,Industrials,XLI,16709433344.0,2026-10-01,55.84000015258789,0.018792168463597214,0.007215034916797425,-0.012226481005288448,-0.013164285725679181,-0.09445325209426902,False,-0.05685861937365344,-0.1188545321310992,0.009310073749879022,-0.018524511892847095,0.8723354894227664,0.9947201296540336,0.8734697077811122,0.697622698304447,0.9947201296540336,120682204.14928932,0.9411759426030865,55.68099956512451,58.89439640045166,59.63343585332235,True,False,False,False,False,False,weak_rally,0,1,normal,False,False,,False,46.0,,0.018950822210817123,45.650979991743725,True,False,True,False,False,True,False,,Uptrend Under Pressure,64.01,-0.1277,0.447735711202573,0.9066175754014075,0.00881509427809668,-0.12739623936010003,0.44972263380434385,0.5018008474576272,,False,,,0,1,0.279,0.882
ATI,ATI Inc.,Industrials,XLI,25790670848.0,2026-10-01,191.13999938964844,0.00918693531803938,0.026475444380154922,-0.052308011919543373,-0.053207762725581476,-0.046327951947455315,False,-0.095129082872777,-0.07202603850305955,-0.031645360006076206,0.033636022680476385,0.8246613184757748,0.7946040068769014,0.8865183095545665,0.7688305755927636,0.7946040068769014,310427579.48507535,0.8248675412415261,192.41649856567383,200.3381655375163,186.66808268229167,False,False,False,True,False,False,weak_rally,2,0,normal,False,False,,False,39.0,,0.042263332158571476,46.68207241134625,True,False,False,False,False,True,False,,Uptrend Under Pressure,223.43,-0.1445,0.37011019029674713,0.9066175754014075,1.1427058731339854,0.13984558184257656,0.9231993784106104,0.5015360169491526,,False,,,0,1,0.279,0.882
CM,Canadian Imperial Bank of Comme,Financials,XLF,100036321280.0,2026-10-01,109.94999694824219,-0.002087523654896839,-0.0065733655648235745,-0.0429916340428137,-0.043900229936295165,-0.08257825001702901,False,-0.08623366168145152,-0.1072995193330375,0.02855397420993433,-0.01782864764776193,0.8945174628824406,0.45157839503277714,1.5402666194163592,0.7126809553746777,0.45157839503277714,176177879.54938585,0.9702760841535082,113.24919815063477,115.98290952046712,112.97324364980062,False,False,False,True,False,False,dry_up,2,3,normal,False,False,,False,77.0,분산3일,0.018392297032738463,38.51146950774683,True,False,True,False,False,True,False,,Uptrend Under Pressure,110.36,-0.0037,0.39245009613100174,0.9161407579283121,0.23876011788889384,0.008961378939806863,0.7364750099382025,0.501218220338983,,False,,,0,1,0.279,0.882
NVR,"NVR, Inc.",Consumer Discretionary,XLY,16400587776.0,2026-10-01,6126.3798828125,-0.0045512639407003785,-0.01749827959973327,-0.03170094695049097,-0.032620262365652186,-0.058384562648248206,False,-0.07545313962077649,-0.08375776621500042,0.019891698393746493,0.008872347261935865,0.9466897692254179,1.191313983553335,0.8224498921052121,0.5302850002974951,1.191313983553335,255493267.96201172,0.8385832356520505,6222.4000244140625,6315.513680013021,6326.415669759114,False,False,False,False,False,False,distribution,1,2,normal,False,False,,False,72.0,,0.0218165363665907,42.99545758193908,True,False,True,True,False,True,False,,Uptrend Under Pressure,6490.93,-0.0562,0.39610392039762776,0.8792679914183797,-0.3225431175142295,-0.1920648563144095,0.1315140399696433,0.4989406779661017,,False,,,0,1,0.279,0.882
MDLN,Medline Inc.,Health Care,XLV,46686531584.0,2026-10-01,34.939998626708984,0.006916364798062347,0.00807844144632286,-0.03746558233982189,-0.03837942473695255,-0.08291918853932612,False,-0.08095730234163401,-0.10763127076877399,-0.002192216769512756,-0.10196434893760031,0.8311131747336381,1.3404790377627647,1.156679026558161,0.9850074112346836,1.3404790377627647,295424966.38458574,0.6984780543099568,33.90149974822998,36.089083417256674,38.03137489954631,True,False,False,False,False,False,accumulation,4,4,normal,False,False,,False,,분산4일,0.03527310312190201,53.217088383220535,True,False,False,False,False,True,False,,Uptrend Under Pressure,,,0.41566488968367526,0.9496588726121497,,-0.31540840927211666,,0.49862288135593225,,False,,,0,1,0.279,0.882
OHI,"Omega Healthcare Investors, Inc",Real Estate,XLRE,14605955072.0,2026-10-01,45.22999954223633,-0.023321135802806814,-0.023742763767409025,-0.037454821735769195,-0.03836867434915403,-0.1159907608767905,False,-0.0809470279510297,-0.13981168127529886,0.026075580108229524,-0.006082270156633984,0.8864219565920793,0.833764099912121,0.7720834099459122,0.8015925751484371,0.833764099912121,97118895.37514439,0.07692138400536994,46.6915002822876,47.56238295237223,46.7381999651591,False,False,False,True,False,False,dry_up,0,2,normal,False,False,,False,12.0,,0.016629295822251613,34.76325755142361,True,False,True,False,False,True,False,,Uptrend Under Pressure,47.13,-0.0403,0.41208602537344535,0.8915978830104153,0.019476523092187836,-0.068850627404488,0.5247958151132955,0.49814618644067804,,False,,,0,1,0.279,0.882
HII,"Huntington Ingalls Industries, ",Industrials,XLI,10523787264.0,2026-10-01,274.3299865722656,0.02718380592708547,0.031315738993479725,-0.04984072661262384,-0.05074281989065865,-0.030004987873344047,False,-0.09277328083311975,-0.05614292054216641,-0.0291242801560887,0.05132764287462366,0.8331349181156075,1.6033803046306379,1.199579100628022,0.6264845087713631,1.6033803046306379,137702537.3871994,0.8279431653646041,274.95300140380857,290.91239776611326,305.5625333150228,False,False,False,False,False,False,accumulation,3,4,interest,True,False,surge,False,43.0,분산4일,0.025602634831162922,45.91664949137205,True,False,False,False,False,True,False,,Uptrend Under Pressure,324.93,-0.1557,0.6461166105568821,0.9066175754014075,-0.10445506561621609,-0.3564136789510989,0.22104911278956307,0.49809322033898307,,False,,,0,1,0.279,0.882
CSCO,"Cisco Systems, Inc.",Information Technology,XLK,424340619264.0,2026-10-01,108.76000213623047,0.010498977159238088,0.016733672011783662,-0.00639500232136847,-0.007338343521662294,-0.05412932617814259,False,-0.05129063364485709,-0.07961719330806272,-0.07884712638406721,-0.11772015844070594,0.8779464364512624,0.6928357576326195,0.8862394554384023,1.0191694420149555,0.6928357576326195,1974170060.4671547,0.8558151913557247,108.58349952697753,112.49666633605958,110.10776704152426,True,False,False,True,False,False,weak_rally,3,4,normal,False,False,,False,35.0,분산4일,0.02383359490355012,48.230563633197995,True,False,False,False,False,True,False,,Uptrend Under Pressure,123.88,-0.1221,0.39150483200764324,1.0,0.4199118732354896,0.21922044112531291,0.8870243214918145,0.49777542372881356,,False,,,0,1,0.279,0.882
DOV,Dover Corporation,Industrials,XLI,25191936000.0,2026-10-01,188.05999755859375,0.005399596313058863,0.0009047749720449971,-0.004446778004402296,-0.005391968873598718,-0.1422679918927634,False,-0.04943043903876643,-0.165380833913103,0.01725939862909609,-0.07034844609721258,0.8930907729122489,0.8847699225497182,1.0222806349276443,0.9412723186328402,0.8847699225497182,264250278.31459045,0.7231645236791855,189.36949996948243,200.05949834187825,208.76053098042806,False,False,False,False,False,False,weak_rally,1,3,normal,False,False,,False,72.0,분산3일,0.021740778390433146,41.56147842588041,True,False,True,False,False,True,False,,Uptrend Under Pressure,222.98,-0.1566,0.5380334305293851,0.9066175754014075,-0.0024809891353614333,-0.20993879419580785,0.37253893968414586,0.4967161016949152,,False,,,0,1,0.279,0.882
ADP,"Automatic Data Processing, Inc.",Industrials,XLI,102256672768.0,2026-10-01,263.9599914550781,0.022862876665511678,0.003230611344453127,-0.05516685630092599,-0.05606389288381042,0.0663066072386782,False,-0.09785875155188595,0.03757341793781843,-0.03456653614405292,0.15571482116394497,0.924061784306622,0.666560434071739,0.8008607957359913,0.3518404567465849,0.666560434071739,612533473.6401199,0.456522460244273,268.33654632568357,266.01151809692385,240.5570841471354,False,False,True,True,True,False,weak_rally,0,4,normal,False,False,,False,37.0,분산4일,0.021304638564008275,44.82134790475319,True,False,False,True,False,True,False,,Uptrend Under Pressure,271.94,-0.0293,0.3802995163208788,0.9066175754014075,-0.1434303688073354,0.2175113742719108,0.5328692493946731,0.4956038135593221,,False,,,0,1,0.279,0.882
HMY,Harmony Gold Mining Company Lim,Materials,XLB,11094709248.0,2026-10-01,17.520000457763672,-0.011286617570018365,-0.055525542946603945,-0.09922880357173325,-0.10008400718243782,0.07665788158351194,False,-0.1399297779389549,0.04764576207323956,-0.021892410921132366,0.14980566043200705,0.7442650712136214,0.7726002121685327,0.8206692734574847,0.5009698992207113,0.7726002121685327,76053044.40380439,0.4117683357829663,19.360499763488768,18.479499928156535,17.494146823883057,False,False,True,True,True,False,dry_up,1,2,normal,False,False,,False,28.0,,0.04325669537052097,39.093443452563186,True,False,False,False,False,True,False,,Uptrend Under Pressure,23.54,-0.2557,0.36526324882800704,0.9085780336452783,-0.06339405042965662,0.04055941662115781,0.5448384590365365,0.4945444915254237,,False,,,0,1,0.279,0.882
HEI-A,Heico Corporation,Industrials,XLI,31910809600.0,2026-10-01,230.82000732421875,0.010905292660604804,0.006014665568899291,-0.03756825433868327,-0.03848199925771456,-0.07778328367070964,False,-0.0810553351486446,-0.1026337603598928,-0.01658422956988681,-0.00045679155363509416,0.8393760337512285,0.9867536799831588,0.8430683529545124,0.7850912375790424,0.9867536799831588,79049067.97395325,0.5854362209570703,229.9474983215332,248.17499898274738,240.23827946980794,True,False,False,True,False,False,weak_rally,1,1,normal,False,False,,False,68.0,,0.02428300012635857,42.69564785621584,True,False,False,False,False,True,False,,Uptrend Under Pressure,257.34,-0.1031,0.36263991378186694,0.9066175754014075,-0.1731473592212298,-0.021920600644466992,0.3748391818148965,0.4942266949152543,,False,,,0,1,0.279,0.882
COP,ConocoPhillips,Energy,XLE,150347382784.0,2026-10-01,127.05999755859375,0.015261654090510612,-0.017627948382962333,-0.07390670273464861,-0.07478594746939482,0.050775980589137015,False,-0.11575184576665543,0.02246128671206371,-0.044139800714850685,0.010639737468912447,0.8997308912355859,0.8712159875896323,0.9108923979343002,0.6125175871840298,0.8712159875896323,902118102.6472839,0.9099680349726347,131.6304988861084,125.08794428507487,120.22311445871989,False,True,True,False,True,False,weak_rally,0,3,normal,False,False,,False,134.0,분산3일,0.02827684826036214,45.47065179445627,True,False,False,False,False,True,False,,Uptrend Under Pressure,125.15,0.0153,0.334034551100709,0.9566614457922488,0.2881283177254401,-0.07699532865307468,0.6704790213581006,0.4934851694915255,,False,,,0,1,0.279,0.882
FLEX,Flex Ltd.,Information Technology,XLK,40630632448.0,2026-10-01,112.77999877929688,0.02536595117478746,0.0033807584364708987,0.0644643891249117,0.06345377311869882,-0.13339243353026753,False,0.016367005473675755,-0.1567444404370001,-0.013154691054219403,-0.19165441153850404,0.8675384521484375,0.6314539921996406,0.7782413463406824,1.0141734596638605,0.6314539921996406,367759320.58231354,0.8708480020720399,111.25050010681153,116.61866696675618,122.60666700998942,True,False,False,True,False,False,weak_rally,0,2,normal,False,False,,False,86.0,,0.04581612565606937,50.0953727576634,True,True,False,False,False,True,False,,Uptrend Under Pressure,150.78,-0.252,0.4348261483988414,1.0,0.5987868495133144,0.34347493213486335,0.9285127028296773,0.4934322033898305,,False,,,0,1,0.279,0.882
VST,Vistra Corp.,Utilities,XLU,46435131392.0,2026-10-01,139.75,0.010119218176520173,0.013121629161653825,-0.024265580189599345,-0.025191954836367825,-0.1807493533656389,False,-0.06835373683513835,-0.20282525888361713,0.04159991745220348,-0.03535879012074106,0.8283754060856178,0.9912844375831635,1.1286094930332018,0.9951977355236602,0.9912844375831635,681867867.5578521,0.5842456903028057,142.42731018066405,146.1826182047526,150.52051340738933,False,False,False,False,False,False,weak_rally,3,4,normal,False,False,,False,17.0,분산4일,0.031635127591713025,46.48037367921467,True,False,True,False,False,True,False,,Uptrend Under Pressure,151.47,-0.0774,0.47731301701599627,0.8486957529206396,-0.3861876763589772,-0.22947986570054113,0.08582902677893824,0.4927966101694915,,False,,,0,1,0.279,0.882
AIZ,"Assurant, Inc.",Financials,XLF,12996812800.0,2026-10-01,266.239990234375,0.01039844491223918,0.016726514656036917,-0.06276627813612767,-0.06365609973143427,-0.0458729702052435,False,-0.10511479665107881,-0.07158331690857522,0.007300984691475998,0.021467209804797438,0.8855745724746008,0.9667370642155645,0.8392865663667537,0.630685795976718,0.9667370642155645,109900024.48449096,0.7765843680973573,275.8259963989258,279.206760152181,263.56752751668296,False,False,False,True,False,False,weak_rally,0,5,normal,False,False,,False,40.0,분산5일,0.021796936334246092,37.18269923546207,True,False,True,False,False,True,False,,Uptrend Under Pressure,300.64,-0.1144,0.4739426940512001,0.9161407579283121,0.1406519277514744,0.12080581373949162,0.7471179212894365,0.4915783898305085,,False,,,0,1,0.279,0.882
DRS,"Leonardo DRS, Inc.",Industrials,XLI,9776236544.0,2026-10-01,36.7599983215332,0.0035489284637537644,-0.02208038913768251,-0.007023288304037312,-0.007966033001642114,-0.21706002137678437,False,-0.05189053078496819,-0.2381574828988965,0.0146267123396433,-0.15141167537181643,0.7484939690019025,0.6028077446398468,0.7714559558604605,1.8262770113160751,0.6028077446398468,34846930.45613651,0.3728768628972295,36.859000015258786,41.35243612925212,42.704879728953046,False,False,False,False,False,False,weak_rally,3,0,normal,False,False,,False,143.0,,0.025959896666351442,38.40667888231286,False,False,True,False,True,True,False,,Uptrend Under Pressure,47.13,-0.22,0.519851882966136,0.9066175754014075,-0.273541685451686,-0.2918256016943971,0.10857937913338875,0.49030720338983047,,False,,,0,1,0.279,0.882
WIT,Wipro Limited,Information Technology,XLK,16324011008.0,2026-10-01,1.7599999904632568,0.06666667629974077,0.07317073525310214,-0.02222220161814692,-0.023150516274475397,-0.04030574296453138,False,-0.06640268748023836,-0.06616610673903434,-0.0935202310358969,-0.10482593394994455,0.8585366006836449,3.368542100245682,1.277264705214962,0.9995793308813079,3.368542100245682,16397358.757270873,0.18181798477805944,1.695499986410141,1.8285228232542674,1.9506572286287944,True,False,False,False,False,False,accumulation,1,2,attention,True,False,surge,False,,,0.03327923276436378,53.29838692763547,False,False,False,False,False,True,False,,Uptrend Under Pressure,,,0.2622244324679316,1.0,-0.3896502909737627,-0.2474648840749275,0.0762910628455784,0.49025423728813555,,False,,,0,1,0.279,0.882
WMG,Warner Music Group Corp.,Communication Services,XLC,14443061248.0,2026-10-01,27.049999237060547,-0.02028255562881298,-0.008794491404001459,-0.04585541893886158,-0.04676129591860212,-0.02874804729140379,False,-0.08896804764011179,-0.05491985006047273,-0.027537106023985514,-0.014683594155774915,0.9153976289493575,1.3670662008556347,1.096051985080022,0.664808966591062,1.3670662008556347,60583325.65971947,0.008848078724607347,27.967250061035156,27.40434064865112,28.515750726064045,False,False,True,True,False,False,distribution,2,4,normal,False,False,,False,9.0,분산4일,0.03194877547408469,43.612892904786925,True,False,False,True,False,True,False,,Uptrend Under Pressure,28.02,-0.0346,0.45529486282117065,0.9239023508895683,-0.26923434273246316,-0.056401781967043374,0.2899597051064291,0.4895127118644068,,False,,,0,1,0.279,0.882
WPM,Wheaton Precious Metals Corp,Materials,XLB,60730269696.0,2026-10-01,133.4199981689453,-0.0022435166693025588,-0.07269951597782232,-0.11589692577520938,-0.1167363044590638,0.17074046233213225,False,-0.15584475792691221,0.1391931502382142,-0.0399915873685579,0.2502801804659034,0.814927908466652,0.9784205314806451,1.2485800146881139,0.4713673397914914,0.9784205314806451,281092980.859362,0.6656040586443001,147.50399856567384,134.00226707458495,130.69802939097087,False,False,True,True,True,False,dry_up,1,6,normal,False,False,,False,30.0,분산6일,0.04097693338788728,38.11706521526507,True,False,False,False,False,True,False,,Uptrend Under Pressure,147.23,-0.0938,0.4124463769917528,0.9085780336452783,0.1288868640095311,-0.0885119638421652,0.5733240576777131,0.48951271186440676,,False,,,0,1,0.279,0.882
RGLD,"Royal Gold, Inc.",Materials,XLB,19995774976.0,2026-10-01,232.3300018310547,-0.015550839698920793,-0.07984475909346511,-0.10082050684832489,-0.10167419927572918,0.12652789808356535,False,-0.14144956076058768,0.09617195812352208,-0.023620771086920622,0.2030638292880822,0.8638087790460783,0.812398282292564,0.8964658590065121,0.4201426859461183,0.812398282292564,165403242.2658905,0.035844371766404516,250.84899978637696,231.80899963378906,228.63327344258627,False,True,True,False,True,False,dry_up,1,3,normal,False,False,,False,175.0,분산3일,0.031071888945297284,36.803867186143904,True,False,False,False,False,True,False,,Uptrend Under Pressure,278.37,-0.1654,0.415125126666065,0.9085780336452783,0.10818101113644851,-0.1719021652050684,0.4787512196884825,0.48898305084745763,,False,,,0,1,0.279,0.882
ORCL,Oracle Corporation,Information Technology,XLK,416225099776.0,2026-10-01,138.07000732421875,0.005608188312790308,-0.01053451363509661,-0.052692917158018826,-0.05359230253013647,0.07071715976127346,False,-0.09549659632707108,0.04186512167931,-0.12176906960480771,-0.0012670947371915542,0.8495570003354642,0.6452995345101372,0.8459160012157148,0.6234479115049407,0.6452995345101372,5229583227.962793,0.5580455090713589,146.57050018310548,140.97600008646648,161.38062140146891,False,False,False,False,False,False,weak_rally,1,3,normal,False,False,,False,17.0,분산3일,0.04717069931221227,43.56749837306149,True,False,False,False,False,True,False,,Uptrend Under Pressure,162.52,-0.1504,0.382942355939985,1.0,-0.5592145459933249,-0.1593346499919709,0.10852336381048752,0.4888241525423729,,False,,,0,1,0.279,0.882
CBRE,CBRE Group Inc,Real Estate,XLRE,37201739776.0,2026-10-01,130.52999877929688,0.016034852798473942,-0.04394638580272092,-0.0811628817221487,-0.08203523734843465,-0.0708225079224637,False,-0.12268015730441328,-0.09586055288319018,-0.020517321730211036,0.044701732374699876,0.8417488399699764,0.9291820105090467,1.1281581392568816,0.9702093515489706,0.9291820105090467,282012843.7065643,0.8402525863227194,138.36800079345704,143.2930010477702,140.59916706085204,False,False,False,False,False,False,weak_rally,4,4,normal,False,False,,False,44.0,분산4일,0.029519739333234447,35.57271383151242,True,False,False,False,False,True,False,,Uptrend Under Pressure,149.46,-0.1267,0.3445605419258735,0.8915978830104153,-0.20479267864228023,-0.07846673030002438,0.3011961981858263,0.48871822033898304,,False,,,0,1,0.279,0.882
ROKU,"Roku, Inc.",Communication Services,XLC,22601240576.0,2026-10-01,151.25999450683594,-0.00669821565955786,-0.01350034109110343,-0.04083704861148407,-0.04174769009572998,0.031666326069869966,False,-0.08417643030269406,0.0038665697511390817,-0.02242238962935117,0.04660562441995486,0.9467951909597976,0.8979425119325326,0.7586651856164771,0.35241612453590454,0.8979425119325326,325343679.21899796,0.4734489673285576,154.22649765014648,151.2710823059082,138.7686658859253,False,False,True,True,True,False,dry_up,0,1,normal,False,False,,False,38.0,,0.011732869583262629,40.03241647907542,True,False,False,True,False,True,False,,Uptrend Under Pressure,153.11,-0.0121,0.43823266269919237,0.9239023508895683,0.34718943688635706,0.4060518908421673,0.8894609880380182,0.4885063559322034,,False,,,0,1,0.279,0.882
SYY,Sysco Corporation,Consumer Staples,XLP,37387145216.0,2026-10-01,77.7699966430664,-0.0024371785997633344,-0.00537160487563082,-0.04880143577437557,-0.049704515768327684,-0.0758185717106068,False,-0.09178094992202646,-0.10072199043380548,0.006155164889382281,-0.011724688277404804,0.9115095747918079,0.9519286771720677,0.9227809928642703,0.7269094359225623,0.9519286771720677,387033774.3874134,0.42238135896659046,79.58749961853027,81.92416661580404,79.07060152689616,False,False,False,True,False,False,dry_up,2,3,normal,False,False,,False,67.0,분산3일,0.020210692888610483,37.63386572390129,True,False,True,True,False,True,False,,Uptrend Under Pressure,82.27,-0.0548,0.29272996239713284,0.9096505422560582,-0.11056443270575522,-0.010026542248769976,0.4487504969101225,0.48787076271186447,,False,,,0,1,0.279,0.882
RPM,RPM International Inc.,Materials,XLB,12594534400.0,2026-10-01,99.22000122070312,0.005574167041293432,0.005166671471590556,-0.03884531634049526,-0.0397578488006477,-0.09870333707598,False,-0.08227469363150819,-0.12299009236402292,0.04367534629636238,-0.03746954117464085,0.8454328621735844,1.034591181785024,0.8243484020810887,0.6793529820732384,1.034591181785024,95832009.22888947,0.9432393946418518,100.32499923706055,105.73486442565918,104.99608815511068,False,False,False,False,False,False,accumulation,1,0,normal,False,False,,False,87.0,,0.02361634482692257,41.081954824604125,True,False,True,False,False,True,False,,Uptrend Under Pressure,106.35,-0.067,0.43736900095688475,0.9085780336452783,-0.23545058895592585,-0.12258424033000237,0.23753930107332588,0.48718220338983054,,False,,,0,1,0.279,0.882
NWG,NatWest Group plc,Financials,XLF,71981522944.0,2026-10-01,17.399999618530273,-0.04132231491808336,-0.04079381455439535,-0.06401293836955446,-0.06490157636980698,-0.05587642806838777,False,-0.10630512705690176,-0.08131721698553163,0.005961124578238719,0.010757729963246643,0.9109947262310661,1.9104056623042467,1.2121560829907483,0.6765568837762589,1.9104056623042467,61670527.48872566,0.6810353615905974,18.498000049591063,18.338286368052163,17.163807225227355,False,False,True,True,True,False,distribution,2,5,interest,False,False,,False,42.0,분산5일,0.026949928511224942,36.16403226346675,True,False,True,True,False,True,False,,Uptrend Under Pressure,19.1,-0.0888,0.29490972521712805,0.9161407579283121,0.1916454337133997,0.028453603387569526,0.7286852661631311,0.48691737288135595,,False,,,0,1,0.279,0.882
DD,"DuPont de Nemours, Inc.",Industrials,XLI,17537671168.0,2026-10-01,129.1999969482422,-0.005312206056267366,-0.007832930908456825,-0.02805985054581772,-0.028982622864135443,-0.09311285837256211,False,-0.07197656465287061,-0.11755025727640689,-0.006868512810048966,-0.01707172816267466,0.8805619247450222,0.793537890351676,0.7523134148257695,0.732134072669516,0.793537890351676,148598569.59205857,0.6832580747614511,129.41149978637696,135.22814763387044,138.21641438802084,False,False,False,False,False,False,dry_up,1,0,normal,False,False,,False,96.0,,0.0190291900607917,42.561756367498866,True,False,False,False,False,True,False,,Uptrend Under Pressure,150.54,-0.1417,0.41781614561122193,0.9066175754014075,0.1924143340518467,-0.17556141575838313,0.5327147555202197,0.48453389830508475,,False,,,0,1,0.279,0.882
RACE,Ferrari N.V.,Consumer Discretionary,XLY,68934770688.0,2026-10-01,387.29998779296875,-0.01412757598146619,-0.05954062234753399,-0.06274961281603841,-0.0636394502336115,0.017077905715789266,False,-0.10509888434659276,-0.010328744304257453,-0.012811293995583006,0.08972488489951291,0.8872038764188412,1.5293418066917792,1.4381628685642855,0.4045314398121516,1.5293418066917792,165736681.18816528,0.3504754929315476,407.67249908447263,401.72216746012367,376.2532211303711,False,False,True,True,True,False,distribution,0,7,interest,False,False,,False,35.0,분산7일,0.023170469951806966,36.0497429920499,True,False,False,False,False,True,False,,Uptrend Under Pressure,407.21,-0.0489,0.4062666430212631,0.8792679914183797,-0.25829745360165257,0.039612185774544395,0.3832288316287811,0.48395127118644077,,False,,,0,1,0.279,0.882
EOG,"EOG Resources, Inc.",Energy,XLE,73374908416.0,2026-10-01,141.30999755859375,0.025769477303381194,-0.010849804319862932,-0.051356127889871206,-0.05225678242669274,-0.04235508091575102,False,-0.09422020932972552,-0.0681602222852774,-0.020864395279163284,-0.0789340187723847,0.9191491642354404,0.9509056936814406,0.8753562696824583,0.8382516368489095,0.9509056936814406,476767731.85765684,0.8183791701858109,144.02800064086915,143.41350835164388,138.88565196990967,False,False,True,True,True,False,weak_rally,0,2,normal,False,False,,False,143.0,,0.027121230407857657,46.33778425957794,True,False,False,True,False,True,False,,Uptrend Under Pressure,129.69,0.0896,0.39872075991247957,0.9566614457922488,0.18747336654255964,-0.07980012062107389,0.6238001879223736,0.48305084745762716,,False,,,0,1,0.279,0.882
PNW,Pinnacle West Capital Corporati,Utilities,XLU,11276190720.0,2026-10-01,94.62999725341797,0.01708938437494445,0.03897667271623706,-0.028239885783150176,-0.029162487173727603,-0.12336109812734897,False,-0.0721484650723837,-0.14698341402130533,0.03735733228340643,0.03221402925187622,0.9003435844907676,1.6842408756531568,1.4188706681681524,0.5892268972295269,1.6842408756531568,112723011.38933182,0.9722677884675222,94.61249961853028,99.4022652943929,100.45443096160889,True,False,False,False,False,False,accumulation,3,5,interest,True,False,surge,False,67.0,분산5일,0.018368532925818006,47.001423090689045,True,False,True,True,False,True,False,,Uptrend Under Pressure,107.11,-0.1165,0.2819296147693226,0.8486957529206396,-0.018717381826362955,-0.15988130793634558,0.39595424812981095,0.48283898305084744,,False,,,0,1,0.279,0.882
PPL,PPL Corporation,Utilities,XLU,24751198208.0,2026-10-01,32.7599983215332,-0.003952601718689941,0.024710635756839405,-0.04364557910430611,-0.04455355413404305,-0.1070479762857619,False,-0.08685805850551043,-0.1311098730796022,0.020911700597349814,0.05142220400867892,0.9092341959858263,1.374089427292812,1.2885808082225048,0.6444610369838105,1.374089427292812,240527740.50262412,0.7943913238785857,33.343819522857665,34.52108888626098,35.32820941607157,False,False,False,False,False,False,distribution,4,2,normal,False,False,,False,65.0,,0.015709485403600464,40.36181383251644,True,False,True,True,False,True,False,,Uptrend Under Pressure,36.05,-0.0913,0.3504231223975784,0.8486957529206396,-0.17626927394380532,-0.2230752064489736,0.1907086841819956,0.4820974576271187,,False,,,0,1,0.279,0.882
CAH,"Cardinal Health, Inc.",Health Care,XLV,51521953792.0,2026-10-01,230.08999633789062,0.03411234309164324,0.03355494288269534,-0.06273171538831657,-0.06362156979793476,0.018132948488207568,False,-0.10508179560674835,-0.009302131200655483,-0.02838426117371151,-0.003010777417300825,0.9255057953139726,0.9199040148339539,0.979046546062045,0.5554201010480605,0.9199040148339539,426152698.2230896,0.31467509431133983,230.3679992675781,232.00149993896486,220.60514920552572,False,False,False,True,False,False,weak_rally,2,4,normal,False,False,,False,70.0,분산4일,0.02356220705702355,51.380200174578604,True,False,False,True,False,True,False,,Uptrend Under Pressure,228.41,0.0073,0.354117727820588,0.9496588726121497,0.33633851548995897,-0.029368560923080156,0.7299067615915579,0.4807203389830509,,False,,,0,1,0.279,0.882
NXPI,NXP Semiconductors N.V.,Information Technology,XLK,59896557568.0,2026-10-01,239.19000244140625,0.006988606368207861,0.03923357071436939,0.05149379939162424,0.05049549782798768,-0.15900328558198762,False,0.0039824864788351455,-0.18166517066525711,-0.025179485648877287,-0.21554344744559029,0.8664803132153046,0.6581916417288043,0.7855842946392401,1.3589610278146396,0.6581916417288043,820829497.7080536,0.5705524790620462,230.18275604248046,239.90015513102213,261.2435983022054,True,False,False,True,False,False,weak_rally,3,1,normal,False,False,,False,6.0,,0.031053319160723306,56.50656929672308,True,True,False,False,True,True,False,,Uptrend Under Pressure,235.44,0.0159,0.3758847695822329,1.0,-0.14188145050418843,-0.021108789674560202,0.40766145061616854,0.4807203389830509,,False,,,0,1,0.279,0.882
INFY,Infosys Limited,Information Technology,XLK,43581698048.0,2026-10-01,11.350000381469727,0.05483272676930073,0.08095241728283109,-0.05179614634319285,-0.052696383120908075,0.013374132049206677,False,-0.09464034573102231,-0.013932714378545707,-0.1209376899167206,-0.05475495391767504,0.9007936537971601,2.2313080232175975,1.2053351211264889,0.8442422466267727,2.2313080232175975,189878654.54175568,0.0707964452396425,11.019500064849854,11.56349999109904,11.819383454322814,True,False,False,False,False,False,accumulation,2,4,attention,True,False,surge,False,46.0,분산4일,0.02891755892128623,53.9188855635575,True,False,False,True,False,True,False,,Uptrend Under Pressure,12.35,-0.081,0.34461900454410227,1.0,-0.3366483666004907,-0.20919149210471233,0.1100547504607712,0.4802436440677966,,False,,,0,1,0.279,0.882
TM,Toyota Motor Corporation,Consumer Discretionary,XLY,216823988224.0,2026-10-01,183.33999633789062,0.0013107057693888535,-0.018101996897575745,-0.07544128332646827,-0.07631907111091651,-0.00568587646382146,False,-0.11721708696842825,-0.0324791231173972,-0.02617919862336382,0.06533515056731742,0.9172962466447001,1.235421850730141,0.8965100754816957,0.5605755978921767,1.235421850730141,59049755.92100525,0.42729376745202186,191.70950012207032,188.4033332824707,187.228666305542,False,False,True,False,True,False,accumulation,1,1,normal,False,False,,False,21.0,,0.016551984190725236,37.55906953074172,True,False,False,True,False,True,False,,Uptrend Under Pressure,198.05,-0.0743,0.3510718466073375,0.8792679914183797,-0.10109125405893371,-0.1896139403724305,0.2918443496801706,0.47992584745762706,,False,,,0,1,0.279,0.882
SCI,Service Corporation Internation,Consumer Discretionary,XLY,10378604544.0,2026-10-01,76.5,0.004596171596952026,-0.01607717041800638,-0.05240667909584529,-0.05330633622601333,-0.03055520394490363,False,-0.09522329181348088,-0.0566783102378664,-0.0019172709093885354,0.03868947782725529,0.8915226638359415,1.050292074242147,1.070885551986493,0.4877016011536076,1.050292074242147,78513028.08699647,0.14388275975629836,79.0360149383545,80.9885710398356,78.98451557159424,False,False,True,False,False,False,accumulation,3,4,normal,False,False,,False,14.0,분산4일,0.020289355207008957,34.32304159243159,True,False,False,False,False,True,False,,Uptrend Under Pressure,81.85,-0.0653,0.3906777464600879,0.8792679914183797,-0.13993132540893594,-0.15290861910105724,0.28034313902641755,0.4792902542372882,,False,,,0,1,0.279,0.882
NTRS,Northern Trust Corporation,Financials,XLF,30985369600.0,2026-10-01,169.1999969482422,-0.0009447547327157135,-0.030372510325259672,-0.07599700984333513,-0.07687427001397229,-0.07143834405280791,False,-0.11774770321222261,-0.09645979440932684,-0.006918871856530728,-0.005902511706294855,0.8878574168065868,1.0133930725688407,1.0046349574937987,0.9017040024545496,1.0133930725688407,182790231.92980194,0.7696138081827699,178.68450088500975,182.3151715596517,174.51075019836426,False,False,False,True,False,False,distribution,1,3,normal,False,False,,False,113.0,분산3일,0.025113945885432802,30.80045461327464,True,False,False,False,False,True,False,,Uptrend Under Pressure,170.14,-0.0055,0.29729870268763464,0.9161407579283121,0.19641218175218222,0.11346496327177036,0.7810361027790829,0.4780190677966102,,False,,,0,1,0.279,0.882
NMR,Nomura Holdings Inc,Financials,XLF,28582946816.0,2026-10-01,9.739999771118164,-0.004089975761264686,-0.003070694497426363,-0.04975611989091078,-0.05065829349564133,-0.03207527361837259,False,-0.092692497031173,-0.05815741941331187,0.02128377778318935,0.036238717365332684,0.8968692522130558,1.013297201078654,0.8002231698083131,0.39279172602638346,1.013297201078654,7746964.638800621,0.779998779296875,10.252999925613404,9.951833327611288,9.178416653474171,False,False,True,True,True,False,distribution,0,2,normal,False,False,,False,,,0.022880609848023366,40.313371272894834,False,False,True,False,False,True,False,,Uptrend Under Pressure,,,0.28309293096279964,0.9161407579283121,0.21329176818869922,0.07057418605590327,0.7719950489682339,0.4769597457627119,,False,,,0,1,0.279,0.882
HEI,Heico Corporation,Industrials,XLI,42371649536.0,2026-10-01,306.3900146484375,0.010587842371541312,0.00019595886398060536,-0.0511303176219311,-0.05203118654588801,-0.1081067028888012,False,-0.09400460220545126,-0.13214007074762746,-0.030441988286223354,-0.03332278411225709,0.817759638262413,0.7207415121728792,0.9815212385495674,1.3379836287900804,0.7207415121728792,148669452.9368225,0.6463623666835957,308.01699981689455,337.84783325195315,324.51773122151695,False,False,False,True,False,False,weak_rally,4,1,normal,False,False,,False,87.0,,0.025511359687788514,40.419136703946435,True,False,False,False,True,True,False,,Uptrend Under Pressure,344.94,-0.1118,0.3416766008404754,0.9066175754014075,-0.12578383782090918,0.012990948256821344,0.459046474648549,0.4766949152542373,,False,,,0,1,0.279,0.882
BR,"Broadridge Financial Solutions,",Industrials,XLI,18188195840.0,2026-10-01,161.14999389648438,0.0003102904473921697,-0.009283227170962749,-0.08939372331522599,-0.09025826447599905,0.09791034501148665,False,-0.1305390917205862,0.06832554682639391,-0.06953965600009915,0.18996848507286423,0.8743195356798583,0.625704403919054,0.8268185384624115,0.4880128703063646,0.625704403919054,173386669.4799942,0.04229572432868503,166.36500091552733,164.1927594502767,156.09300905863444,False,False,True,True,True,False,weak_rally,0,1,normal,False,False,,False,30.0,,0.02288462693953548,39.265344519654015,True,False,False,False,False,True,False,,Uptrend Under Pressure,174.95,-0.0789,0.4821306350972318,0.9066175754014075,-0.33219276343830384,-0.026057902122457288,0.2825367713490658,0.47653601694915254,,False,,,0,1,0.279,0.882
BABA,Alibaba Group Holding Limited,Consumer Discretionary,XLY,267384045568.0,2026-10-01,107.44999694824219,-0.0008369347825825102,-0.028744466999230056,-0.03899472950141791,-0.039907120106818295,-0.1003968036751498,False,-0.08241735562048313,-0.12463792603169044,0.01220929051556885,-0.036140708532635846,0.8120464857968266,0.8533949336585089,0.7600723345603013,0.7662254813518713,0.8533949336585089,906508349.9756386,0.26223770627370846,110.36549949645996,116.75199966430664,119.605783589681,False,False,True,False,False,False,dry_up,2,1,normal,False,False,,False,29.0,,0.025413137076269864,38.42369595133534,True,False,True,False,False,True,False,,Uptrend Under Pressure,130.53,-0.1768,0.43870459388534416,0.8792679914183797,-0.44734620749064613,-0.2103215674826311,0.08298941129702576,0.4760593220338983,,False,,,0,1,0.279,0.882
WWD,"Woodward, Inc.",Industrials,XLI,19401865216.0,2026-10-01,336.19000244140625,0.023129146316738458,0.03163740457872288,0.001996940419865867,0.0010456318025835465,-0.18838507454266196,False,-0.043277877369349516,-0.21025522439848932,0.023843610285874117,-0.12033237714060341,0.8016226779643948,0.8626752756607305,0.8195574647488755,0.9957294712356893,0.8626752756607305,250986893.67147523,0.8398815269592119,329.69350280761716,358.1287780761719,369.68297958374023,True,False,False,False,False,False,weak_rally,2,1,normal,False,False,,False,74.0,,0.027987989146135723,50.85597635987623,True,True,True,False,False,True,False,,Uptrend Under Pressure,421.17,-0.2018,0.5091118758108867,0.9066175754014075,0.1594293563144813,-0.230372753809157,0.4713355137147194,0.47356991525423736,,False,,,0,1,0.279,0.882
RIO,Rio Tinto Plc,Materials,XLB,153154256896.0,2026-10-01,92.87000274658203,-0.013804772726352055,-0.016936577256764673,-0.09615569103083177,-0.09701381229360106,0.0036800042920812626,False,-0.1369955227185925,-0.023365619701090856,-0.01855545397771774,0.07186969039797253,0.8694879212560179,1.1847537912538788,1.1693409929685072,0.5700082864817543,1.1847537912538788,171238723.8826809,0.9153843445191732,97.6775001525879,96.54379857381186,97.81223068237304,False,False,True,True,False,False,distribution,2,3,normal,False,False,,False,45.0,분산3일,0.022281536397517815,32.81278433013793,True,False,False,False,False,True,False,,Uptrend Under Pressure,91.65,0.0133,0.43802478302583187,0.9085780336452783,0.4059956680454355,-0.05803178865470282,0.7249358534205486,0.47145127118644076,,False,,,0,1,0.279,0.882
DIS,Walt Disney Company (The),Communication Services,XLC,181129445376.0,2026-10-01,101.33000183105469,-0.03403240841653843,-0.040071957421096926,-0.06158549100889521,-0.062476433658492314,0.03145295091885103,False,-0.10398736290236166,0.0036589443052841286,-0.043569174655202714,0.04638915943750366,0.9108314771330759,1.0565841430077347,1.0976105565285517,0.45978948551401305,1.0565841430077347,906995784.6177399,0.0520984688221811,105.22749977111816,102.86833368937174,102.11778628031412,False,False,True,True,True,False,distribution,0,5,normal,False,False,,False,37.0,분산5일,0.021626634942830684,39.50386212359369,True,False,False,True,False,True,False,,Uptrend Under Pressure,103.18,-0.0179,0.39622599686108906,0.9239023508895683,-0.1837502019590791,-0.049006532874302344,0.3430107332586463,0.4713983050847458,,False,,,0,1,0.279,0.882
HTHT,H World Group Limited,Consumer Discretionary,XLY,13499375616.0,2026-10-01,42.040000915527344,-0.017756970445810705,0.0011907414875429456,-0.08312828127662297,-0.08399877092761776,0.03286512422258481,False,-0.12455675109200104,0.0050330645363030335,-0.034275773096138384,0.10663973947802607,0.8650501583114223,0.5892578212395837,1.0996339836267002,0.46594692810823934,0.5892578212395837,60929688.66042747,0.21395366992661566,43.25195827484131,43.053290430704756,44.238330078125,False,False,True,False,False,False,dry_up,1,1,normal,False,False,,False,30.0,,0.0199385010355604,40.33341023340165,True,False,False,False,False,True,False,,Uptrend Under Pressure,47.67,-0.118,0.66065609534629,0.8792679914183797,0.0689147978189204,-0.1985878324902388,0.44134111524700953,0.47123940677966114,,False,,,0,1,0.279,0.882
LNG,"Cheniere Energy, Inc.",Energy,XLE,55563886592.0,2026-10-01,272.3999938964844,0.012526465942380494,-0.014043741493976136,-0.07929423584335427,-0.08016836558576301,-0.003718949568764285,False,-0.12089594541764237,-0.030565197941013644,-0.04970050230522949,-0.041773662652100585,0.9207057641566457,1.0006155975088775,0.832709418955167,0.8091839130716414,1.0006155975088775,614526148.140213,0.7800011268028846,274.3459991455078,270.24427744547523,257.778592300415,False,True,True,False,True,False,accumulation,2,2,normal,False,False,,False,18.0,,0.025857454258721883,49.18296555018478,True,False,False,True,False,True,False,,Uptrend Under Pressure,292.0,-0.0671,0.4131021981882523,0.9566614457922488,0.09632872874418963,-0.08106977943798077,0.5617614108633587,0.47123940677966103,,False,,,0,1,0.279,0.882
L,Loews Corporation,Financials,XLF,21348386816.0,2026-10-01,105.05000305175781,0.005937017569378478,-0.00019031734200525285,-0.035707722622281834,-0.036623233953747336,-0.10572696786541602,False,-0.07927887078919105,-0.12982446116100532,0.03638242828189853,-0.04261115091280088,0.8803089578191075,1.717576761782745,0.996455106790235,0.6467887904980658,1.717576761782745,116725255.33218613,0.720498895870651,107.271000289917,111.5458257039388,110.20952517191569,False,False,False,False,False,False,accumulation,1,5,interest,True,False,surge,False,165.0,분산5일,0.014788875615795925,33.86778167757133,True,False,True,False,False,True,False,,Uptrend Under Pressure,109.24,-0.0384,0.39086702260649614,0.9161407579283121,-0.05863983466493361,-0.12441757506770135,0.3917052148458675,0.47018008474576267,,False,,,0,1,0.279,0.882
PAYP,PayPay Corporation - American D,Information Technology,XLK,10631146496.0,2026-10-01,15.140000343322754,-0.035668756225838094,-0.08630050560279356,-0.03750789676308497,-0.03842169898636505,-0.07077072607798196,False,-0.08099770480516377,-0.09581016637615658,-0.10769131717261426,-0.13324275796018348,0.8104925104914383,1.0379510839461237,0.9168830014700452,1.4584222199599424,1.0379510839461237,14769723.43480339,0.10734490673390877,17.121000003814697,15.937500031789144,16.911083388328553,False,False,True,False,False,False,distribution,0,4,normal,False,False,,False,,분산4일,0.04187110680668875,36.09538171515771,False,False,False,False,False,True,False,,Uptrend Under Pressure,,,0.4251043469781628,1.0,,-0.3913669299901743,,0.4698622881355933,,False,,,0,1,0.279,0.882
WEC,"WEC Energy Group, Inc.",Utilities,XLU,32839100416.0,2026-10-01,101.7300033569336,0.00942651904290237,0.00822598432609345,-0.03783221292915706,-0.03874570724255122,-0.11738818763939884,False,-0.08130736687925932,-0.14117145233228612,0.027117489391119465,0.03924693868352236,0.8863849312723628,1.0154776855823389,1.0901287640206965,0.5633288938876599,1.0154776855823389,297112206.9121971,0.970112392554573,103.64300003051758,107.64560190836589,110.13113683064779,False,False,False,False,False,False,accumulation,4,6,normal,False,False,,False,127.0,분산6일,0.01580094363814573,39.399593299470666,True,False,True,False,False,True,False,,Uptrend Under Pressure,113.79,-0.106,0.3530816026847781,0.8486957529206396,-0.16869575631659706,-0.2020827937734042,0.21343102887499546,0.4661546610169492,,False,,,0,1,0.279,0.882
AEG,Aegon Ltd. New York Registry Sh,Financials,XLF,12772319232.0,2026-10-01,8.489999771118164,-0.01622251928925078,-0.03632243283280767,-0.05708573473067169,-0.057980949506011514,-0.07079278210209905,False,-0.09969092625254639,-0.095831628068482,0.013406203520477611,-0.005211387417856206,0.91521059925851,1.26535442755319,1.2564783000802142,0.619157767840978,1.26535442755319,41548519.73646927,0.6206887479940018,8.956000137329102,8.95636437733968,8.460124548276266,False,False,True,True,False,False,distribution,2,2,normal,False,False,,False,,,0.01716305713043675,30.296418375728038,False,False,True,True,False,True,False,,Uptrend Under Pressure,,,0.37635505703191435,0.9161407579283121,0.02575022391917603,0.10000739543703685,0.6655063062411911,0.4659427966101695,,False,,,0,1,0.279,0.882
SNA,Snap-On Incorporated,Industrials,XLI,18795051008.0,2026-10-01,367.7200012207031,0.012026957599506671,2.7221902742846638e-05,-0.033815904887214754,-0.03473321233445781,-0.1110246166549691,False,-0.07747253405690002,-0.13497935706458164,-0.01275006715434479,-0.03648536058280094,0.8824056165452248,0.9048202316341166,0.873617521310665,0.8506592324310586,0.9048202316341166,108575817.25313568,0.8807567455804818,373.0089996337891,391.9475387573242,384.77290395100914,False,False,False,True,False,False,weak_rally,2,2,normal,False,False,,False,72.0,,0.01589717030688647,35.71853089857812,True,False,False,False,False,True,False,,Uptrend Under Pressure,384.86,-0.0445,0.5572107016676284,0.9066175754014075,-0.020057389399122938,-0.09727225704809994,0.4565393372122439,0.4655190677966102,,False,,,0,1,0.279,0.882
AEE,Ameren Corporation,Utilities,XLU,27512682496.0,2026-10-01,99.63999938964844,0.0026162421354014587,0.004435508618370498,-0.052347993987568064,-0.05324770683412294,-0.12573897165523995,False,-0.09516725836757611,-0.1492972122731484,0.011621842168657803,0.029414159875748247,0.8819377055517041,1.2165055578342279,1.3007192849715914,0.7740150705617346,1.2165055578342279,192808919.56509018,0.9542485289717763,102.54252128601074,106.71509908040365,107.98876107533773,False,False,False,False,False,False,accumulation,3,6,normal,False,False,,False,67.0,분산6일,0.01502553081927346,31.140060977370112,True,False,True,False,False,True,False,,Uptrend Under Pressure,117.49,-0.1519,0.36664203732827266,0.8486957529206396,-0.09979317400195331,-0.17267176635009573,0.30625926059773767,0.4643008474576271,,False,,,0,1,0.279,0.882
CNQ,Canadian Natural Resources Limi,Energy,XLE,97034805248.0,2026-10-01,47.790000915527344,0.01529639314576614,-0.002920913598102315,-0.06931025680722946,-0.07019386546609885,0.027193661923839985,False,-0.11136308834949737,-0.0004855719253549218,-0.0393956137812449,-0.012041812913921368,0.9270611372030817,0.7521351085401841,0.7270251992294338,0.5415254940421839,0.7521351085401841,338009881.3794182,0.7854257014715149,49.16321029663086,47.38842671712239,45.71179405848185,False,True,True,True,True,False,weak_rally,0,0,normal,False,False,,False,135.0,,0.02468387776667034,45.21844282459304,True,False,False,True,False,True,False,,Uptrend Under Pressure,49.12,-0.0272,0.471717587327885,0.9566614457922488,0.4339374293429541,-0.03512315672555111,0.7470022767518341,0.46350635593220335,,False,,,0,1,0.279,0.882
WDC,Western Digital Corporation,Information Technology,XLK,163851419648.0,2026-10-01,462.55999755859375,0.01782336455532918,0.027203482193188577,0.030760698776966855,0.029782081482295775,-0.18910545216874042,False,-0.015813797550194186,-0.21095619039703262,-0.044400760959266594,-0.24362184706383827,0.8285151489742147,0.904524123647883,0.9602345362821263,2.0192233821759626,0.904524123647883,3043578067.6241393,0.9578727559840425,450.7419128417969,479.6698272705078,495.7527305603027,True,False,False,True,False,False,weak_rally,4,2,normal,False,False,,False,66.0,,0.0508922502870448,51.63700405960677,True,True,False,False,False,True,False,,Uptrend Under Pressure,651.88,-0.2904,0.5507257750910465,1.0,2.2579770526100975,0.29790095988061727,0.9679800151783455,0.4632415254237289,,False,,,0,1,0.279,0.882
VZ,Verizon Communications Inc.,Communication Services,XLC,190579539968.0,2026-10-01,45.97999954223633,0.00239809489672993,-0.028317839417367097,-0.08442854590610527,-0.08529780106935181,0.013111827097739726,False,-0.12579826380138992,-0.014187951139893795,-0.06685078596812222,0.027782442455197343,0.8936831654112767,0.9964686394721487,0.8518568262568595,0.6584258087794364,0.9964686394721487,1029103337.0541627,0.4691338256348429,48.49700031280518,47.40770034790039,46.49687849680583,False,False,True,False,True,False,weak_rally,0,2,normal,False,False,,False,134.0,,0.02192723234371217,34.89060161767577,True,False,False,False,False,True,False,,Uptrend Under Pressure,48.41,-0.0503,0.3903966688965861,0.9239023508895683,0.060436376328895314,-0.09799917467421626,0.5252068953055545,0.46308262711864406,,False,,,0,1,0.279,0.882
NGG,"National Grid Transco, PLC Nati",Utilities,XLU,76226396160.0,2026-10-01,75.33000183105469,-0.006462646606987255,0.0013292366032027214,-0.03484946975465708,-0.03576579592229212,-0.12349291134450424,False,-0.07845939772281252,-0.14711167533875802,0.030301578197727386,0.03205882344056943,0.9145319815371807,1.110917196590842,1.0153842536787745,0.5582746694151279,1.110917196590842,75868745.31319122,0.7473698581731155,76.30149993896484,79.46050046284994,81.31791725158692,False,False,False,False,False,False,distribution,3,5,normal,False,False,,False,150.0,분산5일,0.016470389642115127,39.30993816908352,True,False,True,True,False,True,False,,Uptrend Under Pressure,91.32,-0.1751,0.33409665846598785,0.8486957529206396,-0.016681820041687723,-0.1974805448292779,0.36926746413212386,0.4629766949152543,,False,,,0,1,0.279,0.882
FTS,Fortis Inc.,Utilities,XLU,26985738240.0,2026-10-01,52.7400016784668,-0.001514540265422637,-0.006405428426134119,-0.041961809093697955,-0.04287138271606117,-0.11053720544299328,False,-0.08525036894720117,-0.13450507985977234,0.022709130992804027,0.04731374922795295,0.903706559925975,1.0373087426356793,1.2454400429365051,0.5559642089367471,1.0373087426356793,40409424.30533886,0.8500003178902261,53.95149974822998,55.5558089574178,55.66420313517253,False,False,False,False,False,False,distribution,3,5,normal,False,False,,False,,분산5일,0.012676753808252004,31.997936542112313,False,False,True,True,False,True,False,,Uptrend Under Pressure,,,0.3815517848030187,0.8486957529206396,-0.03556412106795026,-0.1468541391033652,0.3918353149506704,0.4614406779661017,,False,,,0,1,0.279,0.882
GM,General Motors Company,Consumer Discretionary,XLY,69642764288.0,2026-10-01,79.30999755859375,0.029999968293425328,-0.015638601725245005,-0.06357950780479527,-0.06446855730952894,-0.055683810293670866,False,-0.10589128087314426,-0.08112978957814987,-0.013685407222179813,0.011766006668156637,0.8801108355199259,1.0683779560772004,1.0449635170379075,0.6300577790723881,1.0683779560772004,638185521.6244583,0.9845606229143493,83.67600021362304,84.05402285257975,81.30255063374837,False,False,True,True,False,False,accumulation,2,4,normal,False,False,,False,46.0,분산4일,0.03539905457455855,41.100356113465914,True,False,False,False,False,True,False,,Uptrend Under Pressure,90.11,-0.1199,0.24342391781878578,0.8792679914183797,0.2260890859822977,-0.01886933052916928,0.706997397997904,0.4610699152542373,,False,,,0,1,0.279,0.882
WTRG,"Essential Utilities, Inc.",Utilities,XLU,11121283072.0,2026-10-01,38.66999816894531,-0.013268703138184845,-0.026925099756633042,-0.06931410640187008,-0.07019771140588527,-0.0334346966737854,False,-0.11136676400179457,-0.059480210828513624,-0.006489542375566315,0.13809946621140234,0.9207142421177456,1.2390642182446927,0.8601596678918352,0.43011204548691867,1.2390642182446927,105530055.25735779,0.6139222474926723,40.69299964904785,40.060139910380045,38.76377086639404,False,False,True,False,True,False,distribution,0,4,normal,False,False,,False,13.0,분산4일,0.018591375934268996,31.988928511511986,True,False,False,True,False,True,False,,Uptrend Under Pressure,41.61,-0.0707,0.47263336977277426,0.8486957529206396,-0.07341259251945254,-0.11612770028940977,0.3837645910881428,0.4603813559322035,,False,,,0,1,0.279,0.882
GPC,Genuine Parts Company,Consumer Discretionary,XLY,17334484992.0,2026-10-01,125.12000274658203,-0.004930770858285083,-0.03202840736647994,-0.08061260243069868,-0.08148548049913062,0.02228071005256771,False,-0.12215474215540578,-0.005266137131117565,-0.03162605453790712,0.09529931073767939,0.9039641799377048,1.035535495681641,0.7690523377068621,0.4345538311932664,1.035535495681641,123725563.17887458,0.44737000610926114,130.75434951782228,129.67215385437012,117.0951530456543,False,False,True,True,True,False,distribution,0,2,normal,False,False,,False,63.0,,0.023834265797928734,36.339247212995076,True,False,False,True,False,True,False,,Uptrend Under Pressure,131.55,-0.0488,0.45704049549826076,0.8792679914183797,-0.13234666277540075,0.11184708447097291,0.5121715875826678,0.45985169491525424,,False,,,0,1,0.279,0.882
BAX,Baxter International Inc.,Health Care,XLV,12407904256.0,2026-10-01,23.639999389648438,-0.015000025431315067,0.006814303685325873,-0.08015569307926362,-0.08102900494323517,0.0615722791228146,False,-0.12171847806424851,0.03296666320942343,-0.0464467639121845,0.03952644185569998,0.8341840966983544,1.055329873129209,1.0161320988225446,0.44634186891376965,1.055329873129209,165769421.77949104,0.27927692624922673,23.855499935150146,24.73369000752767,21.933913071950276,False,False,True,True,False,False,distribution,3,6,normal,False,False,,False,36.0,분산6일,0.027903665198479984,43.45180261394132,True,False,False,False,False,True,False,,Uptrend Under Pressure,27.6,-0.1435,0.5585314748947023,0.9496588726121497,-0.027585713923058974,0.30392921764672165,0.6634942719814969,0.45948093220338987,,False,,,0,1,0.279,0.882
PSA,Public Storage,Real Estate,XLRE,52849299456.0,2026-10-01,284.0,0.004101271662878991,-0.0019679419574019086,-0.04784174432147159,-0.048745735458674,-0.10172609636159025,False,-0.09086462173093623,-0.12593139898472927,0.015003094516557791,0.009955913998530797,0.8681993039189033,1.0824525902304865,1.0154156858747165,0.6276565214844894,1.0824525902304865,256157759.35360718,0.6897742658881273,292.02450408935545,308.85109354654946,306.8271184285482,False,False,False,True,False,False,accumulation,1,5,normal,False,False,,False,78.0,분산5일,0.02013390828004242,34.600092166995694,True,False,True,False,False,True,False,,Uptrend Under Pressure,317.63,-0.1059,0.35340383865010394,0.8915978830104153,-0.06259613903805361,-0.05065396885835993,0.4628509992410827,0.45900423728813555,,False,,,0,1,0.279,0.882
DVA,DaVita Inc.,Health Care,XLV,11227240448.0,2026-10-01,176.35000610351562,0.008175211236791435,0.009618182585342305,-0.016946280709493333,-0.01787960439211911,-0.258464628571209,False,-0.06136515687815525,-0.2784463824644189,0.019079042208391295,-0.27386420940788714,0.7318642147654236,0.898504243684521,0.7652604281316636,1.3733599830312129,0.898504243684521,132555344.89476319,0.38961164423262706,181.97500076293946,197.75266749064127,193.7469170888265,False,False,False,True,False,False,weak_rally,1,1,normal,False,False,,False,9.0,,0.032046663549602734,41.289523530953275,True,False,True,False,False,True,False,,Uptrend Under Pressure,183.86,-0.0408,0.49237395576322585,0.9496588726121497,0.149766831756998,0.005163835307984588,0.6763796031946803,0.45863347457627124,,False,,,0,1,0.279,0.882
GE,GE Aerospace,Industrials,XLI,324020404224.0,2026-10-01,312.3900146484375,0.0003202347202255762,-0.023109588339074727,-0.05192711791066007,-0.052827230342306186,-0.10649917363135997,False,-0.09476539940232298,-0.13057585871446953,-0.03125616131548159,-0.03158046593128794,0.8194481235195809,0.7850125023565636,0.9098663322055729,1.0566333102501257,0.7850125023565636,1386810116.9023438,0.4727060114039717,320.48500061035156,343.82066752115884,331.59481252034504,False,False,False,True,False,False,weak_rally,3,0,normal,False,False,,False,32.0,,0.027478951436758464,36.69133345466298,True,False,False,False,True,True,False,,Uptrend Under Pressure,369.43,-0.1544,0.4165495476093801,0.9066175754014075,-0.04173059176341831,-0.02826589229957821,0.5045227855877995,0.4582627118644068,,False,,,0,1,0.279,0.882
EIX,Edison International,Utilities,XLU,20676055040.0,2026-10-01,53.79999923706055,0.0013028046793335246,0.02398169584273524,-0.02518571161869454,-0.026111212681001583,-0.346826743796382,False,-0.06923229250575169,-0.3644274514065119,0.040617673922476394,-0.2309095602017356,0.6742699413428748,0.8338798456705939,1.0861895358229794,1.3163091681357089,0.8338798456705939,291768458.68265265,0.7203375036368926,55.00800037384033,66.90916709899902,68.69529965718587,False,False,False,False,False,False,weak_rally,2,1,normal,False,False,,False,72.0,,0.026354215269406817,37.12341264527405,True,False,True,False,False,True,False,,Uptrend Under Pressure,71.05,-0.2428,0.7456365336217362,0.8486957529206396,-0.02661274714242634,-0.29788418936211836,0.3145576596436702,0.45805084745762714,,False,,,0,1,0.279,0.882
GMED,"Globus Medical, Inc.",Health Care,XLV,10056217600.0,2026-10-01,74.41000366210938,-0.006542027420389673,0.001885108729919871,-0.07748573910536505,-0.07836158585753905,-0.03821392204027496,False,-0.11916916485759932,-0.064130652985526,-0.04367896589151821,-0.05818748368790683,0.8423138640112618,0.8919949622431328,0.9367739227678072,0.9324683450040165,0.8919949622431328,121015508.70195007,0.21077462543831688,74.98450050354003,79.19466718037923,81.54216683705648,False,False,False,False,False,False,dry_up,5,2,normal,False,False,,False,37.0,,0.021096431253368537,40.1601686430803,True,False,False,False,False,True,False,,Uptrend Under Pressure,86.15,-0.1363,0.41276443321407025,0.9496588726121497,0.21881980846481008,-0.21305611334498176,0.5215875826677749,0.4578919491525424,,False,,,0,1,0.279,0.882
AMT,American Tower Corporation (REI,Real Estate,XLRE,76273000448.0,2026-10-01,161.05999755859375,-0.01606698542114038,-0.02665694358992521,-0.058516380524563205,-0.05941023702662185,-0.04327512672245526,False,-0.101056928907296,-0.06905547611362395,0.0036239054853652863,0.07567406770074059,0.9081855824888738,0.9855910140054065,1.0248840575694256,0.419111713461324,0.9855910140054065,450562154.7444092,0.03356509639721543,170.98737258911132,170.2692657470703,173.17485745747885,False,False,True,False,False,False,dry_up,2,6,normal,False,False,,False,45.0,분산6일,0.022385293386176564,31.508138357077016,True,False,True,True,False,True,False,,Uptrend Under Pressure,177.34,-0.0918,0.40048874210639734,0.8915978830104153,-0.182730211060521,-0.09964818380847673,0.2917476780745185,0.45699152542372884,,False,,,0,1,0.279,0.882
IBKR,"Interactive Brokers Group, Inc.",Financials,XLF,145539923968.0,2026-10-01,85.80999755859375,0.004565668438403447,-0.0446448691811957,-0.03714099064157883,-0.03805514121018905,-0.10438699603261137,False,-0.08064737718517456,-0.1285205968268026,0.034842009650467354,-0.04117660682534707,0.8747090502265499,1.5018005620899813,1.0154693307885392,0.5866861702460285,1.5018005620899813,340908601.9292862,0.6054789481055072,89.65849952697754,91.22635688781739,88.43107757568359,False,False,False,True,False,False,accumulation,2,5,interest,True,False,surge,False,9.0,분산5일,0.03175620774409922,39.6586971208685,True,False,True,False,False,True,False,,Uptrend Under Pressure,90.69,-0.0538,0.4522341533909883,0.9161407579283121,0.14311024256846916,0.14308812506607493,0.7549609699685591,0.45688559322033895,,False,,,0,1,0.279,0.882
JNJ,Johnson & Johnson,Health Care,XLV,637996498944.0,2026-10-01,258.6600036621094,-0.02296587896253599,-0.044406640087615745,-0.06013585373650998,-0.06102817269013927,-0.007688077605365273,False,-0.1026032268912278,-0.03442737202416368,-0.02569327068772098,-0.028295574230471576,0.9289947579868196,1.2893268487978513,0.992398240194838,0.5522692125612456,1.2893268487978513,1699782945.3431168,0.057605731353621056,268.7725006103516,263.23356170654296,247.95762049357097,False,False,True,True,True,False,distribution,1,4,normal,False,False,,False,67.0,분산4일,0.019301379358712196,35.54647313427154,True,False,False,True,False,True,False,,Uptrend Under Pressure,253.41,0.0207,0.44706636165089125,0.9496588726121497,0.2971024263257662,-0.036723723206927295,0.7107657836724368,0.4564618644067797,,False,,,0,1,0.279,0.882
PR,Permian Resources Corporation,Energy,XLE,17689204736.0,2026-10-01,21.93000030517578,0.03835224591647246,0.0036613236754861056,-0.07329062124781849,-0.07417045089815044,0.006620258674622237,False,-0.11516360166728068,-0.020504594768308904,-0.04350391686328148,-0.03182937871550551,0.9013563655546163,0.9333377506491436,0.8307218611727051,0.6266884776519294,0.9333377506491436,233758165.1046238,0.951923764669634,22.573401641845702,21.688156922658283,20.651946036020913,False,True,True,True,True,False,weak_rally,1,1,normal,False,False,,False,30.0,,0.03333307315652973,47.51488294820627,True,False,False,True,False,True,False,,Uptrend Under Pressure,22.87,-0.0411,0.3648794809507195,0.9566614457922488,0.65715155347462,-0.0007530430094552232,0.8130913230457879,0.4563559322033899,,False,,,0,1,0.279,0.882
BBVA,Banco Bilbao Vizcaya Argentaria,Financials,XLF,153355943936.0,2026-10-01,26.8700008392334,-0.035880874412901775,-0.05619945601370557,-0.07853220233750935,-0.07940705556420413,-0.0003142327824074975,False,-0.12016834408093358,-0.02725222622242074,-0.009643594448336068,0.07024138236706556,0.9065452561587285,1.4156868150844166,1.318391686867711,0.3995011375161034,1.4156868150844166,38239442.30667572,0.26436922726146656,28.716000080108643,27.909500122070312,25.50191674232483,False,False,True,True,True,False,distribution,2,4,normal,False,False,,False,30.0,분산4일,0.02506778672616207,35.74554911619272,False,False,False,True,False,True,False,,Uptrend Under Pressure,28.53,-0.0582,0.3495101797168274,0.9161407579283121,0.35510805353161823,0.16123610556173795,0.859184706009902,0.45577330508474584,,False,,,0,1,0.279,0.882
TDG,Transdigm Group Incorporated,Industrials,XLI,60553695232.0,2026-10-01,1097.239990234375,0.013523014020496271,-0.00727421001862727,-0.048979423415492995,-0.049882334425718766,-0.10373405785475542,False,-0.09195089526511357,-0.12788525302202725,-0.028244197853111053,-0.028583499333161178,0.8388877533973751,1.001747133381464,0.8949654916543506,0.9219740576607081,1.001747133381464,444052547.44073486,0.773464984417076,1111.698504638672,1190.0371663411458,1215.0923319498697,False,False,False,False,False,False,accumulation,4,1,normal,False,False,,False,72.0,,0.024383563733895653,39.24410793849864,True,False,False,False,True,True,False,,Uptrend Under Pressure,1328.31,-0.174,0.42769434218632846,0.9066175754014075,-0.2394559707593772,-0.15487083410614022,0.20786202161107298,0.45323093220338984,,False,,,0,1,0.279,0.882
LH,Labcorp Holdings Inc.,Health Care,XLV,24987719680.0,2026-10-01,304.6000061035156,-0.011391968501254124,-0.014079967411040673,-0.08158957142797996,-0.08246152194964151,0.058369836835093114,False,-0.12308756721216862,0.029850515407596978,-0.04793318865742391,0.03639050518697484,0.8995493210705693,0.6747594641855813,0.824706817015831,0.43896205357627804,0.6747594641855813,260761651.59238434,0.10112526502877456,315.8135025024414,311.8802866617838,287.26651903788246,False,False,True,True,True,False,dry_up,0,3,normal,False,False,,False,44.0,분산3일,0.024190983986630433,37.66053956972106,True,False,False,False,False,True,False,,Uptrend Under Pressure,314.85,-0.0326,0.3384148516153156,0.9496588726121497,-0.0001522013319600335,0.035579765101635186,0.6018006215893896,0.4518008474576271,,False,,,0,1,0.279,0.882
FOX,Fox Corporation,Communication Services,XLC,23740225536.0,2026-10-01,54.91999816894531,-0.024511564597088364,-0.03986018467802854,-0.08876725150462816,-0.08963238744569224,0.06378910066920351,False,-0.1299409267799304,0.03512374926068729,-0.07127278897080891,0.0791935607692118,0.8803818634199128,1.2981444845434138,0.8331601325116056,0.4881589138143292,1.2981444845434138,72276730.7707611,0.4074064771353668,57.853000259399415,55.96238034566243,55.44447949727376,False,False,True,True,True,False,distribution,1,2,normal,False,False,,False,99.0,,0.026050873520455268,37.583731671897915,True,False,False,False,False,True,False,,Uptrend Under Pressure,60.88,-0.0979,0.4406234285570716,0.9239023508895683,-0.10153650721740581,-0.04228845085537125,0.42870062520328145,0.4513771186440678,,False,,,0,1,0.279,0.882
NWSA,News Corporation,Communication Services,XLC,15457520640.0,2026-10-01,28.639999389648438,-0.00034904813315839167,0.007032308433022605,-0.06243505135855876,-0.06332518742477333,0.02571676084264074,False,-0.10479853621861179,-0.0019226757493144842,-0.044435045438980914,0.04056990504798197,0.9213326661637329,0.7397017185075161,0.9138811081480188,0.41198956137213466,0.7397017185075161,134517865.38044128,0.8823503012487518,29.467215061187744,28.983100509643556,27.508335288365682,False,False,True,True,True,False,dry_up,1,3,normal,False,False,,False,39.0,분산3일,0.026062447820960698,42.78333326810373,True,False,False,True,False,True,False,,Uptrend Under Pressure,29.57,-0.0315,0.35158414504566765,0.9239023508895683,-0.13132568736244077,0.06347594065128015,0.4905695493476925,0.45005296610169493,,False,,,0,1,0.279,0.882
NUE,Nucor Corporation,Materials,XLB,53032189952.0,2026-10-01,235.97999572753906,0.009540088673963831,-0.046052976519675215,-0.10391064592407351,-0.1047614045342048,-0.021474683652447424,False,-0.14440007317885462,-0.04784247783043527,-0.026976216391214836,0.04500600130995824,0.8609621015307406,1.2024212287759302,1.0533648793752695,0.6571382550510991,1.2024212287759302,315527078.6905556,0.9718401099954389,250.51555557250975,251.36815745035807,241.06091766357423,False,False,True,True,False,False,accumulation,3,4,normal,False,False,,False,40.0,분산4일,0.03215244947639964,37.3671747102619,True,False,False,False,False,True,False,,Uptrend Under Pressure,274.09,-0.139,0.39170458820898596,0.9085780336452783,0.6283538454579536,0.24718686684026703,0.9221730331393878,0.4498940677966101,,False,,,0,1,0.279,0.882
COF,Capital One Financial Corporati,Financials,XLF,118448455680.0,2026-10-01,194.47999572753906,0.007302990365316342,-0.010833654830375683,-0.10212377540472073,-0.10297623049241045,-0.054140145473527856,False,-0.1426939416656935,-0.07962772106172777,-0.03499886520594786,0.01261655555168617,0.8584797452602545,1.0254081536628241,0.9232591593687061,0.9040196820164645,1.0254081536628241,719315312.5004814,0.9409412497861629,204.01850128173828,209.879549407959,200.75126164754232,False,False,False,True,False,False,accumulation,4,1,normal,False,False,,False,70.0,,0.023882365915332843,34.600490967255624,True,False,False,False,True,True,False,,Uptrend Under Pressure,197.11,-0.0134,0.39115943867079134,0.9161407579283121,-0.12433841228746478,-0.00955602557614077,0.4363810487514004,0.4495233050847458,,False,,,0,1,0.279,0.882
XEL,Xcel Energy Inc.,Utilities,XLU,44024229888.0,2026-10-01,70.55000305175781,0.0009931851800533131,0.01423239689348943,-0.05815550798132474,-0.05904970710035784,-0.13451893477660715,False,-0.10071236224083324,-0.15784058646154997,0.00542230059906279,0.019076036515229378,0.8708055228653628,0.6785615656109422,0.9959310651558971,0.7903919295830768,0.6785615656109422,430329047.18112946,0.8823536954403242,72.60652160644531,76.09438908894857,77.37224496205648,False,False,False,False,False,False,weak_rally,2,2,normal,False,False,,False,17.0,,0.018351585137687126,35.756336006953475,True,False,True,False,False,True,False,,Uptrend Under Pressure,76.27,-0.0749,0.3018354548976326,0.8486957529206396,-0.16524422373105274,-0.17702188393515572,0.23442593328755734,0.4491525423728813,,False,,,0,1,0.279,0.882
EL,"Estee Lauder Companies, Inc. (T",Consumer Staples,XLP,33563713536.0,2026-10-01,90.19000244140625,-0.02781065317471887,-0.05431477567364784,-0.10835391912147996,-0.1092004592316228,0.06877790439807474,False,-0.14864257891252408,0.03997812238493359,-0.05683803227808648,0.1428998509375825,0.852051206462722,1.1718418053808193,1.0284986120496102,0.46143043042791315,1.1718418053808193,289083681.0722,0.37896143529325305,96.71650047302246,91.45437189737956,86.5703727722168,False,False,True,True,True,False,distribution,1,4,normal,False,False,,False,28.0,분산4일,0.03549253865464726,39.114130030540146,True,False,False,False,False,True,False,,Uptrend Under Pressure,101.59,-0.1123,0.5129083486955769,0.9096505422560582,-0.0017516126085651562,0.22214085478920942,0.6776399479599581,0.44899364406779657,,False,,,0,1,0.279,0.882
WSO,"Watsco, Inc.",Industrials,XLI,12486626304.0,2026-10-01,301.1499938964844,-0.005087741691171321,-0.059523431707994234,-0.025152205080645085,-0.02607773795448476,-0.18816382345675997,False,-0.06920029994678112,-0.21003993524632325,-0.0038974715718930186,-0.12009257448211919,0.8194334464210623,0.7709824598633681,1.0836196834776648,1.1367978001662664,0.7709824598633681,143348547.11025238,0.2992469264410964,312.04549713134764,328.2062683105469,363.90870234171547,False,False,False,False,False,False,dry_up,2,3,normal,False,False,,False,109.0,분산3일,0.029899670338345206,38.95537098818901,True,False,False,False,False,True,False,,Uptrend Under Pressure,452.97,-0.3352,0.5502289985483382,0.9066175754014075,-0.3017465235329636,-0.2691691292747659,0.09425842940262368,0.44639830508474576,,False,,,0,1,0.279,0.882
KNX,Knight-Swift Transportation Hol,Industrials,XLI,10349654016.0,2026-10-01,65.41000366210938,0.028620907456428313,-0.0013739898914598703,-0.027015923563264654,-0.02793968699911409,-0.15812722316062466,False,-0.07097980707973761,-0.18081271502567842,-0.005801824951457424,-0.08753745018300574,0.8949329422947365,0.8551248810609412,0.9001770304522043,0.9446398924736595,0.8551248810609412,258486944.44724274,0.9480540069226094,67.03899993896485,69.85253626505533,70.21407632827759,False,False,False,True,False,False,weak_rally,3,1,normal,False,False,,False,72.0,,0.03295694716927434,43.93420987681477,True,False,False,False,True,True,False,,Uptrend Under Pressure,73.94,-0.1153,0.3698277900073657,0.9066175754014075,0.47864313229678546,-0.003196018669665457,0.7896480069386722,0.44443855932203397,,False,,,0,1,0.279,0.882
EC,Ecopetrol S.A.,Energy,XLE,33880156160.0,2026-10-01,16.270000457763672,-0.01274266324671025,-0.006108758481554788,-0.07081666218786498,-0.07169884064633958,-0.048682848984968,False,-0.11280142742536314,-0.0743174793996243,-0.04095043871258841,-0.08502008657215698,0.8910186338349229,1.235672834770732,1.1534391129560144,0.8701521338353814,1.235672834770732,26426923.990568925,0.42553243295889875,17.183000087738037,16.84333340326945,15.598483618100484,False,False,True,True,True,False,distribution,2,2,normal,False,False,,False,72.0,,0.03261920275475463,39.406078016847005,False,False,False,False,False,True,False,,Uptrend Under Pressure,16.58,-0.0187,0.3806028544692082,0.9566614457922488,0.7249063377671208,0.08450473095637734,0.8851577463770735,0.4444385593220339,,False,,,0,1,0.279,0.882
DRI,"Darden Restaurants, Inc.",Consumer Discretionary,XLY,21941944320.0,2026-10-01,197.41000366210938,0.021526539001859746,-0.04743293558433603,-0.10280414144744277,-0.10365595058697308,-0.0066646939873659106,False,-0.14334356564986062,-0.033431564972813854,-0.05499999706783032,0.06428641889476028,0.8670502899357667,0.9901557363833441,1.1188384484357394,0.6361376049265056,0.9901557363833441,277343790.884082,0.926317716899671,207.7395004272461,209.3145004272461,204.48502413431802,False,False,False,True,False,False,weak_rally,4,4,normal,False,False,,False,67.0,분산4일,0.02917423061803003,38.602017773704105,True,False,False,False,False,True,False,,Uptrend Under Pressure,212.01,-0.0688,0.3410946776755697,0.8792679914183797,0.013287509610154347,-0.026898087165970197,0.5552555021502656,0.44380296610169495,,False,,,0,1,0.279,0.882
HSIC,"Henry Schein, Inc.",Health Care,XLV,9565590528.0,2026-10-01,84.93000030517578,0.011432643450241642,-0.007015064687061923,-0.0604049023270371,-0.061296965842518536,-0.02274435684389231,False,-0.10286011863234634,-0.04907793782286929,-0.02597217892494308,-0.0430391773672687,0.9347347538483267,0.9035885540650964,0.8941668248540839,0.5697301016527211,0.9035885540650964,98130743.79623985,0.8232327124482702,86.78499984741211,87.43916664123535,82.42483317057291,False,False,True,True,False,False,weak_rally,4,2,normal,False,False,,False,39.0,,0.021606017636630438,42.673395972779666,True,False,False,True,False,True,False,,Uptrend Under Pressure,88.23,-0.0374,0.2821659557337848,0.9496588726121497,0.15677330490708408,0.039762184597740724,0.7098785732355173,0.44242584745762714,,False,,,0,1,0.279,0.882
C,"Citigroup, Inc.",Financials,XLF,217194512384.0,2026-10-01,127.0,-0.019153504860763504,-0.03860716024130373,-0.054637461202761584,-0.05553500040007364,-0.058100381730583295,False,-0.0973532769525185,-0.08348124296732218,0.016037509114725124,0.008376814559826196,0.911505047950796,1.351609295977941,0.9553188131247792,0.43628868394176396,1.351609295977941,1340471625.551288,0.6396858890537828,134.09550018310546,133.87681884765624,132.65597553253173,False,False,False,True,True,False,distribution,1,4,normal,False,False,,False,70.0,분산4일,0.02984813522836623,34.86052160081104,True,False,True,True,False,True,False,,Uptrend Under Pressure,144.24,-0.1195,0.36313498756895646,0.9161407579283121,0.15651487997461722,-0.004083234155525806,0.670679592353005,0.4423199152542373,,False,,,0,1,0.279,0.882
JAZZ,Jazz Pharmaceuticals plc,Health Care,XLV,15029022720.0,2026-10-01,233.00999450683594,0.006435686795433604,-0.013839530596558736,-0.051146363329297784,-0.05204721701925652,-0.09193489483511319,False,-0.09401992289415972,-0.11640403568736302,-0.01637434833957596,-0.11079282465309259,0.8906429128341804,1.020688215890862,1.2247043958904589,0.8600993594269503,1.020688215890862,173404256.88063353,0.6784132233627082,240.1605010986328,247.0465009053548,235.7117504119873,False,False,False,True,False,False,accumulation,3,3,normal,False,False,,False,41.0,분산3일,0.02273967692476386,38.47856659882657,True,False,False,False,False,True,False,,Uptrend Under Pressure,261.62,-0.1094,0.442437497921551,0.9496588726121497,0.603749913383868,0.11056921020887245,0.8829659210003253,0.4404131355932204,,False,,,0,1,0.279,0.882
AKAM,"Akamai Technologies, Inc.",Information Technology,XLK,15284260864.0,2026-10-01,106.93000030517578,0.005453707939599317,-0.03151891351786873,0.01750884034070266,0.016542804528685506,-0.16049644267722774,False,-0.028466876237870586,-0.1831180924612107,-0.056686314582522934,-0.21693621967320198,0.8534599690622543,0.9512386800736378,2.000646589485203,1.287011129308493,0.9512386800736378,640370582.1296555,0.7146517747151933,108.91550025939941,114.00266672770182,119.66575024922689,False,False,False,False,False,False,weak_rally,4,5,normal,False,False,,False,92.0,분산5일,0.06504249169413645,45.36103585586578,True,True,False,False,False,True,False,,Uptrend Under Pressure,143.55,-0.2551,0.27391189247237674,1.0,0.21877962269509998,-0.21092395707244282,0.5213716526327202,0.4399364406779661,,False,,,0,1,0.279,0.882
TOL,"Toll Brothers, Inc.",Consumer Discretionary,XLY,12416807936.0,2026-10-01,136.36000061035156,0.011948056477562696,0.0032372163576646074,-0.03084574578553212,-0.03176587313953749,-0.10679087940398957,False,-0.07463658036713938,-0.13085970404890235,0.02079246615330521,-0.04299149488684817,0.8792314387142515,0.8932644360244252,1.12293524426583,0.554064837736105,0.8932644360244252,155138137.1051033,0.8060864012281016,135.79649963378907,144.51483281453451,143.98923371632893,True,False,False,True,False,False,weak_rally,2,5,normal,False,False,,False,72.0,분산5일,0.024824322585109845,45.662065331873634,True,False,True,False,False,True,False,,Uptrend Under Pressure,155.4,-0.1225,0.4685794554509379,0.8792679914183797,-0.11314538354690395,-0.11782272954794615,0.33538271114162843,0.43898305084745765,,False,,,0,1,0.279,0.882
MSI,"Motorola Solutions, Inc.",Information Technology,XLK,73805266944.0,2026-10-01,448.0299987792969,0.00461913929850688,-0.015123881267563255,-0.062080238168631396,-0.06297071109899355,0.08414365572101401,False,-0.1044597551160843,0.054929821090628606,-0.13047188183369496,0.011256738653468545,0.9143973364782705,0.7931660406645062,0.8147031515439624,0.4369342952129837,0.7931660406645062,403600931.7908676,0.6885379575215432,459.4096450805664,451.5473927815755,432.92232208251954,False,False,True,True,True,False,weak_rally,0,2,normal,False,False,,False,30.0,,0.01862855121247149,40.09848332529328,True,False,False,True,False,True,False,,Uptrend Under Pressure,479.6,-0.0658,0.6789180361464037,1.0,-0.05990950451868782,-0.0262958411476657,0.4874435329406238,0.43893008474576284,,False,,,0,1,0.279,0.882
WMS,"Advanced Drainage Systems, Inc.",Industrials,XLI,9554611200.0,2026-10-01,126.86000061035156,0.0011838175910561244,-0.015367865444100182,-0.04357658930860908,-0.04448462983813406,-0.1253462971853011,False,-0.08679218598522964,-0.14891511899046073,-0.022723565050130845,-0.05200789260175065,0.8418739775797899,0.6905604013629575,0.8298325272298271,0.9262997074037951,0.6905604013629575,100467777.1514473,0.6666666666666666,129.21699981689454,138.62846934000652,140.8960257212321,False,False,False,False,False,False,weak_rally,2,0,normal,False,False,,False,71.0,,0.029383349692345583,40.70949390966285,True,False,False,False,False,True,False,,Uptrend Under Pressure,141.19,-0.1015,0.4274501670653386,0.9066175754014075,-0.17817608844805533,-0.17881770798258056,0.22142495753677136,0.438771186440678,,False,,,0,1,0.279,0.882
KMI,"Kinder Morgan, Inc.",Energy,XLE,67078500352.0,2026-10-01,30.530000686645508,0.01260368401071843,-0.0230399780273437,-0.04504218509968716,-0.045948834173959896,-0.0744248152335637,False,-0.08819155943598211,-0.09936579076117702,-0.014347506935924237,-0.1097787929872277,0.9288105165415933,0.8605968863772124,0.8363879302808372,0.6894431003487683,0.8605968863772124,403371515.18797433,0.8322149541084756,31.09650001525879,31.56818256378174,31.663757594426475,False,False,False,False,False,False,weak_rally,1,0,normal,False,False,,False,9.0,,0.021021478658629234,42.185203051776135,True,False,False,True,False,True,False,,Uptrend Under Pressure,31.84,-0.0411,0.4265866687024571,0.9566614457922488,0.02296512150453256,-0.14677443914811772,0.44897275125582736,0.43845338983050847,,False,,,0,1,0.279,0.882
LI,Li Auto Inc.,Consumer Discretionary,XLY,11101838336.0,2026-10-01,11.119999885559082,-0.021126741053825282,-0.056027153002799146,-0.07410493974700072,-0.07498399627301044,-0.10464290572525947,False,-0.11594112552150393,-0.12876961065892345,-0.02477165235074441,-0.04069009756352915,0.805797082019238,1.0780736734042047,1.0637113567035914,1.07584226033132,1.0780736734042047,36972678.82528567,0.027027653986231002,11.795499992370605,12.299333349863689,14.041166687011719,False,False,False,False,False,False,distribution,1,3,normal,False,False,,False,97.0,분산3일,0.03889388725263689,37.88937291213945,False,False,False,False,False,True,False,,Uptrend Under Pressure,20.02,-0.4446,0.3208779214702639,0.8792679914183797,-0.5926956588755965,-0.4445373524493854,0.006604387264645297,0.4378177966101695,,False,,,0,1,0.279,0.882
ESLT,Elbit Systems Ltd.,Industrials,XLI,31960756224.0,2026-10-01,695.6799926757812,0.020043669028925182,-0.0595360133179621,-0.019063760996246626,-0.019995074316203176,-0.14355348859230344,False,-0.06338695969296448,-0.16663169102608988,0.0023237196522860604,-0.07174172977203008,0.804942939410606,0.7346288129242559,1.2699336548862494,0.7169652193680381,0.7346288129242559,54446134.379290774,0.8997642311036059,723.2014953613282,756.121001180013,786.8040756225586,False,False,False,False,False,False,weak_rally,0,8,normal,False,False,,False,77.0,분산8일,0.02319827525948834,36.532319058969165,True,False,True,False,False,True,False,,Uptrend Under Pressure,912.02,-0.2372,0.5019593831857219,0.9066175754014075,0.21196297917548224,-0.3201992075756077,0.4743133605579849,0.4368644067796611,,False,,,0,1,0.279,0.882
SMFG,Sumitomo Mitsui Financial Group,Financials,XLF,163723411456.0,2026-10-01,25.280000686645508,-0.024314904070890098,-0.009016054103203386,-0.05389216555815113,-0.05479041234861104,-0.05405996254215262,False,-0.09664165718369944,-0.0795496987765778,0.016838522799134115,0.012702397617394556,0.9172714505268982,1.6551365863909315,1.211844255685423,0.373184766891707,1.6551365863909315,39193065.653514005,0.632912187007318,26.47450008392334,25.9271666208903,24.259833319981894,False,False,True,True,True,False,distribution,1,4,interest,False,False,,False,,분산4일,0.02554248659383252,42.29641394476096,False,False,True,True,False,True,False,,Uptrend Under Pressure,,,0.31576392679228515,0.9161407579283121,0.34864434734237326,0.07884044052929373,0.8267572548877886,0.4360169491525424,,False,,,0,1,0.279,0.882
LAMR,Lamar Advertising Company,Real Estate,XLRE,14634323968.0,2026-10-01,143.33999633789062,-0.0053431702810333714,-0.00257470154262307,-0.04310685980555384,-0.04401534630223303,-0.10973571345520894,False,-0.08634368101570655,-0.1337251852444994,0.02005049331520614,0.0009504646363724945,0.8821840688803635,1.2862399390780501,1.0925966478799445,0.533438792167681,1.2862399390780501,73182977.55408478,0.3721975702296684,145.98880844116212,151.82449188232422,148.25953432718913,False,False,False,True,False,False,distribution,2,5,normal,False,False,,False,45.0,분산5일,0.017144222373081528,36.230804139156234,True,False,True,False,False,True,False,,Uptrend Under Pressure,162.48,-0.1178,0.5802352832336918,0.8915978830104153,0.11032577784522712,0.039386203506611484,0.679183079758592,0.4348516949152542,,False,,,0,1,0.279,0.882
EMA,Emera Incorporated,Utilities,XLU,14690985984.0,2026-10-01,47.66999816894531,-0.0033452572858880814,-0.001884425371667442,-0.045645696880264985,-0.04655177297279067,-0.13555433796934602,False,-0.08876780178608867,-0.1588480892026385,0.018776567852172965,0.017856882654735395,0.8759827060695662,1.4549530284951393,0.954559034740396,0.5883996573297955,1.4549530284951393,18545891.012619782,0.832295546520334,48.892999267578126,51.05113620758057,51.42118555704753,False,False,False,False,False,False,distribution,1,5,normal,False,False,,False,,분산5일,0.01396504603587217,30.494764474656478,False,False,True,False,False,True,False,,Uptrend Under Pressure,,,0.41886455033853215,0.8486957529206396,-0.07581358520446879,-0.1615159966708366,0.34095171840555094,0.4343220338983051,,False,,,0,1,0.279,0.882
SCHW,Charles Schwab Corporation (The,Financials,XLF,169025273856.0,2026-10-01,98.37000274658203,0.006445722289564637,-0.01125736396859811,-0.09118620946029432,-0.09204904881196241,-0.04487371106953553,False,-0.13225058511973486,-0.07061098427009815,-0.02324361068518832,0.02253699444494428,0.8655521462899628,0.7725349429671665,0.9089354088330919,0.6347532490823313,0.7725349429671665,876327628.0466671,0.92592871675081,103.82799987792968,105.53598925272624,98.33131014506021,False,False,True,True,False,False,weak_rally,1,4,normal,False,False,,False,23.0,분산4일,0.024230658974627534,33.1842970739623,True,False,False,False,False,True,False,,Uptrend Under Pressure,110.16,-0.107,0.23848452539410203,0.9161407579283121,-0.003733093343820104,0.012366728256599568,0.5765359040150337,0.4330508474576271,,False,,,0,1,0.279,0.882
HUM,Humana Inc.,Health Care,XLV,45819043840.0,2026-10-01,379.67999267578125,-0.004953257887566509,-0.001682831920782668,-0.05309626276306734,-0.05399526519374631,-0.06810830332558737,False,-0.09588171692759317,-0.09321948649436207,-0.018395704455091977,-0.08746104368956453,0.9265007417901532,0.8485365530724632,1.4316596696435828,0.671973547738265,0.8485365530724632,410263862.2519806,0.32487008123688976,391.10799713134764,387.8596659342448,346.29615046183267,False,False,False,True,True,False,dry_up,2,3,normal,False,False,surge,False,4.0,분산3일,0.03313596620707728,44.90595302825607,True,False,False,True,False,True,False,,Uptrend Under Pressure,397.93,-0.0459,0.3867873189823385,0.9496588726121497,0.33074610321829745,0.9190725385014151,0.90045354342091,0.4315148305084746,,False,,,0,1,0.279,0.882
CHYM,"Chime Financial, Inc.",Information Technology,XLK,10085507072.0,2026-10-01,26.844999313354492,0.007695192507613635,-0.008311798448699115,-0.19649807135710395,-0.19726092628997494,0.2006122467160123,False,-0.23280397404513675,0.16825999575213912,-0.25508817663501837,0.11989515281901264,0.7769898670376474,0.5654997973539193,0.5902564314329798,0.554002662540637,0.5654997973539193,236923296.47520655,0.6887750534252494,30.268249988555908,28.247250111897788,23.897333415349326,False,False,True,True,True,False,weak_rally,0,3,normal,False,False,,False,16.0,분산3일,0.04772105403875133,36.43577170364853,True,False,False,False,False,True,False,,Uptrend Under Pressure,34.55,-0.223,0.4512818496058472,1.0,0.36139362678259923,0.45797968493915886,0.8962650428246178,0.4315148305084746,,False,,,0,1,0.279,0.882
CHD,"Church & Dwight Company, Inc.",Consumer Staples,XLP,22349352960.0,2026-10-01,94.11000061035156,-0.0011674868279176742,-0.012797662826706246,-0.05245669654129248,-0.05335630618426268,-0.05158430347714804,False,-0.0952710492413198,-0.07714074996177356,0.0022887171906886827,0.014190276316853323,0.9108158919211959,1.3248359056802577,1.0284465666706086,0.3761603472959867,1.3248359056802577,178960856.6627426,0.7090907829850395,95.48000068664551,98.09660313924154,96.80595048268636,False,False,False,True,False,False,distribution,1,4,normal,False,False,,False,168.0,분산4일,0.015278465544476937,37.68754347047461,True,False,True,True,False,True,False,,Uptrend Under Pressure,95.35,-0.013,0.5370247162324165,0.9096505422560582,-0.003145494845368524,-0.07545786011278943,0.4939250478840663,0.42966101694915254,,False,,,0,1,0.279,0.882
ADBE,Adobe Inc.,Information Technology,XLK,95376154624.0,2026-10-01,241.27999877929688,0.005584714196282592,0.009835542525230334,-0.13763897419318316,-0.13845771070021762,0.07830680792051403,False,-0.17660440086960028,0.04925025568117247,-0.20052099287723169,0.00581230180268566,0.8240718321584325,0.7961300407039174,0.7600663706194989,0.7207934679248044,0.7961300407039174,1410308625.278888,0.3323818659112973,249.45750122070314,252.8974988301595,244.07816645304362,False,False,True,True,False,False,weak_rally,0,2,normal,False,False,,False,24.0,,0.03567137217671611,43.24968503759692,True,False,False,False,False,True,False,,Uptrend Under Pressure,289.15,-0.1656,0.3967728523593415,1.0,-0.2966051910563734,0.016851642972877334,0.3419563803259731,0.4296080508474576,,False,,,0,1,0.279,0.882
GL,Globe Life Inc.,Financials,XLF,12730110976.0,2026-10-01,165.8300018310547,0.0010866763730930096,-0.0089051244796855,-0.043325225946103885,-0.04423350512319679,-0.12049280929663364,False,-0.0865521803724113,-0.14419241542342054,0.02819544309348987,-0.058419132844106714,0.891463272886317,1.8267072193515506,1.2549699557281881,0.607141470916714,1.8267072193515506,74537197.89505768,0.6400677709672906,170.35399932861327,175.883832804362,167.67596689860025,False,False,False,True,False,False,accumulation,2,6,interest,True,False,surge,False,9.0,분산6일,0.01865723814488219,32.9205871725641,True,False,True,False,False,True,False,,Uptrend Under Pressure,173.42,-0.0438,0.6269987934155447,0.9161407579283121,0.05372023023912598,0.057049533956195164,0.6654286075674896,0.42865466101694916,,False,,,0,1,0.279,0.882
AGI,Alamos Gold Inc.,Materials,XLB,13558598656.0,2026-10-01,31.889999389648438,-0.015436863520281396,-0.06480936021594996,-0.11639694899188291,-0.11723585294734684,0.0201175861593208,False,-0.15632218780111928,-0.0073709724909499785,-0.04053454045684879,0.08942403611731042,0.8181593261941439,0.819387464598752,0.9934104229670444,0.4768891107847109,0.819387464598752,129977190.62975006,0.0569101656752616,35.042982292175296,33.113254896799724,35.987831099828085,False,False,True,False,False,False,dry_up,2,4,normal,False,False,,False,38.0,분산4일,0.040037165060072384,37.295171324532554,True,False,False,False,False,True,False,,Uptrend Under Pressure,33.11,-0.037,0.4097201230060548,0.9085780336452783,-0.1294298660958454,-0.34249520226627583,0.1973573416211919,0.42854872881355927,,False,,,0,1,0.279,0.882
RTX,RTX Corporation,Industrials,XLI,250211287040.0,2026-10-01,185.00999450683594,-0.0034473439843218934,-0.019087037229552073,-0.07854370140621314,-0.07941854371554591,-0.07047225604910201,False,-0.12017932356896865,-0.09551973905823985,-0.05845306964949637,0.007467254797453249,0.8204797995467905,0.8047130273904556,0.93963327346602,0.8104401404176935,0.8047130273904556,760842169.0997505,0.2773868706182282,193.55399856567382,204.67498092651368,193.21426442464193,False,False,False,False,False,False,dry_up,2,2,normal,False,False,,False,41.0,,0.019896274116936456,24.42954511603675,True,False,False,False,False,True,False,,Uptrend Under Pressure,217.21,-0.1482,0.7097150332591862,0.9066175754014075,0.07918628600357147,-0.08928785725809618,0.5447634707816849,0.4278072033898306,,False,,,0,1,0.279,0.882
GEHC,GE HealthCare Technologies Inc.,Health Care,XLV,29736275968.0,2026-10-01,63.97999954223633,-0.021263624689359273,-0.03615543553006195,-0.0932539433677464,-0.0941148195865894,0.017289460589555494,False,-0.13422488932483945,-0.010122890085625502,-0.060025017161891236,-0.0038367484710650768,0.8551189495214905,0.897044852378329,0.9592044024886239,0.5774133197669497,0.897044852378329,241311607.73038197,0.07116141331171918,65.59249916076661,67.79702771504721,66.36071615219116,False,False,True,False,False,False,dry_up,5,1,normal,False,False,,False,45.0,,0.021084592390275984,35.472090967099135,True,False,False,False,True,True,False,,Uptrend Under Pressure,71.9,-0.1102,0.6409429915384431,0.9496588726121497,-0.18518216928195574,-0.1597779814589977,0.23070633515232555,0.4247881355932204,,False,,,0,1,0.279,0.882
TXT,Textron Inc.,Industrials,XLI,13250339840.0,2026-10-01,77.16999816894531,0.012729675322191714,0.01512761874061197,-0.026123166969072686,-0.02704777799936775,-0.17884354183101225,False,-0.0701273893234221,-0.20097080222499375,-0.004889603468903658,-0.10999080118429339,0.8027670901259855,0.6810190410872526,0.9138633273282236,0.9041791974113206,0.6810190410872526,153104860.65130845,0.9748421335483004,78.78398818969727,84.63016255696614,87.85194416046143,False,False,False,False,False,False,weak_rally,2,2,normal,False,False,,False,47.0,,0.022001501275736936,37.87189499626442,True,False,False,False,False,True,False,,Uptrend Under Pressure,96.13,-0.1972,0.5633316015419189,0.9066175754014075,-0.18120767732125242,-0.23067785981638012,0.1837049618734415,0.4242055084745763,,False,,,0,1,0.279,0.882
BTSG,"BrightSpring Health Services, I",Health Care,XLV,11228795904.0,2026-10-01,57.2599983215332,0.00898675456446174,0.022134913488699892,-0.049626583874967545,-0.05052888046283632,-0.1987583562804187,False,-0.09256881404659367,-0.22034898290548044,-0.014798874527417794,-0.2153978665958851,0.7853517411258981,1.1039923206293625,0.8275680942755895,1.8540090139365961,1.1039923206293625,151178872.78199005,0.9127883748565809,58.09199981689453,62.28308340708415,60.164458433787026,False,False,False,True,False,False,accumulation,2,1,normal,False,False,,False,72.0,,0.03155967321818718,45.954212201819786,True,False,False,False,False,True,False,,Uptrend Under Pressure,66.25,-0.1357,0.5875576727387704,0.9496588726121497,0.7358110428270488,0.207597447558173,0.9266994326189875,0.4233050847457628,,False,,,0,1,0.279,0.882
PHM,"PulteGroup, Inc.",Consumer Discretionary,XLY,22107844608.0,2026-10-01,116.3499984741211,0.0024987155060116617,-0.015484869066924034,-0.057357315536998854,-0.05825227247007292,-0.10223444824765493,False,-0.09995023579234019,-0.1264260525865718,-0.007131685807551191,-0.03810961082517961,0.8653425099507233,1.3746258391793142,0.9919152687970053,0.690624022343612,1.3746258391793142,203064421.4194416,0.9948040933123014,119.03453826904297,124.94753812154134,123.47735137939453,False,False,False,True,False,False,accumulation,3,3,normal,False,False,,False,67.0,분산3일,0.025264723767570968,39.96045605484086,True,False,False,False,False,True,False,,Uptrend Under Pressure,137.31,-0.1526,0.3945334880874051,0.8792679914183797,-0.1866452826563596,-0.09636063552556562,0.29171515304831774,0.4219279661016949,,False,,,0,1,0.279,0.882
SPOT,Spotify Technology S.A.,Communication Services,XLC,100215111680.0,2026-10-01,491.3999938964844,0.008248161544170074,-0.03907077084663635,-0.12149598332881228,-0.1223300461963358,0.011356665677098698,False,-0.1611908243781427,-0.01589581717193811,-0.1046298691216121,0.026001864987281076,0.8773276798271127,0.9070632218571533,0.8669178673636244,0.6876374300593578,0.9070632218571533,749811165.9911575,0.5759703882631412,521.0880020141601,510.78050282796227,493.75841903686523,False,False,True,True,True,False,weak_rally,2,3,normal,False,False,,False,51.0,분산3일,0.035864728823794344,39.8372148493295,True,False,False,False,False,True,False,,Uptrend Under Pressure,493.23,-0.0037,0.3964716605786931,0.9239023508895683,-0.3238517396811268,-0.006735427569868002,0.3048109934588559,0.4201271186440678,,False,,,0,1,0.279,0.882
CEG,Constellation Energy Corporatio,Utilities,XLU,90001162240.0,2026-10-01,258.9200134277344,0.01928985541633832,-0.010320242106279798,-0.1072955254459923,-0.10814307040852877,-0.07943999854175687,False,-0.14763200831800005,-0.10424583262844267,-0.047034840499581065,0.08392970725289994,0.8658084734883312,1.3861232750508028,0.9614788127701864,0.8030286371430014,1.3861232750508028,815074392.8206635,0.18157326695006368,270.073747253418,269.15725428263346,273.567329788208,False,False,True,False,False,False,accumulation,3,2,normal,False,False,,False,17.0,,0.03970338492969789,43.06540559448736,True,False,False,False,False,True,False,,Uptrend Under Pressure,299.05,-0.1342,0.2986939566824824,0.8486957529206396,-0.25706648739944227,-0.13679554638998637,0.21183459217231038,0.41901483050847455,,False,,,0,1,0.279,0.882
DG,Dollar General Corporation,Consumer Staples,XLP,26381355008.0,2026-10-01,118.93000030517578,-0.005435704264307062,-0.029380547702489324,-0.09137442998122991,-0.09223709063394592,-0.03475719700542901,False,-0.13243030097419306,-0.06076707445667828,-0.03887753345252942,0.032184377241937234,0.8928007980709392,0.7765090276974755,1.0087381094325087,0.5740156695351829,0.7765090276974755,298277537.36786425,0.17669194497665294,124.3375,123.85,118.18550834655761,False,False,True,True,True,False,dry_up,0,3,normal,False,False,,False,21.0,분산3일,0.031128747065662436,41.33617705452501,True,False,False,False,False,True,False,,Uptrend Under Pressure,131.09,-0.0928,0.3710893061160688,0.9096505422560582,0.12245521355643496,-0.030672677777442425,0.6205332297351017,0.41843220338983056,,False,,,0,1,0.279,0.882
ET,Energy Transfer LP,Energy,XLE,68074033152.0,2026-10-01,20.100000381469727,0.016691953265810966,-0.011313307579904786,-0.06685238964031692,-0.0677383318294813,-0.020955932985500025,False,-0.10901627889508181,-0.047337705658052176,-0.03685874475636486,-0.058352249065237616,0.9249885322087379,1.423709509361177,1.2714342903161273,0.5519149339691629,1.423709509361177,182902552.34677228,0.9444466029705243,20.885999965667725,20.599500719706217,19.793470191955567,False,False,True,True,True,False,accumulation,2,6,normal,False,False,,False,37.0,분산6일,0.018763314753878216,36.673582213602415,True,False,False,True,False,True,False,,Uptrend Under Pressure,20.59,-0.0238,0.3746255011575353,0.9566614457922488,0.16371721190380706,-0.0006957620392127328,0.6823849878934625,0.4178495762711865,,False,,,0,1,0.279,0.882
STLD,"Steel Dynamics, Inc.",Materials,XLB,31762939904.0,2026-10-01,226.1699981689453,0.02057667770423155,-0.03609058602216997,-0.08451183812406382,-0.08538101420862099,-0.07290461070891485,False,-0.12587779249489117,-0.09788655036831384,-0.005911909269153304,-0.009918057907588707,0.8440487136042826,1.0397126613132828,0.9708609473734476,0.6296748885161721,1.0397126613132828,240320057.74423447,0.8667886869580042,234.77899627685548,240.76010716756184,239.5526205698649,False,False,False,True,False,False,accumulation,2,3,normal,False,False,,False,113.0,분산3일,0.033960026602073055,41.717325773153675,True,False,False,False,False,True,False,,Uptrend Under Pressure,219.19,0.0319,0.44341394635920733,0.9085780336452783,0.46825918174903847,0.1008423606123614,0.8603863250334285,0.41726694915254237,,False,,,0,1,0.279,0.882
WELL,Welltower Inc.,Real Estate,XLRE,165904515072.0,2026-10-01,226.94000244140625,-0.014332882961366145,-0.02855185202482191,-0.048828509473572757,-0.049731563763411035,-0.09279672235118508,False,-0.09180680030731048,-0.11724264000196938,0.013951200383444329,0.019995473261674723,0.9037041519955726,1.0452383478440248,0.9358920708558816,0.40546042960740813,1.0452383478440248,610726252.6973724,0.18078350579102911,233.27049865722657,236.1573819478353,224.67384923299153,False,False,True,True,False,False,distribution,1,3,normal,False,False,,False,92.0,분산3일,0.020998311580208394,38.48607183240699,True,False,True,True,False,True,False,,Uptrend Under Pressure,217.79,0.042,0.40798488797017796,0.8915978830104153,0.18777748814399753,0.04470363058635751,0.7388466264320046,0.41509533898305084,,False,,,0,1,0.279,0.882
FOXA,Fox Corporation,Communication Services,XLC,26417854464.0,2026-10-01,61.279998779296875,-0.021867561264401925,-0.04010027204217104,-0.09241703456764483,-0.09327870535832883,0.06405332024707344,False,-0.1334257959031112,0.03538084905603256,-0.07499264303726338,0.07946160644376055,0.8751703440942532,0.9834937582958655,0.7813458684606783,0.36623811446912563,0.9834937582958655,317330222.13281554,0.42857142857142855,64.72050037384034,62.646178754170734,61.903650506337485,False,False,True,True,True,False,dry_up,1,1,normal,False,False,,False,33.0,,0.025486070663248664,36.35072162258685,True,False,False,False,False,True,False,,Uptrend Under Pressure,68.74,-0.1085,0.4528605160989945,0.9239023508895683,-0.08875961809192479,-0.032440553671897576,0.45252701384120564,0.4150423728813559,,False,,,0,1,0.279,0.882
BPOP,"Popular, Inc.",Financials,XLF,9914368000.0,2026-10-01,156.52000427246094,0.006883289451430574,-0.019236745008313516,-0.07733358207149532,-0.0782095732834891,-0.1167840712321645,False,-0.11902388297644306,-0.1405836147241991,-0.008355365753549004,-0.054448640232211076,0.8847991421212711,1.0241037651250684,0.9002432322078958,0.8830200791344465,1.0241037651250684,92965279.2426033,0.9631394264439598,162.12222213745116,168.31195424397785,160.1916706085205,False,False,False,True,False,False,accumulation,2,3,normal,False,False,,False,59.0,분산3일,0.018817754448176294,32.41708985046289,True,False,False,False,False,True,False,,Uptrend Under Pressure,168.47,-0.0709,0.3566688622781369,0.9161407579283121,0.16174801311858955,0.056834892405744464,0.7302500813125655,0.41483050847457625,,False,,,0,1,0.279,0.882
CSX,CSX Corporation,Industrials,XLI,86158606336.0,2026-10-01,46.540000915527344,0.0006450783718960906,-0.008732690963782597,-0.043371028657196775,-0.04427926434861429,-0.0878920859967176,False,-0.08659591350692641,-0.11247016623926298,-0.022513522533048502,-0.011413201832886855,0.8767125551772733,1.2023825050286274,0.937954794726857,0.536252132890185,1.2023825050286274,507418323.3095749,0.9784181349141007,47.72350006103515,49.52538146972656,47.581450907389325,False,False,False,True,False,False,accumulation,3,3,normal,False,False,,False,49.0,분산3일,0.01797991912860691,35.02297489161185,True,False,False,False,False,True,False,,Uptrend Under Pressure,52.67,-0.1163,0.4660886962486878,0.9066175754014075,0.2047693734165561,0.014096380233842964,0.7244967655668388,0.4135063559322034,,False,,,0,1,0.279,0.882
TTE,TotalEnergies SE,Energy,XLE,188807069696.0,2026-10-01,84.51000213623047,-0.011578922383269408,-0.06948157947527567,-0.05225741469936418,-0.05315721354304537,-0.017283002980992168,False,-0.09508077186708797,-0.04376374811830441,-0.021794651649529984,-0.05481961310470074,0.918227413853503,1.6767865921140406,1.1759547699030914,0.39104898647247316,1.6767865921140406,145900074.228714,0.8255067922190304,89.18373565673828,86.31955909729004,86.2378355662028,False,False,True,False,True,False,distribution,1,6,interest,False,False,,False,49.0,분산6일,0.01931303912923248,36.51890540677993,True,False,False,True,False,True,False,,Uptrend Under Pressure,85.23,-0.0084,0.3362099441074415,0.9566614457922488,0.347273430539224,-0.13662000937387764,0.6265413248527338,0.411281779661017,,False,,,0,1,0.279,0.882
CMG,"Chipotle Mexican Grill, Inc.",Consumer Discretionary,XLY,40430104576.0,2026-10-01,32.31999969482422,0.011580560971815368,0.009684517011751215,-0.16095536576479574,-0.16175196539363101,-0.020488412479294338,False,-0.19886725092095203,-0.04688278317488759,-0.11624961901666908,0.049475311547090506,0.8390446342352043,1.3237180799592727,1.3082964575446245,0.8523982519151488,1.3237180799592727,470742715.3885975,0.8360399852067788,34.10749979019165,34.645166619618735,33.680250056584676,False,False,False,False,False,False,accumulation,5,4,normal,False,False,,False,44.0,분산4일,0.03737491581581527,38.49282208879571,True,False,False,False,False,True,False,,Uptrend Under Pressure,38.52,-0.161,0.5979347485473626,0.8792679914183797,-0.169861604941689,-0.013758311350904662,0.3884228976184453,0.4105932203389831,,False,,,0,1,0.279,0.882
UNP,Union Pacific Corporation,Industrials,XLI,161665777664.0,2026-10-01,272.4200134277344,0.0010656985254042795,-0.006020337331302583,-0.05974526939637803,-0.060637959175739,-0.08708794079305926,False,-0.1022302909431394,-0.11168768990289424,-0.03924477297685569,-0.010541630256825196,0.881090137769978,0.9311950308698455,0.9521293336975081,0.65486092881441,0.9311950308698455,678845099.5471665,0.9589811807973708,279.7105010986328,290.40083465576174,277.1826389312744,False,False,True,True,False,False,weak_rally,1,3,normal,False,False,,False,49.0,분산3일,0.016993183804025352,32.67114414340725,True,False,False,False,False,True,False,,Uptrend Under Pressure,302.92,-0.1007,0.42068376980060823,0.9066175754014075,0.08885459795535278,0.03566535590761499,0.6661902352643563,0.41016949152542376,,False,,,0,1,0.279,0.882
TFC,Truist Financial Corporation,Financials,XLF,56561295360.0,2026-10-01,46.279998779296875,-0.00043197533678707156,-0.01907591182826196,-0.08915572665926752,-0.09002049377708754,-0.11828577928565864,False,-0.13031184884520153,-0.14204485706034453,-0.021061329705364007,-0.05605633552585976,0.8715630905686744,1.1187352160830402,0.9599304096522312,1.1004774374421982,1.1187352160830402,381181616.90534973,0.93511235873259,48.78600006103515,50.50738353729248,49.6423108736674,False,False,False,True,False,False,distribution,2,3,normal,False,False,,False,68.0,분산3일,0.024138788148033434,30.414946222621694,True,False,False,False,False,True,False,,Uptrend Under Pressure,50.17,-0.0776,0.31291643642433953,0.9161407579283121,-0.021935181047384233,-0.07323626463122623,0.48004408947996097,0.4099576271186441,,False,,,0,1,0.279,0.882
YPF,YPF Sociedad Anonima,Energy,XLE,19654723584.0,2026-10-01,49.27000045776367,-0.017155407780323317,-0.08095504762501116,-0.08606936380600227,-0.08693706115590161,-0.08433909091808234,False,-0.12736494202236526,-0.10901291180359707,-0.05669339943954865,-0.11931437541401513,0.8552334652971809,0.714987664182816,0.7402970390773875,1.228521051895483,0.714987664182816,74357629.34094429,0.2264811511602251,53.481000137329104,51.460666783650716,49.33350006739298,False,False,True,True,True,False,dry_up,2,1,normal,False,False,,False,7.0,,0.03527936831029507,36.457494363541464,True,False,False,False,False,True,False,,Uptrend Under Pressure,53.35,-0.0765,0.361645402802608,0.9566614457922488,0.8731797409268323,0.01573382411387647,0.8472950019876404,0.40969279661016955,,False,,,0,1,0.279,0.882
CDE,"Coeur Mining, Inc.",Materials,XLB,18091655168.0,2026-10-01,17.559999465942383,-0.0022727792420651483,-0.07286172276678338,-0.1802054433521465,-0.18098376671290795,0.08184098122266281,False,-0.21724752170546913,0.052689195520615906,-0.1098213613820116,0.1553408981390061,0.7906348577123014,0.8683036682904398,1.0406859210795703,0.4805819024794679,0.8683036682904398,671886625.7241545,0.29729465012939077,19.616999912261964,18.289499918619793,18.112256677945457,False,False,True,True,True,False,dry_up,1,6,normal,False,False,,False,33.0,분산6일,0.05426292199643671,38.15646373934804,True,False,False,False,False,True,False,,Uptrend Under Pressure,18.81,-0.0665,0.4761061072057993,0.9085780336452783,-0.06505795978893703,-0.09211365223386914,0.4177035524556395,0.40852754237288136,,False,,,0,1,0.279,0.882
KVUE,Kenvue Inc.,Consumer Staples,XLP,33920860160.0,2026-10-01,17.219999313354492,-0.02491509274401804,-0.022146580549680328,-0.08910272637412653,-0.08996754381109007,-0.10116984990645528,False,-0.13026124335604816,-0.12539014140294913,-0.0364745795338115,-0.03883412977304479,0.8903334125552622,0.7761631281584089,0.7047558524109752,1.0276107421422187,0.7761631281584089,472767597.0157809,0.084503712618605,17.783831787109374,18.46334613164266,17.905450948079427,False,False,False,True,False,False,dry_up,0,0,normal,False,False,,False,69.0,,0.01744041447971478,33.01523816925483,True,False,False,False,False,True,False,,Uptrend Under Pressure,18.37,-0.0628,0.3827372060973968,0.9096505422560582,0.05020250890796718,-0.052845464623171856,0.5645648874272704,0.4080508474576271,,False,,,0,1,0.279,0.882
VMRK,Vivmark Residential,Real Estate,XLRE,47014817792.0,2026-10-01,60.16999816894531,-0.00971033852676717,-0.014414432090296025,-0.07302426784380234,-0.0739043503734379,-0.1401612928725512,False,-0.11490928333178407,-0.16333090297566988,-0.011841538873389346,-0.03325791406071821,0.8739288235650671,0.7242994722027842,0.7245653571834039,0.8887175574391029,0.7242994722027842,394892292.9652588,0.5604378099442048,63.12099952697754,65.68583316802979,65.37472677230835,False,False,False,True,False,False,dry_up,1,1,normal,False,False,,False,107.0,,0.021569827266184203,31.666249647964392,True,False,False,False,False,True,False,,Uptrend Under Pressure,64.76,-0.0708,0.3432244165781236,0.8915978830104153,-0.09558045798032266,-0.04974584957286765,0.43001246792671033,0.4075211864406779,,False,,,0,1,0.279,0.882
BTI,British American Tobacco  Indus,Consumer Staples,XLP,117055012864.0,2026-10-01,53.189998626708984,-0.02224269972849735,-0.05051770453283677,-0.044719857485980286,-0.04562681258218193,-0.163603300748134,False,-0.08788379606233443,-0.186141231702583,0.01047256109898731,-0.10559746887918009,0.8433486425254252,0.834981421859595,0.8401601353727575,0.8202039833228901,0.834981421859595,296185449.6837219,0.05676733687594743,55.50700035095215,57.64491678873698,58.72300141652425,False,False,False,False,False,False,dry_up,1,1,normal,False,False,,False,13.0,,0.019626419688448863,32.16193657213887,True,False,True,False,False,True,False,,Uptrend Under Pressure,57.29,-0.0716,0.4134025012616673,0.9096505422560582,-0.03376149343161505,-0.15973594079716258,0.38336886993603414,0.4073622881355932,,False,,,0,1,0.279,0.882
PSKY,Paramount Skydance Corporation,Communication Services,XLC,11561058304.0,2026-10-01,9.34000015258789,-0.0958373454433662,-0.08251474728942909,-0.14465263134359851,-0.14546470899548403,0.04291464694022995,False,-0.18330114881928694,0.014811788182959473,-0.1282310941248489,0.058016829371313916,0.8384200955780247,1.7253269029565832,1.0635110676272708,0.5846252500344908,1.7253269029565832,261283061.33935452,0.016043140738806572,10.373303651809692,9.706226690610249,10.068403287728627,False,False,True,True,False,False,distribution,3,4,interest,False,False,,False,11.0,분산4일,0.06487227681593077,39.04502147882323,True,False,False,False,False,True,False,,Uptrend Under Pressure,11.14,-0.1616,0.23665244069310734,0.9239023508895683,-0.5096687384957173,-0.016797259383044327,0.2553819883632684,0.40699152542372885,,False,,,0,1,0.279,0.882
NYT,New York Times Company (The),Communication Services,XLC,10273764352.0,2026-10-01,63.709999084472656,0.00015695951983452083,0.010467880339388946,-0.058658410206885336,-0.059552131864160196,-0.14819857965844307,False,-0.10119254103710029,-0.17115161332743245,-0.040585897776494906,-0.13586385937927548,0.8200540234571713,0.4618542617875436,0.8184032733710058,1.3894922234120577,0.4618542617875436,230759645.91459274,0.7401958217707734,66.78049926757812,68.97516682942708,72.352321434021,False,False,False,False,False,False,weak_rally,4,2,normal,False,False,,False,8.0,,0.04276072374568805,41.371615820349874,True,False,False,False,False,True,False,,Uptrend Under Pressure,70.53,-0.0967,0.33768249022350605,0.9239023508895683,0.03547273886498625,-0.3173712539845851,0.3634283184561454,0.40693855932203393,,False,,,0,1,0.279,0.882
RBA,"RB Global, Inc.",Industrials,XLI,15162956800.0,2026-10-01,81.58999633789062,0.0024572668600808534,-0.010550603398513214,-0.01580223358113375,-0.01673664343662873,-0.2766682518655391,False,-0.06027280304664051,-0.2961594825353846,0.005656358574652742,-0.21601796681889762,0.7025605159161613,1.5133505702434242,0.9418182528640507,0.8765082509387812,1.5133505702434242,140743890.2891739,0.8762374180877381,82.7924991607666,93.14878730773925,99.56043167114258,False,False,False,False,False,False,accumulation,2,1,interest,True,False,surge,False,68.0,,0.022735618097069445,37.92824455015401,True,False,True,False,False,True,False,,Uptrend Under Pressure,115.05,-0.2908,0.7209729321132032,0.9066175754014075,-0.33308944050431033,-0.25999586820891574,0.08422355534675291,0.405667372881356,,False,,,0,1,0.279,0.882
RPRX,Royalty Pharma plc,Health Care,XLV,33722476544.0,2026-10-01,57.630001068115234,-0.012508559537383612,-0.011322694064948902,-0.08683250656374542,-0.08769947937622125,-0.03838101670241367,False,-0.12809360248988355,-0.06429324503788458,-0.05336825818787927,-0.05835110826910783,0.9010319245314978,0.97688301511847,0.8145188525981807,0.700253312788941,0.97688301511847,196868520.67231408,0.34188106641800536,59.17000026702881,59.01061585744222,55.841179021199544,False,False,True,True,True,False,dry_up,2,1,normal,False,False,,False,86.0,,0.019533465209145517,39.70204792878518,True,False,False,True,False,True,False,,Uptrend Under Pressure,55.54,0.0377,0.3470947613286497,0.9496588726121497,0.5617779383058752,0.11196321646310836,0.8784801778034765,0.40376059322033897,,False,,,0,1,0.279,0.882
GFI,Gold Fields Limited,Materials,XLB,32179181568.0,2026-10-01,35.790000915527344,-0.009136157976630477,-0.1030075301547505,-0.18516245624067018,-0.18593607335045748,0.06307915094260652,False,-0.2219805540145584,0.03443293016663973,-0.11520396236287322,0.13530439534171523,0.7489768971628374,1.0495792690055499,1.4760530892776293,0.5077975441031699,1.0495792690055499,155910300.7789921,0.31579017815315014,41.954663848876955,39.03014790217082,39.204015509287515,False,False,True,False,False,False,distribution,1,3,normal,False,False,,False,35.0,분산3일,0.05145092028864953,34.58875639508507,True,False,False,False,False,True,False,,Uptrend Under Pressure,39.83,-0.1013,0.2905813007529705,0.9085780336452783,-0.04998439808750632,-0.20392086559900935,0.3364614578439522,0.40344279661016946,,False,,,0,1,0.279,0.882
BMY,Bristol-Myers Squibb Company,Health Care,XLV,127465398272.0,2026-10-01,61.459999084472656,-0.015064141320836444,-0.0006504213906884937,-0.09163470650399652,-0.09249712004687694,-0.012882370568453538,False,-0.13267881700980877,-0.03948169717501182,-0.058346441190061826,-0.03338199650059426,0.9026289086502929,0.9119332537623052,1.137901475399047,0.6113606231142426,0.9119332537623052,744778135.2526112,0.15441102222621145,63.48550014495849,63.65533339182536,60.124000771840414,False,False,True,True,False,False,dry_up,4,4,normal,False,False,,False,38.0,분산4일,0.022163074896796486,39.1392914222837,True,False,False,True,False,True,False,,Uptrend Under Pressure,64.72,-0.0504,0.3873520866722491,0.9496588726121497,0.34871064801550955,-0.04973859629762811,0.7189223374652163,0.4028601694915254,,False,,,0,1,0.279,0.882
GWRE,"Guidewire Software, Inc.",Information Technology,XLK,11690515456.0,2026-10-01,155.32000732421875,0.08935338286963912,0.0286093200279387,-0.19423110733326687,-0.1949961145505651,0.13139421301021392,False,-0.23063944185414653,0.10090714308526572,-0.252986516085987,0.05533064363062512,0.7545300107793687,0.9519978605823104,0.75531343096148,0.5157727253945006,0.9519978605823104,251909838.3379608,0.7953057347290238,150.55050048828124,160.78716659545898,146.77999998728436,True,False,True,True,False,False,weak_rally,0,1,normal,False,False,,False,19.0,,0.044493387006962926,49.62724583617583,True,False,False,False,False,True,False,,Uptrend Under Pressure,202.86,-0.2343,0.2847422659886594,1.0,-0.24123765988927837,0.161137112877062,0.44873965523472226,0.4018008474576271,,False,,,0,1,0.279,0.882
VIV,Telefonica Brasil S.A.,Communication Services,XLC,18294845440.0,2026-10-01,11.359999656677246,-0.007860275466124,-0.023092093964978133,-0.03383642393473851,-0.034753711900937345,-0.19988821174936433,False,-0.07749212595973864,-0.22144839276820816,-0.01528736222583471,-0.18830199591964814,0.815824365033407,0.7918571855173,0.6493359325997017,1.021845821801151,0.7918571855173,16212043.468163824,0.35848880059883687,11.69420084953308,12.163995711008708,12.968973811467489,False,False,False,False,False,False,dry_up,1,1,normal,False,False,,False,,,0.021323060530710387,39.24930468400668,False,False,False,False,False,True,False,,Uptrend Under Pressure,,,0.5406007026125966,0.9239023508895683,-0.16549362284082925,-0.35206157209430755,0.15857034440388854,0.40164194915254237,,False,,,0,1,0.279,0.882
WSO-B,"Watsco, Inc.",Industrials,XLI,12825306112.0,2026-09-30,310.8999938964844,0.0,-0.04839153369072147,-0.016294871366544506,-0.01982520770121632,-0.20962507543036635,False,-0.05999910334208158,-0.2268944349181522,0.014851773022076964,-0.13829774923449234,0.8075324516791802,0.0,0.3076923076923077,0.7142857142857143,0.0,20676.299438476562,0.5,315.26099090576173,333.0004923502604,358.5277275085449,False,False,False,False,False,False,dry_up,1,1,normal,False,False,,False,,,0.007356527169935096,38.9400699454577,False,False,True,False,False,True,False,,Uptrend Under Pressure,,,0.5243545745476027,0.8976933077262058,-0.3036140947451186,-0.26147494403548754,0.09488995699468758,0.4001588983050847,,False,,,0,1,0.279,0.882
RJF,"Raymond James Financial, Inc.",Financials,XLF,30396997632.0,2026-10-01,159.75999450683594,0.011011202299266332,0.006298816040567035,-0.09201479239677812,-0.09287684508128624,-0.07204475397001031,False,-0.13304172887855326,-0.09704986372540492,-0.024134138190066046,-0.006551720697110186,0.8817750356835699,0.744034427249191,0.7719115426888922,0.6715410797373956,0.744034427249191,217444788.605307,0.989809698111196,166.5635009765625,171.94466654459634,162.55711936950684,False,False,True,True,False,False,weak_rally,2,2,normal,False,False,,False,195.0,,0.02400698308752449,36.00343106873662,True,False,False,False,False,True,False,,Uptrend Under Pressure,161.28,-0.0094,0.3431129528700072,0.9161407579283121,-0.11625248533627563,0.041715428771306184,0.4887562791370026,0.3999470338983051,,False,,,0,1,0.279,0.882
PAAS,Pan American Silver Corp.,Materials,XLB,18869264384.0,2026-10-01,44.97999954223633,-0.01164576574036269,-0.0532519231462526,-0.12727980707727726,-0.12810837870909864,-0.027432799402756225,False,-0.1667133084400544,-0.05364004344763229,-0.05235175455783303,0.038643093154641095,0.8194570967825332,0.8846038189655078,0.903002876710293,0.608680171643591,0.8846038189655078,162715951.04088745,0.3291130071996639,48.93599987030029,47.84391295115153,50.02748988469442,False,False,True,False,False,False,dry_up,0,2,normal,False,False,,False,24.0,,0.04149462253802791,38.628345594123644,True,False,False,False,False,True,False,,Uptrend Under Pressure,54.89,-0.1805,0.40864476912219766,0.9085780336452783,0.1302323044651179,-0.22298044057046063,0.45893354052979657,0.3992584745762712,,False,,,0,1,0.279,0.882
STT,State Street Corporation,Financials,XLF,47960178688.0,2026-10-01,174.6199951171875,0.0001718241590360492,-0.035728098467852076,-0.08114080569203275,-0.08201318227758192,-0.08007314215710148,False,-0.12265907877059767,-0.10486191526411137,-0.012447216070544886,-0.015146734803839546,0.8988983838926377,0.9468188054691863,0.9223416031953513,0.5829369235434649,0.9468188054691863,392599030.38984376,0.9956417672284831,184.62749862670898,185.7658327738444,171.7059809366862,False,False,True,True,False,False,weak_rally,2,5,normal,False,False,,False,110.0,분산5일,0.02484987255588981,30.298657112920438,True,False,False,False,False,True,False,,Uptrend Under Pressure,149.99,0.1642,0.4192936445846816,0.9161407579283121,0.44011516501588743,0.2624808625224846,0.8989212532976762,0.3989936440677966,,False,,,0,1,0.279,0.882
CDW,CDW Corporation,Information Technology,XLK,16022233088.0,2026-10-01,135.8300018310547,0.05984705016993508,-0.02602900263915986,-0.08636575298332572,-0.08723316893757715,0.025851479666739285,False,-0.1276479389771613,-0.001791587120742233,-0.15298653485080216,-0.04311645767949901,0.8824714361155674,1.0748538325159,0.8834972666944424,0.5889045748530194,1.0748538325159,222074817.22105026,0.6860197713351798,143.96250076293944,140.87168502807617,133.2886376063029,False,False,True,True,True,False,accumulation,3,2,normal,False,False,,False,41.0,,0.03968194634493021,43.947844092343246,True,False,False,False,False,True,False,,Uptrend Under Pressure,153.27,-0.1138,0.34487380577792615,1.0,-0.16491448003933118,0.0735713920963581,0.46387915145820535,0.3984639830508475,,False,,,0,1,0.279,0.882
MDLZ,"Mondelez International, Inc.",Consumer Staples,XLP,74220634112.0,2026-10-01,57.7599983215332,-0.0010377269734989092,-0.042543579893325245,-0.0669207597576098,-0.06780663703531675,-0.06564238893672991,False,-0.10908155973687095,-0.09082001977117016,-0.013011024059690346,-0.0008427662920060808,0.8966118158905987,0.9215902510280277,0.9668818098071276,0.44563547426156747,0.9215902510280277,497450956.66092813,0.5,60.53129692077637,61.07590942382812,60.27519016265869,False,False,True,True,False,False,dry_up,2,4,normal,False,False,,False,45.0,분산4일,0.01961166203695026,30.267517270846113,True,False,False,False,False,True,False,,Uptrend Under Pressure,64.42,-0.1034,0.48602229728858365,0.9096505422560582,-0.1219737346509503,-0.06605369173970144,0.3872366376350692,0.39804025423728817,,False,,,0,1,0.279,0.882
FE,FirstEnergy Corp.,Utilities,XLU,25063424000.0,2026-10-01,43.38999938964844,0.0013846654986926499,0.004630719363250213,-0.06264855192314633,-0.06353848528921424,-0.1331241950366766,False,-0.10500238984839383,-0.156483430021489,0.0006259604229932325,0.020718297568938393,0.8778075917235444,1.7679343824148477,1.1136266273741973,0.5740930029516629,1.7679343824148477,193800911.33422548,0.8838704278872421,44.98000030517578,46.65793704986572,46.564065837860106,False,False,False,False,False,False,accumulation,3,3,interest,True,False,surge,False,46.0,분산3일,0.015811733879842447,31.608872174657506,True,False,True,False,False,True,False,,Uptrend Under Pressure,49.16,-0.1174,0.3131019320591388,0.8486957529206396,-0.09114175070839226,-0.20707818230683783,0.29170160095406744,0.39798728813559325,,False,,,0,1,0.279,0.882
BSAC,Banco Santander - Chile,Financials,XLF,15716407296.0,2026-10-01,32.59000015258789,-0.02308154807181695,-0.03522790614895799,-0.08813658024467219,-0.0890023149530379,-0.07088048674401692,False,-0.12933875214030088,-0.0959169693806956,-0.01996599226389295,-0.0053052820598371575,0.9015214046189598,1.075537065543807,0.9496047038974429,0.6060667469544676,1.075537065543807,9574195.779651642,0.5909085391968678,34.50499992370605,34.51249993642171,33.17710364659627,False,False,True,True,False,False,distribution,1,2,normal,False,False,,False,,,0.024963847495651174,34.34658370413133,False,False,False,True,False,True,False,,Uptrend Under Pressure,,,0.3737143599277332,0.9161407579283121,0.1979875262264852,-0.06760320432229816,0.6437560984424127,0.3977754237288136,,False,,,0,1,0.279,0.882
CCEP,Coca-Cola Europacific Partners ,Consumer Staples,XLP,44735238144.0,2026-10-01,100.79000091552734,-0.009045307022185978,0.004785199567502785,-0.06485431381459816,-0.06574215300232034,-0.07103866175757323,False,-0.10710848530006589,-0.09607088213743342,-0.01082518680475475,-0.006613281735094234,0.9022469048568531,0.805500435857584,0.7964220209609624,0.4699226856686489,0.805500435857584,185965643.85596007,0.45794205936668875,102.69100036621094,105.79816652933756,100.83911355336507,False,False,False,True,False,False,dry_up,1,2,normal,False,False,,False,81.0,,0.020169239051032788,41.78602624467135,True,False,False,True,False,True,False,,Uptrend Under Pressure,94.74,0.0639,0.34009522083751137,0.9096505422560582,0.05978726690012959,0.008863485541150462,0.6283807957789743,0.3975635593220339,,False,,,0,1,0.279,0.882
MNST,Monster Beverage Corporation,Consumer Staples,XLP,81535729664.0,2026-10-01,42.13999938964844,0.012494004591751873,-0.012420876541836878,-0.051328205161675466,-0.05222888620868971,-0.12828208261651952,False,-0.09419354827846715,-0.14840982009267434,0.0034824084690803225,-0.07244158624553898,0.4311438542118997,0.9769896807984637,1.0967798957417996,0.6425071669641783,0.9769896807984637,447251949.9268875,0.772486537545514,43.41600017547607,60.46800022125244,73.2047500928243,False,False,False,False,False,False,weak_rally,1,5,normal,False,False,,False,66.0,분산5일,0.023365984528400836,39.75277932995663,True,False,True,False,False,True,False,,Uptrend Under Pressure,96.38,-0.5628,1.0,0.9096505422560582,-0.41944083141340693,-0.471297713181172,0.028568718152578512,0.3972987288135593,,False,,,0,1,0.279,0.882
ARGX,argenx SE,Health Care,XLV,59990360064.0,2026-10-01,936.0,-0.02389168304236433,-0.027249455947131573,-0.11310724738193145,-0.11394927462187221,0.07244031182273769,False,-0.15318112999931077,0.043541840891122785,-0.08060587214716086,0.050168776423684225,0.8839361397861251,1.1936118860827556,1.094746544615955,0.3878931515236056,1.1936118860827556,247862135.93118897,0.020499245189213037,983.1419952392578,941.9691619873047,890.6540817260742,False,False,True,True,True,False,distribution,2,7,normal,False,False,,False,23.0,분산7일,0.022974510332603594,39.277012290822256,True,False,False,False,False,True,False,,Uptrend Under Pressure,1023.21,-0.0852,0.8659865813030879,0.9496588726121497,0.2094554423681223,0.18741621522734264,0.8124408225217736,0.39713983050847457,,False,,,0,1,0.279,0.882
DKS,Dick's Sporting Goods Inc,Consumer Discretionary,XLY,13231130624.0,2026-10-01,132.85000610351562,-0.010722967120483817,-0.00300183036761259,-0.023524793606252037,-0.024451871565208227,-0.37717745441879436,False,-0.06764642238751195,-0.39396031779180773,0.028503491304543882,-0.33269101316418015,0.6263853352100403,0.9566402913295066,0.8191718755895615,0.7859912728465503,0.9566402913295066,401834589.03133696,0.18928610354223432,131.2638240814209,170.06531944274903,195.35392780303954,True,False,False,False,False,False,dry_up,0,0,normal,False,False,,False,67.0,,0.035512649674200786,40.73807352862164,True,False,True,False,False,True,False,,Uptrend Under Pressure,236.92,-0.4393,0.621677559410876,0.8792679914183797,-0.4718170676004866,-0.40299577461207314,0.021724007083227928,0.3970868644067797,,False,,,0,1,0.279,0.882
DUK,Duke Energy Corporation (Holdin,Utilities,XLU,88893849600.0,2026-10-01,113.73999786376953,-0.0023682507446873835,0.004504058038647951,-0.05656934167993499,-0.057465046725393765,-0.12487766873677786,False,-0.09919786620846527,-0.14845911842010284,0.007115538692389345,0.030428316279226486,0.8790991446370935,1.1724566545087076,1.0890402942715771,0.49204165837925046,1.1724566545087076,480755777.2093212,0.8129480212964487,117.09349975585937,121.48605613708496,122.76754563649496,False,False,False,False,False,False,distribution,2,5,normal,False,False,,False,63.0,분산5일,0.012861415597969595,29.708277091809748,True,False,True,False,False,True,False,,Uptrend Under Pressure,128.47,-0.1147,0.46954839039052554,0.8486957529206396,-0.1266180768949161,-0.19713478098879422,0.25966987098406275,0.39634533898305085,,False,,,0,1,0.279,0.882
VRT,"Vertiv Holdings, LLC",Industrials,XLI,92901490688.0,2026-10-01,246.1199951171875,0.019932856521726938,0.0033428131073307554,-0.041215491183190345,-0.042125773369253716,-0.2024760829219433,False,-0.08453777310314714,-0.2239665299714172,-0.020310987594599927,-0.13560489549370025,0.8094987113540464,0.646259390234068,0.7209319739875605,1.0390840714693024,0.646259390234068,1346393990.777176,0.6988373868886258,252.0895217895508,268.7960070292155,295.30558280944825,False,False,False,False,False,False,weak_rally,1,0,normal,False,False,,False,143.0,,0.04493799998653772,45.673874916086056,True,False,False,False,False,True,False,,Uptrend Under Pressure,264.23,-0.0685,0.3925508806260214,0.9066175754014075,0.47281908658769733,-0.1531371355702359,0.6426059773770373,0.396292372881356,,False,,,0,1,0.279,0.882
CSGP,"CoStar Group, Inc.",Real Estate,XLRE,11102413824.0,2026-10-01,27.719999313354492,0.011678821141581697,-0.00502517207214459,-0.11324379045450728,-0.11408568805872121,-0.023067937804616134,False,-0.15331150342956346,-0.04939279942188657,-0.05471565109830834,0.09839360777665074,0.8218203287742064,0.7438282849896515,0.911225231373048,0.4953061888742228,0.7438282849896515,181924303.17372513,0.5506606819064072,29.270000076293947,30.03900000254313,31.744083404541016,False,False,False,False,False,False,weak_rally,1,1,normal,False,False,,False,293.0,,0.03881931302793362,38.42361359285342,True,False,False,False,False,True,False,,Uptrend Under Pressure,94.6,-0.707,0.48025508858731264,0.8915978830104153,-0.6712474769602128,-0.30767857980602353,0.022681688410249,0.3949682203389831,,False,,,0,1,0.279,0.882
LNT,Alliant Energy Corporation,Utilities,XLU,16412721152.0,2026-10-01,63.709999084472656,0.006477090874466684,0.006318080911468682,-0.059492159822643,-0.060385089907446954,-0.1536642749702939,False,-0.1019886180209243,-0.17647002749426355,0.003995420067524069,-0.0034669839924255097,0.8566115321828,1.2809821411516653,1.418456454212734,0.6359948083154104,1.2809821411516653,171431646.68209228,0.8405789489687886,65.6484998703003,69.30316588083903,70.91725282669067,False,False,False,False,False,False,accumulation,3,7,normal,False,False,,False,65.0,분산7일,0.016772427853276324,34.29100537387616,True,False,True,False,False,True,False,,Uptrend Under Pressure,75.71,-0.1585,0.3397342136134886,0.8486957529206396,-0.0989439750467287,-0.17773898166306012,0.30308536012431786,0.39369703389830507,,False,,,0,1,0.279,0.882
REG,Regency Centers Corporation,Real Estate,XLRE,13438593024.0,2026-10-01,71.80000305175781,-0.0011128854301166724,-0.015359231285121955,-0.04330426741942017,-0.044212566494804206,-0.13917086539304235,False,-0.08653216884809711,-0.1623671640115133,0.019840056302492748,-0.03214434715616399,0.880824718878808,0.8153956584806878,0.7975807055842515,0.5103805532541285,0.8153956584806878,100844944.16022491,0.8446638618115019,73.57514419555665,76.37151336669922,76.93713595072428,False,False,False,False,False,False,dry_up,2,3,normal,False,False,,False,67.0,분산3일,0.014494642194921763,30.163189544918552,True,False,True,False,False,True,False,,Uptrend Under Pressure,80.99,-0.1135,0.45999454985574223,0.8915978830104153,-0.06723578304410793,-0.13453261990177112,0.3704455928589498,0.39311440677966103,,False,,,0,1,0.279,0.882
RRX,Regal Rexnord Corporation,Industrials,XLI,10329064448.0,2026-10-01,156.57000732421875,0.009412718123410047,0.03846416590535018,-0.0239327844474142,-0.024859475054685887,-0.28704060211456606,False,-0.068035978331073,-0.3062523346539704,-0.0026514637516884543,-0.22726002312027127,0.7131536726993104,0.7488453726562381,0.7789627803287422,0.8988483065968177,0.7488453726562381,179982769.6679596,0.7892940627693021,154.9997802734375,176.66016031901043,193.56603965759277,True,False,False,False,False,False,weak_rally,1,0,normal,False,False,,False,41.0,,0.03425675449835574,46.01969494951616,True,False,False,False,False,True,False,,Uptrend Under Pressure,219.55,-0.2868,0.6170479189889158,0.9066175754014075,-0.04489682628481273,-0.2950213138572806,0.30069296375266524,0.39306144067796606,,False,,,0,1,0.279,0.882
TYL,"Tyler Technologies, Inc.",Information Technology,XLK,13047394304.0,2026-10-01,330.17999267578125,0.0363464731651737,0.010188118433783977,-0.11923818721941293,-0.12007439366722938,0.1332805726802131,False,-0.15903504585316364,0.10274267203817145,-0.18346196254094782,0.05709018344598493,0.8705671480478752,0.9728468831554775,0.8932624646718841,0.3802594684107211,0.9728468831554775,251831456.92825013,0.708282348688565,339.08250122070314,330.81983540852866,322.62500025431314,False,False,True,False,True,False,weak_rally,0,2,normal,False,False,,False,24.0,,0.03731405351629251,46.379455188369775,True,False,False,False,False,True,False,,Uptrend Under Pressure,369.88,-0.1073,0.37844405920252816,1.0,-0.37593702797612516,-0.03159992181624194,0.26105308807054317,0.3917372881355933,,False,,,0,1,0.279,0.882
COR,"Cencora, Inc.",Health Care,XLV,57295855616.0,2026-10-01,309.7799987792969,0.03174021242063896,-0.0002904325662657081,-0.07902243943935339,-0.07989682722871905,0.007694280012402022,False,-0.12063643002186664,-0.019459514504514996,-0.045271980671679146,-0.01323266443504767,0.9186287813828475,1.4180873680855874,1.1369145116820079,0.3699606740417832,1.4180873680855874,419836668.2121903,0.7355110012755102,316.31700286865237,314.9911107381185,299.7334971110026,False,False,True,False,True,False,accumulation,1,3,normal,False,False,,False,39.0,분산3일,0.0268070451435012,46.12224186913602,True,False,False,True,False,True,False,,Uptrend Under Pressure,324.38,-0.045,0.39232757514825733,0.9496588726121497,-0.07450812108572102,-0.10232324780733015,0.3977395106790502,0.39147245762711863,,False,,,0,1,0.279,0.882
JD,"JD.com, Inc.",Consumer Discretionary,XLY,35923300352.0,2026-10-01,26.3700008392334,-0.008646599208192218,-0.014205576103424322,-0.05246133986615664,-0.05336094510069511,-0.1464736274498254,False,-0.09527548275946829,-0.16947314247606104,-0.0019748440999155514,-0.08550866864878504,0.7878697304295894,0.8569465740898239,0.9661732117658351,0.7241185378108647,0.8569465740898239,158573130.6229043,0.16949212814793263,27.026500034332276,29.13566687901815,29.233250093460082,False,False,True,False,False,False,dry_up,2,2,normal,False,False,,False,45.0,,0.0164120530087703,35.265051123019276,True,False,False,False,False,True,False,,Uptrend Under Pressure,32.2,-0.1811,0.5366063544607231,0.8792679914183797,-0.28356566668017114,-0.14133441036352923,0.1898946550540277,0.39078389830508475,,False,,,0,1,0.279,0.882
TPR,"Tapestry, Inc.",Consumer Discretionary,XLY,22938019840.0,2026-10-01,119.23999786376953,0.03650901351544844,0.06350334412032077,-0.028000554503371466,-0.02892338311810483,-0.18733437354892446,False,-0.07191994787760492,-0.2092328360779988,0.02378925413928834,-0.12928798151116794,0.7263746207558114,1.0044965774701775,0.8849333572127307,0.6336417400480501,1.0044965774701775,369268414.7341633,0.9878532068151772,115.8973503112793,132.18879623413085,137.20583012898763,True,False,False,False,False,False,accumulation,2,3,normal,False,False,,False,156.0,분산3일,0.02533306277445787,49.061345591783066,True,False,True,False,False,True,False,,Uptrend Under Pressure,153.56,-0.2235,0.6031517641610346,0.8792679914183797,-0.05588016976767518,-0.27199731963413554,0.2942638502403238,0.39046610169491525,,False,,,0,1,0.279,0.882
TOST,"Toast, Inc.",Financials,XLF,16756219904.0,2026-10-01,29.229999542236328,0.008278708969058579,-0.02922620558874045,-0.14130438436906545,-0.1421196408891402,-0.023456986694723514,False,-0.18010419100100794,-0.049771364821287856,-0.07710860269182174,0.0454652639595432,0.7906410218311702,0.9354540616982772,1.0540795307545157,0.6438596327279023,0.9354540616982772,258709992.2890234,0.7482513751580565,31.167500019073486,32.419333362579344,29.366833305358888,False,False,True,True,False,False,weak_rally,1,4,normal,False,False,,False,40.0,분산4일,0.03567030511221085,34.01142135498209,True,False,False,False,False,True,False,,Uptrend Under Pressure,34.8,-0.1601,0.408905059937178,0.9161407579283121,-0.2020477614478935,0.10540742988306517,0.45142025947743125,0.39030720338983055,,False,,,0,1,0.279,0.882
SJM,The J.M. Smucker Company,Consumer Staples,XLP,12702345216.0,2026-10-01,115.94999694824219,-0.0248928317442344,-0.04693413235236943,-0.11784848756427291,-0.11868601341058638,-0.032502314432793056,False,-0.15770813920280247,-0.05857295298912324,-0.06688116042860992,0.034595640560108665,0.876152336079854,0.917379757128414,0.8620698855562667,0.611192157729532,0.917379757128414,159931326.39637834,0.22868569989118562,122.01399955749511,120.31894391377767,111.35043805440267,False,False,True,True,True,False,dry_up,1,1,normal,False,False,,False,24.0,,0.022956328466606994,33.32600267715577,True,False,False,False,False,True,False,,Uptrend Under Pressure,131.84,-0.1205,0.4840892070108727,0.9096505422560582,0.09278137783765406,0.20504185435927935,0.738863792418055,0.3899364406779661,,False,,,0,1,0.279,0.882
PLD,"Prologis, Inc.",Real Estate,XLRE,126216339456.0,2026-10-01,128.17999267578125,-0.0127849946775217,-0.04214627364929735,-0.05412050893525999,-0.05501853893361852,-0.1286748175229817,False,-0.09685968295965097,-0.15215394748500255,0.008309915651879551,-0.02034333014226386,0.8751450952039146,1.5026292023711323,1.1832553287223189,0.5398097733786024,1.5026292023711323,480434378.18341064,0.5426806291490857,134.089306640625,139.15647252400717,139.85525080362956,False,False,False,True,False,False,distribution,1,3,interest,False,False,,False,49.0,분산3일,0.0172416287313936,26.80874799342834,True,False,True,False,False,True,False,,Uptrend Under Pressure,143.98,-0.1097,0.35602837316158414,0.8915978830104153,0.08248596279850351,-0.09468378246794562,0.5407502439376964,0.3892478813559322,,False,,,0,1,0.279,0.882
NTR,Nutrien Ltd.,Materials,XLB,33524008960.0,2026-10-01,69.7300033569336,-0.007402087445785188,-0.04993351359644871,-0.12483608003899893,-0.1256669717762977,0.0010468517555268786,False,-0.1643800001984026,-0.02592781809577127,-0.04969821948560249,0.06905764235272183,0.8703940445251171,0.9385678785701151,0.9920397124447603,0.42391283090156184,0.9385678785701151,207173756.18643838,0.7928749358553917,75.63045196533203,71.18432299296062,69.52200752894083,False,False,True,False,True,False,dry_up,1,3,normal,False,False,,False,13.0,분산3일,0.030716629821306612,36.13611266149351,True,False,False,False,False,True,False,,Uptrend Under Pressure,76.41,-0.0874,0.4260017313142695,0.9085780336452783,0.16650156177148068,-0.09794175862095322,0.5906598966426946,0.3872351694915254,,False,,,0,1,0.279,0.882
CART,Maplebear Inc.,Consumer Staples,XLP,10233816064.0,2026-10-01,44.11000061035156,0.022959223167669185,0.019648689824272703,-0.14399375790256053,-0.14480646109725648,-0.03765170310147303,False,-0.18267204630247602,-0.06358358385737628,-0.094537004095398,0.029089131193068107,0.8518733420285055,0.8706627582698289,0.8103933887632934,0.762379224361151,0.8706627582698289,193614631.91038743,0.955884044149615,46.03899993896484,47.248833147684735,44.85595814387003,False,False,False,True,False,False,weak_rally,2,3,normal,False,False,,False,38.0,분산3일,0.03658386915187039,40.20285049406822,True,False,False,False,False,True,False,,Uptrend Under Pressure,50.17,-0.1208,0.4227108492781191,0.9096505422560582,0.18088415931427315,0.11127197966799618,0.7714493513064218,0.38638771186440685,,False,,,0,1,0.279,0.882
BAM,Brookfield Asset Management Inc,Financials,XLF,71205478400.0,2026-10-01,44.560001373291016,-0.0004486419233329375,-0.0004486419233329375,-0.1028789406891738,-0.1037306788133543,-0.053913240687475494,False,-0.1434149851187565,-0.07940693055662118,-0.03581048638099671,0.012859474776760083,0.8054665583254105,1.4696069786685138,1.303417159684844,0.5703046146587354,1.4696069786685138,147734580.1328493,0.666668785941578,46.319000244140625,48.67093041737874,47.68528772989909,False,False,True,True,False,False,distribution,4,4,normal,False,False,,False,33.0,분산4일,0.024323543406531645,32.11686836319244,True,False,False,False,False,True,False,,Uptrend Under Pressure,53.79,-0.1715,0.5268028945291691,0.9161407579283121,-0.21366372083453655,-0.013963317871261705,0.3604938383144809,0.38596398305084745,,False,,,0,1,0.279,0.882
YUM,"Yum! Brands, Inc.",Consumer Discretionary,XLY,37207334912.0,2026-10-01,136.69000244140625,0.0025671564685112447,-0.004732735647416386,-0.09182818155090788,-0.09269041140612233,-0.0915169553635844,False,-0.1328635499666575,-0.11599735820546286,-0.04343921907767956,-0.026626597937110086,0.8730800017660197,0.7536541980997518,0.8144810881611255,0.8028709554269152,0.7536541980997518,325920835.2926086,0.5245942646735107,141.19443969726564,147.53875681559245,150.8530606587728,False,False,False,False,False,False,weak_rally,5,1,normal,False,False,,False,29.0,,0.02454199872256303,38.289397143267166,True,False,False,False,True,True,False,,Uptrend Under Pressure,151.57,-0.0981,0.3980302652664922,0.8792679914183797,-0.12010002401333042,-0.14723585486786805,0.3037783238769831,0.385646186440678,,False,,,0,1,0.279,0.882
BSBR,Banco Santander Brasil SA,Financials,XLF,41705529344.0,2026-10-01,5.329999923706055,-0.04308801446297561,-0.06654993203191584,-0.09507639311945826,-0.09593553908136798,-0.02555009025839927,False,-0.13596499243744453,-0.0518080666516223,-0.02742462310406879,0.043224433765810755,0.8853820499324546,0.5791448384305574,0.7596726616800495,0.3934312242222849,0.5791448384305574,20169770.74594736,0.14634021529787214,5.8109999895095825,5.624028420448303,5.53703560034434,False,False,True,False,True,False,dry_up,0,1,normal,False,False,,False,,,0.02653443541380545,32.73900222883334,False,False,False,False,False,True,False,,Uptrend Under Pressure,,,0.4719392354497261,0.9161407579283121,-0.07796330079437463,-0.1586782649839189,0.3426303711466878,0.38554025423728816,,False,,,0,1,0.279,0.882
HL,Hecla Mining Company,Materials,XLB,11422232576.0,2026-10-01,17.0,-0.0017616374301754334,-0.05239690669312436,-0.18151181389861137,-0.1822888969745894,0.05755546937238121,False,-0.2184948644385042,0.0290580922658783,-0.11123989136022683,0.1294054366803734,0.7932804366733562,0.6511649849199993,0.8644435966857936,0.44338366625903985,0.6511649849199993,681555420.7073772,0.25641038181080145,18.817000102996825,17.709702444076537,17.460670248667398,False,False,True,False,True,False,dry_up,1,6,normal,False,False,,False,30.0,분산6일,0.053067231378635435,39.208852249376974,True,False,False,False,False,True,False,,Uptrend Under Pressure,20.54,-0.1722,0.49373090881339393,0.9085780336452783,0.37104770403094123,-0.14483690562186902,0.6284928264247769,0.38532838983050854,,False,,,0,1,0.279,0.882
UMBF,UMB Financial Corporation,Financials,XLF,9874263040.0,2026-10-01,129.7899932861328,-0.0016921869856055816,-0.038521460815071795,-0.08215663140211704,-0.0830280435498395,-0.09711019313661107,False,-0.12362900481564865,-0.12143987801552647,-0.013538984552805555,-0.03338622324080931,0.8566901343906734,1.077571387420203,0.9448077441296449,0.6385368357996478,1.077571387420203,93522794.41054687,0.913404469790448,136.29892272949218,141.88841959635417,136.14834213256836,False,False,False,True,False,False,distribution,3,3,normal,False,False,,False,45.0,분산3일,0.022206218330134187,28.506066633918323,True,False,False,False,False,True,False,,Uptrend Under Pressure,147.75,-0.1215,0.4698998768099785,0.9161407579283121,0.02196240792340265,0.03566676727945861,0.6224775035235446,0.3840042372881356,,False,,,0,1,0.279,0.882
NOC,Northrop Grumman Corporation,Industrials,XLI,68684632064.0,2026-10-01,482.0,-0.0030611627217199677,-0.05300799717860205,-0.07983659795249898,-0.08071021276943524,-0.10045899046711615,False,-0.12141380111895617,-0.12469843710969841,-0.059774155387663286,-0.025033822444252896,0.8218625276700348,1.184770317960754,0.9811148612624572,0.8210929006009364,1.184770317960754,450977478.6925049,0.11070195886330748,515.1214981079102,535.6478134155274,546.1327041625976,False,False,False,False,False,False,distribution,2,4,normal,False,False,,False,63.0,분산4일,0.02475401149675135,26.288102869675498,True,False,False,False,False,True,False,,Uptrend Under Pressure,546.52,-0.1181,0.33347048627776377,0.9066175754014075,-0.2290780242996403,-0.3381609411222627,0.12038234975244841,0.3839512711864407,,False,,,0,1,0.279,0.882
UL,Unilever PLC,Consumer Staples,XLP,130773868544.0,2026-10-01,59.58000183105469,-0.01893623777128206,-0.04289153685052716,-0.07728043808817797,-0.07815647975574425,-0.051727646335843924,False,-0.11897314028205608,-0.07728023023773212,-0.02396924482548768,0.014036992335997978,0.8984768875415973,1.6272862254551357,1.151215082778888,0.4030662383068322,1.6272862254551357,188627222.38626862,0.5034972496838871,62.33699989318848,62.65634962717692,60.10464617411296,False,False,True,True,False,False,distribution,0,3,interest,False,False,,False,46.0,분산3일,0.017035921045482755,32.633695296389064,True,False,False,False,False,True,False,,Uptrend Under Pressure,66.31,-0.1015,0.5435939017102642,0.9096505422560582,-0.1344579545035186,0.00308231430082917,0.43332550323443314,0.3837923728813559,,False,,,0,1,0.279,0.882
REGN,"Regeneron Pharmaceuticals, Inc.",Health Care,XLV,78067687424.0,2026-10-01,734.8099975585938,-0.03093887582046151,-0.07689507860455669,-0.13757734787236942,-0.1383961428882151,0.10249078162263459,False,-0.17654555910863234,0.07278255688148816,-0.10597271231184313,0.07959518342537364,0.8624226521276306,1.391580901513377,1.1908133692876337,0.34619458151311233,1.391580901513377,587295127.0731506,0.1643958232116659,788.2224975585938,763.4439910888672,715.385176595052,False,False,True,True,True,False,distribution,2,5,normal,False,False,,False,35.0,분산5일,0.029702996143918314,34.74927385821299,True,False,False,False,False,True,False,,Uptrend Under Pressure,797.06,-0.0781,0.39473093800189063,0.9496588726121497,0.2772837118731728,-0.08824105315247044,0.6566875067760471,0.3835805084745763,,False,,,0,1,0.279,0.882
AMCR,Amcor plc,Materials,XLB,19337048064.0,2026-10-01,41.810001373291016,-0.001194439472802622,-0.006888292430897391,-0.09145844653586777,-0.09232102742219994,-0.04217643690457151,False,-0.1325105212755202,-0.06798639209796054,-0.013454924002402113,0.022897777818248644,0.8728281510832308,0.9164923165580358,0.8181236890655351,0.3955354820053076,0.9164923165580358,141283051.13271236,0.6526339459598373,42.79300022125244,44.27612908681234,41.64870465596517,False,False,False,True,False,False,dry_up,1,2,normal,False,False,,False,36.0,,0.020312985297103802,38.61419146562888,True,False,False,False,False,True,False,,Uptrend Under Pressure,46.73,-0.1053,0.45119400485485345,0.9085780336452783,0.0008009440042182625,-0.01805080202126441,0.5571012973871562,0.38352754237288134,,False,,,0,1,0.279,0.882
ALSN,"Allison Transmission Holdings, ",Industrials,XLI,9352788992.0,2026-10-01,116.27999877929688,0.02666428205990945,0.03139968939688065,-0.0823139482324714,-0.0831852110215977,-0.044766023539812516,False,-0.12377921335001707,-0.07050619853818418,-0.06230551965862263,0.035328916448605696,0.8727764205374168,0.9925084015815527,0.9050302323287734,0.4802251224985117,0.9925084015815527,96462231.81746522,0.8889029384015329,120.29450035095215,120.91277313232422,120.66345342000325,False,False,False,False,False,False,weak_rally,2,2,normal,False,False,,False,41.0,,0.033988584627510345,43.1053238882868,True,False,False,False,False,True,False,,Uptrend Under Pressure,122.34,-0.0496,0.45350933861609216,0.9066175754014075,0.26716053776384596,-0.10992809144738347,0.623820064327274,0.38278601694915254,,False,,,0,1,0.279,0.882
ELV,"Elevance Health, Inc.",Health Care,XLV,84323123200.0,2026-10-01,381.6700134277344,-0.01838895571678323,-0.04163210689834429,-0.055462175100336575,-0.056358931303803206,-0.038568754811798556,False,-0.09814072649335293,-0.06447592426964532,-0.02084831882529481,-0.05853494759186306,0.8996559075368579,0.9269523840600169,0.9407554216930144,0.36577638957244224,0.9269523840600169,514163633.45701903,0.4067226503794808,404.56773681640624,396.1365290323893,387.6426315307617,False,False,False,True,True,False,dry_up,0,5,normal,False,False,,False,12.0,분산5일,0.023627371827552802,34.635608044149194,True,False,False,False,False,True,False,,Uptrend Under Pressure,417.54,-0.0859,0.3347061716835353,0.9496588726121497,0.09857107358035821,0.16311000312370427,0.7344430992736077,0.38241525423728817,,False,,,0,1,0.279,0.882
CVNA,Carvana Co.,Consumer Discretionary,XLY,69323325440.0,2026-10-01,63.040000915527344,0.00799488315766661,-0.017762533253782187,-0.1499460921988004,-0.15075314417174057,-0.019615147267530664,False,-0.1883554268326798,-0.046033049370009294,-0.10465375234723184,0.05041095160674347,0.8319916023289944,1.4805896571881172,1.2666136515338382,0.6462295662697823,1.4805896571881172,506354095.06281775,0.9449546261072245,67.25750045776367,68.38516654968262,69.79826653798422,False,False,False,True,False,False,accumulation,3,3,normal,False,False,,False,45.0,분산3일,0.05039317194095871,41.24969463291351,True,False,False,False,False,True,False,,Uptrend Under Pressure,66.32,-0.0495,0.4171272198036935,0.8792679914183797,-0.17024884894008263,-0.007888610531197271,0.390317480394637,0.38236228813559325,,False,,,0,1,0.279,0.882
BCH,Banco De Chile,Financials,XLF,20208465920.0,2026-10-01,38.970001220703125,-0.025993430253916205,-0.060963826007153665,-0.08046247667458495,-0.081335497274316,-0.0827341113509118,False,-0.12201139976955933,-0.10745118075558091,-0.011718175414750731,-0.01799550933060523,0.9054368120759982,1.1008162291974786,0.9050534131189096,0.5253853564419403,1.1008162291974786,11930351.865489196,0.6347834740351285,41.4709997177124,41.27266654968262,39.774083296457924,False,False,True,True,True,False,distribution,1,3,normal,False,False,,False,,분산3일,0.025440795463991014,33.74310329117873,False,False,False,True,False,True,False,,Uptrend Under Pressure,,,0.3772456417645221,0.9161407579283121,0.2586941851559248,-0.04507722685021276,0.6888421090672545,0.381885593220339,,False,,,0,1,0.279,0.882
OKE,"ONEOK, Inc.",Energy,XLE,53754990592.0,2026-10-01,87.16000366210938,0.022164971190914873,-0.04408857896042595,-0.09217788019172901,-0.09303977803861374,-0.06189187475544178,False,-0.1331974476188671,-0.08717056867362838,-0.06299825847161289,-0.09772457029037751,0.8938570582773531,0.870288667699214,0.9467632257662218,0.8401165182645586,0.870288667699214,344693470.2388321,0.9371078839468437,92.40350036621093,91.9180741628011,89.39713910420735,False,False,True,True,True,False,weak_rally,1,1,normal,False,False,,False,43.0,,0.029215582931385018,36.35242429599506,True,False,False,False,False,True,False,,Uptrend Under Pressure,89.74,-0.0287,0.3692716390372626,0.9566614457922488,0.1991080830581451,-0.03766042167336514,0.6683405008854034,0.38013771186440676,,False,,,0,1,0.279,0.882
AMP,"Ameriprise Financial, Inc.",Financials,XLF,43523739648.0,2026-10-01,494.82000732421875,0.005016758789648135,0.019932007728310275,-0.1033432468691623,-0.1041945441751605,-0.08053797658753681,False,-0.1438583118158252,-0.1053142240517414,-0.03630950392741039,-0.015644376222488154,0.8670708867926606,0.8502831454677481,0.9782079342312222,0.7239197472353871,0.8502831454677481,359215599.815567,0.7552373976934523,530.1890014648437,539.8069885253906,500.6872138977051,False,False,True,True,False,False,weak_rally,2,6,normal,False,False,,False,12.0,분산6일,0.03141834551053176,31.825730917485245,True,False,False,False,False,True,False,,Uptrend Under Pressure,559.34,-0.1154,0.24095545754275047,0.9161407579283121,-0.0292307732394278,0.07337072241353981,0.6009820750966717,0.3795021186440678,,False,,,0,1,0.279,0.882
PDD,PDD Holdings Inc.,Consumer Discretionary,XLY,110939529216.0,2026-10-01,76.5,-0.018475781322804252,-0.021739092258115544,-0.06990881458966569,-0.0707918549701767,-0.10689763182914724,False,-0.11193460054582138,-0.1309635798740093,-0.0203519504002887,-0.04310587233381069,0.8225806451612904,0.7542877761721454,0.7520058375584178,0.6453727491000599,0.7542877761721454,500382194.948291,0.07819029528578829,78.78749961853028,84.11666641235351,87.35974979400635,False,False,False,False,False,False,dry_up,2,0,normal,False,False,,False,45.0,,0.022633072597528593,36.146908669900554,True,False,False,False,False,True,False,,Uptrend Under Pressure,88.32,-0.1338,0.4416871387841053,0.8792679914183797,-0.45422641475848824,-0.29893602623587545,0.0454772144122005,0.3792902542372882,,False,,,0,1,0.279,0.882
VMC,Vulcan Materials Company (Holdi,Materials,XLB,31698847744.0,2026-10-01,243.97999572753906,-0.0026571113203583963,0.009433176698736556,-0.07558821468520749,-0.0764658629711581,-0.1414306186576766,False,-0.11735737929442591,-0.1645660249231552,0.003777858612231677,-0.08309970007456102,0.84749087260939,1.6415527143496491,1.2868354860692026,0.7404864200278466,1.6415527143496491,317234546.66163635,0.8267954656377483,248.32199935913087,269.2041633605957,278.03684832255044,False,False,False,False,False,False,distribution,5,5,interest,False,False,,False,72.0,분산5일,0.026991370241801323,37.9918947857208,True,False,True,False,False,True,False,,Uptrend Under Pressure,302.28,-0.1929,0.4620435128361136,0.9085780336452783,-0.2623481924152813,-0.20160512474977121,0.15820443785913052,0.3783368644067797,,False,,,0,1,0.279,0.882
PPG,"PPG Industries, Inc.",Materials,XLB,23192559616.0,2026-10-01,104.66999816894531,0.0032588549019791913,-0.015519201755220036,-0.059653216559933275,-0.060545993735425796,-0.12445604260984477,False,-0.10214239747607878,-0.14804885362511422,0.021080968058992733,-0.06497187696837148,0.8797276451147926,1.027672027333875,0.9742834835431309,0.5293611287799344,1.027672027333875,189186529.80689162,0.9097864000653282,106.57849960327148,111.83488909403484,111.82688458760579,False,False,False,True,False,False,accumulation,2,4,normal,False,False,,False,69.0,분산4일,0.021168558276302648,38.82298884594642,True,False,True,False,False,True,False,,Uptrend Under Pressure,120.23,-0.1294,0.47476456986653504,0.9085780336452783,-0.07111787726303664,-0.1047428521989694,0.3975479744136461,0.3782309322033899,,False,,,0,1,0.279,0.882
WTFC,Wintrust Financial Corporation,Financials,XLF,9568024576.0,2026-10-01,143.5500030517578,0.012198530800975549,-0.005335395186968794,-0.05695702338337727,-0.05785236035890451,-0.113317870677063,False,-0.09956803067430386,-0.13721081600683216,0.013544537282746294,-0.05073780289181529,0.882841314042571,1.7678428611301968,1.0408698565425099,0.491410051789844,1.7678428611301968,67646762.66724244,0.9056255261642076,147.9720031738281,154.83533096313477,153.18447647094726,False,False,False,True,False,False,accumulation,1,2,interest,True,False,surge,False,65.0,,0.02050555099655448,35.31730406539707,True,False,True,False,False,True,False,,Uptrend Under Pressure,160.17,-0.1038,0.3795454752000507,0.9161407579283121,-0.011687737607369075,-0.08234123923290537,0.48031693831086697,0.3767478813559323,,False,,,0,1,0.279,0.882
BA,Boeing Company (The),Industrials,XLI,146940903424.0,2026-10-01,192.27999877929688,0.0334855986312772,-0.02296750102830125,-0.07942737935423771,-0.08030138268850684,-0.1006891225803831,False,-0.12102307289399317,-0.12492236797697309,-0.05935601454297723,-0.025283250790962053,0.8005328982258664,1.6583385276836773,1.4518883574951933,0.7670199569496363,1.6583385276836773,1605749135.8776505,0.7507270354861544,200.81749954223633,212.99133275349934,218.46774991353354,False,False,False,False,False,False,accumulation,5,4,interest,True,False,surge,False,38.0,분산4일,0.036288604608468125,39.605192149446424,True,False,False,False,False,True,False,,Uptrend Under Pressure,234.42,-0.1798,0.31789333546678816,0.9066175754014075,-0.17354972335597674,-0.1489363859879348,0.2496232517798417,0.3747351694915254,,False,,,0,1,0.279,0.882
CW,Curtiss-Wright Corporation,Industrials,XLI,20085690368.0,2026-10-01,544.9400024414062,0.0020594959767998855,0.0018200022284367012,-0.02954432708833421,-0.030465690025774483,-0.27398257884025,False,-0.07339396573610801,-0.2935461788932654,-0.008385355588069854,-0.21310710412794542,0.7195732318313198,0.9128530441732352,0.9170511177462071,0.8453533568904593,0.9128530441732352,243760230.16069335,0.913359987743584,555.6501953125,647.314067586263,692.8063532511393,False,False,False,False,False,False,weak_rally,3,2,normal,False,False,,False,127.0,,0.026969671308874437,33.74479741193966,True,False,False,False,False,True,False,,Uptrend Under Pressure,680.89,-0.1997,0.6427555306777741,0.9066175754014075,-0.07566412856565541,-0.28830130609813387,0.2704049365761989,0.3744703389830508,,False,,,0,1,0.279,0.882
EXC,Exelon Corporation,Utilities,XLU,41622261760.0,2026-10-01,40.470001220703125,0.001732665648029208,0.006716429170135374,-0.0708359856350057,-0.0717181457475542,-0.14625910309572265,False,-0.11281987775052815,-0.16926439879407862,-0.008114153797918688,0.005252367021573168,0.8595696094678852,1.4561882538760145,1.3827340491827282,0.6149118210689483,1.4561882538760145,362300147.8741539,0.851615221425372,42.043500137329104,44.12711168924967,44.72169389724731,False,False,False,False,False,False,accumulation,2,3,normal,False,False,,False,67.0,분산3일,0.01635249940023788,29.143661774672537,True,False,False,False,False,True,False,,Uptrend Under Pressure,46.95,-0.1381,0.3661838404234398,0.8486957529206396,-0.13266888959039136,-0.22346890322653323,0.23314209822557913,0.37436440677966104,,False,,,0,1,0.279,0.882
CI,The Cigna Group,Health Care,XLV,71828488192.0,2026-10-01,267.9599914550781,-0.014236821941492006,0.009265504538900737,-0.047348980272704844,-0.048253439246351615,-0.07689201743267826,False,-0.09039412302213323,-0.10176651059269737,-0.012437805084336562,-0.09606234503436517,0.8949969940866376,1.1939926979307092,1.28380670375025,0.4260085322531779,1.1939926979307092,455755532.26186675,0.3894807357716391,276.64296569824216,280.22939249674477,280.7036636352539,False,False,False,True,False,False,distribution,2,7,normal,False,False,,False,67.0,분산7일,0.027624053075584208,41.245458845934685,True,False,False,False,False,True,False,,Uptrend Under Pressure,281.23,-0.0472,0.36899305500689555,0.9496588726121497,-0.1338038613765452,-0.08628630543007665,0.35240956235770304,0.3740466101694915,,False,,,0,1,0.279,0.882
FHN,First Horizon Corporation,Financials,XLF,10906350592.0,2026-10-01,23.049999237060547,0.0013031615421519316,-0.0056083290079252945,-0.055378392661602605,-0.05627522840918042,-0.11938476119484487,False,-0.09806072972949909,-0.14311422529648343,0.015241185881076147,-0.05723288115274949,0.8851774985962222,1.3427815313369644,1.0799065563049948,0.4901788553607011,1.3427815313369644,121750435.55414486,0.9504120506693065,23.87446222305298,24.751058038075765,24.52678165435791,False,False,False,True,False,False,accumulation,1,4,normal,False,False,,False,53.0,분산4일,0.019724207899423817,33.88360340681528,True,False,True,False,False,True,False,,Uptrend Under Pressure,25.62,-0.1004,0.38977450104653427,0.9161407579283121,-0.058832617388472674,-0.09672145719022884,0.42114217050341507,0.37293432203389837,,False,,,0,1,0.279,0.882
AWK,"American Water Works Company, I",Utilities,XLU,25729443840.0,2026-10-01,127.86000061035156,-0.012435317796954726,-0.027902366023004777,-0.08337518406207567,-0.08424543930043116,-0.0614563213112278,False,-0.12479249767709832,-0.08674675185326963,-0.021499792124678452,0.10510490709314868,0.9075165104993661,1.2997456554534663,0.9318621495515685,0.22998531596694083,1.2997456554534663,252728390.7817009,0.5701565115187062,135.40100021362304,134.93588790893554,130.83646418253582,False,False,False,False,True,False,distribution,0,4,normal,False,False,,False,46.0,분산4일,0.018513548078287125,28.623308754181068,True,False,False,True,False,True,False,,Uptrend Under Pressure,137.13,-0.0676,0.49938762348197163,0.8486957529206396,-0.1204780875548912,-0.12630350424724834,0.32263019045209784,0.3726694915254238,,False,,,0,1,0.279,0.882
CNA,CNA Financial Corporation,Financials,XLF,12144570368.0,2026-10-01,45.880001068115234,0.02228163939840999,-0.004988062008064564,-0.05518946106640421,-0.056086476188037304,-0.1282828125372928,False,-0.09788033493037485,-0.1517725056463337,0.015444241935764547,-0.06675893732099936,0.8373877180105553,0.9568440059860417,0.9447553743663707,0.5161500515388013,0.9568440059860417,29182278.27994728,0.831501943619724,47.270000267028806,49.73102696736654,47.46238638559977,False,False,False,True,False,False,weak_rally,1,6,normal,False,False,,False,,분산6일,0.022117166672987677,37.51977617672176,False,False,True,False,False,True,False,,Uptrend Under Pressure,,,0.3485746747508914,0.9161407579283121,-0.014190714853345554,-0.06760929749866063,0.4923728813559322,0.371875,,False,,,0,1,0.279,0.882
XPO,"XPO, Inc.",Industrials,XLI,20604874752.0,2026-10-01,179.72999572753906,0.02130924020367586,0.020497392178267626,-0.03360576483266653,-0.034523271789545396,-0.1790592926114809,False,-0.0772718890938997,-0.20118073928549185,-0.012535345388803187,-0.1102246423449621,0.8392323153445019,0.8987697935958496,0.9679485716079433,0.6736532764191846,0.8987697935958496,201064002.18701172,0.9499618241132782,179.5209991455078,195.08766606648763,203.43183314005535,True,False,False,False,False,False,weak_rally,2,3,normal,False,False,,False,116.0,분산3일,0.03189111367841178,45.696444082451734,True,False,False,False,False,True,False,,Uptrend Under Pressure,222.12,-0.1908,0.36335483189590456,0.9066175754014075,0.24183497821584798,-0.1997438321783067,0.5419916157710238,0.37150423728813564,,False,,,0,1,0.279,0.882
SO,Southern Company (The),Utilities,XLU,95353585664.0,2026-10-01,83.47000122070312,0.0069972473799670976,0.0069972473799670976,-0.054806890178875634,-0.05570426851816679,-0.1427048353008159,False,-0.09751505035034436,-0.16580590593734035,0.00899696185502985,0.009437402700213093,0.8653906390895371,1.1687254077763112,1.1105415395953877,0.46496097612856946,1.1687254077763112,553609638.0285797,0.9153592270161676,85.6299991607666,90.19555638631185,91.55261605580648,False,False,False,False,False,False,accumulation,2,3,normal,False,False,,False,67.0,분산3일,0.014919834492974127,33.25863319524673,True,False,True,False,False,True,False,,Uptrend Under Pressure,96.36,-0.1338,0.32840442929927166,0.8486957529206396,-0.1671955610392425,-0.20744498715092063,0.21068085721513496,0.37118644067796613,,False,,,0,1,0.279,0.882
JHX,James Hardie Industries plc.,Materials,XLB,14693023744.0,2026-10-01,25.200000762939453,-0.004346057104858692,-0.03448274350100189,-0.11454667696429432,-0.11538733759151365,-0.007584926868665964,False,-0.15455551955067837,-0.03432700083475759,-0.038525411924296926,0.059839423555961835,0.8108108373487584,0.47587073894834836,0.7044662075528042,0.3124976967681435,0.47587073894834836,376735448.07449627,0.8224859149842898,27.17249994277954,27.764833418528237,25.145499992370606,False,False,True,True,False,False,dry_up,2,2,normal,False,False,,False,38.0,,0.0424744956463255,34.508333631832414,True,False,False,False,False,True,False,,Uptrend Under Pressure,30.23,-0.1664,0.36388874357301204,0.9085780336452783,0.2899164943358916,0.27728746023873185,0.8603176610892269,0.3710275423728814,,False,,,0,1,0.279,0.882
NI,NiSource Inc,Utilities,XLU,18702843904.0,2026-10-01,39.5,0.012820512820512775,0.009713729000271343,-0.04009724094034928,-0.041008584807391224,-0.16673063398388555,False,-0.08347005053553636,-0.18918429437557183,0.024699564040138178,-0.0188522002499516,0.8505814768247966,1.0110036981192236,1.0545194433433593,0.45006962398483513,1.0110036981192236,230312832.25610885,0.9686100495738835,40.41849975585937,42.48553078969319,44.68870709737142,False,False,False,False,False,False,accumulation,2,7,normal,False,False,,False,63.0,분산7일,0.01610307193362907,37.7877177675404,True,False,True,False,False,True,False,,Uptrend Under Pressure,47.5,-0.1685,0.4021436353330536,0.8486957529206396,-0.15757918475704102,-0.24097938206024927,0.20185573343934082,0.37033898305084745,,False,,,0,1,0.279,0.882
BMRN,BioMarin Pharmaceutical Inc.,Health Care,XLV,11614425088.0,2026-10-01,58.439998626708984,-0.026000022888183594,-0.04743276152874909,-0.12737050079905288,-0.1281989863251033,-0.0234568216439085,False,-0.16679990420348068,-0.04977120421800818,-0.09539182162872761,-0.04373684629954344,0.832004561561254,1.0483110328465002,0.9907783680472148,0.7151820357543939,1.0483110328465002,125632088.82848072,0.028248149225745967,63.34099979400635,63.21866664886475,59.09833342234294,False,False,True,True,True,False,distribution,0,5,normal,False,False,,False,36.0,분산5일,0.026339590964441526,29.76127426639161,True,False,False,False,False,True,False,,Uptrend Under Pressure,69.55,-0.1597,0.5230604746116488,0.9496588726121497,0.0383482416188079,-0.0281555845209982,0.5765883054461349,0.36954449152542374,,False,,,0,1,0.279,0.882
PAG,"Penske Automotive Group, Inc.",Consumer Discretionary,XLY,13154899968.0,2026-10-01,202.83999633789062,0.012478786291797439,-0.024667042615287627,-0.06979730987391874,-0.07068045611842255,-0.07135851612200983,False,-0.1118281341245887,-0.0963821175587446,-0.02023450452077047,-0.0050282987716013805,0.9138229402841863,1.5237131181437744,1.388982798682196,0.41330536794709444,1.5237131181437744,84637450.69912568,0.7962179957749774,212.16499938964844,212.07228266398113,190.22141507466634,False,False,True,True,True,False,accumulation,2,5,interest,True,False,surge,False,45.0,분산5일,0.017913478877374885,33.04445804186594,True,False,False,True,False,True,False,,Uptrend Under Pressure,221.97,-0.0862,0.2988810318215768,0.8792679914183797,0.11769559645877781,0.26686373918383044,0.7654403527158398,0.3694915254237288,,False,,,0,1,0.279,0.882
WMB,"Williams Companies, Inc. (The)",Energy,XLE,83138699264.0,2026-10-01,69.22000122070312,0.018390466051944943,-0.019268922854478787,-0.0723434380862521,-0.07322416700430379,-0.08658072927799698,False,-0.11425921658555183,-0.1111941459430913,-0.042526288919911615,-0.1214703904404476,0.9194602136116494,0.9669757353567644,0.9531918531984067,0.6878858128704919,0.9669757353567644,532596153.33574677,0.9041772265794881,71.4444034576416,72.19695485432943,72.4966256459554,False,False,False,False,False,False,weak_rally,1,1,normal,False,False,,False,9.0,,0.023635817863710367,40.307102889633136,True,False,False,True,False,True,False,,Uptrend Under Pressure,72.05,-0.0393,0.4735069213886574,0.9566614457922488,0.05368310781500596,-0.09482218152507138,0.5224160673629431,0.36912076271186445,,False,,,0,1,0.279,0.882
RY,Royal Bank Of Canada,Financials,XLF,272165060608.0,2026-10-01,195.36000061035156,-0.006256654715151466,-0.020751876639841793,-0.060136630247741296,-0.06102894846414075,-0.09296481034481507,False,-0.10260396831612018,-0.1174061986190511,0.010127224129484746,-0.02894826848040455,0.902105665001653,1.3077117638420448,0.9979636676037199,0.38203729368906897,1.3077117638420448,193911124.69174653,0.8797339731390355,203.62749938964845,207.63405481974283,197.9163745880127,False,False,False,True,False,False,distribution,1,5,normal,False,False,,False,48.0,분산5일,0.016292270927725602,32.53395345637968,True,False,True,True,False,True,False,,Uptrend Under Pressure,207.84,-0.0601,0.3699355557529051,0.9161407579283121,0.21340390499382322,0.0820232904597209,0.7802618264609158,0.36875,,False,,,0,1,0.279,0.882
AMH,American Homes 4 Rent,Real Estate,XLRE,12458440704.0,2026-10-01,30.530000686645508,0.004606821316513576,-0.004564701313993447,-0.06481113833480723,-0.06569901851387816,-0.09259867805666899,False,-0.10706726068649175,-0.11704993230029226,-0.0030863221669453766,0.020218140318649214,0.8862936526885631,0.8173941920692711,1.0503073006639,0.34026467314076264,0.8173941920692711,104356959.78179789,0.8952410708771267,31.213445472717286,32.72861544291178,32.12279340426127,False,False,False,True,False,False,weak_rally,1,5,normal,False,False,,False,183.0,분산5일,0.016023432901936134,31.416742433801588,True,False,False,False,False,True,False,,Uptrend Under Pressure,30.63,-0.0033,0.4752245132246626,0.8915978830104153,-0.10057751296709472,0.028015368504068272,0.49926366954573376,0.3679555084745763,,False,,,0,1,0.279,0.882
TKO,"TKO Group Holdings, Inc.",Communication Services,XLC,34015553536.0,2026-10-01,176.0399932861328,-0.020476340471704768,-0.04874097261135557,-0.06865041557704732,-0.06953465069755838,-0.050391177031931744,False,-0.11073306177269504,-0.07597977405166356,-0.05076973642292426,-0.03664013256754939,0.8763985529380655,1.0720140706809642,0.8706546707197311,0.4564750004679326,1.0720140706809642,228396112.4705513,0.5436544661651465,187.1446876525879,186.9264170328776,190.12847976684571,False,False,False,False,False,False,distribution,0,4,normal,False,False,,False,17.0,분산4일,0.03189187656679185,35.37436318416751,True,False,False,False,False,True,False,,Uptrend Under Pressure,194.52,-0.095,0.37390442550654296,0.9239023508895683,-0.20806086670463164,-0.21925044718454756,0.17491688048859816,0.36742584745762713,,False,,,0,1,0.279,0.882
YUMC,"Yum China Holdings, Inc.",Consumer Discretionary,XLY,13907965952.0,2026-10-01,40.959999084472656,-0.0034063113101230336,-0.0007319490794239769,-0.0846927578888792,-0.08556176220591472,-0.07372072968657728,False,-0.12605053747487838,-0.09868067782785372,-0.03592360772341208,-0.007559238525862155,0.8322561137671598,0.84516135157459,0.9954713326814078,0.5372412001482818,0.84516135157459,54972438.25056076,0.1562477648236893,41.77349987030029,44.396480878194176,44.516428502400714,False,False,False,False,False,False,dry_up,2,1,normal,False,False,,False,38.0,,0.015842988110762356,35.976174134833045,True,False,False,False,False,True,False,,Uptrend Under Pressure,47.43,-0.1364,0.47312209786052195,0.8792679914183797,-0.0763273397552624,-0.20558435505494776,0.3076849409128691,0.36694915254237287,,False,,,0,1,0.279,0.882
CMS,CMS Energy Corporation,Utilities,XLU,19486650368.0,2026-10-01,63.63999938964844,0.008877576765035311,0.013860107145772016,-0.06494267304579426,-0.06583042834414066,-0.153746040773604,False,-0.1071928520559049,-0.17654958999855153,-0.0018230219265684688,-0.0035632605883070267,0.8588165137293525,1.5116537698949113,1.3203918888773576,0.5713982747556521,1.5116537698949113,248509475.97985992,0.9429804748280881,65.48599910736084,69.36518700917561,71.61389290491739,False,False,False,False,False,False,accumulation,3,6,interest,True,False,surge,False,127.0,분산6일,0.01560116402900403,32.834986480423055,True,False,False,False,False,True,False,,Uptrend Under Pressure,76.37,-0.1666,0.36848895680267924,0.8486957529206396,-0.17029153834466348,-0.2398337053681615,0.18713544866466697,0.36684322033898303,,False,,,0,1,0.279,0.882
AUR,"Aurora Innovation, Inc.",Consumer Discretionary,XLY,11103020032.0,2026-10-01,5.519999980926514,-0.0036101048852397177,-0.08910890543760397,-0.056410244288163214,-0.05730610038270567,-0.18504858158627024,False,-0.0990459575666115,-0.20700863811909487,-0.00613415296743014,-0.12683892193627277,0.7634854725261665,0.6174701011111376,0.9896623582400088,0.8015388024336952,0.6174701011111376,214177616.7991262,0.5217385895987312,6.181000018119812,6.251083334287007,6.318625009059906,False,False,False,True,False,False,dry_up,2,4,normal,False,False,,False,8.0,분산4일,0.06645963575292939,37.569489851162835,True,False,False,False,False,True,False,,Uptrend Under Pressure,6.51,-0.1521,0.3587601049518692,0.8792679914183797,-0.12141740419101843,0.12064944760514229,0.5260118897040222,0.36583686440677965,,False,,,0,1,0.279,0.882
WES,"Western Midstream Partners, LP",Energy,XLE,18332555264.0,2026-10-01,44.380001068115234,0.0002254256585811909,-0.021389138669086982,-0.0935457128676691,-0.09440631207684458,-0.06132941753719845,False,-0.13450347534044937,-0.08662326768682493,-0.06441005663284949,-0.09718359711828006,0.8911646937353401,2.33077986985646,1.3034578888588375,0.743921462282104,2.33077986985646,42772736.64962139,0.4287360165148685,46.966000175476076,46.99147262573242,44.665379683176674,False,False,True,True,False,False,accumulation,3,2,attention,True,False,surge,False,95.0,,0.022306713711078403,29.52581637218428,False,False,False,False,False,True,False,,Uptrend Under Pressure,45.13,-0.0166,0.3929632263854041,0.9566614457922488,0.18034801540034762,0.0749962567454261,0.7549157963210582,0.3656779661016949,,False,,,0,1,0.279,0.882
ETR,Entergy Corporation,Utilities,XLU,47424192512.0,2026-10-01,100.4000015258789,0.011484982521799969,0.022819863286478226,-0.05948476322361684,-0.06037770033084566,-0.1420375764789802,False,-0.101981555634169,-0.1651566273792583,0.004003315962942677,0.010223078439185462,0.8710595029843234,1.268407236060919,1.0978924083337358,0.4631545968484893,1.268407236060919,328144856.91656077,0.9030531318914624,102.6115005493164,106.96611150105794,109.37093467712403,False,False,False,False,False,False,accumulation,3,4,normal,False,False,,False,17.0,분산4일,0.019724671352274226,40.074720408391244,True,False,True,False,False,True,False,,Uptrend Under Pressure,108.53,-0.0749,0.3715729466997948,0.8486957529206396,0.020841224356963783,-0.1823544814041823,0.4152659824364858,0.36435381355932206,,False,,,0,1,0.279,0.882
EXPE,"Expedia Group, Inc.",Consumer Discretionary,XLY,31608293376.0,2026-10-01,262.6700134277344,-0.0026198813874744875,0.003514855502328107,-0.1473413766492876,-0.14815090157224164,-0.01676655499567048,False,-0.18586840427916296,-0.04326121657842685,-0.10191025305612023,0.05346301071463855,0.7756573513634564,0.5836419078358503,0.8474545450526074,0.5519378398562537,0.5836419078358503,679346637.8713974,0.26733458377174923,277.0559997558594,292.45228017171223,266.369145711263,False,False,True,True,False,False,dry_up,1,3,normal,False,False,,False,40.0,분산3일,0.04318973430078577,35.64107271400475,True,False,False,False,False,True,False,,Uptrend Under Pressure,319.2,-0.1771,0.37549005247774053,0.8792679914183797,0.24361784906819595,0.1505257824993922,0.8174234758411333,0.36430084745762714,,False,,,0,1,0.279,0.882
ZBH,"Zimmer Biomet Holdings, Inc.",Health Care,XLV,16943229952.0,2026-10-01,88.05999755859375,-0.008668290629166076,-0.015587176040445017,-0.11264329924298455,-0.11348576696117896,-0.02839505024110245,False,-0.15273814516534712,-0.05457636503138563,-0.08012492200598909,-0.04857252193243866,0.8709014692642452,1.048875885063638,0.8973063460941051,0.6412465684720784,1.048875885063638,202601581.99314117,0.2988490123429724,93.41968879699706,94.98253835042318,90.87286205291748,False,False,True,True,False,False,distribution,1,4,normal,False,False,,False,12.0,분산4일,0.02863114417180255,34.430168431750445,True,False,False,False,False,True,False,,Uptrend Under Pressure,98.15,-0.1028,0.32397253624987804,0.9496588726121497,-0.11770880779226867,-0.06069252066612718,0.39659119655957503,0.36403601694915255,,False,,,0,1,0.279,0.882
NWS,News Corporation,Communication Services,XLC,17113876480.0,2026-10-01,31.450000762939453,-0.008511934308313984,-0.0034853835508341646,-0.08327181544433149,-0.08414216882216519,-0.005376526505390333,False,-0.12469379972764127,-0.03217810904552587,-0.06567184781269542,0.009026363693748651,0.8931091504800862,1.0301707326647178,0.7591244976806493,0.2933415855020802,1.0301707326647178,39694619.487533376,0.536232685296012,32.70170888900757,32.644985898335776,31.23355040550232,False,False,True,True,True,False,distribution,0,2,normal,False,False,,False,252.0,,0.02457417002438859,39.40963599754068,False,False,False,False,False,True,False,,Uptrend Under Pressure,34.32,-0.0836,0.36989342135002984,0.9239023508895683,-0.13754584269422931,0.04323447438379513,0.46806313468974736,0.36387711864406785,,False,,,0,1,0.279,0.882
GPN,Global Payments Inc.,Financials,XLF,21611382784.0,2026-10-01,80.29000091552734,-0.01689723624779882,-0.05884417754927851,-0.13244985943222043,-0.13327352255069347,-0.005004089593748651,False,-0.17164975411528782,-0.03181570799056188,-0.06759211659044506,0.06522052581246696,0.8490701414647472,1.051899909502155,0.8844746612683442,0.4152060842497071,1.051899909502155,210986185.1509846,0.10142624996372711,86.41507453918457,86.1848991394043,77.87047758102418,False,False,True,True,True,False,distribution,1,3,normal,False,False,,False,52.0,분산3일,0.029540232570353615,32.96973018971276,True,False,False,False,False,True,False,,Uptrend Under Pressure,82.14,-0.0225,0.4761277670017349,0.9161407579283121,-0.05021065059508878,0.18668535018154198,0.6239573922156771,0.3625529661016949,,False,,,0,1,0.279,0.882
ATO,Atmos Energy Corporation,Utilities,XLU,26436571136.0,2026-10-01,156.3800048828125,-0.0003835180111060321,-0.0002556788556512535,-0.06739019731959262,-0.06827562890731786,-0.13975761417996968,False,-0.1095297859565586,-0.16293810199519476,-0.004435762678345889,0.012907660501625395,0.8770370522507165,1.039541622370655,0.9683243236351888,0.5097480283498226,1.039541622370655,167568324.9490204,0.7775212801692408,161.1230010986328,168.24855092366536,172.15251960754395,False,False,False,False,False,False,distribution,2,6,normal,False,False,,False,149.0,분산6일,0.012837337906908929,27.66561662297741,True,False,False,False,False,True,False,,Uptrend Under Pressure,184.63,-0.153,0.40907886379827096,0.8486957529206396,-0.12842629383314919,-0.21525952106561774,0.2437678435907629,0.3623411016949153,,False,,,0,1,0.279,0.882
WTW,Willis Towers Watson Public Lim,Financials,XLF,26768478208.0,2026-10-01,291.6000061035156,0.011692034100319049,-0.0035986681069681836,-0.1337064094753181,-0.1345288796092261,-0.0034730420140812734,False,-0.17284952746381743,-0.030325916724638358,-0.06894260587203971,0.06685963135129414,0.834136378953029,0.8740286448338078,1.0900371475962563,0.4068837215218857,0.8740286448338078,169496208.28035736,0.33890515520983555,308.1736236572266,316.9680892944336,291.0280325571696,False,False,True,True,False,False,weak_rally,2,4,normal,False,False,,False,44.0,분산4일,0.02367215837395503,32.104494442820666,True,False,False,False,False,True,False,,Uptrend Under Pressure,334.93,-0.1294,0.43300968599458173,0.9161407579283121,-0.15205150977526405,0.0016254698318416416,0.4164947056485129,0.3609639830508475,,False,,,0,1,0.279,0.882
FWONK,Liberty Media Corporation - Ser,Communication Services,XLC,23165464576.0,2026-10-01,91.5999984741211,-0.008658041542713102,-0.036600791858598436,-0.05954828501944909,-0.06044116181827841,-0.0780720625740785,False,-0.1020422072239,-0.10291475769383318,-0.04149285700749472,-0.06472185799102126,0.8588036314371673,1.3507621339002747,0.8795870013793066,0.5110048458096625,1.3507621339002747,218038853.28897858,0.5978836833167828,94.78100051879883,98.61608352661133,94.50308348337809,False,False,False,True,False,False,distribution,3,3,normal,False,False,,False,39.0,분산3일,0.024953207192501155,34.65646396064551,True,False,False,False,False,True,False,,Uptrend Under Pressure,99.69,-0.0812,0.42350889783570095,0.9239023508895683,-0.19495886364592718,-0.025578652607407992,0.3556656788695746,0.360646186440678,,False,,,0,1,0.279,0.882
ERIE,Erie Indemnity Company,Financials,XLF,11459323904.0,2026-10-01,222.11000061035156,0.013506761561970837,0.014386160942170267,-0.14047444966264855,-0.141290494133271,0.02794060564867995,False,-0.1793117565514225,0.00024124430960781318,-0.07621662235916704,0.10049038493635276,0.8267941799401008,0.693277726955574,0.6532271442176406,0.3010818136188723,0.693277726955574,46239402.899996184,0.349479141917328,237.04100036621094,242.75066782633465,235.1133689880371,False,False,False,False,False,False,weak_rally,0,1,normal,False,False,,False,54.0,,0.03093062733685998,35.259285614972214,False,False,False,False,False,True,False,,Uptrend Under Pressure,225.94,-0.017,0.44314398230155655,0.9161407579283121,-0.28709743094116147,-0.10019136152638686,0.2288533121318348,0.3604872881355932,,False,,,0,1,0.279,0.882
FITB,Fifth Third Bancorp,Financials,XLF,45854461952.0,2026-10-01,50.40999984741211,-0.0033610513540590636,-0.012265102676471518,-0.06564638760149455,-0.06653347478430682,-0.13988926480557573,False,-0.10786476956013746,-0.16306620510236525,0.0042055592572376455,-0.07918454737500413,0.8754536122530708,1.5597356314485777,1.1741780413003942,0.6070392551397531,1.5597356314485777,329789738.96304625,0.9130440791910615,52.61380596160889,54.97025731404622,52.8666766166687,False,False,False,True,False,False,distribution,3,6,interest,False,False,,False,64.0,분산6일,0.02295851307239086,32.14445326288708,True,False,True,False,False,True,False,,Uptrend Under Pressure,57.02,-0.1159,0.3362710008003931,0.9161407579283121,0.057633255298517705,-0.021749420259947305,0.5970086010624842,0.3595338983050847,,False,,,0,1,0.279,0.882
SOFI,"SoFi Technologies, Inc.",Financials,XLF,20303484928.0,2026-10-01,15.84000015258789,0.00763358037663453,-0.057142805242211714,-0.11210762235951421,-0.11295059865614321,-0.0944430249154058,False,-0.15222667262054768,-0.11884458053851144,-0.045729101041437015,-0.03053081217297615,0.8258602659309353,0.830506795204763,0.9157048824089506,0.7953837073771296,0.830506795204763,757349910.017441,0.6199996566779009,16.96549973487854,17.531166537602743,17.3352082490921,False,False,False,True,False,False,weak_rally,4,2,normal,False,False,,False,66.0,,0.03853264788049842,36.7878168438427,True,False,False,False,False,True,False,,Uptrend Under Pressure,18.19,-0.1292,0.5999006748737844,0.9161407579283121,-0.4402807365569027,-0.06412298265532534,0.22155686458747426,0.359375,,False,,,0,1,0.279,0.882
BSX,Boston Scientific Corporation,Health Care,XLV,63258873856.0,2026-10-01,43.22999954223633,-0.009622038235063246,-0.0324530159587193,-0.10626420308354045,-0.10711272719662213,-0.01822046083650719,False,-0.14664728583041642,-0.04467594480236914,-0.07351205530627991,-0.0386092298145988,0.831186328347529,0.8248009648559377,0.8151852925799924,0.5377944828318524,0.8248009648559377,947004161.5498152,0.2772269748645025,44.36099967956543,46.39099985758464,49.48416659037272,False,False,False,False,False,False,dry_up,2,1,normal,False,False,,False,28.0,,0.027295860402323815,38.786363604047025,True,False,False,False,False,True,False,,Uptrend Under Pressure,50.37,-0.1418,0.35421739202101005,0.9496588726121497,-0.5728701698219197,-0.33468673018665474,0.021019298182212424,0.35836864406779656,,False,,,0,1,0.279,0.882
MAS,Masco Corporation,Industrials,XLI,13290432512.0,2026-10-01,68.27999877929688,0.013056338775898846,0.014410953140486127,-0.03749652622730648,-0.038410339245917635,-0.14209797701296434,False,-0.08098684804234679,-0.16521540033261506,-0.016510937561150407,-0.07016417572406808,0.8403312613303129,0.8101171088008882,0.8325196327028058,0.5159826868590628,0.8101171088008882,166240794.05353546,0.9331779331779332,68.89399948120118,73.08735466003418,72.13317658106486,False,False,False,True,False,False,weak_rally,1,2,normal,False,False,,False,46.0,,0.02582854817452893,44.08892669458408,True,False,False,False,False,True,False,,Uptrend Under Pressure,81.25,-0.1597,0.5034539392910837,0.9066175754014075,-0.11830657430742064,0.0022072055237503108,0.4512440822521774,0.358156779661017,,False,,,0,1,0.279,0.882
NSC,Norfolk Southern Corporation,Industrials,XLI,69403983872.0,2026-10-01,310.260009765625,0.0040777015068769185,-0.00929208908049195,-0.059989056351652414,-0.06088151467658276,-0.08148540771167889,False,-0.10246306248555737,-0.10623612526014004,-0.03949387525088477,-0.004469333157419486,0.8789733132441945,0.8886184975442201,0.6906971389840764,0.4248495099746281,0.8886184975442201,331951711.44866943,0.8356432716117825,317.6019989013672,331.25825856526694,320.5086293538412,False,False,False,True,False,False,weak_rally,0,2,normal,False,False,,False,49.0,,0.015415639727848334,32.72554689246354,True,False,False,False,False,True,False,,Uptrend Under Pressure,347.18,-0.1063,0.5517799994439657,0.9066175754014075,-0.021762047692477027,0.0035842305699129717,0.5518701890065412,0.35799788135593225,,False,,,0,1,0.279,0.882
ERIC,Ericsson,Information Technology,XLK,29854922752.0,2026-10-01,9.21500015258789,0.0071038837997303705,-0.01449019347863778,-0.0665141292868291,-0.0674003926246679,-0.03623893564718106,False,-0.10869330269591793,-0.06220888548605419,-0.13458246053888478,-0.10103253786006883,0.9029092682817432,1.340545666120515,1.1094905853475807,0.5708873694771655,1.340545666120515,71814269.97541904,0.9473673643527581,9.718083620071411,9.858938296635946,10.829733649889628,False,False,False,False,False,False,accumulation,2,3,normal,False,False,,False,14.0,분산3일,0.02513657798733224,35.006644746474166,True,False,False,True,False,True,False,,Uptrend Under Pressure,10.14,-0.091,0.3124642355234512,1.0,0.07056624869742478,-0.23512875183750315,0.4176204329442377,0.35789194915254235,,False,,,0,1,0.279,0.882
DAR,Darling Ingredients Inc.,Consumer Staples,XLP,9580214272.0,2026-10-01,61.63999938964844,0.01531873363861802,-0.0016197325251002814,-0.0884354202016927,-0.08930087118760888,-0.07142753309300975,False,-0.12962408913732582,-0.09644927476663401,-0.03576871897303191,-0.007029122097694573,0.9019608237156516,1.1635042703892433,0.9205932646576995,0.5090246147783787,1.1635042703892433,141721753.7583786,0.8764037238328732,63.92250022888184,63.263166427612305,61.219416522979735,False,False,True,False,True,False,accumulation,1,3,normal,False,False,,False,22.0,분산3일,0.03540143067239424,43.72485183498407,True,False,False,True,False,True,False,,Uptrend Under Pressure,66.27,-0.0699,0.5042140812395095,0.9096505422560582,0.9020884674689744,-0.06560384219438997,0.7744380398250876,0.35741525423728815,,False,,,0,1,0.279,0.882
MICC,The Magnum Ice Cream Company N.,Consumer Staples,XLP,10766584832.0,2026-10-01,17.18000030517578,-0.03374580192903953,-0.10892117773233867,-0.13450881737949139,-0.1353305256971472,-0.07218981857224915,False,-0.17361567889834628,-0.0971910193500114,-0.08450406012883105,-0.007844273643221156,0.8413320392256239,1.4298353891328797,0.9377713394078517,0.8066898297622377,1.4298353891328797,15297701.886763,0.6234073353740068,19.033499813079835,19.04666665395101,17.49499996503194,False,False,True,True,False,False,distribution,2,3,normal,False,False,,False,,분산3일,0.026411964522110684,27.38491090458497,False,False,False,False,False,True,False,,Uptrend Under Pressure,,,0.3219201580630302,0.9096505422560582,,0.17304354624827578,,0.35561440677966105,,False,,,0,1,0.279,0.882
USFD,US Foods Holding Corp.,Consumer Staples,XLP,19947855872.0,2026-10-01,93.93000030517578,0.018653087927345657,0.0011724644074757595,-0.10363584803387837,-0.10448686754061554,-0.04576385160787466,False,-0.14413769191779835,-0.07147713867122418,-0.05184736915931876,0.02041438849807231,0.8466738618902192,0.8146672330095728,0.7619397786692311,0.4595105399820128,0.8146672330095728,245012671.18983954,0.9093573904779751,95.41749992370606,100.84566637674968,95.4853333791097,False,False,False,True,False,False,weak_rally,2,2,normal,False,False,,False,39.0,,0.026070323660448674,38.00804969302838,True,False,False,False,False,True,False,,Uptrend Under Pressure,106.97,-0.1219,0.38793046413705484,0.9096505422560582,0.20736375895180825,0.007455033160161495,0.7175174370279354,0.35460805084745767,,False,,,0,1,0.279,0.882
FMX,Fomento Economico Mexicano S.A.,Consumer Staples,XLP,40391192576.0,2026-10-01,115.19000244140625,-0.02842438585174578,-0.02140851807549482,-0.05091867978350051,-0.05181974963910829,-0.14137622668516414,False,-0.09380252713531445,-0.1645130986218034,0.003915594651125787,-0.08182890150067146,0.8716610500310488,1.6948643033072261,1.2699898069696396,0.510195648764427,1.6948643033072261,49056186.49533997,0.2766505816925627,119.38800010681152,122.34898872375489,121.1991226832072,False,False,False,True,False,False,distribution,3,6,interest,False,False,,False,44.0,분산6일,0.02541762638473607,38.23481334870289,False,False,True,False,False,True,False,,Uptrend Under Pressure,126.76,-0.0913,0.42218107157242407,0.9096505422560582,0.0864382847492684,-0.0628131496008939,0.5778387120089624,0.35407838983050854,,False,,,0,1,0.279,0.882
CINF,Cincinnati Financial Corporatio,Financials,XLF,24459796480.0,2026-10-01,162.14999389648438,0.0174436773826383,-0.001108901204582402,-0.05018128644778219,-0.05108305639398547,-0.11208959507313976,False,-0.0930984526128249,-0.13601563808344608,0.02082682592432672,-0.04942283830656402,0.8851673158544364,0.9309127359692237,1.0798789534109368,0.2982497581125335,0.9309127359692237,115856937.09119721,0.922941663771679,166.454248046875,171.90754776000978,169.2431302388509,False,False,False,True,False,False,weak_rally,0,5,normal,False,False,,False,67.0,분산5일,0.015921037877435477,36.93625455268671,True,False,True,False,False,True,False,,Uptrend Under Pressure,183.04,-0.1141,0.375349579027954,0.9161407579283121,-0.049647038373504926,-0.06771308954325805,0.4631645043547396,0.3538665254237288,,False,,,0,1,0.279,0.882
AS,"Amer Sports, Inc.",Consumer Discretionary,XLY,15877923840.0,2026-10-01,27.079999923706055,-0.007695162505538922,0.01158010685997124,-0.051820713232197946,-0.052720926685796865,-0.23133539225971533,False,-0.09466380257529738,-0.25204818305847765,-0.0013000837728381898,-0.17643186771753772,0.7350705703459063,0.5801800114662267,0.7794363212699312,0.7771186560985966,0.5801800114662267,204183454.777308,0.4905658340320938,27.502500152587892,31.784999879201255,33.42799995740255,False,False,False,False,False,False,dry_up,3,0,normal,False,False,,False,122.0,,0.031863252118174756,39.23491292887213,True,False,False,False,True,True,False,,Uptrend Under Pressure,35.07,-0.2278,0.3539939606930795,0.8792679914183797,-0.26471344521065887,-0.25355267331685294,0.1268403743991905,0.35381355932203395,,False,,,0,1,0.279,0.882
CNP,"CenterPoint Energy, Inc (Holdin",Utilities,XLU,24240904192.0,2026-10-01,37.209999084472656,0.011141300432397916,0.010592053038589677,-0.05821309376788897,-0.05910723821424513,-0.16370631068454256,False,-0.10076734603742254,-0.18624146588576762,0.005360827569810267,-0.015291157120441268,0.8400441828548753,1.2706853741279196,0.9896948258639235,0.5240121622843943,1.2706853741279196,250514212.61989212,0.8961736331724075,38.18699989318848,40.27310657501221,41.38650652567546,False,False,False,False,False,False,accumulation,2,4,normal,False,False,,False,62.0,분산4일,0.015999929174659536,36.317149058537204,True,False,True,False,False,True,False,,Uptrend Under Pressure,43.74,-0.1493,0.3876135339374152,0.8486957529206396,-0.09763816882031429,-0.2080581003687918,0.283817895992194,0.35344279661016953,,False,,,0,1,0.279,0.882
SAN,"Banco Santander, S.A. Sponsored",Financials,XLF,200485289984.0,2026-10-01,13.279999732971191,-0.03976863295509536,-0.0700280125139704,-0.09966103505280055,-0.1005158282974491,-0.05679639322834196,False,-0.14034247921912169,-0.08221239234027244,-0.03235201125302445,0.00977283569266052,0.8823919976523771,1.386646566591199,1.0556720253646086,0.44182706162818114,1.386646566591199,106467294.34572849,0.22916616996081984,14.477999925613403,14.299166615804037,13.428827595710754,False,False,True,True,True,False,distribution,2,3,normal,False,False,,False,27.0,분산3일,0.025925122838147952,32.20556730126695,True,False,False,False,False,True,False,,Uptrend Under Pressure,14.72,-0.0978,0.33434466949149044,0.9161407579283121,0.20475305871877936,0.07944533475357063,0.7717384626504282,0.3531779661016949,,False,,,0,1,0.279,0.882
AFL,AFLAC Incorporated,Financials,XLF,56040153088.0,2026-10-01,111.18000030517578,-0.005367672934992185,-0.024822399596775013,-0.0516888235159757,-0.05258916218734566,-0.11762266383338871,False,-0.09453787224141386,-0.14139961022268233,0.01920658591607105,-0.05534641884846048,0.8625236219708122,0.7049717041046872,0.7594154798896303,0.3573703165268281,0.7049717041046872,239787691.83989906,0.3874540407538161,115.12150077819824,119.39496103922527,117.29666779836019,False,False,False,True,False,False,dry_up,0,1,normal,False,False,,False,53.0,,0.01579485922171177,29.388472270764893,True,False,True,False,False,True,False,,Uptrend Under Pressure,124.1,-0.1041,0.46734879753015224,0.9161407579283121,-0.08030396341519541,-0.08284641589859187,0.41295309168443495,0.35233050847457625,,False,,,0,1,0.279,0.882
SNY,Sanofi,Health Care,XLV,98792742912.0,2026-10-01,40.66999816894531,-0.013582376413013186,-0.006595028500746558,-0.08545093203165266,-0.08631921652853058,-0.0936554855289532,False,-0.12677445383224162,-0.11807826255134402,-0.05193605400282153,-0.11247768357135235,0.8837461487266065,2.365253737337837,1.3037077080473205,0.756885575056848,2.365253737337837,118959952.49366227,0.02820516761708603,42.32750015258789,43.52466672261556,43.55825408299764,False,False,False,False,False,False,distribution,3,5,attention,False,False,,False,67.0,분산5일,0.01809142603303143,32.69170453078284,True,False,False,False,False,True,False,,Uptrend Under Pressure,42.95,-0.0531,0.39453377109388077,0.9496588726121497,-0.13945274092827065,-0.15821726964946758,0.2771692385529977,0.35217161016949156,,False,,,0,1,0.279,0.882
XYL,Xylem Inc.,Industrials,XLI,23645208576.0,2026-10-01,100.87999725341797,-0.003851085243174457,-0.017338850040859555,-0.054899763234308674,-0.05579705339874175,-0.14912257686119423,False,-0.0976037269751373,-0.17205071207568678,-0.03429361961249833,-0.07777777776144923,0.8103057316940443,1.0325265129363526,0.8593905244342542,0.6852597082211316,1.0325265129363526,300967077.7953621,0.7324827609666493,105.6984992980957,113.59070383707682,113.73308448791504,False,False,False,False,False,False,distribution,0,3,normal,False,False,,False,46.0,분산3일,0.024123417754922678,28.365815195858417,True,False,False,False,False,True,False,,Uptrend Under Pressure,124.5,-0.1897,0.35531672289406413,0.9066175754014075,-0.3626626109167126,-0.24547371434125953,0.08523815546962524,0.351271186440678,,False,,,0,1,0.279,0.882
CL,Colgate-Palmolive Company,Consumer Staples,XLP,68014784512.0,2026-10-01,84.52999877929688,-0.009259270022890842,-0.009259270022890842,-0.06182019743789513,-0.06271091725422873,-0.09974135363968784,False,-0.1042114642183335,-0.12400013805498167,-0.007615770834093927,-0.03730656435123425,0.9041608804234987,0.9247042091571862,0.8195683864213188,0.419597818100254,0.9247042091571862,471502973.55243987,0.23699483144878195,87.02799987792969,90.06696039835612,88.9258467356364,False,False,False,True,False,False,dry_up,1,3,normal,False,False,,False,160.0,분산3일,0.01597488554554188,33.7010213738734,True,False,False,True,False,True,False,,Uptrend Under Pressure,94.18,-0.1025,0.4387694510620171,0.9096505422560582,-0.0032309632135848476,-0.088888862488404,0.47866267933938056,0.35111228813559325,,False,,,0,1,0.279,0.882
RIVN,"Rivian Automotive, Inc.",Consumer Discretionary,XLY,21631037440.0,2026-10-01,14.760000228881836,-0.01204814970261514,-0.03466316117027379,-0.05445223872454208,-0.05534995377442686,-0.161588340979685,False,-0.09717642367545476,-0.18418056796875248,-0.004071821486823279,-0.10170298313448156,0.8697702313556663,1.449378170481558,1.1115229426211248,0.6189356012588101,1.449378170481558,339086384.8815773,0.4499790423344843,15.433249902725219,16.05783322652181,15.945249954859415,False,False,False,True,False,False,distribution,2,4,normal,False,False,,False,28.0,분산4일,0.042202870781175,40.40757726507631,True,False,False,False,False,True,False,,Uptrend Under Pressure,16.97,-0.1302,0.5513081653820954,0.8792679914183797,-0.0821665246213571,-0.10789891486916747,0.3815890282244949,0.3496822033898305,,False,,,0,1,0.279,0.882
HSY,The Hershey Company,Consumer Staples,XLP,31667894272.0,2026-10-01,159.3000030517578,0.010722685330002202,-0.04542186966244133,-0.10218108759747546,-0.10303348827224168,-0.09081887896071461,False,-0.14274866423069643,-0.11531809249108915,-0.05030855825083602,-0.02776529769646019,0.838685906097635,1.372987524320894,1.0702847736591152,0.6715977273470812,1.372987524320894,257921914.91575623,0.7631596911302336,168.75649948120116,175.16660766601564,179.35834045410155,False,False,False,False,False,False,accumulation,2,3,normal,False,False,,False,163.0,분산3일,0.020935356499206102,27.350346612123275,True,False,False,False,False,True,False,,Uptrend Under Pressure,226.48,-0.2966,0.4730500249156659,0.9096505422560582,-0.15930881292182886,-0.24415478271365576,0.19908929926637994,0.3492584745762712,,False,,,0,1,0.279,0.882
INCY,Incyte Corporation,Health Care,XLV,24597370880.0,2026-10-01,117.13999938964844,-0.034693029562505306,-0.0586628327590647,-0.09073975219480557,-0.09160301541867022,-0.01274743202307782,False,-0.13182430084133845,-0.039350394745873096,-0.05741869007907596,-0.033249860245058716,0.9015624258669196,1.5169076860988226,1.0711434239196589,0.3845156851680971,1.5169076860988226,192911268.8425041,0.02625311366516628,124.12900009155274,122.41349983215332,111.72966658274332,False,False,True,True,True,False,distribution,1,5,interest,False,False,,False,20.0,분산5일,0.027860441906428255,36.21780337369561,True,False,False,True,False,True,False,,Uptrend Under Pressure,128.83,-0.0907,0.4671272147702496,0.9496588726121497,0.27842841958275866,0.13732989647407456,0.8249159770156481,0.34841101694915255,,False,,,0,1,0.279,0.882
LII,"Lennox International, Inc.",Industrials,XLI,12269730816.0,2026-10-01,360.4599914550781,0.015323087740833463,-0.016188279970161368,-0.03255004216167556,-0.033468551435062555,-0.3372552524767466,False,-0.07626386881563774,-0.35511387790348903,-0.011456604658841463,-0.2816850967990536,0.6610510460191099,1.0825134424232847,1.0287147501651914,0.7375171810999331,1.0825134424232847,186219669.19855803,0.859866292736286,367.5693664550781,427.36631469726564,471.1201683044434,False,False,False,False,False,False,accumulation,2,2,normal,False,False,,False,106.0,,0.027602394000089618,37.3348713217518,True,False,False,False,False,True,False,,Uptrend Under Pressure,531.6,-0.3219,0.8034005105553192,0.9066175754014075,-0.3769623481787575,-0.30205894152083645,0.0604134292219291,0.3483050847457627,,False,,,0,1,0.279,0.882
LYV,"Live Nation Entertainment, Inc.",Communication Services,XLC,39440044032.0,2026-10-01,166.85000610351562,-0.014471334341873532,-0.024611197913972038,-0.07093930894906453,-0.07182137096514696,-0.08484306851222079,False,-0.11291853244332806,-0.10950330898519989,-0.05310257351777936,-0.07159091314845445,0.8853337586729404,1.3056618059720646,0.9186077260498439,0.5714578092263133,1.3056618059720646,347663953.9993347,0.29377745096090785,170.45449981689453,177.85866673787436,172.29241701761882,False,False,False,True,False,False,distribution,1,3,normal,False,False,,False,65.0,분산3일,0.02281346636326507,36.31059261082176,True,False,False,False,False,True,False,,Uptrend Under Pressure,183.11,-0.0888,0.5647970032178374,0.9239023508895683,-0.05943161104703354,-0.003959055253615951,0.509909291315818,0.3482521186440678,,False,,,0,1,0.279,0.882
BNT,Brookfield Wealth Solutions Ltd,Financials,XLF,10020139008.0,2026-10-01,36.349998474121094,-0.0046550378289066385,-0.006559215016833542,-0.08638360821433977,-0.08725100721660806,-0.16223030429859475,False,-0.12766498742693866,-0.18480523264818915,-0.01808196866220413,-0.10310236812889484,0.8040792389336024,0.4471696091984513,0.6913733912147445,0.9035471873998621,0.4471696091984513,740250.1915061951,0.7641892982264353,37.63048114776611,41.17824420928955,43.01573705673218,False,False,False,False,False,False,dry_up,2,0,normal,False,False,,False,,,0.019085885457611824,29.730494284922358,False,False,False,False,False,True,False,,Uptrend Under Pressure,,,0.3844312821769291,0.9161407579283121,-0.24422027549207803,-0.18491979319935792,0.17860033970582923,0.3474576271186441,,False,,,0,1,0.279,0.882
INVH,Invitation Homes Inc.,Real Estate,XLRE,15551110144.0,2026-10-01,26.399999618530273,0.0026585527925200303,-0.00377359930074439,-0.07429234998552703,-0.07517122858187675,-0.11683629341924351,False,-0.11612006770582861,-0.14063442970815565,-0.013193317624742629,-0.007032927398561761,0.8753248586400493,0.8259335294786375,0.8667747481096838,0.47401486503412454,0.8259335294786375,149140214.78611526,0.8250005960470161,27.03250370025635,28.720133050282797,28.454384565353394,False,False,False,True,False,False,weak_rally,1,4,normal,False,False,,False,106.0,분산4일,0.015120912373249308,26.587599397289267,True,False,False,False,False,True,False,,Uptrend Under Pressure,28.16,-0.0626,0.48005010593855535,0.8915978830104153,-0.10939857386175256,0.015980917914395265,0.47735625745365184,0.34703389830508474,,False,,,0,1,0.279,0.882
SUI,"Sun Communities, Inc.",Real Estate,XLRE,14164420608.0,2026-10-01,110.0,-0.007040971185158118,-0.00016005294784515733,-0.08353499637461015,-0.0844050998851269,-0.09383579075496484,False,-0.12494508893631551,-0.11825370918963285,-0.023046001913822667,0.01882721792753217,0.8684712351791953,0.9277365797745785,0.9861769095982867,0.4352682963946401,0.9277365797745785,123963707.71720886,0.2008755447167473,113.43071365356445,117.98789253234864,120.06732578277588,False,False,False,False,False,False,dry_up,2,2,normal,False,False,,False,45.0,,0.017902370062308576,31.514682952291196,True,False,False,False,False,True,False,,Uptrend Under Pressure,126.66,-0.1315,0.42787375794915355,0.8915978830104153,-0.161567751736168,-0.174447128451246,0.2410221892956525,0.3463983050847458,,False,,,0,1,0.279,0.882
CP,Canadian Pacific Kansas City Li,Industrials,XLI,74809638912.0,2026-10-01,84.47000122070312,-0.00740302308712204,-0.030529049885979376,-0.054565545038063656,-0.05546315251349576,-0.09535800827603358,False,-0.09728461029001112,-0.11973490833578648,-0.03395211441336754,-0.01950513052702474,0.875521755248551,1.1278744990077356,1.1417458966983383,0.4172686745357954,1.1278744990077356,208803264.20148772,0.6285742312030997,88.09722328186035,90.63396898905437,88.40825475056967,False,False,False,True,False,False,distribution,0,8,normal,False,False,,False,54.0,분산8일,0.01817190266709024,31.272874562523697,True,False,False,False,False,True,False,,Uptrend Under Pressure,92.71,-0.0889,0.4377657807381005,0.9066175754014075,0.040340384119519124,-0.019528158547951646,0.5897320299230241,0.34576271186440677,,False,,,0,1,0.279,0.882
IX,ORIX Corporation,Financials,XLF,39217881088.0,2026-10-01,37.36000061035156,-0.009281317491869334,-0.025052168374686046,-0.06459684789854014,-0.06548493152767199,-0.10067382769174105,False,-0.10686265287505581,-0.12490748523144979,0.00533356217859704,-0.037201371257919336,0.9043814903987555,1.0275991204650967,1.0019347771542941,0.3626148910743692,1.0275991204650967,12962866.358661652,1.0,39.2734992980957,39.565833282470706,38.01691668828328,False,False,False,True,False,False,distribution,1,5,normal,False,False,,False,,분산5일,0.020694965714110673,37.22140833559999,False,False,True,True,False,True,False,,Uptrend Under Pressure,,,0.33932227162819184,0.9161407579283121,0.30031388327115094,0.10333850107574638,0.8226383217086481,0.34544491525423726,,False,,,0,1,0.279,0.882
MTB,M&T Bank Corporation,Financials,XLF,31537420288.0,2026-10-01,217.35000610351562,-0.0011488970265978171,-0.005991025046437226,-0.07699163390932218,-0.07786794977124256,-0.1485854150109065,False,-0.11869738560070575,-0.17152802483619545,-0.007987853667251632,-0.08849445266947364,0.8609257593907045,1.0070866950597843,0.880644321539861,0.6644219481106093,1.0070866950597843,245971660.2360916,0.9982310588260712,228.5380012512207,239.3979855855306,228.96601587931315,False,False,False,True,False,False,distribution,2,1,normal,False,False,,False,46.0,,0.02123303889539388,27.054967795808793,True,False,False,False,False,True,False,,Uptrend Under Pressure,250.99,-0.134,0.338587643040092,0.9161407579283121,0.04747294147370207,-0.034632552588067744,0.5757815041017672,0.3452860169491525,,False,,,0,1,0.279,0.882
DLTR,"Dollar Tree, Inc.",Consumer Staples,XLP,21393606656.0,2026-10-01,114.43000030517578,0.003595892599373318,0.008193835287892304,-0.13251461505307083,-0.1333382166917353,-0.08580143685803665,False,-0.17171158378016316,-0.1104358526958561,-0.08239464044925471,-0.022399885661236407,0.8367824519574097,0.6490473100532435,0.7771967689766617,0.8438989999935939,0.6490473100532435,333814814.2303856,0.1885240263151312,116.91549987792969,124.34883244832356,114.80549983978271,False,False,False,True,False,False,weak_rally,0,1,normal,False,False,,False,86.0,,0.03100459593369017,41.27297299830565,True,False,False,False,False,True,False,,Uptrend Under Pressure,116.44,-0.0173,0.33740160822151294,0.9096505422560582,0.21049641839955036,0.03954343384469472,0.7461313288280149,0.34443855932203393,,False,,,0,1,0.279,0.882
XYZ,"Block, Inc.",Financials,XLF,44176457728.0,2026-10-01,74.04000091552734,0.006935973680092911,-0.03518369850668068,-0.10211009292299167,-0.10296256100100332,-0.06721180768847301,False,-0.14268087742124858,-0.09234714824188162,-0.03498415982670566,-0.0013776757333064937,0.8725987300766923,0.968877251706583,1.1752246362565357,0.47790664864135135,0.968877251706583,299190529.39043844,0.8301886113440312,77.46499977111816,79.65249926249186,75.82458279927572,False,False,False,True,False,False,weak_rally,1,4,normal,False,False,,False,55.0,분산4일,0.0291145643782561,39.4189428058131,True,False,False,False,False,True,False,,Uptrend Under Pressure,81.81,-0.095,0.4723265398314764,0.9161407579283121,-0.0653551924505894,0.12220058337364326,0.5861316902171949,0.3442796610169491,,False,,,0,1,0.279,0.882
GSK,GSK plc,Health Care,XLV,96475144192.0,2026-10-01,47.18000030517578,-0.020552167353159123,-0.04974826072091243,-0.0646312135267777,-0.0655192645287459,-0.08475158538402949,False,-0.10689546570657915,-0.1094142910035455,-0.030353368970808203,-0.1037586921109318,0.8863623740639429,2.336285806787713,1.3936652065672446,0.4991805704657835,2.336285806787713,166840708.99664497,0.04545391492519715,49.53050022125244,50.65056158701579,51.19441397984823,False,False,False,False,False,False,distribution,2,6,attention,False,False,,False,46.0,분산6일,0.02113486769344157,34.51580554363581,True,False,False,False,False,True,False,,Uptrend Under Pressure,53.23,-0.1136,0.32171905366789194,0.9496588726121497,0.05409214050083899,-0.20957027903590875,0.4215767409923747,0.34375,,False,,,0,1,0.279,0.882
MKL,Markel Group Inc.,Financials,XLF,21217183744.0,2026-10-01,1726.1099853515625,0.007976895424207653,-0.005255784662459462,-0.049530340594484246,-0.05043272855694558,-0.13377183411364735,False,-0.0924769194789774,-0.15711361751739383,0.02152643626026718,-0.07263536192597375,0.8464020428154436,1.4032181665016834,1.1097200200816313,0.37343591741332294,1.4032181665016834,124554478.14204101,0.8556854939039562,1770.4289855957031,1847.069492594401,1857.9255767822265,False,False,False,False,False,False,accumulation,2,5,normal,False,False,,False,67.0,분산5일,0.014180939734215046,33.918748340275826,True,False,True,False,False,True,False,,Uptrend Under Pressure,1920.06,-0.101,0.5372704056606186,0.9161407579283121,-0.1844474246505946,-0.18954999153929242,0.20719345162805827,0.34359110169491525,,False,,,0,1,0.279,0.882
SRE,DBA Sempra,Utilities,XLU,50978070528.0,2026-10-01,78.05000305175781,0.0011544890757071435,0.0039877179895415615,-0.06068093165314015,-0.06157273310287459,-0.17456461375039523,False,-0.10312367568738778,-0.1968071761126008,0.002726401966516745,-0.028076458724670017,0.8423110424319281,0.9160240327501696,1.0697494622020876,0.5392026778418203,0.9160240327501696,283448347.005394,0.8667688718546909,80.70516548156738,85.10982933044434,88.08722540537516,False,False,False,False,False,False,weak_rally,0,4,normal,False,False,,False,213.0,분산4일,0.017232373554432,35.85286385468214,True,False,True,False,False,True,False,,Uptrend Under Pressure,91.16,-0.1438,0.4717668856344448,0.8486957529206396,-0.16431081448876295,-0.25258128404273394,0.1890950814932601,0.34258474576271186,,False,,,0,1,0.279,0.882
STE,STERIS plc (Ireland),Health Care,XLV,20475998208.0,2026-10-01,209.33999633789062,-0.003190315634828078,0.002730239276547586,-0.08843613441224019,-0.08930158472007588,-0.026865416520830188,False,-0.12962477107656467,-0.05308794952635032,-0.05503065313114053,-0.047074654354461565,0.8789030683596956,0.8832440716864356,0.7683381178544169,0.4072479773304338,0.8832440716864356,139642673.172702,0.6877804935305246,211.9414970397949,221.96247177124025,217.2188465118408,False,False,False,False,False,False,dry_up,1,1,normal,False,False,,False,38.0,,0.01744255764207648,37.23643005179889,True,False,False,False,False,True,False,,Uptrend Under Pressure,236.75,-0.1158,0.4762526186418848,0.9496588726121497,-0.19058969509679569,-0.10152498535473986,0.2804578800910701,0.342531779661017,,False,,,0,1,0.279,0.882
JKHY,"Jack Henry & Associates, Inc.",Financials,XLF,10042930176.0,2026-10-01,143.83999633789062,0.004188710009196406,-0.026463645767237698,-0.13570602024293243,-0.13652659192098937,-0.03612325888755874,False,-0.17475878664501354,-0.06209632580571234,-0.07109170683611077,0.03190503422972779,0.8314884084050497,0.999845853110272,0.8061635281265066,0.4917114032362825,0.999845853110272,163112938.7701462,0.20634986540444408,154.42800064086913,155.8355354309082,147.8102819442749,False,False,True,False,False,False,weak_rally,0,3,normal,False,False,,False,11.0,분산3일,0.033886862004671656,32.52847552024511,True,False,False,False,False,True,False,,Uptrend Under Pressure,158.98,-0.0952,0.3671804246920227,0.9161407579283121,-0.009769956205072927,-0.06915901083699838,0.49430812041487476,0.3420550847457627,,False,,,0,1,0.279,0.882
ODFL,"Old Dominion Freight Line, Inc.",Industrials,XLI,36046876672.0,2026-10-01,178.10000610351562,0.024505348914900305,0.018121611847373265,-0.05069023226852021,-0.051591519015099285,-0.25226268069704794,False,-0.09358440192691797,-0.27241155513616133,-0.029992307694502895,-0.1895660250163057,0.7655977605011927,0.973344128854573,0.9990681078936267,0.8910757125269464,0.973344128854573,347007294.780571,0.9443976070742685,178.55600051879884,202.94343109130858,209.96339378356933,False,False,False,False,False,False,weak_rally,2,2,normal,False,False,,False,72.0,,0.026511989035898898,41.26993450885071,True,False,False,False,False,True,False,,Uptrend Under Pressure,220.7,-0.193,0.4030626016693613,0.9066175754014075,0.15749540163657594,-0.19528425079798994,0.49356907954175855,0.34173728813559323,,False,,,0,1,0.279,0.882
BWA,BorgWarner Inc.,Consumer Discretionary,XLY,12242384896.0,2026-10-01,60.380001068115234,0.0044917726671453995,0.03248976642871981,-0.07364220949043765,-0.07452170533842806,-0.08046912556321273,False,-0.11549930354041194,-0.10524722831885225,-0.024284267027193884,-0.014789653107277756,0.8661003033928719,0.7816684840310161,1.1094856432377507,0.3704500831145053,0.7816684840310161,150132627.3091221,0.8482773317057257,63.01000061035156,64.33308811187744,64.30751317342123,False,False,False,True,False,False,weak_rally,1,7,normal,False,False,,False,40.0,분산7일,0.033632238225700994,40.78502109106743,True,False,False,False,False,True,False,,Uptrend Under Pressure,66.6,-0.0934,0.34319033707107915,0.8792679914183797,0.2686796802558855,0.003987025134725153,0.7397139604640237,0.3403072033898305,,False,,,0,1,0.279,0.882
SGI,Somnigroup International Inc.,Consumer Discretionary,XLY,13065800704.0,2026-10-01,62.75,0.010304288896461067,0.007061444663963412,-0.07475670477201646,-0.07563514250403613,-0.12469010911916001,False,-0.11656344081313363,-0.14827661287038785,-0.025458144541585015,-0.062169215621452945,0.8628719791285051,1.0963950060167735,0.8812771676366413,0.606904591232378,1.0963950060167735,212954533.0917221,0.8929766142304896,65.13850059509278,66.81141738891601,69.93426946004232,False,False,False,False,False,False,accumulation,1,1,normal,False,False,,False,115.0,,0.03526465948427273,43.50956237844608,True,False,False,False,False,True,False,,Uptrend Under Pressure,84.57,-0.258,0.43350899753203037,0.8792679914183797,-0.33950135349823574,-0.25430687401649144,0.08377543276354306,0.33972457627118646,,False,,,0,1,0.279,0.882
MCO,Moody's Corporation,Financials,XLF,78646681600.0,2026-10-01,447.3599853515625,-0.014907668417542652,-0.04277312611722839,-0.08702043805803572,-0.08788723244596475,-0.10661646480679321,False,-0.12827304237724613,-0.13068998930783016,-0.01876640768063831,-0.043563426585186193,0.8687444892645332,2.0571600258310716,1.2676552969630281,0.5604768858719313,2.0571600258310716,359255785.07806396,0.3134159622981174,469.97999877929686,483.9623469034831,468.05922520955403,False,False,False,True,False,False,distribution,3,4,attention,False,False,,False,67.0,분산4일,0.023879772752247258,32.505950030809544,True,False,False,False,False,True,False,,Uptrend Under Pressure,449.06,-0.0038,0.3525708402227874,0.9161407579283121,-0.09168730752815224,-0.028351588812492667,0.4529263488851144,0.33967161016949154,,False,,,0,1,0.279,0.882
LTM,LATAM Airlines Group S.A.,Industrials,XLI,14604994560.0,2026-10-01,47.7400016784668,-0.04309476322879524,-0.07588072358737497,-0.06812410491810017,-0.06900883972463334,-0.0911379820125251,False,-0.11023053224343315,-0.1156285968449906,-0.047806293341335904,-0.014931261374072635,0.8273830337473768,1.656406894817814,1.0498316419525593,0.4529511692600236,1.656406894817814,35909274.29929352,0.16628780374205343,51.3975004196167,52.37650012969971,52.13688564300537,False,False,False,True,False,False,distribution,0,3,interest,False,False,,False,115.0,분산3일,0.032819145994353975,35.10388904573054,False,False,False,False,False,True,False,,Uptrend Under Pressure,55.52,-0.1401,0.4080733267195418,0.9066175754014075,-0.052832837839308366,-0.165442616108328,0.361229265295797,0.33908898305084745,,False,,,0,1,0.279,0.882
WFC,Wells Fargo & Company,Financials,XLF,242071142400.0,2026-10-01,80.25,0.002498400257559874,-0.023485036481001642,-0.10104174954919742,-0.10189523192597238,-0.08859561577931174,False,-0.14166080670142533,-0.11315473838407752,-0.03383594747869967,-0.024270705805255144,0.8888027376927322,1.1846114167198507,1.0075369192986863,0.5597575972293602,1.1846114167198507,1182013555.0513504,0.9698277137792802,85.66750068664551,86.24277102152506,83.09689884185791,False,False,False,True,False,False,accumulation,1,4,normal,False,False,,False,20.0,분산4일,0.02672007500886599,32.66688205859187,True,False,False,False,False,True,False,,Uptrend Under Pressure,89.27,-0.101,0.3054677508947488,0.9161407579283121,-0.07972287804482636,-0.0625220970429825,0.43796122294098516,0.33818855932203395,,False,,,0,1,0.279,0.882
DECK,Deckers Outdoor Corporation,Consumer Discretionary,XLY,10641250304.0,2026-10-01,79.56999969482422,0.018300490355074306,0.011311634293294404,-0.05002390561776093,-0.05092582498332254,-0.24221373906995014,False,-0.09294818297058793,-0.2626333969217185,0.0005924608535390341,-0.18808722386976595,0.7656851529718592,0.8606295876003883,0.9616406461846297,0.6845970025403434,0.8606295876003883,276735098.8420879,0.8711417698600284,79.90949974060058,91.0525001525879,98.21433327992757,False,False,False,False,False,False,weak_rally,2,3,normal,False,False,,False,72.0,분산3일,0.02715711203904052,41.19168786957068,True,False,True,False,False,True,False,,Uptrend Under Pressure,109.11,-0.2707,0.46155952553147667,0.8792679914183797,-0.27633605305420117,-0.28090400846113595,0.10920277546890246,0.33813559322033904,,False,,,0,1,0.279,0.882
PNC,"PNC Financial Services Group, I",Financials,XLF,88669216768.0,2026-10-01,220.75,-0.006793820499214953,-0.011596652549291875,-0.08954056798112553,-0.09040496972570833,-0.14686796138427194,False,-0.1306793012709243,-0.16985685050656085,-0.021474941628851774,-0.08665578495628135,0.8590496904360639,1.2331542379182892,1.0821061156315077,0.7840668297449975,1.2331542379182892,415104717.23931277,0.8483899735338115,233.21599960327148,243.99420064290365,234.62747739156086,False,False,False,True,False,False,distribution,3,5,normal,False,False,,False,77.0,분산5일,0.022449443417832872,26.994928116550227,True,False,False,False,False,True,False,,Uptrend Under Pressure,232.09,-0.0489,0.31075651695124146,0.9161407579283121,0.058863751374547135,-0.010931868248087007,0.607817751436522,0.3375,,False,,,0,1,0.279,0.882
RSG,"Republic Services, Inc.",Industrials,XLI,64264921088.0,2026-10-01,206.97999572753906,-0.013770426725529417,-0.026983854175558375,-0.06983645625808177,-0.07071956533651136,-0.06712284331176022,False,-0.11186551169555614,-0.0922605811402677,-0.04955597930072608,0.011097510782422937,0.9164489268717233,0.936715265594824,0.7172697887994968,0.27791624018616307,0.936715265594824,346641952.6349236,0.054488344162842976,217.44350051879883,217.412833404541,212.72918154398602,False,False,False,False,True,False,dry_up,0,3,normal,False,False,,False,93.0,분산3일,0.016307634996437746,29.287580443439694,True,False,False,True,False,True,False,,Uptrend Under Pressure,214.34,-0.0344,0.4092886703462746,0.9066175754014075,-0.14635052234930623,-0.12679406821675832,0.2955567200318022,0.33744703389830516,,False,,,0,1,0.279,0.882
OVV,Ovintiv Inc. (DE),Energy,XLE,15993012224.0,2026-10-01,59.97999954223633,0.03735731336583625,-0.008758862898666897,-0.09943848489090323,-0.10029348942750094,-0.028212235145403164,False,-0.14012998489434558,-0.05439847615551496,-0.07049223675131389,-0.06533138395730853,0.895624883514174,0.8931407318718925,0.8872098792898785,0.5060289034670052,0.8931407318718925,212487343.90068054,0.9165013377987296,62.03722305297852,61.61531162261963,58.93359975814819,False,False,True,True,True,False,weak_rally,0,2,normal,False,False,,False,13.0,,0.03364281270347733,44.258367143435486,True,False,False,False,False,True,False,,Uptrend Under Pressure,65.06,-0.0781,0.3505685569780636,0.9566614457922488,0.45629776877464945,1.7979059894868143e-05,0.7864334501825015,0.33739406779661013,,False,,,0,1,0.279,0.882
ES,Eversource Energy (D/B/A),Utilities,XLU,24167452672.0,2026-10-01,64.30999755859375,0.0023378099738631253,0.007993704194857676,-0.07627591441313741,-0.07715290978823486,-0.14722844134631252,False,-0.11801400559426467,-0.17020761680939867,-0.013921296859807253,0.004111002499405547,0.8630737513355555,0.8864349496454191,1.1804237320473758,0.516604569471481,0.8864349496454191,171918208.33203506,0.9262263301398304,66.72512187957764,70.1488571802775,69.28320995966594,False,False,False,False,False,False,weak_rally,2,7,normal,False,False,,False,158.0,분산7일,0.017859598395713362,33.2790619742274,True,False,False,False,False,True,False,,Uptrend Under Pressure,70.91,-0.093,0.30827533962213544,0.8486957529206396,-0.11122799481166068,-0.12128836701719903,0.3349671135846193,0.3373411016949152,,False,,,0,1,0.279,0.882
BALL,Ball Corporation,Materials,XLB,14917791744.0,2026-10-01,56.5,0.008388385346115523,-0.0028238589453405405,-0.10742494974753991,-0.10827237183300109,-0.11286919180959154,False,-0.1477555846359524,-0.13677422744692036,-0.03079224342859288,-0.052597819373476296,0.8473616520740175,1.6000302450190234,1.0292185609130773,0.7138409197083257,1.6000302450190234,125167462.07621384,0.8580248803196813,59.43650016784668,61.72996889750163,60.1227801322937,False,False,False,False,False,False,accumulation,1,4,interest,True,False,surge,False,71.0,분산4일,0.022629589558250535,30.031615321308294,True,False,False,False,False,True,False,,Uptrend Under Pressure,58.02,-0.0261,0.3328828851545519,0.9085780336452783,0.0948491666192699,-0.10183191583684781,0.537816667268982,0.3370762711864407,,False,,,0,1,0.279,0.882
BUD,Anheuser-Busch Inbev SA Sponsor,Consumer Staples,XLP,144671899648.0,2026-10-01,73.0199966430664,-0.006125011163194527,-0.056832880779424166,-0.07593014749294436,-0.07680747114354591,-0.1422920743047209,False,-0.11768386200951086,-0.16540426738928826,-0.02254093962445758,-0.08280826503688021,0.8443570051875117,1.285085371956379,1.0371984003782728,0.6607484339680053,1.285085371956379,182378420.41890755,0.569284391398292,77.81749992370605,79.86766688028972,79.45907847086589,False,False,False,True,False,False,distribution,0,3,normal,False,False,,False,44.0,분산3일,0.020304020803348085,28.66977808110552,True,False,False,False,False,True,False,,Uptrend Under Pressure,86.14,-0.1523,0.37330936157585454,0.9096505422560582,0.16842562942084238,-0.02647807510128264,0.6603673521014781,0.336864406779661,,False,,,0,1,0.279,0.882
PINS,"Pinterest, Inc.",Communication Services,XLC,10581370880.0,2026-10-01,19.459999084472656,0.030174680425695266,0.039529903753269036,-0.08294063552463005,-0.08381130332888431,-0.15747460865583207,False,-0.12437758403578836,-0.18017768617212293,-0.06533430967693254,-0.14527421219939096,0.7607505528738592,0.8601772162043648,0.7376095099415438,1.0881591955199648,0.8601772162043648,290071217.2855717,0.9719084388267037,19.03149995803833,21.821999963124593,21.164083369572957,True,False,False,True,False,False,weak_rally,2,1,normal,False,False,,False,41.0,,0.036925575370462795,46.98472394563933,True,False,False,False,False,True,False,,Uptrend Under Pressure,25.58,-0.2392,0.3339439367049344,0.9239023508895683,-0.4270897361919529,-0.0032216265670762523,0.278136858082469,0.3364406779661017,,False,,,0,1,0.279,0.882
KSPI,Joint Stock Company Kaspi.kz - ,Information Technology,XLK,17873963008.0,2026-10-01,92.0199966430664,-0.021688294370373007,-0.008298353969862782,-0.11954935215814066,-0.12038526318201348,0.051107338164033456,False,-0.15933215093268926,0.022783715373023483,-0.18375043781849498,-0.019558549130117786,0.8647442313317694,1.1518516455770498,0.7290076858801917,0.36210407347572743,1.1518516455770498,60288288.96624184,0.4956669831254314,97.76647033691407,94.52573560078939,88.78975156148275,False,False,True,True,True,False,distribution,0,1,normal,False,False,,False,,,0.02703683811840557,36.69688068954925,True,False,False,False,False,True,False,,Uptrend Under Pressure,,,0.3384077439567397,1.0,0.1545929736588023,0.2704155826824215,0.7895314589281197,0.3329978813559322,,False,,,0,1,0.279,0.882
CPT,Camden Property Trust,Real Estate,XLRE,9725171712.0,2026-10-01,96.62000274658203,-0.0011371922519806121,0.0026846617439422182,-0.07455453694320224,-0.07543316661592547,-0.14904765957514698,False,-0.11637040785414099,-0.1719778135453588,-0.01347280958082786,-0.04324911893586192,0.8393186529733627,1.1261530403121207,1.1578247870458558,0.5688282952107327,1.1261530403121207,119761207.49637946,0.7665398065630807,99.77882232666016,106.15874938964843,106.08876056671143,False,False,False,False,False,False,distribution,3,6,normal,False,False,,False,54.0,분산6일,0.01704780729974013,27.61505826355122,True,False,False,False,False,True,False,,Uptrend Under Pressure,113.34,-0.1475,0.4708559028542112,0.8915978830104153,-0.11310798268771416,-0.06645381559476671,0.3953444038885476,0.3318326271186441,,False,,,0,1,0.279,0.882
NXT,Nextpower Inc.,Industrials,XLI,11973037056.0,2026-10-01,79.4800033569336,0.019889683635159194,-0.00612727093022325,-0.03718957699976544,-0.03810368143987042,-0.261027681029943,False,-0.08069376818883944,-0.28094036973028536,-0.016197295879601614,-0.19906595751551992,0.7578185110444727,1.0857530691608708,0.9093096270665426,0.6613677009567651,1.0857530691608708,168221240.4503479,0.5894998279287169,81.42399978637695,91.89866676330567,107.73791681925455,False,False,False,False,False,False,accumulation,1,1,normal,False,False,,False,86.0,,0.046709860772606304,41.42679287225394,True,False,False,False,False,True,False,,Uptrend Under Pressure,156.4,-0.4918,0.47212500392120577,0.9066175754014075,-0.026244556065204705,-0.4079705929237015,0.29443460662787757,0.33177966101694917,,False,,,0,1,0.279,0.882
MDGL,"Madrigal Pharmaceuticals, Inc.",Health Care,XLV,11643554816.0,2026-10-01,499.7099914550781,-0.008433209127829855,-0.0263050796741795,-0.08633646326412936,-0.08720390702641201,-0.09298916483937192,False,-0.127619972701826,-0.11742989684617244,-0.052854036715800023,-0.11182520046756628,0.9065033858595521,0.8955315357910543,1.0231544108955752,0.6404630753431052,0.8955315357910543,119775384.87582397,0.16170968134908895,525.2090026855469,527.3423350016276,519.9647514343262,False,False,False,False,False,False,dry_up,1,4,normal,False,False,,False,66.0,분산4일,0.031001541168387818,36.64813418490277,True,False,False,True,False,True,False,,Uptrend Under Pressure,527.28,-0.0523,0.7257202523044776,0.9496588726121497,0.018691985756966067,-0.12770438233726722,0.45847005890643633,0.33040254237288136,,False,,,0,1,0.279,0.882
NU,Nu Holdings Ltd.,Financials,XLF,61156519936.0,2026-10-01,13.289999961853027,0.04976304281470423,-0.019911537566995485,-0.13701296811321728,-0.13783229895837223,-0.10617669826777432,False,-0.17600668061573033,-0.1302620729206604,-0.07249636166869644,-0.04309262229440525,0.84757651168324,1.6788163378586902,1.3275323472641167,0.9116552742774278,1.6788163378586902,1060048601.4413655,0.9473688613457188,14.02200002670288,14.210333331425984,13.791583347320557,False,False,True,False,False,False,accumulation,3,2,interest,True,False,surge,False,33.0,,0.03789638081979805,43.72898137770897,True,False,False,False,False,True,False,,Uptrend Under Pressure,15.23,-0.1274,0.297900032266144,0.9161407579283121,-0.2166503376453286,-0.14087864748159795,0.2291216435979907,0.3289724576271187,,False,,,0,1,0.279,0.882
PAC,Grupo Aeroportuario Del Pacific,Industrials,XLI,12222269440.0,2026-10-01,196.61000061035156,-0.042841161067468936,-0.07000616241136937,-0.056800175155821586,-0.05769566104504731,-0.1180162050147705,False,-0.09941826956911015,-0.14178254686200698,-0.03623546646278597,-0.044063183167830866,0.882846894048435,1.182263618553004,1.4359526585872715,0.4675117229103821,1.182263618553004,30163755.501195528,0.2715283293815159,206.12500076293946,212.77900034586588,229.12558339436848,False,False,False,False,False,False,distribution,4,4,normal,False,False,,False,,분산4일,0.03065532921579856,36.637624579674466,False,False,False,False,False,True,False,,Uptrend Under Pressure,,,0.3004523248870846,0.9066175754014075,-0.2595301965485758,-0.3010764051012452,0.11584781901629866,0.32823093220338984,,False,,,0,1,0.279,0.882
PBA,Pembina Pipeline Corp.,Energy,XLE,25925724160.0,2026-10-01,45.279998779296875,0.015702039468167284,-0.003521123508970825,-0.057648218667201045,-0.05854289941314972,-0.12108166387130437,False,-0.10022799458478748,-0.14476540245131841,-0.027358729232446866,-0.15465350094537444,0.8913543684577814,0.7479750515421368,0.7350696501329953,0.5432576487096241,0.7479750515421368,52515380.48995209,0.9051364090068845,46.62905426025391,47.96613540649414,46.82567933400472,False,False,False,True,False,False,weak_rally,0,2,normal,False,False,,False,78.0,,0.01916188914341069,38.74093623644729,True,False,False,False,False,True,False,,Uptrend Under Pressure,47.77,-0.0522,0.3893733459129558,0.9566614457922488,0.07504143868334401,-0.027972084441633238,0.601319070507029,0.326906779661017,,False,,,0,1,0.279,0.882
HUBS,"HubSpot, Inc.",Information Technology,XLK,10221573120.0,2026-10-01,217.4499969482422,0.0608352106577188,-0.018550282793105,-0.11429268944817828,-0.11513359121437017,0.035646573076457244,False,-0.15431300835554607,0.007739563187385334,-0.17887708274054703,-0.0339798878494334,0.8319942192212179,0.7462682260010816,0.8535646644000615,0.3789304845572255,0.7462682260010816,400508155.33902895,0.8576849188344826,225.64750061035156,227.82449900309246,216.95924962361653,False,False,True,False,False,False,weak_rally,2,2,normal,False,False,,False,40.0,,0.06755904010662217,47.014353494308395,True,False,False,False,False,True,False,,Uptrend Under Pressure,250.21,-0.1309,0.4593845957793586,1.0,-0.5344326589031486,-0.11266701569510418,0.15112843771457485,0.32600635593220345,,False,,,0,1,0.279,0.882
BN,Brookfield Corporation,Financials,XLF,81391534080.0,2026-10-01,36.540000915527344,0.0021942356846837985,-0.0024570065510107764,-0.07814027812638102,-0.0790155034508978,-0.1455657743239006,False,-0.11979412880336615,-0.16858975277889843,-0.009222370121271695,-0.08526169240710857,0.811506229678969,1.2432696903079792,1.1343608099523508,0.5775864709123999,1.2432696903079792,191667792.19401512,0.8332859472967513,37.65049858093262,40.98016668955485,42.91870069503784,False,False,False,False,False,False,accumulation,4,4,normal,False,False,,False,40.0,분산4일,0.02036847397527328,30.9730096716697,True,False,False,False,False,True,False,,Uptrend Under Pressure,44.46,-0.1781,0.3889383923881409,0.9161407579283121,-0.24259843722076646,-0.1618278885440565,0.1980999963861082,0.3254237288135593,,False,,,0,1,0.279,0.882
KGC,Kinross Gold Corporation,Materials,XLB,28564676608.0,2026-10-01,24.059999465942383,-0.0008305837968040075,-0.014742039689878528,-0.20489096880514313,-0.2056458554146149,-0.03007427903271831,False,-0.24081764188941668,-0.056210344550023716,-0.13662628130142673,0.03582215227602226,0.7186379867057571,0.8565317549654942,1.0214162843097827,0.5365685252027923,0.8565317549654942,208507428.04316205,0.5999984741210938,27.583000087738036,26.912179279327393,27.727110290527342,False,False,True,False,False,False,dry_up,1,3,normal,False,False,,False,26.0,분산3일,0.04747060390303426,33.50422190918263,True,False,False,False,False,True,False,,Uptrend Under Pressure,33.48,-0.2814,0.32559599885713125,0.9085780336452783,0.031244008532380185,-0.20930116830335166,0.4047296808933541,0.32510593220338985,,False,,,0,1,0.279,0.882
KEY,KeyCorp,Financials,XLF,21417269248.0,2026-10-01,20.049999237060547,-0.0009965350307817866,-0.009876580885898933,-0.08027523216720833,-0.08114843053925191,-0.14523236133661865,False,-0.12183261582789051,-0.16826532409164197,-0.011516932573975125,-0.08490474786702473,0.868383628582019,0.9343908258243763,0.9676699204078199,0.5853529794009367,0.9343908258243763,325948635.2930263,1.0,21.029500102996828,21.97768144607544,21.82314338684082,False,False,False,True,False,False,dry_up,3,4,normal,False,False,,False,75.0,분산4일,0.02219449933951511,31.28221050017983,True,False,False,False,False,True,False,,Uptrend Under Pressure,22.21,-0.0971,0.3250612934074845,0.9161407579283121,0.024748350947959574,-0.0878557888345951,0.5106293592569838,0.32473516949152537,,False,,,0,1,0.279,0.882
DOC,"Healthpeak Properties, Inc.",Real Estate,XLRE,14157676544.0,2026-10-01,19.440000534057617,-0.026539749500264165,-0.04094720794089346,-0.07093812728587179,-0.07182019042384002,-0.13651124957205074,False,-0.11291740417309837,-0.15977921542425477,-0.009617707793557972,-0.029154062437332984,0.8604076978949042,1.1001274221263948,0.9839653095278111,0.45131898925834063,1.1001274221263948,105894749.75621977,0.15464055372030833,20.318035888671876,21.002262369791666,19.886441906293232,False,False,False,True,False,False,distribution,2,6,normal,False,False,,False,10.0,분산6일,0.019271733440242782,30.280850943477745,True,False,False,False,False,True,False,,Uptrend Under Pressure,20.5,-0.0517,0.3943256333193883,0.8915978830104153,0.0025333094408108714,0.11880704171161471,0.6518168841024901,0.32441737288135597,,False,,,0,1,0.279,0.882
PAA,"Plains All American Pipeline, L",Energy,XLE,16736035840.0,2026-10-01,23.700000762939453,-0.0008431092324602263,-0.0381492958601245,-0.07853804838035916,-0.0794128960567464,-0.03785631191238392,False,-0.12017392597275245,-0.06378267918496405,-0.048920009128991526,-0.07460708819109474,0.9080459929711646,1.5769190330926197,1.0677906871493588,0.3035381211034815,1.5769190330926197,70221763.59781131,0.6944469463768193,25.08050012588501,24.38687556584676,23.10527335802714,False,False,True,True,True,False,distribution,1,3,interest,False,False,,False,144.0,분산3일,0.02248342601468472,33.22872576871137,True,False,False,True,False,True,False,,Uptrend Under Pressure,21.31,0.1119,0.4728866101695121,0.9566614457922488,0.4232920996445806,0.05477411152902567,0.8302527917314155,0.3236758474576271,,False,,,0,1,0.279,0.882
TSN,"Tyson Foods, Inc.",Consumer Staples,XLP,17776529408.0,2026-10-01,50.470001220703125,-0.0011873651304803445,-0.013101254926509265,-0.0956817778388992,-0.09654034904086994,-0.12877321436311295,False,-0.13654302309844557,-0.1522496928785283,-0.04343374333021932,-0.06835184434505148,0.8326441312576737,0.8189418474646882,0.7231102789505565,0.733283767585874,0.8189418474646882,206034979.57185897,0.772730688090628,51.78449954986572,55.411267852783205,58.26953951517741,False,False,False,False,False,False,dry_up,1,1,normal,False,False,,False,42.0,,0.019205200841662846,31.081347970229388,True,False,False,False,False,True,False,,Uptrend Under Pressure,59.06,-0.1454,0.3696854921086908,0.9096505422560582,-0.08961701701586167,-0.2522451451431821,0.2688365075349644,0.32192796610169494,,False,,,0,1,0.279,0.882
CFG,"Citizens Financial Group, Inc.",Financials,XLF,26854232064.0,2026-10-01,63.70000076293945,-0.0009409905924273598,-0.015912290137148788,-0.08713095618685085,-0.08799764564746526,-0.13629447830731956,False,-0.1283785667900701,-0.15956828537793333,-0.01888518810582429,-0.07533604877937417,0.8524019523816767,1.5774455413297008,1.1329728959281533,0.6166465128712261,1.5774455413297008,267650745.89178562,0.9948195233408046,67.35,70.10089149475098,67.4203509012858,False,False,False,True,False,False,distribution,2,6,interest,False,False,,False,54.0,분산6일,0.024259917299520144,29.76670417201089,True,False,False,False,False,True,False,,Uptrend Under Pressure,73.92,-0.1383,0.3272696565863055,0.9161407579283121,0.14550125163871375,-0.021300815506643755,0.6503080842759568,0.32155720338983057,,False,,,0,1,0.279,0.882
BKR,Baker Hughes Company,Energy,XLE,54497808384.0,2026-10-01,55.619998931884766,0.013114706484415484,-0.029149973066067036,-0.13940892316929054,-0.14022597926429436,-0.03749402963030013,False,-0.1782943754324564,-0.0634301591282298,-0.11174742260689952,-0.07425864392017645,0.8570107492171054,0.7637566339886805,0.8022449123017199,0.6357435465931062,0.7637566339886805,493025837.9414686,0.738371835134224,58.429999923706056,59.91190611521403,61.14287780125936,False,False,True,False,False,False,weak_rally,2,1,normal,False,False,,False,22.0,,0.02673756088424594,35.3323680899355,True,False,False,False,False,True,False,,Uptrend Under Pressure,63.55,-0.1248,0.35642088106771785,0.9566614457922488,0.1510028597120323,-0.08849442630778315,0.5890995988580102,0.3215572033898305,,False,,,0,1,0.279,0.882
D,"Dominion Energy, Inc.",Utilities,XLU,53228912640.0,2026-10-01,60.7599983215332,0.003965595868377747,0.005960211698008866,-0.07079749425952542,-0.07167969091627446,-0.15750208630077434,False,-0.11278312559194659,-0.1802044233917801,-0.008073064119509366,-0.00798588303795178,0.858855706633011,1.1073236763414573,0.8891325301336233,0.4553361357877177,1.1073236763414573,318247907.27296734,0.9034461167717681,63.10509986877442,66.43042589823405,65.51979284286499,False,False,False,False,False,False,accumulation,1,3,normal,False,False,,False,61.0,분산3일,0.017198812256142275,29.53842717473239,True,False,False,False,False,True,False,,Uptrend Under Pressure,69.13,-0.1211,0.31394998727960394,0.8486957529206396,-0.02840862708084224,-0.07300818909275986,0.47577427631816704,0.3208686440677966,,False,,,0,1,0.279,0.882
ADM,Archer-Daniels-Midland Company,Consumer Staples,XLP,38257704960.0,2026-10-01,79.5199966430664,0.0017636608023743339,-0.028822675739074377,-0.06863434995152773,-0.0695186003249475,-0.10565633361017013,False,-0.1107177220658272,-0.12975573024895704,-0.01482361891523254,-0.04363176035196048,0.9027131337143902,0.6123500653463427,0.7973001073505791,0.3877466600995002,0.6123500653463427,305952171.1529007,0.9463074189567684,83.72699966430665,81.98779602050782,79.0251652399699,False,False,True,True,True,False,weak_rally,0,1,normal,False,False,,False,97.0,,0.027279753546861997,38.56871989525205,True,False,False,True,False,True,False,,Uptrend Under Pressure,81.83,-0.0282,0.4266219367337427,0.9096505422560582,0.263381113977897,0.015336788404406443,0.7517780347656391,0.32060381355932205,,False,,,0,1,0.279,0.882
HSBC,"HSBC Holdings, plc.",Financials,XLF,339771031552.0,2026-10-01,95.81999969482422,-0.03514246248682473,-0.043426161062561364,-0.08690682803894756,-0.08777373028967128,-0.08874175468938106,False,-0.12816456577993385,-0.11329693936772056,-0.0186443042165515,-0.024427158877069255,0.8926634156604113,2.2056093129833974,1.2588831451129214,0.384085956218685,2.2056093129833974,154535329.58167,0.6178000223688626,102.44049949645996,102.52183113098144,97.0424794514974,False,False,True,True,False,False,distribution,0,6,attention,False,False,,False,122.0,분산6일,0.020805381929659448,30.841753165297973,True,False,False,False,False,True,False,,Uptrend Under Pressure,89.34,0.0725,0.3191113955571751,0.9161407579283121,0.3217239632370614,0.048825500782389675,0.8000135520942504,0.32039194915254243,,False,,,0,1,0.279,0.882
MLM,"Martin Marietta Materials, Inc.",Materials,XLB,34075809792.0,2026-10-01,479.1700134277344,-0.0013338282530913625,-0.0019370811580050606,-0.07329760643556327,-0.07417742945406924,-0.14944160080340152,False,-0.11517027123220314,-0.1723611394517086,0.00626512876637042,-0.09165494568631172,0.8222922206154957,0.9321327452018782,1.029845586864111,0.5043761977942429,0.9321327452018782,440755940.3456024,0.7065316304945484,496.16900329589845,529.5399500528971,559.4231132507324,False,False,False,False,False,False,dry_up,2,4,normal,False,False,,False,72.0,분산4일,0.029072591790266847,35.94621539686639,True,False,True,False,False,True,False,,Uptrend Under Pressure,608.13,-0.2121,0.47412974978001815,0.9085780336452783,-0.3012792380029563,-0.2745103188581576,0.09341910303205522,0.3191737288135593,,False,,,0,1,0.279,0.882
TCOM,Trip.com Group Limited,Consumer Discretionary,XLY,24621473792.0,2026-10-01,38.7599983215332,-0.008695656415764974,-0.03196809602213968,-0.11162050486725805,-0.11246394363941903,-0.11167438384843431,False,-0.151761565330932,-0.13561161533177302,-0.06428611155237296,-0.048223814150418876,0.8194502948567476,0.47797782018308027,0.6874836140379988,0.734910277324633,0.47797782018308027,180384843.6315918,0.07784275206724839,39.88200016021729,43.19016672770182,45.96525007883708,False,False,False,False,False,False,dry_up,1,3,normal,False,False,,False,45.0,분산3일,0.024537452119269554,34.00972713908821,True,False,False,False,False,True,False,,Uptrend Under Pressure,46.0,-0.1574,0.3163383004162387,0.8792679914183797,-0.4943716357209854,-0.24459159560537014,0.0568772360955513,0.31827330508474583,,False,,,0,1,0.279,0.882
AVGO,Broadcom Inc.,Information Technology,XLK,1676451119104.0,2026-10-01,343.6400146484375,-0.021498299326526027,-0.019180188903084816,-0.06255915514075394,-0.0634491733812621,-0.1533472198574628,False,-0.10491703242268058,-0.1761615158946338,-0.13091587692845075,-0.21026763870197052,0.8048105681205303,0.8336878131844768,0.7414489031153234,0.9386944431594696,0.8336878131844768,9460115512.673182,0.031362543786967685,353.8501281738281,375.64146575927737,390.2646100362142,False,False,False,True,False,False,dry_up,1,0,normal,False,False,,False,84.0,,0.029855801357014766,39.81260000051355,True,False,False,False,False,True,False,,Uptrend Under Pressure,479.94,-0.284,0.403997321995834,1.0,-0.022681247157138706,0.013310424908289153,0.5618156192403599,0.31779661016949157,,False,,,0,1,0.279,0.882
FDX,FedEx Corporation,Industrials,XLI,67472371712.0,2026-10-01,287.07000732421875,0.0069452138333938596,0.026937105777782744,-0.08954015182025477,-0.09040455395994595,-0.12390451481189835,False,-0.1306789039141104,-0.1475121875494112,-0.06968927710490469,-0.050445218933105274,0.8492617325329003,1.0158222912846104,1.0039204596699034,0.7093217174859987,1.0158222912846104,511250246.3963623,0.7122990865963322,300.82570190429686,312.9199513753255,313.57831242879234,False,False,False,True,False,False,accumulation,3,5,normal,False,False,,False,19.0,분산5일,0.02310037956188417,35.5891721943003,True,False,False,False,False,True,False,,Uptrend Under Pressure,323.04,-0.1114,0.28158267748432664,0.9066175754014075,0.5021597652162568,-0.0337128918252102,0.7608507101297387,0.31663135593220343,,False,,,0,1,0.279,0.882
SPGI,S&P Global Inc.,Financials,XLF,116289757184.0,2026-10-01,388.1600036621094,-0.01599614048994147,-0.03742094566122911,-0.10087787786931579,-0.10173151582794449,-0.11516783884086468,False,-0.1415043394956974,-0.1390109340758391,-0.03365982480976781,-0.052718337725748854,0.8614674757638284,1.5157274373933811,1.3068511186291025,0.6118530823152718,1.5157274373933811,789933512.300206,0.15338309901763195,410.0550003051758,421.00742594401044,410.72483927408854,False,False,False,False,False,False,distribution,2,3,interest,False,False,,False,21.0,분산3일,0.022253345831696938,32.9059432122983,True,False,False,False,False,True,False,,Uptrend Under Pressure,440.21,-0.1182,0.35155838694690705,0.9161407579283121,-0.16345661554073354,-0.0567877443112591,0.3547811788515052,0.316260593220339,,False,,,0,1,0.279,0.882
INSM,Insmed Incorporated,Health Care,XLV,24926064640.0,2026-10-01,108.58999633789062,-0.04862452322968169,-0.10662284153418422,-0.14246230203594523,-0.14327645921428522,-0.006280535705691426,False,-0.18120978863649018,-0.033057758397256554,-0.11103668217692986,-0.02691726297319208,0.8058626815427876,1.2070206372561798,1.058308110440926,0.4447499304434611,1.2070206372561798,265545531.82237092,0.014284808383221667,121.53500022888184,118.13450050354004,116.88625005086263,False,False,True,False,True,False,distribution,1,5,normal,False,False,,False,39.0,분산5일,0.04613686122324292,33.01237264577725,True,False,False,False,False,True,False,,Uptrend Under Pressure,132.55,-0.1808,0.84572051191202,0.9496588726121497,-0.26819040516151893,-0.36766076283423044,0.09526038090419572,0.3148305084745763,,False,,,0,1,0.279,0.882
ROP,"Roper Technologies, Inc.",Information Technology,XLK,34556952576.0,2026-10-01,362.5899963378906,0.03772070787225301,-0.00392833558304273,-0.12794923185674278,-0.12877716792817895,0.050881934529215966,False,-0.167352485537425,0.02256438556843854,-0.19153781141310533,-0.019768798891229733,0.8507507882514058,1.259811936915283,0.9389624291018859,0.22512374720165318,1.259811936915283,332664978.9492279,0.8967995193887611,376.41199798583983,384.8165008544922,362.52402826944984,False,False,True,True,False,False,accumulation,1,4,normal,False,False,,False,67.0,분산4일,0.026908927356889958,39.3687973382584,True,False,False,False,False,True,False,,Uptrend Under Pressure,337.46,0.0745,0.41273493025190344,1.0,-0.2660791684236633,0.013570080853484656,0.35882783419464426,0.31451271186440677,,False,,,0,1,0.279,0.882
AJG,Arthur J. Gallagher & Co.,Financials,XLF,58473943040.0,2026-10-01,231.82000732421875,0.016264112506862327,0.020648977856650985,-0.12107917715380079,-0.121913635742399,-0.06461133710150024,False,-0.1607928514179503,-0.08981675113390597,-0.05537136611116411,0.0014063303284710393,0.8545880903400205,1.9326761243282382,1.2141504362278153,0.442250430020027,1.9326761243282382,353725499.3797119,0.5095553575767393,240.26897201538085,249.9561299641927,231.92721824645997,False,False,False,True,False,False,accumulation,3,6,interest,True,False,surge,False,64.0,분산6일,0.02647374054203162,39.99453298169955,True,False,False,False,False,True,False,,Uptrend Under Pressure,239.03,-0.0302,0.36606309372666584,0.9161407579283121,-0.25970714615045376,0.04246404068659371,0.38363629792924003,0.31340042372881355,,False,,,0,1,0.279,0.882
DB,Deutsche Bank AG,Financials,XLF,67437309952.0,2026-10-01,35.130001068115234,-0.021175768583389987,-0.013756257115743908,-0.13259256621937698,-0.13341609385021436,-0.03673831690949236,False,-0.17178601275522432,-0.062694810190706,-0.06774549208672898,0.031246566770035233,0.8452839246220986,1.6566184873933016,1.1147675404572726,0.3599313851583464,1.6566184873933016,76962864.07765293,0.5359129994941831,38.298500061035156,37.642500178019205,34.9300364335378,False,False,True,True,True,False,distribution,0,7,interest,False,False,,False,25.0,분산7일,0.027093246223816696,32.460472064001294,True,False,False,False,False,True,False,,Uptrend Under Pressure,40.23,-0.1268,0.3016236880671993,0.9161407579283121,0.004812111935074359,0.15470368197851947,0.6675111127172852,0.313135593220339,,False,,,0,1,0.279,0.882
DASH,"DoorDash, Inc.",Consumer Discretionary,XLY,79531843584.0,2026-10-01,182.1750030517578,-0.007491146701927742,-0.02855540853408378,-0.19477104566609327,-0.1955355402590827,0.00028133954633702274,False,-0.23115498329647333,-0.026672702460146747,-0.15186705672690726,0.07172858782841307,0.76889802339651,0.9697166104720761,1.1112295267445564,0.33300094920179535,0.9697166104720761,832943490.3594673,0.41794789559382245,195.39349975585938,202.4805005391439,185.5410420735677,False,False,True,True,False,False,dry_up,2,5,normal,False,False,,False,38.0,분산5일,0.04093905306689001,36.28627764220973,True,False,False,False,False,True,False,,Uptrend Under Pressure,216.26,-0.1576,0.3034973916863098,0.8792679914183797,-0.2804178626965711,0.2863865497513123,0.4490088901738283,0.313135593220339,,False,,,0,1,0.279,0.882
OTIS,Otis Worldwide Corporation,Industrials,XLI,24484653056.0,2026-10-01,64.4800033569336,0.002487619136637642,-0.03299335540152093,-0.08965125384674211,-0.09051555050475879,-0.10089736824542217,False,-0.1307849858414314,-0.1251250021583411,-0.0698028015033536,-0.02550895754349891,0.8767515662237396,1.2370076393391127,1.053225058658432,0.5716961810272306,1.2370076393391127,325880166.4060108,0.6472768534625063,68.03050003051757,70.72434196472167,72.06147174835205,False,False,False,False,False,False,accumulation,2,4,normal,False,False,,False,11.0,분산4일,0.024983379580562834,32.434228694182664,True,False,False,False,False,True,False,,Uptrend Under Pressure,69.25,-0.0689,0.2873677376759513,0.9066175754014075,-0.31584673956232645,-0.2084385758578664,0.12241606736294315,0.3127648305084746,,False,,,0,1,0.279,0.882
ADSK,"Autodesk, Inc.",Information Technology,XLK,43681001472.0,2026-10-01,211.30999755859375,0.011052619897577776,-0.00018929994684868667,-0.12584287720433573,-0.12667281307562273,0.013327300770214157,False,-0.16534130564977045,-0.013978283720309959,-0.18958504885106908,-0.05479863673241203,0.7809520587072605,0.9853198951378983,0.8543163239275958,0.43141198694200933,0.9853198951378983,506821237.69365233,0.3176227907675362,215.8319984436035,229.59699935913085,227.8014165242513,False,False,True,False,False,False,weak_rally,0,1,normal,False,False,,False,24.0,,0.03597933931238573,41.481828629092476,True,False,False,False,False,True,False,,Uptrend Under Pressure,270.58,-0.219,0.3585868754855046,1.0,-0.3237442658304751,-0.10664882416502852,0.20290827942611397,0.3127648305084746,,False,,,0,1,0.279,0.882
PEG,Public Service Enterprise Group,Utilities,XLU,33556961280.0,2026-10-01,67.88999938964844,0.008167553930328086,0.01998199939661749,-0.06562640147198462,-0.06651350762988206,-0.1598957477441032,False,-0.10784568649563253,-0.18253358413061516,-0.002552904421046831,-0.010804342175237958,0.8583921070754316,1.2841643875736377,1.1029533489477361,0.39965496102986253,1.2841643875736377,239283722.24447784,0.9215699180813443,69.93293647766113,73.89563827514648,76.21657670338949,False,False,False,False,False,False,accumulation,2,5,normal,False,False,,False,63.0,분산5일,0.016986508415098786,34.47204866395806,True,False,False,False,False,True,False,,Uptrend Under Pressure,80.88,-0.1606,0.2691833678202562,0.8486957529206396,-0.21734986404447787,-0.21717386742527056,0.1704311372917495,0.31175847457627115,,False,,,0,1,0.279,0.882
WCN,"Waste Connections, Inc.",Industrials,XLI,38724050944.0,2026-10-01,150.66000366210938,-0.021243351973382896,-0.03379714783049814,-0.08184528597420704,-0.08271699371723185,-0.12246098761797375,False,-0.12333172740226994,-0.14610755830457778,-0.061826639096068337,-0.0488806541433473,0.8736834560638801,1.2937035976316809,1.2529403450337977,0.605267438716352,1.2937035976316809,197046408.21082002,0.22950974588165973,157.8504997253418,164.4059285481771,161.25441614786783,False,False,False,False,False,False,distribution,4,6,normal,False,False,,False,199.0,분산6일,0.018513778471186338,23.814935378357816,True,False,False,False,False,True,False,,Uptrend Under Pressure,175.33,-0.1407,0.4094545236089225,0.9066175754014075,-0.186191870594676,-0.13266219024926196,0.2521005746087962,0.31106991525423733,,False,,,0,1,0.279,0.882
GD,General Dynamics Corporation,Industrials,XLI,89778987008.0,2026-10-01,332.7200012207031,0.002682140507044517,-0.010615859030916996,-0.08610982907910125,-0.08697748801075655,-0.12988244206656807,False,-0.12740357888881704,-0.15332903082104143,-0.06618416259000726,-0.0569243864456771,0.8402656771851105,0.9721737427439213,1.1339193007667348,0.6776378658686033,0.9721737427439213,452329960.3059036,0.5029923705971036,348.6875,370.56016794840497,356.8262456258138,False,False,False,False,False,False,weak_rally,1,5,normal,False,False,,False,39.0,분산5일,0.018387409426163688,22.508180176216754,True,False,False,False,False,True,False,,Uptrend Under Pressure,386.92,-0.1401,0.38196182439715226,0.9066175754014075,-0.043845770229818726,-0.0876601932142741,0.4483665209063641,0.31054025423728815,,False,,,0,1,0.279,0.882
USB,U.S. Bancorp,Financials,XLF,89993052160.0,2026-10-01,57.36000061035156,-0.006925168331116782,-0.008600173837719827,-0.07762066226686526,-0.07849638092127653,-0.12360855818494954,False,-0.11929799157178922,-0.14722420590613894,-0.008663907963176842,-0.061754784412520025,0.8850161410923583,1.298090611013685,0.999870465560136,0.4298512960376154,1.298090611013685,478913263.86546326,0.8095135403750003,59.98262405395508,61.81563103993734,58.80056495666504,False,False,False,True,False,False,distribution,1,3,normal,False,False,,False,68.0,분산3일,0.022155847785265102,32.70717539642828,True,False,False,False,False,True,False,,Uptrend Under Pressure,60.13,-0.046,0.3343176456941741,0.9161407579283121,0.13012081452900381,0.004047584564841111,0.6633786274438943,0.3098516949152542,,False,,,0,1,0.279,0.882
CARR,Carrier Global Corporation,Industrials,XLI,45565640704.0,2026-10-01,55.220001220703125,0.006562169273538698,0.006378755160043825,-0.04098646292641728,-0.041896962554815564,-0.20869588947967266,False,-0.08431909339353594,-0.23001873475492451,-0.020076965804898816,-0.14234622352706539,0.7964805966003692,1.0129233138108,0.9085362342182906,0.5430379825004099,1.0129233138108,403732031.559491,0.9837395096111501,56.14149971008301,61.178364817301436,63.71879482269287,False,False,False,False,False,False,accumulation,3,1,normal,False,False,,False,79.0,,0.029938696610325655,39.91780313411693,True,False,False,False,True,True,False,,Uptrend Under Pressure,70.98,-0.2221,0.4528924024016752,0.9066175754014075,-0.15548260073125064,-0.13059991642230384,0.2830038668642261,0.30873940677966105,,False,,,0,1,0.279,0.882
ARES,Ares Management Corporation,Financials,XLF,38542409728.0,2026-10-01,116.56999969482422,0.0034432429386559438,-0.029472990571463353,-0.14673433865510388,-0.147544439907637,-0.03855590673652354,False,-0.18528879504595552,-0.06446342240452796,-0.08294449844712903,0.02930069546442282,0.7882359405010455,1.0107687224808173,0.9204850860319858,0.42582182713483285,1.0107687224808173,289699249.245327,0.5735295034288628,126.23260154724122,130.329923248291,124.95665887196859,False,False,True,True,False,False,accumulation,1,4,normal,False,False,,False,19.0,분산4일,0.03785831809277877,31.503133101106172,True,False,False,False,False,True,False,,Uptrend Under Pressure,140.04,-0.1676,0.46255168081790593,0.9161407579283121,-0.2225185609441559,0.13924400435319972,0.44985996169274695,0.30858050847457635,,False,,,0,1,0.279,0.882
JLL,Jones Lang LaSalle Incorporated,Real Estate,XLRE,14056272896.0,2026-10-01,308.07000732421875,0.008346485998442343,-0.0503390471008347,-0.11962388542769697,-0.1204597256887372,-0.07222023566552549,False,-0.15940331644725325,-0.09722061681027305,-0.06151684838087801,0.04313022573897607,0.7843122294924312,2.0808680051340063,1.4265007282789866,0.41993746079769767,2.0808680051340063,127116035.69975892,0.9040868526877035,334.7289978027344,348.06566569010414,329.9990821838379,False,False,True,True,False,False,accumulation,2,6,attention,True,False,surge,False,44.0,분산6일,0.028283238847984907,26.841661266034535,True,False,False,False,False,True,False,,Uptrend Under Pressure,361.72,-0.1483,0.4599520320150212,0.8915978830104153,0.03128581290390997,-0.00479762158336583,0.594776119402985,0.30831567796610165,,False,,,0,1,0.279,0.882
TME,Tencent Music Entertainment Gro,Communication Services,XLC,12924037120.0,2026-10-01,7.769999980926514,-0.02017652596161912,-0.06834534307346585,-0.073897537190171,-0.07477679062680143,-0.13638410492000785,False,-0.11574309436351848,-0.1596554968706071,-0.056117595825183164,-0.12387830222930174,0.784848513163885,0.5274115014896285,0.9053232364499774,0.6471940439783561,0.5274115014896285,58154542.88002896,0.11320819223170298,8.053500032424926,8.678500000635783,8.88316666285197,False,False,False,False,False,False,dry_up,3,3,normal,False,False,,False,37.0,분산3일,0.028948333321746282,37.02741299361303,True,False,False,False,False,True,False,,Uptrend Under Pressure,9.9,-0.2152,0.41844643948870924,0.9239023508895683,-0.6836812922892431,-0.20533350581969723,0.06695728379892306,0.30736228813559324,,False,,,0,1,0.279,0.882
TTWO,"Take-Two Interactive Software, ",Communication Services,XLC,38798442496.0,2026-10-01,203.6199951171875,-0.018698818712349352,0.0031530170613833786,-0.057925438640769045,-0.058819856190555075,-0.14929521189617256,False,-0.10049268848838011,-0.1722186952074446,-0.0398388541265744,-0.1369763716702409,0.8030129322701626,1.0578779982015196,0.8927323811189622,0.5721957532710819,1.0578779982015196,525336896.7517853,0.4251001807990577,209.54100036621094,228.94733225504558,227.49808298746746,False,False,False,True,False,False,distribution,0,3,normal,False,False,,False,37.0,분산3일,0.03147670490481429,37.94390170032996,True,False,False,False,False,True,False,,Uptrend Under Pressure,253.57,-0.197,0.4012810784401371,0.9239023508895683,-0.2726017270518596,-0.06207401430796233,0.28294785154132485,0.30598516949152543,,False,,,0,1,0.279,0.882
RF,Regions Financial Corporation,Financials,XLF,22899865600.0,2026-10-01,26.959999084472656,0.002976187730794999,-0.011005177618866213,-0.09923158003408117,-0.1000867810087771,-0.13880702866577477,False,-0.13993242894799873,-0.16201313139639162,-0.031890450328416864,-0.07802592939694497,0.8523764264688651,1.2751051842561505,1.2472766885188844,0.6494960294518137,1.2751051842561505,258670764.7126934,0.9534873405368961,28.63899984359741,30.030922349294027,28.9907355149587,False,False,False,True,False,False,accumulation,3,6,normal,False,False,,False,178.0,분산6일,0.022732100545171035,26.175779108457576,True,False,False,False,False,True,False,,Uptrend Under Pressure,27.7,-0.0267,0.317954083562951,0.9161407579283121,0.0023081532754238854,-0.02709756653718176,0.5465162083047232,0.3034957627118644,,False,,,0,1,0.279,0.882
CPRT,"Copart, Inc.",Industrials,XLI,25270294528.0,2026-10-01,27.290000915527344,0.00036657729582567633,-0.02674750269300752,-0.1514303157646517,-0.15223595859689365,-0.01981506660579946,False,-0.18977258636989813,-0.046227581589646016,-0.13292884035892394,0.06237197379731407,0.7949315310213877,0.6931262225263376,0.8162620812898141,0.3323571556261038,0.6931262225263376,312491219.68310547,0.572473347102158,29.815000152587892,30.006500180562337,30.976833470662434,False,False,False,False,False,False,weak_rally,1,3,normal,False,False,,False,32.0,분산3일,0.027877821858456227,31.429285611063122,True,False,False,False,False,True,False,,Uptrend Under Pressure,31.7,-0.1391,0.39274714725029725,0.9066175754014075,-0.3737638843527369,-0.15635715108279213,0.1439042680062159,0.3027012711864407,,False,,,0,1,0.279,0.882
UBS,UBS Group AG Registered,Financials,XLF,147361644544.0,2026-10-01,47.56999969482422,-0.011635183063854138,-0.018365650153996937,-0.1335155123374533,-0.13433816371152774,-0.11828369390190663,False,-0.17266725593426013,-0.1420428278703042,-0.06873743733140758,-0.05605410296032487,0.8537329262862485,1.1504757430241714,1.0174982313182248,0.7792171654360697,1.1504757430241714,110698239.75712585,0.8823545251366561,51.24949989318848,52.601333427429196,49.55224256515503,False,False,False,True,False,False,distribution,3,4,normal,False,False,,False,22.0,분산4일,0.02607436500280154,32.055364857067985,True,False,False,False,False,True,False,,Uptrend Under Pressure,55.72,-0.1463,0.2585920196964062,0.9161407579283121,0.17482873727297688,0.19896142757996116,0.7911080192259043,0.3002648305084746,,False,,,0,1,0.279,0.882
BXP,"BXP, Inc.",Real Estate,XLRE,11053419520.0,2026-10-01,60.2400016784668,-0.014236604863286373,-0.021500456577828175,-0.09193492200897346,-0.09279705052344178,-0.11791741088657037,False,-0.13296546740122395,-0.1416864148859197,-0.03200034375956129,-0.008248459738342984,0.8350166859986514,0.9909556708090015,0.8732627776807463,0.4503672320491755,0.9909556708090015,89470950.25142193,0.33333427523495734,63.13572750091553,66.39887688954671,63.30878168741862,False,False,False,True,False,False,dry_up,1,1,normal,False,False,,False,40.0,,0.021943858798681954,33.03014390072745,True,False,False,False,False,True,False,,Uptrend Under Pressure,69.22,-0.1297,0.4000560912933386,0.8915978830104153,-0.19035663466003994,0.1395487521317469,0.4660592316866033,0.2994703389830509,,False,,,0,1,0.279,0.882
QSR,Restaurant Brands International,Consumer Discretionary,XLY,32562528256.0,2026-10-01,69.76000213623047,-0.018570619876482786,-0.016217761479166426,-0.10759190495068982,-0.10843916852676139,-0.0615357309427953,False,-0.1479149960372237,-0.08682402167630476,-0.060042860876749815,0.005496099987487568,0.8628690894098278,0.789629899573134,0.7394534588959389,0.3483656644663334,0.789629899573134,252917947.08167762,0.24468072154698375,74.01225929260254,74.78994166056314,74.71645107269288,False,False,False,False,False,False,dry_up,0,1,normal,False,False,,False,21.0,,0.02395604150001011,31.28722106346018,True,False,False,False,False,True,False,,Uptrend Under Pressure,77.53,-0.1002,0.36266681761382297,0.8792679914183797,0.08637051617817759,-0.09826676693371106,0.5382160023128908,0.2992055084745763,,False,,,0,1,0.279,0.882
UHAL,U-Haul Holding Company,Industrials,XLI,11696655360.0,2026-10-01,60.9900016784668,0.013628112588919716,0.0032900273059277563,-0.08368383540314295,-0.08455379760399628,-0.165588036648617,False,-0.1250872027348351,-0.18807248599472404,-0.06370527465779163,-0.09562384172130989,0.8102830397041737,1.32937523811494,0.9296489948748183,0.7925741656365883,1.32937523811494,9162897.73482418,0.9577481436906975,62.986500358581544,68.48916683197021,62.48933324813843,False,False,False,True,False,False,accumulation,2,0,normal,False,False,,False,,,0.020061828598713045,31.550214525356807,False,False,False,False,False,True,False,,Uptrend Under Pressure,,,0.32545295730547935,0.9066175754014075,0.025828137536385798,0.22900004981036925,0.7030103718694662,0.2992055084745763,,False,,,0,1,0.279,0.882
AR,Antero Resources Corporation,Energy,XLE,10265388032.0,2026-10-01,34.029998779296875,0.01916739746472862,-0.05707956122419966,-0.14043953907202933,-0.14125561668720976,-0.05843440651519782,False,-0.1792784233814173,-0.08380626696613791,-0.11281116502365951,-0.09439916615174437,0.8548102890076259,0.5828029714098223,0.9115125805879025,0.6342619774800559,0.5828029714098223,147305890.3620453,0.9430048741150101,36.42049980163574,36.16449991861979,36.24891659418742,False,False,False,False,False,False,weak_rally,3,4,normal,False,False,,False,135.0,분산4일,0.03709961771354523,38.18902481119516,True,False,False,False,False,True,False,,Uptrend Under Pressure,43.3,-0.2141,0.3236135035720788,0.9566614457922488,0.028842573914570124,-0.16411366905313607,0.4369168082107622,0.29809322033898306,,False,,,0,1,0.279,0.882
MT,Arcelor Mittal NY Registry Shar,Materials,XLB,50217947136.0,2026-10-01,64.55999755859375,-0.03266407514165082,-0.09453022727462412,-0.14068947266390786,-0.14150531298896274,-0.05050664123817772,False,-0.17951706382720412,-0.0760921269061906,-0.06691271713001656,0.014001622169205863,0.8199136310657636,2.308403721184594,1.3693805198322344,0.3838699461102637,2.308403721184594,92178553.14480743,0.8091599496808461,72.74749984741212,71.31490319569906,67.23348999023438,False,False,True,True,True,False,distribution,0,7,attention,False,False,,False,30.0,분산7일,0.03251682613123774,28.173781528431505,True,False,False,False,False,True,False,,Uptrend Under Pressure,74.59,-0.1345,0.3546267568475931,0.9085780336452783,0.7829169718430491,0.1692954563195319,0.9207834917422573,0.29756355932203393,,False,,,0,1,0.279,0.882
PFGC,Performance Food Group Company,Consumer Staples,XLP,14373701632.0,2026-10-01,91.83999633789062,0.003606099813754815,0.016829015148385862,-0.07531215646311962,-0.07619006684225127,-0.19525601481156252,False,-0.11709379464905267,-0.2169410171440782,-0.021887243445868898,-0.1394453637841898,0.7873124315177642,0.7710381035232422,0.8918720674281654,0.6539671150644115,0.7710381035232422,139940396.57556152,0.8722205738990378,92.9270004272461,103.74233373006184,100.72750021616618,False,False,False,True,False,False,weak_rally,3,0,normal,False,False,,False,54.0,,0.02423859024049825,36.160168700872035,True,False,False,False,True,True,False,,Uptrend Under Pressure,113.17,-0.1885,0.39360516178008353,0.9096505422560582,-0.17302950280517437,0.010291528183742571,0.40852968812113766,0.2971927966101695,,False,,,0,1,0.279,0.882
ASTS,"AST SpaceMobile, Inc.",Information Technology,XLK,22906398720.0,2026-10-01,57.040000915527344,-0.030920823580558032,-0.06583688777187136,-0.08589744357824458,-0.08676530415139105,-0.10147054226009877,False,-0.1272007899390719,-0.1256827311618417,-0.15255237383587206,-0.16187862722507496,0.7675952467977282,1.245529125268172,1.0991861322386223,0.7308705566802972,1.245529125268172,602800549.0399395,0.03633657160764651,60.837500381469724,63.01566645304362,74.52825002670288,False,False,False,False,False,False,distribution,2,4,normal,False,False,,False,84.0,분산4일,0.06871355661490068,41.72831457088709,True,False,False,False,False,True,False,,Uptrend Under Pressure,118.17,-0.5173,0.4534693069557467,1.0,-0.013928680327018883,-0.4300194679748911,0.301910845289292,0.296875,,False,,,0,1,0.279,0.882
TRP,TC Energy Corporation,Energy,XLE,60193292288.0,2026-10-01,58.619998931884766,0.01453790533635102,-0.006790356814313059,-0.05192904966302714,-0.052829160260643104,-0.17228833234518892,False,-0.0947672438692575,-0.19459223243528045,-0.02145573215837493,-0.20390424034092947,0.8392826538206144,1.04678478607248,1.3516722133865797,0.5285041630778065,1.04678478607248,208363184.81604728,0.6786091494605173,60.15527820587158,63.2648899714152,64.28857027689615,False,False,False,False,False,False,accumulation,3,6,normal,False,False,,False,122.0,분산6일,0.019655820871090995,37.47296178807891,True,False,False,False,False,True,False,,Uptrend Under Pressure,62.66,-0.0644,0.3873330668411072,0.9566614457922488,0.02589730601629392,-0.12145523907311373,0.4735652849553684,0.29459745762711864,,False,,,0,1,0.279,0.882
OMC,Omnicom Group Inc.,Communication Services,XLC,20985006080.0,2026-10-01,74.69999694824219,0.014532116457121713,0.0,-0.07695552169651032,-0.07783187184382423,-0.07221668397489744,False,-0.11866290510331035,-0.09721716082513754,-0.05923428958606103,-0.058781689139764115,0.8485284375657559,0.911610614296289,0.7894197208201477,0.3404605216944533,0.911610614296289,258047379.80848694,0.11467888302879921,77.36579513549805,81.11799341837565,77.67499243418375,False,False,False,True,False,False,weak_rally,0,2,normal,False,False,,False,154.0,,0.02526448673256554,37.83371001348467,True,False,False,False,False,True,False,,Uptrend Under Pressure,80.74,-0.0748,0.4255824788565115,0.9239023508895683,-0.05589635360061729,-0.007458015462465384,0.510997072747642,0.29433262711864405,,False,,,0,1,0.279,0.882
RDDT,"Reddit, Inc.",Communication Services,XLC,27404959744.0,2026-10-01,149.52999877929688,0.0497753174415112,-0.020887915242982613,-0.05420624284231568,-0.05510419144381429,-0.14354644692439,False,-0.09694154301553626,-0.16662483910620562,-0.03604825469204742,-0.13114436029127452,0.8342911473736161,0.8472963271674013,0.8774350229259107,0.480348441935029,0.8472963271674013,735659316.3282273,0.9040330727243402,152.60100173950195,162.32049967447918,164.0141668955485,False,False,False,True,False,False,weak_rally,2,1,normal,False,False,,False,64.0,,0.04762206280589994,46.93058159684059,True,False,False,False,False,True,False,,Uptrend Under Pressure,197.76,-0.2439,0.608510911174028,0.9239023508895683,-0.45454597318584444,-0.08876896134620216,0.19102399624155253,0.2942796610169492,,False,,,0,1,0.279,0.882
UNH,UnitedHealth Group Incorporated,Health Care,XLV,329489088512.0,2026-10-01,365.20001220703125,-0.005121429753741857,-0.026159295227145662,-0.08059658055463192,-0.08146947383443637,-0.1686165232849266,False,-0.12213944422118994,-0.1910193656342979,-0.046903808300810645,-0.18588199375234815,0.856943373184329,0.7574350131871787,0.7995971645339292,0.7567126737295596,0.7574350131871787,1976304270.6513581,0.28078160222523957,379.5105499267578,398.19422200520836,389.2034105936686,False,False,False,True,False,False,dry_up,2,0,normal,False,False,,False,53.0,,0.020378242232922075,33.18481516058566,True,False,False,False,False,True,False,,Uptrend Under Pressure,423.48,-0.1376,0.3927592985250501,0.9496588726121497,0.015671049168951345,0.24804994761685362,0.6974368472407937,0.2939088983050847,,False,,,0,1,0.279,0.882
ABT,Abbott Laboratories,Health Care,XLV,172143394816.0,2026-10-01,96.69000244140625,-0.02165333754932708,-0.043336274528971486,-0.12473973591949572,-0.1255707191271247,-0.06177449579939731,False,-0.1642880093481356,-0.08705635266503375,-0.0926646488393611,-0.08125877133318804,0.8287477839966466,0.994389959113273,0.8973666580943785,0.5486174266463433,0.994389959113273,888299995.2467849,0.05163565883329306,102.77350044250488,105.04373296101888,97.33567574818929,False,False,True,True,False,False,dry_up,1,1,normal,False,False,,False,54.0,,0.02074006489026288,25.689349835904864,True,False,False,False,False,True,False,,Uptrend Under Pressure,98.83,-0.0217,0.418290374674565,0.9496588726121497,-0.27832816277003847,-0.07490058737798522,0.2621526146507174,0.29359110169491526,,False,,,0,1,0.279,0.882
KIM,Kimco Realty Corporation (HC),Real Estate,XLRE,14898231296.0,2026-10-01,22.209999084472656,0.0,-0.0017977939562850986,-0.0667332848604224,-0.06761934012917703,-0.16102160132773202,False,-0.10890255581546016,-0.18362909994467225,-0.0051353351960067295,-0.05671177574679065,0.8518977389341391,1.062164037849482,0.853430077172823,0.41524686181417186,1.062164037849482,129239505.85937157,0.9342066957787482,22.813499927520752,23.998161188761394,23.895161962509157,False,False,False,True,False,False,distribution,0,3,normal,False,False,,False,71.0,분산3일,0.014890324320682305,27.769616785960366,True,False,False,False,False,True,False,,Uptrend Under Pressure,24.4,-0.0898,0.4210455253364774,0.8915978830104153,-0.008610098035036429,-0.06815667012981741,0.4962189657041668,0.29306144067796613,,False,,,0,1,0.279,0.882
CQP,"Cheniere Energy Partners, LP",Energy,XLE,29459750912.0,2026-10-01,61.0,0.0023003514335264708,-0.04148333461608822,-0.14349903181035395,-0.1443122047042832,-0.06634437267222582,False,-0.18219967420435546,-0.09150308752938408,-0.11596899733623756,-0.10200699719090134,0.856500968189646,1.8176496814971894,1.1498759171280737,0.6505037641154329,1.8176496814971894,8595232.307501221,0.606558145933912,65.46400089263916,65.71441224416097,63.640004285176595,False,False,True,True,False,False,accumulation,2,3,interest,True,False,surge,False,,분산3일,0.030035135059222683,31.99332832725456,False,False,False,False,False,True,False,,Uptrend Under Pressure,,,0.38338841410912033,0.9566614457922488,0.1984413502172142,-0.039711834318467365,0.66727711322323,0.2913665254237288,,False,,,0,1,0.279,0.882
IBN,ICICI Bank Limited,Financials,XLF,98882592768.0,2026-10-01,27.510000228881836,-0.0014518696655680952,-0.013271124211705065,-0.100392403612935,-0.10124650248698652,-0.0807782488193628,False,-0.14104080119302298,-0.10554802179726674,-0.03313805666902869,-0.015901606338156737,0.899607596387065,0.8143342824578014,1.0775281410623936,0.31236898881776665,0.8143342824578014,130760459.98512086,0.5238091778049853,28.471499919891357,29.30552314122518,28.18273509343465,False,False,False,True,False,False,dry_up,2,3,normal,False,False,,False,62.0,분산3일,0.01579945199458478,33.92063129568727,True,False,False,False,False,True,False,,Uptrend Under Pressure,29.83,-0.0778,0.34837167277027353,0.9161407579283121,-0.12657710612839612,0.015468507335442805,0.46115698745979544,0.29120762711864406,,False,,,0,1,0.279,0.882
UBER,"Uber Technologies, Inc.",Industrials,XLI,139935793152.0,2026-10-01,67.87999725341797,-0.009195808833281749,-0.019358623860936452,-0.11209941186297545,-0.11294239595475397,-0.058120598087482156,False,-0.15221883311190287,-0.08350091456495023,-0.09274039963411984,0.02085458080226754,0.844803964436671,0.9049052214583733,0.7898125997447771,0.34144849491043333,0.9049052214583733,1355660856.5649338,0.35219884359780235,70.97299995422364,73.01533330281576,73.27074998219808,False,False,False,False,False,False,dry_up,0,2,normal,False,False,,False,67.0,,0.021562208670307236,35.66132500640737,True,False,False,False,False,True,False,,Uptrend Under Pressure,76.2,-0.1092,0.6112331615145792,0.9066175754014075,-0.3339077729732777,-0.09983430691665396,0.20624932239528748,0.29036016949152543,,False,,,0,1,0.279,0.882
LPLA,LPL Financial Holdings Inc.,Financials,XLF,24079390720.0,2026-10-01,312.1499938964844,0.02076522680509285,0.031014611665947545,-0.12095187684821063,-0.1217864562973352,-0.06877869331706132,False,-0.16067130312407552,-0.0938718118481422,-0.055234548879580125,-0.003055148691453069,0.8293509984249798,1.0774418322698116,1.2193952259344454,0.38071406334777236,1.0774418322698116,250499017.86403504,0.8490563221087202,329.856999206543,342.67516072591144,321.12572784423827,False,False,True,True,False,False,accumulation,3,5,normal,False,False,,False,43.0,분산5일,0.03961007974375094,37.366366084963246,True,False,False,False,False,True,False,,Uptrend Under Pressure,353.42,-0.1168,0.2496445009347227,0.9161407579283121,-0.06428714874992536,0.06265154124847694,0.5607242239167359,0.290042372881356,,False,,,0,1,0.279,0.882
SBUX,Starbucks Corporation,Consumer Discretionary,XLY,107114397696.0,2026-10-01,94.87999725341797,0.009791381203805738,0.013133963774674129,-0.1109445636418177,-0.11178864416116019,-0.10441539533427568,False,-0.15111616623050572,-0.128548230867795,-0.06357415501140806,-0.04044633675303966,0.8745506417334289,0.7357280509168738,0.9369804138402659,0.56642677478186,0.7357280509168738,672077413.9788628,0.9128604171151435,97.39949989318848,102.76666526794433,101.80467236836752,False,False,False,True,False,False,weak_rally,4,4,normal,False,False,,False,44.0,분산4일,0.02090987286942035,35.60627969672876,True,False,False,False,False,True,False,,Uptrend Under Pressure,105.25,-0.0985,0.4075183097831712,0.8792679914183797,0.11602024294371382,0.01879456606543184,0.6715803548841748,0.2884004237288136,,False,,,0,1,0.279,0.882
FWONA,Liberty Media Corporation - Ser,Communication Services,XLC,21217458176.0,2026-10-01,83.69000244140625,-0.01110711145596488,-0.035051317858438846,-0.07207007233670781,-0.0729510607916729,-0.08512412803858216,False,-0.11399820275446271,-0.1097767949520232,-0.054255046065626034,-0.07187604262651659,0.8524139558084147,0.9940454372457306,0.9442983468753867,0.3195911586066631,0.9940454372457306,17858738.18017731,0.5531931471759859,86.7604995727539,90.4546662648519,86.82424971262614,False,False,False,True,False,False,dry_up,0,5,normal,False,False,,False,,분산5일,0.02359046018754065,33.79754360478529,False,False,False,False,False,True,False,,Uptrend Under Pressure,,,0.4083589184009649,0.9239023508895683,-0.1830517294523597,-0.01789382183312971,0.37458259549709083,0.28787076271186446,,False,,,0,1,0.279,0.882
NEE,"NextEra Energy, Inc.",Utilities,XLU,157963747328.0,2026-10-01,76.3499984741211,0.008053876783159497,0.009653473962245585,-0.08122743831459966,-0.08209973265003712,-0.16040341670494296,False,-0.1227417969339053,-0.1830275732096508,-0.01920706600181199,-0.011402106000771073,0.8567116971891551,1.3985688476558278,1.185170464137052,0.42867470338183944,1.3985688476558278,967774677.580373,0.9194318794045436,79.73099975585937,83.80702234903971,86.2850258509318,False,False,False,False,False,False,accumulation,2,5,normal,False,False,,False,61.0,분산5일,0.017382357753187305,29.479960129365367,True,False,False,False,False,True,False,,Uptrend Under Pressure,87.81,-0.1305,0.25757815871839496,0.8486957529206396,-0.019819331087232772,-0.22231058248690672,0.34997560623034946,0.286864406779661,,False,,,0,1,0.279,0.882
TPL,Texas Pacific Land Corporation,Energy,XLE,22474018816.0,2026-10-01,336.4599914550781,0.03262439100415593,-0.005291969090678084,-0.08401398032724561,-0.08488362908431635,-0.240660471895785,False,-0.12540243019693798,-0.26112198480073145,-0.05457195091226408,-0.26966478534963834,0.7919167342272568,0.8744388436733149,0.7488400889327815,0.9246128612089344,0.8744388436733149,141008353.3916626,0.8599834686815573,353.58300018310547,373.9897033691406,387.67146759033204,False,False,False,False,False,False,weak_rally,2,2,normal,False,False,,False,63.0,,0.04204066590937447,41.48872066657366,True,False,False,False,False,True,False,,Uptrend Under Pressure,406.55,-0.1724,0.3283013944047284,0.9566614457922488,0.03729487977962864,-0.2751121827380225,0.37636424415453,0.28585805084745763,,False,,,0,1,0.279,0.882
GRAB,Grab Holdings Limited,Information Technology,XLK,12723948544.0,2026-10-01,3.119999885559082,0.0032154311255849777,0.0032154311255849777,-0.11614733403787258,-0.11698647498094317,-0.091125548790432,False,-0.1560838515956804,-0.1156164986542304,-0.18059648954438223,-0.15222912708519787,0.83422456620409,0.7536586061035081,0.8386879928780612,0.7368715672646254,0.7536586061035081,240316548.6408058,0.6249981373586255,3.077999997138977,3.4198333263397216,3.541583327452342,True,False,False,False,False,False,weak_rally,4,2,normal,False,False,,False,72.0,,0.039949648919896115,45.884078278188994,True,False,False,False,False,True,False,,Uptrend Under Pressure,3.57,-0.1261,0.24620491758013818,1.0,-0.5015078561542448,-0.1911584925923573,0.08886469589100504,0.28479872881355933,,False,,,0,1,0.279,0.882
UHAL-B,U-Haul Holding Company Series N,Industrials,XLI,10273695744.0,2026-10-01,54.0,0.021759726756511055,0.009534460750232343,-0.07565899191169234,-0.07653657300084549,-0.16047092777183203,False,-0.11742495848117285,-0.18309326509221546,-0.05550546445794924,-0.09007767091990715,0.8179340009959122,0.9697665357896369,0.929010176119968,0.6109722744577948,0.9697665357896369,16296998.871842574,1.0,55.52437534332275,60.2414581934611,55.60740146636963,False,False,False,True,False,False,weak_rally,1,2,normal,False,False,,False,,,0.02103650128399884,32.99970389000862,False,False,False,False,False,True,False,,Uptrend Under Pressure,,,0.31657879241308584,0.9066175754014075,0.0188662708073426,0.16019020110870685,0.6794487008058978,0.2844809322033898,,False,,,0,1,0.279,0.882
KKR,KKR & Co. Inc.,Financials,XLF,84323819520.0,2026-10-01,91.23999786376953,-0.0006572309527116404,-0.04600587153867275,-0.14272293900075794,-0.14353684872705452,-0.06617798338206493,False,-0.1814586488277271,-0.09134118184172513,-0.07863320796797513,-0.0002708863889965274,0.7913269336412089,1.6106989263331446,1.214395677522521,0.4395702007266982,1.6106989263331446,397223957.06546783,0.5230769531731422,99.1560001373291,102.48915608723958,99.78792457580566,False,False,True,True,False,False,distribution,1,4,interest,False,False,,False,34.0,분산4일,0.03234797417459208,30.95331377456162,True,False,False,False,False,True,False,,Uptrend Under Pressure,115.3,-0.2087,0.4378261296153964,0.9161407579283121,-0.28464481631415595,0.0031262992280094437,0.332683133966969,0.2844809322033898,,False,,,0,1,0.279,0.882
MELI,"MercadoLibre, Inc.",Consumer Discretionary,XLY,87630938112.0,2026-10-01,1685.1199951171875,-0.02511384439027975,-0.03934144537379103,-0.16020291639389772,-0.16100023040771927,-0.08600652140673448,False,-0.19814880066401208,-0.11063541094178098,-0.11545707784416281,-0.020722569370931754,0.8397970836061023,1.0843311546640328,0.9094052670232041,0.6188064385088121,1.0843311546640328,1181210459.4035034,0.26510633509620796,1828.0544921875,1858.0863240559895,1783.9173319498698,False,False,True,True,False,False,distribution,3,4,normal,False,False,,False,11.0,분산4일,0.031092773547463877,31.34640076868392,True,False,False,False,False,True,False,,Uptrend Under Pressure,1839.71,-0.084,0.5222353870841763,0.8792679914183797,-0.2712814164836438,-0.020027697218862772,0.32193903364533266,0.2834216101694915,,False,,,0,1,0.279,0.882
SF,Stifel Financial Corporation,Financials,XLF,10576160768.0,2026-10-01,70.33999633789062,0.004283201291289229,0.006150660181045042,-0.12085996175671931,-0.12169462847119894,-0.13083881332356628,False,-0.16058354117801954,-0.15425963125735576,-0.05513576224823369,-0.06949533500168892,0.8244316967005488,0.8470500025304888,1.1971474668257835,0.6662551092814459,0.8470500025304888,105611129.49948426,0.7842087721904777,75.39400062561035,78.9684659322103,76.43216908772787,False,False,True,False,False,False,weak_rally,4,4,normal,False,False,,False,72.0,분산4일,0.028809061957231877,26.848338453691724,True,False,False,False,False,True,False,,Uptrend Under Pressure,73.23,-0.0395,0.3433338985797602,0.9161407579283121,-0.08015100688527454,-0.07737019638800846,0.41952495392287953,0.28320974576271185,,False,,,0,1,0.279,0.882
SNN,"Smith & Nephew SNATS, Inc.",Health Care,XLV,11283197952.0,2026-10-01,26.579999923706055,-0.01409492483942476,-0.0037481401921246604,-0.07257501517027642,-0.07345552422610424,-0.13364221233319795,False,-0.11448032995470792,-0.1569874885851834,-0.0385882818870551,-0.1516339997768017,0.8138395605599545,1.0981282222509026,0.7580442456843515,0.499997737364286,1.0981282222509026,41677171.79583788,0.40000152587890625,27.55350008010864,29.325166765848795,30.059583393732705,False,False,False,False,False,False,distribution,0,1,normal,False,False,,False,45.0,,0.017440615116347907,31.864945339942068,False,False,False,False,False,True,False,,Uptrend Under Pressure,32.66,-0.1862,0.43774681809519245,0.9496588726121497,-0.29129557528229943,-0.22548084077242347,0.12206551985833544,0.28093220338983055,,False,,,0,1,0.279,0.882
CCK,"Crown Holdings, Inc.",Materials,XLB,11464445952.0,2026-10-01,106.19000244140625,0.0073996656123564986,0.004635813692634327,-0.09239314152644229,-0.0932548350014829,-0.10739541435821853,False,-0.1334029824591042,-0.13144794892562384,-0.014469867938642689,-0.04675215530024546,0.8719106793919713,0.795111853578438,0.9350092097242342,0.34357154499638154,0.795111853578438,113085152.55454102,0.9722242090456095,110.25800018310547,114.95520401000977,108.01733442942302,False,False,False,True,False,False,weak_rally,3,4,normal,False,False,,False,51.0,분산4일,0.022264667162449514,33.50632191182828,True,False,False,False,False,True,False,,Uptrend Under Pressure,117.65,-0.0974,0.3296673666882804,0.9085780336452783,0.0605111806919838,-0.029802574341108112,0.5902533338151855,0.2799258474576271,,False,,,0,1,0.279,0.882
AHR,"American Healthcare REIT, Inc.",Real Estate,XLRE,11174616064.0,2026-10-01,50.689998626708984,-0.011119775916667796,-0.026295150549277557,-0.09385339892628264,-0.09471370601440743,-0.12919245382064026,False,-0.13479725873162152,-0.15265763531640508,-0.03404544497694206,-0.020925323939481988,0.8824410613163395,0.8790845101356503,0.8197773181108227,0.44986002825325716,0.8790845101356503,171958047.47405738,0.4925356988316746,52.639184188842776,54.454701550801595,51.847552649180095,False,False,False,True,False,False,dry_up,1,1,normal,False,False,,False,59.0,,0.018240972878628862,31.454742438581277,True,False,False,False,False,True,False,,Uptrend Under Pressure,53.58,-0.054,0.6447076111601208,0.8915978830104153,0.1854270346839737,0.025712714831050087,0.7237920566658235,0.2794491525423729,,False,,,0,1,0.279,0.882
ELS,"Equity Lifestyle Properties, In",Real Estate,XLRE,11688390656.0,2026-10-01,57.619998931884766,-0.012172173442173917,-0.023505703362567076,-0.0787351475095438,-0.07960980805751539,-0.13336370458020397,False,-0.12036211925921414,-0.15671648563046636,-0.017929350955645296,-0.02561518452246092,0.8595747884629568,0.7996827047615716,1.0317410352929337,0.2400697335654953,0.7996827047615716,99475454.58764592,0.13469167865573015,59.90652313232422,62.84362875620524,62.54744812647502,False,False,False,False,False,False,dry_up,1,6,normal,False,False,,False,42.0,분산6일,0.0161148149349258,24.35660596855317,True,False,False,False,False,True,False,,Uptrend Under Pressure,65.07,-0.1145,0.4456388882133786,0.8915978830104153,-0.0740190498764538,-0.13596775722907217,0.3632096780022406,0.27865466101694913,,False,,,0,1,0.279,0.882
HIG,"The Hartford Insurance Group, I",Financials,XLF,33143898112.0,2026-10-01,125.73999786376953,0.027623383757420683,0.00039776769346944185,-0.0835945506074991,-0.08446459757647118,-0.12493065297385286,False,-0.12500195223579547,-0.1485106749195051,-0.015084402091354532,-0.06317018973376853,0.8669108493773189,1.480948543801082,1.181627016591432,0.36217733488942755,1.480948543801082,238217627.52364045,0.925217338230299,131.66499938964844,136.6557871500651,134.6745615641276,False,False,False,False,False,False,accumulation,2,6,normal,False,False,,False,44.0,분산6일,0.020200403840091082,36.37607900657495,True,False,False,False,False,True,False,,Uptrend Under Pressure,142.43,-0.1172,0.2756454226215677,0.9161407579283121,-0.09238129012075091,-0.11827123037380816,0.3611849951212461,0.27812499999999996,,False,,,0,1,0.279,0.882
APO,"Apollo Global Management, Inc. ",Financials,XLF,68538437632.0,2026-10-01,114.33999633789062,-0.014819931560267063,-0.05261418489570824,-0.13568673262699293,-0.1365073226169572,-0.05869594127720135,False,-0.17474037053203195,-0.08406075429190296,-0.07107097728479927,0.007739221734804458,0.7997141966770828,1.4682430707650114,1.0987717708383578,0.34107360839429895,1.4682430707650114,360094026.34993136,0.4014331771905789,125.33950004577636,127.06970659891765,126.86824607849121,False,False,True,True,False,False,distribution,1,6,normal,False,False,,False,195.0,분산6일,0.034689777472712985,27.671509446928496,True,False,False,False,False,True,False,,Uptrend Under Pressure,144.52,-0.2088,0.5196070782110179,0.9161407579283121,-0.12878182254717785,0.03344117638955724,0.46897564236926753,0.2779131355932204,,False,,,0,1,0.279,0.882
FANG,"Diamondback Energy, Inc.",Energy,XLE,51708198912.0,2026-10-01,185.50999450683594,0.009248664222958114,-0.018517539292735252,-0.08804445886994194,-0.0889102810395106,-0.10338137471505182,False,-0.12925079323182898,-0.12754207344475832,-0.05873197888613291,-0.13762930557314168,0.8769914223863381,0.5746225919673592,0.5652733473197595,0.5199813998814652,0.5746225919673592,628986025.4568955,0.8767120424320016,194.47749862670898,196.623787689209,194.05907554626464,False,False,True,False,False,False,weak_rally,1,2,normal,False,False,,False,22.0,,0.032508828910671285,39.23636718626922,True,False,False,False,False,True,False,,Uptrend Under Pressure,200.48,-0.0747,0.35375069691704103,0.9566614457922488,0.26099723430389865,-0.07553513752985341,0.661091937407394,0.27780720338983056,,False,,,0,1,0.279,0.882
QXO,"QXO, Inc.",Industrials,XLI,12128265216.0,2026-10-01,12.050000190734863,0.03079560507048007,-0.017128877179974245,-0.08850227327241211,-0.08936766078717429,-0.15095368692257594,False,-0.12968792147966435,-0.1738324802013932,-0.06862876955583364,-0.07976242366231412,0.7456683356754221,1.0963908710307078,1.096942337273381,0.643601217490377,1.0963908710307078,241892027.32736883,0.8385092358287605,12.232000017166138,13.56383334795634,15.886250027020772,False,False,False,False,False,False,accumulation,4,5,normal,False,False,,False,66.0,분산5일,0.04834024096155604,44.323007832523466,True,False,False,False,False,True,False,,Uptrend Under Pressure,17.82,-0.3238,0.3585726630230748,0.9066175754014075,-0.4139000459380414,-0.4274519041757153,0.03410158649850023,0.2769597457627119,,False,,,0,1,0.279,0.882
IP,International Paper Company,Materials,XLB,17565833216.0,2026-10-01,32.52000045776367,-0.019595952579526732,-0.06766056588538649,-0.10413219996538403,-0.10498274822929543,-0.1573417987761534,False,-0.144611616392341,-0.1800484550486744,-0.027216792122384037,-0.10009188048517614,0.7459817690034556,1.2044624539534126,1.0421526704523325,0.6222478528519222,1.2044624539534126,187225935.43216762,0.5813949362147585,34.7745002746582,37.98733978271484,35.88201276461283,False,False,False,False,False,False,distribution,1,5,normal,False,False,,False,48.0,분산5일,0.034473264869539416,30.508554609090325,True,False,False,False,False,True,False,,Uptrend Under Pressure,41.69,-0.2199,0.45778954108044156,0.9085780336452783,-0.28471844574978733,-0.09959622131616841,0.23204347511835496,0.2760593220338983,,False,,,0,1,0.279,0.882
SLB,SLB Limited,Energy,XLE,72307458048.0,2026-10-01,48.65999984741211,-0.001231555250157057,-0.05385962359181451,-0.16291073536376544,-0.1637054785398766,0.0013102549751360382,False,-0.20073426795243088,-0.02567151266072054,-0.13600464048560335,-0.036936557451927254,0.8138516220565261,1.0416611625543943,1.125385387933836,0.2995903844291223,1.0416611625543943,724706707.7024612,0.7989939923245908,53.080999755859374,51.769385973612465,52.29973192214966,False,False,True,True,False,False,distribution,1,3,normal,False,False,,False,22.0,분산3일,0.03344636239630857,31.862784626230933,True,False,False,False,False,True,False,,Uptrend Under Pressure,59.79,-0.1861,0.5965389086734126,0.9566614457922488,0.4697977094992831,-0.01483219837133165,0.7771276787972968,0.2759004237288135,,False,,,0,1,0.279,0.882
PCG,Pacific Gas & Electric Co.,Utilities,XLU,36778995712.0,2026-10-01,12.170000076293945,-0.006530606016820761,-0.008103502216211256,-0.08325843585326265,-0.08412880193384997,-0.3415046623802346,False,-0.12468102468786724,-0.3592487812491586,-0.021375163002046893,-0.2246429810083722,0.6655862834200863,0.7398679134765249,0.9044037363418954,0.7165899211362414,0.7398679134765249,561574082.6148338,0.8412695048773546,13.111985206604004,15.82644100189209,16.20453743139903,False,False,False,False,False,False,dry_up,1,1,normal,False,False,,False,42.0,,0.03189812703146898,30.830251012328873,True,False,False,False,False,True,False,,Uptrend Under Pressure,17.36,-0.2989,0.5669708219297619,0.8486957529206396,-0.1841304975642286,-0.318443614613383,0.14893480539192655,0.27537076271186445,,False,,,0,1,0.279,0.882
PEP,"Pepsico, Inc.",Consumer Staples,XLP,173099515904.0,2026-10-01,125.5999984741211,-0.008838405427659124,-0.019898521606041553,-0.09662849592818268,-0.09748616830397916,-0.08677277306446174,False,-0.13744696412199042,-0.11138101482917262,-0.044435159155528425,-0.023438586031973352,0.8774573789940153,0.8795061232893777,0.8648883272268947,0.3022443454979765,0.8795061232893777,1246058883.7590375,0.0420151904360946,132.5560001373291,136.08755531311036,140.89730281829833,False,False,False,False,False,False,dry_up,0,4,normal,False,False,,False,128.0,분산4일,0.018701670720274295,24.523155413065624,True,False,False,False,False,True,False,,Uptrend Under Pressure,153.55,-0.182,0.38769342172592075,0.9096505422560582,-0.11120970077648817,-0.21634489848901983,0.2584881283654367,0.27531779661016953,,False,,,0,1,0.279,0.882
AMX,"America Movil, S.A.B. de C.V.",Communication Services,XLC,63335854080.0,2026-10-01,20.729999542236328,-0.021708399255675026,-0.0598639338093776,-0.09396851824264829,-0.0948287160350324,-0.2255021474105221,False,-0.13490717642923744,-0.24637212351354154,-0.07657391314506234,-0.21428684048525726,0.7970011287895904,1.0654726149252693,0.8881451870908589,1.0102350867403942,1.0654726149252693,64330155.687773705,0.2785706889880709,22.447500228881836,23.856641578674317,24.914159631729127,False,False,False,False,False,False,distribution,0,3,normal,False,False,,False,150.0,분산3일,0.023464962868412657,17.95170120966972,True,False,False,False,False,True,False,,Uptrend Under Pressure,25.12,-0.1747,0.31673346227221605,0.9239023508895683,-0.03954097080121932,-0.21851251646075764,0.3352553214556756,0.27383474576271183,,False,,,0,1,0.279,0.882
NVS,Novartis AG,Health Care,XLV,270984937472.0,2026-10-01,141.0500030517578,-0.010661458892993525,-0.017552442320143524,-0.13178630295034865,-0.13261059605777048,-0.10081562183648851,False,-0.17101618015890863,-0.12504545852581983,-0.09996944677638686,-0.11948912421025493,0.8648599314425744,0.8230862176401967,0.7897707475010071,0.6798211282455482,0.8230862176401967,352691163.4827217,0.09375536439756624,143.0355010986328,151.12300033569335,150.55799992879233,False,False,False,False,False,False,dry_up,0,1,normal,False,False,,False,20.0,,0.01642275142194494,40.64192634047422,True,False,False,False,False,True,False,,Uptrend Under Pressure,162.46,-0.1318,0.28018548454148967,0.9496588726121497,0.12376691699818854,-0.10793330500548914,0.5442783058075241,0.27108050847457626,,False,,,0,1,0.279,0.882
LOW,"Lowe's Companies, Inc.",Consumer Discretionary,XLY,103396638720.0,2026-10-01,182.3800048828125,-0.010364037511004898,-0.03241551505272333,-0.08736985475898762,-0.08823631740626436,-0.12904306820226463,False,-0.12860667082892308,-0.15251227511175414,-0.038743344936848945,-0.06683309417898609,0.8165659274631278,1.2961567671126997,1.1084424698429722,0.4501801893780588,1.2961567671126997,643704411.678772,0.714287675888324,193.52500076293944,205.83009338378906,214.8004643758138,False,False,False,False,False,False,distribution,2,6,normal,False,False,,False,30.0,분산6일,0.023575190619520254,26.875365316034035,True,False,False,False,False,True,False,,Uptrend Under Pressure,220.0,-0.171,0.428121122730624,0.8792679914183797,-0.2954058446502581,-0.26468705346675414,0.1002231578186549,0.27023305084745763,,False,,,0,1,0.279,0.882
MTZ,"MasTec, Inc.",Industrials,XLI,17154741248.0,2026-10-01,213.66000366210938,0.00018728838983417262,0.008067972344839358,-0.09208344877548758,-0.092945436276758,-0.41652325751404307,False,-0.13310728304715524,-0.43224589074231623,-0.0722880258950791,-0.3675996054814479,0.5953854215671167,0.7910369686848938,0.9993486366144434,1.0647560220697079,0.7910369686848938,338722794.2897705,0.7955516762034074,222.77999877929688,271.96849924723307,329.11841608683267,False,False,False,False,False,False,weak_rally,2,1,normal,False,False,,False,105.0,,0.052563498351519876,38.879056427761775,True,False,False,False,False,True,False,,Uptrend Under Pressure,417.41,-0.4881,0.5015196819551374,0.9066175754014075,-0.03107771151393801,-0.3889421391905956,0.2907963210581475,0.26927966101694917,,False,,,0,1,0.279,0.882
KHC,The Kraft Heinz Company,Consumer Staples,XLP,26941915136.0,2026-10-01,22.459999084472656,-0.01144367239170696,-0.058675670162033455,-0.13103308219120458,-0.13185809041597862,-0.14219730193999802,False,-0.17029699336858195,-0.16531204880438588,-0.08082751030736501,-0.0827069200136823,0.8261792454484925,0.7935375664218115,0.5468798633502755,0.7584753422823849,0.7935375664218115,542820297.6478996,0.6790114735472629,24.155000019073487,24.854535802205405,23.744372622172037,False,False,False,True,False,False,dry_up,0,1,normal,False,False,,False,41.0,,0.027127589133066943,26.295026238298448,True,False,False,False,False,True,False,,Uptrend Under Pressure,26.22,-0.1434,0.563782597323765,0.9096505422560582,-0.09384250796749416,0.014682944621117633,0.49570669654150556,0.26864406779661015,,False,,,0,1,0.279,0.882
TFII,TFI International Inc.,Industrials,XLI,9851657216.0,2026-10-01,120.55000305175781,0.005756736508364835,-0.00620183171182942,-0.06168261039714529,-0.0625734608403622,-0.22529983181791113,False,-0.10408009399117735,-0.24617525961013653,-0.04122435407592484,-0.16034238159247094,0.795521941998859,1.0688913224574657,1.2216405523380571,0.5802627612869405,1.0688913224574657,30363470.20967102,0.9461904273153375,126.7640811920166,136.9225238800049,140.04773508707683,False,False,False,True,False,False,accumulation,2,6,normal,False,False,,False,46.0,분산6일,0.028249330733669788,33.00190042101538,False,False,False,False,False,True,False,,Uptrend Under Pressure,147.19,-0.181,0.4186983605562755,0.9066175754014075,0.2688144426307919,-0.006699580532422589,0.7306078566007734,0.26843220338983054,,False,,,0,1,0.279,0.882
ZTS,Zoetis Inc.,Health Care,XLV,28855406592.0,2026-10-01,69.0999984741211,-0.010454007415032662,-0.016650038776695464,-0.09281869324905245,-0.09367998269988431,-0.09107768819216233,False,-0.13380930580294015,-0.11556992772970087,-0.05957381671844064,-0.10995341975433415,0.886693163140303,1.1650199343441427,0.9320760552419145,0.4411244144345508,1.1650199343441427,331663608.0521107,0.09254515856983153,72.35499992370606,74.5819019317627,81.81587918599446,False,False,False,False,False,False,distribution,0,2,normal,False,False,,False,39.0,,0.024741573379295823,34.285160479728106,True,False,False,False,False,True,False,,Uptrend Under Pressure,77.27,-0.1057,0.5774529996054701,0.9496588726121497,-0.5333026345320437,-0.4285309157998771,0.013208774529290594,0.2675847457627119,,False,,,0,1,0.279,0.882
FIG,"Figma, Inc.",Information Technology,XLK,11203867648.0,2026-10-01,21.56999969482422,0.026165519747046728,0.010777860383868632,-0.16167897090644656,-0.16247488353537287,-0.01957986818664803,False,-0.19955816026322637,-0.04599872093550039,-0.22280803058927678,-0.08549345856901047,0.7044415122022657,0.7838864696534943,0.7617636172933575,0.4418338385244296,0.7838864696534943,314848259.628207,0.5855849199257681,22.395499992370606,24.08966677983602,22.141916735967,False,False,True,True,False,False,weak_rally,0,2,normal,False,False,,False,40.0,,0.05031790154912739,42.09153029272731,True,False,False,False,False,True,False,,Uptrend Under Pressure,28.15,-0.2337,0.6688224924438676,1.0,-0.5451885582470313,0.14279038156589152,0.35027284883090604,0.26742584745762715,,False,,,0,1,0.279,0.882
ULS,UL Solutions Inc.,Industrials,XLI,13226572800.0,2026-10-01,66.5,0.013410503148200581,0.010484766251387612,-0.10280629336503122,-0.1036581004615037,-0.2446288873110769,False,-0.14334562033394183,-0.2649834654651946,-0.08324466206254322,-0.18129214947433847,0.7212579196318827,1.4191812777123587,1.120734254641323,1.0632934362934363,1.4191812777123587,65869141.68896027,0.36743151852241196,67.7900001525879,76.92335065205891,86.09907932281494,False,False,False,False,False,False,accumulation,5,2,normal,False,False,,False,67.0,,0.03161116291705827,38.01848381373543,True,False,False,False,False,True,False,,Uptrend Under Pressure,98.86,-0.3273,0.4487820254640322,0.9066175754014075,-0.09492300914088314,-0.2522304649388797,0.2622239890137689,0.26731991525423726,,False,,,0,1,0.279,0.882
LYG,Lloyds Banking Group Plc,Financials,XLF,81008427008.0,2026-10-01,5.420000076293945,-0.037300183637354434,-0.04070796729049064,-0.09364547508250753,-0.09450597957616946,-0.12545703027770327,False,-0.134598729840826,-0.14902286821791788,-0.025886730138836245,-0.0637337175860132,0.8727858362318531,1.2746823115296515,1.180746273152699,0.42814456486109753,1.2746823115296515,92509078.41244335,0.43750018626413745,5.830000019073486,5.950227665901184,5.678299661477407,False,False,False,True,False,False,distribution,2,6,normal,False,False,,False,77.0,분산6일,0.024644166873999916,30.870107158090434,True,False,False,False,False,True,False,,Uptrend Under Pressure,5.35,0.0136,0.3449457676828332,0.9161407579283121,0.1724032125113415,0.008641920714350215,0.6944815872212786,0.26679025423728814,,False,,,0,1,0.279,0.882
CMI,Cummins Inc.,Industrials,XLI,71281016832.0,2026-10-01,517.0,0.0008323996160919389,-0.0078108646957419925,-0.06153571049505502,-0.06242670040690412,-0.23359027057639936,False,-0.10393983170047283,-0.2542423003847637,-0.041074251296126296,-0.16932796123916272,0.7803021635407702,1.4225528594687973,0.9117925413056269,0.577614884676188,1.4225528594687973,623391792.3291626,0.531012359781894,534.8270050048828,595.1959696451823,630.604963684082,False,False,False,False,False,False,accumulation,2,2,normal,False,False,,False,73.0,,0.02788616010713854,31.13526305430119,True,False,False,False,False,True,False,,Uptrend Under Pressure,715.12,-0.277,0.4673909102516645,0.9066175754014075,0.1483114932894094,-0.13450429476053083,0.5365409634635538,0.26557203389830514,,False,,,0,1,0.279,0.882
AXP,American Express Company,Financials,XLF,205361725440.0,2026-10-01,302.0899963378906,-0.006609699852951678,-0.011679667870989063,-0.08452031553387962,-0.08538948356987641,-0.15466528394613244,False,-0.12588588685644675,-0.17744406282087266,-0.0160793768774532,-0.0950034253359121,0.8656122089204128,1.1237596424506782,1.071585640988892,0.4230529161416716,1.1237596424506782,1032110680.769165,0.6269220235533471,314.48699951171875,332.40616607666016,327.71584447224933,False,False,False,True,False,False,distribution,3,5,normal,False,False,,False,112.0,분산5일,0.02064426592345646,31.650425250568517,True,False,False,False,False,True,False,,Uptrend Under Pressure,331.99,-0.0901,0.4020864867494241,0.9161407579283121,-0.1444375592317828,-0.07189799662549334,0.35806891691662757,0.2611758474576272,,False,,,0,1,0.279,0.882
FTAI,FTAI Aviation Ltd.,Industrials,XLI,17155165184.0,2026-10-01,167.32000732421875,0.001736266221884275,-0.04131090073630017,-0.09853991286023822,-0.0993957705125309,-0.264478957406718,False,-0.13927201446965143,-0.28429864642311387,-0.07888526110763605,-0.2028066182537117,0.7356989522606464,0.7367556054599754,0.9065405482440289,0.9744452306416799,0.7367556054599754,252366841.44268188,0.6118831147248737,183.01500091552734,201.06387176513672,225.53761393229166,False,False,False,False,False,False,weak_rally,1,4,normal,False,False,,False,102.0,분산4일,0.04726186407145496,35.321031197889454,True,False,False,False,False,True,False,,Uptrend Under Pressure,284.45,-0.4118,0.3480979343199111,0.9066175754014075,-0.0084525869662323,-0.34736613700635355,0.31741353763868313,0.26022245762711865,,False,,,0,1,0.279,0.882
RKT,"Rocket Companies, Inc.",Financials,XLF,32592203776.0,2026-10-01,11.970000267028809,0.039965250130291397,0.00335288858590177,-0.11725664479240738,-0.11809473254176295,-0.1308614424394725,False,-0.15714303860207057,-0.15428165059867516,-0.05126306257723967,-0.06951956123065361,0.7958776793476817,1.3926927483870981,1.0967603565746555,0.5429328615647201,1.3926927483870981,465238335.4928899,0.9171979706778499,12.724499988555909,13.530999994277954,13.980166665712993,False,False,False,False,False,False,accumulation,4,5,normal,False,False,,False,61.0,분산5일,0.05127102794058538,40.494545246616184,True,False,False,False,False,True,False,,Uptrend Under Pressure,14.63,-0.1818,0.4061973821492995,0.9161407579283121,-0.41686466598217875,-0.22530372787600483,0.08091142351198005,0.2595868644067797,,False,,,0,1,0.279,0.882
BRO,"Brown & Brown, Inc.",Financials,XLF,20377772032.0,2026-10-01,61.77000045776367,0.014285696388941282,0.023868698541423594,-0.1425596936041973,-0.14337375831774601,-0.07601571673080565,False,-0.18130277960696717,-0.10091382309342556,-0.07845775840308433,-0.010802945245670381,0.8269399335859269,1.221671253746764,0.9655878167338479,0.40787728067216583,1.221671253746764,148029135.2096386,0.4534873405368961,64.79450035095215,68.56546185811361,64.70019254684448,False,False,False,False,False,False,accumulation,2,4,normal,False,False,,False,46.0,분산4일,0.02722080130874314,35.32056693234418,True,False,False,False,False,True,False,,Uptrend Under Pressure,73.48,-0.1594,0.41119435842118546,0.9161407579283121,-0.3272762555420311,-0.0351116667071284,0.2727991398937516,0.25948093220338986,,False,,,0,1,0.279,0.882
BNY,The Bank of New York Mellon Cor,Financials,XLF,98132058112.0,2026-10-01,143.9199981689453,-0.004909124593077907,-0.04174714808268987,-0.1118242154280451,-0.11266746079481316,-0.12084965996960517,False,-0.15195607131419064,-0.1445396502336853,-0.0454245067076251,-0.05880116925000933,0.8730890643429565,1.414021625532923,1.0522741941592206,0.4740884034583142,1.414021625532923,608398514.7380768,0.8748162066836356,154.51349945068358,157.41624857584637,147.94903755187988,False,False,True,True,False,False,distribution,2,5,normal,False,False,,False,55.0,분산5일,0.023100623115190635,22.350119111449033,True,False,False,False,False,True,False,,Uptrend Under Pressure,161.71,-0.11,0.369968976446218,0.9161407579283121,0.2999167640245948,0.14742275547125527,0.8364054425210509,0.2568326271186441,,False,,,0,1,0.279,0.882
TIGO,Millicom International Cellular,Communication Services,XLC,14614249472.0,2026-10-01,85.61000061035156,-0.01755793883421375,-0.05923076252360915,-0.10120734267347442,-0.10206066783403478,-0.14628404491992797,False,-0.14181891756879483,-0.16928866852439317,-0.08395171342262275,-0.1339216007488998,0.8207267051488722,1.9305746413913185,1.3298617615325417,0.6814434044876096,1.9305746413913185,78909606.8581047,0.6012399332270894,93.47350044250489,94.44416694641113,89.58267052968343,False,False,True,True,False,False,distribution,1,5,interest,False,False,,False,39.0,분산5일,0.03389960074868311,34.357497816669095,True,False,False,False,False,True,False,,Uptrend Under Pressure,104.31,-0.1793,0.5332946317254555,0.9239023508895683,0.8101125019210782,0.06791280440854375,0.8816007733728453,0.25625000000000003,,False,,,0,1,0.279,0.882
HWM,Howmet Aerospace Inc.,Industrials,XLI,90200899584.0,2026-10-01,228.3800048828125,0.009726820577737216,-0.0043595779000479284,-0.09716951762599402,-0.0980266763489216,-0.20563575939362522,False,-0.13796353997790323,-0.22704106434459392,-0.07748498696751815,-0.13902950611096188,0.780386159733168,0.7490372127825924,0.6407940578859183,0.8371322202991911,0.7490372127825924,814099305.2316132,0.7115799753289473,231.67899856567382,261.8232681274414,260.69375127156576,False,False,False,False,False,False,weak_rally,1,0,normal,False,False,,False,154.0,,0.025139800803636283,39.19491317206437,True,False,False,False,False,True,False,,Uptrend Under Pressure,257.86,-0.1143,0.32440070014457173,0.9066175754014075,0.1289361039153365,-0.08433456519783677,0.5782010046619204,0.2559322033898306,,False,,,0,1,0.279,0.882
UDR,"UDR, Inc.",Real Estate,XLRE,12430799872.0,2026-10-01,33.68000030517578,0.0038748456355144345,0.0038748456355144345,-0.0757409008108535,-0.07661840413465781,-0.16213013427616452,False,-0.11750316636056513,-0.18470776185335191,-0.01473747644655865,-0.05795813212272116,0.8546924732065491,0.9173218912102801,0.8701585832518195,0.31466785157838467,0.9173218912102801,148849367.65982628,0.9191905180253078,34.523278427124026,36.96357097625732,37.037866083780926,False,False,False,True,False,False,weak_rally,1,3,normal,False,False,,False,168.0,분산3일,0.015954073476162674,29.76570213842048,True,False,False,False,False,True,False,,Uptrend Under Pressure,36.27,-0.0714,0.48266195233614634,0.8915978830104153,-0.10355445321612544,-0.05762550206843642,0.41512504065628275,0.2548199152542373,,False,,,0,1,0.279,0.882
LYB,LyondellBasell Industries NV,Materials,XLB,18564990976.0,2026-10-01,57.779998779296875,0.0053940760746333805,-0.03988038407624428,-0.13204147447533732,-0.13286552531967344,-0.08587729355976625,False,-0.17125982186396194,-0.1105096653279386,-0.05752223851333649,-0.023772100522277406,0.8572169149273329,1.0082374931000095,0.9254611681642426,0.35478049789978244,1.0082374931000095,224378858.4403305,0.8675794075893363,61.705000495910646,61.4474204381307,63.61110162734985,False,False,True,False,False,False,accumulation,1,2,normal,False,False,,False,32.0,,0.03273500953910126,35.78164442361789,True,False,False,False,False,True,False,,Uptrend Under Pressure,64.07,-0.0982,0.41041340940810184,0.9085780336452783,0.22522272859271264,-0.2559040323189963,0.502544179827256,0.2530190677966102,,False,,,0,1,0.279,0.882
DTE,DTE Energy Company,Utilities,XLU,25345126400.0,2026-10-01,123.2699966430664,0.012068912598334869,0.017247040209830367,-0.08564771061701004,-0.08651580828980077,-0.18279020014065395,False,-0.12696234105851656,-0.20481111206080338,-0.023925722197420618,-0.03776182136681505,0.8323137983038097,1.1053472238680093,1.2098731431774925,0.4282093591567276,1.1053472238680093,248270004.93264008,0.92708112575764,127.83219833374024,136.427365620931,140.25356254577636,False,False,False,False,False,False,accumulation,3,7,normal,False,False,,False,72.0,분산7일,0.017700952848911017,31.517487080063617,True,False,False,False,False,True,False,,Uptrend Under Pressure,145.07,-0.1503,0.312803155248022,0.8486957529206396,-0.14469402493290018,-0.2002494409669371,0.2364506161685519,0.25286016949152545,,False,,,0,1,0.279,0.882
WPC,W. P. Carey Inc. REIT,Real Estate,XLRE,14723804160.0,2026-10-01,63.83000183105469,-0.012378082258404755,-0.018006426490210448,-0.08242468657403601,-0.08329584422677494,-0.16213626969434103,False,-0.12388494802536854,-0.18471373194372231,-0.021862408874814943,-0.05796503035481604,0.8444708091564281,1.0218814325313148,1.0613665263728829,0.3937732317012532,1.0218814325313148,110726687.18433762,0.07954752351731346,66.55111045837403,69.84493904113769,70.66816412607828,False,False,False,False,False,False,distribution,3,4,normal,False,False,,False,276.0,분산4일,0.01713748792400254,22.935486889030244,True,False,False,False,False,True,False,,Uptrend Under Pressure,61.55,0.0371,0.37717503215465675,0.8915978830104153,-0.0618826023308241,-0.12130900405185041,0.3889143869032561,0.25259533898305087,,False,,,0,1,0.279,0.882
EQT,EQT Corporation,Energy,XLE,30375059456.0,2026-10-01,50.09000015258789,0.031507387479984716,-0.034316537805106795,-0.10152466094012758,-0.10237768483469667,-0.09211457091412101,False,-0.14212189794066565,-0.11657887013193302,-0.07264546759754043,-0.12679285722846,0.8984753390598724,1.0342522109248653,0.9434211015998113,0.4557420430632797,1.0342522109248653,399258718.93707216,0.9846160166359861,51.936499977111815,52.34387804667155,53.71364920934041,False,False,False,False,False,False,accumulation,4,2,normal,False,False,,False,50.0,,0.028862319500211665,40.811524033503666,True,False,False,False,False,True,False,,Uptrend Under Pressure,53.84,-0.0697,0.3024413843710862,0.9566614457922488,-0.10375526962812553,-0.21465207391435626,0.27041758519749914,0.2519597457627119,,False,,,0,1,0.279,0.882
VRSK,"Verisk Analytics, Inc.",Industrials,XLI,21992015872.0,2026-10-01,168.3800048828125,0.003157573786265022,-0.0016008836255136938,-0.10272454182240653,-0.10357642653483146,-0.14313360795143837,False,-0.14326756270099594,-0.16622312468249723,-0.08316112808038134,-0.0712866427675295,0.7920777240145157,0.9388153559199225,1.0661638111537444,0.5999866924152957,0.9388153559199225,225733689.26556396,0.31250045849686386,175.1423812866211,185.8615748087565,181.00092290242512,False,False,False,False,False,False,weak_rally,2,3,normal,False,False,,False,45.0,분산3일,0.030577056499090188,37.95680601207593,True,False,False,False,False,True,False,,Uptrend Under Pressure,212.58,-0.2079,0.37482203882322,0.9066175754014075,-0.32486616923187583,-0.08886038702905408,0.22514184525315312,0.2511652542372882,,False,,,0,1,0.279,0.882
SE,Sea Limited,Consumer Discretionary,XLY,59631497216.0,2026-10-01,95.2699966430664,-0.02146676206021858,-0.05420437339329598,-0.15548268145664157,-0.15628447692144387,-0.11354316167197598,False,-0.1936418475922843,-0.1374300362067592,-0.11048534063982052,-0.05022607345348429,0.7244316068929213,1.2410374346173885,1.0491470688567102,0.626114076431343,1.2410374346173885,382496749.96539956,0.49526713662367416,103.95500030517579,109.93666712443034,99.85066693623861,False,False,True,True,False,False,distribution,2,3,normal,False,False,,False,36.0,분산3일,0.03484609298485219,29.13915128837027,True,False,False,False,False,True,False,,Uptrend Under Pressure,131.51,-0.2756,0.643586675922756,0.8792679914183797,-0.45334608652224984,0.17631639909617358,0.3753541613964078,0.2510593220338983,,False,,,0,1,0.279,0.882
VG,"Venture Global, Inc.",Energy,XLE,31601174528.0,2026-10-01,12.770000457763672,0.010284818901100223,-0.03476939534307044,-0.1307847860937157,-0.131610030053957,-0.15690606725777811,False,-0.17005991642767715,-0.17962446495262252,-0.10284608468763856,-0.1891095280170887,0.8103506018057743,0.6642255365853451,0.7838982173303939,0.8647888778471505,0.6642255365853451,205958944.32352886,0.7884623849172872,14.006183385848999,13.77979858716329,13.03341338634491,False,False,True,False,True,False,weak_rally,1,4,normal,False,False,,False,14.0,분산4일,0.05099614580346324,39.57462905524477,True,False,False,False,False,True,False,,Uptrend Under Pressure,15.76,-0.1896,0.4899901189048814,0.9566614457922488,-0.0713369335868117,-0.11571987109082904,0.38589136641248956,0.2503707627118644,,False,,,0,1,0.279,0.882
KRYS,"Krystal Biotech, Inc.",Health Care,XLV,9843388416.0,2026-10-01,325.30999755859375,-0.021800577499470952,-0.056963109877173346,-0.1189502806405427,-0.1197867604305205,-0.05741731999565669,False,-0.15876014821411433,-0.0828165873287291,-0.08666303120157626,-0.0769920816796631,0.8757369275838667,0.8056637714043373,0.8701037360914423,0.3365391267588565,0.8056637714043373,95836427.07960205,0.00860998508609985,342.8839996337891,343.80733184814454,326.59237442016604,False,False,False,True,False,False,dry_up,1,2,normal,False,False,,False,53.0,,0.03154507420739356,38.16826367650315,True,False,False,False,False,True,False,,Uptrend Under Pressure,354.86,-0.0833,0.489151072382868,0.9496588726121497,0.7876011485326069,0.20563266854865958,0.9290502692349392,0.2500529661016949,,False,,,0,1,0.279,0.882
ZTO,ZTO Express (Cayman) Inc.,Industrials,XLI,14588101632.0,2026-10-01,19.389999389648438,-0.0015448345276851683,-0.004108881691186395,-0.07490456886457064,-0.07578286621254338,-0.21484598119523468,False,-0.11670462372775403,-0.2360031032645331,-0.05473459262681912,-0.14901199123303388,0.7875710287852367,0.7295965090987417,0.9126657836568589,0.5849551696108645,0.7295965090987417,63396759.72577057,0.06666751436854687,20.2085000038147,22.143166700998943,22.89125000635783,False,False,False,False,False,False,dry_up,2,3,normal,False,False,,False,165.0,분산3일,0.024301924149887112,32.84247485772255,True,False,False,False,False,True,False,,Uptrend Under Pressure,22.43,-0.1356,0.2732666153233666,0.9066175754014075,-0.03346651678286661,-0.2598134383293099,0.3174831050558346,0.24947033898305088,,False,,,0,1,0.279,0.882
VICI,VICI Properties Inc.,Real Estate,XLRE,25291749376.0,2026-10-01,22.729999542236328,-0.010448401318785883,-0.02320588332206852,-0.09549430844634532,-0.09635305763413748,-0.14952796811179692,False,-0.13636402443294315,-0.17244517946680515,-0.035794658650984634,-0.043789144027505555,0.8538294004283667,0.8689698492632211,0.9372723719202604,0.43630867772215076,0.8689698492632211,266004548.69361496,0.43181640845131475,23.982121181488036,25.232922331492105,26.139506530761718,False,False,False,False,False,False,dry_up,1,3,normal,False,False,,False,394.0,분산3일,0.016788598691961133,25.22658072204014,True,False,False,False,False,True,False,,Uptrend Under Pressure,29.29,-0.224,0.3710399840365473,0.8915978830104153,-0.28672695427951334,-0.18864514889197848,0.1498319540312963,0.24862288135593225,,False,,,0,1,0.279,0.882
CCI,Crown Castle Inc.,Real Estate,XLRE,28356603904.0,2026-10-01,66.12000274658203,-0.00795196949982191,-0.022327289193548205,-0.11009000879386821,-0.11093490063843336,-0.15531537536012308,False,-0.15030022409031119,-0.1780766365719938,-0.05135371191867377,-0.050296097144467034,0.8481655547630474,0.9748435990522536,0.9649887554765273,0.5276256774520898,0.9748435990522536,257440485.83520547,0.34108692180763295,71.59170875549316,73.93896115620932,79.57628949483235,False,False,False,False,False,False,dry_up,0,4,normal,False,False,,False,12.0,분산4일,0.02722758415756932,25.12260792215379,True,False,False,False,False,True,False,,Uptrend Under Pressure,73.25,-0.0973,0.3951540099840207,0.8915978830104153,-0.2934662357947099,-0.18563807301313162,0.1481126450074085,0.2481991525423729,,False,,,0,1,0.279,0.882
EPD,Enterprise Products Partners L.,Energy,XLE,76898983936.0,2026-10-01,35.66999816894531,0.0016848513778544572,-0.04293003137017848,-0.09375006057382507,-0.09461046577269372,-0.09158023544327998,False,-0.13469858967992665,-0.11605893311096505,-0.06462097257372335,-0.12627893164399018,0.9062499394261749,1.3457764135311512,1.5050781534156932,0.3940418664088021,1.3457764135311512,114762093.53104171,0.53571160959394,37.972500228881835,38.05741704305013,37.53222417831421,False,False,True,True,False,False,accumulation,2,7,normal,False,False,,False,9.0,분산7일,0.019163771077696873,26.6999063593246,True,False,False,True,False,True,False,,Uptrend Under Pressure,38.89,-0.0828,0.36065795828123487,0.9566614457922488,0.16003649386578167,-0.07309699138453107,0.6115978822594051,0.2468220338983051,,False,,,0,1,0.279,0.882
NFLX,"Netflix, Inc.",Communication Services,XLC,289726922752.0,2026-10-01,67.8499984741211,-0.024863514104730422,-0.053959881214626804,-0.179862254067773,-0.18064090325679838,-0.03380846071436905,False,-0.21691983928712533,-0.05984390325099109,-0.164116694996862,-0.01981728614177003,0.820137745932227,1.1555394670561074,1.0165670870000987,0.27927497042862176,1.1555394670561074,2578357852.510315,0.03208420880846984,74.27850074768067,74.96733334859212,80.3454163869222,False,False,False,False,False,False,distribution,2,6,normal,False,False,,False,116.0,분산6일,0.03130855725086059,32.44815637839511,True,False,False,False,False,True,False,,Uptrend Under Pressure,107.79,-0.3705,0.3186697200589711,0.9239023508895683,-0.4154070152630922,-0.274415848745135,0.0599409128690687,0.24602754237288138,,False,,,0,1,0.279,0.882
VALE,VALE S.A.,Materials,XLB,57069776896.0,2026-10-01,13.449999809265137,0.002982845809707202,-0.008112139155425746,-0.14494595037013236,-0.1457577495412099,-0.09090943154001463,False,-0.1835812143467883,-0.11540620499885168,-0.07153463795043291,-0.029146120285411747,0.8550540496298676,1.1427576188757573,0.9523528085891756,0.4181314650619032,1.1427576188757573,434884211.1738577,0.93470307834572,14.35299997329712,14.354447428385416,15.027014152208965,False,False,False,False,False,False,accumulation,2,2,normal,False,False,,False,20.0,,0.0267992464078613,35.0514107589555,True,False,False,False,False,True,False,,Uptrend Under Pressure,15.73,-0.1449,0.386300656408662,0.9085780336452783,0.30771988289319063,-0.1687198713613458,0.5893959379856167,0.24348516949152543,,False,,,0,1,0.279,0.882
VTR,"Ventas, Inc.",Real Estate,XLRE,43610697728.0,2026-10-01,83.7300033569336,-0.015172822124993712,-0.029897670692046074,-0.08500985302008657,-0.08587855628297847,-0.15412812727341574,False,-0.1263533047935863,-0.1769213806194352,-0.024618202806057754,-0.048961239010776425,0.8378990260218677,0.7453749564307369,0.6730859101266546,0.2772073600037153,0.7453749564307369,328934107.7205448,0.29670679767933195,87.47326889038087,90.97781626383464,88.00505065917969,False,False,False,True,False,False,dry_up,1,2,normal,False,False,,False,62.0,,0.018773192343149506,26.29789092778927,True,False,False,False,False,True,False,,Uptrend Under Pressure,91.66,-0.0865,0.7559463995834329,0.8915978830104153,0.1620496572945216,-0.031184644966929742,0.6501734668064038,0.24083686440677968,,False,,,0,1,0.279,0.882
GLPI,"Gaming and Leisure Properties, ",Real Estate,XLRE,11372034048.0,2026-10-01,37.59000015258789,-0.010007928783211106,-0.024396539228910386,-0.0940593918315431,-0.09491950334738808,-0.16277913147252376,False,-0.13499394393256137,-0.1853392708721342,-0.034265033931867306,-0.05868781886300878,0.8336780626438358,0.9976042481359103,0.83426248741922,0.454509156535288,0.9976042481359103,138982398.11764413,0.3587802264361925,39.73951797485351,41.83200473785401,43.494776821136476,False,False,False,False,False,False,dry_up,0,1,normal,False,False,,False,148.0,,0.017310828789332985,25.57477156590791,True,False,False,False,False,True,False,,Uptrend Under Pressure,47.21,-0.2038,0.46848193751300427,0.8915978830104153,-0.18071521177949634,-0.1765604544303987,0.22205648512883525,0.24078389830508476,,False,,,0,1,0.279,0.882
CNC,Centene Corporation,Health Care,XLV,30686969856.0,2026-10-01,60.9900016784668,-0.018190554939593984,-0.01501932361078362,-0.09429752011808223,-0.09515740555190866,-0.09669741349157335,False,-0.13522131249085334,-0.12103822132105457,-0.06110683718284693,-0.11545643934102723,0.8786918089699076,1.1202476471491294,0.9299441452369847,0.3834952498633016,1.1202476471491294,305593912.81541955,0.5390073128566134,64.63850002288818,65.07383308410644,60.845749918619795,False,False,False,True,False,False,distribution,1,3,normal,False,False,,False,72.0,분산3일,0.03545078496956958,37.73792411735892,True,False,False,False,False,True,False,,Uptrend Under Pressure,61.02,-0.0005,0.3770986733924597,0.9496588726121497,0.585627816707724,0.6483939507479091,0.9414323660149616,0.24004237288135596,,False,,,0,1,0.279,0.882
FRT,Federal Realty Investment Trust,Real Estate,XLRE,9412393984.0,2026-10-01,108.02999877929688,-0.0024009800907960344,-0.021024012024506655,-0.08402580512945779,-0.08489544265991111,-0.1569471973077019,False,-0.1254137207003474,-0.17966448669326418,-0.023569205280505878,-0.052130802817062394,0.8497600968554447,1.0270138265621185,1.2370104097156656,0.26533896587083783,1.0270138265621185,107727813.93734741,0.9108157799493304,112.31499977111817,117.96233304341634,117.39409370422364,False,False,False,True,False,False,distribution,2,7,normal,False,False,,False,17.0,분산7일,0.016602541723116246,21.28807528983417,True,False,False,False,False,True,False,,Uptrend Under Pressure,117.25,-0.0786,0.4730047122083207,0.8915978830104153,0.04527429647026837,-0.04458304594938389,0.5658116800982979,0.23871822033898307,,False,,,0,1,0.279,0.882
UPS,"United Parcel Service, Inc.",Industrials,XLI,79497035776.0,2026-10-01,93.88999938964844,0.004815891871625011,0.019989095892327446,-0.08853511850743245,-0.08940047483851132,-0.19642818705201603,False,-0.12971928261630983,-0.21808160349108474,-0.06866233091979312,-0.12904989260214772,0.8309694435309998,0.9320939373982481,0.930162022242881,0.6254741677360018,0.9320939373982481,467727739.1626549,0.495497972369235,97.82550010681152,103.57891019185384,103.13716894785563,False,False,False,False,False,False,weak_rally,2,4,normal,False,False,,False,162.0,분산4일,0.023332779999175806,36.23173481527925,True,False,False,False,False,True,False,,Uptrend Under Pressure,112.58,-0.166,0.31842204402447377,0.9066175754014075,0.13596925500760237,-0.07069736388865466,0.6000677604712515,0.23845338983050846,,False,,,0,1,0.279,0.882
FER,Ferrovial N.V.,Industrials,XLI,38971322368.0,2026-10-01,52.939998626708984,-0.02144177227596411,-0.04405927039266655,-0.08471648535532839,-0.0855854671452061,-0.19427932959518424,False,-0.12607319282555873,-0.21599065013769592,-0.06476043961145317,-0.12672085666204347,0.7954920540805394,1.682458875290295,1.2575205143852295,0.5762005152503322,1.682458875290295,92537697.2840641,0.8284012983553865,55.60700016021728,60.78058350880941,64.50249071121216,False,False,False,False,False,False,distribution,4,5,interest,False,False,,False,196.0,분산5일,0.020644663884532326,27.58123793936285,True,False,False,False,False,True,False,,Uptrend Under Pressure,65.83,-0.1959,0.38081520715813527,0.9066175754014075,-0.12887595897704585,-0.25413688572953064,0.22172581402912797,0.2378177966101695,,False,,,0,1,0.279,0.882
INTU,Intuit Inc.,Information Technology,XLK,73679634432.0,2026-10-01,282.7799987792969,0.02564291300038235,0.020387521368801398,-0.17542428189720483,-0.1762071445533565,-0.029922736819513185,False,-0.2126823950555865,-0.05606288586314179,-0.23555105497770368,-0.09514097672474453,0.7644355225850447,1.0809078680310396,1.000863450329436,0.37449225517877716,1.0809078680310396,1124185894.1875916,0.385482754022771,303.9594985961914,317.05716705322266,326.0067918141683,False,False,True,False,False,False,accumulation,1,5,normal,False,False,,False,141.0,분산5일,0.04438330698675492,37.80508843340065,True,False,False,False,False,True,False,,Uptrend Under Pressure,437.16,-0.3531,0.38582641088759817,1.0,-0.5570059547471884,-0.29988905568718627,0.03119692096418633,0.23760593220338985,,False,,,0,1,0.279,0.882
APD,"Air Products and Chemicals, Inc",Materials,XLB,61957799936.0,2026-10-01,273.3299865722656,-0.017611415809142494,-0.03922810659494658,-0.11672329684899241,-0.11756189096565717,-0.1018994906222791,False,-0.1566337897651322,-0.1261001208837519,-0.040888907156166,-0.04088284033123046,0.8832482198654193,1.23886343821071,0.9206331048229701,0.21141804549066648,1.23886343821071,341765378.3354095,0.8730150342167147,287.4314956665039,296.30616556803386,293.1714930216471,False,False,False,False,False,False,distribution,1,3,normal,False,False,,False,22.0,분산3일,0.020297298336643493,29.92129208775728,True,False,False,False,False,True,False,,Uptrend Under Pressure,309.46,-0.1168,0.35676657203932044,0.9085780336452783,-0.0031281655047988854,-0.08934345009580924,0.47973419825810415,0.23750000000000004,,False,,,0,1,0.279,0.882
MAA,Mid-America Apartment Communiti,Real Estate,XLRE,14049518592.0,2026-10-01,116.37999725341797,-0.01155088020236883,-0.007504731935704112,-0.09509371976434955,-0.09595284927612269,-0.1367918029935794,False,-0.13598153618504483,-0.1600522089239793,-0.03536763010879718,-0.029469496945802698,0.847139271487813,0.9514019091834607,0.992740285300298,0.27434007567980456,0.9514019091834607,147710655.9229576,0.1363629607978162,121.79500007629395,128.9721706390381,129.69960594177246,False,False,False,False,False,False,dry_up,2,6,normal,False,False,,False,74.0,분산6일,0.0173078277958724,23.190039253861244,True,False,False,False,False,True,False,,Uptrend Under Pressure,134.88,-0.1371,0.4279230809631824,0.8915978830104153,-0.1589331724116163,-0.07267742983555536,0.34549166997940084,0.23622881355932204,,False,,,0,1,0.279,0.882
WM,"Waste Management, Inc.",Industrials,XLI,81509924864.0,2026-10-01,201.89999389648438,-0.009905866470180102,-0.029140279966045624,-0.07417686257656642,-0.07505585081812849,-0.16278921125854384,False,-0.11600979854772964,-0.18534907904359443,-0.05399102006378764,-0.09259033900905167,0.8470502121607686,1.2007556225880571,0.8983171688602936,0.42227634824113164,1.2007556225880571,468023153.9936234,0.13682405129218225,211.44376220703126,222.30377197265625,221.33298517862957,False,False,False,False,False,False,distribution,1,4,normal,False,False,,False,67.0,분산4일,0.016029329783824854,24.727940001268536,True,False,False,False,False,True,False,,Uptrend Under Pressure,224.54,-0.1008,0.3802789448090582,0.9066175754014075,-0.12629179569914417,-0.18023793560700063,0.2728135954609519,0.23511652542372885,,False,,,0,1,0.279,0.882
CCJ,Cameco Corporation,Energy,XLE,37747642368.0,2026-10-01,85.69000244140625,-0.0113072083563307,-0.02757603528638153,-0.11091507695215896,-0.11175918546653896,-0.07466290675975062,False,-0.1510880118847372,-0.09959746656336277,-0.08233771453112226,-0.11000779018735796,0.7981557559076997,1.5012196459956408,0.9926360108275988,0.3596220025913004,1.5012196459956408,268576913.8345871,0.5542526652571288,92.93600082397461,93.94050025939941,102.3089999516805,False,False,False,False,False,False,distribution,2,5,interest,False,False,,False,174.0,분산5일,0.037402252479365544,32.83863090302795,True,False,False,False,False,True,False,,Uptrend Under Pressure,121.87,-0.2969,0.432972870381278,0.9566614457922488,-0.002496359627015554,-0.2568645775751702,0.34732300964909113,0.23495762711864407,,False,,,0,1,0.279,0.882
DOW,Dow Inc.,Materials,XLB,19893264384.0,2026-10-01,27.59000015258789,0.001815513267915625,-0.03396356202706552,-0.11796676640205461,-0.1188041799529378,-0.1284212152311205,False,-0.15782107366016462,-0.15190717887738348,-0.04223913572859517,-0.06920644210045168,0.8483336070188608,1.0945728542164976,1.0238581399623232,0.42575525280086024,1.0945728542164976,264887120.25677186,0.9609765628634431,28.841000080108643,29.670753510793052,32.108910163243614,False,False,True,False,False,False,accumulation,1,4,normal,False,False,,False,29.0,분산4일,0.030277522434233903,35.95648754627658,True,False,False,False,False,True,False,,Uptrend Under Pressure,32.52,-0.1517,0.4847189491006923,0.9085780336452783,0.20900248398480303,-0.3437031828584606,0.4694282823172274,0.23474576271186445,,False,,,0,1,0.279,0.882
LHX,"L3Harris Technologies, Inc.",Industrials,XLI,44091899904.0,2026-10-01,238.39999389648438,0.00684177348399051,0.0015123534721277476,-0.08330247122196122,-0.08417279549481038,-0.18023833382491272,False,-0.124723070336624,-0.20232800951096497,-0.06331559554367072,-0.11150254440040863,0.7848696678202765,0.7940511498469023,1.0008413946400323,0.5185332320721716,0.7940511498469023,405108194.24861604,0.7350119615497548,245.77950057983398,268.6881726582845,288.93802808125815,False,False,False,False,False,False,weak_rally,1,3,normal,False,False,,False,49.0,분산3일,0.020269054299035007,28.039344402756214,True,False,False,False,False,True,False,,Uptrend Under Pressure,298.24,-0.2006,0.7065535211159442,0.9066175754014075,-0.24273880014192328,-0.35850094537504984,0.10890101550359582,0.23416313559322033,,False,,,0,1,0.279,0.882
TMUS,"T-Mobile US, Inc.",Communication Services,XLC,174931296256.0,2026-10-01,161.72999572753906,-0.008278183028929464,-0.02189301628274687,-0.13651899043030358,-0.13733879026414242,-0.16864389261937796,False,-0.17553502311033786,-0.19104599746204853,-0.11994129807286258,-0.15660523573053908,0.860174407257087,0.7371946318030291,0.8044719067350572,0.8578036740348931,0.7371946318030291,876188987.5756623,0.1634959590157752,172.03399963378905,178.0472089131673,181.8783219655355,False,False,False,False,False,False,dry_up,2,2,normal,False,False,,False,20.0,,0.028786946117809943,33.91247970316637,True,False,False,False,False,True,False,,Uptrend Under Pressure,187.3,-0.1365,0.4829423158202883,0.9239023508895683,-0.32605757368208355,-0.2262623386767264,0.10458693216725092,0.23310381355932205,,False,,,0,1,0.279,0.882
ALC,Alcon Inc.,Health Care,XLV,31300149248.0,2026-10-01,63.939998626708984,-0.012509673718780201,-0.009603453459273492,-0.11489478796376373,-0.11573511808998027,-0.07353472863394417,False,-0.15488790129845487,-0.0984996888453129,-0.08245891955270557,-0.09277477757629804,0.8485733234443148,1.1920135670141436,1.2022062793737578,0.33021186657147233,1.1920135670141436,119041258.8439869,0.38028013883366824,66.45000057220459,69.39966678619385,69.22222623825073,False,False,False,False,False,False,distribution,2,4,normal,False,False,,False,36.0,분산4일,0.017418118776011425,32.03675868987841,True,False,False,False,False,True,False,,Uptrend Under Pressure,75.35,-0.1514,0.3977275388573575,0.9496588726121497,-0.16071948332969566,-0.18079630357899146,0.23657710238155472,0.23278601694915257,,False,,,0,1,0.279,0.882
ENLT,Enlight Renewable Energy Ltd.,Utilities,XLU,9710756864.0,2026-10-01,65.30000305175781,-0.05921337550073047,-0.05183678746116205,-0.14618200594210895,-0.14699263158633258,-0.3043162691370229,False,-0.1847614192584074,-0.3230624835904612,-0.0885462948998803,-0.18085484754888415,0.7149896172404765,0.8603510555867038,0.8245972327385366,1.0113990872574172,0.8603510555867038,14021195.774381256,0.6690652615401504,72.77050018310547,80.26533342997233,85.06841672261557,False,False,False,True,False,False,dry_up,3,1,normal,False,False,,False,,,0.04256616934677999,31.565568927840076,False,False,False,False,True,True,False,,Uptrend Under Pressure,,,0.4525598185067079,0.8486957529206396,1.085628688610075,-0.09419581838109448,0.745225145459145,0.23167372881355933,,False,,,0,1,0.279,0.882
BCS,Barclays PLC,Financials,XLF,81317281792.0,2026-10-01,23.639999389648438,-0.02595801632602379,-0.03233732728852945,-0.09770997323451225,-0.098566618842023,-0.17067907041006947,False,-0.13847957532303368,-0.19302633441397576,-0.030255088740625657,-0.11214742950613887,0.8370280975326443,1.2841507154724356,0.8740873663314269,0.4771799987947449,1.2841507154724356,117652185.50693169,0.6962960660536771,25.40050001144409,26.684410603841147,25.495863294601442,False,False,False,True,False,False,distribution,1,4,normal,False,False,,False,189.0,분산4일,0.02661953589785131,30.099763388677175,True,False,False,False,False,True,False,,Uptrend Under Pressure,25.01,-0.0546,0.37305549934381116,0.9161407579283121,0.12289003117105035,0.03925501669282694,0.6851559394311735,0.2308262711864407,,False,,,0,1,0.279,0.882
PHG,Koninklijke Philips N.V. NY Reg,Health Care,XLV,23878553600.0,2026-10-01,23.809999465942383,-0.02537866686403778,-0.030142557805096115,-0.09708006415692771,-0.09793730780811438,-0.11550900174879575,False,-0.13787812842688008,-0.13934290385081083,-0.06399135128249955,-0.1338773644078003,0.862056435281529,1.612858322716297,1.1786068234837055,0.4288380017333316,1.612858322716297,20549778.51617565,0.2371126317445336,24.872999954223634,26.122833347320558,26.34317248662313,False,False,False,False,False,False,distribution,2,5,interest,False,False,,False,,분산5일,0.017144657949166565,30.20028406338406,False,False,False,False,False,True,False,,Uptrend Under Pressure,,,0.35669479423244915,0.9496588726121497,-0.12103309803829432,-0.13150059648742984,0.31521087058653463,0.23077330508474575,,False,,,0,1,0.279,0.882
BAC,Bank of America Corporation,Financials,XLF,380615294976.0,2026-10-01,53.72999954223633,-0.01286056878586661,-0.0410494250788811,-0.13731413893122357,-0.13813318384097995,-0.1447374997948757,False,-0.17629424315475017,-0.16778379731708526,-0.07282004791094432,-0.08437496008982204,0.8332685728416506,1.5513763534817104,0.9485945695162254,0.584004810746779,1.5513763534817104,2251934770.056483,0.5793101452478105,58.49949989318848,60.74572696685791,57.121004295349124,False,False,False,True,False,False,distribution,1,3,interest,False,False,,False,117.0,분산3일,0.024766687155539632,22.121672273625066,True,False,False,False,False,True,False,,Uptrend Under Pressure,53.76,-0.0006,0.28815791111601907,0.9161407579283121,0.05897270134258625,0.08503349513277669,0.6851523255393733,0.22891949152542374,,False,,,0,1,0.279,0.882
DTM,"DT Midstream, Inc.",Energy,XLE,12187767808.0,2026-10-01,120.08000183105469,0.005105889379080741,-0.03743485506168587,-0.06179294885730591,-0.06268369454378775,-0.1772995942529486,False,-0.10418544685360054,-0.19946845856997608,-0.031636681180911896,-0.20872408825561695,0.8271804299474864,0.8904380431723142,0.8634402167747081,0.35659422168013416,0.8904380431723142,111320621.99347611,0.803961855956683,125.14670677185059,132.32226015726727,136.62327251434326,False,False,False,False,False,False,weak_rally,1,3,normal,False,False,,False,64.0,분산3일,0.02311658795098156,29.810492532451406,True,False,False,False,False,True,False,,Uptrend Under Pressure,142.77,-0.159,0.5669326536913867,0.9566614457922488,0.016748118604869244,-0.16174945255765216,0.42944056954934773,0.22849576271186442,,False,,,0,1,0.279,0.882
CG,The Carlyle Group Inc.,Financials,XLF,14132158464.0,2026-10-01,40.38999938964844,0.018406443394980654,0.02460683068897973,-0.14319049824769925,-0.1440039640673103,-0.0994209495331102,False,-0.18190508160326224,-0.1236883677051347,-0.07913572177948103,-0.03586006772394723,0.7912645792310008,1.1273788448317048,0.9097419510773199,0.41594957969219,1.1273788448317048,140972559.09819716,0.6470579435524085,41.67099952697754,45.26928532918294,45.70166756312052,False,False,False,False,False,False,accumulation,1,3,normal,False,False,,False,28.0,분산3일,0.031903224584304175,37.075362697777784,True,False,False,False,False,True,False,,Uptrend Under Pressure,49.37,-0.1819,0.49932259271074125,0.9161407579283121,-0.3382110238134668,-0.14537827721267982,0.1594150916121571,0.22780720338983054,,False,,,0,1,0.279,0.882
JBHT,"J.B. Hunt Transport Services, I",Industrials,XLI,21038295040.0,2026-10-01,227.1999969482422,0.014059334316352201,-0.008509696706005876,-0.12689264513704823,-0.12772158434533143,-0.24003305479448667,False,-0.166343640252143,-0.26051147436982214,-0.10785617170102968,-0.17631096327615392,0.7864782365723618,0.5899145350102588,0.8432477273069665,0.8937027960089533,0.5899145350102588,303712943.4829895,0.8789679716379908,247.3074981689453,265.8288299560547,264.1792542775472,False,False,False,True,False,False,weak_rally,0,2,normal,False,False,,False,13.0,,0.036607148913550505,32.979747672833085,True,False,False,False,False,True,False,,Uptrend Under Pressure,274.99,-0.1738,0.2803016414744674,0.9066175754014075,0.6715404492763417,0.03459574936857268,0.84636623179502,0.22780720338983051,,False,,,0,1,0.279,0.882
DPZ,Domino's Pizza Inc,Consumer Discretionary,XLY,9911618560.0,2026-10-01,295.0,-0.015386621197398198,0.006722865334299444,-0.14380876562905776,-0.14462164445776693,-0.09432054744054119,False,-0.18249541282842419,-0.11872540339813464,-0.09818941842157236,-0.02963044261429515,0.8073997837369736,0.8284772584511089,0.9432650349898285,0.41249611409857007,0.8284772584511089,228553058.34838867,0.07379984459634463,307.54239349365236,327.30660756429035,323.11764806111654,False,False,False,False,False,False,dry_up,1,2,normal,False,False,,False,52.0,,0.028695494570276273,37.36325455333378,True,False,False,False,False,True,False,,Uptrend Under Pressure,326.95,-0.0977,0.41122769298474154,0.8792679914183797,-0.30568517868332556,-0.18730992750491593,0.1389496223483069,0.22690677966101697,,False,,,0,1,0.279,0.882
PUK,Prudential Public Limited Compa,Financials,XLF,30495080448.0,2026-10-01,24.709999084472656,-0.0012126389217080868,-0.02332016483714483,-0.08847927667990085,-0.08934468602792,-0.17655092049885324,False,-0.1296659639786849,-0.19873995892392315,-0.02033430856387608,-0.11843370181504942,0.8029503592377102,1.2955740174632207,1.2526305238718982,0.3938846932550875,1.2955740174632207,27398401.800349426,1.0,26.150819492340087,27.546234385172525,28.18481534322103,False,False,False,False,False,False,distribution,2,3,normal,False,False,,False,,분산3일,0.018326884126840533,27.523387308598444,False,False,False,False,False,True,False,,Uptrend Under Pressure,,,0.4309707208030055,0.9161407579283121,-0.14976620968145737,-0.20652912307981275,0.22815944490621948,0.2257415254237288,,False,,,0,1,0.279,0.882
EXE,Expand Energy Corporation,Energy,XLE,20116752384.0,2026-10-01,85.95999908447266,0.022238111880371392,-0.03001583818176945,-0.13451470651834674,-0.1353364092447793,-0.0942342733801601,False,-0.17362130193889558,-0.11864145411834826,-0.10669589387093936,-0.12883159391769117,0.8597719163660275,1.02388706497698,0.9772553774748339,0.49390101929886876,1.02388706497698,310515494.08165705,0.7832698516762928,90.61900062561035,92.12676938374837,92.5326000213623,False,False,False,False,False,False,accumulation,4,4,normal,False,False,,False,28.0,분산4일,0.027911650514894745,35.62152875557338,True,False,False,False,False,True,False,,Uptrend Under Pressure,96.09,-0.1054,0.36741575162561957,0.9566614457922488,-0.1653886810185491,-0.1812376589501642,0.2299727151169094,0.225635593220339,,False,,,0,1,0.279,0.882
AA,Alcoa Corporation,Materials,XLB,11084196864.0,2026-10-01,42.060001373291016,0.0014286041259765625,-0.014526685272998385,-0.17610182170665145,-0.17688404109790556,-0.10927116027810235,False,-0.21332932050866116,-0.13327315013141638,-0.10536542019507922,-0.048755338774871926,0.7777366854514166,1.2909485223377153,0.9366170669728714,0.5104124764589308,1.2909485223377153,173503863.59333116,0.9904777820970677,45.918000030517575,47.48201478322347,56.072391478220624,False,False,False,False,False,False,accumulation,2,2,normal,False,False,,False,36.0,,0.03402962634094372,30.780716977008964,True,False,False,False,False,True,False,,Uptrend Under Pressure,54.08,-0.2223,0.4719189756128394,0.9085780336452783,0.352847198150428,-0.391846343020377,0.5157484369917964,0.22500000000000003,,False,,,0,1,0.279,0.882
NKE,"Nike, Inc.",Consumer Discretionary,XLY,52423401472.0,2026-10-01,35.150001525878906,-0.0070621465882491075,-0.02333981976695687,-0.0808054397740231,-0.08167813476023289,-0.17872827700881266,False,-0.12233886622304069,-0.2008586433818188,-0.03182916658782342,-0.12006717599675931,0.8219082114270903,2.5393952111267115,1.2539614980039562,0.3916730592676006,2.5393952111267115,1360620959.2062612,0.10699675044347813,36.48649978637695,39.52341804504395,41.408385054270425,False,False,False,False,False,False,distribution,2,6,attention,False,False,,False,64.0,분산6일,0.027402966927374584,34.46174291374918,True,False,False,False,False,True,False,,Uptrend Under Pressure,42.61,-0.175,0.4635605789744502,0.8792679914183797,-0.5102207051495704,-0.2528101917459987,0.050505041379061116,0.22468220338983053,,False,,,0,1,0.279,0.882
ENB,Enbridge Inc,Energy,XLE,103618936832.0,2026-10-01,46.27000045776367,-0.004732226559695407,-0.0228088289579923,-0.08030214281950177,-0.08117531564223046,-0.18622421318917903,False,-0.12185831053347795,-0.20815259061098146,-0.0507408058749953,-0.2173078156202879,0.8249475183772396,0.8372576312033704,0.7080634791255687,0.4984830124257314,0.8372576312033704,276781865.40300715,0.7841758603655524,48.20000038146973,51.08837407430013,52.47193485895793,False,False,False,False,False,False,dry_up,0,0,normal,False,False,,False,93.0,,0.014364445047884292,26.351751204639157,True,False,False,False,False,True,False,,Uptrend Under Pressure,56.02,-0.174,0.3705289819467484,0.9566614457922488,-0.09297798810388347,-0.1672920425580282,0.31901991254381845,0.22436440677966102,,False,,,0,1,0.279,0.882
FISV,"Fiserv, Inc.",Financials,XLF,24025221120.0,2026-10-01,45.380001068115234,0.0044267543512288565,-0.013049118749336786,-0.1269718840370183,-0.12780074801488372,-0.1181760400106171,False,-0.1664192987751546,-0.14193807487038734,-0.061704609684772316,-0.05593885109497976,0.8135532818433536,0.78607017907184,0.9732187190937398,0.4032063127700606,0.78607017907184,369753335.555768,0.38255067922190306,48.28100032806397,51.0416670481364,53.27916685740153,False,False,False,False,False,False,weak_rally,1,5,normal,False,False,,False,41.0,분산5일,0.03188943214438976,32.47016289117995,True,False,False,False,False,True,False,,Uptrend Under Pressure,55.78,-0.1864,0.381592786506447,0.9161407579283121,-0.6577524950849898,-0.2005518731356658,0.07163456326117595,0.222510593220339,,False,,,0,1,0.279,0.882
MKC-V,"McCormick & Company, Incorporat",Consumer Staples,XLP,12888742912.0,2026-10-01,45.720001220703125,-0.046307832073424926,-0.07580351541270292,-0.14780988032871956,-0.14861896044833178,-0.13532947182170108,False,-0.18631573881339691,-0.15862928240184926,-0.09857360742233423,-0.07536279174702731,0.7869191466686136,0.358614265754308,0.26338981836420305,0.5825456926493195,0.358614265754308,1164126.9256004333,0.20000138716456628,51.465999603271484,52.43049996693929,50.569642543792725,False,False,False,False,False,False,dry_up,0,1,normal,False,False,,False,,,0.04210410609406573,30.61574619926786,False,False,False,False,False,True,False,,Uptrend Under Pressure,,,0.23372749141184035,0.9096505422560582,-0.2751344842315234,-0.024717462144310254,0.31365599363955043,0.22229872881355933,,False,,,0,1,0.279,0.882
HAL,Halliburton Company,Energy,XLE,26565648384.0,2026-10-01,31.8799991607666,0.0025157209316162277,-0.026862002620683167,-0.15280366048728977,-0.15360799944861525,-0.05373069310789058,False,-0.19108387707862573,-0.07922930198825218,-0.12557269952010264,-0.08987511937973425,0.8471963395127102,0.9146427267970122,1.0103411776351765,0.31509602120572233,0.9146427267970122,364191873.11894083,0.779998779296875,34.273999309539796,33.99300444920858,36.227283525466916,False,False,False,False,False,False,weak_rally,1,2,normal,False,False,,False,22.0,,0.026259185386898833,33.808168320369546,True,False,False,False,False,True,False,,Uptrend Under Pressure,36.68,-0.1309,0.5379117916823087,0.9566614457922488,0.31760831285029134,-0.16562501030890775,0.5949206750749882,0.22219279661016952,,False,,,0,1,0.279,0.882
STLA,Stellantis N.V.,Consumer Discretionary,XLY,12648104960.0,2026-10-01,4.690000057220459,0.07568805357812147,0.049217064285225876,-0.11005691191749978,-0.11090183518465968,-0.2108874468352796,False,-0.15026862268262786,-0.23215123739593535,-0.06263920767066067,-0.15452338376675023,0.7803660363741843,2.077944827855992,1.3320860467056894,0.636964869368378,2.077944827855992,126726377.34369488,0.951219540561412,4.95,5.34383335908254,6.284666665395101,False,False,False,False,False,False,accumulation,2,5,attention,True,False,surge,False,45.0,분산5일,0.04508070436124148,42.43891615240866,True,False,False,False,False,True,False,,Uptrend Under Pressure,6.01,-0.2196,0.2746893782028585,0.8792679914183797,-0.5031954146970467,-0.382242011526736,0.020852155686458748,0.21949152542372882,,False,,,0,1,0.279,0.882
SQM,Sociedad Quimica y Minera S.A.,Materials,XLB,18529327104.0,2026-10-01,64.12000274658203,-0.011561584218362286,-0.044696064917142286,-0.194639970876344,-0.19540458991340315,-0.0785955006014849,False,-0.23102983106694697,-0.10342409091889959,-0.12549517618888806,-0.015995584969154986,0.7937193477860519,1.225488456250893,0.882748780505776,0.3540133807942052,1.225488456250893,72493764.23036842,0.7882355053113906,69.85135650634766,71.03786328633626,76.15906136830648,False,False,False,False,False,False,distribution,2,2,normal,False,False,,False,28.0,,0.034756272692471585,34.040137820166464,True,False,False,False,False,True,False,,Uptrend Under Pressure,80.42,-0.2027,0.30462912113427054,0.9085780336452783,0.6431349800724047,-0.14620248787825652,0.6681598062953995,0.21927966101694918,,False,,,0,1,0.279,0.882
CF,"CF Industries Holdings, Inc.",Materials,XLB,17434150912.0,2026-10-01,114.54000091552734,-0.005729132380197677,-0.03292807704734968,-0.17756877000271387,-0.17834959665463013,-0.11776504406420818,False,-0.21472998535201893,-0.14153815381017887,-0.10695831444708714,-0.057826294204048834,0.8224312299972861,0.9503362446095177,0.9438486956792019,0.5140437035310667,0.9503362446095177,329417968.9595829,0.7002590448853421,126.53200073242188,123.65740127563477,119.60927861531576,False,False,True,False,True,False,dry_up,1,3,normal,False,False,,False,20.0,분산3일,0.039580678667457334,34.66156961324896,True,False,False,False,False,True,False,,Uptrend Under Pressure,139.27,-0.1776,0.4208866529081389,0.9085780336452783,0.3382654657463453,-0.08257120813554364,0.6828809945430233,0.21753177966101697,,False,,,0,1,0.279,0.882
PCAR,PACCAR Inc.,Industrials,XLI,57800134656.0,2026-10-01,109.94000244140625,0.00118390752848474,-0.006596148365563992,-0.09981163584829744,-0.10066628611063855,-0.17953040096647244,False,-0.14048627517989298,-0.20163915293761536,-0.08018471163772678,-0.11073525243078708,0.7975624902449797,1.1104895220460929,0.964430703661463,0.5539826196341984,1.1104895220460929,413705001.0393677,0.2723593372989536,117.0875,125.00621668497722,121.27403882344564,False,False,False,False,False,False,accumulation,2,5,normal,False,False,,False,41.0,분산5일,0.025955718502610758,22.300833188751824,True,False,False,False,False,True,False,,Uptrend Under Pressure,135.6,-0.1892,0.40787926979006284,0.9066175754014075,0.10680833359915254,-0.10191889134403909,0.5437895269415634,0.21297669491525423,,False,,,0,1,0.279,0.882
HBAN,Huntington Bancshares Incorpora,Financials,XLF,30831532032.0,2026-10-01,15.1899995803833,-0.004587198391127756,-0.007838068970895784,-0.09121439928081654,-0.0920772118687112,-0.18061237366013727,False,-0.13227750119486292,-0.20269197029639408,-0.023273907966760432,-0.12278180337685318,0.8546127469265238,0.8131955059852659,0.9813806867245263,0.3811482337937636,0.8131955059852659,492924924.5582182,0.8314592053011356,15.988816070556641,16.865131632486978,16.626140721638997,False,False,False,False,False,False,dry_up,1,5,normal,False,False,,False,50.0,분산5일,0.026041347068918447,31.989547540808474,True,False,False,False,False,True,False,,Uptrend Under Pressure,18.09,-0.1604,0.32400438132513576,0.9161407579283121,-0.15205273269943653,-0.10488230438906221,0.3103465722236276,0.21234110169491527,,False,,,0,1,0.279,0.882
ALGN,"Align Technology, Inc.",Health Care,XLV,10325643264.0,2026-10-01,145.34500122070312,-3.443331683750106e-05,-0.0019570394324900375,-0.08674202453793622,-0.08760908325519623,-0.17755699120704493,False,-0.12800720885702888,-0.19971891958711274,-0.053274460326796835,-0.1946367935812251,0.8016380959562484,0.6780069486580494,0.9161343827299501,0.4522411846013517,0.6780069486580494,136751764.78940582,0.7891788176750912,149.73375091552734,163.5152509053548,168.99904225667316,False,False,False,False,False,False,dry_up,2,4,normal,False,False,,False,45.0,분산4일,0.02973219825454866,38.728070868378694,True,False,False,False,False,True,False,,Uptrend Under Pressure,180.08,-0.1929,0.3905281487076353,0.9496588726121497,0.07330864505862023,-0.23032875098557626,0.4218658523363811,0.20852754237288135,,False,,,0,1,0.279,0.882
AM,Antero Midstream Corporation,Energy,XLE,9569427456.0,2026-10-01,20.260000228881836,0.0049603364199708455,-0.04569002987610593,-0.09995557428351776,-0.1008100878888808,-0.12569401087458998,False,-0.1406237098163844,-0.14925346302641618,-0.07102594666081463,-0.15908967121441953,0.8847161819377413,0.9337664115805703,1.0070317208289246,0.39806635644384386,0.9337664115805703,54773392.37419605,0.8157898699486521,21.437500095367433,21.91829096476237,21.670919863382974,False,False,False,False,False,False,weak_rally,1,4,normal,False,False,,False,67.0,분산4일,0.023586230965768392,29.72943733143542,True,False,False,False,False,True,False,,Uptrend Under Pressure,22.95,-0.1172,0.46561894276476945,0.9566614457922488,0.04933925571747744,-0.1268025052650832,0.48447201040800836,0.2027012711864407,,False,,,0,1,0.279,0.882
ASND,Ascendis Pharma A/S,Health Care,XLV,14987424768.0,2026-10-01,227.30999755859375,-0.002282422281006391,-0.014694405871227612,-0.1496389972890262,-0.15044634082177277,-0.11949307638509687,False,-0.18806220787953087,-0.14321962177569647,-0.11847637705953495,-0.13777870114408342,0.838411041798457,0.8696565204599022,0.7859227296077992,0.5248723629779452,0.8696565204599022,224384964.88836974,0.35821667744560115,244.66575241088867,251.40941772460937,244.19312527974446,False,False,False,True,False,False,dry_up,2,3,normal,False,False,,False,11.0,분산3일,0.044011015611247824,37.229108308832664,True,False,False,False,False,True,False,,Uptrend Under Pressure,247.69,-0.0823,0.2679847361822275,0.9496588726121497,0.1353538128883096,-0.0217443414687718,0.6428481081276427,0.20148305084745766,,False,,,0,1,0.279,0.882
CRH,CRH PLC,Materials,XLB,55085555712.0,2026-10-01,81.69999694824219,-0.013285097378897603,-0.026917605536854183,-0.11837705230881601,-0.11921407632905012,-0.19999495316340887,False,-0.15821282096773392,-0.2215522578789123,-0.042684647042330215,-0.14564287601368697,0.7933020440048315,1.006105322936761,1.334300450757148,0.5133411363386507,1.006105322936761,478916096.7228195,0.35338452916496266,87.04400062561035,94.57262992858887,101.81274299621582,False,False,False,False,False,False,distribution,2,6,normal,False,False,,False,68.0,분산6일,0.02892856669271698,30.33987908526524,True,False,False,False,False,True,False,,Uptrend Under Pressure,112.6,-0.2744,0.4066348034320753,0.9085780336452783,-0.33289347485690945,-0.257601054840628,0.08571067182248562,0.20148305084745763,,False,,,0,1,0.279,0.882
HRL,Hormel Foods Corporation,Consumer Staples,XLP,10973995008.0,2026-10-01,19.959999084472656,0.001002936302879398,0.006048333213803492,-0.0947845906985394,-0.09564401370137254,-0.2273517965356021,False,-0.13568637498836011,-0.24817193114079117,-0.042484720161875766,-0.1737670540036269,0.7662187972764378,1.251418555889227,1.110329512414648,0.48364816255794535,1.251418555889227,96494839.46392632,0.6986282758080109,20.545499897003175,23.132645511627196,22.689208984375,False,False,False,False,False,False,accumulation,4,1,normal,False,False,,False,85.0,,0.02170409813503013,29.273855832086028,True,False,False,False,True,True,False,,Uptrend Under Pressure,23.07,-0.1349,0.6555822966519069,0.9096505422560582,-0.18863802303811228,-0.12101649558103922,0.2611904159589462,0.20021186440677968,,False,,,0,1,0.279,0.882
BKNG,Booking Holdings Inc. Common St,Consumer Discretionary,XLY,126235451392.0,2026-10-01,160.27999877929688,-0.01614391273520177,0.018232609430262947,-0.19505472673949775,-0.19581895200207433,-0.1184586053880129,False,-0.23142584635777563,-0.14221302611088893,-0.1521658528176867,-0.05549261331988575,0.7493101553717999,0.7166032710187594,0.8473688840679939,0.49932048787992267,0.7166032710187594,1533523172.521881,0.12093844420757487,170.20409927368163,187.71022237141926,179.05742403666179,False,False,False,False,False,False,dry_up,2,3,normal,False,False,,False,37.0,분산3일,0.03648080880449925,31.44694075703363,True,False,False,False,False,True,False,,Uptrend Under Pressure,212.37,-0.2453,0.3855687493552961,0.8792679914183797,-0.20884341020299424,0.005547596241270103,0.37936196740269595,0.19973516949152542,,False,,,0,1,0.279,0.882
BCE,"BCE, Inc.",Communication Services,XLC,18967574528.0,2026-10-01,19.920000076293945,-0.020648971147648076,-0.06478869531438747,-0.13713712382208354,-0.13795633679223207,-0.08268711357141856,False,-0.17612522640018513,-0.10740544939991525,-0.1205712988075156,-0.06940373837108682,0.8465824511504287,0.9849065633520205,0.9490001637124942,0.17154505855133897,0.9849065633520205,94139088.15205927,0.2959991455078125,22.031561660766602,22.14779456456502,22.67548327445984,False,False,False,False,False,False,dry_up,0,6,normal,False,False,,False,13.0,분산6일,0.02582055842146656,19.88152041863006,True,False,False,False,False,True,False,,Uptrend Under Pressure,23.15,-0.1397,0.41328417094808606,0.9239023508895683,-0.09765198796811736,-0.1984572162155842,0.2908053557876477,0.19872881355932204,,False,,,0,1,0.279,0.882
ALLY,Ally Financial Inc.,Financials,XLF,11443991552.0,2026-10-01,37.650001525878906,0.0007975171410414816,-0.028136295956686985,-0.11744018611001295,-0.11827809960291125,-0.17177172775306904,False,-0.1573182866810683,-0.1940895485086036,-0.05146032537908163,-0.11331720419291891,0.8368526366136817,1.3807913011412458,1.0676193338002855,0.46098132499063993,1.3807913011412458,149352049.25039825,1.0,40.322000122070314,42.63986721038818,43.06778198877971,False,False,False,False,False,False,accumulation,2,5,normal,False,False,,False,79.0,분산5일,0.025055966983814598,23.95753685986982,True,False,False,False,False,True,False,,Uptrend Under Pressure,43.05,-0.1255,0.37095134490808346,0.9161407579283121,-0.04727170170500017,-0.08473849393882293,0.44792652957970436,0.19867584745762715,,False,,,0,1,0.279,0.882
BX,Blackstone Inc.,Financials,XLF,133980921856.0,2026-10-01,112.23999786376953,0.0013382240233708043,-0.042402536127666646,-0.17965215717466398,-0.18043100583234717,-0.09909207662279063,False,-0.21671923553533212,-0.12336835675583457,-0.11832324148115769,-0.03550798368943808,0.7516742054536781,1.344731310270512,1.3769740318766401,0.3627345307507175,1.344731310270512,531425996.1884155,0.5529523507994301,123.8904987335205,130.976895904541,125.17935212453206,False,False,True,True,False,False,accumulation,2,6,normal,False,False,,False,40.0,분산6일,0.03138359579348924,26.104813967934774,True,False,False,False,False,True,False,,Uptrend Under Pressure,136.03,-0.1749,0.45026483199763306,0.9161407579283121,-0.2781045388572003,0.045557589204205495,0.3742329514654331,0.19766949152542376,,False,,,0,1,0.279,0.882
ALL,Allstate Corporation (The),Financials,XLF,56099065856.0,2026-10-01,224.41000366210938,0.01149374851141527,-0.012149467487266308,-0.13468802795181434,-0.13550956612467768,-0.12676211630880974,False,-0.1737867919149979,-0.15029278679931424,-0.0699976097999816,-0.06513091370887769,0.8191050211301862,1.1980609923596606,1.1782477464342243,0.3815909684674451,1.1980609923596606,579570527.7743515,0.8059077842268084,242.99150161743165,252.8254653930664,236.06695111592612,False,False,False,True,False,False,accumulation,2,6,normal,False,False,,False,71.0,분산6일,0.025196224739005034,28.83412545264116,True,False,False,False,False,True,False,,Uptrend Under Pressure,221.64,0.0125,0.3454959326711957,0.9161407579283121,0.0621115534105825,0.09420021458777716,0.69090112392035,0.1970868644067797,,False,,,0,1,0.279,0.882
EVR,Evercore Inc.,Financials,XLF,9902877696.0,2026-10-01,259.0,0.005825242718446644,0.008056697868009888,-0.10284388856670668,-0.10369565996981722,-0.24316684502696795,False,-0.14338151681196165,-0.26356082004633075,-0.03577281377420394,-0.18975123127539617,0.7629706124262384,0.6841595204938392,1.0639613007256115,0.49007068531383674,0.6841595204938392,132159741.00338745,0.945912041961633,271.2560012817383,299.6000559488932,321.66224314371743,False,False,False,False,False,False,weak_rally,2,4,normal,False,False,,False,185.0,분산4일,0.03125759993740951,33.50473679410834,True,False,False,False,False,True,False,,Uptrend Under Pressure,370.97,-0.3018,0.47145218720241516,0.9161407579283121,-0.2560203725621788,-0.18032998669084221,0.178999674749738,0.19459745762711866,,False,,,0,1,0.279,0.882
RCI,"Rogers Communication, Inc.",Communication Services,XLC,16638938112.0,2026-10-01,30.719999313354492,-0.002597400184666032,-0.047737107510969046,-0.15363495837362984,-0.15443850809018722,-0.0813070084170433,False,-0.19187761311341278,-0.10606253319512216,-0.13738586994357094,-0.06800364826408223,0.8162968069494054,1.0116219626285001,1.1397446457122848,0.28921634939039653,1.0116219626285001,42884142.52972861,0.6785709420029882,34.397068405151366,34.52058397928874,34.95575739542643,False,False,False,False,False,False,distribution,1,7,normal,False,False,,False,46.0,분산7일,0.028994600271419334,20.7167040473456,False,False,False,False,False,True,False,,Uptrend Under Pressure,34.41,-0.1074,0.3266131047995506,0.9239023508895683,-0.06663822530835273,-0.173136478468071,0.33845813306349604,0.19417372881355932,,False,,,0,1,0.279,0.882
HLN,Haleon plc,Health Care,XLV,39578554368.0,2026-10-01,8.720000267028809,-0.031111081441243527,-0.0542299333534757,-0.12008068604502109,-0.12091609261375558,-0.13039933651126612,False,-0.15983947671740562,-0.15383199678979553,-0.08783486182923972,-0.14845846926338424,0.8538250895394653,1.2701464491747887,0.9564677210078818,0.4456400306131642,1.2701464491747887,200115530.72205988,0.18867972059178115,9.249499940872193,9.675439087549845,9.436075496673585,False,False,False,False,False,False,distribution,2,4,normal,False,False,,False,45.0,분산4일,0.022362412134124165,28.356299871043717,True,False,False,False,False,True,False,,Uptrend Under Pressure,10.21,-0.1462,0.31646403903764003,0.9496588726121497,-0.006924430350599975,-0.11619941122913102,0.44432438292797516,0.1940148305084746,,False,,,0,1,0.279,0.882
MCD,McDonald's Corporation,Consumer Discretionary,XLY,163422732288.0,2026-10-01,231.8300018310547,0.0038538121600404374,-0.021896896244420816,-0.11159229359557754,-0.11243575915187798,-0.1355422916814455,False,-0.1517346287739072,-0.15883636751956387,-0.06425639713542974,-0.07379653868799074,0.8451379736862189,0.9731919685224869,0.9491965770607504,0.25519949245882223,0.9731919685224869,1473234883.9030159,0.6873077886064408,246.30800094604493,260.24777908325194,270.36902402242026,False,False,False,False,False,False,weak_rally,1,5,normal,False,False,,False,67.0,분산5일,0.021493584959003824,23.868561017946348,True,False,False,False,False,True,False,,Uptrend Under Pressure,267.86,-0.1345,0.29777939016335153,0.8792679914183797,-0.23561012427925754,-0.2608375237033992,0.13817082866538977,0.1919491525423729,,False,,,0,1,0.279,0.882
VIK,Viking Holdings Ltd,Consumer Discretionary,XLY,34985164800.0,2026-10-01,78.19999694824219,-0.0016597073889120795,-0.016599594448540644,-0.08815304337305341,-0.08901876245111606,-0.2395275629296163,False,-0.1293544713890279,-0.2600196037217245,-0.0395682631924712,-0.18520918181527357,0.7223350767150193,0.8542763028853216,1.148455968551121,0.4207613488726937,0.8542763028853216,394182080.1407318,0.7925887831453309,83.05600051879883,93.271000289917,91.10583368937175,False,False,False,True,False,False,dry_up,2,6,normal,False,False,,False,71.0,분산6일,0.033659115740038055,29.59499443847315,True,False,False,False,False,True,False,,Uptrend Under Pressure,100.05,-0.2184,0.40935783626104394,0.8792679914183797,0.18642386154536084,-0.042901532056936476,0.656635105344946,0.19131355932203392,,False,,,0,1,0.279,0.882
SYK,Stryker Corporation,Health Care,XLV,105632186368.0,2026-10-01,272.9599914550781,-0.008823933563682496,0.015104301141777077,-0.12289188313780108,-0.12372462072032275,-0.13588690076826915,False,-0.16252365103096245,-0.15917169061110314,-0.090749079012444,-0.15383207241667163,0.7773580966811404,0.7644639315506944,0.8102398222525935,0.4540864998133944,0.7644639315506944,890978492.0178101,0.2258315809189746,278.1614654541016,312.60750172932944,312.23046798706054,False,False,False,False,False,False,dry_up,0,1,normal,False,False,,False,67.0,,0.024466091417848924,35.80752871877753,True,False,False,False,False,True,False,,Uptrend Under Pressure,330.78,-0.1748,0.37105978232497344,0.9496588726121497,-0.24944363398036185,-0.17111443225027612,0.18769831231252937,0.1902542372881356,,False,,,0,1,0.279,0.882
HD,"Home Depot, Inc. (The)",Consumer Discretionary,XLY,283832713216.0,2026-10-01,282.4599914550781,-0.007135571897009418,-0.033267169088778026,-0.10664811816628905,-0.10749627778551663,-0.16223594853620493,False,-0.1470138538687612,-0.18481072479357108,-0.05904878750299947,-0.10239684745502475,0.8001279596283136,1.534503969809848,1.2225158195129067,0.3995203299428863,1.534503969809848,1513670921.1026092,0.7909750489887888,301.42700347900393,324.22281646728516,323.5271578470866,False,False,False,False,False,False,distribution,2,8,interest,False,False,,False,72.0,분산8일,0.023345897037736478,25.90816904027446,True,False,False,False,False,True,False,,Uptrend Under Pressure,331.83,-0.1488,0.39260293717836886,0.8792679914183797,-0.3012903007777772,-0.16130917291743851,0.16227096960716997,0.18866525423728817,,False,,,0,1,0.279,0.882
ALNY,"Alnylam Pharmaceuticals, Inc.",Health Care,XLV,33016064000.0,2026-10-01,231.17999267578125,-0.0630623833629359,-0.07376098374225792,-0.13545251326641605,-0.13627332562721506,-0.1550142632488527,False,-0.1745167342764976,-0.17778363836645672,-0.1037700102899749,-0.17256221397420646,0.8015671777689906,1.4418992474153387,0.8700780497929765,0.5374462185151359,1.4418992474153387,347811475.5242157,0.05173185420638472,249.64849929809571,249.08549957275392,274.5794166564941,False,False,False,False,False,False,distribution,0,2,normal,False,False,,False,20.0,,0.04023767205858464,39.518216374644496,True,False,False,False,False,True,False,,Uptrend Under Pressure,267.4,-0.1355,0.7140232487254244,0.9496588726121497,-0.5318951687768569,-0.3576920360674719,0.021051823208413138,0.1857521186440678,,False,,,0,1,0.279,0.882
BIDU,"Baidu, Inc.",Communication Services,XLC,29578967040.0,2026-10-01,85.58999633789062,-0.014734734295168028,-0.028269816546326987,-0.0927496326018582,-0.09361098761974551,-0.22316662177078161,False,-0.13374336563255762,-0.2440995320241366,-0.07533162651345948,-0.21191749469121424,0.757031648559282,0.8565703135687082,0.8302397462915486,0.508579109930204,0.8565703135687082,233036704.25177306,0.09981384854040333,90.41950035095215,99.7551668802897,112.19791673024496,False,False,False,False,False,False,dry_up,1,1,normal,False,False,,False,97.0,,0.022895691338316045,32.12876960889744,True,False,False,False,False,True,False,,Uptrend Under Pressure,150.5,-0.4313,0.41245948746129596,0.9239023508895683,-0.37562534200247777,-0.2727119860515773,0.06931986556322503,0.18490466101694913,,False,,,0,1,0.279,0.882
FSLR,"First Solar, Inc.",Information Technology,XLK,18824409088.0,2026-10-01,172.11000061035156,-0.017412668348885108,-0.0002904452294039128,-0.15049360599518258,-0.15130013815157284,-0.19583541475998623,False,-0.1888782014443714,-0.2175048043144454,-0.21243828501178308,-0.24989935464816004,0.6883023335725637,1.0177828363327128,0.9837105253013435,0.7317377678438418,1.0177828363327128,478753252.5885361,0.5707313805372092,194.08100051879882,209.54900054931642,223.87725168863932,False,False,False,False,False,False,distribution,1,4,normal,False,False,,False,36.0,분산4일,0.05310557461593674,34.11512302715994,True,False,False,False,False,True,False,,Uptrend Under Pressure,240.91,-0.2856,0.2852121910017727,1.0,-0.21479992794602354,-0.14107747347231514,0.23061689133027358,0.1840572033898305,,False,,,0,1,0.279,0.882
PAYX,"Paychex, Inc.",Industrials,XLI,35064078336.0,2026-10-01,100.83999633789062,0.023756307998889614,-0.007382616665379982,-0.18677422308152725,-0.1875463099594119,-0.10211451656764303,False,-0.22351949383659453,-0.12630935264088616,-0.16904335549282845,-0.02682816193180171,0.7918957062816029,1.1347952301529538,1.0390042039903808,0.3175738660607708,1.1347952301529538,403392766.80145264,0.8150923732009754,111.52850036621093,116.00533866882324,105.35162251790365,False,False,True,True,False,False,accumulation,2,6,normal,False,False,,False,46.0,분산6일,0.0317121878144553,27.35874904766429,True,False,False,False,False,True,False,,Uptrend Under Pressure,118.87,-0.1517,0.26406493919177493,0.9066175754014075,-0.10248152381268372,0.21344049351239391,0.5748789346246973,0.18262711864406783,,False,,,0,1,0.279,0.882
ALB,Albemarle Corporation,Materials,XLB,12482574336.0,2026-10-01,105.02999877929688,-0.0070901872627624485,-0.02974596970626442,-0.23496308270294786,-0.2356894184656687,-0.12438110574607741,False,-0.2695309597447014,-0.14797593604461645,-0.1692802592924174,-0.06489184891897104,0.7356638319202352,0.7268174538432486,0.7573947822364154,0.4663730518651666,0.7268174538432486,308836559.2860397,0.7357429054082733,115.11572341918945,122.72256660461426,147.3339988072713,False,False,False,False,False,False,dry_up,1,1,normal,False,False,,False,37.0,,0.040461220725553866,33.4325670815015,True,False,False,False,False,True,False,,Uptrend Under Pressure,130.77,-0.1968,0.3382472639017476,0.9085780336452783,0.46158146892349317,-0.3467749005945444,0.5453398865237975,0.1823093220338983,,False,,,0,1,0.279,0.882
SBAC,SBA Communications Corporation,Real Estate,XLRE,16986827776.0,2026-10-01,158.02000427246094,-0.01311510684964512,-0.04875987889966238,-0.1523441378362559,-0.15314891307422052,-0.12778532723189628,False,-0.19064511776873216,-0.15128842580926793,-0.09639671971527408,-0.019343249903611248,0.8250835460908715,0.6766843740136625,0.873206820099203,0.29999009542478944,0.6766843740136625,171539965.57808456,0.1593867661100002,176.42649993896484,180.30368169148764,191.14152297973632,False,False,False,False,False,False,dry_up,0,3,normal,False,False,,False,45.0,분산3일,0.029076335368514422,22.02035573706955,True,False,False,False,False,True,False,,Uptrend Under Pressure,185.01,-0.1459,0.4541551763975733,0.8915978830104153,-0.1314224412594659,-0.04354330976171639,0.39416717863467166,0.18204449152542376,,False,,,0,1,0.279,0.882
MS,Morgan Stanley,Financials,XLF,295392116736.0,2026-10-01,188.00999450683594,-0.00037222098860689723,-0.04232891456477472,-0.11240681708096822,-0.11324950931832989,-0.15567868478532865,False,-0.15251234835212157,-0.17843015609397805,-0.04605066345485054,-0.09608834976976888,0.860930443736029,1.736850987796704,1.0990388588934679,0.2217989976532958,1.736850987796704,1100839781.4856315,0.9892450183351518,203.7345001220703,211.32184600830078,206.38733622233073,False,False,False,True,False,False,distribution,0,5,interest,False,False,,False,55.0,분산5일,0.02700842960381165,24.632380188264193,True,False,False,False,False,True,False,,Uptrend Under Pressure,227.3,-0.1729,0.3670760163989511,0.9161407579283121,0.17758120082173035,0.10148188410767656,0.7635819088576488,0.18103813559322032,,False,,,0,1,0.279,0.882
BG,Bunge Limited,Consumer Staples,XLP,20547139584.0,2026-10-01,106.61000061035156,-0.003179021482863309,-0.03266489886604396,-0.13226436528790686,-0.13308820451687553,-0.15487566706389877,False,-0.17147264144725027,-0.1776487768581817,-0.08212993221355935,-0.09626455584298865,0.8556866822696025,1.4517264635474953,0.8810164358045095,0.42476954105319475,1.4517264635474953,234130737.00904846,0.8031256705528932,115.61450004577637,114.37422218322754,117.30113608042399,False,False,True,False,False,False,distribution,0,3,normal,False,False,,False,14.0,분산3일,0.034886821464440124,34.71554316063623,True,False,False,False,False,True,False,,Uptrend Under Pressure,122.41,-0.1291,0.4230301326075505,0.9096505422560582,0.32520717421769874,-0.18074084048928907,0.5856149036897835,0.17579449152542376,,False,,,0,1,0.279,0.882
AXON,"Axon Enterprise, Inc.",Industrials,XLI,34324432896.0,2026-10-01,422.2099914550781,-0.0007336873204919492,-0.05121350234813904,-0.1672058418365059,-0.16799650718399817,-0.16168364086666576,False,-0.20483530181367504,-0.18427329986105478,-0.14904832228149167,-0.0913920681936411,0.6538592743156656,0.7780106082441038,0.8862351564309847,0.541094179510258,0.7780106082441038,486777210.4713806,0.5993084800792718,461.7769973754883,532.2238342285157,485.16166763305665,False,False,False,True,False,False,dry_up,1,2,normal,False,False,,False,33.0,,0.05051988882959473,33.017034042291144,True,False,False,False,False,True,False,,Uptrend Under Pressure,612.83,-0.311,0.4791715591839872,0.9066175754014075,-0.37359782529081365,0.049806839192455765,0.34073036753279606,0.1749470338983051,,False,,,0,1,0.279,0.882
FTI,TechnipFMC plc,Energy,XLE,26635804672.0,2026-10-01,68.8499984741211,0.0136925843676039,-0.029598288434783626,-0.13581021643655267,-0.13663068918942034,-0.10477893781109837,False,-0.1748582747766727,-0.12890197716147989,-0.1080330446442459,-0.13897348628013972,0.859765196051998,0.710035872827826,0.7891963759022963,0.32562524451946706,0.710035872827826,220755783.944326,0.9058804521974841,73.23699913024902,73.95044631958008,72.12989304860433,False,False,True,False,False,False,weak_rally,0,2,normal,False,False,,False,154.0,,0.02955701434232805,34.814643526610624,True,False,False,False,False,True,False,,Uptrend Under Pressure,63.36,0.0867,0.44523370175347426,0.9566614457922488,0.727293696022083,-0.036070510295067915,0.7828313035307723,0.17341101694915254,,False,,,0,1,0.279,0.882
F,Ford Motor Company,Consumer Discretionary,XLY,48090406912.0,2026-10-01,12.270000457763672,0.01741293788061471,-0.02619046934247493,-0.13224892787517795,-0.1330727817606222,-0.1606333866159858,False,-0.17145790156763763,-0.18325134624547745,-0.08601365255375437,-0.10067981909933921,0.8117073867482654,0.9383464623380194,0.8753184120296122,0.4375608027916765,0.9383464623380194,639632529.5261806,0.9480532670137874,13.269500064849854,13.809720834096273,13.649938591321309,False,False,False,True,False,False,weak_rally,0,4,normal,False,False,,False,45.0,분산4일,0.029427191626551056,33.69526838646425,True,False,False,False,False,True,False,,Uptrend Under Pressure,15.12,-0.1883,0.3363289667884286,0.8792679914183797,0.05044695212664774,0.040554857759423246,0.6486791225470709,0.17277542372881355,,False,,,0,1,0.279,0.882
GS,"Goldman Sachs Group, Inc. (The)",Financials,XLF,262159073280.0,2026-10-01,896.6699829101562,-0.004098363434005159,-0.02883167341863979,-0.10727584260899559,-0.10812340625866734,-0.19930499677857416,False,-0.1476132148418613,-0.22088089337682548,-0.04053609913916789,-0.14279371058047774,0.8384151731778203,1.1843860364662144,0.9331510907608046,0.36114477743674284,1.1843860364662144,2054121645.095636,0.7690789158358896,966.0450042724609,1016.9240895589193,1000.2510147094727,False,False,False,True,False,False,distribution,0,5,normal,False,False,,False,56.0,분산5일,0.029760513810520885,29.818987688103604,True,False,False,False,False,True,False,,Uptrend Under Pressure,1134.44,-0.2096,0.36754987732429883,0.9161407579283121,0.11338162697478515,0.009231772766058688,0.658860359220845,0.17261652542372882,,False,,,0,1,0.279,0.882
FNF,"Fidelity National Financial, In",Financials,XLF,10365652992.0,2026-10-01,39.11000061035156,0.011901657601867122,-0.041891207674101816,-0.14287871206734615,-0.14369247390071538,-0.23053906250030554,False,-0.18160738335265736,-0.2512733115677944,-0.07880062657413722,-0.1762322077274452,0.7316425371576598,1.3112210314648869,1.143038911950888,0.5745848640516734,1.3112210314648869,129920769.79705887,0.7500014449614195,42.5800048828125,46.85049508412679,47.265026887257896,False,False,False,False,False,False,accumulation,4,3,normal,False,False,,False,67.0,분산3일,0.030018835930799192,24.202947180614004,True,False,False,False,False,True,False,,Uptrend Under Pressure,46.15,-0.1526,0.3667351902586677,0.9161407579283121,-0.29372975352574526,-0.13531207227040687,0.18857468107404865,0.1721398305084746,,False,,,0,1,0.279,0.882
KMB,Kimberly-Clark Corporation,Consumer Staples,XLP,32340948992.0,2026-10-01,94.33999633789062,-0.03171511811153105,-0.029623584104617295,-0.12643387455065358,-0.1272632493215563,-0.14429868166519588,False,-0.16590559902515867,-0.16735680378297957,-0.07596257810921103,-0.08495403474613394,0.843318092407722,1.2502426602876122,0.808722809104176,0.31718126286317383,1.2502426602876122,476081109.769252,0.06630785365177988,99.0669994354248,105.14703114827473,101.84495779673259,False,False,False,True,False,False,distribution,0,2,normal,False,False,,False,67.0,,0.020922360076658562,28.708552936557126,True,False,False,False,False,True,False,,Uptrend Under Pressure,108.07,-0.1271,0.39314067373408257,0.9096505422560582,-0.22414899850338577,-0.04551287241884383,0.3208304723356583,0.17208686440677967,,False,,,0,1,0.279,0.882
CLX,Clorox Company (The),Consumer Staples,XLP,9796621312.0,2026-10-01,80.6500015258789,-0.0044439032324201655,-0.014058697835882206,-0.1444785785742282,-0.14529082147402272,-0.16850723773914456,False,-0.18313496055239264,-0.19091302494720253,-0.09504983584387816,-0.1108415039897207,0.7474513474083286,1.164551586476029,0.9386529815195088,0.49892962809329877,1.164551586476029,274527706.01527214,0.8095234250744775,86.03900032043457,95.44152323404948,94.61356118520101,False,False,False,False,False,False,distribution,1,2,normal,False,False,,False,41.0,,0.029678513091509665,30.026986508987378,True,False,False,False,False,True,False,,Uptrend Under Pressure,103.46,-0.2205,0.36155675416011873,0.9096505422560582,-0.3008254415417605,-0.19926312773353239,0.13495265801741896,0.17023305084745763,,False,,,0,1,0.279,0.882
COO,"The Cooper Companies, Inc.",Health Care,XLV,10749478912.0,2026-10-01,57.40999984741211,0.015566974829610558,0.03665580968118909,-0.17668152755504563,-0.1774631965662069,-0.20531952860503688,False,-0.2138828325877945,-0.2267333548565862,-0.14650991714143002,-0.22182278203042183,0.747331425090856,0.8064046153392007,0.8535405841170527,0.6632594127583374,0.8064046153392007,318514525.7781271,0.9125002980235081,57.701499938964844,67.8613333384196,66.57641655604044,False,False,False,False,False,False,weak_rally,2,1,normal,False,False,,False,81.0,,0.027757729636313556,39.05079098085894,True,False,False,False,False,True,False,,Uptrend Under Pressure,67.34,-0.1475,0.2449936669713414,0.9496588726121497,-0.12357293110793377,-0.16789023426666994,0.28405460590509923,0.16816737288135597,,False,,,0,1,0.279,0.882
CX,"Cemex, S.A.B. de C.V. Sponsored",Materials,XLB,13722478592.0,2026-10-01,9.399999618530273,-0.01156683572072803,-0.01156683572072803,-0.10888774854841654,-0.10973378183412352,-0.2766889797184201,False,-0.14915228747735,-0.29617965184598816,-0.032380631927365844,-0.22754746925790104,0.7690022458522419,0.5232161325469311,0.959952584169774,0.4176841997124437,0.5232161325469311,72661677.69318667,0.6060572782706701,10.161298370361328,11.119758733113606,11.778375347455343,False,False,False,False,False,False,dry_up,2,5,normal,False,False,,False,54.0,분산5일,0.029475166375651205,30.04520039695136,True,False,False,False,False,True,False,,Uptrend Under Pressure,13.06,-0.2803,0.29637284767242256,0.9085780336452783,0.012751984931003157,-0.2246019468492808,0.3779209280474143,0.16784957627118643,,False,,,0,1,0.279,0.882
CMCSA,Comcast Corporation,Communication Services,XLC,77218332672.0,2026-10-01,21.700000762939453,-0.0027573283690845996,-0.019430565482780326,-0.19060047761262833,-0.19136893179588033,-0.09963928938992128,False,-0.22717286063748154,-0.12390082407553105,-0.17506107821913852,-0.08660139434711345,0.797794123318781,0.6227150972692584,0.9366489479045862,0.28505018336341614,0.6227150972692584,752171914.2430735,0.36585751635203156,23.594999980926513,24.52533337275187,24.788097270329793,False,False,False,False,False,False,dry_up,3,5,normal,False,False,,False,111.0,분산5일,0.029690567539790318,27.905098121722972,True,False,False,False,False,True,False,,Uptrend Under Pressure,31.21,-0.3048,0.4508756170140417,0.9239023508895683,-0.18784690034595852,-0.18463205187016984,0.20780871670702178,0.16276483050847457,,False,,,0,1,0.279,0.882
CPNG,"Coupang, Inc.",Consumer Discretionary,XLY,24897540096.0,2026-10-01,13.800000190734863,-0.005046841773740707,-0.005763683216603255,-0.1358797770826632,-0.13670018379377025,-0.1383830713135814,False,-0.17492469235372676,-0.16160059819441286,-0.089837959675786,-0.07684022712154837,0.8224076058422154,0.8321763133898289,0.8864660480135095,0.2758857322274343,0.8321763133898289,236565207.4215067,0.5833339956077958,14.482000017166138,15.770000123977661,16.85791670481364,False,False,False,False,False,False,dry_up,1,2,normal,False,False,,False,73.0,,0.030947200078884466,32.12940396554984,True,False,False,False,False,True,False,,Uptrend Under Pressure,18.83,-0.2671,0.4773324533830532,0.8792679914183797,-0.574421269432333,-0.2835442739811612,0.033938961367496655,0.16260593220338984,,False,,,0,1,0.279,0.882
NRG,"NRG Energy, Inc.",Utilities,XLU,20106633216.0,2026-10-01,96.93000030517578,0.013382109345294158,-0.009402127575797836,-0.12746418669099502,-0.12829258327047,-0.32185081364444534,False,-0.1668893569371006,-0.3401245341798904,-0.0685649571598077,-0.2015012080953298,0.6802857767963001,0.9236734655090278,0.9930641738011639,0.5185286043440015,0.9236734655090278,301694518.1722065,0.7535769561061758,105.72150001525878,118.51750450134277,130.03055229187012,False,False,False,False,False,False,weak_rally,0,4,normal,False,False,,False,67.0,분산4일,0.037910284882789545,33.488282404245496,True,False,False,False,False,True,False,,Uptrend Under Pressure,148.83,-0.3487,0.5090312339179834,0.8486957529206396,-0.40627501180889913,-0.3690827381432117,0.03982599110982617,0.16080508474576272,,False,,,0,1,0.279,0.882
NBIX,"Neurocrine Biosciences, Inc.",Health Care,XLV,14417920000.0,2026-10-01,140.7100067138672,-0.00796665012125053,0.012739342459759717,-0.10824505544716745,-0.10909169891386483,-0.20484480601314148,False,-0.14853863419835966,-0.22627142435845216,-0.0755654986633102,-0.22135791807671212,0.7585445105868851,1.530720048536831,1.2231171862931611,0.4416407506040189,1.530720048536831,189457777.28462753,0.26634498862057754,147.8115020751953,159.2788340250651,155.8819169362386,False,False,False,True,False,False,distribution,2,7,interest,False,False,,False,44.0,분산7일,0.027533842738323624,35.70555565047671,True,False,False,False,False,True,False,,Uptrend Under Pressure,185.5,-0.2415,0.45362031231332695,0.9496588726121497,-0.03147978224932424,0.014556299428552633,0.5554108994976691,0.1583156779661017,,False,,,0,1,0.279,0.882
BWXT,"BWX Technologies, Inc.",Industrials,XLI,12552211456.0,2026-10-01,136.7899932861328,-0.0015328957216582673,-0.013628493578500933,-0.12128223231763924,-0.12211649812308667,-0.23673944871889385,False,-0.16098673161810073,-0.25730661932156984,-0.10212343431980486,-0.17274119325803905,0.775488989163601,1.1675202110155896,1.2237035241844485,0.5121810006072373,1.1675202110155896,165844489.37584153,0.6785792141261104,146.47099990844725,160.4828020731608,182.62090504964192,False,False,False,False,False,False,distribution,2,4,normal,False,False,,False,72.0,분산4일,0.03257851142396573,32.3328844649332,True,False,False,False,False,True,False,,Uptrend Under Pressure,205.08,-0.333,0.5147987831324158,0.9066175754014075,-0.23572391050433927,-0.346859512590202,0.11634472913880958,0.15805084745762712,,False,,,0,1,0.279,0.882
MOH,Molina Healthcare Inc,Health Care,XLV,9871020032.0,2026-10-01,180.85000610351562,-0.04362770879808353,-0.06445601165196546,-0.10744245157582277,-0.10828985704482597,-0.2040815248750163,False,-0.14777229565135497,-0.22552871094567228,-0.07473348229591081,-0.220610488117156,0.8448171155037617,1.724677883681693,1.1376927117319022,0.4288407096448054,1.724677883681693,119003558.58814391,0.10826206284940892,196.9655014038086,203.89499994913737,196.88274993896485,False,False,False,True,False,False,distribution,0,6,interest,False,False,,False,67.0,분산6일,0.037130202937126655,33.2274005998255,True,False,False,False,False,True,False,,Uptrend Under Pressure,229.74,-0.2128,0.3813898759366723,0.9496588726121497,-0.0796523292487259,0.28266731058220973,0.610634780094684,0.15646186440677967,,False,,,0,1,0.279,0.882
LULU,lululemon athletica inc.,Consumer Discretionary,XLY,10649197568.0,2026-10-01,95.86000061035156,-0.0034307290017557834,-0.056867363380617486,-0.2016323739985506,-0.20239035435930508,-0.17484909131342619,False,-0.2377062853429085,-0.19708398801210214,-0.15909396847920998,-0.11591091111119589,0.7455280700361556,0.6877114527775644,0.6029539529201796,0.5330890118889052,0.6877114527775644,811667912.7116371,0.003268666428975693,100.64950103759766,113.09166730244955,121.1109167098999,False,False,False,False,False,False,dry_up,0,1,normal,False,False,,False,196.0,,0.03654138520706094,35.61908752353828,True,False,False,False,False,True,False,,Uptrend Under Pressure,215.11,-0.5544,0.27862312210622353,0.8792679914183797,-0.42480970328237533,-0.3625332048681794,0.03555617794803224,0.15328389830508476,,False,,,0,1,0.279,0.882
STZ,"Constellation Brands, Inc.",Consumer Staples,XLP,19311138816.0,2026-10-01,112.98999786376953,-0.0006191375936297483,-0.01068208764979306,-0.12647860431219138,-0.12730793661609063,-0.15859396447147533,False,-0.16594830769090096,-0.18126687931004537,-0.07600989218461884,-0.10024072482568691,0.8118264392137086,0.8793511053345068,0.7074339674417421,0.2596976677932099,0.8793511053345068,276343732.033968,0.5622110418490509,119.56299858093261,128.0363394419352,136.61224994659423,False,False,False,False,False,False,dry_up,0,2,normal,False,False,,False,120.0,,0.021727588659169555,24.73467135283576,True,False,False,False,False,True,False,,Uptrend Under Pressure,163.76,-0.31,0.374812945617319,0.9096505422560582,-0.1341146142481615,-0.24741160716178856,0.21871905605146183,0.15259533898305086,,False,,,0,1,0.279,0.882
DKNG,DraftKings Inc.,Consumer Discretionary,XLY,9432627200.0,2026-10-01,19.350000381469727,0.018421072708932895,-0.09026798471897235,-0.20074344844233982,-0.20150227276030386,-0.172878747659713,False,-0.2368575255207056,-0.19516673814661623,-0.15815767943460723,-0.11379983141986794,0.7393962676751344,1.0243995377849737,1.3138594733317868,0.5238277794030546,1.0243995377849737,302782992.98826087,0.9580789896922289,22.48149995803833,23.865750058492026,24.446041711171468,False,False,False,False,False,False,accumulation,4,6,normal,False,False,,False,23.0,분산6일,0.06188225298522585,30.196254521831136,True,False,False,False,False,True,False,,Uptrend Under Pressure,25.26,-0.234,0.37600980579167453,0.8792679914183797,-0.45641845721992136,-0.09251122093891873,0.18572332044378592,0.15259533898305083,,False,,,0,1,0.279,0.882
ELAN,Elanco Animal Health Incorporat,Health Care,XLV,11186532352.0,2026-10-01,21.770000457763672,-0.027690886502275136,-0.02595077914123567,-0.11790923060895742,-0.11874669878505295,-0.16161029450202824,False,-0.1577661375981082,-0.18420192992136408,-0.08558383049437124,-0.17902126441648847,0.8227513685190871,1.0449920131239379,1.0565184422251823,0.37523637841495144,1.0449920131239379,128415195.86194515,0.17045427452408354,22.92250003814697,24.064333343505858,23.657749954859415,False,False,False,False,False,False,distribution,2,5,normal,False,False,,False,40.0,분산5일,0.03185902342099911,34.25861025259874,True,False,False,False,False,True,False,,Uptrend Under Pressure,26.22,-0.1697,0.6885898200906246,0.9496588726121497,0.02967181460212509,-0.11275179902996879,0.48204799248310504,0.15158898305084748,,False,,,0,1,0.279,0.882
JEF,Jefferies Financial Group Inc.,Financials,XLF,9301115904.0,2026-10-01,45.25,-0.010496381960227175,-0.021410070123933922,-0.14461250104381362,-0.14542461679591523,-0.20506668906582948,False,-0.1832628317905184,-0.22648732844813635,-0.08066403300361336,-0.14896205039334565,0.7965087421114718,1.1131068582139485,1.193766426329147,0.47482122051688297,1.1131068582139485,124789118.51885681,0.5769229358471188,49.458499908447266,52.632720629374184,52.35641762415568,False,False,False,True,False,False,distribution,1,6,normal,False,False,,False,41.0,분산6일,0.03999998819762172,28.69864689049949,True,False,False,False,False,True,False,,Uptrend Under Pressure,55.3,-0.1818,0.29722707962506983,0.9161407579283121,-0.2900516650687347,0.09457030198375005,0.3951628058255936,0.14941737288135595,,False,,,0,1,0.279,0.882
CASY,"Caseys General Stores, Inc.",Consumer Staples,XLP,22488784896.0,2026-10-01,619.5,0.018144130474754272,0.0344828007947362,-0.17793498066182067,-0.17871545962868773,-0.29382566626445616,False,-0.21507964893378972,-0.312854565338032,-0.1304392203794318,-0.24485102335939202,0.7083285209497625,0.8545903702437736,0.776284511287541,0.6198306756865587,0.8545903702437736,500671531.65649414,0.8793486393656068,626.0855041503906,765.7584197998046,788.8574305216472,False,False,False,False,False,False,weak_rally,2,2,normal,False,False,,False,78.0,,0.028684398150149892,37.3233347794164,True,False,False,False,False,True,False,,Uptrend Under Pressure,914.91,-0.3229,0.2676811646927422,0.9096505422560582,0.18069648405092953,-0.10615383267187561,0.5873351161866214,0.14761652542372883,,False,,,0,1,0.279,0.882
FIS,Fidelity National Information S,Financials,XLF,17005324288.0,2026-10-01,33.099998474121094,0.006078934315090212,-0.05401552196863224,-0.2003234845646713,-0.20108270760167313,-0.194013680634611,False,-0.2364565375373463,-0.2157321594764524,-0.14053995002363862,-0.13712894502097783,0.7152842592166679,1.0501003991174793,1.0904893527355661,0.5349549566689814,1.0501003991174793,235124739.2734909,0.12359198998748436,36.46667060852051,39.96275545756022,40.981568876902266,False,False,False,False,False,False,accumulation,2,5,normal,False,False,,False,42.0,분산5일,0.031894698479366435,25.52915173318307,True,False,False,False,False,True,False,,Uptrend Under Pressure,44.27,-0.2523,0.43728826098794843,0.9161407579283121,-0.44880762273451535,-0.21564234204028865,0.07980737956705578,0.14719279661016949,,False,,,0,1,0.279,0.882
O,Realty Income Corporation,Real Estate,XLRE,51379638272.0,2026-10-01,53.529998779296875,-0.01418048745087519,-0.029139779463415283,-0.12527863005427708,-0.12610910162897226,-0.18574800704677608,False,-0.16480255377407482,-0.20768921653877592,-0.06754482037025022,-0.08451240491649659,0.8254956773826163,1.2764739188312488,1.1818968431932517,0.1597778742387373,1.2764739188312488,499466048.864061,0.20261089340784197,57.260866355896,60.89025853474935,60.998686186472575,False,False,False,False,False,False,distribution,1,9,normal,False,False,,False,149.0,분산9일,0.01681764982717713,12.594350108588259,True,False,False,False,False,True,False,,Uptrend Under Pressure,64.96,-0.1759,0.34831726357341286,0.8915978830104153,-0.07674928113986645,-0.1307020151668331,0.36403274185970874,0.14613347457627118,,False,,,0,1,0.279,0.882
NLY,Annaly Capital Management Inc.,Financials,XLF,14237665280.0,2026-10-01,18.700000762939453,-0.010058159494335528,-0.05744378875028011,-0.1450172079027724,-0.1458289394210437,-0.1548515012566838,False,-0.18364925213725525,-0.17762526223394604,-0.08109899560475609,-0.09520278545326144,0.817887913774693,1.8801313193975853,1.5198479824081723,0.26808663510671094,1.8801313193975853,241781641.04488716,0.5761221079864713,20.53360061645508,21.582547760009767,21.160332997639973,False,False,False,False,False,False,distribution,3,7,interest,False,False,,False,47.0,분산7일,0.023988442404572444,16.895603746648675,True,False,False,False,False,True,False,,Uptrend Under Pressure,21.74,-0.1397,0.28518841599249395,0.9161407579283121,0.06992496074145516,-0.050817940457304034,0.5788451808752846,0.14359110169491526,,False,,,0,1,0.279,0.882
AGNC,AGNC Investment Corp.,Financials,XLF,10752316416.0,2026-10-01,8.949999809265137,-0.013230417816613604,-0.05768059066544251,-0.14641125460447435,-0.14722166259710723,-0.15631738155246055,False,-0.18498030941467525,-0.17905164224364667,-0.08259726074670781,-0.09677212434512483,0.8272583862037378,1.219268885256904,1.0885745379083567,0.21666500647330902,1.219268885256904,405854824.93368983,0.4,9.819788789749145,10.330064725875854,10.193226472536724,False,False,False,True,False,False,distribution,0,6,normal,False,False,,False,17.0,분산6일,0.02495801565800984,18.234466762744844,True,False,False,False,False,True,False,,Uptrend Under Pressure,10.54,-0.1512,0.3165583394506362,0.9161407579283121,0.0621551829552931,-0.040583914467936966,0.5843373929384554,0.13797669491525424,,False,,,0,1,0.279,0.882
JBS,JBS N.V.,Consumer Staples,XLP,37136916480.0,2026-10-01,10.859999656677246,-0.03808682963938692,-0.0440140858372392,-0.19793207627225196,-0.1986935697426494,-0.13485712622546187,False,-0.23417318404063658,-0.15816966484775075,-0.15159167139012275,-0.07485768801189985,0.7599719864008311,1.7054088492248796,1.0782091278651111,0.2166687734494835,1.7054088492248796,62880849.330839396,0.3875966241431723,12.06749997138977,12.805499935150147,13.156766406695048,False,False,False,False,False,False,distribution,1,5,interest,False,False,,False,45.0,분산5일,0.03173508201229302,21.738409518214823,True,False,False,False,False,True,False,,Uptrend Under Pressure,14.23,-0.2368,0.6065859395652321,0.9096505422560582,-0.15856035706582527,-0.314197190343111,0.17663980340428606,0.1354343220338983,,False,,,0,1,0.279,0.882
TU,Telus Corporation,Communication Services,XLC,13214251008.0,2026-10-01,8.1899995803833,-0.023837992223519455,-0.038732495264089395,-0.13171790164142605,-0.13254225968991906,-0.20577940116590931,False,-0.1709508695348705,-0.22718083547947743,-0.11504803473464276,-0.1942784941556307,0.746582113855064,1.0148917770713204,1.1673202783365284,0.43038604889647003,1.0148917770713204,61986641.35335169,0.12727190758741708,8.83981113433838,9.525148852666218,10.580356327692668,False,False,False,False,False,False,distribution,1,7,normal,False,False,,False,45.0,분산7일,0.024812492698352666,26.605498240726703,True,False,False,False,False,True,False,,Uptrend Under Pressure,10.97,-0.2534,0.5593387744489499,0.9239023508895683,-0.44346291928737835,-0.3456652290772604,0.036595171840555094,0.13225635593220342,,False,,,0,1,0.279,0.882
TXRH,"Texas Roadhouse, Inc.",Consumer Discretionary,XLY,10262302720.0,2026-10-01,156.6999969482422,0.002302677617911142,-0.030021702333003164,-0.17906541837923018,-0.17984482409417535,-0.19809752619622523,False,-0.2161590082899656,-0.21970595985331332,-0.135324606501957,-0.14081991550936201,0.7341009583959293,0.8712791237183706,1.113929986020136,0.47338520798370065,0.8712791237183706,200533935.23628768,0.851995849609375,170.23599853515626,190.12513936360676,180.83620834350586,False,False,False,False,False,False,weak_rally,2,6,normal,False,False,,False,64.0,분산6일,0.029501329993584183,16.65093818292509,True,False,False,False,False,True,False,,Uptrend Under Pressure,190.75,-0.1785,0.3622037343514366,0.8792679914183797,0.016653876841425275,0.022432179433786947,0.6114280293448014,0.13215042372881358,,False,,,0,1,0.279,0.882
BBIO,"BridgeBio Pharma, Inc.",Health Care,XLV,12863439872.0,2026-10-01,66.91000366210938,0.016869309405326938,0.009505203597096168,-0.1253594292534722,-0.1261898241163819,-0.21006793070921115,False,-0.1648797020948356,-0.23135380432911612,-0.09330705166726305,-0.2264725733267161,0.7821157367069733,1.2037165714479077,1.0207103752426163,0.40179562707763816,1.2037165714479077,201885834.84495392,0.8353247509969227,69.38400077819824,77.75216687520346,73.97770853042603,False,False,False,False,False,False,accumulation,4,4,normal,False,False,,False,59.0,분산4일,0.038431136463548676,36.095544919054696,True,False,False,False,False,True,False,,Uptrend Under Pressure,90.17,-0.258,0.2581755716304814,0.9496588726121497,0.2786021081065808,-0.11763685359031295,0.6230132629829063,0.12865466101694917,,False,,,0,1,0.279,0.882
GIS,"General Mills, Inc.",Consumer Staples,XLP,17195538432.0,2026-10-01,31.670000076293945,-0.015236311363278632,-0.0907264309111595,-0.21956632214693939,-0.22030727578961995,-0.16266714351415124,False,-0.2548298954534194,-0.18523030059290346,-0.17447586092106948,-0.10459638721500075,0.7622142155912693,1.59320300744778,1.1252971200213493,0.3969765151103011,1.59320300744778,381676849.1504137,0.4656206828498125,35.66899995803833,37.219833342234296,35.54870850245158,False,False,False,False,False,False,distribution,2,7,interest,False,False,,False,63.0,분산7일,0.032958423336015126,23.428077699101067,True,False,False,False,False,True,False,,Uptrend Under Pressure,36.93,-0.1424,0.3780493259764572,0.9096505422560582,-0.24919747535884207,-0.019940790656233665,0.3357955982797875,0.12330508474576271,,False,,,0,1,0.279,0.882
RTO,Rentokil Initial plc,Industrials,XLI,9939147776.0,2026-10-01,19.799999237060547,0.0025316069397745,-0.03649635171992738,-0.1794446777580614,-0.180223723399337,-0.34705060678352806,False,-0.21652113099045112,-0.3646452820784275,-0.1615540031375341,-0.2923017769115548,0.6790947655239807,1.562710618250312,1.3876270983983445,0.5415869229038468,1.562710618250312,46106938.9279438,0.6288643576543875,21.68149995803833,24.501643880208334,27.818601195017497,False,False,False,False,False,False,accumulation,5,5,interest,True,False,surge,False,140.0,분산5일,0.024007919267791673,17.662862258571323,False,False,False,False,False,True,False,,Uptrend Under Pressure,31.89,-0.3792,0.8606566321597754,0.9066175754014075,-0.14710439521053675,-0.3345026901935235,0.18007842145206174,0.12113347457627119,,False,,,0,1,0.279,0.882
AMRZ,Amrize Ltd,Materials,XLB,20449548288.0,2026-10-01,37.25,-0.0037443003994056534,0.0005372134840071485,-0.13311615215750106,-0.13393918268920102,-0.26475005161408394,False,-0.172285940679048,-0.2845624356010201,-0.058689183461072325,-0.2147974143438307,0.706123605097206,1.1480387944622736,0.8681025218924301,0.32263077145272295,1.1480387944622736,171549315.9821213,0.6862749497918746,39.300500106811526,44.885104751586915,49.225029627482094,False,False,False,False,False,False,distribution,0,3,normal,False,False,,False,156.0,분산3일,0.028830289612109,31.125515982386034,True,False,False,False,False,True,False,,Uptrend Under Pressure,62.92,-0.408,0.4152005142100767,0.9085780336452783,-0.2254459841110743,-0.32616278298096624,0.12293285389035452,0.12002118644067797,,False,,,0,1,0.279,0.882
GEN,Gen Digital Inc.,Information Technology,XLK,13180886016.0,2026-10-01,22.25,0.010445028948908863,-0.03554398377422552,-0.2740619811770513,-0.2747511959491341,-0.14742237624206522,False,-0.3068631906445183,-0.17039632584606546,-0.32699624733359234,-0.20474112198998173,0.708373133017802,0.9152314172121551,1.7236172749852492,0.389106307170599,0.9152314172121551,295481009.2865982,0.585033942992381,27.380999946594237,27.713055006663005,25.330640014012655,False,False,False,True,False,False,weak_rally,1,7,normal,False,False,,False,18.0,분산7일,0.06373996030461539,29.033494449234908,True,False,False,False,False,True,False,,Uptrend Under Pressure,30.65,-0.2741,0.17682291120666507,1.0,-0.06458387120379172,0.39002264191486,0.6325421921867659,0.11668432203389832,,False,,,0,1,0.279,0.882
FLUT,Flutter Entertainment plc,Consumer Discretionary,XLY,12935605248.0,2026-10-01,76.47000122070312,0.02589214222525915,-0.06618632567275906,-0.25014710037755705,-0.25085902024111084,-0.2522530425902647,False,-0.2840288938537878,-0.27240217674224554,-0.2101936432418402,-0.19884360625863207,0.7011736927613512,0.9481361002932246,1.0840793420148662,0.5074297515202935,0.9481361002932246,264657757.98375702,0.7480616028814251,90.52399978637695,98.1373332977295,100.70199998219807,False,False,False,False,False,False,weak_rally,0,4,normal,False,False,,False,67.0,분산4일,0.055334488705292235,29.158978349980828,True,False,False,False,False,True,False,,Uptrend Under Pressure,104.19,-0.2661,0.43549266151270616,0.8792679914183797,-0.6687798708004705,-0.18992014640699995,0.07713490658089697,0.11334745762711865,,False,,,0,1,0.279,0.882
MKC,"McCormick & Company, Incorporat",Consumer Staples,XLP,12474712064.0,2026-10-01,44.13999938964844,-0.048706940989430514,-0.07695525572272399,-0.17955390305577823,-0.1803328449971694,-0.17195091207187518,False,-0.2166254209882158,-0.19426390444416897,-0.1321516778930335,-0.11452400422233155,0.7815155762641267,2.401770726922695,1.282943184012468,0.31345789691566817,2.401770726922695,181205287.6617775,0.06821903618189712,49.48750019073486,51.87233339945475,50.28274609247843,False,False,False,False,False,False,distribution,1,4,attention,False,False,,False,63.0,분산4일,0.032097545729082265,21.06439097558858,True,False,False,False,False,True,False,,Uptrend Under Pressure,52.97,-0.1667,0.3120787789743108,0.9096505422560582,-0.27393683955711845,-0.02042198565799269,0.31895666943731704,0.11202330508474577,,False,,,0,1,0.279,0.882
CHTR,"Charter Communications, Inc.",Communication Services,XLC,14412298240.0,2026-10-01,111.37000274658203,0.004238063248299007,-0.05257337426401165,-0.2994275530515754,-0.30009268542766154,-0.15892911088712547,False,-0.33108262963338997,-0.18159299471591006,-0.2859774894475152,-0.14674977670851141,0.7005724469484246,0.958719674330934,0.9095349699031183,0.3620312421198506,0.958719674330934,396781670.3909756,0.6947638785767042,129.1220012664795,138.94250106811523,148.53566703796386,False,False,False,False,False,False,weak_rally,1,3,normal,False,False,,False,30.0,분산3일,0.04671365054633711,29.69524724579577,True,False,False,False,False,True,False,,Uptrend Under Pressure,152.47,-0.2696,0.4197195737838862,0.9239023508895683,-0.5391177056850082,-0.4200710568203725,0.012776914459181091,0.10858050847457627,,False,,,0,1,0.279,0.882
ROL,"Rollins, Inc.",Industrials,XLI,14492099584.0,2026-10-01,30.56999969482422,0.014940200632553191,0.005592107842998795,-0.1439372590710427,-0.14475001590644654,-0.31037833143585736,False,-0.1826181003473185,-0.3289611947645782,-0.12527241157377556,-0.2525545861341639,0.7788781732726358,1.0077801485374898,1.30762021875825,0.429382457795511,1.0077801485374898,255021296.70213014,0.9290763832337273,32.91500024795532,36.895597807566325,43.34034291903178,False,False,False,False,False,False,accumulation,3,7,normal,False,False,,False,160.0,분산7일,0.03202253792833075,28.666674636241723,True,False,False,False,False,True,False,,Uptrend Under Pressure,64.86,-0.5287,0.31635734505296087,0.9066175754014075,-0.45787829735633356,-0.4147259062534242,0.022795526001951498,0.10603813559322034,,False,,,0,1,0.279,0.882
CVS,CVS Health Corporation,Health Care,XLV,109594976256.0,2026-10-01,85.19999694824219,-0.005718350790095084,0.0017635966032016892,-0.12372730631849282,-0.12455925073963958,-0.2259504638381854,False,-0.16332132596038018,-0.24680835940011525,-0.09161511739682915,-0.24202527141041164,0.7792207774083949,0.839122515705145,1.1925847139181451,0.1522777056145902,0.839122515705145,686808246.5096924,0.47782964265848854,90.83949928283691,97.07026507059733,94.20984268188477,False,False,False,True,False,False,dry_up,1,7,normal,False,False,,False,77.0,분산7일,0.024907780138034737,32.02658415858896,True,False,False,False,False,True,False,,Uptrend Under Pressure,99.86,-0.1468,0.3730585389619417,0.9496588726121497,0.1584704652268598,0.17246739294704594,0.7740856853745799,0.10529661016949153,,False,,,0,1,0.279,0.882
APP,Applovin Corporation,Communication Services,XLC,97192550400.0,2026-10-01,281.30999755859375,-0.03140169867844367,-0.09972158460133429,-0.11828864340488376,-0.11912575136165371,-0.3344566142516795,False,-0.15812840678360085,-0.352390653073931,-0.10136095251683541,-0.3248190493206843,0.6702644493129728,1.5724869444716345,1.0131797970075052,0.30009169893741955,1.5724869444716345,1582812540.168506,0.3811282190264862,314.7294982910156,352.7183339436849,425.1005004882812,False,False,False,False,False,False,distribution,1,4,interest,False,False,,False,75.0,분산4일,0.05633111314516519,32.007197924787704,True,False,False,False,False,True,False,,Uptrend Under Pressure,520.86,-0.4599,0.45131412947330946,0.9239023508895683,-0.6237120719033757,-0.3104062399699441,0.024392866177586646,0.10015889830508476,,False,,,0,1,0.279,0.882
AON,Aon plc,Financials,XLF,58709954560.0,2026-10-01,275.95001220703125,-0.0029626651703198448,-0.000507023552885455,-0.16601182260993907,-0.16680362157444517,-0.2339382854024873,False,-0.20369523385256516,-0.2545809374429474,-0.10366316031032219,-0.17987134027999774,0.7254341555342421,0.8750714778914482,0.8679862823961139,0.33461068231233015,0.8750714778914482,661481545.2619476,0.24359325482217614,295.14100189208983,335.5444595336914,329.9318155924479,False,False,False,False,False,False,dry_up,1,4,normal,False,False,,False,67.0,분산4일,0.024836281925439255,27.52359736009531,True,False,False,False,False,True,False,,Uptrend Under Pressure,327.94,-0.1585,0.47698004256991505,0.9161407579283121,-0.20242446438886808,-0.12453521383826482,0.25247551588305445,0.09719279661016948,,False,,,0,1,0.279,0.882
TLK,"PT Telekomunikasi Indonesia, Tb",Communication Services,XLC,12569069568.0,2026-10-01,12.420000076293945,-0.0258823469573376,-0.06616542118953872,-0.15682277920774979,-0.1576233023667325,-0.1849115383464388,False,-0.19492139358015492,-0.2068752877095673,-0.14063489271785268,-0.1731084491085242,0.8133595091006882,1.4790627727050614,1.1558627057316557,0.21954396261501088,1.4790627727050614,11493593.348086834,0.18367386658673965,14.11399998664856,14.47366665204366,14.820234767595927,False,False,False,False,False,False,distribution,1,7,normal,False,False,,False,,분산7일,0.023608232787094636,18.239285783222627,False,False,False,False,False,True,False,,Uptrend Under Pressure,,,0.35147144986066037,0.9239023508895683,-0.2640112234781755,-0.27120118673402016,0.12070037223085542,0.09507415254237288,,False,,,0,1,0.279,0.882
TRU,TransUnion,Industrials,XLI,11710592000.0,2026-10-01,62.18000030517578,0.01734295470901981,-0.07936038699577963,-0.2452967500205111,-0.24601327486827718,-0.19402083928863456,False,-0.2793977045737578,-0.21573912523008532,-0.2288418567129562,-0.12644069232996646,0.725808353381237,1.421702426500341,1.1728953238352837,0.316664780323555,1.421702426500341,200820328.4811573,0.3848586515458558,72.74600009918213,77.7615898768107,74.20703592300416,False,False,False,False,False,False,accumulation,2,4,normal,False,False,,False,46.0,분산4일,0.04356590038923303,25.19719913710469,True,False,False,False,False,True,False,,Uptrend Under Pressure,83.67,-0.2569,0.3313748926979044,0.9066175754014075,-0.12827555037164562,0.046931102300667105,0.48339055328683467,0.09279661016949153,,False,,,0,1,0.279,0.882
FICO,Fair Isaac Corporation,Information Technology,XLK,12795951104.0,2026-10-01,661.75,0.11693424599166713,-0.22736080808587567,-0.39810811825071446,-0.39867956204528376,-0.4713049217477311,False,-0.4253043542627607,-0.4855513830026176,-0.4419971338964822,-0.5068490621568401,0.48194571414575627,3.2650767466510984,2.347805027792441,0.47916094441551677,3.2650767466510984,698036391.217212,0.7472705145656311,897.9850006103516,1073.369662475586,1106.4007466634114,False,False,False,False,False,False,accumulation,1,6,attention,True,False,surge,False,45.0,분산6일,0.07793403826012603,26.020908715939882,True,False,False,False,False,True,False,,Uptrend Under Pressure,1373.08,-0.5181,0.20763971924830052,1.0,-0.3603587510207985,-0.1083874556096952,0.18948357486176864,0.09263771186440678,,False,,,0,1,0.279,0.882
LVS,Las Vegas Sands Corp.,Consumer Discretionary,XLY,24489582592.0,2026-10-01,36.689998626708984,-0.029621864742200188,-0.05071158659224273,-0.17624611871262275,-0.17702820110646733,-0.2036799377957298,False,-0.21346709751403237,-0.22513794521691632,-0.13235508968150622,-0.14680106287628913,0.7404108645229431,1.0819073828465384,0.8798679002711239,0.11944216344260002,1.0819073828465384,236400887.53972644,0.14456787205546365,40.769499969482425,44.23344999949138,47.48000717163086,False,False,False,False,False,False,distribution,0,4,normal,False,False,,False,42.0,분산4일,0.02644276859963532,18.242157962522683,True,False,False,False,False,True,False,,Uptrend Under Pressure,46.98,-0.219,0.5692083484140804,0.8792679914183797,-0.2778055153115957,-0.2991126182555962,0.10390209967113584,0.08924788135593222,,False,,,0,1,0.279,0.882
WY,Weyerhaeuser Company,Real Estate,XLRE,13730020352.0,2026-10-01,18.59000015258789,-0.02414693453518668,-0.07696123555282808,-0.19098758223958623,-0.19175566890079032,-0.23138594339698204,False,-0.22754247410179806,-0.2520973720215004,-0.13759072860847799,-0.1358244863794943,0.7260448020362151,1.6182546927204824,1.1831985847768076,0.23279011222743082,1.6182546927204824,152567440.5786005,0.22807140825511552,21.258500003814696,23.112087217966714,23.474567127227782,False,False,False,False,False,False,distribution,1,8,interest,False,False,,False,37.0,분산8일,0.029124728228838683,17.056997106011224,True,False,False,False,False,True,False,,Uptrend Under Pressure,25.06,-0.2582,0.3817333728696959,0.8915978830104153,-0.15992582070370598,-0.1640300944567188,0.2518394709262405,0.08426906779661017,,False,,,0,1,0.279,0.882
EFX,"Equifax, Inc.",Industrials,XLI,16123627520.0,2026-10-01,139.72999572753906,0.0181433265426314,-0.06095434904704866,-0.24665732722575906,-0.2473725603242518,-0.1976941802414902,False,-0.2806968046600937,-0.21931348264457717,-0.23023209876031214,-0.13042203742675573,0.7200008900407351,1.0988927596064,1.347926412952475,0.23083328834057718,1.0988927596064,287306446.2653122,0.5757556741617565,160.01549911499023,173.33724619547527,170.82592239379883,False,False,False,False,False,False,accumulation,2,8,normal,False,False,,False,52.0,분산8일,0.03670341754546292,24.005388822283365,True,False,False,False,False,True,False,,Uptrend Under Pressure,179.56,-0.2218,0.39741280619959407,0.9066175754014075,-0.36326888657942635,-0.1051946984830403,0.19180188645151966,0.08405720338983051,,False,,,0,1,0.279,0.882
CRS,Carpenter Technology Corporatio,Industrials,XLI,19269363712.0,2026-10-01,383.69000244140625,-0.013193778062286832,-0.0428090392935605,-0.16764648149478334,-0.16843672849338953,-0.36257282880474584,False,-0.20525603135103854,-0.3797492351508476,-0.14949856926366,-0.3091255140295066,0.6358410800113404,1.1093170608036453,1.0411742348523618,0.3554473889212487,1.1093170608036453,290688561.43456423,0.27647833320291637,417.9389984130859,498.22904103597006,493.29893544514977,False,False,False,False,False,False,distribution,1,3,normal,False,False,,False,66.0,분산3일,0.037820728400930634,24.504606342275522,True,False,False,False,False,True,False,,Uptrend Under Pressure,606.78,-0.3677,0.5028911851065705,0.9066175754014075,0.6748130486091697,0.00468349824047265,0.8211584330165155,0.07605932203389831,,False,,,0,1,0.279,0.882
NVO,Novo Nordisk A/S,Health Care,XLV,167394639872.0,2026-10-01,37.400001525878906,-0.01345287057731337,-0.031589783525307835,-0.20034207483804667,-0.20110128022520668,-0.23295082587009186,False,-0.2364742878168996,-0.2536200864502334,-0.17103753693487245,-0.24888025583101325,0.7339258027367038,0.8495938050963047,0.9225321107303427,0.3273901043504412,0.8495938050963047,567332404.3745854,0.05785103123009893,41.60749969482422,45.40996316274007,44.51947841644287,False,False,False,True,False,False,dry_up,2,4,normal,False,False,,False,100.0,분산4일,0.029001161923517746,27.2989770998701,True,False,False,False,False,True,False,,Uptrend Under Pressure,45.49,-0.1778,0.3647082860887534,0.9496588726121497,-0.2595597535493228,0.07468720393807526,0.4071573127100575,0.07515889830508474,,False,,,0,1,0.279,0.882
CTVA,"Corteva, Inc.",Materials,XLB,51807772672.0,2026-10-01,12.569999694824219,-0.8381197753018081,-0.8417872853662541,-0.8602867675416712,-0.8604194130584633,-0.8611443236601568,False,-0.8665996522293655,-0.8648859927135856,-0.8482915822529702,-0.8517105151323945,0.13917568662863408,10.076623067244617,2.3606924654977255,0.152023724938035,5.0,410899764.5823574,0.28076911649757896,78.40949974060058,81.23869743347169,80.6139102935791,False,False,False,False,False,False,distribution,1,2,conviction,False,False,,False,20.0,,0.5440675581644885,5.8204124773378965,True,False,False,False,False,True,False,,Uptrend Under Pressure,89.97,-0.8603,0.045184225231908286,0.9085780336452783,0.13566157649100608,-0.09795082073291705,0.5691274258248709,0.0482521186440678,,False,,,0,1,0.279,0.882
