ticker,name,sector,sector_etf,market_cap,date,close,daily_return,return_5d,return_20d,rs_spy_20d,rs_spy_50d,rs_spy_near_high,rs_qqq_20d,rs_qqq_50d,rs_sector_20d,rs_sector_50d,close_to_50d_high,volume_ratio,volume_trend,updown_vol_ratio_20d,capped_volume_ratio,avg_dollar_volume_20d,close_position,ma20,ma60,ma120,above_ma20,above_ma60,ma60_rising,ma120_rising,ma_aligned,golden_cross_recent,vp_signal,accumulation_days_10d,distribution_days_10d,volume_strength,surge_today,sustained_accumulation,signal_type,triggered_today,days_since_trigger,warnings,atr_ratio,rsi_14,liquidity_ok,rs_positive,rs_sector_positive,near_50d_high,volume_quality,not_overheated,passed_hard_filters,grade,market_state,trigger_price,ext_from_trigger,base_stability,sector_etf_to_52w_high,mom_12_1,mom_6_1,score_3m,score,next_earnings_date,earnings_within_20d,verdict,verdict_reason,top_pick_rank,regime_trend,regime_breadth,regime_vix_ratio
FRO,Frontline Plc,Energy,XLE,9746429952.0,2026-09-14,50.52000045776367,0.026620633969984375,0.09540333104468024,0.2259160781393681,0.25082498543492293,0.3456058105134028,True,0.2637560076147818,0.3813232783980993,0.1761423469125829,0.13375502693713437,1.0,1.4871465218231354,1.200676827907041,3.7278101859963297,1.4871465218231354,122004207.9257927,0.8395071031122769,45.05149955749512,40.630666669209795,37.7206703821818,True,True,True,True,True,False,accumulation,4,2,normal,False,False,surge,False,2.0,,0.032207914590650595,77.96315538127715,True,True,True,True,False,True,True,A,Uptrend Under Pressure,48.4,0.0438,0.3781320835455304,0.9880569773625073,0.5846340671670502,0.18659615256276552,0.8903042732105266,0.9646341463414634,,False,진입 검토,surge D+2,1,0,0.445,0.887
DDS,"Dillard's, Inc.",Consumer Discretionary,XLY,9775805440.0,2026-09-14,652.3900146484375,0.002797557993342581,-0.00654797206746327,0.16315434490260472,0.1867880211910944,0.1669845701568995,True,0.1990570295683749,0.19796075469835328,0.21829722531498952,0.23732212509914707,0.9934520279325367,0.6972405651354413,0.949900124381369,2.4651659707724427,0.6972405651354413,104005209.5598816,0.37518698406249423,627.8249938964843,589.433560180664,583.5526062011719,True,True,True,True,True,False,weak_rally,4,0,normal,False,False,surge,False,2.0,,0.03298200916193577,59.222555487439855,True,True,True,True,True,True,True,A,Uptrend Under Pressure,624.33,0.0449,0.3911285615044991,0.9099102163807861,-0.08458200100562663,-0.10683915631789809,0.39324977897966606,0.9523860021208908,2026-11-12,False,진입 검토,surge D+2,2,0,0.445,0.887
OKTA,"Okta, Inc.",Information Technology,XLK,30251012096.0,2026-09-14,186.4499969482422,0.11981980149094418,0.0929073287084714,0.26466802015157986,0.29036431293649856,0.2905160337269923,True,0.30370409247798125,0.32477121056198466,0.3039915625882317,0.29201347099244823,1.0,1.545656739338279,0.9318505750637565,1.378901014118558,1.545656739338279,687703075.297567,0.8340446917037634,157.04225006103516,145.8545841217041,117.1813336690267,True,True,True,True,True,False,accumulation,2,2,interest,True,False,surge,True,0.0,,0.06087649869247205,67.82513065586882,True,True,True,True,False,True,True,A,Uptrend Under Pressure,186.45,0.0,0.24886563351933677,0.9308295144731314,0.4088864761035036,0.6577517617321391,0.9220226695638607,0.9477200424178155,2026-12-02,False,진입 검토,surge D+0 · 클러스터 대표(4종목 중) · 동일 베팅 대기: ZS,3,0,0.445,0.887
PBR,Petroleo Brasileiro S.A. Petrob,Energy,XLE,124698492928.0,2026-09-14,21.149999618530273,-0.0023585444627242103,0.05119278013589379,0.21758040081241625,0.242319938754322,0.32276119669824443,True,0.2551630358059267,0.35787228212389843,0.1681451085459018,0.11450704543392476,0.9892423034955778,0.5918238562392613,1.0645167772334563,1.7191059537355098,0.5918238562392613,447954298.0491201,0.4857139743107667,19.379815101623535,17.91042488416036,18.595762944221498,True,True,True,True,False,False,dry_up,6,1,normal,False,True,acc,True,0.0,,0.030834168922965876,69.23474160795175,True,True,True,True,True,True,True,A,Uptrend Under Pressure,21.15,0.0,0.29902622024774017,0.9880569773625073,0.19764895768942692,-0.17300724577468063,0.5538871315291441,0.9476670201484624,2026-11-11,False,진입 검토,acc D+0 · 클러스터 대표(7종목 중) · 동일 베팅 대기: EQNR,4,0,0.445,0.887
VLO,Valero Energy Corporation,Energy,XLE,103342923776.0,2026-09-14,382.95001220703125,-0.019133243593532634,0.032989887100931314,0.12081832515872182,0.143591792490116,0.405346440021249,True,0.1554142384802335,0.44264965017844937,0.07531169459459952,0.18409015367909398,0.9808667564064674,1.8664770962625707,1.3158861891493878,1.8256790122104591,1.8664770962625707,941107278.5058441,0.314788505569191,361.3135009765625,314.51055272420246,279.17580388387046,True,True,True,True,True,False,distribution,8,2,interest,False,True,acc,True,0.0,,0.031245227804124937,70.85054651150395,True,True,True,True,False,True,True,A,Uptrend Under Pressure,382.95,0.0,0.5011243558375401,0.9880569773625073,0.8580576273272462,0.27033933004263,0.9370859684308348,0.9399787910922588,2026-10-22,False,진입 검토,acc D+0,5,0,0.445,0.887
AVTR,"Avantor, Inc.",Health Care,XLV,9834257408.0,2026-09-14,15.15999984741211,0.023632641315243674,0.012692022511300305,0.1098096644769857,0.13235945115579728,0.43790887376283316,True,0.144065777259746,0.4760764140769975,0.10729560729967558,0.43387662270613747,0.9940983506499744,1.3182823181787986,1.2469318033744305,1.3728752528242987,1.3182823181787986,101226057.59313354,0.9818567840116599,14.519999980926514,12.561499993006388,10.457333326339722,True,True,True,True,True,False,accumulation,4,4,normal,False,False,surge,False,4.0,분산4일,0.028748109052173895,65.19803897630457,True,True,True,True,False,True,True,A,Uptrend Under Pressure,15.25,-0.0059,0.5943584827513556,0.9548611509199223,-0.10986502051577984,0.4791436014494985,0.6103272457587837,0.9396076352067869,2026-10-28,False,진입 검토,surge D+4,0,0,0.445,0.887
CHYM,"Chime Financial, Inc.",Information Technology,XLK,12534953984.0,2026-09-14,33.970001220703125,0.02939397638494312,0.0062204653320725445,0.060899460807679384,0.08245546026831985,0.5932537426986764,True,0.093645879174584,0.6355447234170937,0.09388703090776906,0.595102458611763,0.9832127922094054,1.3182982387657483,1.3210172102079372,1.5814109102841993,1.3182982387657483,246473663.36779252,0.5642857532111542,32.93800010681152,26.290833473205566,22.827791754404704,True,True,True,True,True,False,accumulation,3,1,normal,False,False,surge,False,3.0,,0.04176373457806135,61.10101249104589,True,True,True,True,True,True,True,A,Uptrend Under Pressure,34.55,-0.0168,0.4305850552924193,0.9308295144731314,0.12394555663040951,0.3223358459222081,0.793330725557186,0.935100742311771,2026-11-05,False,진입 검토,surge D+3,0,0,0.445,0.887
YPF,YPF Sociedad Anonima,Energy,XLE,20223232000.0,2026-09-14,56.33000183105469,0.014041451029827456,0.07050556773998462,0.12547457921525762,0.14834265514401568,0.24184854186728622,True,0.16021421552748683,0.2748118993864386,0.07977889889310852,0.04633319508288669,1.0,1.0755197699729575,1.6390098267967204,2.3415641783919265,1.0755197699729575,66852517.34384079,0.4294135466570925,52.320000076293944,50.076500193277994,48.372500069936116,True,True,True,True,True,False,accumulation,3,2,normal,False,False,surge,False,2.0,,0.03356494752375259,66.97170186531338,True,True,True,True,False,True,True,A,Uptrend Under Pressure,56.06,0.0048,0.34318157142802147,0.9880569773625073,0.46622482769502827,0.09488522417939627,0.8382847917660599,0.9123011664899258,2026-10-30,False,진입 검토,surge D+2,0,0,0.445,0.887
SWKS,"Skyworks Solutions, Inc.",Information Technology,XLK,10083181568.0,2026-09-14,79.26000213623047,-0.1028862082046692,0.07079175534730187,0.13846594382850275,0.16159798619229204,0.2401356192837698,False,0.17360658011905072,0.27305350935852846,0.17386536339274317,0.241574598143391,0.8971137917953308,1.6745548350151824,1.3566084859106802,1.7571631504757146,1.6745548350151824,484868316.7087406,0.029239568946627947,71.31100044250488,66.84666703542074,66.40042142868042,True,True,True,True,True,False,distribution,5,1,interest,False,False,surge,False,1.0,,0.05750063299825942,61.52780903455896,True,True,True,False,True,True,True,A,Uptrend Under Pressure,88.35,-0.1029,0.23854191550321713,0.9308295144731314,-0.1936166077312459,0.08866137920303174,0.4383164468522408,0.9008483563096501,2026-11-04,False,진입 검토,surge D+1,0,0,0.445,0.887
DELL,Dell Technologies Inc.,Information Technology,XLK,294647398400.0,2026-09-14,534.280029296875,-0.05818884522736567,0.019346003672775947,0.0885679426957715,0.11068612717270199,0.3284616747574207,False,0.1221683945662797,0.36372407243248306,0.12241583558757174,0.3300031418647815,0.9418111547726343,1.0039647099007176,0.9548494162583426,1.6525728021578503,1.0039647099007176,4465204725.733111,0.4124291929564721,481.54700164794923,445.5826487223307,352.6930338541667,True,True,True,True,True,False,distribution,4,3,normal,False,False,surge,False,1.0,분산3일,0.06347660145061548,59.2740374500969,True,True,True,True,False,True,True,A,Uptrend Under Pressure,567.29,-0.0582,0.2848676782887189,0.9308295144731314,2.340135623492851,1.7753075738659412,0.9948827292110874,0.8946447507953341,2026-11-28,False,진입 검토,surge D+1,0,0,0.445,0.887
NTR,Nutrien Ltd.,Materials,XLB,36043677696.0,2026-09-14,77.0,-0.018483072079643725,-0.03108092591874345,0.12837049253310995,0.15129740938716174,0.15847998238700867,False,0.1631995160045978,0.18923042300095383,0.17418468488638594,0.2191527907862061,0.9537965663095289,1.101668494871314,1.0690021227286293,2.2062661857369026,1.101668494871314,204840847.75643006,0.09195281341092532,75.65950012207031,69.16588478088379,70.04859005610147,True,True,True,True,False,False,distribution,6,2,normal,False,True,acc,True,0.0,,0.03003803033775655,57.686258185415426,True,True,True,True,False,True,True,A,Uptrend Under Pressure,77.0,0.0,0.3319368972208682,0.9407490851691787,0.0038282971938836674,-0.2990202748623808,0.34637108353098917,0.8908801696712619,2026-11-05,False,진입 검토,acc D+0,0,0,0.445,0.887
ZS,"Zscaler, Inc.",Information Technology,XLK,30463647744.0,2026-09-14,191.72999572753906,0.16524859335640785,0.1291518980073083,0.044280987765543234,0.06549932299958461,0.2738277913641698,True,0.0765144494471437,0.30763999912457196,0.07675182365594946,0.27530586459589346,1.0,2.30092343074747,1.2158901133239721,1.2785066047180045,2.30092343074747,577933512.1692092,0.900663759468688,176.63149871826172,158.69916636149088,149.66724955240886,True,True,True,True,True,False,accumulation,4,4,attention,True,False,surge,True,0.0,분산4일,0.0570687261964062,61.46343045117251,True,True,True,True,False,True,True,A,Uptrend Under Pressure,191.73,0.0,0.2150900957504055,0.9308295144731314,-0.45110442228253733,0.03648691604886434,0.2862540049336713,0.8879109225874868,2026-11-25,False,진입 검토,surge D+0 · 클러스터 대표(4종목 중),0,0,0.445,0.887
HPQ,HP Inc.,Information Technology,XLK,27071766528.0,2026-09-14,34.02000045776367,-0.04114991835709114,0.052408488619579696,0.14083736259603352,0.16401758888635154,0.5332314427811327,False,0.17605119665314994,0.5739292046289715,0.17631051897108474,0.5350105124238083,0.9588500816429089,1.2163546476247764,1.1348651454547685,1.1018411760253108,1.2163546476247764,499552728.8083874,0.276213849984071,30.812966537475585,27.143188126881917,24.207118924458822,True,True,True,True,True,False,distribution,2,3,normal,False,False,surge,False,1.0,분산3일,0.05311415297894697,64.02313733621405,True,True,True,True,False,True,True,A,Uptrend Under Pressure,35.48,-0.0411,0.30424604791881144,0.9308295144731314,-0.03879700161762423,0.4173699041507024,0.6666307909023282,0.8827147401908803,2026-11-25,False,진입 검토,surge D+1,0,0,0.445,0.887
FNV,Franco-Nevada Corporation,Materials,XLB,50754740224.0,2026-09-14,261.6700134277344,-0.01627814500851743,-0.01531111215233183,0.11910033991042535,0.14183890017432232,0.17914533897649765,False,0.1536432247728159,0.21044431631980576,0.16453814475781536,0.24090044939205946,0.9644350092575336,0.7504851340997586,1.0761224523038733,1.5662315402519622,0.7504851340997586,219094297.03101653,0.7051051292622349,260.9346870422363,230.28195139567057,232.664341990153,True,True,True,True,False,False,dry_up,1,1,normal,False,False,surge,False,3.0,,0.03106708724333331,56.71872634349899,True,True,True,True,False,True,True,A,Uptrend Under Pressure,264.99,-0.0125,0.29870854911624284,0.9407490851691787,-0.037115238408377715,-0.21970779349452518,0.34298964200358606,0.8805408271474018,2026-11-04,False,진입 검토,surge D+3,0,0,0.445,0.887
ROIV,Roivant Sciences Ltd.,Health Care,XLV,25021267968.0,2026-09-14,41.02000045776367,0.004899577766650731,0.17434870023993376,0.1331491600342396,0.15617317275635645,0.14295557223565503,True,0.16812568499008984,0.17329393628402845,0.13058223178525052,0.1397504429691232,0.9811049775274102,0.8481579242897969,1.253067898362954,1.1450611102558428,0.8481579242897969,332773752.6539839,0.500001644266279,37.23850021362305,35.548166529337564,32.16787494023641,True,True,True,True,True,False,weak_rally,2,1,normal,False,False,surge,False,4.0,,0.0422807853366089,68.19490240574768,True,True,True,True,False,True,True,A,Uptrend Under Pressure,41.48,-0.0111,0.16657871939701757,0.9548611509199223,1.1051675848168094,0.09499802805910273,0.8790074773835714,0.8799575821845176,2026-11-09,False,진입 검토,surge D+4,0,0,0.445,0.887
EQNR,Equinor ASA,Energy,XLE,101580062720.0,2026-09-14,44.540000915527344,-0.005803534061628257,0.058208618533084344,0.09246996358681092,0.11466743169365179,0.3739399610529013,True,0.12619085779261563,0.4104095244651498,0.04811431207807537,0.15762827819479153,0.9847446687222569,1.4391827459932212,1.3260397299552884,1.0426865914681416,1.4391827459932212,122870397.18043175,0.1627903538213594,42.88349990844726,38.446332995096846,38.15683787663777,True,True,True,True,True,False,distribution,2,4,normal,False,False,surge,False,3.0,분산4일,0.02639682237608529,62.76885886098663,True,True,True,True,False,True,True,A,Uptrend Under Pressure,45.23,-0.0153,0.4535368337077364,0.9880569773625073,0.4554104764545941,-0.016036455942975758,0.7627742969744521,0.8698833510074231,2026-10-28,False,진입 검토,surge D+3 · 클러스터 대표(7종목 중),0,0,0.445,0.887
DVN,Devon Energy Corporation,Energy,XLE,53360996352.0,2026-09-14,49.72999954223633,-0.009954210721813128,0.03474819228518378,0.08462379928551589,0.10666184426161252,0.20281016350957004,True,0.1181025086394305,0.23473729480677252,0.04058671189389873,0.013440978535718351,0.9900457892781869,1.3457700094532172,1.1418902440658587,1.9572935798633209,1.3457700094532172,526423020.91900575,0.05966583635595566,48.461499786376955,45.03249994913737,46.02435747782389,True,True,True,True,False,False,distribution,3,2,normal,False,False,surge,False,2.0,,0.02445347976586957,62.91277175753444,True,True,True,True,False,True,True,A,Uptrend Under Pressure,50.02,-0.0058,0.48919835747237134,0.9880569773625073,0.07907702678377126,-0.1813746500918142,0.47312211853925346,0.8691940615058324,2026-11-05,False,스킵,상관 클러스터 중복 — 대표: PBR·EQNR,0,0,0.445,0.887
CVE,Cenovus Energy Inc,Energy,XLE,59292479488.0,2026-09-14,33.27000045776367,0.004832372227806303,0.02780356983553678,0.07287972306355983,0.09467914476755723,0.32113665228081034,True,0.1059959320604622,0.3562046161528831,0.029319459904695755,0.11313826760511492,0.9943216188909834,2.7077053980735624,1.239421154337563,1.2327080731881908,2.7077053980735624,213690847.75448266,0.20859076611997304,32.49349994659424,29.163999970753988,28.410779603322347,True,True,True,True,True,False,accumulation,2,0,attention,True,False,surge,True,0.0,,0.029810202720469275,62.76461340497545,True,True,True,True,False,True,True,A,Uptrend Under Pressure,33.27,0.0,0.44417712378125745,0.9880569773625073,0.5319704338946116,0.12327419116149319,0.8608069333683046,0.8605514316012726,2026-10-29,False,스킵,상관 클러스터 중복 — 대표: PBR·EQNR,0,0,0.445,0.887
VG,"Venture Global, Inc.",Energy,XLE,36601360384.0,2026-09-14,15.270000457763672,-0.033544286491970055,0.05894593460280917,0.09149397480963661,0.11367161218384769,0.34293728819700053,False,0.12518474350590947,0.3785839234058932,0.04717794967006417,0.13150663400729057,0.96645571350803,1.4268379351866387,1.3535091841574889,1.6619253936781593,1.4268379351866387,205668698.60685673,0.07657663462835472,14.58149995803833,13.310500001907348,13.286916518211365,True,True,True,True,True,False,distribution,5,2,normal,False,False,surge,False,1.0,,0.045233412071908737,58.57048065518116,True,True,True,True,False,True,True,A,Uptrend Under Pressure,15.8,-0.0335,0.6314655814442064,0.9880569773625073,-0.17104581431209376,-0.12223893285998422,0.30035159756436725,0.8589077412513255,2026-11-09,False,스킵,상관 클러스터 중복 — 대표: PBR·EQNR,0,0,0.445,0.887
CRWD,"CrowdStrike Holdings, Inc.",Information Technology,XLK,236528943104.0,2026-09-14,235.3800048828125,0.13853148219344247,0.10455184486702507,0.08495048718054221,0.1069951699996663,0.18774845315808752,True,0.11843928029722717,0.21927578969254102,0.11868589903921833,0.18912664509779575,1.0,2.230112666342434,0.940292886527693,0.9105198207590368,2.230112666342434,2404146342.532767,0.8280176396886417,208.43500061035155,199.295041402181,166.19991645812988,True,True,True,True,True,False,accumulation,3,2,attention,True,False,surge,True,0.0,,0.06458219872064958,62.26281108053468,True,True,True,True,False,True,True,A,Uptrend Under Pressure,235.38,0.0,0.23876217030263513,0.9308295144731314,0.740519227749999,0.7293862073196584,0.9576145179269537,0.852014846235419,2026-12-02,False,스킵,상관 클러스터 중복 — 대표: OKTA·ZS,0,0,0.445,0.887
META,"Meta Platforms, Inc.",Communication Services,XLC,1458039816192.0,2026-09-14,665.5999755859375,0.027112858192892997,0.07917044361494519,0.1284224856070435,0.15135045888794352,0.11771498955646931,False,0.1632531139308422,0.14738337306953952,0.10763288992496878,0.08759614612246747,0.9769414480501512,1.046134028094961,1.221693606627142,1.895405176851528,1.046134028094961,10956108353.054901,0.8449610446960856,590.2545013427734,596.726161702474,604.771615600586,True,True,True,False,False,False,accumulation,5,2,normal,False,False,surge+acc,False,3.0,,0.0326236275702539,70.76686758390129,True,True,True,True,False,True,True,A,Uptrend Under Pressure,653.69,0.0182,0.3920706915012145,0.9638367007488521,-0.3353127185455158,-0.17749300295601622,0.1455964383505891,0.8462354188759279,2026-10-29,False,대기,단기 이벤트성(3M 0.15) — 신호 재발생 또는 중기 추세 형성 대기,0,0,0.445,0.887
NET,"Cloudflare, Inc.",Information Technology,XLK,108643475456.0,2026-09-14,330.3599853515625,0.07774112376330033,0.18442553222218216,0.046171342797603154,0.06742808741307682,0.3339782586882005,True,0.07846315341708965,0.3693870873669354,0.07870095732014004,0.33552612690809314,0.9985793270266313,1.4266784990713453,1.1553273415708898,0.875217738149663,1.4266784990713453,908594772.0114502,0.8344970956747729,294.8260009765625,277.9239995320638,247.0076665242513,True,True,True,True,True,False,accumulation,2,1,normal,False,False,surge,False,3.0,,0.05256690411711512,62.32005202731476,True,True,True,True,False,True,True,A,Uptrend Under Pressure,314.18,0.0515,0.2478862246517589,0.9308295144731314,0.23140571444747726,0.31880890156739317,0.8459982318373291,0.8444326617179215,2026-10-30,False,진입 검토,surge D+3,0,0,0.445,0.887
SHEL,Shell PLC,Energy,XLE,251711602688.0,2026-09-14,96.44999694824219,-0.0033068069228577857,0.03765465427555559,0.06609921130597485,0.08776086245471326,0.22066830971226703,True,0.09900612858112767,0.2530694637570612,0.02281424543362176,0.02848755671700709,0.9966931930771422,1.0244430528391688,1.057716977743748,1.5647737893646352,1.0244430528391688,594771817.6276386,0.23701145894744144,93.22299995422364,87.0731149037679,86.88496557871501,True,True,True,True,True,False,distribution,6,2,normal,False,True,acc,True,0.0,,0.0147613109690232,69.562802199027,True,True,True,True,False,True,True,A,Uptrend Under Pressure,96.45,0.0,0.4912670532205836,0.9880569773625073,0.07339813377504045,-0.14073485163108834,0.5078843775366464,0.8439024390243903,2026-10-29,False,스킵,상관 클러스터 중복 — 대표: PBR·EQNR,0,0,0.445,0.887
EQH,"Equitable Holdings, Inc.",Financials,XLF,13673749504.0,2026-09-14,53.66999816894531,0.006186689452819749,0.013406327355485637,0.010924807208333664,0.03146539131075232,0.15911430051587727,True,0.04212867514990437,0.18988157833223296,0.03095542506526927,0.15489373773130155,1.0,1.3896386339984172,1.3778626525663602,1.7388065564342199,1.3896386339984172,121908435.403582,0.5235592055858246,50.94950008392334,48.78716907501221,44.64970890680949,True,True,True,True,True,False,accumulation,6,1,normal,False,True,acc,True,0.0,,0.021712059626292267,64.14006967234948,True,True,True,True,True,True,True,A,Uptrend Under Pressure,53.67,0.0,0.36022832458714293,0.9738729071360308,-0.15907993031098355,0.21785769394625065,0.5305394705008513,0.8384411452810181,2026-11-04,False,진입 검토,acc D+0,0,0,0.445,0.887
KR,Kroger Company (The),Consumer Staples,XLP,35251724288.0,2026-09-14,60.90999984741211,0.041374561454940784,0.03959719557573238,0.07443995983296614,0.0962710833750755,0.031093204624251358,True,0.10760432812100773,0.05846231832348847,0.09569455358422241,0.06049482402365425,1.0,1.370209078175785,1.325629939815878,1.9448521611748193,1.370209078175785,374784303.15350187,0.9020624942238757,57.719000244140624,57.42166938781738,61.89924147923787,True,True,False,False,False,False,accumulation,4,3,normal,False,False,surge,False,1.0,분산3일,0.025248027121900867,64.43739046173718,True,True,True,True,False,True,True,B,Uptrend Under Pressure,58.49,0.0414,0.32719981540427917,0.9497192280606287,-0.2770493904597313,-0.3555080148770162,0.09930833636694575,0.832661717921527,2026-12-03,False,스킵,단기 이벤트성(3M 0.10) + 분산 매물,0,0,0.445,0.887
BG,Bunge Limited,Consumer Staples,XLP,22326163456.0,2026-09-14,121.2300033569336,-0.009639737520415026,0.02122823933869067,0.0730441621355078,0.09484692501242242,0.12167039688062942,False,0.10616544681662443,0.15144377186517488,0.09427114418752769,0.15365482462465652,0.9730315990069969,0.9286326108934112,1.1829440488034317,1.3253057027668675,0.9286326108934112,188360501.8598606,0.19893905561569528,117.44800071716308,113.72842636108399,118.69118213653564,True,True,False,True,False,False,dry_up,5,2,normal,False,False,acc,False,1.0,,0.03962355127614051,57.30373064096897,True,True,True,True,False,True,True,B,Uptrend Under Pressure,122.41,-0.0096,0.3504526348533597,0.9497192280606287,0.17245658365778516,-0.2299730532086992,0.4997331928450461,0.8184517497348887,2026-11-04,False,진입 검토,acc D+1,0,0,0.445,0.887
WTRG,"Essential Utilities, Inc.",Utilities,XLU,11677169664.0,2026-09-14,41.61000061035156,0.013148305808129646,-0.0021582770009893615,0.030460611929194803,0.05139813637476842,0.04374173862786557,True,0.062267484828498754,0.07144659226188366,0.09181519519130732,0.16676441225712635,0.9907143002464658,1.565157205467692,1.107728961571398,1.2702189347597963,1.565157205467692,94805530.60234909,0.7875899270165935,41.10599937438965,39.548668988545735,38.726281801859535,True,True,True,True,True,False,accumulation,5,4,interest,True,False,surge,True,0.0,분산4일,0.018093179457071683,57.86017366713297,True,True,True,True,False,True,True,A,Uptrend Under Pressure,41.61,0.0,0.3848984945102578,0.8879381683361783,-0.08267244410791164,-0.1621101060675113,0.3533905988916197,0.8104984093319195,2026-11-05,False,진입 검토,surge D+0,0,0,0.445,0.887
OVV,Ovintiv Inc. (DE),Energy,XLE,18158790656.0,2026-09-14,65.36000061035156,0.026220788501355896,0.009264954514036638,0.037131071653294656,0.058204130550083555,0.20802502221131514,True,0.06914383933612389,0.24009057558335356,-0.0049777513958066955,0.01783481529064046,0.9768345095363435,1.7086921078636452,1.2126467173943705,1.6303278086546076,1.7086921078636452,223904443.4648262,0.3018871998618069,65.19449977874756,60.27499987284342,58.954955927530925,True,True,True,True,True,False,accumulation,1,3,interest,True,False,surge,True,0.0,분산3일,0.02846870389108122,56.404981647926576,True,True,False,True,False,True,True,A,Uptrend Under Pressure,65.36,0.0,0.5369681794546806,0.9880569773625073,0.2612477830170121,-0.04125171059512445,0.6904062478095812,0.8055143160127254,2026-11-05,False,스킵,상관 클러스터 중복 — 대표: PBR·EQNR,0,0,0.445,0.887
BBD,Banco Bradesco Sa,Financials,XLF,34732498944.0,2026-09-14,3.5399999618530273,-0.016666651213610217,0.02017289125811139,0.1286971454243664,0.15163069941021812,0.027533403913698073,False,0.1635362515781753,0.05480802703734344,0.15106132229983849,0.023791953012318734,0.9512535472994076,0.733525070439067,1.0160533472173652,2.4200561768110873,0.733525070439067,95716748.14880934,0.9333318498408955,3.3020964860916138,3.405338827768962,3.4953696350256602,True,True,True,False,False,False,dry_up,5,1,normal,False,False,acc,False,4.0,,0.032469486820961076,60.0809353068355,True,True,True,True,True,True,True,A,Uptrend Under Pressure,3.55,-0.0028,0.2859376316837678,0.9738729071360308,-0.13038505196939343,-0.21311252953747584,0.2687552994005883,0.7992046659597031,2026-11-05,False,스킵,acc D+4 관찰 종료 — 신호 재발생 전까지 관망,0,0,0.445,0.887
CRBG,Corebridge Financial Inc.,Financials,XLF,14505311232.0,2026-09-14,34.79999923706055,0.0037496704638328993,0.009573484324660209,0.009573484324660209,0.03008661142815705,0.14461163344037375,True,0.040735641448069515,0.17499395561707298,0.029577326864488995,0.14044387771452294,1.0,1.8304134678854957,1.2108914578942982,1.1617854538588748,1.8304134678854957,110452643.20001698,0.43511508176862507,33.143999862670896,31.83533328374227,29.04424587885539,True,True,True,True,True,False,accumulation,3,0,interest,True,False,surge,True,0.0,,0.021449091086500817,63.59285934925477,True,True,True,True,True,True,True,A,Uptrend Under Pressure,34.8,0.0,0.3505332981424369,0.9738729071360308,-0.12413724681336724,0.26054791869676297,0.5739820063445837,0.7940615058324497,2026-11-03,False,진입 검토,surge D+0,0,0,0.445,0.887
COKE,"Coca-Cola Consolidated, Inc.",Consumer Staples,XLP,13017979904.0,2026-09-14,200.6699981689453,0.04184620493771285,0.05989540077229627,0.061128430655617905,0.08268908246466733,0.005466735571502124,True,0.0938819165559801,0.0321556258514899,0.08211969545835252,0.03413761628864043,1.0,1.4993601214229106,1.2249264209644943,1.5635983804272915,1.4993601214229106,86003387.55605698,0.9196869726665018,192.23650207519532,186.96588821411132,186.51969197591146,True,True,True,False,True,False,accumulation,3,3,normal,False,False,surge,False,1.0,분산3일,0.031510503899600514,61.599393463792,True,True,True,True,False,True,True,A,Uptrend Under Pressure,192.61,0.0418,0.41507248677811454,0.9497192280606287,0.2888560184227513,-0.25553192266713565,0.5354064400011758,0.7909331919406151,2026-10-29,False,진입 검토,surge D+1,0,0,0.445,0.887
AAPL,Apple Inc.,Information Technology,XLK,4624166158336.0,2026-09-14,333.0799865722656,0.0024377692400032736,0.04097254524345151,0.08874577369489045,0.11086757145004644,0.057296165324997705,False,0.12235171461361749,0.08536080471236773,0.1225991960574524,0.05852298826807201,0.9802613368003882,0.8989179540364027,1.2100604509099204,1.3423246346345203,0.8989179540364027,13710191329.380783,0.418266515057037,317.9834976196289,313.81937306722006,297.7889633178711,True,True,True,True,True,False,weak_rally,3,1,normal,False,False,surge,False,2.0,,0.023585077359712898,63.36912974857567,True,True,True,True,True,True,True,A,Uptrend Under Pressure,326.57,0.0199,0.4030434427025325,0.9308295144731314,0.1137048788566477,0.035451028184208644,0.672190554574499,0.783934252386002,2026-10-30,False,진입 검토,surge D+2,0,0,0.445,0.887
QCOM,QUALCOMM Incorporated,Information Technology,XLK,182082945024.0,2026-09-14,180.14999389648438,-0.010001688805900133,0.06761875092971081,0.09252952810644888,0.11472820648136928,0.005944997182270928,False,0.12625226086977182,0.032646582334404206,0.12650060239410243,0.0071122353152444084,0.9477811657562796,1.210835854535137,1.4423005411940306,1.9681184838730912,1.210835854535137,1908943777.7402954,0.8618675317623915,166.994970703125,172.66339111328125,175.16051451365152,True,True,False,True,False,False,distribution,5,1,normal,False,False,surge,False,4.0,,0.03974885355745163,64.30301916864607,True,True,True,True,True,True,True,B,Uptrend Under Pressure,174.09,0.0348,0.5164802640236995,0.9308295144731314,-0.13381862959117397,0.0790064462007658,0.4878263582858319,0.7678685047720043,2026-10-30,False,진입 검토,surge D+4,0,0,0.445,0.887
ELV,"Elevance Health, Inc.",Health Care,XLV,85129871360.0,2026-09-14,424.239990234375,0.013183007732086693,0.04561103859897786,0.06436470122631488,0.08599110954599842,-0.001960761361423091,True,0.0972180799760669,0.024530975055900628,0.06195359074310014,-0.004759509493557967,0.9983516044333244,1.068850238415756,1.3218410777213625,1.4310159017977502,1.068850238415756,410869043.74052733,0.5747435465868221,401.6957275390625,395.412841796875,376.429892985026,True,True,True,True,True,False,accumulation,6,4,normal,False,True,acc,True,0.0,분산4일,0.025724327002699277,64.42785384041608,True,True,True,True,False,True,True,A,Uptrend Under Pressure,424.24,0.0,0.3973688230415535,0.9548611509199223,0.07377350543022354,0.1611496327617492,0.7165868129433126,0.7622481442205727,2026-10-21,False,진입 검토,acc D+0,0,0,0.445,0.887
TECK,Teck Resources Ltd,Materials,XLB,33419673600.0,2026-09-14,66.25,-0.0028597596993440444,-0.04124455191107501,0.042814438422270396,0.06400297541621414,0.08062278243011778,False,0.07500263263025575,0.10930659846699475,0.08515487676836608,0.13721799341951857,0.9205224242922802,1.0394381284433882,1.1420241578439374,1.0949717313975889,1.0394381284433882,213509946.79729843,0.9353848970853366,68.18399982452392,63.04133332570394,61.43973712921142,False,True,True,True,True,False,distribution,1,4,normal,False,False,surge,False,4.0,분산4일,0.03671159358680088,48.18070161880346,True,True,True,True,False,True,True,A,Uptrend Under Pressure,71.97,-0.0795,0.4031387625638367,0.9407490851691787,0.28651255877994153,0.09171741770593145,0.7918187429765278,0.7616648992576882,2026-10-22,False,진입 검토,surge D+4,0,0,0.445,0.887
SAIL,"SailPoint, Inc.",Information Technology,XLK,11661281280.0,2026-09-14,19.8799991607666,0.15313221720983883,0.056323033110032394,0.01792106819332684,0.038603806574817545,0.274351290421573,False,0.04934088731376263,0.30817739382706266,0.04957226968212902,0.27582997109014884,0.966926054336616,2.443532109295582,1.7061839088762552,0.883083812139682,2.443532109295582,73042414.0763793,0.834782226505001,18.753499889373778,16.70608334541321,15.13137497107188,True,True,True,True,True,False,accumulation,3,4,attention,True,False,surge,True,0.0,분산4일,0.07157589890284274,57.94527759948336,True,True,True,True,False,True,True,A,Uptrend Under Pressure,19.88,0.0,0.23495362467704317,0.9308295144731314,-0.19795551303059478,0.09576655931414368,0.44275335939602095,0.7572640509013786,,False,스킵,상관 클러스터 중복 — 대표: OKTA·ZS,0,0,0.445,0.887
UNM,Unum Group,Financials,XLF,14757359616.0,2026-09-14,94.91999816894531,0.005295488346709787,-0.009702663745235984,0.01703628315328687,0.03770104393506091,0.012101568080699732,True,0.04842879191854177,0.03896657191133923,0.0371879947239413,0.00841630752395317,0.9829139325764403,2.082520279970798,1.25229848715534,1.8883967766210963,2.082520279970798,127676452.58237839,0.7808207151994515,92.03749961853028,89.95147972106933,85.16299203236898,True,True,True,True,True,False,accumulation,5,2,attention,True,False,surge,True,0.0,,0.02254154055212043,59.16643769750771,True,True,True,True,False,True,True,A,Uptrend Under Pressure,94.92,0.0,0.37005122920545636,0.9738729071360308,0.05479717603158352,0.10087505907064753,0.6747136910508811,0.7498939554612938,2026-11-04,False,스킵,점수 후순위 (후보 내 하위 39%) — 우선순위 미달,0,0,0.445,0.887
BIIB,Biogen Inc.,Health Care,XLV,32010903552.0,2026-09-14,217.36000061035156,0.0009671043968220161,-0.01571345012874581,0.035886187454545526,0.05693395203824636,-0.01554350414594019,True,0.06786052972545176,0.010587694901968758,0.03353958948571867,-0.0183041629179318,0.968152892648765,0.8754304775798653,1.0991271239493998,1.696453559182297,0.8754304775798653,156434087.20772934,0.2692600911190848,217.41099853515624,209.07583312988282,198.99833335876465,False,True,True,True,True,False,weak_rally,3,2,normal,False,False,surge,False,1.0,,0.026964809021691814,53.413963354205315,True,True,True,True,False,True,True,A,Uptrend Under Pressure,217.15,0.001,0.4445523414009582,0.9548611509199223,0.18338262052941734,-0.01734985617377327,0.6785615928839366,0.7294273594909864,2026-10-29,False,스킵,점수 후순위 (후보 내 하위 37%) — 우선순위 미달,0,0,0.445,0.887
SCCO,Southern Copper Corporation,Materials,XLB,176358064128.0,2026-09-14,188.35000610351562,-0.02656467643663396,-0.0523746663867124,0.020258953907150046,0.04098919487022168,0.0936443365390267,False,0.05175093574093159,0.14097606126910156,0.06168359259964307,0.12753040398758375,0.8573054561666101,0.7516907097702498,1.1112829777491362,0.9828244362008177,0.7516907097702498,243728038.81931916,0.7163963135510132,203.49299850463868,188.56935424804686,183.89099871317546,False,False,True,True,True,False,dry_up,2,3,normal,False,False,surge,False,3.0,분산3일,0.04786302196670688,42.459593548458955,True,True,True,False,False,True,True,B,Uptrend Under Pressure,209.26,-0.0999,0.30703689946594387,0.9407490851691787,0.5893477653945018,-0.10163672785153566,0.702400133855793,0.7251855779427359,2026-10-28,False,스킵,점수 후순위 (후보 내 하위 36%) — 우선순위 미달,0,0,0.445,0.887
ITUB,Itau Unibanco Banco Holding SA,Financials,XLF,83876446208.0,2026-09-14,8.229999542236328,-0.012004847825405007,0.009815942018471135,0.11216208596922783,0.13475967057639293,-0.007548951233601442,False,0.14649081013620147,0.018794453487519958,0.1341986346622417,-0.011162660390733103,0.9550938400853254,1.1649379517071992,1.339505513586666,1.1250793437971713,1.1649379517071992,170818900.49677086,0.818177877383641,7.772259163856506,8.022268104553223,8.117452736695608,True,True,True,True,False,False,distribution,4,2,normal,False,False,surge,False,2.0,,0.029531765131013563,58.48000202091641,True,True,True,True,False,True,True,A,Uptrend Under Pressure,8.3,-0.0084,0.30241556527425967,0.9738729071360308,-0.03513629181439315,-0.20543172701503487,0.3593442422789853,0.7116648992576882,2026-11-04,False,스킵,점수 후순위 (후보 내 하위 34%) — 우선순위 미달,0,0,0.445,0.887
ARCC,Ares Capital Corporation,Financials,XLF,14410718208.0,2026-09-14,19.799999237060547,0.0030394866584633196,-0.01197613111289031,-0.0035229793264343057,0.016724045875960103,0.03475910895092604,True,0.027234933762842584,0.06222552961705752,0.016221367891089855,0.030991347838587924,0.9806834429578546,1.5950596998418558,1.30431400612389,1.1916247088297296,1.5950596998418558,76671342.80893269,0.5,19.857499980926512,19.212666702270507,18.716765769322713,False,True,True,True,True,False,accumulation,4,3,interest,True,False,surge,True,0.0,분산3일,0.011002897436080218,52.61541939871248,True,True,True,True,False,True,True,A,Uptrend Under Pressure,19.8,0.0,0.5664346093069905,0.9738729071360308,-0.16940391437240254,-0.01814066897314992,0.3894425765431289,0.7044538706256629,2026-10-27,False,스킵,점수 후순위 (후보 내 하위 32%) — 우선순위 미달,0,0,0.445,0.887
CHKP,Check Point Software Technologi,Information Technology,XLK,14182799360.0,2026-09-14,138.4949951171875,0.05207380552508645,0.010543539097069399,0.051434815014407276,0.07279850605454974,-0.00743532101615163,False,0.08388909141848622,0.01891109988074069,0.08412809175484126,-0.006283608600465063,0.9915872909918956,1.9068777317063375,1.3164478519574914,1.2595245391542125,1.9068777317063375,127935402.90968323,0.5042905760133771,133.07475090026855,131.5874168395996,131.72812525431314,True,True,True,False,False,False,accumulation,3,4,interest,True,False,surge,True,0.0,분산4일,0.03861408374011267,57.57076153023778,True,True,True,True,False,True,True,A,Uptrend Under Pressure,138.49,0.0,0.35465605493715935,0.9308295144731314,-0.4289396251213913,-0.2601379342060689,0.06591719481670574,0.6988335100742311,2026-11-04,False,스킵,단기 이벤트성(3M 0.07) + 분산 매물,0,0,0.445,0.887
BE,Bloom Energy Corporation,Industrials,XLI,60760993792.0,2026-09-14,257.04998779296875,-0.06781509413247955,0.016530204280836625,0.11790025686579142,0.14061443311365474,-0.07116955472133557,False,0.15240609917805692,-0.04651488145791416,0.22697334051580276,0.026975079685607417,0.8712082644563134,1.1274110914017885,1.213711389864761,1.2558773550432405,1.1274110914017885,3059972509.8937316,0.6324094032671879,229.17149963378907,238.23016738891602,237.78783397674562,True,True,False,True,False,False,distribution,4,1,normal,False,False,surge,False,4.0,,0.06668992154793318,57.338195824051965,True,True,True,False,True,True,True,B,Uptrend Under Pressure,277.22,-0.0728,0.4894647171339885,0.9111039498183728,1.9352798943362788,0.29477355931482196,0.95817436073684,0.69050901378579,2026-10-28,False,스킵,점수 후순위 (후보 내 하위 29%) — 우선순위 미달,0,0,0.445,0.887
EG,"Everest Group, Ltd.",Financials,XLF,14365106176.0,2026-09-14,379.5400085449219,0.021064855047863373,0.0019263093038379697,0.03105475387158485,0.05200435045392826,0.005867918215513468,False,0.06287996594564893,0.0325674574003223,0.05148422955277909,0.0022053556020338316,0.9571198134516448,1.0439950935231348,1.2590588198133223,1.1722878993638768,1.0439950935231348,113201019.98952027,0.59686194307079,372.4176788330078,368.7641337076823,352.4258799235026,True,True,True,True,True,False,accumulation,6,3,normal,False,True,acc,True,0.0,분산3일,0.019593837308197488,56.934185790186355,True,True,True,True,False,True,True,A,Uptrend Under Pressure,379.54,0.0,0.37953657888355763,0.9738729071360308,-0.11082010950817167,-0.026520640161468156,0.4434097502187593,0.6816012725344645,2026-10-29,False,스킵,점수 후순위 (후보 내 하위 27%) — 우선순위 미달,0,0,0.445,0.887
RBLX,Roblox Corporation,Communication Services,XLC,29496582144.0,2026-09-14,51.290000915527344,0.12725276737422742,0.18425304292780598,0.3416165715320605,0.36887635170982946,-0.09394114472195492,False,0.3830277882989295,-0.06989091558933014,0.31689917495561937,-0.11835653241836519,0.8987208899561099,1.7916210193057065,1.0400558685759653,1.9818964843974318,1.7916210193057065,430348171.342971,0.9989052872952323,41.120499801635745,45.61133308410645,47.92274993260701,True,True,False,False,False,False,accumulation,3,0,interest,True,False,surge,True,0.0,,0.04390997718364188,75.16282896837157,True,True,True,False,True,True,True,B,Uptrend Under Pressure,51.29,0.0,0.48023896177115416,0.9638367007488521,-0.7613430164259823,-0.4303442925839248,0.004457262242039311,0.6723753976670201,2026-10-30,False,스킵,점수 후순위 (후보 내 하위 25%) — 우선순위 미달,0,0,0.445,0.887
VTRS,Viatris Inc.,Health Care,XLV,18963234816.0,2026-09-14,16.65999984741211,0.009085379554863326,-0.013033135325375311,0.03419288763120343,0.055206246720861385,-0.01618056776943988,False,0.06611496339950107,0.009933721200245937,0.03185012550262045,-0.018939440057937462,0.9398067307153296,0.9513556802672126,1.059240696559224,1.5763508240573911,0.9513556802672126,122130005.71994248,0.5045151357073038,16.53289213180542,16.565223979949952,15.802521109580994,True,True,True,True,False,False,weak_rally,2,1,normal,False,False,surge,False,1.0,,0.025838629079828083,51.3202710537611,True,True,True,True,False,True,True,A,Uptrend Under Pressure,16.51,0.0091,0.4903015724902658,0.9548611509199223,0.35535122306327804,0.012885983584030924,0.7626725484831561,0.6706786850477201,2026-11-05,False,스킵,점수 후순위 (후보 내 하위 24%) — 우선순위 미달,0,0,0.445,0.887
RNR,RenaissanceRe Holdings Ltd.,Financials,XLF,13614062592.0,2026-09-14,330.6199951171875,0.017323625502287943,0.0007264066554515392,0.02245178777371537,0.043226584066854645,-0.008170112043008215,False,0.0540114550554176,0.018156804720727893,0.04271080297643093,-0.011781559431654931,0.9782524896382272,1.9564569912941607,1.1306973094986073,1.4068656646532753,1.9564569912941607,83993741.89286499,0.8184485154539922,326.91600189208987,321.6404998779297,309.96107025146483,True,True,True,True,True,False,accumulation,3,3,interest,True,False,surge,True,0.0,분산3일,0.018134760597208522,55.39064506574286,True,True,True,True,False,True,True,A,Uptrend Under Pressure,330.62,0.0,0.41001752506247996,0.9738729071360308,0.09849996237349212,-0.07665579000461142,0.5747907937965075,0.6700954400848356,2026-11-04,False,스킵,점수 후순위 (후보 내 하위 22%) — 우선순위 미달,0,0,0.445,0.887
HCA,"HCA Healthcare, Inc.",Health Care,XLV,89729048576.0,2026-09-14,425.489990234375,-0.0033962903422952717,0.050592568479938205,0.051423341739719186,0.07278679965889956,0.014584066320086686,True,0.08387726400217876,0.041514965043901064,0.04904154738046973,0.011738922411335784,0.991263628540406,0.9744827716414811,1.1860669884052761,0.6612372774258477,0.9744827716414811,557937102.3970459,0.39782573120624154,416.165998840332,402.58983256022134,417.4302749633789,True,True,True,False,False,False,dry_up,2,5,normal,False,False,surge,False,3.0,분산5일,0.029683420604969864,58.48626741458025,True,True,True,True,False,True,True,A,Uptrend Under Pressure,421.83,0.0087,0.4138192513230467,0.9548611509199223,-0.13960102387067896,-0.3434480872690927,0.20803677416583194,0.6602863202545068,2026-10-23,False,스킵,점수 후순위 (후보 내 하위 20%) — 우선순위 미달,0,0,0.445,0.887
JBHT,"J.B. Hunt Transport Services, I",Industrials,XLI,24931598336.0,2026-09-14,274.989990234375,0.01678675475107161,0.004456300068164776,-0.0168746250219709,0.0031011133355867138,-0.05669345434260209,False,0.013471167416872376,-0.03165453062014334,0.07904852698093734,0.04298079355465112,0.9230716277289698,1.1273801234664171,1.1002617411818747,2.063027091373385,1.1273801234664171,214345736.67817384,0.9771963657329171,268.4045013427734,275.2295598347982,261.8701011657715,True,False,False,True,False,False,accumulation,7,1,normal,False,True,acc,True,0.0,,0.026759424615065003,54.503810063054104,True,True,True,True,True,True,True,B,Uptrend Under Pressure,274.99,0.0,0.34436337624591373,0.9111039498183728,0.6825274840293942,0.19823622811479447,0.9058444333400413,0.6493637327677625,2026-10-16,False,스킵,점수 후순위 (후보 내 하위 19%) — 우선순위 미달,0,0,0.445,0.887
BRK-A,Berkshire Hathaway Inc.,Financials,XLF,1079845453824.0,2026-09-14,771770.0,0.007532637075718052,0.016356094027786927,0.021440766573580294,0.042195020324047317,-0.008062717470973979,False,0.052969227012013675,0.018267049950917658,0.041679749248494824,-0.01167455590434674,0.9722290458104218,1.4600231749710313,1.2190034762456547,1.1575,1.4600231749710313,130709652.0,0.6637693742045601,756334.1,753664.4,735783.7583333333,True,True,True,True,True,False,accumulation,6,3,normal,False,True,acc,True,0.0,분산3일,0.009416387932007872,61.434288463248336,True,True,True,True,False,True,True,A,Uptrend Under Pressure,771770.0,0.0,0.4893332016082146,0.9738729071360308,-0.1447728052128261,-0.12179378636982863,0.32636212966375516,0.6487804878048782,2026-11-08,False,스킵,점수 후순위 (후보 내 하위 17%) — 우선순위 미달,0,0,0.445,0.887
OHI,"Omega Healthcare Investors, Inc",Real Estate,XLRE,14598272000.0,2026-09-14,47.34000015258789,0.007448360536694398,0.02069855675645127,0.01740815376189997,0.03808047043651297,-0.04920789442032947,False,0.048812140929188175,-0.023970275623850124,0.06813702985684422,0.0064869348573199925,0.9277739550083463,1.1578514696252633,1.3677125852783891,1.3095428277164274,1.1578514696252633,84960482.42283325,0.2840905642710686,46.72500038146973,47.682661883036296,46.42249581019084,True,False,True,True,False,False,accumulation,6,2,normal,False,True,acc,True,0.0,,0.01944896998627098,52.82167335828825,True,True,True,True,False,True,True,B,Uptrend Under Pressure,47.34,0.0,0.478034808751866,0.9371875788942187,-0.03991334027254945,-0.1661206501076835,0.38348169770749346,0.6460763520678685,2026-10-30,False,스킵,점수 후순위 (후보 내 하위 15%) — 우선순위 미달,0,0,0.445,0.887
ICLR,ICON plc,Health Care,XLV,12729672704.0,2026-09-14,168.92999267578125,-0.0022444326282681226,0.0247496901498665,0.035427514529753346,0.056465959518445574,-0.04451929487660533,False,0.0673876991014204,-0.01915722291388755,0.03308195559491156,-0.047198698386233695,0.9372502636890356,1.8746727434346728,1.6773820776372474,1.4071642468100496,1.8746727434346728,117689176.9842163,0.19021555846726265,167.14949951171874,166.1716667175293,143.50008316040038,True,True,True,True,True,False,distribution,5,5,interest,False,False,surge,False,1.0,분산5일,0.03637179527478829,54.11394307700208,True,True,True,True,False,True,True,A,Uptrend Under Pressure,169.31,-0.0022,0.35774249833487287,0.9548611509199223,-0.20028474922147,0.44248274098878526,0.523764603734848,0.6349416755037116,2026-10-22,False,스킵,점수 후순위 (후보 내 하위 14%) — 우선순위 미달,0,0,0.445,0.887
WBD,"Warner Bros. Discovery, Inc. - ",Communication Services,XLC,71528611840.0,2026-09-14,28.100000381469727,0.0021397811691639124,-0.00530972100992122,0.003929996829262761,0.024328456126901488,0.038724090207144846,False,0.034917958367322255,0.06629575647312147,-0.014566000010040603,0.0107337988212437,0.9723183651342473,0.8276289529874677,0.9647830710952514,1.214173129687448,0.8276289529874677,492152581.1688309,0.6296288447138275,28.397500133514406,27.158500099182127,27.12725003560384,False,True,True,True,True,False,weak_rally,2,1,normal,False,False,surge,False,2.0,,0.011032043252964722,53.062080233570555,True,True,False,True,False,True,True,A,Uptrend Under Pressure,28.2,-0.0035,0.5519910395973884,0.9638367007488521,0.4349486239028433,-0.13406182573876702,0.6607424926571505,0.6293213149522799,2026-11-05,False,스킵,점수 후순위 (후보 내 하위 12%) — 우선순위 미달,0,0,0.445,0.887
WRB,W.R. Berkley Corporation,Financials,XLF,25080129536.0,2026-09-14,70.87000274658203,0.013876984256488312,0.02502174388495315,0.005105667273360925,0.02552801455699183,-0.03759136271322139,False,0.036129917826210445,-0.012045397226397303,0.0250209838067339,-0.041095681550698315,0.9304188584774825,1.2774548978063598,1.614620206018605,1.5608465874773505,1.2774548978063598,141072090.54193878,0.5815617035782502,69.17400016784669,70.76499417622884,68.34468978246053,True,True,True,True,False,False,accumulation,7,3,normal,False,True,acc,True,0.0,분산3일,0.017779038415812395,57.264270756632854,True,True,True,True,False,True,True,A,Uptrend Under Pressure,70.87,0.0,0.4515475067645702,0.9738729071360308,-0.17924619114233398,-0.1242085897886549,0.29140994014927635,0.6166489925768823,2026-10-20,False,스킵,상관 클러스터 중복 — 대표: EG·RNR,0,0,0.445,0.887
AIG,"American International Group, I",Financials,XLF,39928123392.0,2026-09-14,76.29000091552734,0.012743914259097933,0.0010497550454764415,-0.004566785972187404,0.015659030532942264,-0.05938116050977771,False,0.026158908296759487,-0.0344135786750841,0.015156879101730913,-0.0628061384145937,0.9411547398626746,1.23239027011735,1.4319709407712318,1.8632636272743763,1.23239027011735,278253264.5548172,0.72146121902957,76.07949943542481,77.47499974568684,76.45977306365967,True,False,True,True,False,False,accumulation,5,4,normal,False,False,surge,False,1.0,분산4일,0.016258440561377024,49.019163379131825,True,True,True,True,False,True,True,B,Uptrend Under Pressure,75.33,0.0127,0.4583473315640168,0.9738729071360308,-0.17314571700215453,-0.15037435369316787,0.2793513872841519,0.5836161187698834,2026-11-05,False,스킵,상관 클러스터 중복 — 대표: EG·RNR,0,0,0.445,0.887
CHRW,"C.H. Robinson Worldwide, Inc.",Industrials,XLI,17487960064.0,2026-09-14,157.30999755859375,0.029650470058196765,0.06549714311109178,0.06339447462249859,0.08500116928888968,-0.18543311228099313,False,0.09621790572174005,-0.1638114260302922,0.16714945076737364,-0.09936210782420196,0.7544099218439286,1.239364877129928,1.1708932540838546,1.0795538243626062,1.239364877129928,193405894.90853578,0.9141879278158058,147.5270797729492,167.36358286539715,170.95177218119304,True,False,False,False,False,False,accumulation,4,1,normal,False,False,surge,False,3.0,,0.025841376282556918,57.650765430975305,True,True,True,False,True,True,True,B,Uptrend Under Pressure,150.45,0.0456,0.6761567290182184,0.9111039498183728,-0.036496257796074905,-0.2507340530753037,0.3296382049757273,0.5585365853658537,2026-10-29,False,스킵,점수 후순위 (후보 내 하위 7%) — 우선순위 미달,0,0,0.445,0.887
ACGL,Arch Capital Group Ltd.,Financials,XLF,33464340480.0,2026-09-14,97.94999694824219,0.019356860039946966,-0.001529067565872344,-0.007699342956938748,0.012462824353174362,-0.06186487812032959,False,0.02292965975416461,-0.036963223545533386,0.011962253156529101,-0.06528081232159544,0.9198910016926106,1.8010563137168534,1.39814252803038,1.337545128580475,1.8010563137168534,278926527.90137863,0.7933537158719166,98.44299926757813,99.19149958292643,96.72099959055582,False,False,True,True,False,False,accumulation,5,3,interest,True,False,surge,True,0.0,분산3일,0.017698526777389714,48.43245080721276,True,True,True,True,False,True,True,B,Uptrend Under Pressure,97.95,0.0,0.39184833138686553,0.9738729071360308,-0.11184710952255927,-0.11178013772510631,0.3672595965785374,0.551590668080594,2026-10-27,False,스킵,상관 클러스터 중복 — 대표: EG·RNR,0,0,0.445,0.887
ECHO,EchoStar Corporation,Communication Services,XLC,25110018048.0,2026-09-14,93.88999938964844,0.008052394297989984,0.04554561468704277,0.021765154133033038,0.04252599898691245,-0.09454859828677409,False,0.0533036273305707,-0.0705144932694165,0.002940569629090728,-0.11894761705283707,0.9552344950158219,1.1135346314788528,1.0982238474802068,1.4041726568755872,1.1135346314788528,231584456.56778336,0.48725263895012577,88.89099998474121,92.15083338419596,108.14166660308838,True,True,False,False,False,False,accumulation,4,0,normal,False,False,surge,False,4.0,,0.028749443521898392,59.703136699700835,True,True,True,True,True,True,True,B,Uptrend Under Pressure,93.42,0.005,0.4944848887075712,0.9638367007488521,-0.004957310328399744,-0.28332951145096097,0.34763005152995813,0.5396076352067869,2026-11-05,False,스킵,점수 후순위 (후보 내 하위 3%) — 우선순위 미달,0,0,0.445,0.887
BTI,British American Tobacco  Indus,Consumer Staples,XLP,119708966912.0,2026-09-14,57.290000915527344,0.03711077434415899,0.0350497289049303,0.004030836605342092,0.02443134482678455,-0.07952526649320102,False,0.035021910730048456,-0.05509238542518591,0.023892595608700606,-0.05327793244041157,0.9070614479723549,1.5924043059976862,1.5642027015790574,1.0202759063683848,1.5924043059976862,300523327.83579254,0.6269439063920623,55.96950016021729,58.707943471272785,58.93503684997559,True,False,False,False,False,False,accumulation,3,3,interest,True,False,surge,True,0.0,분산3일,0.01795376590412357,53.54937426879,True,True,True,True,False,True,True,B,Uptrend Under Pressure,57.29,0.0,0.4565908891513227,0.9497192280606287,-0.11517821634791814,-0.16633584307381122,0.3197312935398753,0.5313361611876989,,False,스킵,점수 후순위 (후보 내 하위 2%) — 우선순위 미달,0,0,0.445,0.887
BMNR,"BitMine Immersion Technologies,",Financials,XLF,15273691136.0,2026-09-14,25.760000228881836,0.02916498290892222,0.03163800309376996,0.4247787797336189,0.4537283001566832,0.7559141735539985,True,0.46875693574655997,0.802522777360688,0.4530095631351325,0.7495205452375222,0.9739130240395147,0.932625500375418,0.8156187862322004,2.4598976673525224,0.932625500375418,1114504473.858022,0.8571434132214355,23.604499912261964,18.68966660499573,19.357249967257182,True,True,True,True,False,False,weak_rally,3,1,normal,False,False,,False,6.0,,0.07074920541508876,63.2509804223098,True,True,True,True,True,True,False,,Uptrend Under Pressure,26.45,-0.0261,0.29398293901100286,0.9738729071360308,-0.6798985832473265,-0.24586864114909557,0.045831590419362064,0.9910392364793214,,False,,,0,0,0.445,0.887
TEAM,Atlassian Corporation,Information Technology,XLK,49151963136.0,2026-09-14,192.77000427246094,0.07273237365709706,0.016826682195356435,0.18832451499118164,0.21246961407975506,1.2506090335821947,True,0.22500411863046055,1.3103487101278164,0.22527423519377576,1.2532205050779228,0.9901890873475571,0.9570919740799073,0.8198728401364839,2.0478828723238007,0.9570919740799073,700132738.0926132,0.964835701407967,179.13574981689453,126.70100008646646,103.66112505594889,True,True,True,True,True,False,weak_rally,0,0,normal,False,False,,False,24.0,,0.051994973631353456,67.5152009811915,True,True,True,True,False,True,False,,Uptrend Under Pressure,151.87,0.2693,0.5758094495041293,0.9308295144731314,-0.2146233370436199,0.8690197792451018,0.5217845780942281,0.9839872746553553,,False,,,0,0,0.445,0.887
CRM,"Salesforce, Inc.",Information Technology,XLK,211955433472.0,2026-09-14,259.42999267578125,0.04727107781920781,0.0007714449754185893,0.322205717336872,0.34907109599214126,0.5287492429186305,True,0.36301778595086054,0.5693280302284647,0.363318334883292,0.5305231116858962,0.9810914036285947,0.7760545525279612,0.7516625839066844,1.6644058922205747,0.7760545525279612,3984550535.30943,0.9130937541440127,233.79449844360352,193.0703328450521,186.0522258758545,True,True,True,True,True,False,weak_rally,1,1,normal,False,False,,False,10.0,,0.047830130579228865,69.75681441977243,True,True,True,True,False,True,False,,Uptrend Under Pressure,256.0,0.0134,0.2708626858579502,0.9308295144731314,-0.31053961467785784,-0.11108928302957177,0.21224667452014284,0.9761399787910923,,False,,,0,0,0.445,0.887
DOCU,"DocuSign, Inc.",Information Technology,XLK,12653898752.0,2026-09-14,69.76000213623047,0.06260472985261734,0.01973393366252396,0.12443586567986276,0.14728283639626483,0.49189211928348286,True,0.15914344037904593,0.5314925791221701,0.15939903449317372,0.4936232212590266,1.0,0.902554292645142,0.9127481107099242,1.7749436486948686,0.902554292645142,214197383.02612764,0.9706749657684425,63.893500328063965,55.513500150044756,51.38987499872844,True,True,True,True,True,False,weak_rally,3,2,normal,False,False,,False,5.0,,0.04148611264158856,66.33709853827611,True,True,True,True,False,True,False,,Uptrend Under Pressure,68.41,0.0197,0.37955613813226724,0.9308295144731314,-0.3321441646808334,0.15362419985234088,0.3873847698336073,0.9688759278897137,,False,,,0,0,0.445,0.887
WF,Woori Financial Group Inc.,Financials,XLF,17749510144.0,2026-09-14,80.80999755859375,0.024597372187815658,0.07948165775755323,0.13226838235569227,0.15527449890209688,0.3225226926636937,True,0.167217720650209,0.3576274472901433,0.15470332026278388,0.3177071278346435,1.0,1.494208132984824,1.3600775251997324,1.9973446425480352,1.494208132984824,6387009.590434265,0.22821180060908822,73.26100044250488,67.27316722869872,66.53966687520345,True,True,True,True,True,False,accumulation,4,1,normal,False,False,,False,,,0.027860764752716812,70.73655307651364,False,True,True,True,True,True,False,,Uptrend Under Pressure,,,0.31774786267475136,0.9738729071360308,0.07081434828693323,-0.06953646600927554,0.5574928719529153,0.9652173913043479,,False,,,0,0,0.445,0.887
CTSH,Cognizant Technology Solutions ,Information Technology,XLK,29089689600.0,2026-09-14,64.0999984741211,0.0683333079020183,0.028727283925199076,0.0967145223921666,0.11899823402226195,0.5030140320000929,True,0.1305664319331259,0.5429097094702497,0.13081572474328773,0.5047580391748978,0.9916460253615995,1.2017964401889885,0.9410397740764,1.9189433563973262,1.2017964401889885,338176271.00663376,0.8613268880878692,61.58950004577637,51.984730593363444,53.23425970077515,True,True,True,True,False,False,accumulation,2,1,normal,False,False,,False,28.0,,0.033491197928042074,62.5086572205839,True,True,True,True,False,True,False,,Uptrend Under Pressure,55.8,0.1487,0.35473784572606176,0.9308295144731314,-0.2856359073991045,-0.16238276481748148,0.187510259639539,0.9643690349946978,,False,,,0,0,0.445,0.887
ACN,Accenture plc,Information Technology,XLK,116122124288.0,2026-09-14,195.0,0.060358925894058,0.044344466180191944,0.10238001397953167,0.12477884050798749,0.40639936772503615,True,0.13640679829857105,0.4437305265661313,0.1366573789245591,0.4080312690484649,1.0,1.1155503766373291,0.9381651785736445,1.6848799995463657,1.1155503766373291,871139549.170105,0.9388417215334641,184.07749862670897,160.19197985331218,169.87573795318605,True,True,True,False,False,False,accumulation,2,2,normal,False,False,,False,166.0,,0.032662997402987635,63.48536614783835,True,True,True,True,False,True,False,,Uptrend Under Pressure,282.71,-0.3103,0.3320747770213924,0.9308295144731314,-0.37612308664996585,-0.21546550218763816,0.10544037877571694,0.9573170731707317,,False,,,0,0,0.445,0.887
DINO,HF Sinclair Corporation,Energy,XLE,18064617472.0,2026-09-14,106.91000366210938,-0.008623819615751316,0.014230148447847757,0.14134734442168018,0.1645379328324108,0.45236546074143824,True,0.17657691991221136,0.4909167335551923,0.09500720991274081,0.22370654853015126,0.987074195106255,1.2904054777771639,1.0360859798980875,1.869010312847889,1.2904054777771639,238114094.2522171,0.2650801570443498,100.95599975585938,87.73551127115886,76.54164196650187,True,True,True,True,True,False,distribution,5,1,normal,False,False,,False,9.0,,0.037661842108106934,70.0617317971228,True,True,True,True,True,True,False,,Uptrend Under Pressure,101.61,0.0522,0.43381549766745203,0.9880569773625073,0.533695904823076,0.414524860416986,0.9276183843696229,0.9548780487804878,,False,,,0,0,0.445,0.887
MPC,Marathon Petroleum Corporation,Energy,XLE,104837505024.0,2026-09-14,396.45001220703125,0.0013134128276961476,0.019413778423860162,0.11849507357161904,0.14122133566650508,0.4609492562874933,True,0.15301927588633557,0.4997283755027342,0.07308276993748053,0.23093892020579654,0.9925145448225016,1.4315716937084064,1.0053113150993807,3.831861888111888,1.4315716937084064,913097550.9560852,0.3885270351235681,375.8045959472656,321.4244280497233,282.4764727274577,True,True,True,True,True,False,accumulation,2,1,normal,False,False,,False,24.0,,0.03084730865683094,74.93452256046493,True,True,True,True,False,True,False,,Uptrend Under Pressure,319.45,0.2411,0.5994143403810513,0.9880569773625073,0.6572217749506886,0.3394763392776432,0.9344662839416008,0.9537645811240721,,False,,,0,0,0.445,0.887
PBR-A,Petroleo Brasileiro S.A. Petrob,Energy,XLE,119129341952.0,2026-09-14,19.06999969482422,-0.0020931927917194892,0.044931490127354534,0.22541124353691866,0.25030989329646736,0.3275257256770465,True,0.26323559045648337,0.3627632797233442,0.17565800922853136,0.11852145191054642,0.9921956491212749,0.7041404411871881,0.8411640321306523,1.8976142068934572,0.7041404411871881,136966701.5554102,0.5673853848643914,17.455347776412964,16.02243734995524,16.680668997764588,True,True,True,True,False,False,dry_up,4,1,normal,False,False,,False,130.0,,0.029067727866368256,71.60620860353397,True,True,True,True,True,True,False,,Uptrend Under Pressure,15.92,0.1977,0.29610116474413795,0.9880569773625073,0.17418221638325604,-0.17359588926675318,0.5398214200923876,0.9530752916224814,,False,,,0,0,0.445,0.887
SHG,Shinhan Financial Group Co Ltd,Financials,XLF,37278330880.0,2026-09-14,84.11000061035156,0.00059484955044109,0.022241150440016177,0.11610934088551605,0.13878712821498396,0.23101470539253066,True,0.15055990361086824,0.2636904919133032,0.13822410108768302,0.22653233911464699,0.9957381247170702,0.871527154341544,0.9565998041892656,2.3913488051470586,0.871527154341544,11724792.375099182,0.43109153245096477,78.95349998474121,72.93599993387858,69.17216660181681,True,True,True,True,True,False,weak_rally,2,1,normal,False,False,,False,,,0.024241634146141083,66.5409986080079,False,True,True,True,False,True,False,,Uptrend Under Pressure,,,0.3690181364224587,0.9738729071360308,0.2806679299647188,0.0778242904215698,0.7769589410921456,0.9511134676564157,,False,,,0,0,0.445,0.887
IQV,"IQVIA Holdings, Inc.",Health Care,XLV,42991874048.0,2026-09-14,265.6700134277344,0.014898668975605212,-0.007842460589675304,0.12258095713986372,0.14539023869818335,0.256030380756439,True,0.15723127701582618,0.28937017792166864,0.12003796909178321,0.25250816184364155,0.9780944636020406,0.9354982806410729,0.9711675809444502,1.6492037722334965,0.9354982806410729,344966684.9608612,0.5750251705052872,258.77099990844727,228.1059997558594,200.35766626993816,True,True,True,True,True,False,weak_rally,3,3,normal,False,False,,False,6.0,분산3일,0.025525754933369105,63.644779616192594,True,True,True,True,False,True,False,,Uptrend Under Pressure,271.62,-0.0219,0.555996973283444,0.9548611509199223,0.05903074887870163,0.24176811031301226,0.7309342546470797,0.9413573700954402,,False,,,0,0,0.445,0.887
HALO,"Halozyme Therapeutics, Inc.",Health Care,XLV,12086402048.0,2026-09-14,107.94000244140625,0.006903036513343785,-0.020419275343935506,0.0940603936229214,0.1162901770530016,0.3298430566310069,True,0.12783037908503236,0.36514212140598934,0.09158201334471894,0.3261138487735531,0.9745395482084251,0.5738080056367371,0.8425101833935241,1.5719337910418343,0.5738080056367371,168124910.74974364,0.6581640398441423,107.4875,90.36833343505859,78.71058365503947,True,True,True,True,True,False,weak_rally,0,0,normal,False,False,,False,25.0,,0.0228036829745619,64.0129103546196,True,True,True,True,False,True,False,,Uptrend Under Pressure,103.12,0.0467,0.7423981841932011,0.9548611509199223,0.08570958062626799,0.3392669734482259,0.7702894405415733,0.9361611876988335,,False,,,0,0,0.445,0.887
APA,APA Corporation,Energy,XLE,15117668352.0,2026-09-14,45.029998779296875,0.0067068911274472676,0.05284073643546017,0.11267599261304206,0.13528401908745846,0.3716751821535851,True,0.14702057935944146,0.4080846297674545,0.06749995096843464,0.15572006373708125,1.0,1.3301587765883245,1.0415713013978296,1.8499505376521468,1.3301587765883245,225083961.16935426,0.1161462250693778,43.3689998626709,37.95547475814819,38.10710393587748,True,True,True,True,False,False,accumulation,1,1,normal,False,False,,False,24.0,,0.032280083864525994,64.65499916718315,True,True,True,True,False,True,False,,Uptrend Under Pressure,41.02,0.0978,0.46303662051898065,0.9880569773625073,0.5061983126118608,-0.003687321565797874,0.7770215729412323,0.9328207847295864,,False,,,0,0,0.445,0.887
MSTR,Strategy Inc,Information Technology,XLK,52814626816.0,2026-09-14,136.94000244140625,0.04558296682492058,-0.041036417963013716,0.47184008054488835,0.5017458210551344,0.33018160768358085,False,0.5172708615257817,0.3654896588840473,0.5176054236586762,0.3317250704977679,0.9455875950539695,0.642145135902199,0.6288123870154226,2.1380695379103662,0.642145135902199,3548985932.0235443,0.9159303586941355,124.88850021362305,105.7678332010905,127.99508330027263,True,True,True,False,False,False,weak_rally,1,0,normal,False,False,,False,6.0,,0.06911264455640187,60.22971971403243,True,True,True,True,False,True,False,,Uptrend Under Pressure,144.82,-0.0544,0.2294982873693023,0.9308295144731314,-0.7509661508437304,-0.411224367930887,0.005945277400303437,0.9296394485683988,,False,,,0,0,0.445,0.887
GEN,Gen Digital Inc.,Information Technology,XLK,18556196864.0,2026-09-14,31.40999984741211,0.038003952737338365,0.024796092604919995,0.10774115163095632,0.13024890900968766,0.15788946661904601,True,0.1419334163399304,0.18862423271091866,0.1421852155994312,0.1592330119848382,1.0,1.2138116256899183,0.922554206194683,2.1526404620513913,1.2138116256899183,167468015.2209526,0.8815787822586515,29.70699996948242,27.51004498799642,24.565593655904134,True,True,True,True,True,False,accumulation,3,1,normal,False,False,,False,5.0,,0.028380410038231815,64.38687725084674,True,True,True,True,True,True,False,,Uptrend Under Pressure,30.65,0.0248,0.3197737537587098,0.9308295144731314,-0.15377147403142066,0.21746280796487238,0.5341687261314998,0.9292682926829269,,False,,,0,0,0.445,0.887
DT,"Dynatrace, Inc.",Information Technology,XLK,15843594240.0,2026-09-14,53.34000015258789,0.044448804999576375,0.027745637463824746,0.0854701020575146,0.1075253427272378,0.16621269629223168,True,0.11897493394769287,0.19716839238175043,0.11922167080269364,0.1675658994336393,0.977102033403443,0.7735842340882512,0.8324432902425242,2.2642153189833323,0.7735842340882512,337962056.54050386,0.9244452582465278,51.12349948883057,46.90783322652181,42.624333190917966,True,True,True,True,True,False,weak_rally,2,0,normal,False,False,,False,18.0,,0.03537282188301111,60.419618139565756,True,True,True,True,False,True,False,,Uptrend Under Pressure,49.26,0.0828,0.378790342052407,0.9308295144731314,-0.13540073313948453,0.11957108401381866,0.5151824576556695,0.9247083775185578,,False,,,0,0,0.445,0.887
CNH,CNH Industrial N.V.,Industrials,XLI,19024517120.0,2026-09-14,13.75,0.012518415114066705,-0.045138863593707224,0.3170498613655284,0.34381048020835214,0.25550877779083225,False,0.35770278594851845,0.28883472964042256,0.445553892756233,0.38817179569397675,0.9548611364062928,0.5843400173292986,0.7126587715360282,3.818953573472834,0.5843400173292986,316723698.2088461,0.673759479253185,12.30149998664856,11.209666665395101,10.894049096107484,True,True,True,True,True,False,weak_rally,5,0,normal,False,False,,False,6.0,,0.04418182373046875,65.96016226241102,True,True,True,True,True,True,False,,Uptrend Under Pressure,13.84,-0.0065,0.26384084930057267,0.9111039498183728,-0.2182318039043193,-0.16579724513470817,0.22399116370880034,0.9244432661717921,,False,,,0,0,0.445,0.887
MRNA,"Moderna, Inc.",Health Care,XLV,56028766208.0,2026-09-14,146.69000244140625,0.0188928332127567,0.007832355656104406,1.3166456593239166,1.3637166725798409,0.8002267482292851,False,1.388152763220774,0.8480115753775257,1.311397750755872,0.7951784685084411,0.8412088446722169,0.305578306655842,0.30587373861954126,1.5367148281620298,0.305578306655842,5227231604.77948,0.9217918538077627,137.572501373291,88.04158376057943,69.04870847066243,True,True,True,True,True,False,weak_rally,0,0,normal,False,False,,False,13.0,과열,0.07830113389044416,62.24049772704013,True,True,True,False,False,False,False,,Uptrend Under Pressure,158.83,-0.0764,0.23738449363383665,0.9548611509199223,1.0961343481952222,0.025597095439956696,0.8321323996590295,0.9230646871686109,,False,,,0,0,0.445,0.887
COIN,"Coinbase Global, Inc.",Financials,XLF,49633001472.0,2026-09-14,191.4499969482422,0.09237705665210871,0.036882569221756256,0.2894860603095746,0.3156866211048215,0.13245698318290766,True,0.3292881825361629,0.16251667496753464,0.3150361331950484,0.12833348492546448,0.9935132329019406,1.2904096283310769,0.7440619550766363,1.7097858800309391,1.2904096283310769,1815201209.6450562,0.863322753021527,177.17450027465821,163.81549936930338,173.56224975585937,True,True,True,False,False,False,accumulation,3,0,normal,False,False,,False,15.0,,0.060857668406668494,59.06413458280147,True,True,True,True,True,True,False,,Uptrend Under Pressure,186.49,0.0266,0.2702114978976913,0.9738729071360308,-0.6027682179834503,-0.3334097811845481,0.021242823905016653,0.9225874867444326,,False,,,0,0,0.445,0.887
PSX,Phillips 66,Energy,XLE,98862555136.0,2026-09-14,257.05999755859375,-0.009288178405099878,0.007722769410736463,0.10622129989055118,0.12869817599871247,0.43382937896123996,True,0.14036665185917085,0.47188863405292447,0.06130732687074558,0.20808876824574596,0.9857350976374095,1.2538408574764883,0.9845276311235227,1.5131982217229756,1.2538408574764883,692023015.942804,0.31877726929873423,248.61200103759765,213.54261805216473,192.73524068196613,True,True,True,True,True,False,distribution,3,2,normal,False,False,,False,9.0,,0.028339693267996072,70.26503245928535,True,True,True,True,False,True,False,,Uptrend Under Pressure,246.58,0.0425,0.49332391606431464,0.9880569773625073,0.5031594068805167,0.14871097869374572,0.870333983769985,0.9224814422057264,,False,,,0,0,0.445,0.887
KB,KB Financial Group Inc,Financials,XLF,43814531072.0,2026-09-14,132.8800048828125,0.006590488691608165,0.03263920147721411,0.10779498343922045,0.1303038346053207,0.18946784304232533,True,0.1419889097560849,0.22104081868779613,0.12974500169861836,0.18513675704885624,1.0,0.7559692079450085,0.9002641703008124,1.5439660077321469,0.7559692079450085,21553331.447831728,0.759720632422378,123.76949958801269,117.93116696675618,111.72216720581055,True,True,True,True,True,False,weak_rally,4,1,normal,False,False,,False,,,0.02428951881206388,65.98371045450779,False,True,True,True,True,True,False,,Uptrend Under Pressure,,,0.3908582822277839,0.9738729071360308,0.183050493475585,0.011907439745356019,0.6963702921538346,0.921474019088017,,False,,,0,0,0.445,0.887
BBY,"Best Buy Co., Inc.",Consumer Discretionary,XLY,16892985344.0,2026-09-14,94.83000183105469,0.04438324497632107,0.050515180653200265,0.09731548067923335,0.1196114029447286,0.19019659070703265,True,0.13118593979271687,0.22178891007196921,0.14933706886392084,0.2619332016544047,1.0,1.134461685952099,0.8068371232304279,1.3775520629889624,1.134461685952099,368605846.08837205,0.9794996923911117,86.9185001373291,83.87666676839193,73.87229042053222,True,True,True,True,True,False,accumulation,3,1,normal,False,False,,False,7.0,,0.0412392379519851,66.09833206084565,True,True,True,True,True,True,False,,Uptrend Under Pressure,87.0,0.09,0.26381522489691694,0.9099102163807861,-0.039688462275234926,0.1880542699480352,0.6250545484967226,0.9193531283138918,,False,,,0,0,0.445,0.887
CRCL,"Circle Internet Group, Inc.",Financials,XLF,26046367744.0,2026-09-14,97.41999816894531,0.07527593608925143,-0.04536996319798492,0.3606145285625464,0.3882603207674973,0.4756827354387523,False,0.4026121487276819,0.514852936919173,0.38757395173417963,0.470309484817772,0.9437178630334895,1.081702841203974,0.747605456863866,1.502112670577624,1.081702841203974,1392975680.6234734,0.9426083772078805,89.70200042724609,74.45300019582113,87.46316665013632,True,True,True,False,False,False,accumulation,3,0,normal,False,False,,False,6.0,,0.07287298654362913,60.31185667585022,True,True,True,True,True,True,False,,Uptrend Under Pressure,103.23,-0.0563,0.258292414889259,0.9738729071360308,-0.5285798881727697,-0.44670171417304483,0.015769207288809702,0.916914103923648,,False,,,0,0,0.445,0.887
NTRA,"Natera, Inc.",Health Care,XLV,46408658944.0,2026-09-14,341.7900085449219,0.03909651340860387,0.04147119316498471,0.10279745949747277,0.1252047679374495,0.19775824641597484,True,0.13683712896357902,0.22955128072493847,0.10029928710187064,0.19439943693722284,1.0,0.9207191902750292,0.8208762190856288,1.3697347030578193,0.9207191902750292,370586956.5326309,0.9236554646928908,327.5347534179688,291.34375152587893,248.63912595113118,True,True,True,True,True,False,weak_rally,0,0,normal,False,False,,False,25.0,,0.029595237404322856,66.81403805397287,True,True,True,True,False,True,False,,Uptrend Under Pressure,322.1,0.0611,0.6943050982710203,0.9548611509199223,0.4950705740172132,0.4011207952430227,0.9212285791162351,0.9097560975609758,,False,,,0,0,0.445,0.887
VOD,Vodafone Group Plc,Communication Services,XLC,37068484608.0,2026-09-14,17.530000686645508,0.007471325917547178,0.037278170552409895,0.06760052406784722,0.08929267980093192,0.3048723970935663,True,0.10055378184708741,0.33950864611439524,0.04793148740078568,0.2697102602370074,1.0,0.9063335346166354,0.945725293328007,1.6006865468856146,0.9063335346166354,47234832.29380856,0.6538458716942376,16.438999891281128,15.439666589101156,15.239088988304138,True,True,True,True,True,False,weak_rally,3,1,normal,False,False,,False,38.0,,0.017276503972938187,72.81720158058839,False,True,True,True,True,True,False,,Uptrend Under Pressure,15.27,0.148,0.764887647311291,0.9638367007488521,0.19016234261510623,-0.028905658707107484,0.6719970063332783,0.9084305408271474,,False,,,0,0,0.445,0.887
WPM,Wheaton Precious Metals Corp,Materials,XLB,68500946944.0,2026-09-14,149.6699981689453,-0.028873586096720083,-0.034262470673498635,0.11666956779026472,0.13935873815017308,0.26758024141464865,False,0.15113742284658804,0.3012266155684058,0.16200867822636278,0.3339669328441319,0.9141827330381114,0.6480434900979941,0.6144103738380866,1.7784213375170315,0.6480434900979941,360676026.8600418,0.6504980322502003,152.01943817138672,127.52386220296223,129.3002991994222,False,True,True,True,False,False,dry_up,1,1,normal,False,False,,False,17.0,,0.041801500409014314,54.24427838761338,True,True,True,True,False,True,False,,Uptrend Under Pressure,147.23,0.0165,0.2920203611619612,0.9407490851691787,0.03002849203843283,-0.19913743612969736,0.42372073882971145,0.9039236479321314,,False,,,0,0,0.445,0.887
EXPD,Expeditors International of Was,Industrials,XLI,24652720128.0,2026-09-14,193.61000061035156,0.0052440003885207975,0.025476681572272675,0.04024288464250225,0.06137917124520964,0.13094985460665387,True,0.07235170358540732,0.16096954149824305,0.14173896935676011,0.2504513853512178,1.0,1.2495530377769024,1.1383122588250947,2.0619715676023485,1.2495530377769024,143727219.7540474,0.9295282081741748,188.64300079345702,177.8741668701172,164.8742285410563,True,True,True,True,True,False,accumulation,4,2,normal,False,False,,False,28.0,,0.017118363502843844,66.77718608823577,True,True,True,True,False,True,False,,Uptrend Under Pressure,181.48,0.0668,0.6605068244053837,0.9111039498183728,0.28119921558209304,0.11700860267976032,0.8060185363140366,0.9036585365853658,,False,,,0,0,0.445,0.887
T,AT&T Inc.,Communication Services,XLC,177408262144.0,2026-09-14,26.510000228881836,0.017267873068361084,0.0323208689191008,0.06508641538605842,0.08672748793229035,0.27777016577319236,True,0.09796207103827803,0.3116870190622061,0.04546369763204772,0.24333834735154514,1.0,1.1673633901363136,1.2603446934402018,1.6121524592882386,1.1673633901363136,841472948.3993912,0.7717396712719553,25.62450017929077,23.55236358642578,24.372613843282064,True,True,True,False,False,False,accumulation,4,4,normal,False,False,,False,37.0,분산4일,0.01989816236411734,65.94438913269214,True,True,True,True,False,True,False,,Uptrend Under Pressure,23.04,0.1506,0.4377952279301201,0.9638367007488521,-0.270204022303263,-0.23101000887486167,0.14429835370941083,0.9031813361611877,,False,,,0,0,0.445,0.887
NOW,"ServiceNow, Inc.",Information Technology,XLK,153001246720.0,2026-09-14,142.35000610351562,0.07409648694385096,0.0077163502694808095,0.14798392018964224,0.17130935457679142,0.31055235392931735,False,0.1834183445792914,0.3453393704886649,0.18367929137231864,0.31207304013686277,0.961889322384619,1.0286775211750383,0.7984550017438591,1.460835885183565,1.0286775211750383,2265195160.307579,0.8588394899623524,133.6219997406006,116.494500096639,108.1967503229777,True,True,True,True,True,False,accumulation,2,0,normal,False,False,,False,10.0,,0.05010781606150373,60.41984699487391,True,True,True,True,False,True,False,,Uptrend Under Pressure,144.71,-0.0163,0.2876619382987485,0.9308295144731314,-0.4330056787612754,-0.05150132772426841,0.2209509187888764,0.8999999999999999,,False,,,0,0,0.445,0.887
ULTA,"Ulta Beauty, Inc.",Consumer Discretionary,XLY,22965037056.0,2026-09-14,548.6500244140625,0.0034200135648556618,-0.027423191585172146,0.07420464887726386,0.09603099122848624,0.1641141534706536,True,0.10736175390305847,0.1950141462960746,0.12513059757105172,0.2342787000488329,0.9708042125325803,0.5713745298913533,0.7317504128283361,1.2041377413066716,0.5713745298913533,375215503.7040771,0.7420216784495853,536.4584945678711,505.84349466959634,509.9164133707682,True,True,True,False,False,False,weak_rally,2,0,normal,False,False,,False,29.0,,0.03373995412275851,55.93205463459172,True,True,True,True,False,True,False,,Uptrend Under Pressure,534.41,0.0266,0.309203652034167,0.9099102163807861,-0.17397718296105857,-0.18495133546985776,0.24392233650713258,0.8883351007423117,,False,,,0,0,0.445,0.887
SUZ,Suzano S.A.,Materials,XLB,10739209216.0,2026-09-14,9.199999809265137,-0.017094001418896276,0.003271508475637397,0.1344019973774544,0.15745146600947812,0.1428084579586153,False,0.1694171932321995,0.1731429170376253,0.18046108139082517,0.20266050517641698,0.9756097042982697,0.4807817423313908,0.8474665033082727,2.142741420700657,0.4807817423313908,32263848.505378198,0.49999602635322543,8.891999912261962,8.393333292007446,8.630580115318299,True,True,True,False,False,False,dry_up,1,1,normal,False,False,,False,,,0.02212731780440533,61.77598557731795,False,True,True,True,False,True,False,,Uptrend Under Pressure,,,0.2768116887592184,0.9407490851691787,-0.30181889816448615,-0.32392282758071234,0.08989501816775838,0.8858960763520678,,False,,,0,0,0.445,0.887
CIB,Grupo Cibest S.A.,Financials,XLF,22700226560.0,2026-09-14,101.83999633789062,-0.001960060523738094,0.029227376962835283,0.07419003636838273,0.09601608181377652,0.28021793735819767,True,0.10734669035489719,0.31419976376362757,0.09547420109636229,0.27555641245064066,0.9875872151415955,0.7161249952678997,1.1384350173373923,1.0538652583508428,0.7161249952678997,33702050.27740936,0.8271568308867507,98.53386268615722,88.61305020650228,78.66113770802816,True,True,True,True,True,False,dry_up,5,3,normal,False,False,,False,,분산3일,0.03328098184168323,64.27429665021387,False,True,True,True,False,True,False,,Uptrend Under Pressure,,,0.4050030885875271,0.9738729071360308,0.5887330706436902,0.27965837870858756,0.9159704431938174,0.8851007423117709,,False,,,0,0,0.445,0.887
MSFT,Microsoft Corporation,Information Technology,XLK,3766905208832.0,2026-09-14,505.4100036621094,0.019732459058061425,0.011426838734421407,0.022126470389467467,0.04289465668644943,0.2692950611775047,True,0.05367609621148395,0.3029869531339717,0.05390843450457816,0.27076787490146703,0.9841878270568061,1.089018771822519,0.8074313674185017,1.5918204634317095,1.089018771822519,10472230577.030945,0.6901650935502226,494.79862518310546,441.5449803670247,422.8240549723307,True,True,True,True,True,False,accumulation,2,1,normal,False,False,,False,29.0,,0.020725539376820756,61.58017225924654,True,True,True,True,False,True,False,,Uptrend Under Pressure,486.73,0.0384,0.6753308135575123,0.9308295144731314,-0.1654924121451835,0.06616274613755779,0.4490565653779278,0.883881230116649,,False,,,0,0,0.445,0.887
PAYC,"Paycom Software, Inc.",Industrials,XLI,10776624128.0,2026-09-14,222.85000610351562,0.017998274978276996,-0.038071360707646384,0.02331367661610173,0.04410598529011023,0.5695153952513183,False,0.054899947523935566,0.6111762704396002,0.12315798523329602,0.7353578430802057,0.9265341848700088,1.3049959407633076,1.1773326605718712,2.038477076134598,1.3049959407633076,148952434.10916597,0.5054797275844816,227.6638198852539,180.16611989339194,154.85035832722983,False,True,True,True,True,False,accumulation,1,2,normal,False,False,,False,24.0,,0.03350794087921963,56.503515711477604,True,True,True,True,False,True,False,,Uptrend Under Pressure,213.1,0.0458,0.7410835908108094,0.9111039498183728,-0.1675361844226806,0.5106973360339919,0.5536063056931673,0.8833510074231177,,False,,,0,0,0.445,0.887
COP,ConocoPhillips,Energy,XLE,159165202432.0,2026-09-14,136.6699981689453,-0.004950913027683579,0.01795027380242198,0.0851993314193007,0.107249070406775,0.2858815557372576,True,0.11869580552542125,0.3200137159967664,0.04113887670079186,0.08343369690609537,0.9950490869723164,1.0099754975390198,0.8869174638092536,1.536425743269288,1.0099754975390198,851799490.3731194,0.15343004772740343,133.58899993896483,120.02744178771972,120.05874201456706,True,True,True,True,False,False,distribution,1,1,normal,False,False,,False,121.0,,0.021822633341752044,65.58973751594294,True,True,True,True,False,True,False,,Uptrend Under Pressure,125.15,0.0921,0.4890772028903407,0.9880569773625073,0.13341190951971882,-0.12839372813864725,0.5560267892472195,0.8827677624602334,,False,,,0,0,0.445,0.887
VRSN,"VeriSign, Inc.",Information Technology,XLK,26060511232.0,2026-09-14,298.6000061035156,0.020122355985041418,0.022322719224163068,0.0536046442261493,0.0750124231738134,0.14315692496240207,True,0.08612589600138953,0.17350063367374813,0.08636538955891626,0.14448337557205404,1.0,1.025052972478661,1.1052984803959365,1.5918356772760918,1.025052972478661,190848956.34788513,0.348147273693148,287.2580795288086,277.15235366821287,277.0497341156006,True,True,True,True,True,False,accumulation,4,2,normal,False,False,,False,35.0,,0.024591251418511813,60.796457379207645,True,True,True,True,False,True,False,,Uptrend Under Pressure,279.18,0.0696,0.38588638721303664,0.9308295144731314,-0.16238654648012996,0.021941011967189894,0.42425231816979336,0.8808589607635207,,False,,,0,0,0.445,0.887
DE,Deere & Company,Industrials,XLI,176580362240.0,2026-09-14,681.4600219726562,0.00846484124211333,-0.017403727040422146,0.11925769778809836,0.14199945534490732,0.07367252023905801,True,0.15380543976191752,0.1021718500284321,0.22846322640925942,0.18712185591412744,0.9757865125037427,0.7181237577919432,0.75981399942217,1.3771287530878524,0.7181237577919432,933156425.6175385,0.6696132220350738,650.7444946289063,622.2338297526042,597.4213897705079,True,True,True,True,True,False,weak_rally,3,1,normal,False,False,,False,7.0,,0.02629783702284914,62.50507683077328,True,True,True,True,True,True,False,,Uptrend Under Pressure,698.37,-0.0242,0.29611834273554044,0.9111039498183728,0.08813877329164654,-0.09698421578637084,0.5529083110428769,0.8806468716861082,,False,,,0,0,0.445,0.887
TX,Ternium S.A. Ternium S.A.,Materials,XLB,10761586688.0,2026-09-14,55.959999084472656,-0.03350608618791051,-0.03517242957805766,0.03995535506989989,0.061085799472152535,0.3119976897259893,False,0.07205529893648976,0.346823070964277,0.08217970867651792,0.3807106460646188,0.9630011787420991,0.9862395014175197,0.7025112442639269,3.2285355762241426,0.9862395014175197,30374955.415294267,0.16600726149837763,55.941499900817874,50.10349992116292,46.933791160583496,True,True,True,True,True,False,dry_up,3,0,normal,False,False,,False,,,0.02526039652557539,55.68171198700792,False,True,True,True,True,True,False,,Uptrend Under Pressure,,,0.43577644217512995,0.9407490851691787,0.3352160960247932,0.2541776684972754,0.8746284484259509,0.8784199363732768,,False,,,0,0,0.445,0.887
PR,Permian Resources Corporation,Energy,XLE,19506704384.0,2026-09-14,23.760000228881836,-0.0008410621188461587,0.017123270893795395,0.1051162897154343,0.12757071355585614,0.27787062140806573,True,0.1392275337154567,0.31179014116959647,0.06024718149546282,0.07668399577131857,0.9953916796613278,1.130930625445617,0.8986898241667997,1.2384925397264215,1.130930625445617,221987856.3684227,0.07407346358256824,23.365000343322755,21.059333483378094,20.640077606836954,True,True,True,True,True,False,distribution,2,1,normal,False,False,,False,17.0,,0.026479066453312432,62.57968561634851,True,True,True,True,False,True,False,,Uptrend Under Pressure,23.02,0.0321,0.4443420714015344,0.9880569773625073,0.3150402717181382,-0.06080448316308473,0.6947565610818803,0.876882290562036,,False,,,0,0,0.445,0.887
GDDY,GoDaddy Inc.,Information Technology,XLK,12396276736.0,2026-09-14,104.47000122070312,0.06525952427648152,0.031191429654134017,0.1007269749206674,0.12309221399774106,0.15534343248502092,False,0.13470273545225275,0.1860106172007545,0.1349529403279941,0.15668402358578137,0.9940057348947241,1.136526806345362,1.0904054453966765,2.0906601976479005,1.136526806345362,169204285.206781,0.9111570345639662,98.07150001525879,92.4459997812907,88.51658306121826,True,True,True,True,True,False,accumulation,4,1,normal,False,False,,False,29.0,,0.039167085125843014,60.17995337878632,True,True,True,True,True,True,False,,Uptrend Under Pressure,88.45,0.1811,0.4551754715323735,0.9308295144731314,-0.43446449406416776,0.04794092670304395,0.2983600404280672,0.8750265111346766,,False,,,0,0,0.445,0.887
VZ,Verizon Communications Inc.,Communication Services,XLC,207821864960.0,2026-09-14,51.290000915527344,0.01343608569403365,0.022935810528077694,0.05796207507887674,0.0794583909525941,0.199731298883153,True,0.09061782617189396,0.2315767054675486,0.03847061326524015,0.1674023782803502,1.0,1.0195599348096251,1.0417120103444917,1.504567541503262,1.0195599348096251,876907351.721803,0.6521730477068725,49.90050029754639,46.52505842844645,46.53554388682048,True,True,True,True,False,False,accumulation,4,3,normal,False,False,,False,121.0,분산3일,0.016447084551552662,67.4099439973227,True,True,True,True,False,True,False,,Uptrend Under Pressure,48.41,0.0594,0.5233794244985405,0.9638367007488521,-0.024167870703968752,-0.1794757767928542,0.38995290175391784,0.8744962884411454,,False,,,0,0,0.445,0.887
VEEV,Veeva Systems Inc.,Health Care,XLV,46255738880.0,2026-09-14,265.6700134277344,0.01246196496688956,-0.03424327687505502,0.08992826021634626,0.11207408445069289,0.3492192289483729,False,0.12357070053937624,0.385032610625873,0.08745924047984821,0.34543568552576076,0.9299240825979626,0.7724053519860848,0.637984642385369,1.3448970416090242,0.7724053519860848,470895855.62957764,0.7445408342485671,262.46450119018556,218.3418342590332,192.27525075276694,True,True,True,True,True,False,weak_rally,1,0,normal,False,False,,False,11.0,,0.0437877476940825,58.74094742182913,True,True,True,True,False,True,False,,Uptrend Under Pressure,282.13,-0.0583,0.2806812290875043,0.9548611509199223,-0.2441244434255927,0.19611805311732433,0.45467624760608416,0.8730116648992576,,False,,,0,0,0.445,0.887
EL,"Estee Lauder Companies, Inc. (T",Consumer Staples,XLP,37011992576.0,2026-09-14,98.22000122070312,0.011326178367100592,-0.05430386439922963,0.1446415274344175,0.16789904905594621,0.15241031106349823,False,0.1799727833377467,0.1829996396423479,0.16728485006383464,0.18527128736115905,0.9279129423822783,0.5204710059332543,0.6479656035400545,1.486130615962371,0.5204710059332543,396035318.49390566,0.6704127876740903,99.27220916748047,88.67227325439453,83.85915565490723,False,True,True,True,True,False,weak_rally,1,1,normal,False,False,,False,15.0,,0.031399373789650444,53.92537039446728,True,True,True,True,False,True,False,,Uptrend Under Pressure,101.59,-0.0332,0.24755068171514957,0.9497192280606287,-0.1498625679833192,-0.15523994994155665,0.2987769831346223,0.8695652173913044,,False,,,0,0,0.445,0.887
OXY,Occidental Petroleum Corporatio,Energy,XLE,60158177280.0,2026-09-14,61.779998779296875,0.0052066335761640214,0.03370224548237144,0.06345931444303976,0.08506732656427785,0.24208219500885675,True,0.09628474693069622,0.2750517545661655,0.02028153169624103,0.04653006211611843,1.0,1.2567434177917614,1.1509066131945895,2.377150308592686,1.2567434177917614,432687030.00532454,0.20401320724867697,60.07663688659668,55.934439214070636,56.8680459022522,True,True,True,True,False,False,accumulation,5,0,normal,False,False,,False,26.0,,0.022650642606691456,65.06265727256576,True,True,True,True,True,True,False,,Uptrend Under Pressure,55.78,0.1075,0.6089044272899885,0.9880569773625073,0.06435604214483837,-0.15183099018311985,0.4906610712533379,0.8644220572640511,,False,,,0,0,0.445,0.887
CF,"CF Industries Holdings, Inc.",Materials,XLB,19678496768.0,2026-09-14,131.24000549316406,-0.013752173520183097,-0.015823025975069238,0.10938294258322911,0.1319240588674826,0.16812829599976808,False,0.14362588388822428,0.19913483935116627,0.15442620085813497,0.22930641333144797,0.9423422235014269,0.7985730800782658,0.9667668448208634,1.3478545576592655,0.7985730800782658,347766714.5976372,0.12737078708652502,129.67200164794923,120.41908531188965,120.25938479105632,True,True,True,True,True,False,dry_up,4,2,normal,False,False,,False,7.0,,0.042617119397926624,54.131136016878955,True,True,True,True,False,True,False,,Uptrend Under Pressure,139.27,-0.0577,0.3478318701630168,0.9407490851691787,0.15389097655636008,-0.23180739138114748,0.4888657756513599,0.8633616118769883,,False,,,0,0,0.445,0.887
AEM,Agnico Eagle Mines Limited,Materials,XLB,102847766528.0,2026-09-14,197.5500030517578,-0.014024743212386337,-0.03507054572177393,0.06182910543126008,0.08340399397587572,0.2595819309575884,False,0.09460421881866488,0.2930159996986832,0.10494157886480959,0.325549728694253,0.883444132584615,0.7386456055375828,0.5445366141165613,1.391132332433227,0.7386456055375828,633621725.1006806,0.9390239363846693,204.414054107666,171.2063232421875,179.92975400288898,False,True,True,False,False,False,dry_up,0,2,normal,False,False,,False,15.0,,0.041257964559770384,52.85132562336268,True,True,True,False,False,True,False,,Uptrend Under Pressure,215.58,-0.0836,0.3116209136952131,0.9407490851691787,-0.012566452324927813,-0.2621967400674856,0.3465187318972476,0.8627253446447508,,False,,,0,0,0.445,0.887
IAG,Iamgold Corporation,Materials,XLB,11676950528.0,2026-09-14,19.790000915527344,-0.023198386379309155,-0.0336913399478348,0.08142086014131067,0.10339382585493628,0.1697615640955703,False,0.11480070547550003,0.20081146055997023,0.12532879962503074,0.23102522020543192,0.8926477603709393,1.0561367023288915,0.7509754451899653,1.4556448139640503,1.0561367023288915,99355329.32559776,0.5038767942371498,20.419500255584715,17.273500029246012,17.472833387056987,False,True,True,True,False,False,distribution,0,1,normal,False,False,,False,17.0,,0.0435104025052038,52.40234078810949,True,True,True,False,False,True,False,,Uptrend Under Pressure,19.72,0.0035,0.36628200079014017,0.9407490851691787,0.34313435732811914,-0.24192988401168636,0.5601105214723233,0.8602863202545069,,False,,,0,0,0.445,0.887
NMR,Nomura Holdings Inc,Financials,XLF,29751998464.0,2026-09-14,10.729999542236328,-0.011970544986250276,0.007511730194512012,0.09266801178127726,0.11486950395159501,0.1592666363094013,True,0.12639501907250827,0.1900379576939184,0.11431830192395243,0.15504551884028728,0.9880294550137497,1.5247153928208463,1.350881126295115,1.0044219993565882,1.5247153928208463,7377138.909395218,0.21699830742315843,10.167999982833862,9.718500010172527,8.959666653474171,True,True,True,True,True,False,distribution,4,4,interest,False,False,,False,,분산4일,0.018966171795464972,66.21847935096343,False,True,True,True,False,True,False,,Uptrend Under Pressure,,,0.3463812425670034,0.9738729071360308,0.10748135656864855,0.14446365804952488,0.7347330910965548,0.8594909862142099,,False,,,0,0,0.445,0.887
IT,"Gartner, Inc.",Information Technology,XLK,12510443520.0,2026-09-14,197.07000732421875,0.09733287679030989,0.057129113077352134,0.08824347732887183,0.11035506912145077,0.4150532507552336,False,0.12183391403861998,0.45261411638474636,0.12208128130609452,0.4166951935245664,0.9718414464471281,1.3925618106444353,1.066256253612916,1.0591739666979525,1.3925618106444353,223190813.94641113,0.9557046144864705,188.82050018310548,162.0740001678467,157.97074998219807,True,True,True,True,True,False,accumulation,1,2,normal,False,False,,False,24.0,,0.04246677718998663,59.158976256202,True,True,True,True,False,True,False,,Uptrend Under Pressure,193.17,0.0202,0.4095547562561925,0.9308295144731314,-0.3643579309681617,-0.06898561247390045,0.22379965043740546,0.8569459172852598,,False,,,0,0,0.445,0.887
CVX,Chevron Corporation,Energy,XLE,404364918784.0,2026-09-14,212.1699981689453,-0.00882929744559624,0.017114055421734387,0.07010820005631913,0.09185130827288801,0.23813843630605036,True,0.10313886140685025,0.2710033135903547,0.02666046420965129,0.043207204694279744,0.9911707025544038,1.1946476197651519,1.0635828158740848,1.5837448584691718,1.1946476197651519,1621047530.964788,0.14106510347532641,206.90081634521485,190.35869827270508,188.91630681355795,True,True,True,True,True,False,distribution,4,2,normal,False,False,,False,9.0,,0.020377858739585322,65.04431478696958,True,True,True,True,False,True,False,,Uptrend Under Pressure,206.14,0.0293,0.45072778163867017,0.9880569773625073,0.0763592447463548,-0.14151874902711525,0.5081066414631885,0.8550371155885472,,False,,,0,0,0.445,0.887
TM,Toyota Motor Corporation,Consumer Discretionary,XLY,232739405824.0,2026-09-14,197.55999755859375,-0.0032290585242318315,0.0022829737042706633,0.033750180145689423,0.05475454403582902,0.10762183264986525,True,0.06565859101446492,0.13702230560187068,0.08275826132585995,0.17438142270919976,0.988442499549573,0.864573669608136,1.01767563750322,1.4644989071996908,0.864573669608136,67010058.48466186,0.9833340397575552,194.07049865722655,184.57833251953124,189.24024925231933,True,True,True,False,False,False,dry_up,3,2,normal,False,False,,False,8.0,,0.017123183530799887,58.801771063846296,True,True,True,True,False,True,False,,Uptrend Under Pressure,198.05,-0.0025,0.33332686675036627,0.9099102163807861,-0.2015909789299597,-0.24198873157194412,0.18292728148380955,0.8547720042417815,,False,,,0,0,0.445,0.887
IOT,Samsara Inc.,Information Technology,XLK,23803705344.0,2026-09-14,42.90999984741211,0.11803018898455009,0.06741291126966886,0.07841163257342987,0.10032345497402129,0.16899631863681464,True,0.11169859311642139,0.20002590259224395,0.11194372551952769,0.17035275172633813,1.0,1.3354233638303799,1.1806837909483356,0.9636076310685686,1.3354233638303799,299408490.7295874,0.9347564612281062,39.66100025177002,37.241666825612384,34.103500080108645,True,True,True,True,True,False,accumulation,3,5,normal,False,False,,False,6.0,분산5일,0.06108965849245506,61.279509357556876,True,True,True,True,False,True,False,,Uptrend Under Pressure,38.75,0.1074,0.3094518532662757,0.9308295144731314,-0.11090339230711466,0.09841092391322559,0.5276057223351506,0.8537645811240722,,False,,,0,0,0.445,0.887
HUBS,"HubSpot, Inc.",Information Technology,XLK,13379203072.0,2026-09-14,250.61000061035156,0.11219100241365565,0.012156681876564823,0.1180958387292903,0.14081398892822028,0.2768435354563452,False,0.15260771799959372,0.3107357924718259,0.1528618709701033,0.27832510797631405,0.9588690490369027,1.164356249426352,1.1349873685616203,1.0158233735977915,1.164356249426352,304440316.58033675,0.975910484184027,241.4589988708496,220.52699864705403,218.3687494913737,True,True,True,False,True,False,accumulation,1,2,normal,False,False,,False,27.0,,0.051665066088612835,55.71920134471157,True,True,True,True,False,True,False,,Uptrend Under Pressure,250.21,0.0016,0.4477697361622151,0.9308295144731314,-0.59519705602992,-0.22932775771993308,0.05751344775893296,0.8495227995758219,,False,,,0,0,0.445,0.887
GFI,Gold Fields Limited,Materials,XLB,41310871552.0,2026-09-14,43.119998931884766,-0.04390243035978092,-0.06964343372481019,0.09589707399774516,0.11816417621497877,0.21730915756502278,False,0.12972375164057848,0.24962114700603677,0.1403927779174856,0.2810630129638447,0.9023716730796865,0.7258000881774737,0.7428084968084494,1.0444385169662527,0.7258000881774737,172975193.54002762,0.48999786376953125,44.936985397338866,37.56003087361653,39.66326084136963,False,True,True,True,False,False,dry_up,3,1,normal,False,False,,False,22.0,,0.0404284411832947,50.59689793359684,True,True,True,True,True,True,False,,Uptrend Under Pressure,39.83,0.0827,0.3270279858384659,0.9407490851691787,-0.1053217745136319,-0.26486435842397926,0.2633698648101712,0.8431601272534465,,False,,,0,0,0.445,0.887
SPOT,Spotify Technology S.A.,Communication Services,XLC,111759687680.0,2026-09-14,556.3099975585938,0.05812648132875653,0.02558856455252978,0.08480556455138344,0.10684730274452625,0.12051907731721201,True,0.11828988439117416,0.15026189192574702,0.06481954923500521,0.09032467268824518,0.9932156399772384,1.0816087570165491,0.8725749213829337,1.2079478761799,1.0816087570165491,851452268.4568145,0.8186048492218014,536.4635025024414,501.0708353678385,490.2355852762858,True,True,True,True,True,False,accumulation,1,0,normal,False,False,,False,38.0,,0.03538418676343802,60.19450225867159,True,True,True,True,False,True,False,,Uptrend Under Pressure,493.23,0.1279,0.29919087969144387,0.9638367007488521,-0.3964992616208335,-0.18234119448552877,0.12408386788975892,0.8428950159066808,,False,,,0,0,0.445,0.887
BP,BP p.l.c.,Energy,XLE,110404919296.0,2026-09-14,45.93000030517578,-0.0036875959777036282,0.04839075246359692,0.07994360741750106,0.10188655741324415,0.216863139291382,True,0.11327785490051356,0.2491632897203757,0.03609654168909748,0.025281468381683103,0.9963124040222964,1.2035788195267791,0.8977820077004389,1.2719564712664255,1.2035788195267791,421043230.7795868,0.24017590911362463,44.040500259399415,41.63987013498942,42.827682717641196,True,True,True,True,False,False,distribution,3,1,normal,False,False,,False,8.0,,0.02142234708042596,64.24612909895372,True,True,True,True,True,True,False,,Uptrend Under Pressure,44.47,0.0328,0.40968919700449186,0.9880569773625073,0.07919809203061234,-0.1401967082925759,0.51278616763177,0.8397136797454932,,False,,,0,0,0.445,0.887
RGLD,"Royal Gold, Inc.",Materials,XLB,22153793536.0,2026-09-14,248.33999633789062,-0.01561757753476567,-0.05253515616813487,0.07655628672977444,0.09843041108688233,0.1908352337663568,False,0.10978597895144415,0.22244450513371716,0.12026671440024894,0.25320257638064025,0.9233343405253958,1.1627759739492356,0.8770823900139666,1.1378103896745044,1.1627759739492356,165502848.10778046,0.7003668839547174,256.7715003967285,222.3099355061849,229.03595975240071,False,True,True,True,False,False,distribution,0,1,normal,False,False,,False,162.0,,0.030614698234747377,50.853582238445135,True,True,True,True,False,True,False,,Uptrend Under Pressure,278.37,-0.1079,0.3233028041378754,0.9407490851691787,0.007365949483022938,-0.2582805972729164,0.3659104115839526,0.8386532343584305,,False,,,0,0,0.445,0.887
EGO,Eldorado Gold Corporation,Materials,XLB,11694735360.0,2026-09-14,41.15999984741211,-0.05920000348772325,-0.04323571805113491,0.03772865578764106,0.058813856761745775,0.19823545986867508,False,0.0697598688941845,0.23004116122770446,0.0798626007652623,0.26099037284001514,0.8564387486006275,1.296412337936608,0.7128740481881536,1.4482324482750422,1.296412337936608,122582342.9963583,0.503703075771062,43.857605361938475,36.242972660064694,34.47271202405294,False,True,True,True,True,False,distribution,2,2,normal,False,False,,False,15.0,,0.04986919619765908,48.49002661574156,True,True,True,False,False,True,False,,Uptrend Under Pressure,45.64,-0.0982,0.3826729254479941,0.9407490851691787,0.1661377654824201,-0.11264026195828658,0.5860297060373033,0.8384941675503711,,False,,,0,0,0.445,0.887
AGI,Alamos Gold Inc.,Materials,XLB,15325110272.0,2026-09-14,35.65999984741211,-0.0072382609907253315,-0.03438830025967443,0.07010386860648743,0.09184688881402847,0.10650073203962918,False,0.10313439625964804,0.13587144674094231,0.11355231466099469,0.1644512429930285,0.9148812168592395,0.7779867585043052,0.6935612661450332,1.6652815140316166,0.7779867585043052,135611419.01159477,0.8065680939716591,36.448792457580566,32.4450909614563,37.090341011683144,False,True,True,False,False,False,dry_up,1,0,normal,False,False,,False,25.0,,0.03866513473472493,51.81044275111312,True,True,True,True,False,True,False,,Uptrend Under Pressure,33.11,0.0769,0.31875225913264704,0.9407490851691787,-0.16343240061221165,-0.3924858697709289,0.17928604214196403,0.8361611876988335,,False,,,0,0,0.445,0.887
TRI,Thomson Reuters Corp,Industrials,XLI,46493663232.0,2026-09-14,105.81500244140625,0.0869543307649403,0.0012774615427764147,0.027955402986791444,0.04884202507582147,0.16862261631861308,False,0.059684948464266085,0.19964228080101032,0.1282526030006923,0.2921048299145135,0.9468056587223618,1.211764433303793,0.9242725854626245,1.3566850289621382,1.211764433303793,176009718.59115297,0.9442486456122157,103.65584373474121,96.30127271016438,91.27593218485514,True,True,True,True,True,False,accumulation,2,2,normal,False,False,,False,18.0,,0.041825006173927516,54.61402462494133,True,True,True,True,False,True,False,,Uptrend Under Pressure,100.24,0.0557,0.34332021886749303,0.9111039498183728,-0.47076160978791126,-0.046007369247728525,0.21921350677305793,0.8336161187698834,,False,,,0,0,0.445,0.887
NWSA,News Corporation,Communication Services,XLC,16496181248.0,2026-09-14,30.559999465942383,0.038043441289652646,0.008977510316485526,0.05153728408845626,0.07290305715746803,0.12665208158838226,True,0.08399472337016145,0.15655768932799652,0.03216419000387161,0.09629241211359219,0.9830979883363946,0.9593020331282591,0.9882407116925036,1.2801075022163808,0.9593020331282591,111023948.8372509,0.8732392852729477,30.144090938568116,28.194970194498698,26.990436776479086,True,True,True,True,True,False,weak_rally,1,4,normal,False,False,,False,26.0,분산4일,0.0213258181317901,59.65608369676628,True,True,True,True,False,True,False,,Uptrend Under Pressure,29.57,0.0335,0.3988173590252992,0.9638367007488521,-0.17685443464546236,0.03415087424700958,0.4165492790554122,0.8248144220572641,,False,,,0,0,0.445,0.887
SAP,SAP  SE,Information Technology,XLK,254952177664.0,2026-09-14,218.27999877929688,0.05776312334604339,0.014736637812982956,0.04957444582429238,0.07090033675354745,0.31411076446146646,True,0.08197129885314403,0.34899223469581253,0.08220987631129884,0.31563557963478805,0.9852848487603525,0.8698952923511016,0.948742304306563,0.7712106150502932,0.8698952923511016,498801360.93841094,0.9456192030388523,214.28199844360353,185.2496660868327,178.2644037882487,True,True,True,True,True,False,weak_rally,0,4,normal,False,False,,False,32.0,분산4일,0.0298731571958269,60.58296113238,True,True,True,True,False,True,False,,Uptrend Under Pressure,185.99,0.1736,0.3983795522210347,0.9308295144731314,-0.310464767850426,-0.05064250988901464,0.26209099932846,0.8214740190880171,,False,,,0,0,0.445,0.887
NEM,Newmont Corporation,Materials,XLB,132828446720.0,2026-09-14,123.06999969482422,-0.029492925918884527,-0.03919116860479943,0.04726723246645537,0.06854624403368392,0.24398851041116498,False,0.07959286953501254,0.2770086707897752,0.08978846352575953,0.30913963748326445,0.9125809545608989,0.8410331813260387,0.8700600357944691,1.0690660954464288,0.8410331813260387,1029670793.0752224,0.7049135787765554,127.01077499389649,107.84322967529297,108.62973333994547,False,True,True,True,False,False,dry_up,0,2,normal,False,False,,False,152.0,,0.0354629390401952,51.98019578524633,True,True,True,True,False,True,False,,Uptrend Under Pressure,116.1,0.06,0.3356758224795782,0.9407490851691787,0.20747156738502293,-0.11540721527157116,0.6077848901229348,0.8209437963944858,,False,,,0,0,0.445,0.887
JKHY,"Jack Henry & Associates, Inc.",Financials,XLF,11930137600.0,2026-09-14,164.5500030517578,0.0212885305270496,-0.006580514017791916,0.07721825450060904,0.09910582912085508,0.10065942150923846,False,0.11046837945353172,0.12987508573466688,0.09856242080314814,0.09665170441796711,0.9512056703557521,1.3768285179744102,0.9155987493878781,1.6240856672158155,1.3768285179744102,163088418.05332184,0.06982522764546288,164.36239700317384,152.74743766784667,148.336780611674,True,True,True,False,True,False,accumulation,1,0,normal,False,False,,False,9.0,,0.025471101293377957,55.26805062595115,True,True,True,True,False,True,False,,Uptrend Under Pressure,167.3,-0.0164,0.3193737327710351,0.9738729071360308,-0.18335628459690634,-0.2143649217563901,0.21673423520181248,0.8207847295864263,,False,,,0,0,0.445,0.887
HMC,"Honda Motor Company, Ltd.",Consumer Discretionary,XLY,41473601536.0,2026-09-14,32.4900016784668,-0.0009224716751107254,-0.005509534758701418,0.028815761778315796,0.049719865159712384,0.13499369017062768,False,0.06057186365436862,0.16512071575365117,0.07758991180125929,0.2034030617107736,0.9736290895539365,0.6314961597297252,0.8203277334661416,1.5851886497381023,0.6314961597297252,25790885.17815132,0.7311828839101865,32.09249973297119,29.881999937693276,27.545500008265176,True,True,True,True,True,False,dry_up,0,0,normal,False,False,,False,50.0,,0.021050433690113654,57.668647356451245,False,True,True,True,False,True,False,,Uptrend Under Pressure,28.02,0.1595,0.3575702243077279,0.9099102163807861,-0.2318070425318749,0.024956447631206746,0.3705141916534582,0.8177624602332979,,False,,,0,0,0.445,0.887
RSG,"Republic Services, Inc.",Industrials,XLI,67648573440.0,2026-09-14,225.85000610351562,0.013962469846697578,0.014099049413988096,0.05188393200738961,0.07325674847931518,0.017167095409286848,True,0.08435207115105059,0.04416655749528209,0.1545158290852333,0.12464579964121603,1.0,0.9217428291874521,1.013003214124881,1.3295000192655955,0.9217428291874521,334797893.8466202,0.34811616954474095,221.46850051879883,217.18561121622722,213.04611015319824,True,True,True,True,True,False,weak_rally,2,5,normal,False,False,,False,80.0,분산5일,0.015531795447162374,61.28764647861013,True,True,True,True,False,True,False,,Uptrend Under Pressure,214.34,0.0537,0.4989220716192957,0.9111039498183728,-0.21609840398254487,-0.182620443543409,0.20894979729439456,0.8168080593849416,,False,,,0,0,0.445,0.887
RVTY,"Revvity, Inc.",Health Care,XLV,14357821440.0,2026-09-14,128.49000549316406,0.03362567787518511,-0.013285176711118174,0.0997090852483653,0.12205364222497828,0.10627691178255327,True,0.13365342692991633,0.1356416854476572,0.09721790896182214,0.1031746385245409,0.9812891637195552,1.153875547391236,0.9495939014639787,0.9146766247839967,1.153875547391236,205607941.40204772,0.9557912726151315,125.133500289917,116.0218874613444,104.94150396982829,True,True,True,True,True,False,accumulation,2,4,normal,False,False,,False,16.0,분산4일,0.02953538233670422,59.27634862050646,True,True,True,True,False,True,False,,Uptrend Under Pressure,124.13,0.0351,0.29119733207337367,0.9548611509199223,0.14984939309360845,0.1645603236031734,0.7671062955183181,0.8153234358430541,,False,,,0,0,0.445,0.887
MANH,"Manhattan Associates, Inc.",Information Technology,XLK,13013087232.0,2026-09-14,211.5399932861328,0.04816165696743413,-0.010431823650458694,0.07168546501969564,0.09346062106356157,0.37092084504476164,False,0.10476481126476611,0.4073102696985278,0.10500841475111522,0.3725115792221838,0.9453879088277785,1.138046268735692,0.941936194964779,0.8718582513296164,1.138046268735692,153531705.79125595,0.8520597185700353,212.02550201416017,180.07183392842612,158.89908377329508,False,True,True,True,True,False,accumulation,1,0,normal,False,False,,False,26.0,,0.034795858122460346,56.522189998543276,True,True,True,True,False,True,False,,Uptrend Under Pressure,190.63,0.1097,0.6035441800361425,0.9308295144731314,-0.2337911688673011,0.20869281408858842,0.46488365625289696,0.8150583244962886,,False,,,0,0,0.445,0.887
CHT,"Chunghwa Telecom Co., Ltd.",Communication Services,XLC,33519925248.0,2026-09-14,45.25,0.008918651939524791,0.032633507876192125,0.06270544983861459,0.08429814448104622,0.046373958147698735,True,0.09550761304709732,0.07414868084398663,0.043126598022845464,0.018177527292482676,1.0,1.8990165651497906,1.2372029478466327,5.0,1.8990165651497906,8969661.574307252,0.9199981689453125,43.55699977874756,42.851195907592775,42.39371074040731,True,True,True,True,True,False,accumulation,7,0,interest,True,True,surge+acc,False,,,0.010039446197726544,81.35453120549374,False,True,True,True,True,True,False,,Uptrend Under Pressure,,,0.47122615731882905,0.9638367007488521,-0.18302633029605653,-0.1281300631472938,0.28651493328690586,0.8150053022269352,,False,,,0,0,0.445,0.887
ING,"ING Group, N.V.",Financials,XLF,100762263552.0,2026-09-14,36.959999084472656,-0.008317718526521745,-0.005917192546996852,0.035294069876917744,0.056329803456121263,0.141693769691853,True,0.06725013545843361,0.17199864072802096,0.05580754401009602,0.13753663848089404,0.9916822814734783,1.2689855376110823,1.0681985186701275,1.0304782947351985,1.2689855376110823,59231086.83608246,0.7008555368624229,35.865499877929686,33.847628116607666,31.08128089904785,True,True,True,True,True,False,distribution,2,3,normal,False,False,,False,27.0,분산3일,0.014127244809766003,64.88050509478464,True,True,True,True,False,True,False,,Uptrend Under Pressure,35.46,0.0423,0.4757449390182326,0.9738729071360308,0.23764389840195932,0.23391432256390843,0.8354209108977156,0.814846235418876,,False,,,0,0,0.445,0.887
TAK,Takeda Pharmaceutical Company L,Health Care,XLV,57419182080.0,2026-09-14,18.600000381469727,0.018619942405592838,0.00813006028875507,0.05501992438330583,0.07645645985261162,0.08565473305313187,True,0.08758486112384656,0.11447211609259655,0.05262998266807428,0.08261028946951021,0.9941208600542254,1.0877197863285215,1.0114727274878943,1.2477519870577478,1.0877197863285215,39479042.203854464,0.37499701976491906,18.21299991607666,17.24149990081787,17.027333251635234,True,True,True,True,True,False,accumulation,2,1,normal,False,False,,False,32.0,,0.014746558711712886,62.56069015729961,False,True,True,True,False,True,False,,Uptrend Under Pressure,17.75,0.0479,0.34826462110447115,0.9548611509199223,-0.05211076862076225,-0.17120741004621698,0.3717862739024164,0.8145811240721104,,False,,,0,0,0.445,0.887
ADP,"Automatic Data Processing, Inc.",Industrials,XLI,113680711680.0,2026-09-14,276.6300048828125,0.03120105424770636,0.002811088854967503,0.019931197548369806,0.040654778958718385,0.12481747880080696,False,0.0514130626394782,0.15467438924316368,0.11944547902760316,0.2436710336046919,0.9684165183353719,1.0974543305329563,0.9391695675274279,1.4593093549274547,1.0974543305329563,566579059.205835,0.8973311425907012,275.8743041992187,257.32660013834635,233.18319295247395,True,True,True,True,True,False,accumulation,3,1,normal,False,False,,False,24.0,,0.018925895181497298,55.390260269700605,True,True,True,True,True,True,False,,Uptrend Under Pressure,271.94,0.0172,0.3746904202806281,0.9111039498183728,-0.20347649449611127,0.1304188348614561,0.4535461610294234,0.8123011664899257,,False,,,0,0,0.445,0.887
TGT,Target Corporation,Consumer Staples,XLP,73086410752.0,2026-09-14,158.6999969482422,0.018417474706180492,-0.03490638170726956,0.027317460754893164,0.048191120746274185,0.20216791211721952,False,0.05902731508915271,0.2340779956331911,0.047639876244086166,0.23644772624820853,0.9341338367084127,0.7167729991570021,0.6640444341584356,1.3213164880792247,0.7167729991570021,735806617.7726929,0.5429495644948288,160.98099899291992,146.30939242045085,134.89056873321533,False,True,True,True,True,False,weak_rally,0,0,normal,False,False,,False,13.0,,0.025402841859893274,52.95467154531045,True,True,True,True,False,True,False,,Uptrend Under Pressure,163.47,-0.0292,0.29652595849664026,0.9497192280606287,0.4783085981507249,0.14169640212485834,0.8645974038307176,0.8088547189819725,,False,,,0,0,0.445,0.887
KGC,Kinross Gold Corporation,Materials,XLB,36393865216.0,2026-09-14,28.18000030517578,-0.03261238870443617,-0.08713963268309455,0.03323875894721007,0.0542327314708857,0.1177932687840435,False,0.06513138395394513,0.14746373012390013,0.0751904047608114,0.17633520119370605,0.8416965558683956,0.8958421293152059,0.8540636852002272,1.5535835231570168,0.8958421293152059,254041398.92767334,0.62300276657201,30.54133176803589,26.48243980407715,28.187356996536256,False,True,True,False,False,False,dry_up,2,0,normal,False,False,,False,13.0,,0.04466184989106473,44.9992566477462,True,True,True,False,False,True,False,,Uptrend Under Pressure,33.48,-0.1583,0.29588342216739544,0.9407490851691787,-0.03226714092412131,-0.25511370578774584,0.33433808084256794,0.8073700954400848,,False,,,0,0,0.445,0.887
SONY,Sony Group Corporation,Information Technology,XLK,143769468928.0,2026-09-14,24.469999313354492,0.02384935999673754,-0.0036645014065531667,0.007410390738687989,0.027879566793197474,0.1521029804011964,True,0.038505780397177336,0.18268415126180848,0.03873477359656152,0.15343981147605978,0.9803685981934596,0.8574875961284283,0.960695577218653,1.1858042034761096,0.8574875961284283,96145436.52835646,0.21568070130822106,24.09349994659424,22.399666659037273,21.779249986012776,True,True,True,True,True,False,weak_rally,2,2,normal,False,False,,False,6.0,,0.021629995534004687,57.98555907110584,True,True,True,True,False,True,False,,Uptrend Under Pressure,24.96,-0.0196,0.3523333798233159,0.9308295144731314,-0.32369082071033695,-0.06954940238210083,0.23851858718828217,0.8067868504772004,,False,,,0,0,0.445,0.887
TEVA,Teva Pharmaceutical Industries ,Health Care,XLV,42008924160.0,2026-09-14,38.720001220703125,0.04394718418467036,0.06490650634586848,0.05303238342842409,0.07442853483370304,0.09413103771645748,True,0.08553597142666236,0.12317341394280312,0.050646944099288715,0.09106282448438363,1.0,0.9123005001124102,0.8278273051543371,1.1239546091949446,0.9123005001124102,177834903.70889205,0.7706854725982306,37.00749969482422,34.686666615804036,33.80566671689351,True,True,True,True,True,False,weak_rally,1,2,normal,False,False,,False,31.0,,0.03055820965498947,64.13960865843671,True,True,True,True,False,True,False,,Uptrend Under Pressure,35.41,0.0935,0.39082170941125177,0.9548611509199223,0.5352510077102706,0.08256571868068074,0.8353630273115562,0.8064156945917286,,False,,,0,0,0.445,0.887
ARGX,argenx SE,Health Care,XLV,64156639232.0,2026-09-14,990.5399780273438,0.006247486552474424,-0.041242845065879497,0.1635752840914182,0.18721751327795566,0.03181985251600139,False,0.19949096174219139,0.059208254198787946,0.16093943139708355,0.028926375212575905,0.9354423979501318,0.7262471768106445,0.8270569786900401,2.085293918537741,0.7262471768106445,278847638.9628418,0.10742748238956519,1021.0950012207031,926.9153299967448,865.436582438151,False,True,True,True,True,False,weak_rally,0,1,normal,False,False,,False,10.0,,0.026913177303894368,51.65108204782735,True,True,True,True,False,True,False,,Uptrend Under Pressure,1023.21,-0.0319,0.2849873784378742,0.9548611509199223,-0.061545169143279566,0.036112709327201564,0.530179506949422,0.8044008483563097,,False,,,0,0,0.445,0.887
WDS,Woodside Energy Group Limited,Energy,XLE,44257611776.0,2026-09-14,23.739999771118164,0.002110562935136562,0.042599881153000174,0.04982844318314372,0.07115949498497232,0.21851721183394934,True,0.08223313626101447,0.25086126760465355,0.007204090915458039,0.026675125458222704,0.9813972404710828,1.5308747566660361,1.2613719327584643,1.236887350144688,1.5308747566660361,12559941.66267557,0.53571160959394,23.19491539001465,21.58438933690389,21.938988335927327,True,True,True,True,False,False,accumulation,5,3,interest,True,False,surge,False,,분산3일,0.022506817834297137,58.886152621787,False,True,True,True,False,True,False,,Uptrend Under Pressure,,,0.3765319236637874,0.9880569773625073,0.17744894915839038,-0.12981566374995712,0.5805493061883432,0.8043478260869565,,False,,,0,0,0.445,0.887
EMBJ,Embraer S.A.,Industrials,XLI,12734691328.0,2026-09-14,75.0,-0.006490897835946252,0.016122510239369392,-0.0050410887140319716,0.01517509061997524,0.14511033352102976,False,0.0256699654154946,0.17550589308417264,0.09203665672211336,0.2661081276935886,0.9646302250803859,1.150143724105994,0.9322786287811357,1.7134821358008065,1.150143724105994,86998237.11662292,0.9332137968264985,74.67649993896484,69.39256547292074,65.03295911153158,True,True,True,True,True,False,distribution,2,2,normal,False,False,,False,20.0,,0.02690000988188244,57.90799457856498,True,True,True,True,False,True,False,,Uptrend Under Pressure,75.38,-0.005,0.46647837768588296,0.9111039498183728,0.05924831640122008,0.12994629139198755,0.6897957568618052,0.804135737009544,,False,,,0,0,0.445,0.887
ADM,Archer-Daniels-Midland Company,Consumer Staples,XLP,39178493952.0,2026-09-14,86.44000244140625,-0.003228768165999818,0.021628670580942977,0.08127568776353433,0.10324570377663456,0.10884190052834186,False,0.11465105211192483,0.13827475869667594,0.1026655060276438,0.1404605237403198,0.9945920929593973,0.9108643606586949,1.144978189536414,1.1698049339618657,0.9108643606586949,303634573.9119476,0.1416466725957785,82.74236679077148,80.6211493174235,77.76857770284018,True,True,True,True,True,False,dry_up,3,2,normal,False,False,,False,84.0,,0.03145691523116,63.95021886840369,True,True,True,True,False,True,False,,Uptrend Under Pressure,81.83,0.0564,0.3732232439460305,0.9497192280606287,0.11592933680698136,-0.05075275104447108,0.6096412348196905,0.8038706256627783,,False,,,0,0,0.445,0.887
FTNT,"Fortinet, Inc.",Information Technology,XLK,125413670912.0,2026-09-14,170.17999267578125,0.09040805208812808,0.08887324836094201,0.0635585183306211,0.08516854613668712,0.06610584895330551,True,0.09638701291051754,0.0944043306662734,0.09662876907075124,0.06734289412393624,0.9849519266009674,1.402525907372623,0.8613808035522718,1.0860975688119876,1.402525907372623,675143580.0200379,0.9291624086156749,158.63699951171876,157.86633275349934,132.67724959055582,True,True,True,True,True,False,accumulation,2,2,normal,False,False,,False,11.0,,0.04620737751454418,59.88350413991247,True,True,True,True,False,True,False,,Uptrend Under Pressure,172.78,-0.015,0.24656226150123997,0.9308295144731314,0.7101298291633924,0.6791904337085815,0.9527195110645832,0.8030752916224815,,False,,,0,0,0.445,0.887
PSKY,Paramount Skydance Corporation,Communication Services,XLC,12240428032.0,2026-09-14,10.869999885559082,0.025471650412518088,0.0009208314178617005,0.07199206287177651,0.09377344855697833,0.024061004910809203,True,0.10508087276717926,0.05124345743077585,0.052242118284746786,-0.0035341632330974093,0.9846014423114716,1.1006360806031263,1.1831386167939755,2.4296207731161292,1.1006360806031263,107453081.80706863,0.4249995827680834,10.629500102996825,9.663333376248678,10.044632955392201,True,True,True,True,False,False,accumulation,4,2,normal,False,False,,False,20.0,,0.040741226669336474,60.55789979092398,True,True,True,True,False,True,False,,Uptrend Under Pressure,10.14,0.072,0.3615529856552115,0.9638367007488521,-0.5146321268109004,-0.12263279614134825,0.14960758998523516,0.8028632025450689,,False,,,0,0,0.445,0.887
CDW,CDW Corporation,Information Technology,XLK,18950141952.0,2026-09-14,151.6999969482422,-0.013589937116403217,-0.004462579818745094,0.0932770431209331,0.11549090995983557,0.11868810879047964,True,0.12702284917282314,0.14838232256878592,0.12727136061385935,0.11998616725604361,0.9855769149745804,0.7332796245843098,0.9611288807745725,0.7894683688759788,0.7332796245843098,244602900.24811402,0.5271857701610602,143.94576416015624,139.04921900431316,131.09484799702963,True,True,True,True,True,False,dry_up,3,2,normal,False,False,,False,28.0,,0.04637065477449589,57.645454448099635,True,True,True,True,False,True,False,,Uptrend Under Pressure,153.27,-0.0102,0.30372226408320036,0.9308295144731314,-0.27220624289051376,0.04180365124449681,0.35658934535020703,0.8011134676564158,,False,,,0,0,0.445,0.887
CMG,"Chipotle Mexican Grill, Inc.",Consumer Discretionary,XLY,48123842560.0,2026-09-14,37.029998779296875,0.022928121515598088,0.0018939311839329953,0.10537309788945892,0.12783273971430376,0.02420052470165368,False,0.13949226869896458,0.05138668060459484,0.1577766820011528,0.08593206984830104,0.9613187523167205,0.7699744231112235,0.7332139086244376,1.690508969696686,0.7699744231112235,470205166.1738846,0.8438808785704398,36.64749984741211,34.73083333969116,33.685750071207686,True,True,True,True,True,False,weak_rally,0,0,normal,False,False,,False,31.0,,0.026764014616320414,55.681491152029594,True,True,True,True,False,True,False,,Uptrend Under Pressure,38.52,-0.0387,0.5659097958099232,0.9099102163807861,-0.3001334200873699,-0.15075305037112696,0.1883111333199176,0.8003181336161188,,False,,,0,0,0.445,0.887
ILMN,"Illumina, Inc.",Health Care,XLV,32258129920.0,2026-09-14,208.2100067138672,0.008525114030717207,-0.04587111378810804,0.09073292147099243,0.11289509530133013,0.08015877683205974,False,0.12440019899590782,0.10883027640529064,0.08826207893147942,0.07712974526493266,0.9144450985169977,1.0696566008045063,0.9946715220537683,1.5063563018617832,1.0696566008045063,394986194.89634705,0.8822588533556913,212.0640007019043,196.36249923706055,168.523832766215,False,True,True,True,True,False,accumulation,3,3,normal,False,False,,False,16.0,분산3일,0.039690344595765537,50.95058505798429,True,True,True,True,False,True,False,,Uptrend Under Pressure,213.24,-0.0236,0.27665555258431657,0.9548611509199223,0.6219478396778897,0.371678264343005,0.9327492216240416,0.7997348886532344,,False,,,0,0,0.445,0.887
CME,CME Group Inc.,Financials,XLF,102659883008.0,2026-09-14,280.4599914550781,0.01785578412419242,0.0017297338069490742,0.04439060046379928,0.0656111628752043,0.16574077310010615,True,0.07662744552281464,0.1966839425630842,0.06508431463729525,0.16149608202760435,0.9836849455346016,0.9222466505096159,0.8211528512675119,0.8326647169213521,0.9222466505096159,520537129.46797025,0.7506931998782673,276.5849273681641,257.1403338114421,269.5952423095703,True,True,True,False,False,False,weak_rally,0,2,normal,False,False,,False,10.0,,0.019298758123687934,60.01973411060468,True,True,True,True,False,True,False,,Uptrend Under Pressure,284.46,-0.0141,0.3650052626985963,0.9738729071360308,-0.11954180746826892,-0.2695108555973398,0.24675230121171146,0.7985153764581123,,False,,,0,0,0.445,0.887
DG,Dollar General Corporation,Consumer Staples,XLP,27963176960.0,2026-09-14,129.1699981689453,0.03684376521454236,-0.030328116067134037,0.047777412783666984,0.06906679050438047,0.0754139436789858,False,0.08011879741240979,0.10395949743328603,0.06850456747169753,0.10607936880937752,0.969671883932866,1.0667558351793127,0.9204218646745809,1.8331810389527932,1.0667558351793127,336482352.695179,0.8897789003576184,125.45349998474121,122.34399757385253,117.73583424886068,True,True,True,False,True,False,accumulation,3,2,normal,False,False,,False,8.0,,0.034506019078422726,56.04903239059173,True,True,True,True,False,True,False,,Uptrend Under Pressure,131.09,-0.0146,0.31585228347396727,0.9497192280606287,-0.011766016390355571,-0.20805498852262683,0.38024428682221373,0.7960233297985153,,False,,,0,0,0.445,0.887
AU,AngloGold Ashanti PLC,Materials,XLB,56808001536.0,2026-09-14,100.4800033569336,-0.03773218618177954,-0.07875672835725012,0.04997176182607066,0.07130572566311444,0.16919994776032432,False,0.0823808786711453,0.2002349368029066,0.09260280241081564,0.23043419046570746,0.814328582980471,0.8812907579500925,0.7586490775554161,0.9839360523743244,0.8812907579500925,325353712.5896263,0.5058000472386984,110.37679710388184,92.14511985778809,93.34301096598307,False,True,True,True,False,False,dry_up,0,0,normal,False,False,,False,15.0,,0.04208369261988764,44.87812984516532,True,True,True,False,False,True,False,,Uptrend Under Pressure,121.22,-0.1711,0.3131986075017396,0.9407490851691787,0.26101614671024387,-0.14114597969779275,0.610021095853862,0.7951219512195122,,False,,,0,0,0.445,0.887
MUFG,"Mitsubishi UFJ Financial Group,",Financials,XLF,256068648960.0,2026-09-14,23.889999389648438,0.0,-0.00830223170081501,0.0359930591035742,0.05704299517033595,0.13461882641855882,True,0.06797070014487261,0.16473590169970298,0.056520383115581385,0.13048745646537152,0.9900538839840333,1.3648012550505408,1.0985108988177485,0.9176434128239155,1.3648012550505408,65158110.26624107,0.6399993896484375,22.895499897003173,22.11266670227051,20.271916659673057,True,True,True,True,True,False,distribution,4,3,normal,False,False,,False,43.0,분산3일,0.018417748026042957,61.940240344854494,True,True,True,True,False,True,False,,Uptrend Under Pressure,22.5,0.0618,0.3335529763032414,0.9738729071360308,0.23418721258526798,0.19071588451081922,0.8195040552426476,0.795015906680806,,False,,,0,0,0.445,0.887
BR,"Broadridge Financial Solutions,",Industrials,XLI,20795295744.0,2026-09-14,174.38999938964844,0.039644650522891345,0.008734350209322894,0.026045936219695198,0.04689376060345496,0.19313198255082242,False,0.057716542843939234,0.22480221831823788,0.12615683032022407,0.3192039721393525,0.9461532055130566,0.6659974242968765,0.8687558402275158,0.9591283668465783,0.6659974242968765,198625449.1108803,0.8452146024780829,175.92117156982422,158.9023541768392,155.47839342753093,False,True,True,False,True,False,weak_rally,0,3,normal,False,False,,False,17.0,분산3일,0.02664203410266525,54.67053668704143,True,True,True,True,False,True,False,,Uptrend Under Pressure,174.95,-0.0032,0.39486889866975633,0.9111039498183728,-0.42544590023610407,-0.17190199520490546,0.12466926087634846,0.7943796394485684,,False,,,0,0,0.445,0.887
W,Wayfair Inc.,Consumer Discretionary,XLY,13596819456.0,2026-09-14,104.79000091552734,0.063102376381865,0.05390727742029933,0.03109321802134657,0.05204359614164167,0.08542516700299196,False,0.06291961735507745,0.1142364564911662,0.07997533780583055,0.15084689945101126,0.9027394836540488,1.3575505099586829,1.0726474661292882,1.5681785263303563,1.3575505099586829,225242185.398901,0.8227427565353849,101.14450035095214,95.87216657002767,83.6446663538615,True,True,True,True,True,False,accumulation,4,1,normal,False,False,,False,28.0,,0.04155112923161203,57.80145110114157,True,True,True,True,True,True,False,,Uptrend Under Pressure,116.08,-0.0973,0.6570213438442728,0.9099102163807861,-0.062219233702010435,0.1306575575474045,0.5857400619987474,0.7926829268292683,,False,,,0,0,0.445,0.887
NTNX,"Nutanix, Inc.",Information Technology,XLK,18535876608.0,2026-09-14,67.69000244140625,0.026850793713989907,-0.005436308117245603,0.016290053746536026,0.03693965218608675,0.2920769382040842,True,0.04765952890563496,0.32637354734792656,0.04789054053014197,0.2935761866493094,0.9692154351486137,0.943038700097365,0.7213543586857901,0.8002518348776195,0.943038700097365,182453186.86432344,0.7449415724202131,67.00500030517578,59.58608334859212,51.83695837656657,True,True,True,True,True,False,weak_rally,0,0,normal,False,False,,False,11.0,,0.03614881806299465,58.63511190688709,True,True,True,True,False,True,False,,Uptrend Under Pressure,69.84,-0.0308,0.3508806317472635,0.9308295144731314,-0.2996020416057096,0.46467454654743534,0.4583039204824235,0.7902969247083775,,False,,,0,0,0.445,0.887
MCK,McKesson Corporation,Health Care,XLV,103219781632.0,2026-09-14,910.9500122070312,0.033397241228416474,0.003259972031070646,0.0493880891784817,0.070710193600245,0.1352185451767831,True,0.0817791900009135,0.16535153926217094,0.047010905286659854,0.13203511244200183,0.9850450737994862,0.6920734118362433,0.9123592202542314,0.8875408781146487,0.6920734118362433,792290670.8000946,0.9441172033347983,886.5055267333985,842.6837575276693,823.1496302286783,True,True,True,False,True,False,weak_rally,1,1,normal,False,False,,False,33.0,,0.024301840175443037,58.48206037232084,True,True,True,True,False,True,False,,Uptrend Under Pressure,888.56,0.0252,0.41376071268703457,0.9548611509199223,-0.0019774500074924983,-0.22804981043051675,0.37541711228737396,0.7893955461293745,,False,,,0,0,0.445,0.887
TMO,Thermo Fisher Scientific Inc,Health Care,XLV,228171055104.0,2026-09-14,613.6199951171875,0.006231326862564668,-0.0002607353971272319,0.043057026357614436,0.06425049240053649,0.14747820391626876,False,0.07525270844387189,0.1779366157160298,0.04069418425288851,0.1442603920752663,0.9682977605546916,0.7535041794652075,1.0980719713956875,1.2616405113525906,0.7535041794652075,1036842894.744873,0.7700472949862597,614.1035003662109,566.1321695963542,522.5149831136067,False,True,True,True,True,False,weak_rally,3,1,normal,False,False,,False,36.0,,0.02455333830196441,56.69317518360558,True,True,True,True,True,True,False,,Uptrend Under Pressure,572.32,0.0722,0.42762299241868007,0.9548611509199223,0.017620647102713827,0.08785450866158406,0.6312847216726547,0.788016967126193,,False,,,0,0,0.445,0.887
MDT,Medtronic plc.,Health Care,XLV,116030259200.0,2026-09-14,93.80000305175781,0.031222559321352872,-0.003929012683250854,0.027720023027782315,0.04860186252387377,0.10368100174254002,True,0.059442303113108386,0.13297687013630743,0.02539192391055578,0.10058600805640672,0.9960709873167491,1.1515010802143322,0.8920709883523859,1.1654180360612894,1.1515010802143322,736430060.7474983,0.7892767569526861,92.12649993896484,86.5629035949707,83.59337679545085,True,True,True,True,True,False,accumulation,4,2,normal,False,False,,False,8.0,,0.02568153346595574,60.39005120704445,True,True,True,True,False,True,False,,Uptrend Under Pressure,92.04,0.0191,0.36749793073474596,0.9548611509199223,-0.1702818777669305,-0.10446853218321417,0.3141407792125571,0.7854188759278897,,False,,,0,0,0.445,0.887
SMTC,Semtech Corporation,Information Technology,XLK,12408576000.0,2026-09-14,147.0500030517578,-0.12072471764078907,-0.0056798724819618895,0.04773777454131767,0.06902634686815312,0.06408270756058632,False,0.08007793567008226,0.09232748744857999,0.08031609563677833,0.06531740519950424,0.8792752823592109,0.8961496978006739,0.9170745531271489,1.8382005112276907,0.8961496978006739,498039611.7805473,0.01085093995491307,140.44800033569337,137.65349985758465,129.41758371988934,True,True,False,True,True,False,dry_up,1,0,normal,False,False,,False,12.0,,0.07749063241412628,52.719737842550266,True,True,True,False,False,True,False,,Uptrend Under Pressure,140.8,0.0444,0.31060888762694777,0.9308295144731314,0.8337335599803399,0.3332860585784456,0.9464111046042323,0.7848886532343584,,False,,,0,0,0.445,0.887
WMG,Warner Music Group Corp.,Communication Services,XLC,14756925440.0,2026-09-14,29.2450008392334,0.03229794980555889,0.016157058425771975,0.14859847536257198,0.1719363966549048,0.019736657253891732,False,0.18405186901514003,0.046804325230456856,0.12743716547340456,-0.007741983554110932,0.9896785649508705,1.1308722032670064,1.1251861037483588,2.001648099858932,1.1308722032670064,48747389.38125906,0.6392705040106602,27.897893047332765,27.332517178853355,28.270150677363077,True,True,False,True,False,False,accumulation,2,1,normal,False,False,,False,32.0,,0.028295432069027807,61.26067422215937,False,True,True,True,False,True,False,,Uptrend Under Pressure,28.99,0.009,0.4487641886288058,0.9638367007488521,-0.3697629779560132,-0.21015336070213442,0.11053729986637031,0.7820254506892894,,False,,,0,0,0.445,0.887
B,Barrick Mining Corporation,Materials,XLB,73784999936.0,2026-09-14,42.43000030517578,-0.028617215917278394,-0.05184356859942385,0.023876995982375693,0.0446807505213358,0.09112863941669147,False,0.05548065467512586,0.12009132063576922,0.0654485347193785,0.14827407126247905,0.8715629830308514,0.6626160234483527,0.7248936241003994,1.5114800527182448,0.6626160234483527,462063546.62693787,0.5789461003786586,44.98371181488037,40.13332970937093,40.51243359247844,False,True,True,True,False,False,dry_up,1,0,normal,False,False,,False,17.0,,0.036419393883917794,46.40923439269144,True,True,True,False,False,True,False,,Uptrend Under Pressure,44.96,-0.0562,0.3392746680340961,0.9407490851691787,0.1832836533188793,-0.1782509496691559,0.5417607463364891,0.7819194061505834,,False,,,0,0,0.445,0.887
BBVA,Banco Bilbao Vizcaya Argentaria,Financials,XLF,159810109440.0,2026-09-14,29.100000381469727,-0.015228388061223619,-0.01389359011291491,0.013937268567839167,0.0345390616894341,0.11266614574841016,True,0.04523412111694047,0.1422005138498641,0.034027575792243914,0.10861470981641208,0.9817814096053152,0.9485982311763521,0.7971294522874326,1.1375362233318926,0.9485982311763521,34959800.84037342,0.7395830849804099,29.02200002670288,27.169000085194906,24.723632367451987,True,True,True,True,True,False,dry_up,0,0,normal,False,False,,False,17.0,,0.015353449347258396,55.82251116872815,False,True,True,True,False,True,False,,Uptrend Under Pressure,28.53,0.02,0.5437682178412139,0.9738729071360308,0.3164374659851614,0.22352789927254046,0.86464330370568,0.7816542948038177,,False,,,0,0,0.445,0.887
TYL,"Tyler Technologies, Inc.",Information Technology,XLK,15243254784.0,2026-09-14,359.5400085449219,0.06793000328226895,-0.012334121499412931,0.09402383312798857,0.11625287369973192,0.10635728114338305,False,0.1277926900898907,0.13572418811531572,0.1280413712828321,0.10764103165743766,0.9479790623031901,0.7970213226683142,0.7334504132584445,0.9518852077943079,0.7970213226683142,347959798.9735886,0.833952679737485,354.68900299072266,323.0933359781901,322.82075017293295,True,True,True,True,True,False,weak_rally,0,1,normal,False,False,,False,11.0,,0.040275664867532375,56.36673557171629,True,True,True,True,False,True,False,,Uptrend Under Pressure,369.88,-0.028,0.3246205010355758,0.9308295144731314,-0.503509005311144,-0.2035541777743639,0.08471511552975919,0.7785790031813362,,False,,,0,0,0.445,0.887
PKX,POSCO Holdings Inc.,Materials,XLB,18557337600.0,2026-09-14,59.63999938964844,-0.05243087558092463,-0.04941029974314337,0.017747456358495173,0.03842666718930232,0.12006978947852631,False,0.049161916662203264,0.14980067828841803,0.0590701230191506,0.1787309495882894,0.944717224466681,0.9937150001270797,1.0100199333618154,1.294427027072058,0.9937150001270797,12447441.160549164,0.09638338258747398,60.230499839782716,55.6293332417806,62.47400007247925,False,True,False,True,False,False,dry_up,3,0,normal,False,False,,False,,,0.026743798576672362,50.230863401545285,False,True,True,True,True,True,False,,Uptrend Under Pressure,,,0.41558627149592914,0.9407490851691787,-0.07526816440442463,-0.15771171604913026,0.36041327976086845,0.7746023329798516,,False,,,0,0,0.445,0.887
SUN,Sunoco LP,Energy,XLE,14326989824.0,2026-09-14,79.12999725341797,0.018797465158901128,0.04669310648868907,0.04697003620479734,0.06824300915791315,0.15004353338908816,True,0.07928649981867664,0.18057003873626387,0.004461738847568952,-0.031018128051226945,1.0,2.1985607433123144,1.294629271633553,1.370086358547897,2.1985607433123144,33954209.95801163,0.7994423523211235,76.1504997253418,72.43775488535563,68.80810340245564,True,True,True,True,True,False,accumulation,4,2,attention,True,False,surge,False,679.0,,0.02338826641751314,61.66638492505501,False,True,True,True,False,True,False,,Uptrend Under Pressure,52.07,0.5196,0.34439540221572296,0.9880569773625073,0.31070217532437283,0.008142640666238377,0.7462840320439915,0.7744962884411453,,False,,,0,0,0.445,0.887
CNQ,Canadian Natural Resources Limi,Energy,XLE,103219306496.0,2026-09-14,50.31999969482422,0.004993009816731453,0.0061781421790392255,0.05840629971903599,0.07991164161874109,0.25371937928825017,True,0.09107576254106498,0.286997833733289,0.015433675711275185,0.05633510016892096,0.9799603828469495,1.1950669673543048,1.4551934546660221,0.8632908655176377,1.1950669673543048,342352666.49871904,0.13698754215322873,50.005635261535645,45.49118556976318,45.56543238957723,True,True,True,True,False,False,accumulation,4,4,normal,False,False,,False,122.0,분산4일,0.026087532287498987,58.34779893186137,True,True,True,True,False,True,False,,Uptrend Under Pressure,49.12,0.0243,0.4210271324633206,0.9880569773625073,0.3001757934282958,-0.15124729584373398,0.6170980425851352,0.7728525980911983,,False,,,0,0,0.445,0.887
MFG,"Mizuho Financial Group, Inc. Sp",Financials,XLF,129259462656.0,2026-09-14,11.329999923706055,-0.010480339524720383,0.0089047538331255,0.04231831122262375,0.06349676760285883,0.11572044732709474,True,0.07449119164316431,0.14533588814516052,0.06297096474197117,0.11165789008327232,0.9895196604752796,1.1624318197195274,1.0633958919047521,0.845257932303333,1.1624318197195274,33250859.939193536,0.38461651322304957,10.755999898910522,10.43216659228007,9.595083320140839,True,True,True,True,True,False,distribution,5,4,normal,False,False,,False,,분산4일,0.01954357178173515,62.51640828469416,False,True,True,True,False,True,False,,Uptrend Under Pressure,,,0.4110085990758057,0.9738729071360308,0.3860137351753026,0.21985123616799473,0.8793622404565569,0.7725874867444327,,False,,,0,0,0.445,0.887
BBDO,Banco Bradesco Sa,Financials,XLF,31661639680.0,2026-09-14,3.180000066757202,-0.006249993946403354,0.0031545710481331035,0.05298016120569704,0.0743752515281435,0.0757254732300694,False,0.08548213727856768,0.1042792961569976,0.07384407024190986,0.0718085455407862,0.9252727368208045,0.48906028204808566,0.8227032490084351,1.3398443748177002,0.48906028204808566,230294.0095303297,0.7142857142857143,3.097760760784149,3.0927473306655884,3.1477496306101482,True,True,True,True,False,True,dry_up,3,2,normal,False,False,,False,,,0.03569635405469264,54.87125371309664,False,True,True,True,False,True,False,,Uptrend Under Pressure,,,0.42891696796755535,0.9738729071360308,-0.02904228187078406,-0.14247049296118053,0.4179215270413574,0.7698303287380699,,False,,,0,0,0.445,0.887
PFE,"Pfizer, Inc.",Health Care,XLV,162212708352.0,2026-09-14,27.719999313354492,0.0,-0.0256591012305315,0.03471438469746846,0.05573833988119037,0.13520242977503627,False,0.06665255733614806,0.16533499609670654,0.032370441219069734,0.1320190422318155,0.9552032693348428,0.8513950955992133,0.8677785134884513,1.2064790457247587,0.8513950955992133,928161630.7218449,0.06930648195009934,28.049499893188475,25.839742183685303,25.83536500930786,False,True,True,True,True,False,dry_up,3,0,normal,False,False,,False,20.0,,0.02000877474757635,53.41540820562154,True,True,True,True,True,True,False,,Uptrend Under Pressure,26.79,0.0347,0.3088939129915051,0.9548611509199223,-0.03538393647225824,-0.11680699841399,0.4282698008216756,0.7689289501590668,,False,,,0,0,0.445,0.887
GILD,"Gilead Sciences, Inc.",Health Care,XLV,181455044608.0,2026-09-14,146.41000366210938,0.01871696645253551,-0.030397326740997488,0.05818157716281158,0.07968235301315962,0.09173467299970417,False,0.09084410355107408,0.12071344064236067,0.055784473340313,0.08867317976521671,0.9681920544916962,0.9205121628388121,0.965613743676635,1.2102631633362007,0.9205121628388121,783958192.942839,0.8881588523759091,146.64899978637695,136.3353333791097,134.32824732462566,False,True,True,True,True,False,weak_rally,1,3,normal,False,False,,False,153.0,분산3일,0.022495543198554287,55.74913001234761,True,True,True,True,False,True,False,,Uptrend Under Pressure,141.54,0.0344,0.3707670492897516,0.9548611509199223,0.0055535523349059535,-0.18780555714339675,0.40512993282338494,0.7686638388123012,,False,,,0,0,0.445,0.887
LYB,LyondellBasell Industries NV,Materials,XLB,21023309824.0,2026-09-14,62.75,-0.01475896760837403,-0.012122173366098554,-0.005681015890209529,0.01452216101484538,0.16297416011706733,False,0.025010285827510526,0.1938438932069273,0.03469040599645701,0.22388234106345895,0.930951238284964,1.3435104291094289,1.028858331148098,1.4181177386489652,1.3435104291094289,222701811.5259964,0.1312741824544556,64.52001399993897,60.21491394042969,65.30332482655844,False,True,True,False,False,False,distribution,1,2,normal,False,False,,False,19.0,,0.03491177067677949,47.36551115336937,True,True,True,True,False,True,False,,Uptrend Under Pressure,64.07,-0.0206,0.40359213238848685,0.9407490851691787,-0.010334112636440018,-0.26141659244765736,0.34950154544652884,0.7676033934252386,,False,,,0,0,0.445,0.887
MICC,The Magnum Ice Cream Company N.,Consumer Staples,XLP,12475970560.0,2026-09-14,19.90999984741211,0.013231564067647694,0.030538310657735268,0.01685392875341707,0.03751498434776268,0.04106364234612769,True,0.04824080884819981,0.06869740917508915,0.03696935443377125,0.0707495687449653,0.9750244746828426,0.9873768500683585,1.1408283542130724,1.4551612231852171,0.9873768500683585,16249036.034082603,0.5714266251592292,19.732499885559083,18.802166684468588,17.041833313306174,True,True,True,True,True,False,weak_rally,5,4,normal,False,False,,False,,분산4일,0.02145367611651608,56.707181480256246,False,True,True,True,False,True,False,,Uptrend Under Pressure,,,0.33645797866932076,0.9497192280606287,,0.09769572691984818,,0.7658006362672323,,False,,,0,0,0.445,0.887
PAA,"Plains All American Pipeline, L",Energy,XLE,18097778688.0,2026-09-14,25.850000381469727,-0.009578543921305527,0.005836560859040052,0.08158999138341283,0.10356639360831799,0.1433343876104669,True,0.11497505723341672,0.1736828068517342,0.03767608039987569,-0.03667099287503728,0.9904214560786945,1.696105615740644,1.2408235860089292,0.943672981304936,1.696105615740644,68637502.89983559,0.24285764888924008,25.268000030517577,23.739518642425537,22.743983793258668,True,True,True,True,True,False,distribution,3,5,interest,False,False,,False,131.0,분산5일,0.018485776022883545,62.509566460210024,True,True,True,True,False,True,False,,Uptrend Under Pressure,21.31,0.2128,0.3873155868728288,0.9880569773625073,0.22346797573181387,-0.03500696148398441,0.6784342942159375,0.7629374337221634,,False,,,0,0,0.445,0.887
SMFG,Sumitomo Mitsui Financial Group,Financials,XLF,163632234496.0,2026-09-14,27.239999771118164,-0.0018322148307708952,-0.002197782696672479,0.03495441059882931,0.05598324277456723,0.08697959282974876,True,0.06689999203436026,0.11583214265888797,0.055461154671420765,0.08302168668102072,0.9883889803691882,1.108559973756328,1.205284099061527,0.8994862098241838,1.108559973756328,35125412.133449554,0.5849053887733289,26.039499950408935,25.542499923706053,23.612583303451537,True,True,True,True,True,False,distribution,4,4,normal,False,False,,False,,분산4일,0.017608039952692393,61.245973891823525,False,True,True,True,False,True,False,,Uptrend Under Pressure,,,0.34398075324228644,0.9738729071360308,0.31444734465211144,0.16615449785453418,0.8421550782672005,0.7614528101802758,,False,,,0,0,0.445,0.887
FCX,"Freeport-McMoRan, Inc.",Materials,XLB,108763963392.0,2026-09-14,69.33999633789062,-0.024342245171834254,-0.046610846453642996,0.042863566937698216,0.06405310215465088,0.11591806850861497,False,0.07505327757865321,0.14553875494032842,0.08520600000385303,0.17436179148112574,0.8677261063719524,0.7352395736124395,0.9457535835123132,0.9461447783579361,0.7352395736124395,1115174188.7631927,0.763933671695404,73.75750007629395,66.84350388844808,65.08490419387817,False,True,True,True,True,False,dry_up,1,1,normal,False,False,,False,14.0,,0.04701470411911878,44.87611663718184,True,True,True,False,False,True,False,,Uptrend Under Pressure,77.8,-0.1087,0.29838075377292056,0.9407490851691787,0.2299763687108971,0.008528625830338754,0.7115269735250426,0.7607635206786851,,False,,,0,0,0.445,0.887
RGEN,Repligen Corporation,Health Care,XLV,10213718016.0,2026-09-14,168.0,0.017072329878073722,0.0023865983407980185,0.0070131160828623695,0.02747422006967537,0.15481166582686812,False,0.038096243201340085,0.18546473544411834,0.0047319244216539325,0.15157328915030632,0.9229247988057858,0.5174780200934571,0.860218140949557,1.6888379610219235,0.5174780200934571,172937106.52866516,0.9350231662845923,173.3734992980957,154.6958335876465,137.45341657002766,False,True,True,True,True,False,weak_rally,0,3,normal,False,False,,False,17.0,분산3일,0.0392219387755102,51.380697070843766,True,True,True,True,False,True,False,,Uptrend Under Pressure,176.36,-0.0474,0.3929641778787032,0.9548611509199223,0.17183922013708197,0.24209992692642013,0.8061985180897513,0.7606574761399788,,False,,,0,0,0.445,0.887
BIO,"Bio-Rad Laboratories, Inc.",Health Care,XLV,10324144128.0,2026-09-14,368.54998779296875,-0.0020849656557436758,-0.0454792629685683,0.034497214647888796,0.05551675723866989,0.21522470753086398,False,0.06642868397342427,0.24748136778366336,0.03215376312584928,0.21181691778808243,0.9441768490307108,1.1665615188428948,1.0256537463914122,0.9212514730423215,1.1665615188428948,94854153.51044007,0.5958722667925122,378.018000793457,334.7673319498698,308.3866655985514,False,True,True,True,True,False,distribution,2,3,normal,False,False,,False,27.0,분산3일,0.026305795973011525,51.07174400525977,True,True,True,True,False,True,False,,Uptrend Under Pressure,347.86,0.0595,0.40719275010626665,0.9548611509199223,0.05634300615096133,0.1639762306704451,0.7022920543472608,0.7584835630965006,,False,,,0,0,0.445,0.887
RGA,"Reinsurance Group of America, I",Financials,XLF,16066821120.0,2026-09-14,249.0500030517578,0.0013268005364870383,-0.016662064790599396,0.0023738741922829654,0.022740715245250342,0.10747210730029888,True,0.033313803428712374,0.13686860597519934,0.02223506256213592,0.10343958388224839,0.9731936989090542,0.7579133632867139,1.0236765789515336,1.1057201050363588,0.7579133632867139,77187180.71859054,0.43795581415034235,246.8820007324219,236.095792388916,221.1778954823812,True,True,True,True,True,False,weak_rally,1,1,normal,False,False,,False,54.0,,0.0169687736480703,56.62888320088429,True,True,True,True,False,True,False,,Uptrend Under Pressure,214.43,0.1615,0.43496707193453427,0.9738729071360308,0.0899080261712244,0.0568642984087222,0.6723246364752513,0.7576352067868506,,False,,,0,0,0.445,0.887
ADBE,Adobe Inc.,Information Technology,XLK,116384030720.0,2026-09-14,265.6000061035156,0.053007218025008296,-0.00341451963815409,0.005984460099958344,0.026424663229874357,0.1832331793319042,False,0.03703583604839955,0.21464066342025712,0.037264505121269,0.18460613201916298,0.907134800888417,1.116952707760586,1.4332438038857063,1.111285697708633,1.116952707760586,1370002951.4031386,0.9470339120033621,271.56000061035155,244.97733205159506,243.58924980163573,False,True,True,True,True,False,accumulation,3,4,normal,False,False,,False,11.0,분산4일,0.04154474832658476,50.559427803858945,True,True,True,True,False,True,False,,Uptrend Under Pressure,289.15,-0.0814,0.328286362693287,0.9308295144731314,-0.35481445531772005,-0.08118558738641513,0.2168176689646752,0.757476139978791,,False,,,0,0,0.445,0.887
BPYPP,Brookfield Property Partners L.,Real Estate,XLRE,0.0,2026-09-14,15.904999732971191,0.006645540567645103,-0.01272506949805119,0.008502329140996467,0.028993691863028026,0.05085064354473934,False,0.03963142328617275,0.07874419440426017,0.05878715289367631,0.11240663127861983,0.9833076032875028,0.7694859331531763,0.7288665584544822,1.93870925684485,0.7694859331531763,180737.2442340374,0.5479535759002542,15.97156319618225,15.608903694152833,15.371331715583802,False,True,True,True,True,False,weak_rally,2,1,normal,False,False,,False,,,0.0118214638607144,51.42528856264204,False,True,True,True,False,True,False,,Uptrend Under Pressure,,,0.7656660654445808,0.9371875788942187,-0.038344005363159406,-0.08091203715112216,0.4526363034094789,0.7563096500530222,,False,,,0,0,0.445,0.887
PM,Philip Morris International Inc,Consumer Staples,XLP,291928276992.0,2026-09-14,194.86000061035156,0.01988905631903637,0.06755055012060396,0.02347813033790125,0.04427378048249153,0.04645208400642642,False,0.055069477382141185,0.07422888045851117,0.04372459611250745,0.07629166180180258,0.9734725602879205,0.6713385531628563,1.0114033924385943,2.06412131127587,0.6713385531628563,808636702.7189751,0.803997802734375,189.04449996948242,187.07733332316081,178.7140973409017,True,True,True,True,True,False,weak_rally,3,0,normal,False,False,,False,33.0,,0.02343073514682426,59.65027242189647,True,True,True,True,True,True,False,,Uptrend Under Pressure,200.17,-0.0265,0.38906937851926543,0.9497192280606287,-0.025149343917061584,-0.06816153798072178,0.47987188734407044,0.7545068928950159,,False,,,0,0,0.445,0.887
SSNC,"SS&C Technologies Holdings, Inc",Information Technology,XLK,19469324288.0,2026-09-14,81.22000122070312,0.011835114206632857,-0.029049614594735096,0.00018085742957163475,0.02050313943627624,0.2177947534762057,False,0.03105309557268776,0.2501196324694397,0.031280445435872606,0.21920780933748452,0.959707005277291,0.7337077826452459,0.9815512562284441,1.0579347444017893,0.7337077826452459,122377176.44378968,0.46645509145509145,81.8390048980713,74.61605707804362,71.2004005432129,False,True,True,True,True,False,weak_rally,2,4,normal,False,False,,False,26.0,분산4일,0.020749147047130146,53.665341056043324,True,True,True,True,False,True,False,,Uptrend Under Pressure,79.55,0.021,0.4916211372018224,0.9308295144731314,-0.23033914784426968,-0.028698391144856616,0.33404165357125903,0.7522269353128314,,False,,,0,0,0.445,0.887
PAAS,Pan American Silver Corp.,Materials,XLB,21526964224.0,2026-09-14,48.63999938964844,-0.0337703765948848,-0.05259058735712441,0.029296318755727357,0.05021018638560237,0.032111498317401566,False,0.06106725381853639,0.05950764138289011,0.07108789328558873,0.08616603886715857,0.88613590691388,0.6641028387371137,0.7075431115605664,1.5713032624165553,0.6641028387371137,257893640.06043777,0.5853652485128924,51.41466045379639,47.302605374654135,50.67634083429972,False,True,True,False,False,False,dry_up,1,0,normal,False,False,,False,11.0,,0.04486312823912596,45.34110128559278,True,True,True,False,False,True,False,,Uptrend Under Pressure,54.89,-0.1139,0.3391135710814766,0.9407490851691787,0.08048529623664069,-0.2838633090582253,0.4162890290254529,0.7514846235418875,,False,,,0,0,0.445,0.887
TEM,"Tempus AI, Inc.",Health Care,XLV,11376410624.0,2026-09-14,62.209999084472656,0.05422811140416095,-0.03729501020853554,0.19404992142894906,0.21831135280219582,0.010347687052248311,False,0.23090624921736547,0.037166136246442605,0.19134503439190054,0.007514422995615444,0.8558260695426267,0.5855659366891058,0.6391719703599127,1.1913511944746096,0.5855659366891058,518812117.90188754,0.8821213613297629,63.088500785827634,55.73533344268799,52.478208255767825,False,True,True,True,True,False,weak_rally,0,0,normal,False,False,,False,15.0,,0.06948814956003217,53.47450127626749,True,True,True,False,False,True,False,,Uptrend Under Pressure,72.69,-0.1442,0.2900646432737833,0.9548611509199223,-0.4886855092723481,-0.08006459652464526,0.1863227416922357,0.7507953340402969,,False,,,0,0,0.445,0.887
CDE,"Coeur Mining, Inc.",Materials,XLB,21360490496.0,2026-09-14,19.8799991607666,-0.034013642640159825,-0.06403016125267902,0.05688462122296034,0.07835904473496469,0.12481766741369493,False,0.0895071149187967,0.15467458286255087,0.09979633829846457,0.18372748705374176,0.8950922998760953,0.7112218282433461,0.6799335283978679,0.8081332500652624,0.7112218282433461,695372423.047576,0.5312477648236893,20.791499900817872,17.731999921798707,18.053344813982644,False,True,True,True,False,False,dry_up,0,1,normal,False,False,,False,20.0,,0.0503377299713137,49.99482679261572,True,True,True,False,False,True,False,,Uptrend Under Pressure,18.81,0.0569,0.38319279529843336,0.9407490851691787,0.0048317107895250455,-0.22521495896934907,0.37988794099491935,0.7501590668080593,,False,,,0,0,0.445,0.887
KSPI,Joint Stock Company Kaspi.kz - ,Information Technology,XLK,19979466752.0,2026-09-14,100.4800033569336,0.005906536899491721,-0.04504104003621412,0.04039255240270134,0.061531880045843756,0.11905945724580325,False,0.07250599108882638,0.148763528016717,0.07274248142223994,0.12035794660180255,0.9442458860777645,1.010437138900689,1.5038700246543422,0.9379541593561144,1.010437138900689,70587843.09690857,0.8008138023862026,101.99470520019531,92.21884752909342,85.94003912607829,False,True,True,True,True,False,accumulation,2,3,normal,False,False,,False,,분산3일,0.033361051696593605,53.24170975752393,True,True,True,True,False,True,False,,Uptrend Under Pressure,,,0.25336956346156575,0.9308295144731314,0.023226202529633255,0.27832121788688635,0.709576115785261,0.7485683987274655,,False,,,0,0,0.445,0.887
ICE,Intercontinental Exchange Inc.,Financials,XLF,90216095744.0,2026-09-14,157.75,0.0022236729166953406,-0.02176605870271897,0.019517897989080213,0.04023308172801299,0.16108019010903596,False,0.050987005904999716,0.19189965007105436,0.03971878065345935,0.15685246913440798,0.9584422110086895,0.6466587327714871,1.000888567244039,1.0126485025146879,0.6466587327714871,531056756.3073273,0.21844036101551847,159.35349960327147,147.25099970499676,150.15730222066244,False,True,True,True,False,False,weak_rally,1,2,normal,False,False,,False,31.0,,0.02100747306880731,52.64864686955171,True,True,True,True,False,True,False,,Uptrend Under Pressure,156.27,0.0095,0.29005915669909943,0.9738729071360308,-0.25377235389878816,-0.16841808971124428,0.20204084862763896,0.7480381760339343,,False,,,0,0,0.445,0.887
HUM,Humana Inc.,Health Care,XLV,46018375680.0,2026-09-14,407.0199890136719,-0.0067837941974301375,0.013647408358155921,0.04618944039208084,0.06744655272546862,0.004177888530710883,True,0.07848180962378493,0.030832567935248578,0.04381950241475829,0.0013619261105455305,0.9932162058025699,0.7480147122014862,0.8562836972263775,1.356021743684078,0.7480147122014862,369712444.5521027,0.01465326232057581,392.8644989013672,387.53167622884115,324.220511118571,True,True,True,True,True,False,dry_up,2,1,normal,False,False,,False,84.0,,0.03343464407481369,60.85575007930923,True,True,True,True,False,True,False,,Uptrend Under Pressure,304.13,0.3383,0.5692861479002412,0.9548611509199223,0.17155852216038792,0.9854999462989069,0.8445832494850396,0.7475609756097562,,False,,,0,0,0.445,0.887
RCI,"Rogers Communication, Inc.",Communication Services,XLC,19928909824.0,2026-09-14,36.650001525878906,0.012151407139773474,-0.013671333420321896,0.015561349555122783,0.0361961417404173,0.14560389911672655,True,0.04690833205285361,0.17601255977766184,-0.0031489385833090022,0.11473353878580617,0.9738697880523797,0.992855443803578,0.9503786353548467,1.005297099139305,0.992855443803578,34305091.03194771,0.09677627753730861,36.32588653564453,34.64292837778727,35.21525530815124,True,True,False,False,False,False,weak_rally,2,2,normal,False,False,,False,33.0,,0.023893322608690964,56.97090842098862,False,True,False,True,False,True,False,,Uptrend Under Pressure,34.41,0.065,0.4389689342774083,0.9638367007488521,-0.13818208882735006,-0.19621442247375864,0.27104418823923104,0.7474019088016968,,False,,,0,0,0.445,0.887
XOM,ExxonMobil Holdings Corporation,Energy,XLE,661812215808.0,2026-09-14,165.0800018310547,-0.005482279848149307,0.03517903409674794,0.0377820722330533,0.05886835855493211,0.18632484763124402,True,0.06981493412662454,0.2178143962903123,-0.004353182256554677,-0.0004489063040084007,0.9935600836308407,0.9717018643329829,0.9595171955270905,1.0005232224652671,0.9717018643329829,2281814431.4191904,0.19074073027516714,162.58000106811522,152.02767537434895,151.74996121724448,True,True,True,True,True,False,dry_up,2,1,normal,False,False,,False,82.0,,0.021673465905494887,59.768363036955144,True,True,False,True,False,True,False,,Uptrend Under Pressure,156.9,0.0521,0.3752840058713096,0.9880569773625073,0.20908934568442272,-0.133749359607507,0.594002491707498,0.7465005302226936,,False,,,0,0,0.445,0.887
MELI,"MercadoLibre, Inc.",Consumer Discretionary,XLY,98159140864.0,2026-09-14,1900.239990234375,0.0015126175308839418,-0.039487249891634546,0.030174910009722167,0.051106629390207825,0.054822350600011394,False,0.06197296424625098,0.08282132558752364,0.07901349460122975,0.11839956227613824,0.9470043715430125,1.0883239925893313,1.0186701619390939,1.1487861119865532,1.0883239925893313,785875527.8185303,0.6833859899092104,1924.72548828125,1841.2809916178385,1775.376082356771,False,True,True,True,True,False,accumulation,2,1,normal,False,False,,False,23.0,,0.03237444162408924,49.19292494113748,True,True,True,True,False,True,False,,Uptrend Under Pressure,1940.0,-0.0205,0.32789847625113727,0.9099102163807861,-0.34621143310962654,-0.0728439369773376,0.22744247253356006,0.7444856839872747,,False,,,0,0,0.445,0.887
COR,"Cencora, Inc.",Health Care,XLV,61751672832.0,2026-09-14,326.2300109863281,0.01449141261924658,-0.0142619762701518,0.03954497282669478,0.060667078833331445,0.07904057772769457,False,0.07163224956588676,0.10768239606717422,0.0371900865937449,0.07601468186659321,0.9674100284840984,0.9221393351569463,1.169073513850531,1.3066397942028398,0.9221393351569463,369211708.96087646,0.711321982368962,323.86100311279296,309.9121770222982,300.57033360799153,True,True,True,False,True,False,weak_rally,2,2,normal,False,False,,False,26.0,,0.019596165060133168,54.66621236595944,True,True,True,True,False,True,False,,Uptrend Under Pressure,324.38,0.0057,0.4924610981736823,0.9548611509199223,-0.1390878460014111,-0.24802650417432148,0.23709636938772277,0.7441675503711559,,False,,,0,0,0.445,0.887
PAYX,"Paychex, Inc.",Industrials,XLI,45292654592.0,2026-09-14,118.51000213623047,0.02340240943915517,-0.0262919807108144,-0.028765731875107226,-0.009031604247295322,0.10211753119519806,False,0.0012130218628567668,0.13137189916690484,0.06599720955935573,0.21857250176863086,0.9306581242689046,1.1292882823180237,1.0876052687388664,1.4665367245965502,1.1292882823180237,278470060.03632927,0.7262357855650963,122.13500061035157,114.27594312032063,103.30313663482666,False,True,True,True,True,False,accumulation,3,3,normal,False,False,,False,33.0,분산3일,0.02225851925665417,47.02402934932929,True,False,True,True,False,True,False,,Uptrend Under Pressure,118.87,-0.003,0.3756912553699778,0.9111039498183728,-0.19185585063866684,0.17360577333585092,0.48456543219367487,0.7439024390243902,,False,,,0,0,0.445,0.887
GFL,GFL Environmental Inc. Subordin,Industrials,XLI,15262052352.0,2026-09-14,42.61000061035156,-0.005600883834674497,-0.025611684052340822,0.01694508493118163,0.037607992692100245,0.11329329300213287,True,0.048334778712316284,0.1428443079638475,0.1161680125894613,0.23092914762424854,0.9743883159476592,0.8545000414818513,1.4271031217077519,0.6581574727935795,0.8545000414818513,96997666.11542511,0.13043388121340785,41.93600006103516,40.25710582733154,39.21483014424642,True,True,True,True,True,False,dry_up,4,4,normal,False,False,,False,10.0,분산4일,0.029195018443096053,55.02006763808131,True,True,True,True,False,True,False,,Uptrend Under Pressure,42.83,-0.0051,0.3460557822397634,0.9111039498183728,-0.27598173478848276,-0.17881970177132478,0.17545170677441457,0.7429480381760338,,False,,,0,0,0.445,0.887
TLK,"PT Telekomunikasi Indonesia, Tb",Communication Services,XLC,14373101568.0,2026-09-14,15.260000228881836,0.02141905337927219,0.027609416624912564,0.02830189164254837,0.04919555389848629,0.0753853977575536,True,0.06004213206605713,0.10393019379512558,0.00935687695254006,0.04640720141152044,0.9993451061832319,0.9077346430302584,0.9430723181296079,1.128827801705937,0.9077346430302584,7877312.056522369,0.8518547298967907,14.844999933242798,14.561333322525025,15.2101691087087,True,True,True,False,False,False,weak_rally,1,2,normal,False,False,,False,,,0.015680581246720685,61.90036848889441,False,True,True,True,False,True,False,,Uptrend Under Pressure,,,0.39034652445829704,0.9638367007488521,-0.30140598216844505,-0.24187929666367602,0.1185304352348242,0.7425768822905622,,False,,,0,0,0.445,0.887
GH,"Guardant Health, Inc.",Health Care,XLV,21339875328.0,2026-09-14,167.83999633789062,0.06646328078885744,0.039836395080205866,0.06761649494342126,0.08930897518245406,-0.021975471438860583,True,0.1005702456901787,0.003984998868561407,0.06519801815624016,-0.024718093388501172,0.9819798627191052,0.7920825435370045,0.678882949564494,1.4564518020865236,0.7920825435370045,308583355.80849457,0.9746111567944773,163.48449935913087,157.58850021362304,129.9620833714803,True,True,True,True,True,False,weak_rally,2,0,normal,False,False,,False,19.0,,0.048775182398821226,56.8684666178167,True,True,True,True,False,True,False,,Uptrend Under Pressure,161.67,0.0382,0.3734421548653976,0.9548611509199223,1.3485760413104964,0.5804763260664711,0.9678829756685441,0.7412513255567339,,False,,,0,0,0.445,0.887
PLTR,Palantir Technologies Inc.,Information Technology,XLK,447882035200.0,2026-09-14,173.30999755859375,0.03635712483638742,-0.005850996740362824,-0.004194413673292319,0.016038968918323793,0.3120093571822484,False,0.02654277448318898,0.3468350481189566,0.026769129808956738,0.3135317340088253,0.9298744125882141,1.0041448291527948,0.7664950491436134,0.9373064165341898,1.0041448291527948,5085735535.50968,0.8677695162285313,175.51849975585938,148.768665822347,144.47704118092855,False,True,True,True,True,False,accumulation,2,1,normal,False,False,,False,25.0,,0.04376958995505111,53.71431233000845,True,True,True,True,False,True,False,,Uptrend Under Pressure,172.01,0.0076,0.56293380486286,0.9308295144731314,-0.08932265727609312,0.004333392135878578,0.47806506024641227,0.73881230116649,,False,,,0,0,0.445,0.887
CLH,"Clean Harbors, Inc.",Industrials,XLI,16641179648.0,2026-09-14,322.989990234375,0.000526556304750736,0.018574531748626333,0.003136776239472061,0.02351911839949561,0.08569922020579912,False,0.034100253710708905,0.11451778410256575,0.10101243270808546,0.20041935409528722,0.9897346137736454,0.9092457436272685,0.8745765705526504,1.0283656554276976,0.9092457436272685,126092862.33383179,0.5787763176487212,317.4080017089844,309.163666788737,301.6920010884603,True,True,True,True,True,False,weak_rally,1,1,normal,False,False,,False,32.0,,0.01853778287742627,60.574674099674986,True,True,True,True,False,True,False,,Uptrend Under Pressure,326.34,-0.0103,0.46066351560702484,0.9111039498183728,0.12271769378567265,-0.06132193586132406,0.6037163071176461,0.7387062566277837,,False,,,0,0,0.445,0.887
GM,General Motors Company,Consumer Discretionary,XLY,78072258560.0,2026-09-14,87.16000366210938,0.017986461879538007,-0.00683681015856985,0.006572011144664769,0.027024152493489106,0.1248968504866721,False,0.0376415228288971,0.15475586775379013,0.054291628304889095,0.19269765612614154,0.96722312455382,0.939501736215916,1.1331077747595288,0.9984466910660758,0.939501736215916,499832372.63692015,0.8818904890825497,85.82289352416993,83.01993916829427,80.45507691701253,True,True,True,True,True,False,weak_rally,4,5,normal,False,False,,False,33.0,분산5일,0.0246618975475531,54.77072124809972,True,True,True,True,False,True,False,,Uptrend Under Pressure,90.11,-0.0328,0.3923717845825563,0.9099102163807861,0.2384211549183639,0.012882303866152744,0.7232291805628726,0.7374337221633085,,False,,,0,0,0.445,0.887
TRV,"The Travelers Companies, Inc.",Financials,XLF,76323856384.0,2026-09-14,378.04998779296875,0.007595883510699064,0.02705440445737728,0.024253625831817338,0.045065032964761276,0.08473544537979705,False,0.05586890982844839,0.11352842704726052,0.04454834292781373,0.08078571061261952,0.9549935960857722,0.9073485342926857,0.940309972920236,1.1731355820686025,0.9073485342926857,545477322.9952301,0.3370526667143504,367.2539535522461,358.58602447509764,327.9715522766113,True,True,True,True,True,False,weak_rally,2,2,normal,False,False,,False,31.0,,0.016484769175868094,60.97994843729156,True,True,True,True,False,True,False,,Uptrend Under Pressure,374.71,0.0089,0.5790525387824376,0.9738729071360308,0.12025560344185937,0.04024659428001298,0.6817583043726979,0.7354188759278897,,False,,,0,0,0.445,0.887
EC,Ecopetrol S.A.,Energy,XLE,34270765056.0,2026-09-14,17.739999771118164,-0.0005633931764414957,0.028405783832937015,0.03319741946950816,0.05419055203257317,0.18126716468513626,False,0.06508876846481915,0.2126224633084306,-0.008751692364423636,-0.004710312891288648,0.9817376906873675,0.828719260058179,0.844867430225658,1.5700334669105727,0.828719260058179,27459058.733409025,0.39606527865585117,17.3685001373291,16.41500005722046,15.27823539574941,True,True,True,True,True,False,dry_up,4,0,normal,False,False,,False,59.0,,0.029215641801089463,58.55015435691223,False,True,False,True,True,True,False,,Uptrend Under Pressure,16.58,0.07,0.3673926375315963,0.9880569773625073,0.6329521905105417,0.10383036083034858,0.8642546244689294,0.7346765641569459,,False,,,0,0,0.445,0.887
WDAY,"Workday, Inc.",Information Technology,XLK,47585447936.0,2026-09-14,194.2100067138672,0.04582665538759745,-0.008069802474310217,-0.022498420206852332,-0.0026369495348297356,0.4039925713210233,False,0.007673784482409518,0.4412598446819922,0.007895979147282572,0.4056216799425161,0.9385753355521456,0.7635876633285348,0.6517083198300235,1.0799190512876953,0.7635876633285348,740298874.1357162,0.7466639238088348,194.84599914550782,163.39533233642578,145.64883289337158,False,True,True,True,True,False,weak_rally,0,0,normal,False,False,,False,10.0,,0.04512787803573675,55.366723225751706,True,False,True,True,False,True,False,,Uptrend Under Pressure,204.72,-0.0513,0.504167182268089,0.9308295144731314,-0.23843982273038022,0.31372117297270186,0.4841735874483062,0.7338282078472959,,False,,,0,0,0.445,0.887
FOX,Fox Corporation,Communication Services,XLC,25318744064.0,2026-09-14,61.13999938964844,0.04602221713595922,0.046559419821225134,0.0005185659662789721,0.020847709740101195,0.18951253555451508,True,0.03140122804251755,0.22108669750830612,-0.01791458006205293,0.15745897793392194,0.9800901017252294,0.7657395678698504,0.9981040220732017,0.9596658949608857,0.7657395678698504,62821674.66363373,0.961721614730206,60.032171630859374,53.670711962382,55.00644241968791,True,True,True,True,False,False,weak_rally,2,5,normal,False,False,,False,86.0,분산5일,0.028573740663536285,60.31667164290647,True,True,False,True,False,True,False,,Uptrend Under Pressure,60.88,0.0043,0.35300142109647675,0.9638367007488521,-0.07567549724324985,-0.054294217141544365,0.4397278114803953,0.7318133616118772,,False,,,0,0,0.445,0.887
MRK,"Merck & Company, Inc.",Health Care,XLV,364549275648.0,2026-09-14,144.85000610351562,0.006392089728002759,-0.03645310756862519,0.06632810665875866,0.08799440864226837,0.09435805300725963,False,0.09924208916795263,0.12340645507809511,0.06391254846376304,0.09128920316833056,0.9258549627932294,0.6644619758533583,0.7802305157630088,0.8793471018869584,0.6644619758533583,1654748969.5967712,0.2508369396586919,148.21950073242186,134.23266677856446,124.95543905893962,False,True,True,True,True,False,weak_rally,0,1,normal,False,False,,False,13.0,,0.024246763329487345,52.003115612438556,True,True,True,True,False,True,False,,Uptrend Under Pressure,156.45,-0.0741,0.2617748240336272,0.9548611509199223,0.37556180221834423,0.007522269930127612,0.7620668057983073,0.7306468716861081,,False,,,0,0,0.445,0.887
MSI,"Motorola Solutions, Inc.",Information Technology,XLK,80314138624.0,2026-09-14,474.1300048828125,0.01709713651555589,0.012990102015627336,0.01633404419556994,0.03698453645977673,0.09803994421967688,False,0.04770487719271266,0.1271860776098237,0.047935898816633626,0.09931404379570896,0.9651698035752359,1.1354587527069502,0.9073251024857865,1.0972449140018237,1.1354587527069502,475911453.66618043,0.6791557353534262,475.55150146484374,442.2113342285156,432.1577949523926,False,True,True,True,True,False,accumulation,1,4,normal,False,False,,False,17.0,분산4일,0.01835842996330325,55.618138774099876,True,True,True,True,False,True,False,,Uptrend Under Pressure,480.84,-0.014,0.4356252744226215,0.9308295144731314,-0.19798107874685011,-0.1628593644851697,0.24487085855376955,0.7303817603393424,,False,,,0,0,0.445,0.887
PFG,Principal Financial Group Inc,Financials,XLF,23585767424.0,2026-09-14,116.9000015258789,0.006283923288626925,0.0018855092571796739,0.03341715426193814,0.05441475152994624,0.03992526791794182,True,0.06531528573542777,0.06752881798374588,0.05389343890370668,0.03613869580632101,0.9864146436475394,0.7706552246829176,0.9950146189805059,0.9215416189539216,0.7706552246829176,134986434.47665137,0.7340173114897404,112.52420463562012,111.4812525431315,104.70350704193115,True,True,True,True,True,False,weak_rally,3,5,normal,False,False,,False,6.0,분산5일,0.022524886601612348,61.071924073566386,True,True,True,True,False,True,False,,Uptrend Under Pressure,118.51,-0.0136,0.18985842583484222,0.9738729071360308,0.20200822802233498,0.14308481457224476,0.788047039458065,0.7292152704135737,,False,,,0,0,0.445,0.887
HL,Hecla Mining Company,Materials,XLB,13348039680.0,2026-09-14,18.81999969482422,-0.04853392105640497,-0.08994200110751649,0.024692374723098487,0.04551269662243973,0.1283097128054218,False,0.05632120143068664,0.1582593203474274,0.06629701953538003,0.1874024205438345,0.8782080927119168,0.9848408671862244,0.7975392356368299,0.838023812953495,0.9848408671862244,646222575.5971241,0.38333232667775047,20.211160087585448,17.168391688664755,17.52540044784546,False,True,True,True,False,False,dry_up,0,0,normal,False,False,,False,17.0,,0.05469030375626246,47.116249707282726,True,True,True,False,False,True,False,,Uptrend Under Pressure,20.54,-0.0836,0.30145170590449183,0.9407490851691787,0.33055478996706533,-0.23411199250018,0.5609453113164672,0.7292152704135737,,False,,,0,0,0.445,0.887
FIVE,"Five Below, Inc.",Consumer Discretionary,XLY,13649104896.0,2026-09-14,249.58999633789062,0.020400613695255698,-0.010348931966431385,0.020651031284886212,0.04138923871420208,0.3391918121739914,False,0.05215511523608596,0.3747390282821941,0.06903810734883908,0.41990879856425,0.9500228196490362,0.6939404808532287,0.8036750467919346,0.6465323348310867,0.6939404808532287,306130158.8835602,0.7468019012979715,246.89350051879882,218.21599985758465,219.2752498626709,True,True,True,True,False,False,weak_rally,2,3,normal,False,False,,False,5.0,분산3일,0.04198314217015542,56.835432909630306,True,True,True,True,False,True,False,,Uptrend Under Pressure,252.2,-0.0103,0.28268358420317496,0.9099102163807861,0.38646800035374085,-0.02688268818845796,0.7442648897611623,0.7287910922587487,,False,,,0,0,0.445,0.887
EXEL,"Exelixis, Inc.",Health Care,XLV,13538791424.0,2026-09-14,56.209999084472656,0.0016037090930298703,-0.047449573236791776,0.09699448171748326,0.11928388173115145,-0.014850221488227344,False,0.1308550326665412,0.011299379903717321,0.09450945483539064,-0.017612824395748294,0.9506172512955164,0.8103892361435797,1.036822500114916,1.6478188404400855,0.8103892361435797,115401271.99989891,0.2586200659679631,55.931999588012694,54.978999837239584,51.21924991607666,True,True,True,True,True,True,weak_rally,1,2,normal,False,False,,False,54.0,,0.028591765803198305,51.4472111664782,True,True,True,True,False,True,False,,Uptrend Under Pressure,54.77,0.0263,0.39537232686052154,0.9548611509199223,0.08311936675665099,0.03932506226703736,0.654683935269871,0.7268292682926829,,False,,,0,0,0.445,0.887
GMAB,Genmab A/S,Health Care,XLV,20380878848.0,2026-09-14,32.650001525878906,0.005543587878309442,-0.02827371998168038,0.022229210392912035,0.04299948422367117,0.12078340187405279,False,0.05378200745523909,0.15053323265611818,0.019913549639988704,0.1176404488406615,0.9488521264359852,0.6308083221949626,0.6700084757668495,1.0699152761848385,0.6308083221949626,74761738.91126327,0.28735793461484493,33.39125003814697,30.228166739145916,28.41191668510437,False,True,True,True,True,False,weak_rally,0,0,normal,False,False,,False,16.0,,0.023769401753014795,51.83856489404429,True,True,True,True,False,True,False,,Uptrend Under Pressure,33.41,-0.0227,0.3127407279675197,0.9548611509199223,-0.0840652972640411,0.015376605319214587,0.49293842859630044,0.7265641569459172,,False,,,0,0,0.445,0.887
DIS,Walt Disney Company (The),Communication Services,XLC,185705168896.0,2026-09-14,108.58999633789062,0.019145877313038406,0.03114612909825487,0.016284491236478127,0.036933976653571676,0.06826399021282059,True,0.0476537946994946,0.09661975715785664,-0.002439119769379494,0.039477693018962645,0.9760898547226123,0.9429738606406111,0.9656426530094084,1.237510534124629,0.9429738606406111,808091589.7767944,0.6252807208498091,107.01549987792968,101.5726328531901,101.1358491897583,True,True,True,True,True,False,weak_rally,1,0,normal,False,False,,False,24.0,,0.019726878044787247,58.87565991892434,True,True,False,True,False,True,False,,Uptrend Under Pressure,103.18,0.0524,0.35438895655151154,0.9638367007488521,-0.2407137529142347,-0.09924933622231646,0.2657150544806644,0.7249204665959703,,False,,,0,0,0.445,0.887
BSBR,Banco Santander Brasil SA,Financials,XLF,43053281280.0,2026-09-14,5.949999809265137,-0.01162793552876451,-0.0016778907412465793,0.03119581090704271,0.05214827357188723,0.14576652525908496,True,0.0630253769400515,0.176179502632962,0.05162808151378728,0.1415945643453349,0.9883720644712355,0.6056244494791595,0.9060493469295818,0.5878191117890834,0.6056244494791595,24267075.708900023,0.9090889386918205,5.807499980926513,5.484346079826355,5.536618014176686,True,True,True,True,False,False,dry_up,2,4,normal,False,False,,False,,분산4일,0.019567840580636327,59.467845120604764,False,True,True,True,False,True,False,,Uptrend Under Pressure,,,0.6069117614658099,0.9738729071360308,-0.08029603206041969,-0.11243772580979428,0.39199759421345026,0.7237539766702015,,False,,,0,0,0.445,0.887
QSR,Restaurant Brands International,Consumer Discretionary,XLY,35677679616.0,2026-09-14,78.88999938964844,0.025077966841675403,-0.015966057235020537,0.016099948606731473,0.03674568437461301,0.032500487931800714,False,0.04746355585593731,0.05990695625298548,0.06427126671133165,0.09473229600792354,0.9671447797572343,1.21253509769373,1.1671918045856124,1.301519080213719,1.21253509769373,209808844.37857056,0.7994733896715127,78.64850006103515,75.52842699686686,75.55942351023356,True,True,True,True,False,False,accumulation,4,4,normal,False,False,,False,8.0,분산4일,0.020036918074396788,55.24011815769004,True,True,True,True,False,True,False,,Uptrend Under Pressure,78.22,0.0086,0.34128417082369583,0.9099102163807861,0.0461935367662738,-0.091060432264087,0.5238946156959483,0.7224284199363733,,False,,,0,0,0.445,0.887
MT,Arcelor Mittal NY Registry Shar,Materials,XLB,56251510784.0,2026-09-14,72.79000091552734,-0.02308416549979908,-0.07556511442299574,-0.014486862794234168,0.005537391566200922,0.12612066190907645,False,0.015932631879136183,0.15601216376033866,0.02552702336585644,0.18509872298321373,0.9244348855770043,0.9971195632329952,0.7418698518925081,1.1785592994154122,0.9971195632329952,101807179.80794755,0.6827977718893821,74.39599952697753,69.35931886037191,65.3525852839152,False,True,True,True,True,False,dry_up,2,0,normal,False,False,,False,17.0,,0.02570016460403895,47.09373040936602,True,True,True,True,False,True,False,,Uptrend Under Pressure,74.59,-0.0241,0.33959838900754113,0.9407490851691787,0.7703668633163354,0.22742861516786572,0.9217816386933685,0.72152704135737,,False,,,0,0,0.445,0.887
FOXA,Fox Corporation,Communication Services,XLC,28316463104.0,2026-09-14,68.52999877929688,0.03927807464356814,0.04753898956585223,-0.003001640396532168,0.017255977686815527,0.19292292963138702,True,0.027772364681986073,0.22458761634359026,-0.0213699315784448,0.16077747280016363,0.9787112240073735,0.8948090071609093,0.9345421304593202,0.9225187448043196,0.8948090071609093,340087941.7799271,0.8944727085913209,67.32599563598633,59.99608376820882,61.37549899419149,True,True,True,True,False,False,weak_rally,0,2,normal,False,False,,False,20.0,,0.02816222267457823,60.045714810144446,True,True,False,True,False,True,False,,Uptrend Under Pressure,68.74,-0.003,0.3476760085942216,0.9638367007488521,-0.06360693181584898,-0.03415567315683121,0.47544017527873433,0.7212089077412513,,False,,,0,0,0.445,0.887
ARW,"Arrow Electronics, Inc.",Information Technology,XLK,10406595584.0,2026-09-14,213.85000610351562,-0.0628833963042571,-0.009816155508658109,-0.0006542333102230735,0.019651080815733524,0.059980825658555004,False,0.03019222837456703,0.08811672608574561,0.030419388414317572,0.06121076372017398,0.9371166036957429,1.3355301326986506,1.2743527399856023,1.6659946474366734,1.3355301326986506,121396732.14209595,0.21771096057933262,210.7154998779297,211.7553337097168,201.1967502593994,True,True,False,True,False,False,distribution,2,2,normal,False,False,,False,28.0,,0.03397423643317399,51.3442791405516,True,True,True,True,False,True,False,,Uptrend Under Pressure,227.67,-0.0607,0.2999192836874318,0.9308295144731314,0.3531943583001522,0.2614900471039676,0.8801631141369353,0.7177094379639448,,False,,,0,0,0.445,0.887
RIO,Rio Tinto Plc,Materials,XLB,166701826048.0,2026-09-14,97.63999938964844,-0.02320928087307872,-0.054517259963482,0.02048494019879965,0.041219772888571704,0.03444860222617163,False,0.051983897473633744,0.061906780869355194,0.061918754405455134,0.08862554338692052,0.9141466306661524,0.8305852574758648,0.8220350712264386,1.1851636941408124,0.8305852574758648,212024121.27041626,0.6557381149915993,102.19899978637696,95.86451632181803,97.24508527119954,False,True,True,True,False,False,dry_up,0,2,normal,False,False,,False,32.0,,0.022641485318594872,42.11184054222484,True,True,True,True,False,True,False,,Uptrend Under Pressure,91.65,0.0654,0.3415586252399309,0.9407490851691787,0.3496309566173039,-0.053103916254814365,0.7060345899648854,0.7177094379639448,,False,,,0,0,0.445,0.887
EHC,Encompass Health Corporation,Health Care,XLV,11859123200.0,2026-09-14,122.52999877929688,0.0067373239749604075,0.006076014929031759,-0.008576726191460993,0.011567613913314734,0.1265950079070468,True,0.022025194633443768,0.15649910069528072,-0.010822602107891321,0.12343575769725201,0.9739289496626111,0.8813185120689688,0.8700758762127224,1.0215120625212368,0.8813185120689688,97362735.08316955,0.02721148456476157,121.21999931335449,114.45687789916992,108.82942250569661,True,True,True,True,True,False,weak_rally,1,0,normal,False,False,,False,12.0,,0.01926059886411318,58.76727350286846,True,True,False,True,False,True,False,,Uptrend Under Pressure,120.78,0.0145,0.9134189598678369,0.9548611509199223,-0.17944797292357828,0.046510429011888066,0.4254434538412316,0.7170731707317074,,False,,,0,0,0.445,0.887
ABEV,Ambev S.A.,Consumer Staples,XLP,44255391744.0,2026-09-14,3.0299999713897705,0.0033112551411966784,0.0033112551411966784,0.0821428653537013,0.10413050120765965,-0.04326250317830416,False,0.11554499657418016,-0.017867071210173835,0.10354983814303131,-0.015981136546720287,0.9649681115161105,0.4866516513586132,0.8904063799886058,2.1426931029305325,0.4866516513586132,93565530.44473918,0.6,2.9259999990463257,3.0130528291066487,3.0487049400806425,True,True,False,True,False,False,weak_rally,2,1,normal,False,False,,False,31.0,,0.02380952942995241,58.045253412328776,True,True,True,True,False,True,False,,Uptrend Under Pressure,3.12,-0.0288,0.3552621511688208,0.9497192280606287,0.03993195398953864,-0.1566172361838295,0.4670208267856295,0.716914103923648,,False,,,0,0,0.445,0.887
HMY,Harmony Gold Mining Company Lim,Materials,XLB,12280805376.0,2026-09-14,19.6299991607666,-0.04893412106341344,-0.031573817589724884,0.009773591640397372,0.030290784645847557,0.19419729802771424,False,0.040941925407420365,0.22589581129737835,0.050772502784215634,0.2567407212682118,0.8338996770309535,0.9564014447290742,0.7857754401428713,0.7615761411852429,0.9564014447290742,85170254.74335966,0.6407749371317253,20.813000106811522,17.760999997456867,17.09125335216522,False,True,True,True,True,False,dry_up,3,2,normal,False,False,,False,15.0,,0.04639400533110975,48.62071704526619,True,True,True,False,False,True,False,,Uptrend Under Pressure,23.54,-0.1661,0.30483952567967376,0.9407490851691787,0.07141193557459458,0.0988201983383139,0.6853859772490374,0.7154825026511136,,False,,,0,0,0.445,0.887
HOOD,"Robinhood Markets, Inc.",Financials,XLF,94232813568.0,2026-09-14,114.33000183105469,0.01563473519589431,-0.06371303529939831,0.1964211464211465,0.220730757783677,-0.007266809888976766,False,0.2333506659949347,0.019084083930614115,0.2201272169508608,-0.010881546378148532,0.9166933989099117,0.7618197734063268,0.8789244139059799,1.0410307063228004,0.7618197734063268,2441008046.3025155,0.5389913434230489,108.00199966430664,103.38816680908204,91.64987519582112,True,True,True,True,True,False,weak_rally,1,3,normal,False,False,,False,6.0,분산3일,0.0566342994868722,57.314485539124604,True,True,True,True,False,True,False,,Uptrend Under Pressure,124.72,-0.0833,0.24814524413911843,0.9738729071360308,-0.29436880416750233,0.1467061704433088,0.4048778226727294,0.7149522799575823,,False,,,0,0,0.445,0.887
KO,Coca-Cola Company (The),Consumer Staples,XLP,381507010560.0,2026-09-14,89.3499984741211,0.012005861905108883,0.014533879683572781,0.018697975222516705,0.03939649927279221,0.03945070059916822,False,0.05014177486471727,0.0670416538533094,0.03884987986868049,0.06909063396930093,0.9713012343629132,0.9522932945429013,0.9215230860566107,1.3959066075679092,0.9522932945429013,1311753687.2773716,0.3244145279735447,89.16749992370606,85.74866625467936,81.82259438832601,True,True,True,True,True,False,weak_rally,2,3,normal,False,False,,False,33.0,분산3일,0.014333686338453023,56.65404693078448,True,True,True,True,False,True,False,,Uptrend Under Pressure,88.27,0.0122,0.482488288236298,0.9497192280606287,0.11159754245487208,-0.03653645998183841,0.6183131456789677,0.7148462354188759,,False,,,0,0,0.445,0.887
CTAS,Cintas Corporation,Industrials,XLI,80750215168.0,2026-09-14,200.82000732421875,-0.00337465347782262,0.001745927577115669,0.006515652686046147,0.026966648909485302,0.08662600577896296,False,0.037583424773141694,0.11546917007035229,0.1047209847863062,0.20144406823196226,0.9298557985686189,0.982950852628023,1.0637423092795033,0.8636178766658326,0.982950852628023,354618820.6163635,0.19320707283412272,201.86099853515626,194.91476694742838,183.64724133809406,False,True,True,True,True,False,dry_up,0,3,normal,False,False,,False,41.0,분산3일,0.016539325567062186,50.17311390921447,True,True,True,True,False,True,False,,Uptrend Under Pressure,205.72,-0.0238,0.6218893156197273,0.9111039498183728,-0.17328526810030576,-0.12273206102479328,0.298223923557489,0.7138918345705196,,False,,,0,0,0.445,0.887
PAG,"Penske Automotive Group, Inc.",Consumer Discretionary,XLY,14221921280.0,2026-09-14,217.14999389648438,0.005743088385638417,-0.011921601333403031,-0.012281155933923205,0.007787915317883476,0.19253244584201124,False,0.0182064215336335,0.22418676763746292,0.03454466932141309,0.264409845573653,0.97829150802499,1.1467749561000056,1.2477881509552566,0.8961522158605637,1.1467749561000056,65137973.76285706,0.3612662437419798,217.55849990844726,205.54431559244793,183.55804405212402,False,True,True,True,True,False,accumulation,2,4,normal,False,False,,False,32.0,분산4일,0.012564878590106923,54.40537349764535,True,True,True,True,False,True,False,,Uptrend Under Pressure,221.97,-0.0217,1.0,0.9099102163807861,0.012138196115415223,0.2800834428254215,0.6989106128198577,0.7134146341463414,,False,,,0,0,0.445,0.887
BJ,"BJ's Wholesale Club Holdings, I",Consumer Staples,XLP,11450426368.0,2026-09-14,95.30999755859375,0.04175319471000827,0.022749169027229676,0.02034036850439702,0.0410722636986931,0.04612321619372994,False,0.05183486333451892,0.07389128325014305,0.040524763008804365,0.07595341632448949,0.9531953154799343,0.8818487725381302,0.7924672860354801,1.2171609152030736,0.8818487725381302,185783259.2148819,0.9584012512123659,92.4990005493164,91.94150009155274,92.42066669464111,True,True,True,False,False,False,weak_rally,0,0,normal,False,False,,False,14.0,,0.026410059479935483,56.792928044771806,True,True,True,True,False,True,False,,Uptrend Under Pressure,98.49,-0.0323,0.2593370070816195,0.9497192280606287,-0.20239713781537372,-0.18941008400350545,0.2162218750211976,0.7118769883351007,,False,,,0,0,0.445,0.887
RELX,RELX PLC PLC,Industrials,XLI,63448911872.0,2026-09-14,35.720001220703125,0.056804793697668554,0.005913909014255703,0.037467351266140536,0.058547242896303864,0.1036389690446029,False,0.06949049877599123,0.1329337217315807,0.1386926282922578,0.22025470196412567,0.9416939800089565,1.0637116883627333,1.4796643200672692,0.6657538310025606,1.0637116883627333,74272573.12069397,0.976470113049371,35.332000160217284,34.093189525604245,33.784564924240115,True,True,True,True,True,False,accumulation,2,6,normal,False,False,,False,169.0,분산6일,0.02521598106064813,53.47170598529374,True,True,True,True,False,True,False,,Uptrend Under Pressure,41.98,-0.1491,0.31725161698866283,0.9111039498183728,-0.357018156357213,-0.11621248502636294,0.18796677120382033,0.7116648992576882,,False,,,0,0,0.445,0.887
NDSN,Nordson Corporation,Industrials,XLI,17919600640.0,2026-09-14,308.30999755859375,-0.019588525576994975,-0.028659663669617252,0.001671153647284207,0.022023716397501225,0.0424015565104332,False,0.032589392250612415,0.07007083664189584,0.0994038099022243,0.1525466537011817,0.9239196529259248,0.6683553515220699,0.6725173973680257,1.0236065833197707,0.6683553515220699,136952169.55643615,0.19047764732876973,319.08092193603517,303.9185063680013,291.0447827657064,False,True,True,True,True,False,dry_up,0,1,normal,False,False,,False,16.0,,0.020692217889502627,44.78026990380142,True,True,True,True,False,True,False,,Uptrend Under Pressure,333.7,-0.0761,0.2546920917528427,0.9111039498183728,0.1476394261178573,-0.013025546530939902,0.6608394928855194,0.7102863202545069,,False,,,0,0,0.445,0.887
EOG,"EOG Resources, Inc.",Energy,XLE,76035751936.0,2026-09-14,148.5399932861328,0.00800755069824799,0.023073150963534905,0.04158188521423245,0.06274537844364492,0.12001827140420995,False,0.07373203462673916,0.14974779272954541,-0.0007076464509585545,-0.05631624392178214,0.9705324424978952,1.2287968842670158,1.0855472204035923,1.612922883410328,1.2287968842670158,421079788.7359322,0.2851220388784151,147.42250137329103,140.98921635945638,138.7007510503133,True,True,True,True,True,False,accumulation,5,2,normal,False,False,,False,130.0,,0.022841378659786117,56.75913157200031,True,True,False,True,False,True,False,,Uptrend Under Pressure,129.69,0.1453,0.5543517722948762,0.9880569773625073,0.019583841508080235,-0.08992413950895861,0.5029877879199669,0.7095440084835631,,False,,,0,0,0.445,0.887
ESTC,Elastic N.V.,Information Technology,XLK,10254513152.0,2026-09-14,85.11000061035156,0.0206259891269005,-0.07297676861352931,-0.01811259447734992,0.0018379900650740133,0.4353738649872205,False,0.012194985984572915,0.47347411657996097,0.01241817758602215,0.43703938657635266,0.8518666548966339,0.7501848367154536,0.7529608161349121,0.8664814552368805,0.7501848367154536,283458275.1596321,0.7064844638983858,87.43050041198731,71.79866701761881,62.27200009028117,False,True,True,True,True,False,weak_rally,1,1,normal,False,False,,False,10.0,,0.0687765382283029,52.07793573684934,True,True,True,False,False,True,False,,Uptrend Under Pressure,99.91,-0.1481,0.25220065827961125,0.9308295144731314,-0.19229899277764184,0.41501401867507814,0.5280403014468635,0.7090137857900318,,False,,,0,0,0.445,0.887
J,Jacobs Solutions Inc.,Industrials,XLI,17444603904.0,2026-09-14,144.07000732421875,0.015650342792957517,-0.014771171896529878,-0.001649084607895146,0.018636015525286265,0.10536817125208464,False,0.02916666934443768,0.13470882350625302,0.0957596173204216,0.22216661988611852,0.947953752956403,0.8365780559825551,0.8421295230770737,0.8417554366786836,0.8365780559825551,116491330.23526001,0.8025666105872686,146.78821182250977,137.12858772277832,130.02821311950683,False,True,True,True,True,False,weak_rally,0,2,normal,False,False,,False,27.0,,0.02070420982114677,50.02623523550617,True,True,True,True,False,True,False,,Uptrend Under Pressure,144.32,-0.0017,0.39594657947412043,0.9111039498183728,-0.18437428128353472,-0.04526162312684512,0.3499126093513647,0.7064156945917285,,False,,,0,0,0.445,0.887
VRSK,"Verisk Analytics, Inc.",Industrials,XLI,25221632000.0,2026-09-14,187.02999877929688,0.06146425663239907,0.006674231863792235,0.029504049454368353,0.050422137882719875,-0.028019652914902604,False,0.06128139646912634,-0.0022196180456101056,0.12995235028845875,0.07468440496810591,0.8774572091713378,1.211629212938551,1.0509593584423564,1.2965483142809808,1.211629212938551,205474629.02939606,0.9301583764656302,185.50300064086915,188.260999806722,182.4784278869629,True,False,True,False,False,False,accumulation,3,1,normal,False,False,,False,32.0,,0.03437951899190757,51.168890186810515,True,True,True,False,True,True,False,,Uptrend Under Pressure,213.15,-0.1225,0.31666367568240716,0.9111039498183728,-0.4107347720417721,-0.21527322623794343,0.09690933304994495,0.704984093319194,,False,,,0,0,0.445,0.887
UHS,"Universal Health Services, Inc.",Health Care,XLV,10038657024.0,2026-09-14,173.25,-0.009037360947816597,0.021220195891738403,0.020195704204388543,0.04092466002159223,0.07233907510335369,False,0.051685733731373196,0.10080301021514981,0.017884649962826904,0.069331971908138,0.970696024246472,0.9479999263238373,1.0897603557934281,1.2283845708080312,0.9479999263238373,110659879.68386535,0.36732256970024163,172.74127349853515,162.38005676269532,164.48357467651368,True,True,True,False,False,False,dry_up,2,3,normal,False,False,,False,27.0,분산3일,0.02931582124290229,54.62819033230984,True,True,True,True,False,True,False,,Uptrend Under Pressure,171.46,0.0104,0.47263197708489807,0.9548611509199223,-0.24727905253331817,-0.2454093763126518,0.1530787962927372,0.7048780487804878,,False,,,0,0,0.445,0.887
BDX,"Becton, Dickinson and Company",Health Care,XLV,51238682624.0,2026-09-14,182.91000366210938,0.02845092710116992,-0.004067001209108523,0.003209768448594552,0.023593593708646443,0.13926826938325365,False,0.03417549894521765,0.16950875846692126,0.0009371925290972971,0.13607348022317356,0.9582742798607387,0.9909028427306917,1.0048744429547403,1.0972734472803454,0.9909028427306917,303270806.5393677,0.8422401341844103,184.60525283813476,167.81300633748373,158.17264862060546,False,True,True,True,True,False,weak_rally,0,3,normal,False,False,,False,26.0,분산3일,0.022621317671224935,55.14210547466282,True,True,True,True,False,True,False,,Uptrend Under Pressure,176.03,0.0391,0.37120017699725066,0.9548611509199223,0.034931756463839836,-0.0261207146359127,0.5749572091067161,0.7048250265111347,,False,,,0,0,0.445,0.887
VNOM,"Viper Energy, Inc.",Energy,XLE,23469277184.0,2026-09-14,44.63999938964844,-0.00156563847590252,0.005631899153805797,0.05556865507794928,0.07701633999071777,0.08956703973212399,False,0.0881505292999023,0.11848827018891561,0.012711243003697748,-0.0819732652536701,0.9834765364599004,1.392557273144849,0.9677361015456029,1.437911698630479,1.392557273144849,58767270.97043228,0.0847444476772379,44.57949962615967,43.01587359110514,44.304443232218425,True,True,True,True,False,False,distribution,0,2,normal,False,False,,False,121.0,,0.019617253086855316,54.12445336133997,True,True,True,True,False,True,False,,Uptrend Under Pressure,46.66,-0.0433,0.559374943464801,0.9880569773625073,-0.06271017640510013,-0.18595106596234334,0.3490418683736295,0.7022799575821845,,False,,,0,0,0.445,0.887
VALE,VALE S.A.,Materials,XLB,64219459584.0,2026-09-14,14.609999656677246,-0.04070912043297692,-0.043222055095018974,0.07190018591401359,0.09367970478739673,-0.01875455356140432,False,0.10498615987499593,0.007291412089415195,0.1154215661928728,0.03263599083253865,0.9287984794562905,0.7311578684114268,1.152472627378641,1.1173851871522298,0.7311578684114268,447885769.4478443,0.04761558757680483,14.93299994468689,14.512508074442545,15.19233260154724,False,True,True,True,False,False,dry_up,3,3,normal,False,False,,False,7.0,분산3일,0.032609759621753005,45.51971025927237,True,True,True,True,False,True,False,,Uptrend Under Pressure,15.73,-0.0712,0.32234044972785875,0.9407490851691787,0.17555579475943572,-0.18115065192435087,0.5336742284638013,0.7014846235418876,,False,,,0,0,0.445,0.887
BMY,Bristol-Myers Squibb Company,Health Care,XLV,136473755648.0,2026-09-14,64.0999984741211,0.007228144074235887,-0.04070639379116625,0.004229933186920887,0.024634486773606357,0.07936800309949033,False,0.03522715275725785,0.1080185125468045,0.0019550462833293203,0.07634118905690657,0.9414011150188712,0.890731675668191,0.9462875824566819,1.5027895703601868,0.890731675668191,511314915.0525818,0.13970520174466713,66.19799995422363,62.24292882283529,59.65141204198201,False,True,True,True,True,False,weak_rally,1,1,normal,False,False,,False,25.0,,0.020269645627623137,44.99825693028502,True,True,True,True,False,True,False,,Uptrend Under Pressure,64.72,-0.0096,0.3718687694375073,0.9548611509199223,0.19166279867701297,-0.0531268323653592,0.6474014565861799,0.7009013785790031,,False,,,0,0,0.445,0.887
AMP,"Ameriprise Financial, Inc.",Financials,XLF,48857985024.0,2026-09-14,558.5399780273438,0.0016678192647410217,-0.0036035741759093964,-0.01931383296059308,0.0006123440888936571,0.12116589346621764,True,0.010956669286678933,0.15092587702189064,0.00011763188177793538,0.11708350828367542,0.9787271066022205,1.391355761237507,1.3029728647193877,0.9362523261810274,1.391355761237507,240131374.47906798,0.6096293470579774,556.7220062255859,530.3609690348308,492.47522939046223,True,True,True,True,True,False,accumulation,4,4,normal,False,False,,False,150.0,분산4일,0.02014308695081833,54.740636432799235,True,True,True,True,False,True,False,,Uptrend Under Pressure,537.74,0.0387,0.36999547990353077,0.9738729071360308,-0.034855479280135326,0.10068593903445788,0.5962511333651391,0.7006362672322376,,False,,,0,0,0.445,0.887
SOLV,Solventum Corporation,Health Care,XLV,15500572672.0,2026-09-14,89.81999969482422,0.027101233039318773,-0.020394838006216,0.013884224040852766,0.03448493937153785,0.12328403259462095,False,0.04517943928280399,0.15310023957449648,0.011587467225698589,0.12013406717605712,0.9716572622524243,0.8512658023892579,0.911493074744131,0.9822636770135227,0.8512658023892579,82269790.03819808,0.7116936104357461,89.98999977111816,83.70383288065592,77.64183308283488,False,True,True,True,True,False,weak_rally,0,1,normal,False,False,,False,32.0,,0.02312665533951018,54.8894461103399,True,True,True,True,False,True,False,,Uptrend Under Pressure,88.55,0.0143,0.569811597669332,0.9548611509199223,-0.02028197694804612,0.09681306849501548,0.6086336986481018,0.6990455991516438,,False,,,0,0,0.445,0.887
CART,Maplebear Inc.,Consumer Staples,XLP,11695383552.0,2026-09-14,49.47999954223633,0.015390929756729177,-0.031133741180519925,0.012274927598405316,0.03284294426675083,0.0579515071286143,False,0.043520469241182136,0.08603354176624367,0.03229977138216711,0.08811899093717623,0.9555813192104564,0.8233964018262682,1.0953117887365513,1.0968505851193608,0.8233964018262682,177390806.58690166,0.5512967006532078,49.97099990844727,47.6858331044515,44.19070812861125,False,True,True,True,True,False,weak_rally,0,2,normal,False,False,,False,25.0,,0.030093248951676883,51.816069344031675,True,True,True,True,False,True,False,,Uptrend Under Pressure,50.17,-0.0138,0.38842559741201854,0.9497192280606287,-0.08830142836762822,0.10941433956475044,0.55272719872837,0.6982502651113468,,False,,,0,0,0.445,0.887
SU,Suncor Energy  Inc.,Energy,XLE,78897397760.0,2026-09-14,68.72000122070312,-0.0015981491707869333,0.020644576739151876,0.05075765573807778,0.07210758784484872,0.22974474897443153,True,0.08319103049993459,0.2623868260483331,0.008095576274553373,0.03613501079290904,0.9956534998992438,1.069107023271383,1.0385632706229984,0.5870332212808104,1.069107023271383,290141574.4127716,0.01624300785951993,67.27912292480468,62.63111057281494,63.27114744186402,True,True,True,True,False,False,distribution,2,3,normal,False,False,,False,121.0,분산3일,0.024734966942744862,61.2293516620588,True,True,True,True,False,True,False,,Uptrend Under Pressure,62.89,0.0928,0.4588956704331421,0.9880569773625073,0.32076595324416424,-0.06392779657374992,0.6926424535405084,0.6972428419936373,,False,,,0,0,0.445,0.887
INSM,Insmed Incorporated,Health Care,XLV,26603235328.0,2026-09-14,125.30000305175781,-0.03175952781117919,-0.007839083510908562,0.012607121504121466,0.03318188788996301,0.09900266184982853,False,0.043862916861804546,0.128174349407302,0.010313257715494073,0.09592078738238885,0.9298701525176832,0.8916054927907606,1.14591239293822,1.0595443539674476,0.8916054927907606,226736626.45490265,0.11616101936919639,125.45450134277344,115.41266721089681,120.9183333714803,False,True,True,False,False,False,dry_up,1,1,normal,False,False,,False,26.0,,0.038147476236189345,53.22568540191481,True,True,True,True,False,True,False,,Uptrend Under Pressure,132.55,-0.0547,0.8440463143902143,0.9548611509199223,-0.27546032310585844,-0.23305181052772383,0.13791533168877623,0.6965005302226934,,False,,,0,0,0.445,0.887
MET,"MetLife, Inc.",Financials,XLF,60478337024.0,2026-09-14,97.75,0.006279602781391169,0.0013316661520226258,0.0009215270788029972,0.02125885846120168,0.06900319125836307,False,0.031816627216953774,0.09737857939513161,0.02075393842209694,0.06511074071779976,0.9779890243580355,1.047839864030542,0.9399545409147319,1.317951038979765,1.047839864030542,278014304.07579803,0.9682657926102503,96.17000007629395,93.5436560312907,85.78413874308268,True,True,True,True,True,False,accumulation,3,0,normal,False,False,,False,24.0,,0.018450139428648496,56.57542433652809,True,True,True,True,True,True,False,,Uptrend Under Pressure,97.03,0.0074,0.29370793407518897,0.9738729071360308,0.04339006913353516,0.23135981241777892,0.7179391634465153,0.6951749734888654,,False,,,0,0,0.445,0.887
WAT,Waters Corporation,Health Care,XLV,40710803456.0,2026-09-14,410.010009765625,0.004089762067667868,0.001538924410811937,-0.005240564795449654,0.014971561462406413,0.058119963905901795,True,0.025464332174555793,0.08620647002357806,-0.007493998134356028,0.05515273460478132,0.973294403125853,1.130024538783295,0.9190142619563574,1.1551539759720622,1.130024538783295,264367575.0593567,0.8269540364162423,409.94250335693357,390.4988357543945,361.911168162028,True,True,True,True,True,False,accumulation,2,0,normal,False,False,,False,28.0,,0.02768310588971051,54.09136548947156,True,True,False,True,False,True,False,,Uptrend Under Pressure,396.08,0.0352,0.39538277172726466,0.9548611509199223,0.1431831305677993,0.22205013640944982,0.784261769474096,0.6942735949098622,,False,,,0,0,0.445,0.887
ABBV,AbbVie Inc.,Health Care,XLV,453124259840.0,2026-09-14,261.7699890136719,0.01808491748906982,0.020704974403478626,0.04934651634930942,0.07066777606908503,-0.01154929088021528,False,0.08173633395753765,0.014687929695639035,0.04696942663261794,-0.014321150411139016,0.9842086995234246,1.0235188517052682,1.03845022749883,1.5917934332696075,1.0235188517052682,1126185712.386029,0.35857943925233643,258.8614974975586,252.12036361694337,230.7985019683838,True,True,True,True,True,False,accumulation,2,2,normal,False,False,,False,49.0,,0.021542848928846937,56.96037866394508,True,True,True,True,False,True,False,,Uptrend Under Pressure,252.96,0.0348,0.31804420978502695,0.9548611509199223,-0.018123006188008994,-0.01808522889067754,0.5305917013930499,0.6931601272534466,,False,,,0,0,0.445,0.887
SEIC,SEI Investments Company,Financials,XLF,13319729152.0,2026-09-14,105.51000213623047,-0.013279698540097917,-0.044206878162874386,-0.008178183301838282,0.011974254639378401,0.1295793958664888,False,0.022436039209213998,0.15956270559943575,0.011473924996220797,0.12546637546953932,0.9451760703416114,1.2150362343247811,1.0366444964394406,1.021720971617769,1.2150362343247811,72851525.44663239,0.14478118802725004,108.93950004577637,101.48450024922688,93.55738735198975,False,True,True,True,True,False,distribution,1,6,normal,False,False,,False,6.0,분산6일,0.017797912190202474,43.51281912429394,True,True,True,True,False,True,False,,Uptrend Under Pressure,111.46,-0.0534,0.395161958722156,0.9738729071360308,0.025748217331292622,0.13442305777168118,0.6678183088496314,0.6912513255567337,,False,,,0,0,0.445,0.887
BHP,BHP Group Limited,Materials,XLB,238695497728.0,2026-09-14,84.73999786376953,-0.027653512563550975,-0.06281796527536954,-0.0021977261834765782,0.018076226317017552,0.01712556767574469,False,0.028601093038251646,0.044123927458615375,0.038315124520854615,0.07039525349142894,0.8773865683647658,1.1250109265726245,0.9651394076538924,1.5321514432011798,1.1250109265726245,248069453.36659393,0.6956518345652225,91.13668785095214,85.28387082417807,82.60914732615153,False,False,True,True,True,False,distribution,0,2,normal,False,False,,False,10.0,,0.029545459310287077,38.09590596320722,True,True,True,False,False,True,False,,Uptrend Under Pressure,93.12,-0.09,0.3534632789416707,0.9407490851691787,0.37195246493701206,0.07470708188472086,0.806174550667357,0.6903499469777306,,False,,,0,0,0.445,0.887
NWS,News Corporation,Communication Services,XLC,18483673088.0,2026-09-14,33.86000061035156,0.035157491839393096,0.001824938005267951,0.02387304070082319,0.044676714873970846,0.10186423608117012,False,0.05547657730725941,0.1311118806424767,0.00500962135439309,0.07217251974727334,0.9615477153183973,0.7608501285611504,0.8928535698142164,1.0135644137983435,0.7608501285611504,36092726.26991882,0.7701147913323336,33.97171802520752,31.913629563649497,30.764765707651772,False,True,True,True,True,False,weak_rally,1,3,normal,False,False,,False,239.0,분산3일,0.022334495316037293,54.22108563302134,False,True,True,True,False,True,False,,Uptrend Under Pressure,34.32,-0.0134,0.4180138085371245,0.9638367007488521,-0.14360405560403122,0.042171933027497444,0.4574399627374415,0.6895546129374337,,False,,,0,0,0.445,0.887
SJM,The J.M. Smucker Company,Consumer Staples,XLP,14010929152.0,2026-09-14,121.30000305175781,0.0013208161046354139,-0.03791242631564995,-0.0007413818135194594,0.019562161576227366,0.030667849038537698,False,0.030102389888426506,0.05802567219164789,0.019025973065293078,0.06005733942478808,0.9165785583222664,0.9951608054941198,0.943088671279947,1.6140610223761123,0.9951608054941198,177459364.18551788,0.0312518626424847,125.65149955749511,118.27273877461751,108.28933677673339,False,True,True,True,True,False,weak_rally,1,2,normal,False,False,,False,11.0,,0.029978797993099996,44.368129399156864,True,True,True,True,False,True,False,,Uptrend Under Pressure,131.84,-0.0799,0.3752933434845191,0.9497192280606287,-0.06149697645725105,-0.026245241234529426,0.4896738847800085,0.6890774125132555,,False,,,0,0,0.445,0.887
FANG,"Diamondback Energy, Inc.",Energy,XLE,56138362880.0,2026-09-14,205.72000122070312,0.003659072037534017,0.03262724606049505,0.016051760657902703,0.03669651731377832,0.1769123373385204,False,0.047413880506284256,0.20815204237216145,-0.025201215911459962,-0.008379520735883661,0.9748838833075055,0.9297703270097893,0.9723683910974681,1.3451855113338957,0.9297703270097893,387878925.1766037,0.24193487040082334,203.88500061035157,194.36510416666667,194.32718467712402,True,True,True,True,True,False,weak_rally,4,0,normal,False,False,,False,9.0,,0.02621803025483737,57.25834194129373,True,True,False,True,True,True,False,,Uptrend Under Pressure,200.48,0.0261,0.5613492847278574,0.9880569773625073,0.23420136485292242,-0.06327473272357564,0.6598043715674016,0.6882820784729586,,False,,,0,0,0.445,0.887
SNOW,Snowflake Inc.,Information Technology,XLK,114873638912.0,2026-09-14,332.3500061035156,0.01021312492439952,-0.014324653529813491,0.010428044922036417,0.03095853550667038,0.2505000759587832,False,0.041616579473161774,0.2836930779166351,0.04184625861175428,0.251951081111186,0.9323365359368516,0.8792400968659961,0.8211757375426441,0.620833544728792,0.8792400968659961,1800666677.6939392,0.7635125700761675,327.7779968261719,294.44033177693683,234.32958297729493,True,True,True,True,True,False,weak_rally,2,4,normal,False,False,,False,6.0,분산4일,0.0546977058460749,55.140675534201556,True,True,True,True,False,True,False,,Uptrend Under Pressure,356.47,-0.0677,0.16228193466016858,0.9308295144731314,0.2564012296924656,0.5992845191193745,0.8751256593867505,0.6875397667020148,,False,,,0,0,0.445,0.887
CPAY,"Corpay, Inc.",Financials,XLF,26546176000.0,2026-09-14,412.55999755859375,0.010631513215699107,-0.009150509410557839,-0.01206898580282234,0.008004396450545181,0.14574808720186083,True,0.018425140647116534,0.17616057515995842,0.007506029542824866,0.14157619342469752,0.9701815610785041,0.9130241786302664,1.019288287974703,0.7489489759628459,0.9130241786302664,171412433.77115783,0.5327322966669626,409.96849822998047,382.75916544596356,355.00091552734375,True,True,True,True,True,False,weak_rally,3,2,normal,False,False,,False,28.0,,0.020739852608271662,56.91126220148455,True,True,True,True,False,True,False,,Uptrend Under Pressure,396.52,0.0405,0.4385174102588352,0.9738729071360308,0.1338129777027679,0.13418283298419253,0.7441531925284952,0.6872746553552491,,False,,,0,0,0.445,0.887
SBS,Companhia de saneamento Basico ,Utilities,XLU,17091190784.0,2026-09-14,5.21999979019165,-0.013232546723281335,0.013592173500576399,0.1347825866115111,0.15783978828669998,-0.11138325606513688,False,0.16980952998309928,-0.08779600654130526,0.2023485972757164,-0.006644695150335944,0.8613861121255048,0.7025591082293672,0.6779597547842334,1.8118006792421355,0.7025591082293672,52238574.13555858,0.8372079097248097,4.90600004196167,5.339499990145366,5.718729734420776,True,False,False,False,False,False,dry_up,2,1,normal,False,False,,False,,,0.0321565342398651,55.90765442966911,True,True,True,False,False,True,False,,Uptrend Under Pressure,,,0.4265635839105202,0.8879381683361783,-0.16601514450023114,-0.26981500706467687,0.19963302710805916,0.6849946977730648,,False,,,0,0,0.445,0.887
RACE,Ferrari N.V.,Consumer Discretionary,XLY,74278215680.0,2026-09-14,409.0799865722656,-0.01135872256004855,-0.0021222724938626536,-0.013908688553352033,0.006127313502397369,0.04014334799926367,False,0.016528652425234158,0.06775268673530088,0.0328399785526865,0.10283581348565396,0.9370962078271218,0.8643362383633818,0.8653074589911278,1.2616922779482678,0.8643362383633818,149860149.84903258,0.83467986621696,416.3510009765625,393.2730010986328,368.13611958821616,False,True,True,True,True,False,dry_up,0,1,normal,False,False,,False,22.0,,0.019535120276440523,49.923505491230316,True,True,True,True,False,True,False,,Uptrend Under Pressure,407.21,0.0046,0.3648696863952227,0.9099102163807861,-0.2725419738577394,0.06430270465358046,0.3682508529915187,0.6840933191940616,,False,,,0,0,0.445,0.887
BEKE,KE Holdings Inc,Real Estate,XLRE,18963238912.0,2026-09-14,16.700000762939453,-0.013585324163639445,-0.06808031853573526,-0.018224542138219668,0.0017237677836521303,0.0832759420671525,False,0.012079582873801176,0.11203018299621448,0.030727656024115202,0.14673131606526968,0.9115721092319423,0.7237402454522696,0.8818165921017761,1.054425844305068,0.7237402454522696,84820549.32204914,0.1851891097641956,17.432000160217285,16.54233333269755,16.547362144788107,False,True,True,True,False,False,dry_up,1,2,normal,False,False,,False,10.0,,0.033704031717134174,43.76951278770371,True,True,True,True,False,True,False,,Uptrend Under Pressure,18.32,-0.0884,0.28953915486101073,0.9371875788942187,-0.28355587246084557,-0.125565531918979,0.21636115740039386,0.6840933191940615,,False,,,0,0,0.445,0.887
MDGL,"Madrigal Pharmaceuticals, Inc.",Health Care,XLV,12476921856.0,2026-09-14,540.0599975585938,0.010421163026413716,-0.0018851546888315474,0.06403183890836095,0.08565148392934252,0.0010083820699513524,False,0.09687494331155633,0.02757893078455198,0.06162148245975829,-0.0017986922725273802,0.9551821263507563,0.715785449566024,0.960327453471705,1.0575005880415862,0.715785449566024,116558576.08367005,0.9039272415303738,533.1769973754883,528.7293334960938,519.2929171244303,True,True,True,True,True,False,weak_rally,1,0,normal,False,False,,False,53.0,,0.033787924231366576,53.597089054375076,True,True,True,True,False,True,False,,Uptrend Under Pressure,527.28,0.0242,0.4768291845405137,0.9548611509199223,-0.034619135643775834,-0.03402818211495162,0.5014507073781223,0.6834570519618242,,False,,,0,0,0.445,0.887
REGN,"Regeneron Pharmaceuticals, Inc.",Health Care,XLV,82269274112.0,2026-09-14,793.739990234375,0.01567518477917562,-0.04105250769760327,-0.010968705884965568,0.009127032523902345,0.1888852459737449,False,0.01955938252634848,0.220442757289377,-0.013209163238277477,0.18555131857623053,0.9315868724596444,0.9321882447805493,0.8691318063897415,0.9939055793991416,0.9321882447805493,514526881.10610354,0.7446574366509865,816.4035003662109,732.1736460367839,713.1283945719401,False,True,True,True,True,False,weak_rally,2,0,normal,False,False,,False,22.0,,0.025595817192752317,49.68973050061672,True,True,False,True,False,True,False,,Uptrend Under Pressure,797.06,-0.0042,0.34532153309171404,0.9548611509199223,0.19073600986048134,-0.08336623252105702,0.6230078210673643,0.6832449628844114,,False,,,0,0,0.445,0.887
CPRT,"Copart, Inc.",Industrials,XLI,30542522368.0,2026-09-14,31.729999542236328,0.059432345040186796,-0.059015468755232225,0.003796233140390015,0.024191974546172057,0.03494177758075012,False,0.034780065840722685,0.06241304696325023,0.10173623255666397,0.14429863911499985,0.924264429066636,1.0678435287672354,1.1965119406178646,0.890184066570446,1.0678435287672354,341620856.36955297,0.9396817938514376,32.60900011062622,30.182500139872232,31.448000144958495,False,True,True,False,False,False,accumulation,1,2,normal,False,False,,False,19.0,,0.03731258652777236,50.26845906794475,True,True,True,True,False,True,False,,Uptrend Under Pressure,31.7,0.0009,0.2924919674583705,0.9111039498183728,-0.4974560014076287,-0.2698597240858742,0.046330384134470805,0.6831389183457053,,False,,,0,0,0.445,0.887
V,Visa Inc.,Financials,XLF,708301750272.0,2026-09-14,375.2799987792969,0.01303816011096881,0.0005598726930373665,0.030564341807942874,0.05150397390018169,0.016269361406550997,False,0.06237441650169795,0.04324499423648831,0.050984100389933396,0.012568925095871375,0.97693545183714,1.0032363121157284,0.7426243213442363,1.099331803945412,1.0032363121157284,2297093897.2273254,0.6563609730113636,373.5170043945312,360.50120239257814,338.52566986083986,True,True,True,True,True,False,accumulation,1,0,normal,False,False,,False,54.0,,0.014021925477076761,55.641251224071446,True,True,True,True,False,True,False,,Uptrend Under Pressure,335.61,0.1182,0.3333908788606725,0.9738729071360308,-0.1032802075465401,0.011651139736116756,0.4741999742237155,0.6824496288441144,,False,,,0,0,0.445,0.887
CNC,Centene Corporation,Health Care,XLV,31783636992.0,2026-09-14,69.41000366210938,0.045016645221198415,0.03535206912613731,0.028753555747838888,0.049656395189334734,0.0011981985293765263,True,0.06050773753176819,0.027773785690779373,0.02642311536396469,-0.001609408105261556,1.0,1.025904255764729,1.0624845535101022,0.955713290692199,1.025904255764729,261260138.5246231,0.9131327392163451,65.57649993896484,65.36833318074544,57.68633327484131,True,True,True,True,True,False,accumulation,4,3,normal,False,False,,False,59.0,분산3일,0.0334503049716321,61.40478798365034,True,True,True,True,False,True,False,,Uptrend Under Pressure,61.02,0.1375,0.3601572194278038,0.9548611509199223,0.6202828969622138,0.6234972842072732,0.9431381948008781,0.6795864262990456,,False,,,0,0,0.445,0.887
BNTX,BioNTech SE,Health Care,XLV,25524875264.0,2026-09-14,98.86000061035156,0.022020026666992765,-0.04722437765031562,0.06198307551240445,0.08356109251462485,-0.007963948048292702,False,0.09476294144128894,0.01836844108766611,0.05957736013738857,-0.010745861764628772,0.8480741260115231,0.6846501396005589,0.5643753786372543,1.1354339226705903,0.6846501396005589,190892151.45358887,0.18019863607659,104.0310001373291,96.10108350118001,94.94274997711182,False,True,True,True,True,False,weak_rally,0,0,normal,False,False,,False,15.0,,0.03813330164653671,47.527823772584966,True,True,True,False,False,True,False,,Uptrend Under Pressure,116.57,-0.1519,0.23745313342441218,0.9548611509199223,-0.26156649522165154,-0.1444597493622799,0.21558741665102754,0.6781018027571579,,False,,,0,0,0.445,0.887
CTVA,"Corteva, Inc.",Materials,XLB,56464797696.0,2026-09-14,82.54000091552734,-0.01620978051987365,-0.06055087250019231,0.07871586076849013,0.10063386466228708,-0.05634401353611829,False,0.11201221181842658,-0.031295814332916505,0.12251397164325417,-0.006922133372502137,0.9138871583645849,0.857714398039138,0.9126313759044226,1.2383325110009273,0.857714398039138,401451179.08296126,0.07407419035807915,83.36348915100098,82.97519989013672,81.52446282704672,False,False,True,True,True,True,dry_up,3,2,normal,False,False,,False,7.0,,0.02911903510886147,47.209337338303236,True,True,True,True,False,True,False,,Uptrend Under Pressure,89.97,-0.0826,0.4735174327610469,0.9407490851691787,-0.1254821630662264,-0.18779552052006143,0.28849654168183475,0.676882290562036,,False,,,0,0,0.445,0.887
BNS,Bank Nova Scotia Halifax Pfd 3,Financials,XLF,111717957632.0,2026-09-14,93.43000030517578,-0.0002139822762913246,-0.004156889692144783,0.020646704945879613,0.04138482447001235,0.08084462533740178,True,0.05215065535746288,0.10953432992414558,0.040869953962953565,0.07690905781004265,0.9843025927885342,0.6977446288735336,1.1454129527564638,0.6204637951997023,0.6977446288735336,193782866.3401844,0.7388063950442961,91.58099937438965,88.81744346618652,82.40792808532714,True,True,True,True,True,False,dry_up,1,2,normal,False,False,,False,12.0,,0.021666344172192382,58.37298524733231,True,True,True,True,False,True,False,,Uptrend Under Pressure,93.59,-0.0017,0.2755345529906998,0.9738729071360308,0.19014061325324505,0.127072349648508,0.7718875701781955,0.6763520678685049,,False,,,0,0,0.445,0.887
RVMD,"Revolution Medicines, Inc.",Health Care,XLV,44061138944.0,2026-09-14,205.11000061035156,0.00657602350588804,-0.0233787427969937,0.006872484661250899,0.027330731213443427,0.06092756975088798,False,0.03795127095806028,0.08908860034729171,0.00459161157307908,0.05795246723064951,0.9274700713144003,0.7166909067312648,0.798275369671913,1.2078394735039755,0.7166909067312648,374303276.78903276,0.7761191167410227,210.20375137329103,195.21475067138672,166.05304183959962,False,True,True,True,True,False,weak_rally,0,2,normal,False,False,,False,11.0,,0.040742253677981156,50.101874793348,True,True,True,True,False,True,False,,Uptrend Under Pressure,221.15,-0.0725,0.3935964483132636,0.9548611509199223,2.652724477211527,0.8034411628634823,0.9889510182762902,0.6757158006362673,,False,,,0,0,0.445,0.887
CACI,"CACI International, Inc.",Industrials,XLI,13768235008.0,2026-09-14,637.1599731445312,0.025741730402783602,0.021728304727721692,-0.04978078261793262,-0.030473651552200942,0.2403354815666543,False,-0.020450693215326332,0.2732586767423675,0.04293172866991979,0.3713952169565693,0.9368897146412664,1.251405593858023,1.0684744247503877,0.826757270898116,1.251405593858023,157205708.30257875,0.8011450364985852,631.6014984130859,550.5704991658529,536.9019994099934,True,True,True,True,True,False,accumulation,2,4,normal,False,False,,False,26.0,분산4일,0.029907264771592397,57.95002383670413,True,False,True,True,False,True,False,,Uptrend Under Pressure,628.79,0.0133,0.6609018870227564,0.9111039498183728,0.1360712684949692,-0.06476609247581955,0.6086384469110289,0.6756097560975609,,False,,,0,0,0.445,0.887
INTU,Intuit Inc.,Information Technology,XLK,98281840640.0,2026-09-14,339.1499938964844,0.05466923584866801,0.01938677923894838,-0.018833563897050376,0.0011023715509059784,0.21098314519450323,False,0.011451762650039443,0.24312721833943907,0.011674790368829013,0.21238829727480435,0.9168198031619582,0.8979582463956368,0.7713988135674473,0.8120865645293487,0.8979582463956368,1391843312.3450286,0.7458782241637422,344.35999908447263,311.25695470174156,338.62486228942873,False,True,True,False,False,False,weak_rally,0,1,normal,False,False,,False,128.0,,0.04720204495864524,52.505457503180786,True,True,True,True,False,True,False,,Uptrend Under Pressure,437.16,-0.2242,0.3426062261675688,0.9308295144731314,-0.5413474735985433,-0.30511199221930796,0.030393178781143518,0.6736479321314952,,False,,,0,0,0.445,0.887
ONC,BeOne Medicines Ltd.,Health Care,XLV,40676466688.0,2026-09-14,353.8299865722656,0.02112486392988111,-0.012365385676892937,0.018274362222773677,0.03896427904688737,0.16359168566329796,False,0.0497050863483699,0.19447781021690846,0.01596766040645492,0.16032868764604546,0.9388897742544547,0.620213761209261,1.4125835909350875,0.7076802956802957,0.620213761209261,133272804.43504028,0.46878385142353407,363.05474853515625,329.9105809529622,312.8222905476888,False,True,True,True,True,False,weak_rally,0,3,normal,False,False,,False,18.0,분산3일,0.025446023623404045,51.14469320534103,True,True,True,True,False,True,False,,Uptrend Under Pressure,369.15,-0.0415,0.3561024826935244,0.9548611509199223,-0.11318496058466099,0.06145397014973386,0.49938770019015666,0.6730646871686108,,False,,,0,0,0.445,0.887
WFC,Wells Fargo & Company,Financials,XLF,261243289600.0,2026-09-14,88.70999908447266,-0.017499189445494556,-0.014004691776535516,-0.0012384666823859192,0.01905497663514777,0.02130099651951789,True,0.02958996167206962,0.04841018797721297,0.01855114621606324,0.01758223903732503,0.9825008105545054,1.2125886953473097,1.0280872708174382,0.990746592368411,1.2125886953473097,1118751250.0128052,0.42845951265899185,87.13800010681152,86.35053494771321,82.70742702484131,True,True,True,True,True,False,distribution,4,4,normal,False,False,,False,7.0,분산4일,0.021117685608026827,54.62620101196412,True,True,True,True,False,True,False,,Uptrend Under Pressure,89.27,-0.0063,0.3379147619332407,0.9738729071360308,-0.0734818162790134,0.018597998825088613,0.5016713885503553,0.6695121951219513,,False,,,0,0,0.445,0.887
KOF,Coca Cola Femsa S.A.B. de C.V.,Consumer Staples,XLP,23352852480.0,2026-09-14,112.01000213623047,0.011742417690437268,8.930478777213757e-05,0.02818064646616314,0.049071845188982666,0.03218894720233534,False,0.0599171444565596,0.05958714605417592,0.04852013751314521,0.06162181169781311,0.9581693813017966,0.9760831959991393,0.9582820092271269,0.8890108501783591,0.9760831959991393,14233380.239973068,0.8616081007898474,112.00400123596191,108.01805953979492,105.13266347249349,True,True,True,True,True,False,weak_rally,1,4,normal,False,False,,False,,분산4일,0.020501991712045267,54.413308850837566,False,True,True,True,False,True,False,,Uptrend Under Pressure,,,0.37203933013628454,0.9497192280606287,0.06496988073953691,-0.03079780123922482,0.5918377360282364,0.6654825026511134,,False,,,0,0,0.445,0.887
ROKU,"Roku, Inc.",Communication Services,XLC,23291387904.0,2026-09-14,157.4499969482422,0.016265438530901566,0.011954499994409895,-0.0014586234032365475,0.018830346636355966,0.08206426807535405,True,0.02936300944952097,0.11078634659358899,-0.019855342500961215,0.052906097539749064,0.9855408260013748,0.7009238870797482,1.246605921958978,0.9228734264153197,0.7009238870797482,352717166.2612503,0.8584710508967743,156.83824768066407,147.91816533406575,132.49016602834067,True,True,True,True,True,False,weak_rally,2,3,normal,False,False,,False,25.0,분산3일,0.01389921135947818,58.88927296954764,True,True,False,True,False,True,False,,Uptrend Under Pressure,153.11,0.0283,0.31268353096381324,0.9638367007488521,0.3365883888754997,0.42379521854628033,0.8969011931706413,0.664846235418876,,False,,,0,0,0.445,0.887
TTE,TotalEnergies SE,Energy,XLE,195400679424.0,2026-09-14,91.13999938964844,-0.008161932799887306,0.02878432280358001,0.03181249292814825,0.05277748571276897,0.16327426714346616,True,0.06366109387276597,0.1941519662089437,-0.010080389150201041,-0.019870427300462956,0.9918380672001127,0.9101092575788594,0.753566161444081,0.6923164029547599,0.9101092575788594,143686946.867968,0.04000244140625,89.4729995727539,84.74233334859213,87.27515525817871,True,True,True,True,False,False,dry_up,0,3,normal,False,False,,False,36.0,분산3일,0.017672970314721436,59.62340185146384,True,True,False,True,False,True,False,,Uptrend Under Pressure,86.23,0.0569,0.43079086271538286,0.9880569773625073,0.23647546710381073,-0.09950824438387507,0.6307515595782638,0.6632555673382821,,False,,,0,0,0.445,0.887
HPE,Hewlett Packard Enterprise Comp,Information Technology,XLK,69176393728.0,2026-09-14,55.40999984741211,-0.1075857672533338,0.06557692014254046,-0.05620847025244313,-0.037031940847190414,0.3154873324693497,False,-0.02707678207086439,0.3504053420254112,-0.026862249995420973,0.31701374492947676,0.8924142327466662,1.2749980112645654,1.2091716126979528,1.1293169500563194,1.2749980112645654,1334810669.3171885,0.12130019063170629,54.481000137329104,50.469833564758304,41.94371981620789,True,True,True,True,True,False,distribution,5,4,normal,False,False,surge,False,1.0,분산4일,0.06806029906648348,52.07947637617914,True,False,False,False,False,True,False,,Uptrend Under Pressure,62.09,-0.1076,0.22895912027904267,0.9308295144731314,1.053912504087808,1.3696753094209808,0.9791067386895247,0.6629374337221634,,False,,,0,0,0.445,0.887
FAST,Fastenal Company,Industrials,XLI,56583106560.0,2026-09-14,49.439998626708984,0.002433068382548198,-0.0032258034744817587,-0.030968283357086124,-0.011278908507752705,0.0012228350533827204,False,-0.001057515017331867,0.027799076161318936,0.06357975600488719,0.10701679304182488,0.9438716612933425,1.128768660557566,1.0532136978891633,1.2772069486375988,1.128768660557566,297719229.26303405,0.7761897322807183,50.01399974822998,48.40237840016683,46.63393913904826,False,True,True,True,True,False,accumulation,5,2,normal,False,False,,False,50.0,,0.02142567965252128,49.54236712864871,True,False,True,True,False,True,False,,Uptrend Under Pressure,48.33,0.0229,0.4062020108456041,0.9111039498183728,-0.07330802029231998,-0.03318163989607492,0.4651988504681561,0.6627253446447509,,False,,,0,0,0.445,0.887
BCH,Banco De Chile,Financials,XLF,20764061696.0,2026-09-14,41.43000030517578,-0.006951124329867775,-0.021723688361110494,0.018186328420789266,0.03887445652065713,0.029795676900365775,False,0.0496143352373315,0.057130349305989814,0.038360827163256506,0.026045988618797367,0.9625929234176496,0.8978580061950358,0.9596408832052126,1.0041342616185336,0.8978580061950358,12065485.393557359,0.8738417898363431,41.87150001525879,40.90283323923747,39.31207358042399,False,True,True,True,True,False,dry_up,3,1,normal,False,False,,False,,,0.021201849427727015,48.12629066519947,False,True,True,True,True,True,False,,Uptrend Under Pressure,,,0.3993395247371707,0.9738729071360308,0.16142890962007228,-0.02951258973628612,0.6560123183506796,0.6602863202545068,,False,,,0,0,0.445,0.887
RPRX,Royalty Pharma plc,Health Care,XLV,35484876800.0,2026-09-14,59.04999923706055,0.007507227813119632,-0.07676672791892036,0.007679194106774201,0.02815383187134346,0.004559589425057853,False,0.03878288082627179,0.031224400615092573,0.005396493575810846,0.0017425566214610555,0.9232332720810796,0.9859625049847666,1.4530097789317251,1.6752709817429254,0.9859625049847666,183863889.00024834,0.7222221044846024,61.15,58.44383271535238,54.61152515411377,False,True,True,True,True,False,weak_rally,4,3,normal,False,False,,False,73.0,분산3일,0.027887984502666417,44.31805446166744,True,True,True,True,False,True,False,,Uptrend Under Pressure,55.54,0.0633,0.26558405585113964,0.9548611509199223,0.3546083061045413,0.09121282024504862,0.8125100900587201,0.6592788971367975,,False,,,0,0,0.445,0.887
BSAC,Banco Santander - Chile,Financials,XLF,16371257344.0,2026-09-14,34.75,-0.012503513608409955,-0.025791932048549238,0.005788734221589209,0.026224960474256598,0.04147891496505429,False,0.03683406876673545,0.06912370470006612,0.025717585147345456,0.03768668571944378,0.9612724352203228,0.8819926472151388,0.8400938318227329,1.048043630477096,0.8819926472151388,10118337.958223725,0.8852465167471296,35.20749988555908,34.202999909718834,32.911189778645834,False,True,True,True,True,False,dry_up,3,2,normal,False,False,,False,,,0.02376156500162593,47.04104982219301,False,True,True,True,False,True,False,,Uptrend Under Pressure,,,0.39840023958935644,0.9738729071360308,0.13796858838947146,-0.0027851831496364943,0.6627245532675963,0.6589077412513256,,False,,,0,0,0.445,0.887
CP,Canadian Pacific Kansas City Li,Industrials,XLI,81481859072.0,2026-09-14,89.7699966430664,0.0060517008384808335,-0.019978186261342623,-0.03989308403137537,-0.020385048701599184,0.0009168645713644175,False,-0.010257794441038914,0.027484984065392792,0.05378416607679126,0.10667849226610282,0.928431010201563,1.0359023949999095,0.9431140259309002,1.4221245038386403,1.0359023949999095,179751894.70741576,0.6842076203765516,92.42050018310547,90.75081532796224,87.73682924906413,False,False,True,True,True,False,accumulation,5,0,normal,False,False,,False,41.0,,0.020425219018655055,43.15324298612939,True,False,True,True,True,True,False,,Uptrend Under Pressure,92.91,-0.0338,0.29281619536792197,0.9111039498183728,0.04399938088711064,-0.018179582970643038,0.58475400606421,0.657370095440085,,False,,,0,0,0.445,0.887
PGR,Progressive Corporation (The),Financials,XLF,126726299648.0,2026-09-14,221.02000427246094,0.015623606431212966,0.00945424687403884,0.054484722501893845,0.0759103834143795,-0.06836925715067954,False,0.08703313935024237,-0.043640253397774664,0.07537844314442177,-0.07176150763062494,0.942596418882921,0.7221610057082711,0.7655084947149213,2.238486001651859,0.7221610057082711,456055684.1496811,0.6515466916799173,218.04099807739257,217.0610585530599,208.30633850097655,True,True,True,True,True,False,weak_rally,2,0,normal,False,False,,False,16.0,,0.017173618128814714,55.673353803806975,True,True,True,True,False,True,False,,Uptrend Under Pressure,220.34,0.0031,0.4330885489536935,0.9738729071360308,-0.25243882505486315,-0.13699481202546648,0.23004339007884378,0.6572110286320254,,False,,,0,0,0.445,0.887
CNI,Canadian National Railway Compa,Industrials,XLI,75461271552.0,2026-09-14,122.08999633789062,-0.0013088234119376096,-0.00502827378102666,-0.03224797888850672,-0.01258460567005748,-0.011580097522398747,False,-0.0023767104700949115,0.014656305328647923,0.062175201089198495,0.09286104182904276,0.9400341952801209,0.49318703058841035,0.8317768144259362,1.4060557196402208,0.49318703058841035,169080786.28520203,0.26053353132728047,124.32607421875,123.95834655761719,117.50008290608724,False,False,True,True,True,False,dry_up,5,2,normal,False,False,,False,36.0,,0.016699740245966384,42.89254914239801,True,False,True,True,False,True,False,,Uptrend Under Pressure,129.88,-0.06,0.3126898419068422,0.9111039498183728,0.1501498159111141,0.035421731735287176,0.6935147772725525,0.6556203605514317,,False,,,0,0,0.445,0.887
EBAY,eBay Inc.,Consumer Discretionary,XLY,46084198400.0,2026-09-14,108.98999786376953,0.011508100823847123,0.05395990720484556,0.059931867158023344,0.08146820646333253,-0.06819777730222643,False,0.09264841914490685,-0.043464221825531224,0.11018117108927794,-0.012035346615159814,0.9308699472066383,1.0059245374223311,1.159650089765419,1.2494560282495375,1.0059245374223311,474392148.67384875,0.43055522441832433,104.5654224395752,108.66074193318686,106.40013904571533,True,True,False,True,False,False,accumulation,2,2,normal,False,False,,False,40.0,,0.030683474575876637,56.29112904415241,True,True,True,True,False,True,False,,Uptrend Under Pressure,111.72,-0.0244,0.39179931721198896,0.9099102163807861,-0.045096689511902155,-0.027647536139999818,0.4977875355837085,0.6540296924708379,,False,,,0,0,0.445,0.887
OKE,"ONEOK, Inc.",Energy,XLE,60521791488.0,2026-09-14,96.97000122070312,0.0036224225229952722,0.0161374925139115,0.02084433520856832,0.04158647030438645,0.09358861812741459,True,0.052354385805421844,0.12261659648619783,-0.02060322590195751,-0.07858483999104215,0.9944620971828827,1.0926592713769583,0.9468566147765534,0.9675031097682969,1.0926592713769583,323870587.8554489,0.3278693445464756,95.34800071716309,91.18793080647787,89.11557502746582,True,True,True,True,True,False,accumulation,3,3,normal,False,False,,False,30.0,분산3일,0.026134736281398153,60.5809083007137,True,True,False,True,False,True,False,,Uptrend Under Pressure,89.74,0.0806,0.4334721620879423,0.9880569773625073,0.11412866235732122,-0.05876321303906318,0.6022079422611228,0.6537645811240721,,False,,,0,0,0.445,0.887
SLB,SLB Limited,Energy,XLE,89197002752.0,2026-09-14,53.31999969482422,-0.04887623281030151,-0.07285687270034469,-0.003223767365028385,0.017029337407690193,0.16247662924840411,False,0.02754338139683643,0.19333315598712897,-0.04369413330697858,-0.020542485912380726,0.891791376402851,0.7940626366651368,1.0412720239494788,1.419543459449597,0.7940626366651368,703048547.9183547,0.07958463349859292,55.38553943634033,50.723120307922365,52.241443411509195,False,True,True,True,False,False,dry_up,2,4,normal,False,False,,False,9.0,분산4일,0.04223704756820425,45.375784767512236,True,True,False,False,False,True,False,,Uptrend Under Pressure,59.79,-0.1082,0.34550568547237887,0.9880569773625073,0.2313043954091869,-0.008923444278339132,0.702410534812681,0.6536055143160128,,False,,,0,0,0.445,0.887
GIB,CGI Inc.,Information Technology,XLK,15582424064.0,2026-09-14,72.91000366210938,0.038456126090932186,-0.010047492850485673,-0.006811060823554649,0.01336915514234116,0.07526931166132123,False,0.023845360186305786,0.10381102633481087,0.02407112072527351,0.07651698956349584,0.9689037031509552,1.0676129484857775,1.344070677887359,0.9396812884640565,1.0676129484857775,26949974.398643494,0.8406395331165081,73.17050018310547,69.95468788146972,69.52474629084269,False,True,True,False,True,False,accumulation,3,4,normal,False,False,,False,,분산4일,0.026470979540840135,51.80626376560829,False,True,True,True,False,True,False,,Uptrend Under Pressure,,,0.3286399432535061,0.9308295144731314,-0.3343732106242503,-0.11395625325685121,0.20010672286198156,0.6530222693531282,,False,,,0,0,0.445,0.887
JNJ,Johnson & Johnson,Health Care,XLV,640671547392.0,2026-09-14,266.32000732421875,0.0027864326732758293,-0.032372936476582015,0.027975752949602306,0.048862788521533806,-0.004066194312035476,False,0.05970592656237206,0.022369655951104406,0.025647074526152558,-0.006859038290997099,0.9565061750884575,0.7470592012467715,0.913767309242793,1.1865856766287393,0.7470592012467715,1680339202.722348,0.018815815160597604,269.3455780029297,259.1575080871582,244.69866065979005,False,True,True,True,True,False,weak_rally,1,2,normal,False,False,,False,54.0,,0.019870040996003462,50.16806382524298,True,True,True,True,False,True,False,,Uptrend Under Pressure,253.41,0.0509,0.34225191210374756,0.9548611509199223,0.2491679296449707,-0.07571700980875873,0.6543171884856885,0.6527041357370096,,False,,,0,0,0.445,0.887
TIGO,Millicom International Cellular,Communication Services,XLC,15724489728.0,2026-09-14,95.43000030517578,-0.012929251096962191,0.006327095460675336,0.01640218261304116,0.037054059354990176,0.004379068316875179,False,0.047775118815254425,0.03103908779388842,-0.0023235966907414474,-0.02268573459771106,0.9148691644017167,0.7058750970102844,0.8066270230820232,1.9943788162297413,0.7058750970102844,87032793.97519378,0.7934951183847097,93.78900108337402,93.8218780517578,87.79898319244384,True,True,True,True,False,False,dry_up,0,0,normal,False,False,,False,26.0,,0.028273964303214234,52.078779780056855,True,True,False,True,False,True,False,,Uptrend Under Pressure,104.31,-0.0851,0.41999572842166844,0.9638367007488521,0.8277403921696449,0.1425812349632174,0.893806230173176,0.6525980911983034,,False,,,0,0,0.445,0.887
CI,The Cigna Group,Health Care,XLV,72951504896.0,2026-09-14,290.04998779296875,0.03308867967022411,0.032353347858582904,0.03220714696158189,0.053180158566501934,-0.007926368943860673,False,0.06406792955636198,0.01840701768367059,0.029868883140900193,-0.010708388041272277,0.9578340141418301,0.9183311757568564,1.0397643781686667,1.1619651804279938,0.9183311757568564,392795236.3388184,0.8582778946754591,278.68638305664064,281.636003112793,279.9424062093099,True,True,False,True,False,False,weak_rally,3,1,normal,False,False,,False,54.0,,0.021464921201383835,60.40303549420026,True,True,True,True,True,True,False,,Uptrend Under Pressure,281.23,0.0314,0.4319858411841413,0.9548611509199223,-0.2271342359261973,-0.11375772169260967,0.26193815048375757,0.6502120890774126,,False,,,0,0,0.445,0.887
LI,Li Auto Inc.,Consumer Discretionary,XLY,11849846784.0,2026-09-14,12.170000076293945,0.03048261167537958,-0.016168133477399538,-0.007340958475340775,0.012828490708293172,-0.00894456366280616,False,0.02329910636615673,0.017361796225623394,0.03971907191267299,0.0507892305850548,0.8818840513107182,0.8274895687627835,1.0326161759865262,1.3081176503787435,0.8274895687627835,35089952.71635914,0.07272878599246078,12.247500038146972,12.424500036239625,14.746416648228964,False,False,False,False,False,False,weak_rally,3,2,normal,False,False,,False,84.0,,0.029440068135266145,47.77212611129221,False,True,True,False,False,True,False,,Uptrend Under Pressure,20.02,-0.3921,0.3165013054932968,0.9099102163807861,-0.5786635874223618,-0.4003749746273694,0.014685020587111406,0.65,,False,,,0,0,0.445,0.887
AES,The AES Corporation,Utilities,XLU,10516085760.0,2026-09-14,14.800000190734863,0.00067614799916349,0.00067614799916349,0.004752250554918014,0.02516741690305646,0.005527590341209976,False,0.03576559231560816,0.03221809593696512,0.06457613406954832,0.12404607819471547,0.9979770914952443,0.6427385236870218,0.8731748730677159,0.8678473582917505,0.6427385236870218,110954261.435256,0.14286103542234332,14.767499971389771,14.655604918797811,14.43591190179189,True,True,True,True,True,False,weak_rally,2,3,normal,False,False,,False,136.0,분산3일,0.0030405456563518413,59.84156682710119,True,True,True,True,False,True,False,,Uptrend Under Pressure,16.87,-0.1226,0.3597083217887127,0.8879381683361783,0.006193791906179857,-0.09935389562262043,0.4795765906115536,0.6476139978791093,,False,,,0,0,0.445,0.887
LOGI,Logitech International S.A. - R,Information Technology,XLK,14131257344.0,2026-09-14,100.36000061035156,-0.022784775145318847,-0.016560532982533238,-0.026481674503034736,-0.0067011380105761464,0.04506824845506463,False,0.0035675804473842554,0.07280831267734089,0.0037888696836916314,0.04628088285811227,0.8987999043421817,0.7980264349395347,0.9414010979105106,1.4048352461283526,0.7980264349395347,72423721.8306221,0.11627898724295169,99.14949989318848,101.3068333943685,102.0894167582194,True,False,False,True,False,False,dry_up,5,0,normal,False,False,,False,33.0,,0.025650515783426586,49.60324916825501,True,False,True,False,True,True,False,,Uptrend Under Pressure,111.66,-0.1012,0.37989129672168115,0.9308295144731314,-0.18398226057104106,-0.045533349032353065,0.35076774889376783,0.6476139978791092,,False,,,0,0,0.445,0.887
TRGP,"Targa Resources, Inc.",Energy,XLE,62967668736.0,2026-09-14,287.25,-0.01033591731266148,-0.009653466336179695,0.04155332354330543,0.06271623643934454,0.0911919858324064,False,0.07370259135254997,0.12015634850496126,-0.0007350484822025161,-0.08060414898254276,0.9503722084367245,0.718315947367956,0.7176961847952673,1.0296820196339278,0.718315947367956,359008425.5710999,0.14654163879060217,292.3980010986328,277.2969553629557,265.12263641357424,False,True,True,True,True,False,dry_up,1,0,normal,False,False,,False,16.0,,0.02467489805770546,50.610484180001876,True,True,False,True,False,True,False,,Uptrend Under Pressure,302.25,-0.0496,0.3594247135570539,0.9880569773625073,0.37950702548918147,-0.04928244305010132,0.7194402928547687,0.6460763520678684,,False,,,0,0,0.445,0.887
VRTX,Vertex Pharmaceuticals Incorpor,Health Care,XLV,138014556160.0,2026-09-14,519.510009765625,0.007896180554363141,-0.048725528436021626,0.027207137450568464,0.04807855582605991,-0.036971883539316686,False,0.058913586473380075,-0.011409474732074432,0.02488020017550996,-0.03967245185145474,0.931088230889568,0.8074309700529365,0.910043643843994,1.779217482478892,0.8074309700529365,542966753.4828491,0.4565118828303002,538.6805023193359,506.3326675415039,472.5633336385091,False,True,True,True,True,False,weak_rally,2,1,normal,False,False,,False,7.0,,0.02167907173433715,46.337111659993134,True,True,True,True,False,True,False,,Uptrend Under Pressure,556.75,-0.0669,0.351476535647524,0.9548611509199223,0.08669630433906583,-0.06810701906148697,0.57368625739655,0.6453870625662779,,False,,,0,0,0.445,0.887
HSBC,"HSBC Holdings, plc.",Financials,XLF,353385414656.0,2026-09-14,103.94000244140625,-0.01291548500414652,-0.029595725430692887,0.0014452406258382844,0.021793213138103118,0.0563332342317624,False,0.03235650604971996,0.08437231378568844,0.021288028908992063,0.05248691749274448,0.9683097255124387,1.461240206864221,1.0706296562652138,0.9302169908639829,1.461240206864221,117798272.18747863,0.4307722102890947,104.18100051879883,101.31864153544107,95.12120393117269,False,True,True,True,True,False,distribution,4,3,normal,False,False,,False,109.0,분산3일,0.013579269153556875,50.36192009053031,True,True,True,True,False,True,False,,Uptrend Under Pressure,89.34,0.1634,0.4688484452987362,0.9738729071360308,0.3096523210499942,0.13324763749518476,0.8245415099928324,0.6451749734888653,,False,,,0,0,0.445,0.887
AMT,American Tower Corporation (REI,Real Estate,XLRE,81869185024.0,2026-09-14,176.94000244140625,-0.0051166917676669366,0.006198443560183842,0.007745760315347239,0.02822175061256349,0.04316093664302367,False,0.038851501711084424,0.07085037359551549,0.05799286087299316,0.10426648215028855,0.9870579485857275,1.1786523777571363,1.0544313076293088,0.7698985544315521,1.1786523777571363,359103274.03401184,0.452380637831268,175.54100036621094,171.83000005086262,174.89617500305175,True,True,False,False,False,False,distribution,2,7,normal,False,False,,False,32.0,분산7일,0.023155549023438995,54.13051229928053,True,True,True,True,False,True,False,,Uptrend Under Pressure,179.26,-0.0129,0.40913240741991946,0.9371875788942187,-0.23034813653964137,-0.18432681030276565,0.20021005410758658,0.6444856839872747,,False,,,0,0,0.445,0.887
UMC,United Microelectronics Corpora,Information Technology,XLK,49857220608.0,2026-09-14,21.899999618530273,-0.03268550313903762,0.05440535078776154,0.14360313601985641,0.16683955897407587,-0.11109439689829037,False,0.17890234025293217,-0.0874994799595783,0.17916229125537408,-0.11006296424594808,0.8627678541304876,1.452706765799357,1.0044652355326078,1.5382770305325586,1.452706765799357,224981294.69286078,0.20200649697981762,20.056500053405763,21.420290978749595,18.083834330240887,True,True,True,True,False,False,distribution,3,1,normal,False,False,,False,8.0,,0.04112394271389637,58.919919636473225,True,True,True,False,True,True,False,,Uptrend Under Pressure,20.47,0.0699,0.5040369515021401,0.9308295144731314,1.4356940641960985,0.8016979793765837,0.9776526396950258,0.6443266171792152,,False,,,0,0,0.445,0.887
A,"Agilent Technologies, Inc.",Health Care,XLV,43298672640.0,2026-09-14,146.8000030517578,-0.0008847044885538224,-0.026912352791778837,-0.011647449954602762,0.008434497320100487,0.09950080062010103,False,0.01885968789721959,0.12868571066471746,-0.013886369745705118,0.09641752924871305,0.9232704594450177,0.6837816477426989,0.6976458051350674,1.0038091630171253,0.6837816477426989,366808205.3937645,0.558443051118844,151.3289993286133,141.50868542989096,130.48361110687256,False,True,True,True,True,False,dry_up,1,2,normal,False,False,,False,7.0,,0.030108993575524285,47.91832080836814,True,True,False,True,False,True,False,,Uptrend Under Pressure,151.39,-0.0303,0.3009228952967847,0.9548611509199223,-0.007099440873354568,0.13861003523257098,0.6394510555840702,0.6432661717921526,,False,,,0,0,0.445,0.887
INCY,Incyte Corporation,Health Care,XLV,24976416768.0,2026-09-14,122.19000244140625,0.005927399468737438,-0.03597631209935892,0.016894130471277746,0.037556002908538666,0.02348537361517855,False,0.048282251458642955,0.05065254670326835,0.014590555300592278,0.02061526824579407,0.9404295338206563,1.1225131556888253,1.0683232322936393,1.0411084009347487,1.1225131556888253,163050749.23171693,0.4406792185144681,125.87800064086915,119.66616681416829,108.45533345540365,False,True,True,True,True,False,accumulation,3,4,normal,False,False,,False,7.0,분산4일,0.026448857074210165,46.462410164222845,True,True,True,True,False,True,False,,Uptrend Under Pressure,128.83,-0.0515,0.39736178493463364,0.9548611509199223,0.16946280568610694,0.10296909350583094,0.7525298066552557,0.6431601272534464,,False,,,0,0,0.445,0.887
DGX,Quest Diagnostics Incorporated,Health Care,XLV,26522718208.0,2026-09-14,237.88999938964844,0.012211705663405015,0.003162688715232953,0.014889102320989389,0.035510235378768185,0.08382664126049133,False,0.04621533479481288,0.11259549982913142,0.012590069150228533,0.08078732409704648,0.9709795893455039,1.0703871945289851,1.0063914678807295,0.8065496785969367,1.0703871945289851,218098419.9044754,0.6338582795421164,239.44199981689454,225.6154774983724,210.00430145263672,False,True,True,True,True,False,accumulation,3,4,normal,False,False,,False,32.0,분산4일,0.021207268451703298,53.49134882063997,True,True,True,True,False,True,False,,Uptrend Under Pressure,235.22,0.0114,0.5011871820578969,0.9548611509199223,0.0946706245851121,0.009470645945102163,0.6420128564871446,0.6430010604453871,,False,,,0,0,0.445,0.887
MO,"Altria Group, Inc.",Consumer Staples,XLP,114344067072.0,2026-09-14,70.61000061035156,0.02362999672504551,0.025116193756058003,0.07473369695857723,0.0965707888299725,-0.049430386009207794,False,0.10790713192933499,-0.02419867298105849,0.09599410142379416,-0.022324896536624617,0.9424720012822922,0.9152074279027869,0.9021804975108358,0.9992319216296721,0.9152074279027869,578660308.3002281,0.5630388757632475,68.03050003051757,69.85633328755696,68.97222220102945,True,True,False,True,False,False,weak_rally,1,2,normal,False,False,,False,54.0,,0.01887085424983991,59.17237556329569,True,True,True,True,False,True,False,,Uptrend Under Pressure,73.79,-0.0431,0.4667249117450596,0.9497192280606287,-0.1243574032122895,-0.16220247381986164,0.31586620751717853,0.6416755037115588,,False,,,0,0,0.445,0.887
UBS,UBS Group AG Registered,Financials,XLF,170600267776.0,2026-09-14,52.9900016784668,-0.02913155183668792,-0.04315636228877695,-0.011933607624500686,0.008142525324900562,0.016237253080081837,False,0.018564697497054805,0.04321203363358683,0.007644090124958147,0.012536933682124163,0.951005034414429,1.1825538585985118,0.8823524588019886,1.4392640933645846,1.1825538585985118,90700224.84387627,0.18135028402689657,54.25300045013428,52.81383361816406,48.31854279836019,False,True,True,True,True,False,distribution,3,2,normal,False,False,,False,9.0,,0.018379491189353624,43.67001337902332,True,True,True,True,False,True,False,,Uptrend Under Pressure,55.72,-0.049,0.3639011917995192,0.9738729071360308,0.12677804417522753,0.2636160625564177,0.7859177826968777,0.640455991516437,,False,,,0,0,0.445,0.887
WTW,Willis Towers Watson Public Lim,Financials,XLF,31441793024.0,2026-09-14,323.7099914550781,0.025664606569696824,-0.032950944318227426,-0.023764302210078636,-0.003928552497286408,0.10705188684481137,False,0.006368828935259252,0.13643723127936447,-0.004421019642180446,0.10302089353195854,0.922908029807778,0.9692688092807034,0.9266725040822155,0.9822443077488064,0.9692688092807034,144268734.9656952,0.7503652251848533,333.89599609375,311.22228673299156,290.4305995941162,False,True,True,True,True,False,weak_rally,0,2,normal,False,False,,False,31.0,,0.02316004474695885,46.67455598537859,True,False,False,True,False,True,False,,Uptrend Under Pressure,336.05,-0.0367,0.3371526798805495,0.9738729071360308,-0.16947744596641623,-0.01626532017220128,0.39092380846864005,0.6389183457051962,,False,,,0,0,0.445,0.887
VLTO,Veralto Corp,Industrials,XLI,24030709760.0,2026-09-14,96.30000305175781,0.023379432660052046,-0.00010377434419373,-0.014127735965464017,0.005903815351952391,0.01850159835015841,False,0.016302843752075136,0.04553648319188208,0.08206342891068363,0.1261213124982814,0.9620380071899233,0.6995208607299507,0.8521611581052255,0.8273826963743909,0.6995208607299507,145335496.99729538,0.5060988658249519,97.30149955749512,94.2803498586019,90.50057341257731,False,True,True,True,True,False,weak_rally,3,3,normal,False,False,,False,9.0,분산3일,0.018863685869146232,50.02387791090364,True,True,True,True,False,True,False,,Uptrend Under Pressure,98.57,-0.023,0.39819686887834777,0.9111039498183728,-0.24846312545475036,-0.08144199428195764,0.27332312833650263,0.636373276776246,,False,,,0,0,0.445,0.887
STT,State Street Corporation,Financials,XLF,52572422144.0,2026-09-14,188.16000366210938,-0.02709405584148905,-0.03140116862564779,-0.018671126152556172,0.0012681098041307237,0.07902393822402987,False,0.011619214304462222,0.10766531488814479,0.0007730733802429057,0.0750950001759807,0.9685988313743522,1.7270620787008044,1.1772290292340573,1.0041807328449321,1.7270620787008044,263998917.7000061,0.3210198297241875,190.95749893188477,183.7864018758138,166.0629639307658,False,True,True,True,True,False,distribution,3,3,interest,False,False,,False,97.0,분산3일,0.020960485562017572,47.72075691134921,True,True,True,True,False,True,False,,Uptrend Under Pressure,149.99,0.2545,0.34184823085696986,0.9738729071360308,0.4417424967132535,0.3405677733385002,0.9118627435463194,0.6341993637327678,,False,,,0,0,0.445,0.887
BMRN,BioMarin Pharmaceutical Inc.,Health Care,XLV,12626817024.0,2026-09-14,66.41000366210938,0.011114545577675106,-0.0018036242204898523,-0.01410327998269345,0.005928768246231675,0.10196283347076163,False,0.016328054609245468,0.131213095179727,-0.016336636570207008,0.09887265795214639,0.9454727460401062,0.746216012955717,0.9551719120769501,0.9602311233734597,0.746216012955717,118291565.51939392,0.5948317252356241,66.0370002746582,62.28766682942708,58.40358352661133,True,True,True,True,True,False,weak_rally,4,1,normal,False,False,,False,23.0,,0.023017179766821216,55.58896366475803,True,True,False,True,True,True,False,,Uptrend Under Pressure,69.55,-0.0451,0.39302980081827066,0.9548611509199223,0.024883779187206967,-0.008062360300394977,0.5783099349487979,0.6328738069989395,,False,,,0,0,0.445,0.887
THC,Tenet Healthcare Corporation,Health Care,XLV,21410807808.0,2026-09-14,264.510009765625,0.0031097399090849187,-0.0020372686369091175,-0.012653916416919597,0.007407580861040097,0.2709260832954521,False,0.017822155181157706,0.3046612687481729,-0.01489055625469815,0.2673620931595966,0.9420879015411612,0.8326010507859227,0.9038831464793208,0.6662817450973797,0.8326010507859227,198840012.55582887,0.36284553817806536,267.72449645996096,235.05849965413412,210.02825012207032,False,True,True,True,True,False,weak_rally,1,4,normal,False,False,,False,34.0,분산4일,0.03320425427454081,54.114309098295614,True,True,False,True,False,True,False,,Uptrend Under Pressure,243.36,0.0869,0.6564940730551213,0.9548611509199223,0.154687281420667,-0.00643385125902407,0.6710536847650853,0.6320254506892895,,False,,,0,0,0.445,0.887
ET,Energy Transfer LP,Energy,XLE,74065371136.0,2026-09-14,21.489999771118164,-0.0027841980541325473,-0.0004651269247365475,0.02090263895510991,0.041645958701854724,0.1064187271061261,True,0.052414489193632674,0.13578726508632566,-0.020547289360693277,-0.06777469006666315,0.9889553715520482,0.9460021076428627,0.9966008414400279,0.8033055742496891,0.9460021076428627,165342183.90421763,0.45454440366442217,21.376500034332274,20.244564787546793,19.58217167854309,True,True,True,True,True,False,dry_up,2,2,normal,False,False,,False,24.0,,0.013926751598857864,60.333148809646865,True,True,False,True,False,True,False,,Uptrend Under Pressure,20.59,0.0437,0.43369816710946446,0.9880569773625073,0.06681100473285739,-0.0301709378572228,0.5929015730316755,0.6313361611876989,,False,,,0,0,0.445,0.887
DRI,"Darden Restaurants, Inc.",Consumer Discretionary,XLY,24327456768.0,2026-09-14,218.57000732421875,0.04135503339754831,0.0077923386359171065,-0.02969895829600655,-0.009983792529302815,0.055576962842668554,False,0.00025098986335292395,0.08359596809337666,0.016301122898012332,0.11919965719391845,0.9599877650886294,1.323043452204605,1.1567109940935443,0.9498873428097323,1.323043452204605,211539599.81165466,0.8526225752498289,217.02200012207032,209.6402623494466,203.20004806518554,True,True,True,True,True,False,accumulation,4,3,normal,False,False,,False,54.0,분산3일,0.024052440989291372,54.599070859583456,True,False,True,True,False,True,False,,Uptrend Under Pressure,212.01,0.031,0.3251024701266745,0.9099102163807861,-0.0965002710186138,-0.04984559116326259,0.4324489505208392,0.6305408271474019,,False,,,0,0,0.445,0.887
BCE,"BCE, Inc.",Communication Services,XLC,21998284800.0,2026-09-14,23.469999313354492,0.003420261897974175,-0.00844954635803985,0.0,0.020318607235627617,0.0725201500038819,True,0.03086665567911062,0.10098889152844315,-0.018423592180450754,0.043619162918974386,0.9840670414240129,1.4330778473294288,1.2998243101942089,0.7840868708749587,1.4330778473294288,64109549.81457424,0.5254194549510232,23.532999897003172,22.551833375295004,23.28094743092855,False,True,False,False,False,False,accumulation,2,5,normal,False,False,,False,73.0,분산5일,0.014897439287154752,54.67307321417056,True,True,False,True,False,True,False,,Uptrend Under Pressure,24.79,-0.0533,0.6236717603582179,0.9638367007488521,-0.15500021635855377,-0.2077774526590741,0.24953840101115388,0.6300636267232238,,False,,,0,0,0.445,0.887
ALSN,"Allison Transmission Holdings, ",Industrials,XLI,10380884992.0,2026-09-14,123.48999786376953,-0.027178229961270062,-0.05905217391809858,-0.016699978780119973,0.0032793081458311057,0.04106797426714692,False,0.013651204404136141,0.06870185608167745,0.07924021338717657,0.15107215882697944,0.9268933560300622,0.9138472800124853,0.8763678139514838,0.7443555402358036,0.9138472800124853,94522429.37653618,0.6893784878831893,127.86662101745605,121.12516136169434,120.93078867594402,False,True,True,True,True,False,dry_up,1,2,normal,False,False,,False,28.0,,0.03328204823461767,45.745653449526195,True,True,True,True,False,True,False,,Uptrend Under Pressure,122.34,0.0094,0.3709751570410302,0.9111039498183728,0.14514157679452366,-0.07498653157871205,0.6039928369062129,0.6299045599151644,,False,,,0,0,0.445,0.887
DB,Deutsche Bank AG,Financials,XLF,75272749056.0,2026-09-14,39.369998931884766,-0.027420964004542636,-0.04742324733451153,0.021006160003790963,0.04175158315406424,0.07464979899497681,False,0.05252120559087903,0.10317506945903188,0.041236531318042946,0.0707367880468146,0.9473050440558051,1.821294628114036,0.9867999856130634,0.6485087941526835,1.821294628114036,75634696.76245213,0.4683525355635605,39.634500122070314,37.20133355458577,34.07032742500305,False,True,True,True,True,False,distribution,1,3,interest,False,False,,False,12.0,분산3일,0.018759745670047186,51.03955556173346,True,True,True,True,False,True,False,,Uptrend Under Pressure,40.23,-0.0214,0.39064237686567266,0.9738729071360308,-0.10224787428717685,0.16331270884380666,0.5643412237404102,0.629374337221633,,False,,,0,0,0.445,0.887
IREN,IREN LIMITED,Financials,XLF,13264110592.0,2026-09-14,43.16999816894531,-0.015058262252723553,-0.03379592940726883,-0.020199799741386748,-0.0002916243029427168,0.08852486497779166,False,0.010043355674319576,0.11741843217463965,-0.0007858895795354037,0.08456133218972606,0.9198806283447692,0.8311818865609757,0.8565777185038337,0.9390181261224588,0.8311818865609757,1745025172.726335,0.5415677906070695,41.73025016784668,41.72858330408732,46.16620836257935,True,True,False,True,False,False,dry_up,1,0,normal,False,False,,False,21.0,,0.06815396441473914,52.68830598685583,True,False,False,True,False,True,False,,Uptrend Under Pressure,44.76,-0.0355,0.5305219746591259,0.9738729071360308,0.13929999233136203,-0.08832658814122196,0.5918935846445699,0.6292152704135737,,False,,,0,0,0.445,0.887
JAZZ,Jazz Pharmaceuticals plc,Health Care,XLV,16272785408.0,2026-09-14,245.8699951171875,0.0002847520934121661,-0.003808607636257122,0.0037148447843702304,0.024108932492112878,-0.01151080590846143,False,0.0346961652983413,0.014727436204110544,0.0014411247130172722,-0.014282773360736134,0.9397981794436426,0.4690352079494029,0.5664127932490421,1.6647846228213874,0.4690352079494029,247227859.44062194,0.3196803921726721,248.2035011291504,246.57000071207682,230.41266682942708,False,False,True,True,True,False,weak_rally,2,2,normal,False,False,,False,28.0,,0.030092859550800478,48.306847455180886,True,True,True,True,False,True,False,,Uptrend Under Pressure,261.62,-0.0602,0.31304401348313743,0.9548611509199223,0.6002420180968111,0.16612228025188802,0.8858673606667465,0.6286850477200424,,False,,,0,0,0.445,0.887
TRMB,Trimble Inc.,Information Technology,XLK,13976799232.0,2026-09-14,58.7400016784668,0.018730520879513213,-0.012275088738054274,0.01979172282197017,0.04051247030013361,0.08403245077322974,False,0.05126928279472276,0.11280677230479963,0.05150109037925965,0.08529029689550027,0.9545011505459033,0.5109815981307922,0.5590731829233573,0.5892417122653965,0.5109815981307922,219772696.36865672,0.7681974477717901,59.05849990844727,55.67316672007243,58.26366659800212,False,True,True,False,False,False,weak_rally,0,1,normal,False,False,,False,21.0,,0.027664161885067137,51.9021440347918,True,True,True,True,False,True,False,,Uptrend Under Pressure,57.54,0.0209,0.40410045483050533,0.9308295144731314,-0.4192880724675242,-0.2668752026066109,0.06550658312738686,0.6280487804878048,,False,,,0,0,0.445,0.887
HTHT,H World Group Limited,Consumer Discretionary,XLY,14552026112.0,2026-09-14,43.119998931884766,0.01078291341111104,-0.03964370898669578,0.049558450308168744,0.07088401623081442,0.021011558942386266,False,0.08195480960893198,0.04811306763200385,0.09931597076517851,0.08255089584563646,0.8872730991934465,0.6376770965332943,0.9094870840820408,0.5735890829485266,0.6376770965332943,83155970.88370343,0.5316426357113195,45.94886169433594,42.72977867126465,44.890588982899985,False,True,True,False,False,False,weak_rally,0,3,normal,False,False,,False,17.0,분산3일,0.023378474540492376,42.64625784428944,True,True,True,False,False,True,False,,Uptrend Under Pressure,47.67,-0.0954,0.27619504612352036,0.9099102163807861,-0.05902009843416267,-0.3031100248967534,0.29350166302256325,0.6275715800636268,,False,,,0,0,0.445,0.887
MEDP,"Medpace Holdings, Inc.",Health Care,XLV,16579244032.0,2026-09-14,595.4099731445312,0.013429250665494274,0.006967808131862041,0.02923072280817851,0.05014325761975891,0.04521398062850479,False,0.060999633143460574,0.07295791313388733,0.026899201495464542,0.04228294288698686,0.9591783699468889,1.0355324822288634,0.9766716230975693,0.7553835368611488,1.0355324822288634,116461750.17377014,0.5218313725699238,599.6310028076172,567.8059977213542,512.1200408935547,False,True,True,True,True,False,accumulation,2,3,normal,False,False,,False,36.0,분산3일,0.02272599635133677,53.26744859845854,True,True,True,True,False,True,False,,Uptrend Under Pressure,605.82,-0.0172,0.6578368313963171,0.9548611509199223,-0.022093286542033796,0.09423697470315151,0.6033212968636593,0.6275715800636267,,False,,,0,0,0.445,0.887
AIZ,"Assurant, Inc.",Financials,XLF,13902396416.0,2026-09-14,283.2699890136719,0.002867654121283092,-0.008644226587525061,0.006251596966043715,0.02669722794501972,-0.004819955169130363,False,0.037311218536149715,0.021595887429807004,0.026189619124604047,-0.008443601136828294,0.9422202096493261,1.4319342202563252,0.9561663971014689,1.106605429400717,1.4319342202563252,87213443.21556702,0.2473472322070453,282.88134307861327,278.5000518798828,257.59727528889977,True,True,True,True,True,False,accumulation,1,1,normal,False,False,,False,27.0,,0.016251731316072462,51.86070648418031,True,True,True,True,False,True,False,,Uptrend Under Pressure,300.64,-0.0578,0.5461584832940598,0.9738729071360308,0.11373425239429547,0.09242830601600938,0.7118546036670157,0.6253446447507953,,False,,,0,0,0.445,0.887
WCC,"WESCO International, Inc.",Industrials,XLI,16588663808.0,2026-09-14,336.7300109863281,-0.05497865944997449,-0.040516258312462194,-0.06729312217615313,-0.0483418174596818,0.07208634878097708,False,-0.038503580128826154,0.10054357558025484,0.023710717102895407,0.18536808204954536,0.9014170930859138,1.13603010000662,1.1974731489169697,1.0713836681432727,1.13603010000662,175825681.3903717,0.34151296061110054,345.1310775756836,343.00421040852865,336.1622149149577,False,False,False,True,True,False,distribution,2,4,normal,False,False,,False,93.0,분산4일,0.03616445944817729,45.91428138507082,True,False,True,True,False,True,False,,Uptrend Under Pressure,348.11,-0.0327,0.3372065958081137,0.9111039498183728,0.37260688990127533,0.19022393365775447,0.8657749730366497,0.6249204665959704,,False,,,0,0,0.445,0.887
DHR,Danaher Corporation,Health Care,XLV,150129704960.0,2026-09-14,203.25,0.015539125711181656,-0.021236654070781236,0.0039516081196204755,0.02435050652857962,0.005149815047339912,False,0.034940236725938156,0.03183029305788332,0.0016773517071440036,0.002331127105554387,0.9287182743045624,1.053787915842887,0.99157624007994,1.1914302364751062,1.053787915842887,682660931.4580657,0.8813564801344842,209.48750076293945,200.16471201578776,190.56445439656576,False,True,True,True,True,False,accumulation,1,3,normal,False,False,,False,36.0,분산3일,0.025538574390347697,46.2534454548414,True,True,True,True,False,True,False,,Uptrend Under Pressure,192.5,0.0558,0.46128987584579967,0.9548611509199223,-0.12000400063500227,-0.07429989922766334,0.3875726653808672,0.6223223753976671,,False,,,0,0,0.445,0.887
UNP,Union Pacific Corporation,Industrials,XLI,178620694528.0,2026-09-14,285.0799865722656,0.0023909728916124973,-0.015675742771437018,-0.024778851415837466,-0.00496371592987821,-0.006757314632293454,False,0.005322963988496632,0.019607103118544966,0.07037308836008371,0.09819342285514732,0.9220363859612413,0.5349486149867284,0.7899779788684846,0.9153712957485284,0.5349486149867284,679547038.6759201,0.7992737057414436,296.5863067626953,289.0592926025391,273.4587036132813,False,False,True,True,True,False,weak_rally,1,2,normal,False,False,,False,36.0,,0.01888287131706789,37.415796505751494,True,False,True,True,False,True,False,,Uptrend Under Pressure,302.92,-0.0589,0.3781168290539722,0.9111039498183728,0.1714037776597268,0.04565905893378752,0.7137208971051424,0.6189289501590669,,False,,,0,0,0.445,0.887
ROP,"Roper Technologies, Inc.",Information Technology,XLK,41997266944.0,2026-09-14,394.6099853515625,0.015674859750076653,-0.031108852547900856,-0.011844571116602975,0.008233370930631922,0.06323136971686116,False,0.018656482264184593,0.0914535518783477,0.018881098642206107,0.06446507951449765,0.9258798077177821,1.248645465855513,0.9784930461019506,0.8420424576148384,1.248645465855513,259201943.3935547,0.07339358884833792,407.5285018920898,380.00008392333984,360.991877746582,False,True,True,True,True,False,accumulation,1,1,normal,False,False,,False,54.0,,0.02512698027245712,46.23900480518946,True,True,True,True,False,True,False,,Uptrend Under Pressure,337.46,0.1693,0.43644777612072944,0.9308295144731314,-0.3519421192863472,-0.036043895963355554,0.25796973321545585,0.6173913043478262,,False,,,0,0,0.445,0.887
HBM,Hudbay Minerals Inc.,Materials,XLB,12729189376.0,2026-09-14,25.6299991607666,-0.033559626004324716,-0.06538311464748858,-0.039715299815689664,-0.020203652158262253,0.11056558089877622,False,-0.010074522621182691,0.14004419206385954,-0.0007257407486254142,0.16872897925614638,0.8324130691350983,0.7928654130019019,0.9685648662090738,0.8565066513528442,0.7928654130019019,105805982.53630981,0.8049430695602817,28.213603496551514,25.188534514109293,24.983537721633912,False,True,True,True,True,False,dry_up,0,1,normal,False,False,,False,31.0,,0.05633223672579316,42.43837331998763,True,False,False,False,False,True,False,,Uptrend Under Pressure,22.75,0.1266,0.34780666798513504,0.9407490851691787,0.6319583793794481,0.08169500818113606,0.843254414188714,0.6153764581124072,,False,,,0,0,0.445,0.887
VMRK,Vivmark Residential,Real Estate,XLRE,25980092416.0,2026-09-14,66.31999969482422,0.011901110289915806,0.014843171283121848,0.005305418639453663,0.025731824592636787,-0.0703610456612822,False,0.03633583484894176,-0.04568491150926979,0.055430841589103164,-0.015905310755719992,0.9454026835674156,0.9546315522226007,1.0816131517291707,1.5552298386055776,0.9546315522226007,420777089.7944393,0.883720600133426,65.56450023651124,66.87376359303792,65.04796361923218,True,False,False,True,False,False,weak_rally,5,2,normal,False,False,,False,94.0,,0.016936273174528397,52.4980791185831,True,True,True,True,False,True,False,,Uptrend Under Pressure,64.76,0.0241,0.33392010202996114,0.9371875788942187,-0.13815524856588224,-0.04760427601948747,0.3934229775226277,0.6150583244962885,,False,,,0,0,0.445,0.887
AR,Antero Resources Corporation,Energy,XLE,11830252544.0,2026-09-14,38.099998474121094,-0.008587088952227817,-0.033240329316495454,0.019534374179857927,0.040249892692039824,0.05409309396380668,False,0.05100399066068517,0.08207271172182473,-0.021860000868976215,-0.11186222978242744,0.9570458970062437,1.3154539362970072,1.0025232217577205,1.310265560979609,1.3154539362970072,124034520.47639886,0.10810747119834334,38.4170000076294,36.08449986775716,36.96874990463257,False,True,True,False,False,False,distribution,2,1,normal,False,False,,False,122.0,,0.027718403871098297,51.3243742448683,True,True,False,True,False,True,False,,Uptrend Under Pressure,43.3,-0.1201,0.5550369012622218,0.9880569773625073,-0.06251567116519807,-0.239254177490287,0.31532309668141645,0.6149522799575822,,False,,,0,0,0.445,0.887
PG,Procter & Gamble Company (The),Consumer Staples,XLP,337321721856.0,2026-09-14,146.1300048828125,0.005920015041361193,-0.0021168912416386076,0.010930486320978927,0.0314711858150567,-0.048241743989811625,False,0.04213452955776442,-0.022978479906499927,0.030928734339279007,-0.0211023603938848,0.9638027592958771,0.9168465571638664,1.0323223312233345,1.354393762625916,0.9168465571638664,1364778686.8975434,0.19084005031915388,144.87200012207032,146.3596201578776,144.88029251098632,True,False,False,False,False,False,weak_rally,3,1,normal,False,False,,False,33.0,,0.015157733070682064,52.617957924785706,True,True,True,True,True,True,False,,Uptrend Under Pressure,148.88,-0.0185,0.40008953955916277,0.9497192280606287,-0.2172358224766291,-0.1768129731099557,0.2150969889229809,0.6147932131495228,,False,,,0,0,0.445,0.887
TOST,"Toast, Inc.",Financials,XLF,19704020992.0,2026-09-14,33.290000915527344,0.03642596583280522,-0.019440348529611184,-0.04201436214309806,-0.022549428230111523,0.13065911083705428,False,-0.012444549313835873,0.16067108028927746,-0.02303268903791922,0.1265421589858724,0.9004598273284614,0.8389587780401261,0.9194070055014572,0.9611626718691936,0.8389587780401261,284570256.26978415,0.62174050055562,34.494000148773196,31.77083339691162,28.9396666208903,False,True,True,True,True,False,weak_rally,0,3,normal,False,False,,False,27.0,분산3일,0.03599751506930609,47.94540986106759,True,False,False,True,False,True,False,,Uptrend Under Pressure,34.8,-0.0434,0.3822706058447755,0.9738729071360308,-0.2780301886656228,0.08072204467300126,0.3735361218449489,0.6147932131495228,,False,,,0,0,0.445,0.887
BRK-B,Berkshire Hathaway Inc. New,Financials,XLF,1078981951488.0,2026-09-14,514.9500122070312,0.00897391526473279,0.017627439972436987,0.02166540375410464,0.04242422181921324,-0.007338144103935074,False,0.05320079799104205,0.019010856235773144,0.04190883742427376,-0.010952620851222394,0.972668257394469,0.9949066611330423,0.9607891363391211,0.9018871765553926,0.9949066611330423,2005246780.0375152,0.7377622937262915,504.31849975585936,502.59583180745443,490.5564155578613,True,True,True,True,True,False,weak_rally,0,3,normal,False,False,,False,33.0,분산3일,0.0098012334768524,62.5777253935898,True,True,True,True,False,True,False,,Uptrend Under Pressure,512.37,0.005,0.4955208379283709,0.9738729071360308,-0.1469909598425465,-0.12388916513485626,0.32296192119240186,0.6144750795334041,,False,,,0,0,0.445,0.887
DAR,Darling Ingredients Inc.,Consumer Staples,XLP,10457597952.0,2026-09-14,64.91999816894531,-0.0029181760040721816,-0.004141804914083558,-0.031622952231956325,-0.011946879342360939,0.12411663383929805,False,-0.0017323913309466032,0.15395494120547193,-0.012466497224874806,0.1561708160223001,0.949956125955349,0.8285805994342001,0.6749639109716727,0.8341490450198732,0.8285805994342001,173403604.4201172,0.03646009259075285,65.65949974060058,61.5871665318807,61.059249846140546,False,True,True,True,True,False,dry_up,2,0,normal,False,False,,False,9.0,,0.0417325743693905,50.70146490242417,True,False,False,True,False,True,False,,Uptrend Under Pressure,66.27,-0.0204,0.36177114359507434,0.9497192280606287,0.7220675713844957,0.0159746338465927,0.8093540779664774,0.6137857900318134,,False,,,0,0,0.445,0.887
ASND,Ascendis Pharma A/S,Health Care,XLV,17253539840.0,2026-09-14,264.9200134277344,0.005331759866401997,-0.020845594994647887,0.06607651278766347,0.08773770273412373,-0.05532097866235908,False,0.09898272943546726,-0.030245624244039426,0.06366152452947538,-0.05797009158705957,0.9557688881881622,0.7956875736634803,0.9818659360666884,1.0164064012644474,0.7956875736634803,132939418.11875764,0.8945478959517046,258.4637512207031,256.60058415730794,243.4335417429606,True,True,True,True,True,False,weak_rally,2,3,normal,False,False,,False,6.0,분산3일,0.0293989136378617,57.145962008506466,True,True,True,True,False,True,False,,Uptrend Under Pressure,271.12,-0.0229,0.2710873383609291,0.9548611509199223,0.04155830439140362,-0.0772061463950694,0.5302301550873115,0.6133085896076353,,False,,,0,0,0.445,0.887
NYT,New York Times Company (The),Communication Services,XLC,10849546240.0,2026-09-14,70.33999633789062,0.051734438196255006,0.04548153409799638,0.08566129563108538,0.10772042108793611,-0.0647650055031539,False,0.11917202902746715,-0.039940331278656926,0.06565951467427844,-0.08996659681797381,0.9053931539124485,1.2491039610736345,1.2955502909793428,1.077837418571581,1.2491039610736345,124259618.5617981,0.9386959292366515,67.17299957275391,70.13268330891927,74.20768343607584,True,True,False,False,False,False,accumulation,3,3,normal,False,False,,False,142.0,분산3일,0.022838058678318195,59.60758687892337,True,True,True,True,False,True,False,,Uptrend Under Pressure,75.05,-0.0627,0.5874298837304306,0.9638367007488521,-0.07320728869900739,-0.31115947732501203,0.2747496421844723,0.6125662778366915,,False,,,0,0,0.445,0.887
UL,Unilever PLC,Consumer Staples,XLP,139639193600.0,2026-09-14,63.56999969482422,0.02499192559851915,-0.009813041796962518,0.023836359133502683,0.04463928798829153,0.004293749721304474,False,0.05543876350263077,0.030951504520078776,0.04408991139763385,0.03293118275071283,0.9586467558155642,1.094848159825545,0.8127726668898886,0.7734915955509534,1.094848159825545,253485609.76036185,0.6705195939211657,63.719499588012695,62.25040499369303,59.58265676498413,False,True,True,True,True,False,accumulation,2,3,normal,False,False,,False,33.0,분산3일,0.014152009141625987,51.7151709744686,True,True,True,True,False,True,False,,Uptrend Under Pressure,66.31,-0.0414,0.5419402752903197,0.9497192280606287,-0.24146826348186967,-0.1562206431451414,0.2213850456850726,0.6121420996818664,,False,,,0,0,0.445,0.887
GPC,Genuine Parts Company,Consumer Discretionary,XLY,18703433728.0,2026-09-14,133.2100067138672,-0.0035157539472188137,-0.03526937320833823,-0.0057990163275774,0.01440176297293716,-0.008777875476234431,False,0.024888643111272257,0.01753290894715498,0.041334114532295185,0.05096596555354749,0.9624126585298257,0.8987314444183376,0.8772045690288321,0.933326617391391,0.8987314444183376,139734361.03451768,0.6149559610845662,134.61080169677734,127.09404729207357,114.38117802937826,False,True,True,True,True,False,dry_up,1,1,normal,False,False,,False,50.0,,0.022537715207009992,50.60932462662359,True,True,True,True,False,True,False,,Uptrend Under Pressure,131.55,0.0126,0.45531741869935427,0.9099102163807861,-0.1848891044531361,0.0958693320957471,0.45277242028005704,0.610710498409332,,False,,,0,0,0.445,0.887
SYY,Sysco Corporation,Consumer Staples,XLP,38845104128.0,2026-09-14,83.54000091552734,0.003965891535699706,0.0435977230570872,0.006627341437707379,0.027080607021024106,-0.036044799416975026,False,0.03769856098304358,-0.010457782290485218,0.026540464553951093,-0.00855761998595006,0.9791373794460426,0.8303992634661326,1.4334584095375709,1.1641780795755967,0.8303992634661326,209517223.6291237,0.1666676299742797,82.24799957275391,82.63447558085123,78.67331879933676,True,True,True,False,False,False,weak_rally,3,1,normal,False,False,,False,54.0,,0.018297473974792783,56.25778979468073,True,True,True,True,True,True,False,,Uptrend Under Pressure,82.27,0.0154,0.385812362765887,0.9497192280606287,-0.11349547041546537,-0.16054834090716397,0.32907677941153196,0.6100742311770944,,False,,,0,0,0.445,0.887
F,Ford Motor Company,Consumer Discretionary,XLY,55587082240.0,2026-09-14,13.859999656677246,-0.007874059287685142,-0.05198360019363113,-0.03549062163837269,-0.015893134404363574,0.026471465738944655,False,-0.005719442757211257,0.053717901006714364,0.010234888084992733,0.08833988710835095,0.9168919056180552,0.7368715780075789,1.0983978332145317,1.0434745299000747,0.7368715780075789,598244176.6460159,0.5714279226706509,14.02999997138977,13.991900571187337,13.495648686091105,False,False,False,True,True,False,dry_up,4,3,normal,False,False,,False,32.0,분산3일,0.02865389358388212,47.56066903467389,True,False,True,True,False,True,False,,Uptrend Under Pressure,15.12,-0.0831,0.26831664679653017,0.9099102163807861,0.03363884794308536,0.03177140507345477,0.608669197566176,0.6093849416755037,,False,,,0,0,0.445,0.887
BUD,Anheuser-Busch Inbev SA Sponsor,Consumer Staples,XLP,155757887488.0,2026-09-14,79.81999969482422,0.020324635940971225,-0.006596126812218661,0.001128763753937445,0.02147030589694321,-0.03933317991847407,False,0.03203026059518388,-0.013833448848597052,0.020933113891469013,-0.011939768646827775,0.9229879347411541,0.747975610420604,1.1590003471298789,1.3559874328051118,0.747975610420604,192715691.76432458,0.3606573779923456,78.82699966430664,80.89866689046224,78.67553094228109,True,False,False,True,False,False,weak_rally,2,4,normal,False,False,,False,31.0,분산4일,0.016662506780041705,50.80022209328007,True,True,True,True,False,True,False,,Uptrend Under Pressure,86.14,-0.0734,0.391871130941249,0.9497192280606287,0.15370543948935134,-0.04744005686482844,0.63371922390773,0.6090668080593851,,False,,,0,0,0.445,0.887
LNG,"Cheniere Energy, Inc.",Energy,XLE,60243951616.0,2026-09-14,274.2799987792969,-0.014586468391215801,-0.06068493568733946,0.00971868645448315,0.030234763863025593,0.09387049599917718,False,0.040885325482037604,0.12290595646286295,-0.03127715935457598,-0.07834734067913629,0.9270601377654274,0.8572652143687486,1.2779567340781048,1.1261636759800966,0.8572652143687486,556689921.4847763,0.10521308027442536,281.27149658203126,263.68007609049477,258.9320415496826,False,True,True,True,True,False,dry_up,4,3,normal,False,False,,False,5.0,분산3일,0.03047717341700156,47.599865082545065,True,True,False,True,False,True,False,,Uptrend Under Pressure,292.0,-0.0607,0.356922627738516,0.9880569773625073,-0.050871456245706326,-0.10137227126678561,0.4313934795044623,0.608271474019088,,False,,,0,0,0.445,0.887
FFIV,"F5, Inc.",Information Technology,XLK,23054624768.0,2026-09-14,411.489990234375,-0.0005343596834402886,0.05383253245565167,0.020560460754865062,0.041296827917154166,-0.013125446527055717,False,0.052061749096699916,0.013069936916216829,0.052293731422097256,-0.01198033659112352,0.9541575405009282,1.2294604962481885,1.103698975045002,0.8785620586904926,1.2294604962481885,181279766.02680665,0.5463701862436857,394.62649993896486,403.0961675008138,373.26258392333983,True,True,True,True,False,False,distribution,3,2,normal,False,False,,False,34.0,,0.03241704632071849,56.26051552825276,True,True,True,True,False,True,False,,Uptrend Under Pressure,407.96,0.0087,0.32373921760968094,0.9308295144731314,0.0395940018099068,0.2177653728092337,0.7098594288065807,0.6074761399787911,,False,,,0,0,0.445,0.887
RBRK,"Rubrik, Inc.",Information Technology,XLK,19150288896.0,2026-09-14,100.19999694824219,0.15637617061456632,0.06971280993855933,-0.01985724681631562,5.7888820470308744e-05,0.17264225292077673,False,0.010396482062580592,0.2037686137626311,0.010619277089282786,0.17400291653337896,0.9362735945734486,1.4491889395869963,0.864555759620548,0.5703318426041328,1.4491889395869963,358420571.41300124,0.9726702138350505,94.82449951171876,85.7424996693929,72.80949983596801,True,True,True,True,True,False,accumulation,1,1,normal,False,False,,False,11.0,,0.0691274669980816,58.54966171833359,True,True,True,True,False,True,False,,Uptrend Under Pressure,107.02,-0.0637,0.2645510613835181,0.9308295144731314,0.12814016878322398,0.6657504219965529,0.8147686804577325,0.6065747613997878,,False,,,0,0,0.445,0.887
SNX,TD SYNNEX Corporation,Information Technology,XLK,20217571328.0,2026-09-14,261.1199951171875,-0.03005087699072484,-0.0057874636250102585,0.009198442346143088,0.029703949118981443,0.04684202480719768,False,0.040349023177936205,0.07462917176306272,0.04057842281710089,0.048056717393747395,0.9699491230092752,1.2363524646218695,1.0214145705592041,0.6603434952278708,1.2363524646218695,142758769.23132324,0.5629530558408643,256.2925003051758,255.92266159057618,241.7347947438558,True,True,False,True,True,False,distribution,1,2,normal,False,False,,False,19.0,,0.03018180585714987,53.737127508375806,True,True,True,True,False,True,False,,Uptrend Under Pressure,263.88,-0.0105,0.2820216022037291,0.9308295144731314,0.4117712451552151,0.4139873919279624,0.9124820526966742,0.6052492046659597,,False,,,0,0,0.445,0.887
WELL,Welltower Inc.,Real Estate,XLRE,170227941376.0,2026-09-14,234.2100067138672,-0.005984162772853963,-0.008299070458882118,-0.005562149859161369,0.014643442238092108,-0.02516458977796332,False,0.02513282085541091,0.0007112292660895747,0.044021406452422474,0.03193863123902552,0.9326542400160607,0.6005412874825369,0.8639998648841237,0.9951191959712358,0.6005412874825369,580031638.1043327,0.0,237.7354995727539,234.7061798095703,221.1066769917806,False,False,True,True,True,False,dry_up,2,1,normal,False,False,,False,79.0,,0.02097627618415788,45.252586773168076,True,True,True,True,False,True,False,,Uptrend Under Pressure,217.79,0.0754,0.5670352240078119,0.9371875788942187,0.18070073813450516,-0.0377351542124329,0.656059800979951,0.6048250265111348,,False,,,0,0,0.445,0.887
HSIC,"Henry Schein, Inc.",Health Care,XLV,10007900160.0,2026-09-14,88.93000030517578,0.006450879254039421,-0.00979843310700279,-0.009357205851644679,0.010771275993460394,0.007153417372690596,True,0.021220624176324643,0.03388707856745499,-0.011601313743742514,0.004329110835915362,0.9787585263899294,0.9241634509311635,1.027269659163563,0.8913718014438891,0.9241634509311635,78978873.78872566,0.8737214873450683,89.25699996948242,86.97216657002767,81.16691646575927,False,True,True,True,True,False,weak_rally,1,1,normal,False,False,,False,26.0,,0.018043877713935785,51.519956720623775,True,True,False,True,False,True,False,,Uptrend Under Pressure,88.23,0.0079,0.42870849523549986,0.9548611509199223,0.08344639660002362,0.00996310198291761,0.6332663300675836,0.6042948038176035,,False,,,0,0,0.445,0.887
CRL,Charles River Laboratories Inte,Health Care,XLV,13883865088.0,2026-09-14,273.1099853515625,-0.01850795742586331,-0.053344938122833585,-0.02478129885346314,-0.0049662130960278494,0.1588324733905786,False,0.005320441006656518,0.1895922704490347,-0.02699046647340797,0.1555828213781152,0.9146962208917556,1.5988128206190437,1.0307463914325354,0.7759602570267461,1.5988128206190437,246653497.91243896,0.4747957434244641,287.4685028076172,251.37883377075195,212.2408332824707,False,True,True,True,True,False,distribution,0,2,interest,False,False,,False,19.0,,0.030095150958555653,47.2423145593314,True,False,False,True,False,True,False,,Uptrend Under Pressure,286.64,-0.0472,0.46880457656945373,0.9548611509199223,0.47228906939430915,0.532281103638995,0.9260964530475935,0.6034464475079534,,False,,,0,0,0.445,0.887
AWK,"American Water Works Company, I",Utilities,XLU,27470307328.0,2026-09-14,138.9199981689453,0.00893307942283239,-0.012651022159948289,0.019970640834424902,0.040695023677410846,0.00018246622100703824,False,0.05145372340786292,0.026731092004999013,0.08070064146086908,0.11807094050332778,0.9860174517053205,0.7850709827187651,0.9146019278100324,0.5980521381493901,0.7850709827187651,277918587.43714064,0.6318187808210627,138.289501953125,134.2845146179199,131.04413070678712,True,True,True,True,True,False,weak_rally,1,1,normal,False,False,,False,33.0,,0.018890613024887076,54.37308751594241,True,True,True,True,False,True,False,,Uptrend Under Pressure,137.13,0.0131,0.3897158848633409,0.8879381683361783,-0.16054132680507782,-0.16121903407285465,0.2819575053078796,0.6024390243902439,,False,,,0,0,0.445,0.887
IVZ,Invesco Ltd,Financials,XLF,14472361984.0,2026-09-14,31.510000228881836,-0.02385373542544511,-0.047172648331972544,-0.03195081513226572,-0.012281403960168635,0.1495576513344805,False,-0.0020703742625096666,0.18007125953410652,-0.012769741376294719,0.14537188618622277,0.9459621413929908,0.9958248853001506,0.9125929598765002,0.7372928521029246,0.9958248853001506,109453322.76926422,0.4819272955402508,32.36400003433228,30.162708409627278,28.03605907758077,False,True,True,True,True,False,dry_up,0,2,normal,False,False,,False,34.0,,0.029491771624382292,47.21664165122539,True,False,False,True,False,True,False,,Uptrend Under Pressure,29.91,0.0535,0.4757354572649563,0.9738729071360308,0.22980636156122958,0.2008666100008114,0.8182043878471602,0.5998409331919407,,False,,,0,0,0.445,0.887
DASH,"DoorDash, Inc.",Consumer Discretionary,XLY,100412473344.0,2026-09-14,203.5399932861328,0.007873217934725396,-0.03868135175303833,-0.062114140267937934,-0.043057605852193315,0.03761865711102641,False,-0.03316474036928174,0.06516098100139733,-0.01765079967146521,0.10015895213295245,0.8590722980549793,0.5733651563986076,0.8520578314989555,1.5293998663242692,0.5733651563986076,868013307.1426964,0.8822262810689652,219.24175033569335,200.96075057983398,181.5425003051758,False,True,True,True,True,False,weak_rally,0,3,normal,False,False,,False,25.0,분산3일,0.037998159002481824,42.37535994972627,True,False,False,False,False,True,False,,Uptrend Under Pressure,216.26,-0.0588,0.35838765889842045,0.9099102163807861,-0.30502534110508384,0.13504748962474755,0.3904150660121601,0.5995227995758219,,False,,,0,0,0.445,0.887
ANET,"Arista Networks, Inc.",Information Technology,XLK,246809067520.0,2026-09-14,187.80999755859375,-0.05902098800259625,-0.030808139427756842,-0.05537676974164285,-0.036183341340373376,0.14904676698969554,False,-0.02621940974676895,0.17954681438642162,-0.026004688618519567,0.15038005181814773,0.8922090145301366,1.1154745204350445,0.8492943592156442,0.9204898251885948,1.1154745204350445,977111964.0209808,0.3406803761180338,192.60949935913087,182.40783411661783,167.55066668192546,False,True,True,True,True,False,distribution,0,1,normal,False,False,,False,27.0,,0.04097301833515301,47.860371894279446,True,False,False,False,False,True,False,,Uptrend Under Pressure,197.31,-0.0481,0.40876613780763665,0.9308295144731314,0.1124970584492837,0.29105636946669056,0.7801405033610918,0.5990455991516437,,False,,,0,0,0.445,0.887
LDOS,"Leidos Holdings, Inc.",Industrials,XLI,17595262976.0,2026-09-14,132.8300018310547,0.030808638847579006,-0.001653522853490963,-0.076479175832319,-0.05771451893213286,0.19459175113116323,False,-0.0479731765402468,0.22630073467818823,0.013628383843340197,0.3208179867980434,0.9078668857051916,1.0518479472256035,1.1107486378326636,0.7204455730309866,1.0518479472256035,154990339.29301223,0.7735847245903003,136.6459991455078,121.99650014241537,130.31082706451417,False,True,True,False,False,False,accumulation,1,3,normal,False,False,,False,20.0,분산3일,0.029538259705108125,50.589632013563325,True,False,True,True,False,True,False,,Uptrend Under Pressure,143.83,-0.0765,0.43704007264937633,0.9111039498183728,-0.3491293812364302,-0.3011389367486288,0.07388319725414738,0.5988335100742311,,False,,,0,0,0.445,0.887
UPS,"United Parcel Service, Inc.",Industrials,XLI,88676966400.0,2026-09-14,102.45999908447266,0.021739133742648686,0.0016619236232648937,-0.00388879567864453,0.016350796644968968,-0.07924246807946,False,0.026857825883247033,-0.0548020804718764,0.0933013785308785,0.01804914397646118,0.8842475501796065,1.0830920518855043,0.9067306462986373,1.1378006930760345,1.0830920518855043,404464844.49660647,0.9427475692250349,102.7010009765625,105.89099553426107,103.03600546518962,False,False,False,True,False,False,accumulation,2,1,normal,False,False,,False,149.0,,0.01928278903911231,47.72262781617018,True,True,True,False,False,True,False,,Uptrend Under Pressure,112.58,-0.0899,0.573399282126501,0.9111039498183728,0.09353530545080035,-0.0650256640770166,0.5813485971144128,0.5982502651113468,,False,,,0,0,0.445,0.887
LH,Labcorp Holdings Inc.,Health Care,XLV,26978725888.0,2026-09-14,315.30999755859375,0.012101139212520318,-0.03542481131550557,-0.006739355262194047,0.013442317660839587,0.07777486427320901,False,0.02391927905853919,0.10638308579012112,-0.008989393383838529,0.07475251778474701,0.931178228979432,1.0262417878862886,1.2626746807413238,0.8001010153741746,1.0262417878862886,225028797.48863524,0.8580074127344139,327.65918884277346,302.9229331970215,282.2581869761149,False,True,True,True,True,False,accumulation,3,5,normal,False,False,,False,31.0,분산5일,0.024397462160694817,45.17722710470684,True,True,False,True,False,True,False,,Uptrend Under Pressure,314.85,0.0014,0.33204278864037323,0.9548611509199223,-0.028033303264259457,0.038488180278051454,0.5617247047597944,0.5959703075291622,,False,,,0,0,0.445,0.887
GPN,Global Payments Inc.,Financials,XLF,24093505536.0,2026-09-14,90.19000244140625,0.0215200079983775,-0.022635008157809944,-0.027991872266444395,-0.008242020889188573,0.12592599872341625,False,0.002010767929604196,0.15581233347742907,-0.008732355414510895,0.12182628106288584,0.9537630745850608,1.0127986785907475,0.9302862806362728,0.7367430695586611,1.0127986785907475,225966243.54875487,0.7791413914476147,91.04748458862305,83.22246208190919,75.84734684626261,False,True,True,True,True,False,accumulation,2,2,normal,False,False,,False,39.0,,0.0280359933775268,53.040547908759066,True,False,False,True,False,True,False,,Uptrend Under Pressure,82.14,0.098,0.5191602673083912,0.9738729071360308,-0.07321760313445558,0.17401805877357934,0.5930919557642782,0.5949628844114528,,False,,,0,0,0.445,0.887
TWLO,Twilio Inc.,Information Technology,XLK,36186927104.0,2026-09-14,231.8800048828125,0.01992521951916859,-0.004721396106526443,-0.026532292806044633,-0.006752784807003587,0.0843891901389664,False,0.003515399726644386,0.11317298088264849,0.0037366774569682626,0.08564745020016251,0.9059582248391389,0.7821163536502538,0.8402996841207541,0.7813817097415507,0.7821163536502538,397254996.2745575,0.7466592849442,229.49200057983398,214.23766708374023,192.1418332417806,True,True,True,True,True,False,weak_rally,0,0,normal,False,False,,False,25.0,,0.041041531626066684,53.54840369117268,True,False,True,True,False,True,False,,Uptrend Under Pressure,241.28,-0.039,0.5451130333424764,0.9308295144731314,1.0334647881084447,0.6966632458528907,0.96913516043476,0.5942205726405091,,False,,,0,0,0.445,0.887
AJG,Arthur J. Gallagher & Co.,Financials,XLF,67199791104.0,2026-09-14,253.3000030517578,0.05401129881802813,-0.033169157244683944,0.011013781295317937,0.031556173227264006,-0.015200789723763708,False,0.04222039556939605,0.010939506261206544,0.0310461620983431,-0.018786637034353793,0.9337725780863102,1.207237263451405,0.9036613528147422,0.9272284927441103,1.207237263451405,349115632.0692291,0.8908338689673279,257.5295890808105,249.2992970784505,229.77509180704752,False,True,True,True,True,False,accumulation,3,2,normal,False,False,,False,51.0,,0.02921176844702564,49.2926391374065,True,True,True,True,False,True,False,,Uptrend Under Pressure,239.03,0.0597,0.2921137462159577,0.9738729071360308,-0.2885216752437968,0.0359065830859806,0.3416956273020596,0.5930540827147401,,False,,,0,0,0.445,0.887
WAB,Westinghouse Air Brake Technolo,Industrials,XLI,48296677376.0,2026-09-14,278.4200134277344,-0.016947912478922356,-0.01569671269801476,-0.06793057833812688,-0.04899222584304075,0.04050512668939166,False,-0.039160712430662104,0.0681240684002713,0.023011064596613284,0.15044983810207846,0.9114339504455385,0.8330315159004098,0.8447907166690239,0.9907800073890757,0.8330315159004098,225351400.21228638,0.7524366350101709,288.89199981689455,282.3669443766276,271.58536491394045,False,False,True,True,True,False,dry_up,0,2,normal,False,False,,False,29.0,,0.022966334318616347,39.75697844459433,True,False,True,True,False,True,False,,Uptrend Under Pressure,296.16,-0.0599,0.579660938884744,0.9111039498183728,0.3011844215915258,0.06718694773395861,0.7827430036606846,0.5910922587486744,,False,,,0,0,0.445,0.887
FDS,FactSet Research Systems Inc.,Financials,XLF,11151576064.0,2026-09-14,276.92999267578125,0.06630473138220272,-0.08289177204795528,-0.019458913342391915,0.0004643158757993149,0.08797533482473607,False,0.010807110758689342,0.11685431541275704,-3.0323144767696597e-05,0.08401380298386929,0.8832084307355579,1.1791168810199095,1.3521392617449663,0.7518093774019985,1.1791168810199095,265951273.59976807,0.5601839533005395,293.3548919677734,267.33951136271156,246.72913449605306,False,True,True,True,True,False,accumulation,2,4,normal,False,False,,False,33.0,분산4일,0.046372825607855744,46.051353191348376,True,True,False,False,False,True,False,,Uptrend Under Pressure,282.8,-0.0208,0.3102006996102438,0.9738729071360308,-0.3427599449844211,0.18842855919666346,0.3971205176963237,0.5908271474019088,,False,,,0,0,0.445,0.887
SAN,"Banco Santander, S.A. Sponsored",Financials,XLF,211609305088.0,2026-09-14,14.739999771118164,-0.014705900164961427,-0.012726090433618387,-0.0013550445429219016,0.01893603007485134,0.03427285488146503,True,0.029469785442852503,0.06172636852536595,0.01843225846407104,0.030506864315679838,0.9794019657350209,0.5331947837092083,0.4041640423147673,0.5468731409151921,0.5331947837092083,247328640.02487564,0.7417791086841642,14.630500078201294,14.175499979654948,13.099474573135376,True,True,True,True,True,False,dry_up,0,0,normal,False,False,,False,14.0,,0.01696452891602869,53.67069003354938,True,True,True,True,False,True,False,,Uptrend Under Pressure,14.72,0.0014,0.45581665872552457,0.9738729071360308,0.24113493331302882,0.17656023004715893,0.8184605679374676,0.589236479321315,,False,,,0,0,0.445,0.887
DXCM,"DexCom, Inc.",Health Care,XLV,34362470400.0,2026-09-14,84.68000030517578,0.0198723539700969,-0.03663255022532752,-0.056490247296091534,-0.0373194432079168,0.1633431410614241,False,-0.02736725662949724,0.19422266830119583,-0.05862758448243255,0.16008084002452416,0.9170457403454363,0.6670470234204016,1.122517076130636,0.9775605950000529,0.6670470234204016,330235059.50513995,0.7540961052605248,88.46099967956543,80.51016680399577,73.26233336130778,False,True,True,True,True,False,weak_rally,0,2,normal,False,False,,False,17.0,,0.028535996085887395,45.82375146860199,True,False,False,True,False,True,False,,Uptrend Under Pressure,89.88,-0.0579,0.646340075172245,0.9548611509199223,0.006458718236116434,0.20601965507755438,0.67533820067968,0.5885471898197243,,False,,,0,0,0.445,0.887
AFG,"American Financial Group, Inc.",Financials,XLF,11820454912.0,2026-09-14,143.6999969482422,0.01225690442437144,0.006866561933555504,-0.017704535216053863,0.002254340522229281,-0.00846372755749325,False,0.01261564067058396,0.017855395539905228,0.0017588164965463005,-0.012074105834394167,0.9793498339295038,1.3388447341427947,0.9647403849390251,1.2320599506734964,1.3388447341427947,42177535.86499176,0.3346019958226967,143.27199935913086,141.9447052001953,136.19910589853922,True,True,True,True,True,False,accumulation,2,1,normal,False,False,,False,27.0,,0.014874733287844678,53.058235777252456,False,True,True,True,False,True,False,,Uptrend Under Pressure,146.73,-0.0207,0.436496539467214,0.9738729071360308,-0.08456750614348518,-0.02417610507129042,0.46599972414853474,0.5875927889713681,,False,,,0,0,0.445,0.887
SLF,Sun Life Financial Inc.,Financials,XLF,43635286016.0,2026-09-14,80.2300033569336,0.007029059882752264,-0.009139160832571713,-0.005379567009029973,0.014829734917443327,-0.0054015463136763975,False,0.025321039427510295,0.02099885865645068,0.014327993497828206,-0.009023074593809688,0.9626771633216025,0.30463976474726373,0.6032290007753073,0.9949247219154839,0.30463976474726373,87902624.79971924,0.9200003487723214,79.17739372253418,79.61212526957193,74.36696173350016,True,True,True,True,False,False,weak_rally,0,1,normal,False,False,,False,139.0,,0.015069003964025466,53.79019793152126,True,True,True,True,False,True,False,,Uptrend Under Pressure,63.07,0.272,0.3234147596814538,0.9738729071360308,0.15753101478364684,0.10239690195277396,0.7461400014018681,0.5866383881230117,,False,,,0,0,0.445,0.887
MA,Mastercard Incorporated,Financials,XLF,516241391616.0,2026-09-14,574.4199829101562,0.009188461579292095,-0.008269951970420353,0.009011233432544508,0.029512936380996502,0.044157283519207,False,0.040156035751261365,0.07187316728641502,0.02900393544769786,0.04035530180773694,0.9575900992520837,0.9359353002174322,0.823382838205648,0.6299475682516724,0.9359353002174322,1547178746.9279542,0.6542896929358729,581.0169952392578,552.7875188191732,525.2918764750162,False,True,True,True,True,False,weak_rally,0,2,normal,False,False,,False,31.0,,0.01455381609084122,50.80184485991298,True,True,True,True,False,True,False,,Uptrend Under Pressure,577.35,-0.0051,0.3635901264397092,0.9738729071360308,-0.1896384805079281,-0.03239096485724291,0.35986383790787013,0.5840402969247084,,False,,,0,0,0.445,0.887
E,ENI S.p.A.,Energy,XLE,78949376000.0,2026-09-14,55.400001525878906,-0.011596747904179416,0.033967891613048806,0.002170816737191661,0.022533531945482688,0.156982218712314,False,0.03310447826907148,0.18769290301313113,-0.03851857608920217,-0.02517186215070999,0.9659983086290383,1.2091651089616189,0.8952850958754223,0.813108096647621,1.2091651089616189,20638011.58824272,0.391063809836373,55.18700008392334,52.096000289916994,53.09580132166545,True,True,True,True,False,False,distribution,3,3,normal,False,False,,False,,분산3일,0.01963640938983673,53.63526112855391,False,True,False,True,False,True,False,,Uptrend Under Pressure,,,0.39282071226661835,0.9880569773625073,0.3377468901300438,-0.07585655661998703,0.6858759527615671,0.5835630965005303,,False,,,0,0,0.445,0.887
TSLA,"Tesla, Inc.",Consumer Discretionary,XLY,1453236027392.0,2026-09-14,358.9700012207031,-0.01770468798565783,0.01381048021317488,0.0487919266750676,0.07010191790507525,-0.10694039692525936,False,0.0811646259547778,-0.08323521711500581,0.09851310774064692,-0.053113096629826995,0.8551588027151972,0.8316401862821394,0.9039123332415063,1.0394757691360192,0.8316401862821394,13915986401.695293,0.18054183676382426,355.9649993896484,360.985498046875,378.3127494812012,True,False,False,False,False,False,dry_up,3,2,normal,False,False,,False,6.0,,0.038904953822486994,51.503667880797934,True,True,True,False,False,True,False,,Uptrend Under Pressure,376.37,-0.0462,0.35653917181668504,0.9099102163807861,-0.22925891322841552,-0.26402564486023095,0.15313306215476172,0.5827677624602333,,False,,,0,0,0.445,0.887
SMCI,"Super Micro Computer, Inc.",Information Technology,XLK,24115425280.0,2026-09-14,36.7400016784668,-0.0837904469702836,-0.07198783690670929,-0.07781120638172812,-0.059073614487101245,0.3211828065972855,False,-0.04934632241797843,0.35625199557949383,-0.049136700833539715,0.32271582774338103,0.9125683857472064,1.015595729366662,0.9547801037625465,0.8518752819304961,1.015595729366662,1477137680.676956,0.20991287365679295,37.721499824523924,32.3718331972758,31.666999848683677,False,True,True,True,True,False,distribution,1,1,normal,False,False,,False,19.0,,0.061571655498292244,50.706533464874596,True,False,False,True,False,True,False,,Uptrend Under Pressure,38.28,-0.0402,0.4763826714595036,0.9308295144731314,-0.25498128729819103,0.07852767371074099,0.38633608204998343,0.5808589607635207,,False,,,0,0,0.445,0.887
AEG,Aegon Ltd. New York Registry Sh,Financials,XLF,13571937280.0,2026-09-14,9.0600004196167,0.0,-0.008752726553724832,-0.015076124491421705,0.004936156892029198,0.05203078072736056,False,0.015325181644036734,0.0799556568915063,0.00443930695096717,0.048200130066429425,0.976655905401478,1.1372677455989326,0.9518636230808134,0.7760896963815274,1.1372677455989326,41099882.89656434,0.7619095194412403,9.00789794921875,8.831708685557048,8.248101977507273,True,True,True,True,True,False,distribution,3,3,normal,False,False,,False,,분산3일,0.012769821981132693,53.47524709422665,False,True,True,True,False,True,False,,Uptrend Under Pressure,,,0.3843124473856696,0.9738729071360308,0.05258666210908247,0.20429758683408283,0.7160676695299446,0.5800636267232238,,False,,,0,0,0.445,0.887
WST,"West Pharmaceutical Services, I",Health Care,XLV,24005873664.0,2026-09-14,355.20001220703125,0.02590763635754656,0.04479810257270622,0.016541693541238134,0.03719640495094212,-0.048747184015017764,False,0.04791893597923558,-0.023497336221771747,0.014238916747627561,-0.05141473148094455,0.9806644900136755,1.273949846463102,1.2336917438703572,1.180120744870122,1.273949846463102,158921434.22608337,0.8769656024563207,345.6790008544922,348.3525919596354,321.4485511779785,True,True,True,True,False,False,accumulation,4,3,normal,False,False,,False,48.0,분산3일,0.021311932276901157,60.42294467759287,True,True,True,True,False,True,False,,Uptrend Under Pressure,355.85,-0.0018,0.4480178340161829,0.9548611509199223,0.10087251971691424,0.2468214255723471,0.7654690492394866,0.5795864262990457,,False,,,0,0,0.445,0.887
CSX,CSX Corporation,Industrials,XLI,93568499712.0,2026-09-14,48.90999984741211,-0.0008171790583020311,-0.01011940905776365,-0.02225086332565762,-0.0023843626425978925,-0.01807846531807933,False,0.00792898261661712,0.007985446271981722,0.0731477312432407,0.08567602564151522,0.9213581885779137,0.8505922701796718,0.9192999817467673,0.7736516473862873,0.8505922701796718,453461780.9735996,0.9307663415378475,50.03616485595703,49.59926465352376,46.881804593404134,False,False,True,True,True,False,dry_up,2,3,normal,False,False,,False,36.0,분산3일,0.020461525805920137,42.335209042321736,True,False,True,True,False,True,False,,Uptrend Under Pressure,52.67,-0.0713,0.4045887415432685,0.9111039498183728,0.2891155882151384,0.08381413169719476,0.7858870320417305,0.5781018027571581,,False,,,0,0,0.445,0.887
CFR,"Cullen/Frost Bankers, Inc.",Financials,XLF,9997874176.0,2026-09-14,163.38999938964844,0.002884858985916061,0.004734991363799068,-0.03317562888932091,-0.013531104226890411,0.039377794100976304,False,-0.003332993924074934,0.06696681214089106,-0.014018823779384348,0.035593215449031046,0.9668243711106791,1.2000644824350835,1.0481469564140382,0.9998424554625456,1.2000644824350835,75725342.60389861,0.11855434953594463,162.6706214904785,160.44289906819662,149.39441986083983,True,True,True,True,True,False,accumulation,5,2,normal,False,False,,False,38.0,,0.01912223641036683,53.41176141101164,True,False,False,True,False,True,False,,Uptrend Under Pressure,161.4,0.0124,0.422193867950127,0.9738729071360308,0.12639282473782365,0.08882834104503567,0.7157129064569593,0.5770413573700954,,False,,,0,0,0.445,0.887
TRU,TransUnion,Industrials,XLI,16268756992.0,2026-09-14,78.83000183105469,0.014543177956174436,-0.0131446602211589,-0.019034185391266223,0.0008976737073460583,-0.013183222070314415,False,0.011244948641239816,0.013010627791507634,0.07667825916492599,0.09108852353067065,0.9201587897270428,1.0513791291850274,1.1751528903643795,0.7147077823013016,1.0513791291850274,160283462.5595085,0.5857150252996586,81.98691635131836,78.23518664042155,74.0947005589803,False,True,True,True,True,False,accumulation,1,6,normal,False,False,,False,33.0,분산6일,0.03593717668469473,45.21982728547761,True,True,True,True,False,True,False,,Uptrend Under Pressure,83.67,-0.0579,0.3520710001739264,0.9111039498183728,-0.26660793015807993,-0.015994703916676456,0.31991489303972487,0.5764050901378579,,False,,,0,0,0.445,0.887
CEG,Constellation Energy Corporatio,Utilities,XLU,97353039872.0,2026-09-14,264.57000732421875,-0.0708691577727173,-0.11503206152595447,-0.06202936095223588,-0.04297110393887371,0.08409567705481247,False,-0.03307734419963315,0.1128716768510456,-0.006181716700087159,0.21187474703484077,0.8847016155285037,1.4329217345342766,1.0829301840872274,0.8456689940732909,1.4329217345342766,715230259.0009766,0.020500192689799454,280.62389984130857,268.15279820760094,276.25938682556153,False,False,True,False,False,False,distribution,3,2,normal,False,False,surge,False,4.0,,0.03890355454247198,40.52479045274787,True,False,False,False,False,True,False,,Uptrend Under Pressure,299.05,-0.1153,0.2602591605689873,0.8879381683361783,-0.26437981920264253,-0.21679511939417528,0.15534055220036763,0.5748144220572641,,False,,,0,0,0.445,0.887
VIV,Telefonica Brasil S.A.,Communication Services,XLC,18438647808.0,2026-09-14,11.890000343322754,0.0033755240983432966,0.01972560025047443,0.045851889569389126,0.06710214334018838,-0.11461254323185532,False,0.07813383973607468,-0.09111101120401466,0.026583540874808742,-0.1384709028655675,0.8487948507388814,1.071341750531825,0.857578525788697,1.7304230819133293,1.071341750531825,14602259.598734522,0.970590297743433,11.584440517425538,12.522429482142131,13.41049412091573,True,False,False,False,False,False,accumulation,1,0,normal,False,False,,False,,,0.02142567273375671,50.555211857254754,False,True,True,False,False,True,False,,Uptrend Under Pressure,,,0.4967113411882759,0.9638367007488521,-0.1954942991793871,-0.34173925509863257,0.15728824443153117,0.573117709437964,,False,,,0,0,0.445,0.887
TS,Tenaris S.A.,Energy,XLE,28204285952.0,2026-09-14,55.13999938964844,-0.039205436904148794,-0.023206401338989102,0.029115294984734197,0.05002548446370603,-0.0028957377539673423,False,0.06088064244913416,0.023571180853405815,-0.012668077472283823,-0.15987879892510137,0.9456353642774119,1.246282516832457,0.8736287736169237,1.1075163401334043,1.246282516832457,71337308.10081482,0.26483944294933764,55.008499717712404,55.546166610717776,57.860164419809976,True,False,False,True,False,False,distribution,0,2,normal,False,False,,False,122.0,,0.024444265669285765,47.806729268423354,True,True,False,True,False,True,False,,Uptrend Under Pressure,54.99,0.0028,0.36443212761624033,0.9880569773625073,0.24522275355369816,-0.1398365123873747,0.6044660804446184,0.5708377518557795,,False,,,0,0,0.445,0.887
HAL,Halliburton Company,Energy,XLE,30700853248.0,2026-09-14,35.0099983215332,-0.023158533133955772,-0.05557057972079338,0.021861723128709265,0.04262453013008316,0.0445461595333001,False,0.05340317708818554,0.07227236554082239,-0.019627145208137797,-0.1199061047552149,0.930374630023542,0.9084445640862836,0.8530018319110583,0.9275215601422232,0.9084445640862836,387103466.9388803,0.2826080346307901,35.72565135955811,34.183671887715654,36.77146692276001,False,True,False,True,False,False,dry_up,2,1,normal,False,False,,False,9.0,,0.0339822317406823,47.59880048749,True,True,False,True,False,True,False,,Uptrend Under Pressure,36.68,-0.0455,0.42070276776349314,0.9880569773625073,0.24991900791961208,-0.17095223719423458,0.5790289576206229,0.56983032873807,,False,,,0,0,0.445,0.887
PANW,"Palo Alto Networks, Inc.",Information Technology,XLK,311435952128.0,2026-09-14,373.94000244140625,0.13092396595801703,0.12206682915358091,-0.02688210598693952,-0.0071097057045270695,0.05162200517207216,False,0.0031547889827427955,0.07953603088681138,0.0033759871974690103,0.05284224416063443,0.9442929354580966,1.8417578151071121,0.986335452126728,0.7808211684640091,1.8417578151071121,2277074250.530356,0.8784872478414834,352.7350021362305,343.73033345540364,277.6937498728434,True,True,True,True,True,False,accumulation,3,2,interest,True,False,surge,False,9.0,,0.05884824619703141,57.70620995408937,True,False,True,True,False,True,False,,Uptrend Under Pressure,382.13,-0.0214,0.23391053918927904,0.9308295144731314,0.6695143513076212,1.0079848287505722,0.9580115631507664,0.5697773064687168,,False,,,0,0,0.445,0.887
AG,First Majestic Silver Corp.,Materials,XLB,10148941824.0,2026-09-14,18.799999237060547,-0.03885481848837158,-0.10348117059364936,-0.02388374799349602,-0.00405042525266297,0.033496465119959185,False,0.006245696259972622,0.06092937044294189,0.015748605054120235,0.08762354022079033,0.8647653833941875,0.9522540539669817,0.9009182427938881,0.7151941277703603,0.9522540539669817,200388332.01383704,0.5781238824118446,20.55949993133545,18.127078247070312,19.173833147684732,False,True,True,False,False,False,dry_up,1,1,normal,False,False,,False,85.0,,0.05512918968493063,43.6046802822888,True,False,True,False,False,True,False,,Uptrend Under Pressure,24.17,-0.2221,0.32256828466919757,0.9407490851691787,0.5131014647581293,-0.2943600682580697,0.5689655796159333,0.5691940615058325,,False,,,0,0,0.445,0.887
MKC-V,"McCormick & Company, Incorporat",Consumer Staples,XLP,14571754496.0,2026-09-14,52.5099983215332,-0.07111269316418112,0.006131437119073935,-0.03438769234740735,-0.01476779512632631,-0.028743352979699988,False,-0.00458246972758336,-0.0029625278474796346,-0.015285929487098615,-0.0010479728271001187,0.9037865697177636,1.4251042763932136,3.1495830873529425,1.6213701234992464,1.4251042763932136,715019.8486188889,0.0,54.64949951171875,52.38062375386556,50.63960831960042,False,True,True,False,True,False,distribution,3,3,normal,False,False,,False,,분산3일,0.049235536490843924,45.13814687104842,False,False,False,True,False,True,False,,Uptrend Under Pressure,,,0.23432490150845645,0.9497192280606287,-0.3315422579620815,-0.19821067913250578,0.1322450013227304,0.5676564156945918,,False,,,0,0,0.445,0.887
NUE,Nucor Corporation,Materials,XLB,56637243392.0,2026-09-14,254.6300048828125,-0.018502054228430986,-0.024667722299515304,-0.05310326348899974,-0.033863640607135204,0.12906960849577165,False,-0.023875727959441262,0.15903938654365923,-0.014657283633733864,0.1882021140781911,0.9268035740468394,0.7455821622983484,0.7403644491409668,0.7052753058379304,0.7455821622983484,351777721.3774475,0.1483363275116629,254.5240005493164,248.7608169555664,233.3782637278239,True,True,True,True,True,False,dry_up,0,0,normal,False,False,,False,27.0,,0.027517483987778518,48.76935142043847,True,False,False,True,False,True,False,,Uptrend Under Pressure,274.74,-0.0732,0.3294306933173666,0.9407490851691787,0.6050492000709675,0.41887726631684674,0.9357116854750637,0.5664369034994698,,False,,,0,0,0.445,0.887
INFY,Infosys Limited,Information Technology,XLK,48846610432.0,2026-09-14,11.600000381469727,0.04787720878558921,-0.008546959779967,-0.04052934366698735,-0.021034236246847082,0.017432640558536106,False,-0.010913693283746029,0.04443915121720088,-0.010695597205594765,0.018613208262653558,0.9206349230377281,1.577535885875159,1.1918923588041808,1.0690294027194756,1.577535885875159,183926006.51754722,0.8082198939199958,11.709999942779541,11.555666637420654,12.070152346293131,False,True,False,False,False,False,accumulation,2,4,interest,True,False,surge,False,33.0,분산4일,0.03165025912340374,48.48758442684764,True,False,False,True,False,True,False,,Uptrend Under Pressure,12.35,-0.0607,0.38439587113425805,0.9308295144731314,-0.3696335380635596,-0.19086139052162954,0.12305394705008514,0.5662248144220573,,False,,,0,0,0.445,0.887
FMX,Fomento Economico Mexicano S.A.,Consumer Staples,XLP,41021456384.0,2026-09-14,121.26000213623047,0.03685340145751126,0.007059201463911036,0.025281183546387975,0.04611346922094639,-0.06925573243353644,False,0.05692818481318551,-0.04455025908767829,0.045563317357265154,-0.042715562650206484,0.9175937021322585,1.2937891888098243,0.9544207288369729,0.9481150479366403,1.2937891888098243,42054658.44775085,0.7662340922211903,119.91950035095215,123.75672696431478,120.0082784016927,True,False,False,True,False,False,accumulation,1,1,normal,False,False,,False,31.0,,0.022652035268723128,51.68125530013467,False,True,True,True,False,True,False,,Uptrend Under Pressure,126.76,-0.0434,0.4894935926472943,0.9497192280606287,0.11012834536042027,-0.04290915257313366,0.6115195119690142,0.5643690349946978,,False,,,0,0,0.445,0.887
EFX,"Equifax, Inc.",Industrials,XLI,22223443968.0,2026-09-14,172.2899932861328,0.019467415894276918,-0.026885115411342198,-0.0445791538102569,-0.025166332891796594,-0.017076057209727935,False,-0.015088507522273642,0.009014462083077657,0.048640878332493864,0.08678435294945896,0.8877760846211733,1.2616114334566335,1.1599444924983133,0.8583110936579619,1.2616114334566335,215421105.21374664,0.6737962787300926,183.4056167602539,175.03639424641926,173.4622314453125,False,False,True,False,True,False,accumulation,1,4,normal,False,False,,False,39.0,분산4일,0.040319372500970216,41.821125707565685,True,False,True,False,False,True,False,,Uptrend Under Pressure,179.56,-0.0405,0.34794029191398046,0.9111039498183728,-0.39863264190830594,-0.14418398369655527,0.15630784119095478,0.5643690349946978,,False,,,0,0,0.445,0.887
ABNB,"Airbnb, Inc.",Consumer Discretionary,XLY,109709508608.0,2026-09-14,170.64999389648438,0.002702811260822946,-0.062053470338705896,-0.0728566980331532,-0.05401843742934598,0.12159473081425198,False,-0.04423888496614892,0.1513660973351938,-0.02890264116223784,0.18919650809480038,0.8958004928949311,0.626125962203798,0.9437763682453818,0.8678632688367299,0.626125962203798,831411920.1937622,0.4188473644686596,181.63574905395507,161.7920000712077,148.2255833943685,False,True,True,True,True,False,weak_rally,0,3,normal,False,False,,False,23.0,분산3일,0.028678579239671712,44.80230233416002,True,False,False,False,False,True,False,,Uptrend Under Pressure,184.98,-0.0775,0.5691545712932462,0.9099102163807861,0.2579940018540061,0.24138697195830794,0.8456486692427877,0.5633085896076353,,False,,,0,0,0.445,0.887
ECL,Ecolab Inc.,Materials,XLB,79389065216.0,2026-09-14,275.510009765625,-0.002425892272880037,-0.013498958142903472,-0.002172958667806091,0.018101497074110906,-0.04827667727211926,False,0.028626625044300358,-0.023014340450252968,0.03834089764925097,0.0015677116571890526,0.9480729662045658,0.6605919258489241,0.8156240545491038,0.8977681684163512,0.6605919258489241,415333394.72965086,0.5114220153656067,280.9780014038086,277.9746668497721,269.5671174367269,False,False,True,True,True,False,dry_up,0,2,normal,False,False,,False,15.0,,0.019163148055244036,44.41368433298012,True,True,True,True,False,True,False,,Uptrend Under Pressure,281.63,-0.0217,0.3981588525505073,0.9407490851691787,-0.1506964086264464,-0.14205316543526503,0.3070450655373338,0.5625662778366914,,False,,,0,0,0.445,0.887
AHR,"American Healthcare REIT, Inc.",Real Estate,XLRE,12035712000.0,2026-09-14,53.400001525878906,-0.0033594680668983523,-0.024122800902365515,-0.01675565870745188,0.003222496879924819,-0.05032569329619174,False,0.013593805823659322,-0.02511774510988507,0.032269779290126976,0.005303658347396212,0.9251559320259558,1.219780709441735,0.9870236313624218,0.9963796604255901,1.219780709441735,137353120.16982841,0.007492242014847326,55.31299991607666,54.56657918294271,51.595040766398114,False,False,True,True,True,False,distribution,1,1,normal,False,False,,False,46.0,,0.021803101620246183,40.330713544399536,True,True,True,True,False,True,False,,Uptrend Under Pressure,53.84,-0.0082,0.5187349931382926,0.9371875788942187,0.07155411318272087,-0.12082838630855985,0.519747799406241,0.5612407211028633,,False,,,0,0,0.445,0.887
NFLX,"Netflix, Inc.",Communication Services,XLC,337487331328.0,2026-09-14,80.31999969482422,0.03772607379043791,0.026453670221395775,0.027635567189232102,0.04851569066031125,0.01249778303311433,False,0.059355240405269516,0.03937330390725058,0.008702828589211453,-0.014785793271565484,0.9708690491439779,1.1200860839901294,0.947719919833867,0.6846208720311553,1.1200860839901294,2172507973.1649084,0.7261899716017463,79.55199966430663,75.40599950154622,82.99008299509684,True,True,False,False,False,False,accumulation,1,3,normal,False,False,,False,103.0,분산3일,0.027924012891104,55.888345907906036,True,True,True,True,False,True,False,,Uptrend Under Pressure,107.79,-0.2548,0.31686806870969747,0.9638367007488521,-0.45641667298646027,-0.304777045111986,0.044250192756864065,0.5597560975609757,,False,,,0,0,0.445,0.887
IBM,International Business Machines,Information Technology,XLK,220336963584.0,2026-09-14,249.08999633789062,0.023839875094806784,0.060453816616885536,0.06303340966200666,0.08463276799127883,-0.15180860037672395,False,0.09584569589343461,-0.12929439239737417,0.09608733269187231,-0.15082441003980318,0.8195108124935178,1.3204848121807935,1.157854821270451,1.1727583953426035,1.3204848121807935,1154423227.3434815,0.6855127765301634,235.12649841308593,241.5282943725586,243.93293024698895,True,True,False,False,False,False,accumulation,3,3,normal,False,False,,False,68.0,분산3일,0.026301456681737393,61.05064567231679,True,True,True,False,False,True,False,,Uptrend Under Pressure,282.81,-0.1192,0.729134350521725,0.9308295144731314,-0.208439341915598,-0.17263262835278415,0.22296802610187966,0.5584835630965006,,False,,,0,0,0.445,0.887
KDP,Keurig Dr Pepper Inc.,Consumer Staples,XLP,43355918336.0,2026-09-14,31.579999923706055,0.006052900215100854,-0.0309911084428649,0.0044529067197942584,0.024861990818118018,-0.07171837791782587,False,0.03545700873739577,-0.047078272497930285,0.02432301512298185,-0.045248430462526135,0.9604622535833848,0.8322860288468094,1.0532958578969087,1.1841651975035095,0.8322860288468094,282390691.72764874,0.22580516152452323,31.86599998474121,31.314895216623942,29.782913239796958,False,True,True,True,True,False,weak_rally,0,3,normal,False,False,,False,54.0,분산3일,0.020424320791778333,49.404038266551595,True,True,True,True,False,True,False,,Uptrend Under Pressure,33.4,-0.0545,0.4322962509639485,0.9497192280606287,-0.025121955004148377,-0.02306453908558681,0.5237777179848372,0.5583244962884412,,False,,,0,0,0.445,0.887
ALL,Allstate Corporation (The),Financials,XLF,65186775040.0,2026-09-14,258.4800109863281,0.018801009602433805,-0.004199238383227999,-0.00709323534318107,0.013081247229478565,0.014914917671629446,False,0.023554475882940684,0.041854598441739554,0.012580370278713948,0.011219413156562164,0.9434618395152917,1.003899878170748,1.1898482377784894,0.7591530582720908,1.003899878170748,389956898.99689025,0.9171602441402723,257.1587661743164,253.23889770507813,232.83903961181642,True,True,True,True,True,False,accumulation,2,3,normal,False,False,,False,58.0,분산3일,0.019038949414485605,52.03093909583134,True,True,True,True,False,True,False,,Uptrend Under Pressure,221.64,0.1662,0.47108215840653217,0.9738729071360308,0.09198058087222094,0.07563403597437213,0.6837842298882801,0.5576882290562036,,False,,,0,0,0.445,0.887
BNY,The Bank of New York Mellon Cor,Financials,XLF,109429145600.0,2026-09-14,157.66000366210938,-0.030738964019614845,-0.04355734551864243,-0.03418280840040988,-0.014558748222880946,0.05673318434593799,False,-0.00437126169833979,0.08478288008868207,-0.015045959698463451,0.05288541131001612,0.9564426544813576,1.2483680041779093,1.038131582383149,0.8315299863915229,1.2483680041779093,428242007.8005005,0.1552794442390985,161.9284996032715,156.47611134847006,144.708638381958,False,True,True,True,True,False,distribution,3,4,normal,False,False,,False,42.0,분산4일,0.017968142449797546,41.99276657332015,True,False,False,True,False,True,False,,Uptrend Under Pressure,161.71,-0.025,0.39235961655400636,0.9738729071360308,0.3070915286760245,0.1922576412162884,0.8480732227364918,0.5560445387062567,,False,,,0,0,0.445,0.887
IX,ORIX Corporation,Financials,XLF,42329059328.0,2026-09-14,39.939998626708984,-0.0042383939430482576,0.0,-0.00547811806621068,0.014729181440039207,0.0008929789660419019,False,0.025219446428780712,0.027460464445759225,0.014227489735014087,-0.002751468916696753,0.9668360517783036,0.47805726361133777,0.9117284957301195,0.7956222388903115,0.47805726361133777,12787226.191074181,0.705881824954448,39.2834997177124,39.571166865030925,37.057250102361046,True,True,True,True,False,False,dry_up,1,2,normal,False,False,,False,,,0.018545660739413557,52.758495857106055,False,True,True,True,False,True,False,,Uptrend Under Pressure,,,0.3289694351067263,0.9738729071360308,0.2525187916509295,0.1436303508089034,0.8093644789233654,0.5555143160127254,,False,,,0,0,0.445,0.887
WSM,"Williams-Sonoma, Inc.",Consumer Discretionary,XLY,26880546816.0,2026-09-14,229.42999267578125,0.014144883563964372,0.008838248716116714,-0.05029393601780985,-0.030997231514461876,-0.009690310669770663,False,-0.020979685944508275,0.016596254272350786,-0.005270222576347683,0.04999853523651243,0.9112320032890817,0.8351972053084646,0.9063081516470674,1.1504090377873004,0.8351972053084646,275015300.85710144,0.9484508039301797,231.8924987792969,231.9010467529297,211.35036875406902,False,False,True,True,False,False,weak_rally,2,4,normal,False,False,,False,28.0,분산4일,0.037350856712041296,47.569562675560384,True,False,False,True,False,True,False,,Uptrend Under Pressure,248.88,-0.0782,0.4184478733264758,0.9099102163807861,0.010075118496588376,0.14911706343545839,0.6588156023397631,0.5553552492046661,,False,,,0,0,0.445,0.887
MCO,Moody's Corporation,Financials,XLF,87394058240.0,2026-09-14,477.92999267578125,0.006274303383849711,-0.031648253476889265,-0.014496038648887266,0.005528029270960966,-0.04424830901786292,False,0.01592317279653699,-0.018879044065466144,0.005030886702596771,-0.04772838860661366,0.9227775322009723,0.9379406067060724,0.9905172726890099,1.2155395860305807,0.9379406067060724,334177502.20643616,0.4005935332303576,494.415998840332,483.8144297281901,464.77416661580406,False,False,True,True,True,False,weak_rally,1,3,normal,False,False,,False,54.0,분산3일,0.024360275289537568,44.149433309076876,True,True,True,True,False,True,False,,Uptrend Under Pressure,449.06,0.0643,0.30736615488150054,0.9738729071360308,-0.20750874887759163,-0.035763271629491555,0.33899092629565397,0.5546659597030753,,False,,,0,0,0.445,0.887
ZBH,"Zimmer Biomet Holdings, Inc.",Health Care,XLV,19081398272.0,2026-09-14,96.54000091552734,0.032623843421220045,-0.015601088855490497,-0.04083458070584145,-0.02134567527720732,0.08033890823259204,False,-0.011228351969178929,0.10901518917452946,-0.04300738274910021,0.0773093715325992,0.9522588630004382,1.3204344815965958,1.3609098512373854,0.8887659225912142,1.3204344815965958,150747117.18122825,0.8082782876955963,98.41300048828126,94.34923311869304,90.8195379892985,False,True,True,True,True,False,accumulation,3,1,normal,False,False,,False,27.0,,0.02981000902085746,49.03499726579461,True,False,False,True,True,True,False,,Uptrend Under Pressure,98.16,-0.0165,0.3633694767285241,0.9548611509199223,-0.19306391634146558,-0.09034526531875897,0.30576416508579657,0.5542417815482503,,False,,,0,0,0.445,0.887
ALNY,"Alnylam Pharmaceuticals, Inc.",Health Care,XLV,32206518272.0,2026-09-14,249.99000549316406,0.005267865755050005,-0.06057638099187468,0.0933304708783016,0.11554542329482143,-0.2176600213188561,False,0.1270779260663819,-0.1968937591303801,0.09085374409760738,-0.21985389553668244,0.772766632127246,0.5403057616644883,0.8475313115320626,1.3183152868430092,0.5403057616644883,414822370.1195946,0.6747981887942722,244.95899963378906,260.75766626993817,282.9063330332438,True,False,False,False,False,False,weak_rally,2,1,normal,False,False,,False,7.0,,0.04363603490530867,51.148213538679045,True,True,True,False,False,True,False,,Uptrend Under Pressure,267.4,-0.0651,0.5636085510696148,0.9548611509199223,-0.5947201411429566,-0.3862715620175635,0.014462756660569294,0.5540827147401909,,False,,,0,0,0.445,0.887
TMUS,"T-Mobile US, Inc.",Communication Services,XLC,193552875520.0,2026-09-14,182.89999389648438,0.0031261561986810626,0.007602410707042928,0.0073686921976947595,0.02783702099592733,0.014326019616247798,False,0.03846279476167669,0.04125006880449611,-0.011190657762709666,-0.01300682181587709,0.9402759939312305,0.7072436904726127,0.9288684781826596,0.8110643112668932,0.7072436904726127,726917052.1205292,0.19061755526417848,181.1975128173828,180.500341796875,185.75641784667968,True,True,True,False,False,True,weak_rally,3,2,normal,False,False,,False,7.0,,0.023465581416289866,52.958054800749714,True,True,False,True,False,True,False,,Uptrend Under Pressure,187.3,-0.0235,0.5468396702341566,0.9638367007488521,-0.35509507430979226,-0.28171600331378766,0.07619921902380236,0.5530752916224815,,False,,,0,0,0.445,0.887
PCAR,PACCAR Inc.,Industrials,XLI,65337679872.0,2026-09-14,122.86000061035156,0.0010592133126559045,-0.014755383984927706,-0.060631493866909136,-0.041544834141272635,0.00902729235298172,False,-0.031636329632298565,0.03581069327754327,0.031022317837994695,0.11564590635082528,0.8912909392604007,1.1111504273546808,0.9772509794770472,0.8312165830639898,1.1111504273546808,298235965.88318026,0.9596281974732971,125.85149955749512,126.41334279378255,121.69313945770264,False,False,True,True,False,False,accumulation,2,1,normal,False,False,,False,28.0,,0.01942396448148798,40.02122601082128,True,False,True,False,False,True,False,,Uptrend Under Pressure,135.6,-0.094,0.5255544406701729,0.9111039498183728,0.10058887503475256,-0.03463581812214234,0.612973610963513,0.552916224814422,,False,,,0,0,0.445,0.887
CAH,"Cardinal Health, Inc.",Health Care,XLV,54566916096.0,2026-09-14,234.88999938964844,0.0013641644517126128,-0.049720825512982514,-0.0011906228748436165,0.019103792562224164,-0.03775089819685595,False,0.029639282257945432,-0.012209167385201058,-0.003453230566685561,-0.04044928195979636,0.9448131564015134,1.4684698058451533,0.9680232002147028,1.0876933242390656,1.4684698058451533,348213830.60498506,0.4612275881568353,237.15250091552736,233.90642318725585,219.05317446390788,False,True,True,True,True,False,accumulation,1,0,normal,False,False,,False,57.0,,0.021209014340577922,47.57455081059173,True,True,False,True,False,True,False,,Uptrend Under Pressure,228.41,0.0284,0.33459506399804595,0.9548611509199223,0.28131317268597944,-0.09369840672267926,0.6514089904966909,0.5523860021208908,,False,,,0,0,0.445,0.887
GSK,GSK plc,Health Care,XLV,100640980992.0,2026-09-14,50.04999923706055,0.03989192034772793,0.003207052502897101,0.010702721615459598,0.031238793247944097,-0.07875787050534055,False,0.04189973451750384,-0.054304619845178315,0.008413171873070446,-0.08134126060599856,0.9402805396080685,1.0853408116314331,0.9372207878434645,1.338848495938246,1.0853408116314331,139145329.71186942,0.6376804383040596,50.5314998626709,51.07764205932617,51.73048318227132,False,False,False,False,False,False,accumulation,2,1,normal,False,False,,False,33.0,,0.020665048898191617,48.570477386704724,True,True,True,True,False,True,False,,Uptrend Under Pressure,53.23,-0.0597,0.29350474851898717,0.9548611509199223,0.04355024665185159,-0.19242726867627735,0.43777288380096185,0.5506362672322376,,False,,,0,0,0.445,0.887
TSCO,Tractor Supply Company,Consumer Discretionary,XLY,18184300544.0,2026-09-14,33.83000183105469,0.02484106486568871,-0.03315232328571127,-0.04929623969359065,-0.029979263390490507,0.04984065614041322,False,-0.019951194071377132,0.07770739811400573,-0.00422522741398601,0.11311760659910997,0.9350457483633885,0.8427036831282232,1.1764854541395977,0.7756262152142437,0.8427036831282232,289848699.61306304,0.8390268592503825,34.655510139465335,32.463204034169515,34.090893538792926,False,True,True,False,False,False,weak_rally,1,1,normal,False,False,,False,18.0,,0.029105594087881624,48.198178295128585,True,False,False,True,False,True,False,,Uptrend Under Pressure,34.48,-0.0189,0.40131471185111667,0.9099102163807861,-0.487518916825057,-0.34629144699318404,0.03298573033936514,0.5499469777306469,,False,,,0,0,0.445,0.887
SPGI,S&P Global Inc.,Financials,XLF,128485629952.0,2026-09-14,418.5400085449219,0.01906458876761996,-0.056300874097291786,0.001623078920240717,0.021974664858960935,-0.06657644516796157,False,0.03253983361752222,-0.04179985340383108,0.021469390918402942,-0.06997522362839226,0.9171361387596896,1.1702295295664402,0.96598235239935,1.1563430551778802,1.1702295295664402,801205198.4288498,0.37051912313621865,429.2179122924805,421.17642567952475,410.22295430501305,False,False,True,True,True,False,accumulation,3,2,normal,False,False,,False,8.0,,0.029832312628624343,46.117781847166405,True,True,True,True,False,True,False,,Uptrend Under Pressure,440.21,-0.0492,0.2865167290557061,0.9738729071360308,-0.317387887752121,-0.1023572579310239,0.21541105259944787,0.5496288441145282,,False,,,0,0,0.445,0.887
DVA,DaVita Inc.,Health Care,XLV,11229437952.0,2026-09-14,189.32000732421875,0.04279815005150844,0.028968974791691693,0.0514273569431305,0.07279089644565184,-0.2111274355307271,False,0.0838814031414914,-0.19018777380631835,0.04904555348822126,-0.21333962872997703,0.7856905795534386,1.1596220759001674,1.118183303398234,1.787117024507628,1.1596220759001674,107013963.6546112,0.8948697678716261,179.3655014038086,206.40666707356772,190.51333351135253,True,False,False,True,False,False,accumulation,3,0,normal,False,False,,False,48.0,,0.02664233355607514,53.13993863164202,True,True,True,False,True,True,False,,Uptrend Under Pressure,234.31,-0.192,0.6271126271918396,0.9548611509199223,0.1243823869921803,0.0067650534055108125,0.6586575530166167,0.5492046659597031,,False,,,0,0,0.445,0.887
HAS,"Hasbro, Inc.",Consumer Discretionary,XLY,13272284160.0,2026-09-14,90.76000213623047,-0.008520851775134397,-0.019128895130412937,-0.05438446214094361,-0.03517087143127873,0.11673303314215056,False,-0.025196472929031044,0.14637535181779326,-0.009554672570221467,0.18404178176073627,0.9381848681042957,0.6662634479368776,1.0073306802260282,0.6400437419772558,0.6662634479368776,125185039.29739952,0.011301821567427305,93.14910583496093,88.4268399556478,89.03501688639322,False,True,True,True,False,False,dry_up,1,1,normal,False,False,,False,33.0,,0.023492090711880062,45.54323068267021,True,False,False,True,False,True,False,,Uptrend Under Pressure,95.62,-0.0509,0.6195883738791405,0.9099102163807861,0.03617765269714179,-0.11599305630928236,0.49713069254545333,0.5479851537645812,,False,,,0,0,0.445,0.887
MDLZ,"Mondelez International, Inc.",Consumer Staples,XLP,79220441088.0,2026-09-14,62.38999938964844,-0.0008007565368388647,0.018113587344368076,-0.019179393318612625,0.000749515357156394,0.002624319009693954,False,0.011095258630797966,0.029237760802860002,0.00022322043107925182,0.031214148227753036,0.9599938673706199,0.8734943391389648,1.0410333608173112,0.8195797338870509,0.8734943391389648,454197879.37236786,0.17341000950367028,62.664499855041505,61.462012418111165,60.456522878011064,False,True,True,True,True,False,dry_up,2,4,normal,False,False,,False,32.0,분산4일,0.019783388991303996,50.69102254242038,True,True,True,True,False,True,False,,Uptrend Under Pressure,64.99,-0.04,0.4878595784749102,0.9497192280606287,-0.11416954276988067,-0.0030153905353496047,0.4531387148487226,0.5470307529162249,,False,,,0,0,0.445,0.887
CB,Chubb Limited,Financials,XLF,130631835648.0,2026-09-14,341.8500061035156,0.010643033565456372,0.0037843059417483893,-0.002203807034118044,0.018070021911960277,-0.07072182826141238,False,0.028594824492087056,-0.04605527064424597,0.017566678463806662,-0.07410551256796694,0.9432811516076991,0.5810960283581819,0.7819130651061309,1.2679056436126,0.5810960283581819,538746463.9606384,0.5224291615334444,340.15017852783205,344.5984222412109,333.7880200703939,True,False,True,True,False,False,weak_rally,2,2,normal,False,False,,False,32.0,,0.015505404526119117,50.600313384063305,True,True,True,True,False,True,False,,Uptrend Under Pressure,360.81,-0.0525,0.4325544577797744,0.9738729071360308,0.024443728289304634,-0.11034919450853609,0.49177080813173946,0.5468186638388124,,False,,,0,0,0.445,0.887
WCN,"Waste Connections, Inc.",Industrials,XLI,41589428224.0,2026-09-14,161.02999877929688,0.008075580579518737,-0.023291056296576018,-0.03163145540444601,-0.011955555287472608,-0.06433638278906595,False,-0.0017411569679335326,-0.039500331296497215,0.06285187852450491,0.03453027700425526,0.9256773973752044,1.3890801612665822,0.9152183071069296,0.9144,1.3890801612665822,156169092.25888366,0.02403990756703224,165.0249984741211,166.43246561686198,161.83203010559083,False,False,True,False,False,False,accumulation,3,2,normal,False,False,,False,186.0,,0.017361456580913086,40.016583336547896,True,False,True,True,False,True,False,,Uptrend Under Pressure,175.33,-0.0816,0.4280440298535469,0.9111039498183728,-0.2179971057900877,-0.15445979500479035,0.23608363273769012,0.5465005302226935,,False,,,0,0,0.445,0.887
EXE,Expand Energy Corporation,Energy,XLE,22724413440.0,2026-09-14,93.4000015258789,-0.01507961908219102,-0.04606273074807177,-0.014560004971422402,0.005462763241842028,0.013811321442533497,False,0.015857232047549186,0.040721708594436246,-0.054570105440225336,-0.14580208180529208,0.9341868212630104,1.0202786731606703,1.0069646325033474,1.5925278265904856,1.0202786731606703,240818132.61116982,0.0847956347347334,96.79325141906739,92.37358385721842,94.4611888885498,False,True,True,False,False,False,distribution,0,2,normal,False,False,,False,15.0,,0.025448908117317398,41.30213944331723,True,True,False,True,False,True,False,,Uptrend Under Pressure,96.09,-0.028,0.5105058896548831,0.9880569773625073,-0.15535287755554505,-0.24168943381662567,0.22641729995681342,0.5461823966065749,,False,,,0,0,0.445,0.887
MLI,"Mueller Industries, Inc.",Industrials,XLI,13803930624.0,2026-09-14,60.0,-0.007936500427734305,-0.05867589551272756,-0.0869918348070432,-0.06844078049556646,0.042373757933220846,False,-0.05881032613981574,0.07004230018529745,0.002090008911676433,0.15251591779432916,0.8662142283996341,1.5920482582141788,1.1648022441856465,0.9070012718071195,1.5920482582141788,78943808.20022583,0.8134328570655872,62.6367109298706,63.02401612599691,63.579237874348955,False,False,False,True,False,False,distribution,2,5,interest,False,False,,False,100.0,분산5일,0.03293074720094051,38.65005018084014,True,False,True,False,False,True,False,,Uptrend Under Pressure,67.0,-0.1044,0.30730185905683266,0.9111039498183728,0.13589119488652202,0.03201732102241439,0.6826541433116194,0.5451749734888653,,False,,,0,0,0.445,0.887
ZBRA,Zebra Technologies Corporation,Information Technology,XLK,16726683648.0,2026-09-14,351.80999755859375,0.004109947944956449,-0.0301317554447722,-0.06440975799624582,-0.04539986733548573,0.2888907136701304,False,-0.03553121613958021,0.32310274836313746,-0.03531854828862435,0.2903862650118494,0.918420090327443,0.9825744258602,0.9367548098056621,0.5948661921708185,0.9825744258602,200093192.18193054,0.7635686772154031,356.7369979858398,311.60366541544596,271.06183230082195,False,True,True,True,True,False,weak_rally,1,0,normal,False,False,,False,27.0,,0.03014409994352934,53.41973379161941,True,False,False,True,False,True,False,,Uptrend Under Pressure,368.99,-0.0466,0.8803095250450862,0.9308295144731314,0.004484125739864009,0.5859798383813433,0.7118039555291261,0.5445917285259809,,False,,,0,0,0.445,0.887
NTRS,Northern Trust Corporation,Financials,XLF,33949249536.0,2026-09-14,181.7100067138672,-0.03953695031985471,-0.026362310669362343,-0.04619884286839715,-0.026818931775753008,0.01248740293060635,False,-0.01675819096487874,0.03936264827755953,-0.027300081700625145,0.008800737473404263,0.9535022463282482,1.4219944992747535,1.0882371936323545,1.1295653640017385,1.4219944992747535,173941973.29527968,0.26186323411102175,185.48888931274413,182.43874944051106,170.91056747436522,False,False,True,True,True,False,distribution,1,2,normal,False,False,,False,100.0,,0.020476755075619746,44.234070305097205,True,False,False,True,False,True,False,,Uptrend Under Pressure,170.14,0.068,0.319899168481449,0.9738729071360308,0.2502197277620519,0.18366411852931375,0.8239952336484522,0.5431071049840934,,False,,,0,0,0.445,0.887
HIG,"The Hartford Insurance Group, I",Financials,XLF,37212397568.0,2026-09-14,137.58999633789062,0.009020209167157178,-0.0056370514332697574,0.0012574155203095572,0.021601571688026233,-0.01872027120614339,False,0.032162883411331,0.007326604428055772,0.02109648220826088,-0.022293303393532082,0.9486103277998508,0.918641229527743,0.9275367618768994,0.7820259042033235,0.918641229527743,180087161.22805786,0.3963378892620884,137.31318283081055,137.65367266337077,135.32430508931478,True,False,True,True,False,False,weak_rally,1,2,normal,False,False,,False,31.0,,0.01674000374890859,49.65833862868322,True,True,True,True,False,True,False,,Uptrend Under Pressure,142.43,-0.0339,0.3677914827303777,0.9738729071360308,-0.12338434354175232,-0.11784275469987204,0.3504469019845478,0.5411983032873807,,False,,,0,0,0.445,0.887
TECH,Bio-Techne Corp,Health Care,XLV,11339526144.0,2026-09-14,72.2699966430664,0.002079782179313483,-0.0022090799590669397,-0.0006902542388973476,0.019614327991957392,-0.0001535106908336914,False,0.03015509560029006,0.02638619699510536,-0.0029539954182197237,-0.002957326799499671,0.9972401742201216,1.1275424473900741,1.0976448166489026,0.7742257069314883,1.1275424473900741,175611544.1453228,0.775149328759832,72.2954948425293,70.82042388916015,61.59184420903524,False,True,True,True,True,False,accumulation,2,2,normal,False,False,,False,33.0,,0.0024204843061873776,59.7096770662821,True,True,False,True,False,True,False,,Uptrend Under Pressure,71.99,0.0039,0.5039399130010729,0.9548611509199223,0.13925091619628494,0.20421111110915002,0.7757714231448425,0.5393955461293743,,False,,,0,0,0.445,0.887
WPC,W. P. Carey Inc. REIT,Real Estate,XLRE,15937394688.0,2026-09-14,69.19000244140625,0.0010127270260804622,-0.016908139506270348,-0.03392907305203574,-0.014299857325621446,-0.050393093279876955,False,-0.004109694388333751,-0.025186934144074025,0.014240083221052968,0.005232310255010253,0.9022036802550599,1.0859465148741945,1.0479221871284752,1.0500098022309152,1.0859465148741945,79660283.6914505,0.38679679852594,70.64199981689453,71.96999041239421,71.89496796925863,False,False,False,True,False,False,accumulation,5,3,normal,False,False,,False,263.0,분산3일,0.01394709601937579,34.84570525308595,True,False,True,True,False,True,False,,Uptrend Under Pressure,62.44,0.108,0.5654745124033157,0.9371875788942187,-0.07811066579357029,-0.1302140736927352,0.38012738911110255,0.5390774125132556,,False,,,0,0,0.445,0.887
NBIX,"Neurocrine Biosciences, Inc.",Health Care,XLV,15657023488.0,2026-09-14,157.22000122070312,0.0064012289859556315,0.01015164377570521,0.02946568860680432,0.05038299759616072,-0.11687546461754073,False,0.06124185155048889,-0.09343399908264105,0.027133635024935376,-0.11935196358487155,0.8475471763919306,0.77239542927406,0.8796841117607307,1.2246639156147938,0.77239542927406,156381682.7776184,0.24808973582444208,155.27949905395508,164.75466690063476,154.54400011698405,True,False,False,True,False,False,weak_rally,0,1,normal,False,False,,False,31.0,,0.02717302976402492,48.19402705682967,True,True,True,False,False,True,False,,Uptrend Under Pressure,185.5,-0.1525,0.7918111549483379,0.9548611509199223,-0.12181121664904526,-0.015796458301402527,0.43931561703676736,0.5386532343584306,,False,,,0,0,0.445,0.887
TSM,Taiwan Semiconductor Manufactur,Information Technology,XLK,2154046423040.0,2026-09-14,418.010009765625,-0.03515368112835304,-0.02541324241313636,-0.019561384352052125,0.0003597627979410323,-0.057570828083091774,False,0.010701476811656896,-0.032555193178319564,0.010924339090486956,-0.056477289897436056,0.9252307529152937,1.4791335756408996,1.1158597853992114,1.223784456462009,1.4791335756408996,4071304944.0730653,0.23606349666045215,421.29199981689453,423.6,407.6354799906413,False,False,False,True,False,False,distribution,3,1,normal,False,False,,False,59.0,,0.024228734137809994,47.74203621723978,True,True,True,True,True,True,False,,Uptrend Under Pressure,462.12,-0.0955,0.4289660371319181,0.9308295144731314,0.40564053820020907,0.08322800850690859,0.8189405947086263,0.5383351007423118,,False,,,0,0,0.445,0.887
LITE,Lumentum Holdings Inc.,Information Technology,XLK,82053971968.0,2026-09-14,835.030029296875,-0.09924166110323229,-0.05245357510574866,-0.09837603808334294,-0.080056294926928,0.12225540268234014,False,-0.07054592169882601,0.1520443059336125,-0.07034097468063094,0.12355760042139718,0.8443346132255307,1.167739374797153,1.1538479236814645,1.0532075421148448,1.167739374797153,3785661275.657178,0.029152125650554615,898.4947570800781,829.3505839029948,854.9446253458659,False,True,True,True,False,False,distribution,1,1,normal,False,False,surge,False,4.0,,0.07317051688412918,45.817822390830784,True,False,False,False,False,True,False,,Uptrend Under Pressure,978.53,-0.1467,0.3868154083812796,0.9308295144731314,3.464782923942547,0.19778626708581326,0.9412411507076042,0.5383351007423118,,False,,,0,0,0.445,0.887
PRU,"Prudential Financial, Inc.",Financials,XLF,40571998208.0,2026-09-14,119.5,0.0021804943046670466,-0.020652325130264604,-0.03396810308811138,-0.014339680397670418,0.047559086788580895,False,-0.004149929151094134,0.07536526728167603,-0.01482700018245775,0.04374471844339145,0.9660318969118886,0.6316542819693373,0.9349315317349088,0.7708268040765439,0.6316542819693373,185669892.28968048,0.5948278130014996,120.09366455078126,117.06012852986653,107.6000706354777,False,True,True,True,True,False,weak_rally,0,2,normal,False,False,,False,25.0,,0.02125522410591705,50.06186264665935,True,False,False,True,False,True,False,,Uptrend Under Pressure,119.9,-0.0033,0.2982368736194448,0.9738729071360308,0.01487544612071745,0.16403386777957052,0.6700936312227681,0.5374867444326616,,False,,,0,0,0.445,0.887
EVRG,"Evergy, Inc.",Utilities,XLU,18680551424.0,2026-09-14,80.86000061035156,-0.009311469133248651,-0.008339468942123784,-0.02968979408807848,-0.009974442117433369,-0.09440701005442675,False,0.0002604369397316564,-0.07036914674983363,0.02808337805408123,0.01233248949790644,0.9352508132773456,1.1620165948018553,1.0946106998950742,1.1712101679684623,1.1620165948018553,172689915.12447205,0.05223872099114077,81.77475013732911,83.49732907613118,82.28993542989095,False,False,False,True,False,False,distribution,6,2,normal,False,True,acc,False,1.0,,0.015061314575858261,42.92419838025923,True,False,True,True,False,True,False,,Uptrend Under Pressure,81.62,-0.0093,0.357704941321387,0.8879381683361783,-0.00904563888231913,-0.1371131854765575,0.4413462908152767,0.5354718981972428,,False,,,0,0,0.445,0.887
U,Unity Software Inc.,Information Technology,XLK,18527744000.0,2026-09-14,43.45000076293945,-0.011601417928904012,0.04296689683349908,-0.060540524044552346,-0.04145201593882519,0.45056661658614794,False,-0.03154255187575783,0.4890701412720002,-0.03132900451405851,0.4522497669313861,0.9223094926768503,0.8002477623135333,0.9403670692998364,0.45248249065691026,0.8002477623135333,411560411.3228647,0.4090916972516834,43.86950035095215,36.311166795094806,31.014750035603843,False,True,True,True,True,False,dry_up,1,1,normal,False,False,,False,19.0,,0.04030412900742783,57.69666219736909,True,False,False,True,False,True,False,,Uptrend Under Pressure,45.45,-0.044,0.5629256983081617,0.9308295144731314,-0.11780560527219797,0.9958669034272047,0.6166492186846407,0.534305408271474,,False,,,0,0,0.445,0.887
KHC,The Kraft Heinz Company,Consumer Staples,XLP,30440095744.0,2026-09-14,24.270000457763672,-0.013414630836942276,-0.02334003681297936,-0.033398259770927474,-0.013758258657938782,-0.04863010416752611,False,-0.0035624966764475907,-0.023377148632280353,-0.014276923934702479,-0.021501794660812368,0.8927591933470708,0.9131519151729036,1.8658468921945714,1.3509418885233233,0.9131519151729036,552063285.561286,0.0,24.912224864959718,24.776395320892334,23.512433528900146,False,False,True,True,True,False,dry_up,3,5,normal,False,False,,False,28.0,분산5일,0.026713757781006358,42.94579842877112,True,False,False,False,False,True,False,,Uptrend Under Pressure,26.22,-0.0744,0.4084933616866948,0.9497192280606287,-0.15846729267061,-0.0308251183170849,0.3918399971058207,0.5318663838812302,,False,,,0,0,0.445,0.887
C,"Citigroup, Inc.",Financials,XLF,220784230400.0,2026-09-14,136.17999267578125,-0.019017537164305542,-0.011182170572696548,-0.022608261780495797,-0.002749022936266332,-0.042822137717437925,False,0.007560552466733261,-0.017415016784320003,-0.0032420732517316475,-0.04630741027595209,0.9514275477044113,1.774435048171134,0.9929722216929049,1.1399074156104312,1.774435048171134,1167471854.9716735,0.6682460616369011,134.84399795532227,135.89746576944987,130.7713270187378,True,True,False,True,False,False,distribution,1,1,interest,False,False,,False,57.0,,0.022598787082592237,52.0414639741765,True,False,False,True,False,True,False,,Uptrend Under Pressure,144.24,-0.0559,0.4505254731789187,0.9738729071360308,0.19867238968239564,0.1225927143468637,0.7765874460450362,0.531813361611877,,False,,,0,0,0.445,0.887
ALLE,Allegion plc,Industrials,XLI,13201960960.0,2026-09-14,155.38999938964844,0.013302857547692337,-0.011010665614193504,-0.056985067721873284,-0.03782431769558203,0.08196041486089967,False,-0.02787735050698459,0.11067973672200448,0.03502452433239389,0.19628548882792396,0.9197939928025194,0.9356222926708065,0.705618229513089,0.4626525089166599,0.9356222926708065,211002982.92602387,0.7550100762258842,157.59050064086915,151.12933400472005,143.74895458221437,False,True,True,True,True,False,weak_rally,0,1,normal,False,False,,False,36.0,,0.02308936773134689,48.25726707844415,True,False,True,True,False,True,False,,Uptrend Under Pressure,154.57,0.0053,0.5365791578897636,0.9111039498183728,-0.20831238822790588,-0.026215113168964632,0.3500127750883516,0.5308589607635207,,False,,,0,0,0.445,0.887
RMD,ResMed Inc.,Health Care,XLV,34634977280.0,2026-09-14,222.99000549316406,0.021624598562848263,-0.023472741261595487,-0.0036981567778497926,0.016545309062712787,0.04421112190804943,False,0.027054349169351566,0.07192843474973776,-0.005955084141066047,0.041282896429679194,0.9278492231274555,0.7075419037546475,0.8958305198278373,0.5798694319184978,0.7075419037546475,303555008.6726158,0.41889203254783636,228.57849731445313,213.39726181030272,211.49734471638996,False,True,True,False,True,False,weak_rally,0,2,normal,False,False,,False,49.0,,0.02823958049020563,48.85701752616711,True,True,False,True,False,True,False,,Uptrend Under Pressure,217.78,0.0239,0.4413689672003518,0.9548611509199223,-0.3043010999216178,-0.1656651904800297,0.17260297512588552,0.5304347826086956,,False,,,0,0,0.445,0.887
SUI,"Sun Communities, Inc.",Real Estate,XLRE,15341744128.0,2026-09-14,118.04000091552734,0.031097112632798796,-0.011721378912108671,-0.04258252868046497,-0.023129139120195652,-0.06541846541570828,False,-0.013030253252080293,-0.04061113648896353,0.005155158592945908,-0.010673207530987328,0.9226199676648209,0.5316048470206599,0.4298341721697192,1.3431056787922424,0.5316048470206599,249166121.41677934,0.8924027099721373,120.63950042724609,120.61975072224935,122.6806604385376,False,False,False,False,False,False,weak_rally,0,0,normal,False,False,,False,32.0,,0.020029533479443664,44.393235264233454,True,False,True,True,False,True,False,,Uptrend Under Pressure,127.94,-0.0774,0.36134393459766173,0.9371875788942187,-0.20752992245601354,-0.22896163747369602,0.18395041909073026,0.5297454931071051,,False,,,0,0,0.445,0.887
MRSH,Marsh,Financials,XLF,90574700544.0,2026-09-14,180.42999267578125,0.019897060317713322,-0.028588417467115046,-0.03934625897272326,-0.019827112919353795,-0.005201729095044905,False,-0.009694090721584891,0.02120397977986177,-0.020311719665600192,-0.008823984948909347,0.9131534795275529,0.8548268135664039,0.9593672522939355,1.0286571539022398,0.8548268135664039,387894985.29803467,0.6327337374808141,186.86899948120117,182.18313496907552,174.58606020609537,False,False,True,True,True,False,weak_rally,3,4,normal,False,False,,False,32.0,분산4일,0.02014829903898173,41.7497510684663,True,False,False,True,False,True,False,,Uptrend Under Pressure,197.59,-0.0868,0.3996028666296332,0.9738729071360308,-0.20863379934740856,-0.061672458844960754,0.31267831423099623,0.5281548250265112,,False,,,0,0,0.445,0.887
SCI,Service Corporation Internation,Consumer Discretionary,XLY,11126844416.0,2026-09-14,81.27999877929688,-0.011312496235648672,-0.011312496235648672,-0.03502320384739577,-0.015416219334876802,0.012730940469948049,False,-0.005237597342222178,0.03961265022436167,0.010724465242405667,0.07377118040854636,0.9430327935603982,1.359827799142933,1.232496093864139,0.6793044043540907,1.359827799142933,59611270.57943573,0.09210491092342493,82.43499984741212,80.7495002746582,79.68158499399821,False,True,True,True,True,False,distribution,2,3,normal,False,False,surge,False,1.0,분산3일,0.02095049657843856,46.7815022743112,True,False,True,True,False,True,False,,Uptrend Under Pressure,82.21,-0.0113,0.3346779941694998,0.9099102163807861,-0.12597638647528853,-0.1104817201221363,0.35318031867627475,0.528101802757158,,False,,,0,0,0.445,0.887
DOW,Dow Inc.,Materials,XLB,22045839360.0,2026-09-14,28.899999618530273,-0.004478162764048332,-0.01834242206968184,-0.059048017796204944,-0.0399291840422209,0.032723446420988234,False,-0.030003976950943922,0.06013583290380331,-0.020843407348527965,0.08681003638946949,0.8886132940790091,0.8976039728501568,1.0253520749270755,0.8734522166034683,0.8976039728501568,255958977.14399594,0.17647006024975037,30.365870666503906,29.684109687805176,33.27944990793864,False,False,False,False,False,False,dry_up,2,4,normal,False,False,,False,16.0,분산4일,0.03434630067722369,40.95546269427137,True,False,False,False,False,True,False,,Uptrend Under Pressure,32.52,-0.1114,0.4072877293421952,0.9407490851691787,0.05246990462340695,-0.290730939032538,0.3922042567046603,0.5277306468716861,,False,,,0,0,0.445,0.887
KEP,Korea Electric Power Corporatio,Utilities,XLU,14893568000.0,2026-09-14,11.5600004196167,-0.05323502182633244,-0.031825726475813054,-0.017841973660115973,0.002114109520403362,-0.09476843697370796,False,0.01247395996139189,-0.07074016730662858,0.04063662872994134,0.01192846228366129,0.9073783851883147,1.0305572287341596,1.1568562104058235,0.9482572317252397,1.0305572287341596,11985088.39941001,0.0,11.745000123977661,11.956166712443034,13.040166687965392,False,False,False,False,False,False,distribution,3,4,normal,False,False,,False,,분산4일,0.03416953549733719,45.478731857259305,False,True,True,True,False,True,False,,Uptrend Under Pressure,,,0.3048502192173205,0.8879381683361783,-0.29904813415653964,-0.399022472675976,0.08291303669502811,0.5262460233297985,,False,,,0,0,0.445,0.887
CHWY,"Chewy, Inc.",Consumer Discretionary,XLY,9744295936.0,2026-09-14,21.350000381469727,0.044520539316809105,-0.09763311415215614,-0.04772523154250996,-0.028376334541823978,0.0023137110099245017,False,-0.01833169415262792,0.028918908091920548,-0.002579740828481336,0.06272607422399012,0.8647225564867581,1.4812583852629353,1.6228267834177865,0.8349354262926114,1.4812583852629353,192192417.05896673,0.5123969677910556,23.073999881744385,21.831166585286457,22.710166629155477,False,False,True,False,False,False,accumulation,4,6,normal,False,False,,False,9.0,분산6일,0.05677485053476529,41.83084745500322,True,False,False,False,False,True,False,,Uptrend Under Pressure,23.8,-0.1029,0.252494928833208,0.9099102163807861,-0.47862595563594745,-0.2531824199128003,0.06034861294195588,0.5256627783669142,,False,,,0,0,0.445,0.887
UBER,"Uber Technologies, Inc.",Industrials,XLI,154519683072.0,2026-09-14,72.62999725341797,0.013394713394713431,-0.041314741216402995,-0.04371296679691383,-0.024282546164736796,-0.044831793136160925,False,-0.014195584212636003,-0.01947801605925792,0.04959157886838339,0.05609581419658727,0.9039203314585057,1.092779145973868,1.4635666407886394,0.7910206808172769,1.092779145973868,1312030483.1779792,0.888110746769144,75.95349960327148,73.73983319600423,73.45774993896484,False,False,True,False,True,False,accumulation,2,3,normal,False,False,,False,54.0,분산3일,0.03451603734326228,44.351447084642494,True,False,True,True,False,True,False,,Uptrend Under Pressure,76.2,-0.0469,0.3914157271354704,0.9111039498183728,-0.3298802119687072,-0.12364646593046147,0.19609398847302648,0.5251325556733829,,False,,,0,0,0.445,0.887
GOOGL,Alphabet Inc.,Communication Services,XLC,4150228680704.0,2026-09-14,349.3900146484375,0.032171387439992705,0.03229339794747954,0.010089681449944043,0.030613296960085634,-0.04977068959902853,False,0.04126777185228203,-0.024548009515330982,-0.008519798906771014,-0.07537632976112685,0.9251688608373364,1.4758146475173406,1.1724453206535057,1.0031115286621253,1.4758146475173406,8109457287.217749,0.9330735466094228,341.1753814697266,347.82862599690753,350.6088305155436,True,True,False,True,False,False,accumulation,4,4,normal,False,False,,False,88.0,분산4일,0.021417894713856727,55.20256808002431,True,True,False,True,False,True,False,,Uptrend Under Pressure,397.75,-0.1216,0.5693462950849567,0.9638367007488521,0.20720147489824003,-0.029017576782187082,0.6801038739042252,0.5250795334040297,,False,,,0,0,0.445,0.887
GKOS,Glaukos Corporation,Health Care,XLV,10591155200.0,2026-09-14,171.08999633789062,0.022959619359585126,-0.035949765250061994,-0.07283369929179306,-0.05399497138559317,0.12895908933087208,False,-0.04421517633055827,0.15892593378209097,-0.07493401357762519,0.1257932096538048,0.9026114143146357,1.395358146707494,1.2978257709940213,0.8451641549658163,1.395358146707494,116932737.65429382,0.9544681431390863,180.28249893188476,164.72899983723957,143.85724976857503,False,True,True,True,True,False,accumulation,3,1,normal,False,False,surge,False,4.0,,0.03840919867906226,44.84480175089915,True,False,False,True,True,True,False,,Uptrend Under Pressure,185.04,-0.0754,0.3022048692367328,0.9548611509199223,0.8110016943625513,0.6537394212289314,0.959338363477266,0.5248674443266172,,False,,,0,0,0.445,0.887
KRYS,"Krystal Biotech, Inc.",Health Care,XLV,10636637184.0,2026-09-14,340.0299987792969,-0.020086458849288502,-0.050831822106639835,0.023354531020572278,0.04414766979917917,-0.11260546795092119,False,0.05494206296724191,-0.08905066055348199,0.021036321073412134,-0.11509394104184578,0.9057805122742205,1.2429583002117626,0.9898254843289193,1.1370091934867577,1.2429583002117626,81545875.08952332,0.058668521362283114,350.8074981689453,349.3176645914713,317.7194574991862,False,False,True,True,True,True,distribution,3,4,normal,False,False,,False,40.0,분산4일,0.034398225490158495,44.670066625232245,True,True,True,True,False,True,False,,Uptrend Under Pressure,354.86,-0.0418,0.4918396048929738,0.9548611509199223,0.9017801074935559,0.1246144657366266,0.8891606201683598,0.5244432661717922,,False,,,0,0,0.445,0.887
ZTS,Zoetis Inc.,Health Care,XLV,31859539968.0,2026-09-14,73.66999816894531,0.00959294143527556,-0.02822845875960389,-0.0016262738188526082,0.01865928979779219,-0.02922670564777674,False,0.029190184226251414,-0.003458710523619679,-0.0038878946285130223,-0.0319489933486099,0.9453355303535456,0.8097293327901367,1.0967808899452347,0.8814972920410874,0.8097293327901367,350748681.35962373,0.13857504529063155,75.48449897766113,75.36952107747396,86.64340991973877,False,False,False,False,False,False,weak_rally,1,3,normal,False,False,,False,26.0,분산3일,0.02662451486124544,44.07781996713718,True,True,False,True,False,True,False,,Uptrend Under Pressure,77.27,-0.0466,0.3810187419676307,0.9548611509199223,-0.5708691334618445,-0.4381752158554598,0.013843447510214418,0.5240721102863203,,False,,,0,0,0.445,0.887
CINF,Cincinnati Financial Corporatio,Financials,XLF,26075920384.0,2026-09-14,172.02000427246094,0.013074211901082489,0.005376961637211908,-0.006640837954865808,0.013542836702641559,-0.12315722796513151,False,0.02402083726567117,-0.0998825041898721,0.013041731537675405,-0.1263499846845747,0.907326375838332,1.1228183143098038,0.9745014150419921,1.9556195666711247,1.1228183143098038,75454585.71838455,0.5410167309400201,170.7220016479492,176.47320480346679,169.37153205871581,True,False,True,True,False,False,accumulation,4,1,normal,False,False,,False,54.0,,0.01622944654254443,49.697153585225195,True,True,True,True,True,True,False,,Uptrend Under Pressure,184.08,-0.0655,0.522117224873152,0.9738729071360308,-0.05835730994017285,-0.09715489337528405,0.4290299751055358,0.5235949098621421,,False,,,0,0,0.445,0.887
NSC,Norfolk Southern Corporation,Industrials,XLI,76993503232.0,2026-09-14,320.04998779296875,-0.000686924245948406,-0.028561901008221313,-0.04294134658618076,-0.02349524770600675,-0.025385942623415758,False,-0.013400146666543211,0.00048400087886446563,0.050438485756326035,0.07759640559234993,0.906708532584201,1.6739542847803393,1.0220282620545682,0.6914414943384232,1.6739542847803393,394415128.70989686,0.4194615408247908,337.72649536132815,330.87764739990234,317.41408284505206,False,False,True,True,True,False,distribution,0,4,interest,False,False,,False,36.0,분산4일,0.017787395882181645,32.196049528852996,True,False,True,True,False,True,False,,Uptrend Under Pressure,347.18,-0.0781,0.3771979082963188,0.9111039498183728,0.049167817719361295,-0.0030016876819191074,0.6006844281847843,0.5234358430540828,,False,,,0,0,0.445,0.887
TW,Tradeweb Markets Inc.,Financials,XLF,23266242560.0,2026-09-14,104.19999694824219,0.027208147086058787,-0.018832392254914287,-0.018387206182642446,0.0015577986323993542,-0.006441110561474117,False,0.011911897934327786,0.019931700441427225,0.001062618983614927,-0.010058853584040683,0.9583505569578098,0.6910372538812609,0.9835616691797485,0.7885537230482292,0.6910372538812609,125318164.03600311,0.6710939202992958,105.47960662841797,101.98056106567383,106.42205486297607,False,True,True,False,False,False,weak_rally,2,6,normal,False,False,,False,32.0,분산6일,0.024264725606352604,49.67398865778871,True,True,True,True,False,True,False,,Uptrend Under Pressure,108.04,-0.0355,0.4531155610256692,0.9738729071360308,-0.2595915451276545,-0.28067290552755286,0.12587712852191096,0.5233828207847296,,False,,,0,0,0.445,0.887
MOH,Molina Healthcare Inc,Health Care,XLV,10375794688.0,2026-09-14,214.07000732421875,0.048181030223430676,0.06608567764334383,0.007720259403014573,0.028195731557209003,-0.08843972924215016,False,0.03882521367087133,-0.06424347173391576,0.0054374658466376236,-0.09099596902345586,0.8813817647422466,1.1322748252502361,1.1131384284453822,1.1667068805755918,1.1322748252502361,119832391.14127807,0.9653118104113849,201.0775001525879,209.26433258056642,190.975750096639,True,True,True,True,False,False,accumulation,3,2,normal,False,False,,False,54.0,,0.03202891493027588,61.97472584894727,True,True,True,False,False,True,False,,Uptrend Under Pressure,229.74,-0.0682,0.40807166151412994,0.9548611509199223,-0.08722086566149678,0.16767057390554774,0.5775450124020105,0.5232237539766702,,False,,,0,0,0.445,0.887
SNY,Sanofi,Health Care,XLV,106292658176.0,2026-09-14,43.33000183105469,0.013093321657642543,-0.020569616023659365,-0.008920388352225306,0.011216969016084155,-0.017304144754395567,False,0.021670924771093114,0.00878032023224673,-0.011165485769107919,-0.02005986625596401,0.9415471838341719,1.0978570395013207,1.0578341587374354,0.8793451050315805,1.0978570395013207,94139911.91085815,0.4344847544131962,44.48000030517578,43.657000096638996,43.85210126241048,False,False,False,True,False,False,accumulation,2,2,normal,False,False,,False,54.0,,0.015545157959474738,43.3608570469296,True,True,False,True,False,True,False,,Uptrend Under Pressure,42.95,0.0088,0.40179001098513184,0.9548611509199223,-0.18914192481196457,-0.1024231706859361,0.3000615013102944,0.5229056203605514,,False,,,0,0,0.445,0.887
FIG,"Figma, Inc.",Information Technology,XLK,14652440576.0,2026-09-14,23.90999984741211,0.0306034078070736,-0.008706508479042085,-0.0594020544590802,-0.0402904142369962,0.09672313927750675,False,-0.030368941541589867,0.12583431968375258,-0.030155135395789068,0.09799571091220338,0.7808621551955097,0.9711297238498062,1.1099457368910244,0.7175043018653818,0.9711297238498062,383000651.3730995,0.6725659384990362,25.85750017166138,23.58016678492228,22.00633341471354,False,True,True,False,True,False,weak_rally,1,4,normal,False,False,,False,27.0,분산4일,0.07046663500553765,46.161619944568585,True,False,False,False,False,True,False,,Uptrend Under Pressure,28.15,-0.1506,0.42114001100481446,0.9308295144731314,-0.6062810540752923,-0.142685482508631,0.123254278524059,0.5227995758218452,,False,,,0,0,0.445,0.887
HST,"Host Hotels & Resorts, Inc.",Real Estate,XLRE,15235351552.0,2026-09-14,22.364999771118164,0.00562050365496547,0.014285739000307052,-0.02336243914079361,-0.003518524130133982,-0.06245125357280601,False,0.006783096173534009,-0.03756516362044904,0.02533357890398613,-0.007532184445804835,0.8756851593345519,0.8878442141702731,0.9934867485640703,0.9162605253506343,0.8878442141702731,170513830.91030464,0.7887311079232551,22.44974994659424,23.39937957127889,22.130273962020873,False,False,False,True,False,False,weak_rally,1,0,normal,False,False,,False,59.0,,0.016687451899768842,44.61226344319917,True,False,True,False,False,True,False,,Uptrend Under Pressure,24.09,-0.0715,0.5751093265593207,0.9371875788942187,0.16446979836354592,0.09232289363110446,0.7402150736998239,0.5215270413573702,,False,,,0,0,0.445,0.887
ORLY,"O'Reilly Automotive, Inc.",Consumer Discretionary,XLY,71835721728.0,2026-09-14,87.22000122070312,0.016313231541101203,-0.007623144539744109,-0.04206481826120867,-0.0226009095462687,-0.05402266907800746,False,-0.012496562843571146,-0.028912852612540507,0.0033490216138951645,0.0029941366188326324,0.9325350407254525,0.8966676770352093,1.119815986191811,1.0898714308346638,0.8966676770352093,453550361.57318115,0.801800811052306,88.33850059509277,88.59366722106934,90.08799997965495,False,False,False,False,False,False,weak_rally,3,3,normal,False,False,,False,54.0,분산3일,0.017975887444751433,45.57980916549855,True,False,True,True,False,True,False,,Uptrend Under Pressure,89.55,-0.026,0.617240368503248,0.9099102163807861,-0.28203835263351684,-0.14347507735349818,0.20470643299183522,0.5203605514316013,,False,,,0,0,0.445,0.887
SBAC,SBA Communications Corporation,Real Estate,XLRE,20120672256.0,2026-09-14,183.07000732421875,-0.012940065135538914,-0.03362539608896875,-0.004681144669163695,0.01554234822651801,-0.02236329999681097,False,0.026041019729259762,0.0035868758737449546,0.04494633934533576,0.03490401299696533,0.9558792984558364,1.0179701369063756,1.307966867844378,0.5579897966608113,1.0179701369063756,152972932.4882965,0.39622733855202813,185.65746154785157,182.68340708414715,192.87604471842448,False,True,False,True,False,False,distribution,2,6,normal,False,False,,False,32.0,분산6일,0.028564406973483863,46.93686895599797,True,True,True,True,False,True,False,,Uptrend Under Pressure,185.01,-0.0105,0.47185132097945265,0.9371875788942187,-0.2049571423741623,-0.15636073952031304,0.2459075626261964,0.519034994697773,,False,,,0,0,0.445,0.887
SCHW,Charles Schwab Corporation (The,Financials,XLF,189915643904.0,2026-09-14,107.30999755859375,0.0005594177957459756,-0.018116967154790165,-0.03402645516162994,-0.014399218104052203,0.08603758589623123,False,-0.004210082357974265,0.11486513129826981,-0.014886508452834457,0.08208310977973077,0.944214660077752,0.7246386346106233,0.8620745373128628,0.5581437415814262,0.7246386346106233,818908522.1114075,0.5605079136760568,109.50300025939941,103.92080319722494,97.46669432322184,False,True,True,True,True,False,weak_rally,0,2,normal,False,False,,False,10.0,,0.020627829803913478,48.103938446427215,True,False,False,True,False,True,False,,Uptrend Under Pressure,110.16,-0.0259,0.3269272222772053,0.9738729071360308,-0.010733254221910848,0.005207675621397234,0.5507706882946275,0.5181336161187698,,False,,,0,0,0.445,0.887
NVR,"NVR, Inc.",Consumer Discretionary,XLY,16913152000.0,2026-09-14,6299.56005859375,0.022529736306747372,0.00011271278511038041,-0.0013269197588198223,0.018964726315395142,-0.08658640497898695,False,0.02949877834498138,-0.062340953234719554,0.04601822448290882,-0.03153231037673465,0.9400784896194968,0.8804770666505417,1.161441911491582,0.8666433754367106,0.8804770666505417,218393031.2163574,0.8720619346315157,6301.464990234375,6408.245825195312,6368.408585611979,False,False,False,False,False,False,weak_rally,4,4,normal,False,False,,False,59.0,분산4일,0.02198373006334934,50.133467522013106,True,True,True,True,False,True,False,,Uptrend Under Pressure,6490.93,-0.0295,0.4252295071161598,0.9099102163807861,-0.3753124879966071,-0.16508818792253122,0.14680114048753357,0.5171261930010604,,False,,,0,0,0.445,0.887
ROST,"Ross Stores, Inc.",Consumer Discretionary,XLY,73311305728.0,2026-09-14,230.0399932861328,-0.003033770435842298,-0.0008904301096860356,-0.060626853126025226,-0.04154009910699741,0.05705672318657995,False,-0.03163154564726367,0.08511500687392104,-0.016093003144994067,0.12076860699855874,0.9030466764267749,0.5882383684343296,0.6622910191558551,0.7103345725094272,0.5882383684343296,632212420.3052124,0.49721951426270505,231.84266052246093,233.07012507120768,228.26036961873373,False,False,False,True,False,False,dry_up,0,0,normal,False,False,,False,133.0,,0.02144356470746424,44.874447426413184,True,False,False,True,False,True,False,,Uptrend Under Pressure,212.24,0.0839,0.3152472191293411,0.9099102163807861,0.3641901254052835,0.00767952499550284,0.7586530308614479,0.5160657476139979,,False,,,0,0,0.445,0.887
ED,"Consolidated Edison, Inc.",Utilities,XLU,39579058176.0,2026-09-14,105.77999877929688,-0.006387378461615634,-0.01407402482379827,-0.01978348526146967,0.000133149107378161,-0.08420971177042302,False,0.010472520389942508,-0.059901173598700064,0.038579517722049816,0.023731712407768946,0.9437001895595888,0.7327515987953166,0.8380915781364405,0.8692678280016554,0.7327515987953166,225234919.65312958,0.03408948055156988,107.46126823425293,108.78962809244791,108.11279525756837,False,False,True,False,False,False,dry_up,1,2,normal,False,False,,False,136.0,,0.013984549687671466,41.330817849866676,True,True,True,True,False,True,False,,Uptrend Under Pressure,110.68,-0.0443,0.4106846969209997,0.8879381683361783,-0.04939241722706289,-0.1942483423885102,0.3544085360200965,0.5156945917285259,,False,,,0,0,0.445,0.887
UI,Ubiquiti Inc.,Information Technology,XLK,35712954368.0,2026-09-14,552.9099731445312,-0.019923869153786522,-0.04614774391767462,-0.0331109817733769,-0.013465143571588678,0.03185328796130005,False,-0.0032663513678624634,0.059242577147272435,-0.003046569031122104,0.033050588518205526,0.9240269025124611,0.5624409715942604,1.0480064208720896,0.658249880922279,0.5624409715942604,120536661.77256775,0.2106302645399649,575.2179595947266,556.7316599527995,669.8771626790365,False,False,True,False,False,False,dry_up,2,3,normal,False,False,,False,17.0,분산3일,0.05046854136312161,45.53137828432561,True,False,False,True,False,True,False,,Uptrend Under Pressure,589.69,-0.0624,0.18693147339373842,0.9308295144731314,-0.2015390671105125,-0.349364242779861,0.15175357872054662,0.5155885471898197,,False,,,0,0,0.445,0.887
NU,Nu Holdings Ltd.,Financials,XLF,70286524416.0,2026-09-14,14.40999984741211,-0.014363887810587506,-0.062459339316517704,-0.05384108466649451,-0.034616453283345616,0.03637687380012533,False,-0.024636323209174416,0.06388623606445343,-0.03509374803983223,0.03260322208828903,0.9190050744230879,0.6882237824455858,0.9468255190458302,0.8952748248323701,0.6882237824455858,1045436573.1844587,0.5751130226392596,14.82900004386902,14.138666661580404,13.877750007311503,False,True,True,True,True,False,dry_up,4,1,normal,False,False,,False,20.0,,0.03918657451186945,46.552533165095454,True,False,False,True,True,True,False,,Uptrend Under Pressure,15.23,-0.0538,0.34079470528702993,0.9738729071360308,-0.2543182980796739,-0.15065799864648166,0.2168803008137618,0.5146871686108166,,False,,,0,0,0.445,0.887
PSO,"Pearson, Plc",Communication Services,XLC,9969474560.0,2026-09-14,16.110000610351562,0.026768708808212915,0.008135236034996884,-0.0024767188311767274,0.017791564927287062,-0.049874868427088215,False,0.028313488820558064,-0.024654953643537536,-0.020854680953936167,-0.07547770130303522,0.9194896272358474,1.2653348114140985,1.2536558292512117,1.0973188527810518,1.2653348114140985,9461819.675991058,0.7919969469775873,16.183999919891356,16.24687261581421,15.336112507184346,False,False,True,True,False,False,accumulation,4,3,normal,False,False,,False,,분산3일,0.018488498571475928,48.92567286260467,False,True,False,True,False,True,False,,Uptrend Under Pressure,,,0.4751717497109195,0.9638367007488521,-0.03659776084293298,0.07210380857481402,0.5686592036032533,0.512778366914104,,False,,,0,0,0.445,0.887
PEN,"Penumbra, Inc.",Health Care,XLV,12726723584.0,2026-09-14,319.8599853515625,0.0067037242047809364,-0.0071702144206230445,-0.02189469727433091,-0.0020209597931635237,-0.01719608252447946,False,0.008296142322814504,0.008891250842483878,-0.02411040392673358,-0.019952107059187596,0.9776567907321784,1.0408021228803293,0.8934438018786602,0.9470567229259858,1.0408021228803293,83488118.05947876,0.7289089070686644,322.3770004272461,320.6105005900065,323.2509170532227,False,False,True,False,False,False,accumulation,2,2,normal,False,False,,False,157.0,,0.006746246643845882,44.3903403336241,True,False,False,True,False,True,False,,Uptrend Under Pressure,359.03,-0.1091,0.26958548305547936,0.9548611509199223,-0.011535779502102605,-0.1768528770501132,0.4020928534120791,0.5127253446447508,,False,,,0,0,0.445,0.887
GOOG,Alphabet Inc.,Communication Services,XLC,4102042681344.0,2026-09-14,345.7099914550781,0.030585717319081995,0.031016056700388317,0.00631653622920747,0.026763486683565985,-0.049932937122572296,False,0.037378162257189596,-0.02471456370184122,-0.012223429238723216,-0.07553420523293597,0.9210336641362322,1.3957701681279149,1.1049821350237854,0.97949081217213,1.3957701681279149,5377877744.476471,0.9051935286983679,338.09139862060545,345.8379653930664,348.34998779296876,True,False,False,True,False,False,accumulation,3,3,normal,False,False,,False,92.0,분산3일,0.02074395804520095,54.78996392938872,True,True,False,True,False,True,False,,Uptrend Under Pressure,382.99,-0.0973,0.6001864035631814,0.9638367007488521,0.19672966773531075,-0.033174686900521166,0.6715931778767126,0.5122481442205726,,False,,,0,0,0.445,0.887
JPM,JP Morgan Chase & Co.,Financials,XLF,946367430656.0,2026-09-14,350.1300048828125,-0.017123784957437937,-0.023728556262655354,-0.03502919078204958,-0.015422327915704304,0.02928601858846913,False,-0.005243769073526416,0.05660716273474331,-0.015909112429318695,0.025538186072896485,0.9587874798871289,1.4382912077083627,1.038891753323147,0.7403323561052706,1.4382912077083627,2035388584.1082153,0.3354959065578251,356.10250091552734,348.3574813842773,326.30339228312175,False,True,True,True,True,False,distribution,1,3,normal,False,False,,False,60.0,분산3일,0.016421437947430142,44.20793648346721,True,False,False,True,False,True,False,,Uptrend Under Pressure,331.96,0.0547,0.40437292163813937,0.9738729071360308,0.012639818465268293,0.09541775593974333,0.6338026576705926,0.5108165429480382,,False,,,0,0,0.445,0.887
IHG,Intercontinental Hotels Group,Consumer Discretionary,XLY,23567353856.0,2026-09-14,155.1300048828125,0.008450907081087866,-0.03013436797369473,-0.02784338549864307,-0.008090517077072534,-0.10278864868564197,False,0.0021638379873401004,-0.07897326577336916,0.018244664785041165,-0.04871111044587151,0.9347592029179389,0.8444842362471762,0.8610858924894194,1.2879910233393177,0.8444842362471762,30481101.919937134,0.8069214194626446,159.110604095459,161.15520477294922,154.27408192952473,False,False,False,True,False,False,weak_rally,1,1,normal,False,False,,False,,,0.019957908389094822,43.30774042970655,False,False,True,True,False,True,False,,Uptrend Under Pressure,,,0.29369430561155135,0.9099102163807861,0.09017266600671503,0.05725151470631218,0.6733884734786906,0.5101272534464475,,False,,,0,0,0.445,0.887
MFC,Manulife Financial Corporation,Financials,XLF,70481248256.0,2026-09-14,43.54999923706055,0.001379571310144545,-0.017816890230236804,-0.012281451878317307,0.007787613360311418,0.04382617336272321,False,0.018206116454425603,0.07153326821397377,0.007289353632201179,0.04002539728835308,0.9766763643873416,0.36349978130413313,0.833711482865634,0.45425582343507925,0.36349978130413313,114870253.41412468,0.7225433526011561,43.197830009460446,42.5524871190389,40.00175399780274,True,True,True,True,True,False,weak_rally,0,2,normal,False,False,,False,26.0,,0.01796685529178105,53.039964056268765,True,True,True,True,False,True,False,,Uptrend Under Pressure,44.21,-0.0149,0.2534285783007894,0.9738729071360308,0.17756015804284275,0.12364857196931278,0.7652822842310187,0.5094909862142101,,False,,,0,0,0.445,0.887
VTR,"Ventas, Inc.",Real Estate,XLRE,46765318144.0,2026-09-14,89.0999984741211,-0.009889981228755618,-0.012961096847843745,-0.026442288655051605,-0.006660951897017098,-0.057342473002386596,False,0.0036081820047757507,-0.03232077669003286,0.02210016535171455,-0.0021241453308339375,0.8863025918236689,0.7642956812596579,1.0815960087178096,0.8477823058562552,0.7642956812596579,274597140.3110447,0.009933381669727692,91.59599914550782,91.85337320963542,88.04276421864827,False,False,True,True,False,False,dry_up,1,5,normal,False,False,,False,49.0,분산5일,0.020618888617259985,39.80511857536794,True,False,True,False,False,True,False,,Uptrend Under Pressure,92.21,-0.0337,0.7688588465460598,0.9371875788942187,0.11490431817150348,-0.10573100406574232,0.5644628697144485,0.5090137857900319,,False,,,0,0,0.445,0.887
SQM,Sociedad Quimica y Minera S.A.,Materials,XLB,22568245248.0,2026-09-14,69.7300033569336,-0.0021464496619887363,-0.0702046696023142,-0.04380702786823076,-0.024378518426018014,-0.04318342126575825,False,-0.014292548634654012,-0.017785890164546347,-0.004983601483026678,0.006927715600933748,0.8631636059706003,0.9517658578467697,1.0267430308922358,0.9995614610747247,0.9517658578467697,75845967.87544899,0.6207569135247744,76.10771293640137,72.18117612202963,77.30078264872233,False,False,False,True,False,False,dry_up,2,4,normal,False,False,,False,15.0,분산4일,0.038773807150125905,38.07655195030111,True,False,False,False,False,True,False,,Uptrend Under Pressure,80.42,-0.1329,0.31591011116501677,0.9407490851691787,0.43212036663555153,-0.16981152851352943,0.6304103629707846,0.5089607635206788,,False,,,0,0,0.445,0.887
RBA,"RB Global, Inc.",Industrials,XLI,15664216064.0,2026-09-14,84.02999877929688,0.005143544414165202,0.005865428039257603,0.0012003699739335794,0.021543367055598894,-0.26800733815530253,False,0.032104077059717184,-0.24857748419138703,0.09888709205302137,-0.19066151841986156,0.7235710496949814,0.8679973693273897,0.8651987401314382,1.4342393209523998,0.8679973693273897,156128274.1049118,0.7340421646409513,84.08340682983399,99.52122739156087,101.09479325612386,False,False,False,False,False,False,weak_rally,1,1,normal,False,False,,False,55.0,,0.02552659049161676,40.146763267883856,True,True,True,False,False,True,False,,Uptrend Under Pressure,115.05,-0.2696,0.5167250024904031,0.9111039498183728,-0.3895615497817625,-0.25620996258193285,0.07933646417209514,0.5076882290562036,,False,,,0,0,0.445,0.887
TD,Toronto Dominion Bank (The),Financials,XLF,198112362496.0,2026-09-14,120.93000030517578,-0.00033066805921877496,-0.0057551341284973745,-0.027581218143627684,-0.007823022846540684,-0.0011881502882328254,False,0.002434097571833105,0.02532409414932868,-0.00831356452845844,-0.0048250203706832195,0.9689903633658002,1.0032199826932917,0.9524136658971973,0.7747396537855259,1.0032199826932917,236176976.60378265,0.800001034495244,120.22849960327149,120.43760617574056,112.99064235687256,True,True,True,True,False,False,distribution,2,3,normal,False,False,,False,45.0,분산3일,0.016990339191662717,51.528719334030626,True,False,False,True,False,True,False,,Uptrend Under Pressure,120.53,0.0033,0.34323916649974334,0.9738729071360308,0.3595822697597322,0.1345610750945314,0.839031399584414,0.506998939554613,,False,,,0,0,0.445,0.887
AZN,AstraZeneca PLC,Health Care,XLV,251445133312.0,2026-09-14,163.77999877929688,0.02253855685597106,0.006637995398354191,0.04685204202004334,0.06812261749566328,-0.17850642160451557,False,0.07916486354804975,-0.15670087478346706,0.044480603048062006,-0.18081009217084676,0.848073751658461,0.9595141156677431,1.0716311722597212,1.0400200578323622,0.9595141156677431,524660728.95050657,0.6861923884799306,162.82700119018554,169.2791664123535,179.03325030008952,True,False,False,False,False,False,weak_rally,0,3,normal,False,False,,False,54.0,분산3일,0.021269830563102107,50.92411669517066,True,True,True,False,False,True,False,,Uptrend Under Pressure,188.41,-0.1307,0.47941979975269605,0.9548611509199223,-0.180969996042862,-0.298751684116323,0.17856498450031316,0.5056203605514316,,False,,,0,0,0.445,0.887
SGI,Somnigroup International Inc.,Consumer Discretionary,XLY,13621165056.0,2026-09-14,68.12000274658203,0.02037148841871428,-0.025046513971771822,0.03384601311669777,0.0548523241993355,-0.1476380689978467,False,0.06575738202879222,-0.1250131593409155,0.0828586375512379,-0.09626373579266667,0.87334865955549,0.6209971195828334,0.8144041136333301,0.8546751125607635,0.6209971195828334,250934889.55408096,0.6889869525526396,65.79290466308593,69.58062121073405,71.05244185129801,True,False,False,False,False,False,weak_rally,3,2,normal,False,False,,False,102.0,,0.036778579328524026,53.687511909455104,True,True,True,False,False,True,False,,Uptrend Under Pressure,84.57,-0.1945,0.35284813774070617,0.9099102163807861,-0.35156966395421374,-0.26787983486514066,0.08427217043098399,0.5052492046659598,,False,,,0,0,0.445,0.887
BABA,Alibaba Group Holding Limited,Consumer Discretionary,XLY,283410792448.0,2026-09-14,109.2300033569336,-0.00064043634830524,-0.035411467524576024,-0.11776104102384866,-0.09983517412844345,0.11211496132539156,False,-0.09052927485043483,0.1416346989074364,-0.07593581153202023,0.1791453653210533,0.8254987704866991,0.5080873904887936,0.5640004519915822,0.896515071102677,0.5080873904887936,1472006822.4168224,0.5366814246620537,116.87299919128418,114.45016670227051,121.0323355992635,False,False,False,False,False,False,dry_up,0,0,normal,False,False,,False,16.0,,0.02387886364621706,36.510838091102265,True,False,False,False,False,True,False,,Uptrend Under Pressure,130.53,-0.1632,0.4040804275500574,0.9099102163807861,-0.336837476131166,-0.2278097868311253,0.11038286826735885,0.5036585365853659,,False,,,0,0,0.445,0.887
SSB,SouthState Bank Corporation,Financials,XLF,10171659264.0,2026-09-14,106.11000061035156,0.0012266205821880316,-0.0173180467535331,-0.049108306365974075,-0.02978751151940362,0.04333184676991442,False,-0.019757459870446192,0.07102582032363158,-0.030267193750372567,0.039532870635740514,0.9508916936340259,0.7561439143133353,0.8383418006268624,0.7704360732502717,0.7561439143133353,67701468.58186722,0.21180540838384265,106.61100044250489,104.17655741373697,99.37721316019694,False,True,True,True,True,False,weak_rally,1,2,normal,False,False,,False,35.0,,0.01667407416157241,49.61421768265277,True,False,False,True,False,True,False,,Uptrend Under Pressure,105.36,0.0072,0.42251020891373875,0.9738729071360308,-0.06980204799223244,0.051538755794102054,0.5303271553156803,0.5030752916224815,,False,,,0,0,0.445,0.887
EMA,Emera Incorporated,Utilities,XLU,15385144320.0,2026-09-14,49.0099983215332,-0.0036592866477138664,-0.02661370790858364,-0.048534266772726764,-0.029201808241123395,-0.09404955300241957,False,-0.01916570159472808,-0.07000220143560609,0.008116887938610207,0.01273207892866024,0.8979917762630232,0.5512986812872788,0.9264776334331637,1.1874747202372926,0.5512986812872788,17968018.110229492,0.4537778490142651,50.35899982452393,51.92241643269857,51.72476097742717,False,False,False,False,False,False,dry_up,1,1,normal,False,False,,False,,,0.01391115852527826,32.6573400004749,False,False,True,False,False,True,False,,Uptrend Under Pressure,,,0.36615013816875125,0.8879381683361783,-0.05952213790904626,-0.1709930821566128,0.3675173594231539,0.5022269353128315,,False,,,0,0,0.445,0.887
CSGP,"CoStar Group, Inc.",Real Estate,XLRE,12994686976.0,2026-09-14,31.520000457763672,0.03479978349150259,0.01973473352839994,-0.026559622667783334,-0.0067806699734689335,0.028434913684203256,False,0.0034872262834737544,0.05573346628706477,0.02197698096067424,0.08867784860623318,0.9344797179227554,0.8685517050197278,0.8932858837634475,0.3818156865355054,0.8685517050197278,211313557.2324957,0.7162789872429517,31.580999851226807,30.235499986012776,32.96575005849203,False,True,False,False,False,False,weak_rally,0,2,normal,False,False,,False,280.0,,0.038490301766858,52.54799468496962,True,False,True,True,False,True,False,,Uptrend Under Pressure,94.6,-0.6668,0.3941946432333982,0.9371875788942187,-0.6825786095190105,-0.35846558069512924,0.012106035494395921,0.5004241781548251,,False,,,0,0,0.445,0.887
NTAP,"NetApp, Inc.",Information Technology,XLK,36360245248.0,2026-09-14,188.27499389648438,-0.05522383054106983,0.014467361450373417,-0.09081035236764334,-0.07233688501470292,0.19900685715861166,False,-0.06274670856716358,0.2308330343194802,-0.06254004180238515,0.20039811267386587,0.9091896476323567,0.8146116890584731,0.895091498741043,0.6518657368384723,0.8146116890584731,467019496.8050461,0.014372346736904797,189.97425079345703,177.65344696044923,150.9095765431722,False,True,True,True,True,False,dry_up,2,3,normal,False,False,,False,24.0,분산3일,0.04862948473877909,50.893416223811855,True,False,False,True,False,True,False,,Uptrend Under Pressure,198.72,-0.0526,0.30930481086443173,0.9308295144731314,0.3942102572885351,0.7740308621194725,0.9222178005593906,0.5002120890774125,,False,,,0,0,0.445,0.887
FTS,Fortis Inc.,Utilities,XLU,28191461376.0,2026-09-14,54.06999969482422,-0.005517734834543431,-0.021534539682482756,-0.03819617855002477,-0.01865366446425698,-0.07965642628227465,False,-0.00850851116247553,-0.05522702669116586,0.01907051554951189,0.02882167984875883,0.9264962431610719,0.992061544183842,0.8434282712059119,0.9200756563634179,0.992061544183842,38860164.528683856,0.5294112367215233,55.21591205596924,56.27212880452474,55.883553218841556,False,False,False,False,False,False,dry_up,2,1,normal,False,False,,False,,,0.014293650275156295,35.882831017323255,False,False,True,True,False,True,False,,Uptrend Under Pressure,,,0.37015979298577434,0.8879381683361783,-0.02745023691743831,-0.17318529775385239,0.3918447453687478,0.5001060445387063,,False,,,0,0,0.445,0.887
CVNA,Carvana Co.,Consumer Discretionary,XLY,81427742720.0,2026-09-14,70.87000274658203,0.024725260178225072,-0.049872553612378856,-0.06244204021667121,-0.04339216827119741,0.011230581353779412,False,-0.033502761492829825,0.038072465902231345,-0.017994244717664865,0.07218039028372081,0.9353306834687214,0.7815124289195478,0.8010212674963763,0.8313532611959119,0.7815124289195478,544776016.89366,0.8675226354622786,72.17000007629395,68.81966641743978,69.61458320617676,False,True,True,True,False,False,weak_rally,0,0,normal,False,False,,False,32.0,,0.04347397512878073,48.62917929062632,True,False,False,True,False,True,False,,Uptrend Under Pressure,66.32,0.0686,0.3532462322987267,0.9099102163807861,-0.13019226737619705,0.03975942814917155,0.46960704732661496,0.4983563096500531,,False,,,0,0,0.445,0.887
SN,"SharkNinja, Inc.",Consumer Discretionary,XLY,27241259008.0,2026-09-14,169.6199951171875,0.05485069588332503,-0.02168652474180277,-0.08363052661203618,-0.06501117519954736,0.09613051673664619,False,-0.05534526560212205,0.12522596669909802,-0.04018723595500495,0.16219749175626652,0.8794980534086099,1.1120679386247203,1.2847024310899782,0.7050626712622025,1.1120679386247203,282774811.5822449,0.9515415422547803,178.82650146484374,164.61233444213866,139.8917505264282,False,True,True,True,True,False,accumulation,4,4,normal,False,False,,False,27.0,분산4일,0.042274335336515846,45.542139932257854,True,False,False,False,False,True,False,,Uptrend Under Pressure,182.11,-0.0686,0.2605600695508035,0.9099102163807861,0.364802068493538,0.5965359299898783,0.9086034002084713,0.49644750795334047,,False,,,0,0,0.445,0.887
CHTR,"Charter Communications, Inc.",Communication Services,XLC,20545480704.0,2026-09-14,143.35000610351562,-0.01660148245877835,-0.056845839051154146,-0.07078497353029933,-0.05190461837001814,0.022716977502284408,False,-0.04210321325640354,0.049863754451125564,-0.08790445222592391,-0.004841973402463062,0.9017424986019735,0.7645672514203784,0.9277497083191201,1.258186831478298,0.7645672514203784,446352441.4182602,0.025391602889635934,148.7200019836426,141.95733426411945,159.24183381398518,False,True,True,False,False,False,dry_up,2,4,normal,False,False,,False,17.0,분산4일,0.05317154399961242,47.15586837540414,True,False,False,True,False,True,False,,Uptrend Under Pressure,152.47,-0.0598,0.2425125857318229,0.9638367007488521,-0.5040834022877114,-0.39242979731783767,0.022993802386341283,0.49628844114528103,,False,,,0,0,0.445,0.887
ROL,"Rollins, Inc.",Industrials,XLI,17354913792.0,2026-09-14,35.310001373291016,0.01670031208463807,-0.015337401776334025,-0.02458561798041714,-0.004766556260178856,-0.1993715666301047,False,0.005522161893833699,-0.17811985967920074,0.07058517550497956,-0.11477336543169614,0.7805114829474064,1.5687193604232343,1.1537462058864485,1.3577112007460423,1.5687193604232343,159525432.7996521,0.6380989057300219,35.907999992370605,39.39689960479736,45.67426141103109,False,False,False,False,False,False,accumulation,3,4,interest,True,False,surge,False,147.0,분산4일,0.02293967656177523,38.388094751211156,True,False,True,False,False,True,False,,Uptrend Under Pressure,64.86,-0.4556,0.5417745227743199,0.9111039498183728,-0.47225616641754153,-0.4389725193371783,0.025572787479056773,0.493001060445387,,False,,,0,0,0.445,0.887
FLUT,Flutter Entertainment plc,Consumer Discretionary,XLY,17385148416.0,2026-09-14,100.6500015258789,0.000895027540476212,0.005394075639147511,-0.007494350742385691,0.012671981724021286,-0.07082635972200313,False,0.023140979392821226,-0.04616257676518487,0.03955840761722085,-0.014822361344239643,0.8954626348710976,0.7834991443925932,0.9794957421762589,0.7157909820056294,0.7834991443925932,233895781.7849636,0.5327876028716512,99.58199996948242,102.01583340962728,102.72858327229818,True,False,False,False,False,False,weak_rally,1,2,normal,False,False,,False,54.0,,0.04094456829945309,50.74819192238828,True,True,True,False,False,True,False,,Uptrend Under Pressure,104.19,-0.034,0.34065896220249936,0.9099102163807861,-0.7186030579925888,-0.2316368720101476,0.05112364250554529,0.4911452810180276,,False,,,0,0,0.445,0.887
AZO,"AutoZone, Inc.",Consumer Discretionary,XLY,48833056768.0,2026-09-14,2965.52001953125,0.03085774555705223,-0.005956517569050801,-0.019662803460743783,0.0002562829942136524,-0.08119237765531495,False,0.010596927234257869,-0.05680374802329091,0.02681307227275842,-0.02581316933438882,0.9437809199579063,1.3240911620104987,1.1315328722038107,0.862008932640598,1.3240911620104987,910111118.6303711,0.8759342569215475,2972.4320068359375,3026.8308349609374,3192.363248697917,False,False,False,False,False,False,accumulation,4,5,normal,False,False,,False,50.0,분산5일,0.020289626672064145,48.583768746607475,True,True,True,True,False,True,False,,Uptrend Under Pressure,3159.28,-0.0613,0.4453478424609343,0.9099102163807861,-0.41619534464766794,-0.2772923751627736,0.06254411927636473,0.4904029692470838,,False,,,0,0,0.445,0.887
BALL,Ball Corporation,Materials,XLB,16668370944.0,2026-09-14,60.709999084472656,0.013522496460101063,-0.03127491848952835,-0.014826357685840508,0.0051909986112335105,-0.059556125818147954,False,0.015582657915605758,-0.0345931882245345,0.025173744274495036,-0.010302472879867963,0.9105013295863865,1.0362974734228476,1.1515582947486342,0.7312655374055175,1.0362974734228476,106879650.47486115,0.7570072800131197,62.27273712158203,62.26349894205729,60.253622690836586,False,False,True,True,True,False,accumulation,3,5,normal,False,False,,False,58.0,분산5일,0.01826278016538895,41.177860808190104,True,True,True,True,False,True,False,,Uptrend Under Pressure,58.02,0.0465,0.42493718824945265,0.9407490851691787,0.023854767906680285,-0.15354095496034192,0.4584694313615983,0.49029692470837755,,False,,,0,0,0.445,0.887
CSCO,"Cisco Systems, Inc.",Information Technology,XLK,435489112064.0,2026-09-14,110.05999755859375,-0.018460712971801296,0.007875463684849482,-0.014505755212707916,0.005518115280096492,-0.04042790242040206,False,0.015913156314886656,-0.014957229426448948,0.016137167782470208,-0.039314472613832474,0.8884404262089786,0.8628508171105487,0.8791194741728662,0.7216180325113923,0.8628508171105487,1602031231.1282074,0.28510578892860505,110.35999984741211,114.31522979736329,107.05807476043701,False,False,False,True,False,False,dry_up,1,0,normal,False,False,,False,22.0,,0.01947637646591686,46.158847804020404,True,True,True,False,False,True,False,,Uptrend Under Pressure,123.88,-0.1116,0.5326245239915232,0.9308295144731314,0.4306742638511838,0.23809869911610226,0.8906402693395619,0.4899787910922588,,False,,,0,0,0.445,0.887
IBN,ICICI Bank Limited,Financials,XLF,108941180928.0,2026-09-14,29.260000228881836,-0.004423244758977041,-0.0343234004741052,-0.01613986368293374,0.003850804001683805,-0.020662688703533383,False,0.014228608381168018,0.00533262782320687,0.003354490669356336,-0.024228648167379907,0.9568345422459947,0.7442740399758566,0.8989586811321102,0.6989245948315289,0.7442740399758566,150103434.98401165,0.5070437669915432,29.798499965667723,29.50972277323405,27.977408742904665,False,False,True,True,True,False,dry_up,0,2,normal,False,False,,False,49.0,,0.018076840186563317,44.56700706112267,True,True,True,True,False,True,False,,Uptrend Under Pressure,29.83,-0.0191,0.30755509210222615,0.9738729071360308,-0.22276330249194476,-0.0528317479340461,0.31178925852482775,0.4895015906680807,,False,,,0,0,0.445,0.887
CCI,Crown Castle Inc.,Real Estate,XLRE,33273180160.0,2026-09-14,74.16999816894531,-0.019174881314087955,-0.02189111990011261,-0.023822125664898497,-0.003987550844173682,-0.05221166622388218,False,0.006309220663769155,-0.0270537788926567,0.024850972000643567,0.0033072102279014803,0.9289829856084997,1.2195939212344151,1.1395951278360203,0.7090910712690927,1.2195939212344151,190813014.19259262,0.4598687280923868,75.43400039672852,76.7735003153483,81.82911586761475,False,False,False,False,False,False,distribution,3,5,normal,False,False,,False,32.0,분산5일,0.025510897886255466,43.982041915178144,True,False,True,True,False,True,False,,Uptrend Under Pressure,79.09,-0.0622,0.47915204857705773,0.9371875788942187,-0.3056325030193663,-0.258210019850878,0.10727275605007834,0.48934252386002125,,False,,,0,0,0.445,0.887
ORCL,Oracle Corporation,Information Technology,XLK,429535821824.0,2026-09-14,144.7899932861328,-0.03653184414265764,-0.08810936894268451,-0.03806810273507599,-0.01852298632712801,0.013897020558683248,False,-0.008376482075446168,0.04080968248928052,-0.008157826535688417,0.015073485741789128,0.8909056699469181,1.5162224834847033,1.7587496412168078,0.6562020779338128,1.5162224834847033,4156805611.1805143,0.8770272710214861,149.09149932861328,143.18691418965656,161.40593496958414,False,True,False,False,False,False,distribution,3,5,interest,False,False,surge,False,4.0,분산5일,0.05373793226920815,46.41194901154832,True,False,False,False,False,True,False,,Uptrend Under Pressure,162.52,-0.1091,0.3923322731308609,0.9308295144731314,-0.5708701240368739,-0.14107941666241952,0.1307011375481327,0.4892895015906681,,False,,,0,0,0.445,0.887
ITT,ITT Inc.,Industrials,XLI,17994016768.0,2026-09-14,199.5,-0.022729496441272756,-0.02179029654621234,-0.08898085801175981,-0.07047021788156238,0.04736748743579677,False,-0.06086074383893003,0.07516858215735578,-9.308249640416211e-05,0.1580373084635356,0.9093198659586901,1.1510010338427183,1.0153396492260707,0.6378502280289998,1.1510010338427183,129701615.5956482,0.8603976838005147,204.83541030883788,200.0462417602539,200.49786936442058,False,False,True,True,False,False,distribution,3,3,normal,False,False,,False,26.0,분산3일,0.029726685691032654,46.01987982640821,True,False,False,True,False,True,False,,Uptrend Under Pressure,214.0,-0.0678,0.30592997303349767,0.9111039498183728,0.0213206164188533,-0.02058648672985819,0.5651400624509628,0.48907741251325554,,False,,,0,0,0.445,0.887
VST,Vistra Corp.,Utilities,XLU,46106206208.0,2026-09-14,140.72999572753906,-0.05155687359166261,-0.05740125351000691,-0.04995617978361422,-0.030652612544002422,-0.08803580530956978,False,-0.020631504304928217,-0.06382882613234642,0.006610312904538063,0.019454648825630194,0.832820447897573,1.2127879149264162,1.1058136009467685,1.047778345564029,1.2127879149264162,614408408.9780678,0.07383564816263684,142.3755012512207,150.74835052490235,152.10180854797363,False,False,False,False,False,False,distribution,5,2,normal,False,False,surge,False,4.0,,0.03497428220716963,44.293189183283246,True,False,True,False,False,True,False,,Uptrend Under Pressure,151.72,-0.0724,0.39399033455280635,0.8879381683361783,-0.39694062467777425,-0.21780671340805124,0.09777803905785419,0.48881230116649,,False,,,0,0,0.445,0.887
XYZ,"Block, Inc.",Financials,XLF,49277206528.0,2026-09-14,79.48999786376953,0.0035348918385704753,-0.03951189207412309,-0.040902503643707955,-0.021414978314570732,-0.012964438281852786,False,-0.011298371460981338,0.013235218929251502,-0.02189880000514699,-0.01655842858719747,0.9368296911403441,0.8949377132594437,0.831090246205356,0.8914642068588572,0.8949377132594437,319527864.88666993,0.46928553486471386,81.20899963378906,79.73433265686035,74.10999949773152,False,False,True,True,True,False,weak_rally,1,2,normal,False,False,,False,42.0,,0.03478425655892729,46.56441090023289,True,False,False,True,False,True,False,,Uptrend Under Pressure,81.81,-0.0284,0.3118408676162997,0.9738729071360308,-0.06405000513649062,0.17693888417692727,0.6043835511127893,0.4884411452810181,,False,,,0,0,0.445,0.887
SKM,"SK Telecom Co., Ltd.",Communication Services,XLC,14737465344.0,2026-09-14,36.31999969482422,-0.04092947665112079,-0.061498734397814614,-0.056868312702169854,-0.03770519037649045,0.11797110264954269,False,-0.02775699165028911,0.14764628437283545,-0.07424418628140539,0.08784535778698,0.9014643551627936,0.6491587789948109,0.5933638791310055,0.6501014306126409,0.6491587789948109,67754859.41544533,0.2758609349925022,38.50799980163574,34.93083305358887,35.843499739964805,False,True,False,True,False,False,dry_up,2,3,normal,False,False,,False,35.0,분산3일,0.029421010453656995,45.78176715721005,True,False,False,True,False,True,False,,Uptrend Under Pressure,35.67,0.0182,0.5172498296744471,0.9638367007488521,0.4067373552683178,0.10758151121098436,0.8403649831436666,0.48796394485683986,,False,,,0,0,0.445,0.887
OTIS,Otis Worldwide Corporation,Industrials,XLI,27077009408.0,2026-09-14,70.18000030517578,0.015629549275014254,-0.014464243681214461,-0.03373257663350515,-0.014099368373539312,-0.05508064652976141,False,-0.003907132782510092,-0.029998912787600807,0.060545751732410835,0.04476401829769072,0.9414051926007246,1.2547801414046764,1.1056213634643246,0.6008127278555007,1.2547801414046764,245566515.52128792,0.5415994942901922,70.85649948120117,71.84369265238443,73.16066239674886,False,False,False,False,False,False,accumulation,3,5,normal,False,False,,False,59.0,분산5일,0.018079736102403165,46.16875951460376,True,False,True,True,False,True,False,,Uptrend Under Pressure,72.83,-0.0364,0.35125687197606076,0.9111039498183728,-0.30628899205438975,-0.25202458124950733,0.11045070059488951,0.4866383881230117,,False,,,0,0,0.445,0.887
BWA,BorgWarner Inc.,Consumer Discretionary,XLY,13067234304.0,2026-09-14,63.95000076293945,-0.040510138051401134,-0.0531536882428818,-0.0661245165899973,-0.04714946743560777,-0.011915334502553665,False,-0.037298903596417854,0.014312169891025794,-0.021851300118413963,0.047639402744464876,0.917308944732769,1.398280301805829,0.960934729603934,0.9146314580741417,1.398280301805829,118311369.69542655,0.23529555760910142,65.58710384368896,65.55628871917725,63.487110710144044,False,False,False,True,True,False,distribution,0,1,normal,False,False,,False,27.0,,0.02492204801162646,44.741803756335635,True,False,False,True,False,True,False,,Uptrend Under Pressure,66.6,-0.0398,0.30979879027425833,0.9099102163807861,0.29122289954173497,0.13955080449764345,0.8200435483542747,0.4849946977730647,,False,,,0,0,0.445,0.887
AMZN,"Amazon.com, Inc.",Consumer Discretionary,XLY,2801960484864.0,2026-09-14,253.5399932861328,-0.012617826577485336,-0.01922562489552415,-0.034684945067777195,-0.015071087607970934,0.02268583115056555,False,-0.004888897645322521,0.04983178135742272,0.011078760211473027,0.08432608131046249,0.8926836247216676,1.0332455891408632,0.9175484582494481,0.4206639293494816,1.0332455891408632,8347265239.474524,0.536537485291399,258.5049987792969,252.36033248901367,250.46199989318848,False,True,True,True,True,False,distribution,0,3,normal,False,False,,False,29.0,분산3일,0.022580266646481873,45.842452004740984,True,False,True,False,False,True,False,,Uptrend Under Pressure,284.02,-0.1073,0.6155864623964807,0.9099102163807861,-0.03592935709516243,0.08123190521611101,0.5754528373132067,0.48351007423117714,,False,,,0,0,0.445,0.887
EGP,"EastGroup Properties, Inc.",Real Estate,XLRE,10727776256.0,2026-09-14,197.57000732421875,-0.002776033749866791,-0.005286415359889829,-0.027036296170499297,-0.007267028817866117,-0.08489335166465228,False,0.002995839463877825,-0.0606029598815494,0.021476540092847385,-0.03128887992915497,0.8844569925937017,1.1894907719901313,1.0699344065900196,0.9002109102828829,1.1894907719901313,70000866.29361267,0.3906253725293851,200.0385009765625,205.76312942504882,201.1274585723877,False,False,False,True,False,False,distribution,3,2,normal,False,False,,False,46.0,,0.013275584009803826,39.22225219269676,True,False,True,False,False,True,False,,Uptrend Under Pressure,210.43,-0.0611,0.6217553288972127,0.9371875788942187,0.05773075021253127,-0.05939534813147507,0.5589266212491549,0.4832979851537646,,False,,,0,0,0.445,0.887
CCK,"Crown Holdings, Inc.",Materials,XLB,12658635776.0,2026-09-14,112.37000274658203,-0.0023969872561204753,-0.024227169388718273,-0.05587291282176132,-0.036689565356869736,-0.026318446325189426,False,-0.026730867104509004,-0.00047325499829353745,-0.01753938649848885,0.024675956034893254,0.9226537638711494,0.9715608680657262,1.1721657640842285,0.9080829495493296,0.9715608680657262,84454830.31682701,0.2305308241154912,116.2680004119873,115.06793899536133,107.32725989023844,False,False,True,True,True,False,dry_up,2,2,normal,False,False,,False,38.0,,0.01786509994328124,37.6437266741281,True,False,False,True,False,True,False,,Uptrend Under Pressure,117.65,-0.0449,0.489418854751674,0.9407490851691787,0.02675413693003903,-0.03753763721827297,0.5547782222051385,0.4832449628844115,,False,,,0,0,0.445,0.887
IFF,International Flavors & Fragran,Materials,XLB,22027098112.0,2026-09-14,83.43000030517578,-0.0021528561638772814,-0.03381584505552049,-0.00890947965408695,0.011228099363775446,-0.025830292092895335,False,0.021682170184260885,2.7856693739725102e-05,0.03133085987898854,0.02518967625767088,0.9473146428326702,1.1067190169550993,1.1325738259664093,0.46918453851248315,1.1067190169550993,121939587.43589744,0.2905400877378381,85.08000030517579,81.23333320617675,77.3273914972941,False,True,True,True,True,False,distribution,0,7,normal,False,False,,False,27.0,분산7일,0.01981986733206563,46.5863857376852,True,True,True,True,False,True,False,,Uptrend Under Pressure,88.07,-0.0527,0.5740082576182158,0.9407490851691787,0.08496036065762991,0.03418697697354833,0.6517282546516019,0.4815482502651114,,False,,,0,0,0.445,0.887
STLD,"Steel Dynamics, Inc.",Materials,XLB,33340981248.0,2026-09-14,234.52999877929688,-0.021935838250595308,-0.03110798502538259,-0.08304337935787809,-0.06441209793094238,0.04164172719427661,False,-0.05473999507583682,0.06929083858167928,-0.04581303057110708,0.09619539225152463,0.8731570865598248,0.8703319589187192,0.7476759516631537,0.8194055049235682,0.8703319589187192,280030005.2315521,0.0612926534910715,237.4129981994629,242.06258900960287,234.2178057352702,False,False,False,True,False,False,dry_up,1,1,normal,False,False,,False,100.0,,0.03046214619264161,43.64206558940453,True,False,False,False,False,True,False,,Uptrend Under Pressure,219.71,0.0674,0.27469595253406043,0.9407490851691787,0.6452522303759134,0.30028412204601707,0.9268242939219973,0.4800636267232238,,False,,,0,0,0.445,0.887
ERIE,Erie Indemnity Company,Financials,XLF,13363198976.0,2026-09-14,253.8800048828125,0.03611805145331193,0.004272159090257466,-0.008242511680433218,0.011908619197724457,-0.03594976022234597,False,0.022369725228706283,-0.010360220396150699,0.011408322005350247,-0.03946005645685524,0.9450565479422675,0.5176484762888082,0.6054147764258593,0.6518423307626392,0.5176484762888082,76483394.40116882,0.8701304216125626,255.53350219726562,244.164417775472,236.6938846588135,False,True,True,True,True,False,weak_rally,0,1,normal,False,False,,False,41.0,,0.03215240912608068,52.40687269606453,True,True,True,True,False,True,False,,Uptrend Under Pressure,225.94,0.1237,0.48299322811397,0.9738729071360308,-0.3535642524863105,-0.11237395008632156,0.19412752929791283,0.47985153764581123,,False,,,0,0,0.445,0.887
REG,Regency Centers Corporation,Real Estate,XLRE,13978903552.0,2026-09-14,74.52999877929688,-0.0012061640843249455,0.00032870531271744774,-0.01857976112281079,0.0013613312440303726,-0.08977592383966848,False,0.011713399467121688,-0.06561513399012842,0.030354725504788238,-0.036457459972902284,0.9105556378916129,1.0517046975071673,1.2412805465375931,0.8364732384221896,1.0517046975071673,87396950.62127534,0.15635080394642015,75.10742721557617,77.66715952555339,77.12394269307454,False,False,False,False,False,False,distribution,4,4,normal,False,False,,False,54.0,분산4일,0.013111125108631761,39.992486003169326,True,True,True,True,False,True,False,,Uptrend Under Pressure,80.99,-0.0798,0.46389622218204596,0.9371875788942187,-0.08299750130893113,-0.14197199081116596,0.36759717546188164,0.47985153764581123,,False,,,0,0,0.445,0.887
HSAI,Hesai Group,Consumer Discretionary,XLY,20265060352.0,2026-09-14,17.059999465942383,-0.014442519220862926,-0.09687665340576346,-0.06315209644962905,-0.04411665185786795,-0.028562253705646246,False,-0.0342347347870432,-0.0027766215136953987,-0.018737963332671748,0.02998912529310571,0.883937831105359,0.5687964408405214,0.5696845776435583,0.9348654040260805,0.5687964408405214,29789686.55941715,0.10810573958945491,17.730499935150146,16.994666608174644,18.951458263397218,False,True,False,False,False,False,dry_up,2,1,normal,False,False,,False,148.0,,0.04855132778030052,45.96714700995898,False,False,False,False,False,True,False,,Uptrend Under Pressure,27.62,-0.3823,0.26542898377091095,0.9099102163807861,-0.4237476095790875,-0.32043422225725815,0.05002068885989685,0.47958642629904563,,False,,,0,0,0.445,0.887
ARES,Ares Management Corporation,Financials,XLF,47224139776.0,2026-09-14,131.52000427246094,-0.0009115399403210045,-0.061576810559104245,-0.08679349832785843,-0.0682384140953608,0.10125818396398412,False,-0.05860586767681919,0.1304897416097448,-0.06869908583641182,0.09724828666103558,0.8800268113622591,0.9175590787858591,1.0608448131976889,0.7590156836393472,0.9175590787858591,259359012.41196823,0.5346732605455058,139.2344985961914,130.35016657511395,124.1969440460205,False,True,True,True,True,False,dry_up,1,2,normal,False,False,,False,6.0,,0.03211075516368467,40.69082525260286,True,False,False,False,False,True,False,,Uptrend Under Pressure,141.52,-0.0707,0.5225455373766442,0.9738729071360308,-0.29848414228919395,0.27343980250955857,0.4417745389097536,0.47757158006362677,,False,,,0,0,0.445,0.887
ORI,Old Republic International Corp,Financials,XLF,10074995712.0,2026-09-14,41.33000183105469,0.00903327038213475,-0.0024136730240043036,-0.028282243407745766,-0.008538291967662537,-0.026580932247736166,False,0.0017114340022650332,-0.0007427082900621773,-0.009028480013761553,-0.030125342224666896,0.933799140668552,1.1336571072712764,1.03892302471782,0.7860885784785245,1.1336571072712764,44327619.05458145,0.3584942779683789,41.54455013275147,41.597321319580075,40.28731158574422,False,False,True,True,False,False,accumulation,3,3,normal,False,False,,False,50.0,분산3일,0.017009380192052243,46.94000001991696,False,False,False,True,False,True,False,,Uptrend Under Pressure,41.56,-0.0055,0.4832596591744774,0.9738729071360308,-0.04620830815584975,-0.08920390227697361,0.442004716607841,0.47645811240721103,,False,,,0,0,0.445,0.887
JD,"JD.com, Inc.",Consumer Discretionary,XLY,38138118144.0,2026-09-14,27.260000228881836,0.007391011340971199,-0.03538570388891915,-0.06194078699726413,-0.04288073028449968,0.0023736503299678358,False,-0.032986036262891094,0.028980438428234834,-0.017469228060107866,0.06278962626122309,0.8144606882183187,0.7680644890202503,0.9940840634230064,0.7484870853855693,0.7680644890202503,177285811.7044615,0.5392146963016152,28.30000009536743,29.01600020726522,29.35665973027547,False,False,False,True,False,False,weak_rally,0,1,normal,False,False,,False,32.0,,0.018721848128650815,34.90504064810963,True,False,False,False,False,True,False,,Uptrend Under Pressure,32.2,-0.1534,0.521289910906175,0.9099102163807861,-0.262425635575502,-0.09255280179388026,0.25460502366217697,0.47476139978791093,,False,,,0,0,0.445,0.887
DEO,Diageo plc,Consumer Staples,XLP,51059412992.0,2026-09-14,88.37999725341797,0.020200854848012373,-0.009081793539813088,-0.07397322933140793,-0.05515765508851633,0.05294426911359307,False,-0.04538987985154186,0.08089339271472484,-0.055654548391424585,0.08296897154633043,0.9101019122431865,1.0178804001075672,1.2357987650870819,0.7733652506475412,1.0178804001075672,86048785.02117157,0.1021239018498919,91.06099929809571,87.48233324686686,83.57607409159343,False,True,True,True,True,False,accumulation,2,2,normal,False,False,,False,24.0,,0.019303814089410228,45.52671900532745,True,False,False,True,False,True,False,,Uptrend Under Pressure,97.11,-0.0899,0.4079636644890214,0.9497192280606287,-0.20583678940646066,0.05049278051958628,0.40730395892074245,0.4744962884411453,,False,,,0,0,0.445,0.887
NWG,NatWest Group plc,Financials,XLF,72280039424.0,2026-09-14,18.469999313354492,-0.0222339909933561,-0.024815269664748785,-0.032984348457209656,-0.013335937242807239,0.021990387147736934,False,-0.003135809304727566,0.049117877640283636,-0.013823753287704021,0.018269119458890426,0.9670156515427903,1.7907667466342514,1.0273210054338935,0.5671856118997521,1.7907667466342514,49059541.18043442,0.6226405588164378,18.616499996185304,18.09143918355306,16.791764171918235,False,True,True,True,True,False,distribution,3,1,interest,False,False,,False,29.0,,0.016629280674910818,49.1079171398832,False,False,False,True,True,True,False,,Uptrend Under Pressure,19.1,-0.0328,0.4497228453472233,0.9738729071360308,0.167581512720391,0.13994031373749327,0.7660967243769036,0.47417815482502657,,False,,,0,0,0.445,0.887
GWRE,"Guidewire Software, Inc.",Information Technology,XLK,17046740992.0,2026-09-14,153.0,0.08572240979291168,-0.057997772904460065,-0.12865195517414518,-0.11094737648579656,0.11372475622530698,False,-0.10175635509783931,0.14328722385294856,-0.10155829006059525,0.11501705551477537,0.7432596330507808,1.06139600530749,1.2460298790858424,0.8528483371141656,1.06139600530749,276437306.09730834,0.8794907837156876,178.49949951171874,155.09966672261555,146.307333056132,False,False,True,True,True,False,accumulation,3,6,normal,False,False,,False,6.0,분산6일,0.07568160626066833,41.79443236827293,True,False,False,False,False,True,False,,Uptrend Under Pressure,202.86,-0.2458,0.19681725418085708,0.9308295144731314,-0.3969057880187493,-0.03679743292242865,0.24560751763075248,0.47386002120890774,,False,,,0,0,0.445,0.887
DOC,"Healthpeak Properties, Inc.",Real Estate,XLRE,14760282112.0,2026-09-14,20.3700008392334,0.003448354916440355,-0.013559263170427327,-0.015371266838771769,0.0046350176632448115,-0.08047088287000181,False,0.015020929239474512,-0.056063102037364754,0.03372319816956315,-0.02660735487703425,0.8970391379552046,0.7796832533402401,0.8701038122089214,0.7149017100515642,0.7796832533402401,86987533.7770299,0.7142883093173964,20.885999965667725,21.2509739557902,19.538189800580344,False,False,True,True,False,False,weak_rally,1,1,normal,False,False,,False,88.0,,0.0183392787434812,38.34029505851405,True,True,True,False,False,True,False,,Uptrend Under Pressure,19.28,0.0567,0.4213216741354835,0.9371875788942187,0.02042797586625089,0.06592451168147173,0.6207006175002883,0.47014846235418883,,False,,,0,0,0.445,0.887
IEX,IDEX Corporation,Industrials,XLI,16855316480.0,2026-09-14,222.13999938964844,-0.009232448428853846,-0.00715118469756415,-0.07031055026408806,-0.051420555483797314,-0.02532792956798624,False,-0.04161414613058789,0.0005435538202163137,0.02039887975597532,0.07766054858262916,0.9235822195396619,0.9020449894329791,0.9251465359853943,0.6804519626493979,0.9020449894329791,123374637.49461822,0.7071825998988366,229.08850173950196,227.84532877604167,217.07275377909343,False,False,True,True,True,False,dry_up,1,3,normal,False,False,,False,31.0,분산3일,0.02121571054534937,40.09433867832328,True,False,True,True,False,True,False,,Uptrend Under Pressure,233.77,-0.0497,0.34032547739638574,0.9111039498183728,0.23363405591137765,0.08357208478024591,0.7649937707312551,0.4699893955461294,,False,,,0,0,0.445,0.887
SOFI,"SoFi Technologies, Inc.",Financials,XLF,23093276672.0,2026-09-14,17.649999618530273,0.019053113713660697,-0.03128428739327305,-0.03499186795850506,-0.015384246744367336,-0.05282173607575402,False,-0.005205294219238654,-0.027680042305950003,-0.0158710500856728,-0.056270598133014826,0.920229371100029,0.8158731990093917,0.7959430999673653,0.9783862566981385,0.8158731990093917,723297662.0754738,0.8666661580403646,18.077999782562255,17.808166599273683,17.278291614850364,False,False,True,True,True,False,weak_rally,1,0,normal,False,False,,False,53.0,,0.04245244839271023,48.060935400156744,True,False,False,True,False,True,False,,Uptrend Under Pressure,18.19,-0.0297,0.37295074820831303,0.9738729071360308,-0.40638610762224125,-0.12114726803686116,0.1726285253025887,0.46977730646871696,,False,,,0,0,0.445,0.887
DLR,"Digital Realty Trust, Inc.",Real Estate,XLRE,70090604544.0,2026-09-14,179.13999938964844,-0.050058343142150186,-0.04910027087408264,-0.10497124730217133,-0.08678550961151044,0.011826033881868314,False,-0.0773447029697436,0.038683723992679386,-0.060344317068578235,0.07109606555864056,0.8950287526978287,1.0489667160662253,0.8203798907627956,1.0305247331457061,1.0489667160662253,367421937.9867752,0.044074097757707126,189.13850021362305,187.2240000406901,188.04132041931152,False,False,True,True,False,False,distribution,2,2,normal,False,False,,False,35.0,,0.029077418818570507,37.99022714529858,True,False,False,False,False,True,False,,Uptrend Under Pressure,199.08,-0.1002,0.4383129322113392,0.9371875788942187,-0.026875912656427303,-0.06215258986816574,0.4843223663533567,0.46834570519618246,,False,,,0,0,0.445,0.887
ENSG,"The Ensign Group, Inc.",Health Care,XLV,10039731200.0,2026-09-14,174.92999267578125,0.005460380340104987,0.024240292478450387,-0.0369942276162839,-0.017427291561576963,0.01788449166496009,False,-0.007269460023119789,0.04490299616108917,-0.03917572922988999,0.015030092549688456,0.9510165834183072,0.9512054839832439,1.2619579518497581,0.6628342776203966,0.9512054839832439,53258173.25375366,0.4621076774983263,175.8209976196289,173.00049311319987,177.02788569132488,False,True,True,False,False,False,weak_rally,3,2,normal,False,False,,False,145.0,,0.02117251619960572,49.87145432720447,True,False,False,True,False,True,False,,Uptrend Under Pressure,213.18,-0.1794,0.4627421407735483,0.9548611509199223,-0.098535081646555,-0.264946628407962,0.2693422751414869,0.4672322375397667,,False,,,0,0,0.445,0.887
DPZ,Domino's Pizza Inc,Consumer Discretionary,XLY,11315938304.0,2026-09-14,323.7699890136719,0.039056427059610765,-0.05075055189415589,-0.0649781982668779,-0.04597985752071376,0.01687453221393742,False,-0.03611720226032,0.0438662285661251,-0.0206506370778603,0.07816451848115413,0.8806952226787864,0.7828937255474547,0.770271454792676,0.6747850718134694,0.7828937255474547,276401015.53583527,0.7888308831502796,336.835498046875,329.29649912516277,331.92802174886066,False,False,True,False,False,False,weak_rally,0,1,normal,False,False,,False,39.0,,0.035095444944402865,43.1895175748094,True,False,False,False,False,True,False,,Uptrend Under Pressure,328.97,-0.0158,0.3286189164119313,0.9099102163807861,-0.3450916453652133,-0.2555374700168541,0.09361765630264071,0.46707317073170734,,False,,,0,0,0.445,0.887
PYPL,"PayPal Holdings, Inc.",Financials,XLF,45052846080.0,2026-09-14,54.029998779296875,0.0057706171174523035,-0.016921403214479436,-0.12157872762368971,-0.10373043080285538,0.1659857018249491,False,-0.09446480066804386,0.196935372622713,-0.10417355495514824,0.16174011891886342,0.8693973500384959,0.7284203198900859,0.7922426859095533,0.6749041986599355,0.7284203198900859,709603737.2296181,0.45714275334149557,57.13930435180664,53.69718017578125,49.59945831298828,False,True,True,True,True,False,weak_rally,2,2,normal,False,False,,False,41.0,,0.039935225989434775,43.97454469787979,True,False,False,False,False,True,False,,Uptrend Under Pressure,56.59,-0.0452,0.3527620217482697,0.9738729071360308,-0.24035970584470367,0.146614946333681,0.4389952223430643,0.4664899257688229,,False,,,0,0,0.445,0.887
FCNCA,"First Citizens BancShares, Inc.",Financials,XLF,24442828800.0,2026-09-14,2173.8798828125,0.0004049161585366612,-0.01567138976174487,-0.05125852291373478,-0.031981417472669804,0.02155137343663438,False,-0.021974046412022274,0.048667210844745235,-0.03246001501578455,0.01783170428291947,0.9487414770862652,0.8312117320986157,1.098094064019068,0.7016496945010183,0.8312117320986157,127130873.22836915,0.42875803976240967,2175.7128784179686,2154.983457438151,2066.7903442382812,False,True,True,True,True,False,weak_rally,3,4,normal,False,False,,False,36.0,분산4일,0.021658102412596053,49.70664839468328,True,False,False,True,False,True,False,,Uptrend Under Pressure,2212.77,-0.0176,0.4521687849602376,0.9738729071360308,-0.03149880372213609,0.08756730964214632,0.5873637418120727,0.465694591728526,,False,,,0,0,0.445,0.887
FE,FirstEnergy Corp.,Utilities,XLU,26536427520.0,2026-09-14,45.83000183105469,-0.006503343379887894,-0.02009832408613854,-0.033326260734921065,-0.01368479670179834,-0.06645406807594634,False,-0.0034882752709874953,-0.04167422796090958,0.024230392800820733,0.043580159981272626,0.9271704102766456,0.9821218539687999,1.1535521422923471,0.6437941262564552,0.9821218539687999,190292026.80164337,0.39899122232411893,46.50550003051758,47.31377569834391,47.15408760706584,False,False,True,False,False,False,dry_up,3,4,normal,False,False,,False,33.0,분산4일,0.015351762851192685,39.44673969916057,True,False,True,True,False,True,False,,Uptrend Under Pressure,49.16,-0.0678,0.3893878810262337,0.8879381683361783,-0.06541206487419071,-0.2088466977777539,0.3297180210144551,0.4639978791092259,,False,,,0,0,0.445,0.887
NVDA,NVIDIA Corporation,Information Technology,XLK,5331174293504.0,2026-09-14,210.9600067138672,-0.03357912317427003,-0.08319125220101142,-0.06201785897344658,-0.04295936825589508,0.06106459240495932,False,-0.033065487193224996,0.08922926010088239,-0.03285227564268578,0.06229578800439306,0.9168087477989886,1.0084755800531862,0.8154654494612197,0.5944195299277737,1.0084755800531862,28661245434.84499,0.5286478925848073,219.243408203125,210.43410924275716,206.4894795735677,False,True,True,True,True,False,distribution,3,1,normal,False,False,,False,11.0,,0.03669295016268049,44.066453920195485,True,False,False,True,True,True,False,,Uptrend Under Pressure,227.73,-0.0736,0.32092458223104076,0.9308295144731314,0.06465269215965086,0.05980388768182343,0.6544006222485512,0.46330858960763527,,False,,,0,0,0.445,0.887
STLA,Stellantis N.V.,Consumer Discretionary,XLY,20682606592.0,2026-09-14,5.260000228881836,-0.025925900743168362,-0.053956783630420335,-0.018656698160751994,0.0012828309526335957,-0.11382093448585429,False,0.011634087640121749,-0.0902983901676816,0.027866875064044505,-0.060408344205512665,0.8752079914413684,0.9526828473075588,0.9284814530362984,0.8705138457924995,0.9526828473075588,111294177.10479307,0.6250031044022908,5.319000005722046,5.583666698137919,6.561416669686635,False,False,False,False,False,False,dry_up,1,2,normal,False,False,,False,32.0,,0.031233020285392595,44.81627880809364,True,True,True,False,False,True,False,,Uptrend Under Pressure,6.01,-0.1248,0.284317853067752,0.9099102163807861,-0.5308132498503348,-0.3003277467619293,0.03336920909767177,0.4625132555673383,,False,,,0,0,0.445,0.887
CMCSA,Comcast Corporation,Communication Services,XLC,94464712704.0,2026-09-14,24.8799991607666,-0.012698475892249372,-0.06077767551009694,-0.04965626926108824,-0.030346608257363128,0.023688333877176282,False,-0.020322336547568765,0.05086089429830465,-0.06716501458746993,-0.0038967919745365176,0.9147058258419647,1.5978902680382174,1.3191620177790526,0.798688119734021,1.5978902680382174,595504677.7996745,0.10236000516635979,26.273000049591065,24.646094195048015,25.36095364888509,False,True,True,False,False,False,distribution,1,5,interest,False,False,,False,98.0,분산5일,0.028321664019366116,42.36806602168613,True,False,False,True,False,True,False,,Uptrend Under Pressure,31.21,-0.2029,0.3389357423572692,0.9638367007488521,-0.2668104976355834,-0.24617549650995707,0.1368786276163494,0.46208907741251326,,False,,,0,0,0.445,0.887
CCEP,Coca-Cola Europacific Partners ,Consumer Staples,XLP,47677714432.0,2026-09-14,104.66999816894531,0.018487901021130293,-0.010306391313051555,-0.02759198474121083,-0.007834008206391352,-0.03897182095429208,False,0.002422998645389418,-0.013462498050687,-0.008355789050942586,-0.011568105532949291,0.936979670815288,0.7460575170330366,0.9917180189029555,0.7058125036758219,0.7460575170330366,154948598.2549591,0.36904632152588557,106.94899940490723,105.90666631062825,99.87877712249755,False,False,True,True,True,False,weak_rally,1,2,normal,False,False,,False,68.0,,0.01884153511221965,44.765252256053714,True,False,False,True,False,True,False,,Uptrend Under Pressure,94.74,0.1048,0.30260399871862276,0.9497192280606287,0.02452685174168101,-0.08423759109440188,0.5119226621023047,0.4619300106044538,,False,,,0,0,0.445,0.887
ADSK,"Autodesk, Inc.",Information Technology,XLK,54587379712.0,2026-09-14,228.92999267578125,0.0778248552462435,0.0506195460681691,-0.09032031572584143,-0.07183689151084516,0.08003620809289136,False,-0.06224154613306898,0.10870445422817587,-0.06203476797867258,0.08128941721526828,0.8460714170914462,1.271440668402646,1.0903690406148527,0.7484913357789815,1.271440668402646,525048621.45960695,0.8691383292262,240.56749877929687,225.96916605631512,229.9928332010905,False,True,True,False,False,False,accumulation,2,4,normal,False,False,,False,11.0,분산4일,0.04898459364149783,46.85802673243768,True,False,False,False,False,True,False,,Uptrend Under Pressure,270.58,-0.1539,0.25054744370152704,0.9308295144731314,-0.3353480429085235,-0.13020216330789303,0.18737459498447773,0.4603923647932132,,False,,,0,0,0.445,0.887
IBKR,"Interactive Brokers Group, Inc.",Financials,XLF,165764218880.0,2026-09-14,90.75,-0.006785626879115103,-0.020190052808555348,-0.014229823955404397,0.005799653076241196,-0.0273759172448772,False,0.016197604647300246,-0.0015587951960106539,0.005302376214498361,-0.03091743252532142,0.9250652437538686,1.0192864206005683,0.7781048040843789,0.5785281670608594,1.0192864206005683,349288513.2970886,0.9002706282029136,92.72607154846192,92.08069038391113,86.16512537002563,False,False,True,True,True,False,distribution,1,3,normal,False,False,,False,51.0,분산3일,0.0340944110055274,47.513783014466455,True,True,True,True,False,True,False,,Uptrend Under Pressure,93.25,-0.0268,0.29738383901965976,0.9738729071360308,0.21084100162363217,0.17090640874470964,0.8046103371945001,0.45949098621421003,,False,,,0,0,0.445,0.887
LPLA,LPL Financial Holdings Inc.,Financials,XLF,29145278464.0,2026-09-14,345.6600036621094,-0.022952103412304803,-0.038042978379170256,-0.06747243871805919,-0.04852477746397388,0.14715389768865372,False,-0.038688431572688864,0.1776037011744649,-0.048995195813435144,0.14297688507944772,0.9183837089800477,1.0344657748607549,0.8420445302539479,0.41744645689748455,1.0344657748607549,204011986.75515136,0.41972845606095205,358.94600372314454,336.5679219563802,319.26816584269204,False,True,True,True,True,False,distribution,1,4,normal,False,False,,False,30.0,분산4일,0.03131278014916838,43.2073672210733,True,False,False,True,False,True,False,,Uptrend Under Pressure,353.42,-0.0219,0.3439469920484268,0.9738729071360308,-0.095781702618698,0.09985386827322795,0.5425265733143101,0.45853658536585373,,False,,,0,0,0.445,0.887
EAT,"Brinker International, Inc.",Consumer Discretionary,XLY,9799860224.0,2026-09-14,214.16000366210938,0.00785918455350143,-0.06975934963703545,-0.09694282448267777,-0.07859396042202627,0.17960969620608314,False,-0.06906846958743462,0.21092099934666786,-0.05413064392097677,0.25070820422332973,0.8433488288696238,1.5288758218880685,1.3556239510512762,0.4694890182674538,1.5288758218880685,206254552.04392242,0.3937159780002821,231.43400115966796,206.75833435058593,175.66875076293945,False,True,True,True,True,False,accumulation,1,4,interest,True,False,surge,False,22.0,분산4일,0.038555933845060675,42.17214981971201,True,False,False,False,False,True,False,,Uptrend Under Pressure,245.89,-0.129,0.43857502516229374,0.9099102163807861,0.255195878463492,0.40313531091023513,0.866002437441636,0.4585365853658537,,False,,,0,0,0.445,0.887
EMR,Emerson Electric Company,Industrials,XLI,85031034880.0,2026-09-14,148.3000030517578,-0.02556015064883188,-0.02957730700059069,-0.09113191937277088,-0.07266498581350767,0.04749595119011607,False,-0.06307820127031605,0.07530045582562161,-0.002454022059271588,0.15817934630800923,0.9052373989861404,0.9882893832357399,1.0025497233178289,0.5205395573455889,0.9882893832357399,320437844.0377083,0.60831039229181,153.82750091552734,148.90397160847982,143.4959395090739,False,False,True,True,True,False,dry_up,1,2,normal,False,False,,False,22.0,,0.026143915645076725,43.34997675267801,True,False,False,True,False,True,False,,Uptrend Under Pressure,163.25,-0.0916,0.38166851534725654,0.9111039498183728,0.011050482167524578,0.05589842869668793,0.6047362792159487,0.45805938494167553,,False,,,0,0,0.445,0.887
GWW,"W.W. Grainger, Inc.",Industrials,XLI,61678215168.0,2026-09-14,1277.510009765625,-0.0019453048706055132,-0.03547024199136206,-0.03412115494994172,-0.014495842060167963,-0.06705956174165983,False,-0.004307705212044599,-0.04229579371875469,0.060119259984115825,0.031519354035425495,0.9129653519606136,1.094655893433726,1.1869519851090573,0.54567761525936,1.094655893433726,285114370.45585936,0.30628662420382163,1303.7779968261718,1333.682147216797,1265.0559366861978,False,False,False,True,False,False,distribution,2,5,normal,False,False,,False,56.0,분산5일,0.021109985766105642,41.8665288980996,True,False,True,True,False,True,False,,Uptrend Under Pressure,1339.95,-0.0466,0.3819543114201149,0.9111039498183728,0.0978719084918076,0.04617943125786028,0.6712879324028245,0.45774125132555676,,False,,,0,0,0.445,0.887
EPD,Enterprise Products Partners L.,Energy,XLE,83830906880.0,2026-09-14,38.70000076293945,-0.005141407585971369,-0.0061632735550462,-0.005141407585971369,0.015072733408278527,0.046147210375373726,False,0.02556655003547692,0.07391591432812405,-0.04553391492842296,-0.11855712169762078,0.9832317114538222,1.6673175004610128,1.002404961146,0.613784969668375,1.6673175004610128,94715910.95960847,0.13513792161330399,38.814999961853026,37.80682182312012,37.501643339792885,False,True,True,True,True,False,distribution,0,2,interest,False,False,,False,33.0,,0.013473604823084018,50.696219591949266,True,True,False,True,False,True,False,,Uptrend Under Pressure,38.06,0.0167,0.432980444951309,0.9880569773625073,0.06009783000059166,-0.10382937674549209,0.5237334008641839,0.4574761399787911,,False,,,0,0,0.445,0.887
WES,"Western Midstream Partners, LP",Energy,XLE,19873697792.0,2026-09-14,47.880001068115234,-0.02345498143612501,-0.03350827244114596,-0.02125914022397235,-0.0013724891087227853,0.09462798550761686,False,0.008951316893810901,0.12368355260801578,-0.060997247394491416,-0.07770910953347998,0.9614458193100438,1.2865991509217456,1.1167426257874853,0.5853360952968395,1.2865991509217456,34800521.790408134,0.02546823902487365,48.705999755859374,46.27898877461751,44.00242484410604,False,True,True,True,True,False,distribution,1,3,normal,False,False,,False,82.0,분산3일,0.021427373502571158,47.8148798238826,False,False,False,True,False,True,False,,Uptrend Under Pressure,45.13,0.061,0.2954372414540543,0.9880569773625073,0.1485629040258476,0.04421917094566452,0.7000793638232108,0.45726405090137867,,False,,,0,0,0.445,0.887
RIVN,"Rivian Automotive, Inc.",Consumer Discretionary,XLY,23252639744.0,2026-09-14,15.859999656677246,-0.010605179206878534,0.007623881023129053,0.03255208406092902,0.05353210430729183,-0.16669844998701644,False,0.0644235137103859,-0.1445794749362912,0.08150336584090478,-0.11647294139300124,0.7874875937101057,0.780149703915801,0.837370528650593,0.66682393966664,0.780149703915801,340745201.3266852,0.235293787656094,15.993499755859375,16.35783322652181,15.949166623751323,False,False,False,True,False,False,dry_up,0,1,normal,False,False,,False,15.0,,0.03965951197592741,47.73833971939244,True,True,True,False,False,True,False,,Uptrend Under Pressure,16.97,-0.0654,0.5500030908125398,0.9099102163807861,-0.05312327149962581,-0.09838442962236271,0.430740254190342,0.4548780487804879,,False,,,0,0,0.445,0.887
AEP,American Electric Power Company,Utilities,XLU,66650570752.0,2026-09-14,122.2300033569336,-0.008919147472550404,-0.018232904763585633,-0.026831171641151452,-0.007057736443772167,-0.12963280108402042,False,0.003207295501444607,-0.10652996351280497,0.031112205540293036,-0.02704525869961949,0.8955180639868048,0.9653954228191164,1.0065503546327237,0.857355576549389,0.9653954228191164,402536806.8322918,0.23619715016387113,123.81049957275391,128.52859636942546,129.0860387802124,False,False,False,False,False,False,dry_up,2,2,normal,False,False,,False,53.0,,0.015068492943030946,39.24099225673117,True,False,True,False,False,True,False,,Uptrend Under Pressure,136.93,-0.1073,0.37438204387195967,0.8879381683361783,-0.0059909794080657,-0.19339749212096213,0.394491562788994,0.4534464475079534,,False,,,0,0,0.445,0.887
HDB,HDFC Bank Limited,Financials,XLF,116609900544.0,2026-09-14,22.889999389648438,-0.019280238217545986,-0.012510824491343553,-0.020539214049968613,-0.0006379350375508297,-0.13055281394688278,False,0.009693464781142191,-0.1074743969969415,-0.0011320290948408918,-0.133718641885488,0.8354014492090803,0.7819201565314687,1.055370757412825,1.163833543166741,0.7819201565314687,259487430.100391,0.0,23.0125,24.190833314259848,24.590916713078816,False,False,False,False,False,False,dry_up,4,1,normal,False,False,surge,False,1.0,,0.02655557182939677,47.19901353421632,True,False,False,False,True,True,False,,Uptrend Under Pressure,23.34,-0.0193,0.34873680555692715,0.9738729071360308,-0.45422351683328865,-0.3069974260318168,0.04425697598961713,0.45116648992576885,,False,,,0,0,0.445,0.887
CQP,"Cheniere Energy Partners, LP",Energy,XLE,34024415232.0,2026-09-14,65.5999984741211,-0.03159137078734697,-0.04554058969788688,-0.04996385843822049,-0.030660447218175624,0.05998125565488177,False,-0.02063941997392227,0.08811716749580101,-0.08853651802646711,-0.10690109416268156,0.9210895443659676,1.0449620331555995,1.2550335098160186,0.8411759878721392,1.0449620331555995,7320190.351713181,0.0,68.6020004272461,64.86837247212728,63.65994478861491,False,True,True,True,True,False,distribution,3,4,normal,False,False,,False,,분산4일,0.030792674006647244,42.79909511875876,False,False,False,True,False,True,False,,Uptrend Under Pressure,,,0.3922764707332876,0.9880569773625073,0.11716846494482702,-0.08809709282365896,0.5801642446757276,0.4506892895015907,,False,,,0,0,0.445,0.887
ARMK,Aramark,Consumer Discretionary,XLY,14844726272.0,2026-09-14,58.529998779296875,-0.0003415962087837121,0.03082071218074911,-0.06000444533645244,-0.040905044858007944,0.01981493712973381,False,-0.030989926210758245,0.04688468295029291,-0.015441088215239485,0.08128215015521834,0.9399955546635476,1.407496664501836,1.1268913854196838,0.5461530032611656,1.407496664501836,130845937.18719788,0.8906656901041666,58.397871017456055,57.29860178629557,52.43282388051351,True,True,True,True,True,False,distribution,2,3,normal,False,False,,False,23.0,분산3일,0.01949550001463646,53.8545844346748,True,False,False,True,False,True,False,,Uptrend Under Pressure,60.35,-0.0302,0.4091613720709797,0.9099102163807861,0.32590258253519955,0.29687570791622964,0.8805601593607482,0.4503181336161188,,False,,,0,0,0.445,0.887
MPLX,MPLX LP,Energy,XLE,59989991424.0,2026-09-14,58.88999938964844,-0.015875681158372568,-0.013071875368396046,-0.009919303246950006,0.010197757561951626,0.026768201362145083,False,0.020641176714260245,0.05402251311573947,-0.05011782202958093,-0.13488511962550198,0.9777519481525446,1.5262524954849988,1.073107843770969,0.6835919359104922,1.5262524954849988,66223467.47029114,0.23076941887050825,59.18599987030029,57.620222663879396,55.99764356613159,False,True,True,True,True,False,distribution,2,4,interest,False,False,,False,28.0,분산4일,0.01495525043488271,49.434954297013604,True,True,False,True,False,True,False,,Uptrend Under Pressure,59.43,-0.0091,0.5250627842537815,0.9880569773625073,0.04571649177179382,-0.11639413736978932,0.502894405415733,0.4498939554612938,,False,,,0,0,0.445,0.887
KKR,KKR & Co. Inc.,Financials,XLF,101336350720.0,2026-09-14,102.2699966430664,0.011772801646765751,-0.05068232195052447,-0.10297346963590037,-0.08474713988549443,0.06880042699387912,False,-0.07528526058812446,0.0971704330001244,-0.0851996495563685,0.06490871475782001,0.8869904070788075,0.8985445950759904,0.9899747669211318,0.8155366332484366,0.8985445950759904,389152569.54711264,0.9742252634890671,106.87350082397461,101.81147092183431,99.18310483296712,False,True,True,True,True,False,weak_rally,0,2,normal,False,False,,False,21.0,,0.02966936593003595,43.33330099004106,True,False,False,False,False,True,False,,Uptrend Under Pressure,115.3,-0.113,0.39725396873896246,0.9738729071360308,-0.3303441731071889,0.14075949796112752,0.38336525221189915,0.44952279957582186,,False,,,0,0,0.445,0.887
WMT,Walmart Inc.,Consumer Staples,XLP,834563735552.0,2026-09-14,109.08000183105469,0.018012135116112438,0.018107172414205674,-0.05143450841378572,-0.03216097875297552,-0.04303004987238368,False,-0.02215546399590762,-0.0176284477142733,-0.03266996602534,-0.01574205483553215,0.9425147964510272,0.8150216884820182,0.6758604524853716,0.8992390719443999,0.8150216884820182,3002611958.6229477,0.6224792225495801,106.92554092407227,110.91098429361979,117.76429608662923,True,False,False,False,False,False,weak_rally,1,0,normal,False,False,,False,163.0,,0.017199035648384316,52.77258993353464,True,False,False,True,False,True,False,,Uptrend Under Pressure,117.96,-0.0753,0.2603825697688585,0.9497192280606287,-0.051722023329902056,-0.22231911510373703,0.33340154250712806,0.44883351007423117,,False,,,0,0,0.445,0.887
NDAQ,"Nasdaq, Inc.",Financials,XLF,55120756736.0,2026-09-14,91.56999969482422,0.004167093357214657,-0.051614748150049294,-0.052983250432389495,-0.03374118905236445,0.06231299879784058,False,-0.023752010501135512,0.09051080392145305,-0.03421891654776554,0.05844490856178575,0.9236911743711715,0.8915351148844282,1.0257758437960307,0.48823906200271194,0.8915351148844282,267591864.99394035,0.4452068037519923,96.33771286010742,91.51874211629232,89.62384401957193,False,True,True,True,True,False,weak_rally,0,5,normal,False,False,,False,41.0,분산5일,0.022555109252279344,37.765007665325136,True,False,False,True,False,True,False,,Uptrend Under Pressure,93.93,-0.0252,0.38279768144194004,0.9738729071360308,-0.13818501166403085,-0.027143950044288156,0.41377674572147594,0.4486744432661718,,False,,,0,0,0.445,0.887
BEN,"Franklin Templeton, Inc.",Financials,XLF,17350825984.0,2026-09-14,33.470001220703125,-0.005349191590299007,-0.03627982545755226,-0.011517997123993151,0.008566580451930816,-0.03952547054237321,False,0.018993136503778096,-0.014030843592982456,0.008067935595122755,-0.043022746913441656,0.9357003296721695,0.8778418035978545,0.9051818542443534,0.564344550968872,0.8778418035978545,105085156.28818512,0.7345145546789097,34.13299999237061,33.655193456014,31.098677412668863,False,False,True,True,True,False,dry_up,2,4,normal,False,False,,False,5.0,분산4일,0.02294376932259941,45.367870284927,True,True,True,True,False,True,False,,Uptrend Under Pressure,34.73,-0.0363,0.3592578965998536,0.9738729071360308,0.1995375130754744,0.21787185005339826,0.8162514951375527,0.44851537645811246,,False,,,0,0,0.445,0.887
MSCI,MSCI Inc.,Financials,XLF,41485529088.0,2026-09-14,553.6500244140625,-0.0017308756835516803,-0.03378646973284327,-0.027199375074131615,-0.007433421257689865,-0.09821894445068635,False,0.002827726859878643,-0.07428226430338436,-0.00792415556231818,-0.10150250635756031,0.871932293237177,1.6574445875915622,1.114347762367805,1.0098866148059806,1.6574445875915622,278514783.0089172,0.4977984620941216,562.7125030517578,574.5530690511067,575.9003453572591,False,False,False,True,False,False,distribution,0,1,interest,False,False,,False,73.0,,0.02254486329073679,43.58032239546819,True,False,False,False,False,True,False,,Uptrend Under Pressure,629.13,-0.12,0.4630390198228345,0.9738729071360308,-0.16965266715216143,-0.10762554189992135,0.31265954728704604,0.4477200424178155,,False,,,0,0,0.445,0.887
EQT,EQT Corporation,Energy,XLE,33890459648.0,2026-09-14,53.209999084472656,-0.01590531931210437,-0.0355265388711925,-0.022234456545115022,-0.002367622499125255,-0.006891091985710807,False,0.007945895819605253,0.019469774808163143,-0.061932964649029865,-0.16324512872929975,0.9544394454613929,0.9273337107056614,0.9090549848259845,0.8782015790496757,0.9273337107056614,342024525.86160433,0.10937462747061488,54.380499839782715,52.62503795623779,55.006674480438235,False,True,True,False,False,False,dry_up,0,2,normal,False,False,,False,37.0,,0.02868687317042366,43.540199058820846,True,False,False,True,False,True,False,,Uptrend Under Pressure,53.84,-0.0117,0.5688744922683814,0.9880569773625073,-0.10219866869750516,-0.28423735963783026,0.2591484329601802,0.44681866383881236,,False,,,0,0,0.445,0.887
ONB,Old National Bancorp,Financials,XLF,9786140672.0,2026-09-14,25.860000610351562,0.007794262047106981,-0.006912453872781943,-0.04287298326394007,-0.02342549533627214,-0.020966153935029763,False,-0.01332967319717382,0.005021107476627318,-0.023908323008216437,-0.024531008422376432,0.9529182845192549,1.2855973876374727,1.1159938105523892,0.7651545977666363,1.2855973876374727,84087441.88027915,0.6521763167642457,25.736818504333495,26.04955177307129,24.696358029047648,True,False,True,True,False,False,accumulation,5,2,normal,False,False,,False,54.0,,0.017718637850156704,50.26031765062666,True,False,False,True,False,True,False,,Uptrend Under Pressure,25.74,0.0048,0.36408814286202507,0.9738729071360308,0.02935181126577402,0.07230099111725652,0.6328337859256965,0.44676564156945925,,False,,,0,0,0.445,0.887
AVY,Avery Dennison Corporation,Materials,XLB,13195473920.0,2026-09-14,170.9199981689453,0.009091942624504412,-0.02364903145998709,-0.03921465362782384,-0.01969283353714113,0.007819855689316979,False,-0.009558423159818918,0.034571206677767474,-0.00020476728270368838,0.06060217556950409,0.9357863381401621,0.7214137917809225,0.7729192459460452,0.3749420383398954,0.7214137917809225,185844959.1442116,0.5847168500935299,175.63746185302733,168.410498046875,165.1030648549398,False,True,True,True,True,False,weak_rally,0,1,normal,False,False,,False,31.0,,0.02568537280977159,45.98346682364476,True,False,False,True,False,True,False,,Uptrend Under Pressure,173.81,-0.0166,0.44583126447529825,0.9407490851691787,-0.09186757772227605,-0.10155168156409333,0.39258977043279286,0.4467656415694592,,False,,,0,0,0.445,0.887
AUR,"Aurora Innovation, Inc.",Consumer Discretionary,XLY,11283394560.0,2026-09-14,6.460000038146973,0.004665662614193433,0.018927426288799065,-0.07582256800080112,-0.057044569743978535,-0.046258158223409285,False,-0.04729630142087726,-0.02094224227106256,-0.03200911724433786,0.011226637130536288,0.8934993113561308,0.7145636779242335,0.7957536294762073,0.9874923931964724,0.7145636779242335,194243208.63899764,0.5555559480141496,6.112250018119812,6.346916675567627,6.111791674296061,True,True,False,True,False,False,weak_rally,2,1,normal,False,False,,False,22.0,,0.04632906884290561,54.49372029332395,True,False,False,False,False,True,False,,Uptrend Under Pressure,6.87,-0.0597,0.30874079009953903,0.9099102163807861,0.02679628678664714,0.4198082264186971,0.7327243497706137,0.446659597030753,,False,,,0,0,0.445,0.887
CFG,"Citizens Financial Group, Inc.",Financials,XLF,29006446592.0,2026-09-14,70.54000091552734,0.0008512706545984461,-0.0033907582354992805,-0.056068543465647935,-0.03688917094297273,-0.020911670908085656,False,-0.026932536212120772,0.005077036689185466,-0.03736534204635222,-0.024476723778832365,0.9439314565343521,1.6002191806037531,1.169760661447647,0.8695150854364767,1.6002191806037531,220441334.47245866,0.6410266442349075,70.34850044250489,70.91885337829589,66.78312406539916,True,False,True,True,False,False,accumulation,3,2,interest,True,False,surge,False,41.0,,0.01994611989329602,49.882208598545,True,False,False,True,False,True,False,,Uptrend Under Pressure,73.92,-0.0457,0.41720580462019957,0.9738729071360308,0.23321325056247355,0.14352913532154243,0.7999850768879433,0.44549310710498413,,False,,,0,0,0.445,0.887
USB,U.S. Bancorp,Financials,XLF,95944810496.0,2026-09-14,62.68000030517578,-0.0025461465153341356,-0.010888411524997088,-0.04188318466004182,-0.02241558540329891,-0.006095704478856767,False,-0.012309322820577284,0.02028627490795487,-0.022898912384266112,-0.009714705192797934,0.9581168153399582,1.3978597730480438,0.9648058111805595,0.6344038450138186,1.3978597730480438,398500489.84987944,0.42391322375731844,62.69000015258789,62.664380391438804,58.59866927464803,False,True,True,True,True,False,distribution,1,3,normal,False,False,,False,55.0,분산3일,0.015794499383237286,49.25667183477641,True,False,False,True,False,True,False,,Uptrend Under Pressure,60.69,0.0328,0.3352908071067419,0.9738729071360308,0.14890212511474066,0.10274126141335338,0.7405917692253774,0.4426299045599152,,False,,,0,0,0.445,0.887
WM,"Waste Management, Inc.",Industrials,XLI,87505649664.0,2026-09-14,218.08999633789062,0.021690197125449062,0.000291561512760552,-0.02447629936257778,-0.004655016440280102,-0.06936307338708314,False,0.005634854811809253,-0.04466044927614299,0.07070516029690266,0.02897244241378294,0.9042470568585571,1.120240033651065,1.0257090120497672,0.4050000975349663,1.120240033651065,473773117.5875885,0.6999807009591175,219.51969146728516,225.54067306518556,223.4180772145589,False,False,False,False,False,False,accumulation,3,6,normal,False,False,,False,54.0,분산6일,0.016253104369260193,45.064792725926004,True,False,True,True,False,True,False,,Uptrend Under Pressure,224.54,-0.0287,0.4968973517124721,0.9111039498183728,-0.1361563911827346,-0.20049037144611614,0.2708490572437012,0.44225874867444326,,False,,,0,0,0.445,0.887
CLS,"Celestica, Inc.",Information Technology,XLK,37757669376.0,2026-09-14,316.0799865722656,-0.08792382713603242,0.011941669268012989,-0.05661842086806734,-0.03745022108835938,-0.07976608718382028,False,-0.027499386490986488,-0.05533959840782443,-0.02728494760090594,-0.07869830304323289,0.8516233107103915,1.0691614524822741,1.0931773743582693,1.2605355502956908,1.0691614524822741,688882546.3336884,0.2528726128374349,310.95499725341796,330.76999715169273,349.49183120727537,True,False,False,True,False,False,distribution,4,2,normal,False,False,,False,33.0,,0.05877353305353184,49.081267231186665,True,False,False,False,False,True,False,,Uptrend Under Pressure,350.2,-0.0974,0.35693555232129565,0.9308295144731314,0.18283666328763082,0.11747113242809015,0.766144207006175,0.4414634146341464,,False,,,0,0,0.445,0.887
GRMN,Garmin Ltd.,Consumer Discretionary,XLY,54791331840.0,2026-09-14,280.3800048828125,-0.008101349404390668,0.016011807090402952,-0.0926314697901569,-0.07419500500685439,0.14786270652286437,False,-0.06462403779410908,0.17833132447616284,-0.0496148963056533,0.21704773111608078,0.8987921494754033,0.9136141543021428,0.7872634460699618,0.4002221202256232,0.9136141543021428,242206373.4015991,0.02168327623793211,284.2567672729492,268.8434425354004,255.12338205973307,False,True,True,True,True,False,dry_up,1,1,normal,False,False,,False,32.0,,0.020740862460012895,49.169991168143106,True,False,False,False,False,True,False,,Uptrend Under Pressure,293.69,-0.0453,0.6721732275432964,0.9099102163807861,0.09916244888735881,0.13628224327382976,0.724741163143531,0.44146341463414634,,False,,,0,0,0.445,0.887
PTC,PTC Inc.,Information Technology,XLK,16898765824.0,2026-09-14,136.64999389648438,0.04488450200319738,-0.030988584906956773,-0.08747917264451166,-0.06893802035914565,0.07393433003566319,False,-0.059312706466512766,0.10244060924731935,-0.05910528249542624,0.07518045890537128,0.859704287638211,1.0296907431689934,1.3675780306177023,0.6534781415995411,1.0296907431689934,191193293.5585266,0.7083876840304445,146.66699905395507,134.18783353169758,136.35075035095215,False,True,True,False,False,False,accumulation,3,6,normal,False,False,,False,31.0,분산6일,0.03952486357217464,43.83778997075543,True,False,False,False,False,True,False,,Uptrend Under Pressure,136.3,0.0026,0.30283305073162364,0.9308295144731314,-0.3784722769616473,-0.16396227594744672,0.14615469840616643,0.4411452810180276,,False,,,0,0,0.445,0.887
GSAT,"Globalstar, Inc.",Communication Services,XLC,10565895168.0,2026-09-14,81.98999786376953,-0.0059409004997679205,-0.004250649619716218,-0.004854976682147738,0.015364984189137232,-0.0016778635039571554,False,0.025861822103384835,0.024821382092548028,-0.023189122752160896,-0.02857945148190355,0.9739842904078536,0.7760421679213992,0.760380433110277,0.48982935040398273,0.7760421679213992,50147444.41816254,0.3870916138559035,82.07750053405762,81.27016665140788,80.03599996566773,False,True,True,True,True,False,dry_up,0,1,normal,False,False,,False,29.0,,0.00836338815208025,50.284510651317845,True,True,False,True,False,True,False,,Uptrend Under Pressure,84.18,-0.026,0.6439322083352006,0.9638367007488521,1.280429894073825,0.19227448398751323,0.9239771450277774,0.44019088016967134,,False,,,0,0,0.445,0.887
MRVL,"Marvell Technology, Inc.",Information Technology,XLK,190219829248.0,2026-09-14,218.82000732421875,-0.07318931949421736,-0.02115855809871736,-0.014413101912723048,0.005612651166092775,-0.1265738691991336,False,0.01600866951237956,-0.10338983600546603,0.01623270204086924,-0.1255603979963722,0.8717581455437204,0.8948314681335519,0.7887246715896412,0.8898869785561884,0.8948314681335519,5604604618.747968,0.49587557073301497,227.58550033569335,227.1680020650228,202.7560936609904,False,False,False,True,True,False,dry_up,0,0,normal,False,False,,False,17.0,,0.06243017570628405,48.213104392056984,True,True,True,False,False,True,False,,Uptrend Under Pressure,237.27,-0.0778,0.35375856470044315,0.9308295144731314,1.7957844895644426,1.1432455217649187,0.9897722416549279,0.43833510074231175,,False,,,0,0,0.445,0.887
TEL,TE Connectivity plc,Information Technology,XLK,59422588928.0,2026-09-14,203.3699951171875,-0.040526567864642815,-0.025305530475674964,-0.0558012192213071,-0.036616415042306505,0.012176073750271632,False,-0.026656960562375098,0.03904305524319507,-0.026442335915207726,0.013350542050103442,0.9335776446077887,1.138682501499013,0.8757410552673636,0.6125635299545746,1.138682501499013,417933361.2780945,0.2746817732990869,205.2212760925293,205.09038619995118,208.59757181803386,False,False,False,True,False,False,distribution,2,3,normal,False,False,,False,182.0,분산3일,0.029458979506945992,46.7237383598736,True,False,False,True,False,True,False,,Uptrend Under Pressure,227.51,-0.1061,0.29389647191217544,0.9308295144731314,-0.14877149966073488,-0.08446441525741122,0.3528630894911897,0.43828207847295864,,False,,,0,0,0.445,0.887
APO,"Apollo Global Management, Inc. ",Financials,XLF,80656384000.0,2026-09-14,128.30999755859375,-0.005194589790192272,-0.04009875576999011,-0.08459809585103317,-0.06599840409788471,0.06336315613860233,False,-0.056342700467664875,0.09158883641019622,-0.06646018332106551,0.05949124207344947,0.8974228608507078,0.8580806855492555,0.9256531842473508,0.6684067182608529,0.8580806855492555,335744872.5546387,0.5244942515846893,132.41955337524413,127.03968734741211,125.24691975911459,False,True,False,True,True,False,dry_up,0,1,normal,False,False,,False,182.0,,0.02791232776716056,44.26279607950724,True,False,False,False,False,True,False,,Uptrend Under Pressure,144.52,-0.1122,0.4449846450061447,0.9738729071360308,-0.10903575663778364,0.16919881716540086,0.5628260756511339,0.43812301166489925,,False,,,0,0,0.445,0.887
GGG,Graco Inc.,Industrials,XLI,12540084224.0,2026-09-14,76.54000091552734,-0.0020859979019661745,-0.017205911468259782,-0.06590189608232366,-0.04692232358927595,-0.00029341743599031744,False,-0.03706941153818677,0.02624257659574325,0.02523768457362885,0.1053403261161201,0.9162078055627728,0.6337154375966639,0.5746649068676586,0.2945287168121494,0.6337154375966639,198431678.29104155,0.6315815891181047,78.76500053405762,77.89377276102702,78.71554133097331,False,False,True,False,False,False,dry_up,0,1,normal,False,False,,False,36.0,,0.0198588888119782,39.20989903373677,True,False,True,True,False,True,False,,Uptrend Under Pressure,77.75,-0.0156,0.48907132938196063,0.9111039498183728,-0.18945706872504842,-0.1990506614540788,0.22137306197387552,0.43753976670201483,,False,,,0,0,0.445,0.887
UTHR,United Therapeutics Corporation,Health Care,XLV,21890551808.0,2026-09-14,502.70001220703125,0.011245050431878623,0.03094691927727644,0.005943211645106361,0.02638257666386923,-0.11485120649621616,False,0.03699331439169451,-0.09135600949414102,0.003664443643573101,-0.11733338198248211,0.8917864135550233,0.767723201966736,1.08258598198831,0.8006683958851658,0.767723201966736,258794429.48878783,0.3261000213251307,509.14400177001954,525.0855021158854,544.9239171346029,False,False,False,False,False,False,weak_rally,2,4,normal,False,False,,False,114.0,분산4일,0.029836748956384537,45.57396791583454,True,True,True,False,False,True,False,,Uptrend Under Pressure,592.98,-0.1522,0.2840164450189889,0.9548611509199223,0.03531302686797533,-0.20814907025040563,0.42395656922175967,0.43669141039236475,,False,,,0,0,0.445,0.887
AA,Alcoa Corporation,Materials,XLB,13182276608.0,2026-09-14,46.95000076293945,-0.02714458359210592,-0.060436269441443424,-0.06062422583130134,-0.04153741842930392,-0.054113821062558576,False,-0.03162883725673826,-0.029006424115538887,-0.02248361271303556,-0.004575139536209694,0.8681582687369487,0.9933938980229943,0.8835769370996834,0.8697135223921849,0.9933938980229943,194227787.41522408,0.38536572657779367,50.323499870300296,49.294683837890624,58.506889756520586,False,False,False,False,False,False,dry_up,0,0,normal,False,False,,False,23.0,,0.04277193692611456,40.76916647022239,True,False,False,False,False,True,False,,Uptrend Under Pressure,54.08,-0.1318,0.35369665930363375,0.9407490851691787,0.2942720378484447,-0.33721081983402124,0.5146420601130086,0.43589607635206795,,False,,,0,0,0.445,0.887
FISV,"Fiserv, Inc.",Financials,XLF,28348483584.0,2026-09-14,50.9900016784668,-0.011438544622785818,-0.03792449663270192,-0.06251144970280564,-0.04346298806141924,-0.04622457602981089,False,-0.033574313417673696,-0.02090776867902333,-0.04393590900743738,-0.049697459642289665,0.9141269773098684,1.1777020807938414,1.4418832293133277,1.037642035468982,1.1777020807938414,331078156.21535397,0.09905784297142939,51.864000511169436,51.61933364868164,54.24791685740153,False,False,False,False,False,False,distribution,2,3,normal,False,False,,False,28.0,분산3일,0.0346986852563425,46.64861599328012,True,False,False,True,False,True,False,,Uptrend Under Pressure,55.78,-0.0859,0.3435088344150247,0.9738729071360308,-0.6517044618995071,-0.17160518767336785,0.0969484496921543,0.4358960763520679,,False,,,0,0,0.445,0.887
P,"Everpure, Inc.",Information Technology,XLK,30897037312.0,2026-09-14,93.77999877929688,-0.04481566013650695,-0.05758218504597301,-0.20633043438733822,-0.19020417420878333,0.2624899655732966,False,-0.18183250918258298,0.2960012245525596,-0.181652101143561,0.26395488307320103,0.7936695656126618,0.8472363217220199,0.7977519294524648,0.6023040399327109,0.8472363217220199,323458679.1906403,0.35697421699568027,101.5224998474121,87.34333356221516,79.69075002670289,False,True,True,True,True,False,dry_up,0,0,normal,False,False,,False,12.0,,0.06361926784867622,46.715840527933956,True,False,False,False,False,True,False,,Uptrend Under Pressure,108.9,-0.1388,0.3784061347434588,0.9308295144731314,0.18993475470977028,0.6160012941447561,0.844206553959486,0.43584305408271473,,False,,,0,0,0.445,0.887
RJF,"Raymond James Financial, Inc.",Financials,XLF,34226456576.0,2026-09-14,170.8000030517578,-0.01533496805691481,-0.042010154896099605,-0.05536195255791687,-0.03616822309211121,0.027824457710983186,False,-0.026204135206134738,0.05510680650330224,-0.036644750638927026,0.024081947025573758,0.94270896322091,0.7606560437882331,0.9566660440058875,0.5750947488218268,0.7606560437882331,201624499.81399384,0.23456785472081984,176.23150024414062,170.94623692830405,160.57676620483397,False,False,True,True,True,False,dry_up,2,4,normal,False,False,,False,182.0,분산4일,0.023059551022264188,41.658446933846946,True,False,False,True,False,True,False,,Uptrend Under Pressure,161.28,0.059,0.2737751211008007,0.9738729071360308,-0.10333642986998937,0.05777376843204629,0.5066462114514535,0.435524920466596,,False,,,0,0,0.445,0.887
PRAX,"Praxis Precision Medicines, Inc",Health Care,XLV,9780371456.0,2026-09-14,330.54998779296875,-0.012044948714906023,-0.0604303741029536,-0.09885229412219843,-0.0805422278251805,0.01580958114028519,False,-0.07103687816884807,0.042773009662864014,-0.10089366835986668,0.012961000585777649,0.8556156635051604,0.9165474594508229,0.8255929778836286,0.9518188529203242,0.9165474594508229,115773837.32360229,0.12543934155590913,358.43149719238284,336.4144983927409,325.57116572062176,False,False,True,True,True,False,dry_up,0,1,normal,False,False,,False,24.0,,0.04519739414151637,40.69077420566034,True,False,False,False,False,True,False,,Uptrend Under Pressure,366.96,-0.0992,0.50116363414382,0.9548611509199223,6.815506426512993,0.061574766509235435,0.8746519636328282,0.43340402969247094,,False,,,0,0,0.445,0.887
ATO,Atmos Energy Corporation,Utilities,XLU,28074070016.0,2026-09-14,163.83999633789062,0.003983049738097488,-0.02220101023457155,-0.029967743640311517,-0.0102580392174495,-0.08780357919020043,False,-2.6091985626419678e-05,-0.06359043585338764,0.027788879126988464,0.01971424673347366,0.9182611750565948,1.1037482025506322,0.9644161819945707,0.574951189561192,1.1037482025506322,149175304.69483185,0.31955980764703906,167.37005157470702,171.3305241902669,174.9455888112386,False,False,False,False,False,False,accumulation,1,2,normal,False,False,,False,136.0,,0.014092580597256116,36.769320698617605,True,False,True,True,False,True,False,,Uptrend Under Pressure,184.63,-0.1126,0.40566244705872795,0.8879381683361783,-0.13134911366582702,-0.23240140567896417,0.2536868000551703,0.4331919406150584,,False,,,0,0,0.445,0.887
PNC,"PNC Financial Services Group, I",Financials,XLF,95598878720.0,2026-09-14,242.72000122070312,-0.0062234041855336875,-0.011726403954561149,-0.055453943776733516,-0.036262083444371984,-0.04012876645365848,False,-0.026298965886228043,-0.014650153259683996,-0.036738564585741984,-0.04362384610584402,0.9445460562232665,1.0304059011578675,0.8857423418470144,0.8928896795502507,1.0304059011578675,362226331.9447113,0.32273950388126854,244.10650100708008,247.29771525065104,232.46563161214192,False,False,True,True,False,False,distribution,1,2,normal,False,False,,False,64.0,,0.017097595916294568,45.54040394696876,True,False,False,True,False,True,False,,Uptrend Under Pressure,232.09,0.0458,0.3011079119973678,0.9738729071360308,0.0870861607902873,0.09146475185994762,0.6918232651316965,0.43213149522799577,,False,,,0,0,0.445,0.887
DUK,Duke Energy Corporation (Holdin,Utilities,XLU,93494091776.0,2026-09-14,119.0199966430664,-0.003349535521789404,-0.009981738192081036,-0.039541652665282756,-0.020026476739608667,-0.09316461565208545,False,-0.0098955155639745,-0.06909377450077148,0.017644930654010738,0.013721321160943045,0.9199083805940366,0.9800169118845095,0.988324327581489,0.6665997959975687,0.9800169118845095,423428326.64874,0.1904745622171027,121.11049957275391,123.66299832661947,124.1864704767863,False,False,False,False,False,False,dry_up,0,1,normal,False,False,,False,50.0,,0.013206057952246605,38.82030476757541,True,False,True,True,False,True,False,,Uptrend Under Pressure,128.47,-0.0736,0.4771041346103042,0.8879381683361783,-0.12532810359691882,-0.20133662516898754,0.2793801029694732,0.43154825026511145,,False,,,0,0,0.445,0.887
LAMR,Lamar Advertising Company,Real Estate,XLRE,15131917312.0,2026-09-14,149.77999877929688,0.004695444993591202,-0.006500369880914403,-0.036598716129993436,-0.017023743832739413,-0.06949286260568743,False,-0.006861740419964901,-0.04479368359152891,0.011437329363101378,-0.014986271885505609,0.9114586326925471,0.7214614634779843,0.8134896138231043,0.6601745801063301,0.7214614634779843,68140696.28221588,0.8867292820953453,150.8284996032715,155.50666681925455,147.78721726735432,False,False,False,True,False,False,weak_rally,1,0,normal,False,False,,False,32.0,,0.014666737222157557,42.763141578500324,True,False,True,True,False,True,False,,Uptrend Under Pressure,164.33,-0.0885,0.47630437793728525,0.9371875788942187,0.05765964860640671,0.0016872571816322068,0.6070674502054189,0.43149522799575823,,False,,,0,0,0.445,0.887
WMB,"Williams Companies, Inc. (The)",Energy,XLE,91798724608.0,2026-09-14,71.94999694824219,-0.012354173572132865,-0.022623257317917478,-0.03627000295946514,-0.0166883516684061,-0.03009302454239715,False,-0.006522880973184764,-0.004348024798502936,-0.07539865026515191,-0.18279417308186752,0.9538363912721406,1.0555213155239318,0.9554129695865137,1.005117559381401,1.0555213155239318,556295787.5272293,0.4344247942566976,73.05257720947266,73.0614606221517,72.67708002726236,False,False,True,True,False,False,distribution,4,2,normal,False,False,,False,9.0,,0.028486313714441814,46.00706853198971,True,False,False,True,False,True,False,,Uptrend Under Pressure,74.51,-0.0343,0.31340182890097196,0.9880569773625073,0.062018567577735384,-0.15033283141664944,0.4915026443302349,0.43101802757158014,,False,,,0,0,0.445,0.887
BRO,"Brown & Brown, Inc.",Financials,XLF,24148830208.0,2026-09-14,68.33000183105469,0.032331157436394475,-0.04326514165655926,-0.03132972860489702,-0.011647697819591185,-0.04230004738153603,False,-0.001430116871153797,-0.016879068196127833,-0.012136348546026965,-0.04578722097348675,0.9147613203392282,1.6000683471070403,1.1892252229704037,0.6552595019593979,1.6000683471070403,117261222.23033905,0.7784457946913975,70.79799995422363,68.86360772450765,64.96879393259684,False,False,True,True,True,False,accumulation,1,5,interest,True,False,surge,False,33.0,분산5일,0.026771316756801593,44.35172831422826,True,False,False,True,False,True,False,,Uptrend Under Pressure,73.48,-0.0701,0.3471929575519966,0.9738729071360308,-0.35849154666396676,-0.10686605949696026,0.19517101660309272,0.4307529162248145,,False,,,0,0,0.445,0.887
PEP,"Pepsico, Inc.",Consumer Staples,XLP,191704432640.0,2026-09-14,136.33999633789062,0.00014663301494932668,-0.009373018231164654,-0.021262122799088568,-0.0013755322856114915,-0.06475684104728618,False,0.008948242256575645,-0.039931950107248815,-0.0019007096475279761,-0.03808838539060899,0.9504517614121081,1.3645443886752018,1.1838920846891041,0.6547096153200443,1.3645443886752018,1026150101.2788544,0.07344337291233233,138.91411056518555,138.22539469401042,143.2040865580241,False,False,False,False,False,False,accumulation,3,5,normal,False,False,,False,115.0,분산5일,0.014617030410301863,42.43967067495542,True,False,False,True,False,True,False,,Uptrend Under Pressure,153.55,-0.1121,0.44452789156160905,0.9497192280606287,-0.16071347942782432,-0.24728242989260962,0.21769112323551157,0.43069989395546127,,False,,,0,0,0.445,0.887
FDX,FedEx Corporation,Industrials,XLI,77485899776.0,2026-09-14,312.57000732421875,0.0018590887784830645,-0.030850744227922333,-0.06595148923659,-0.04697292440736556,-0.022504387393671665,False,-0.03712053546726979,0.0034420434837167946,0.025183252635016196,0.08078243962765463,0.9210844311252852,0.731046396266098,0.8793104913881913,0.44809286802043924,0.731046396266098,463105673.4197723,0.7460594066342079,324.03699798583983,319.1511657714844,314.10584462483723,False,False,False,True,True,False,weak_rally,1,4,normal,False,False,,False,6.0,분산4일,0.02284859231730704,41.44069536148506,True,False,True,True,False,True,False,,Uptrend Under Pressure,324.31,-0.0362,0.34008439330037604,0.9111039498183728,0.5589524907762895,0.01796544376725051,0.7967695984552318,0.42932131495227993,,False,,,0,0,0.445,0.887
AMD,"Advanced Micro Devices, Inc.",Information Technology,XLK,768438632448.0,2026-09-14,493.4100036621094,-0.04401991941131522,0.03316790438042938,-0.04078619411122708,-0.021296305534381554,-0.06730215087290659,False,-0.011178471842209103,-0.04254482208312371,-0.010960434148411968,-0.06621990432951408,0.8844216435259894,1.3751456545872744,1.2244566520339886,0.8421006771547331,1.3751456545872744,8695158737.416033,0.7242523120493553,480.9864990234375,502.7478332519531,437.5997505187988,True,False,False,True,False,False,distribution,4,1,normal,False,False,surge,False,4.0,,0.040548709561947324,51.52950816813377,True,False,False,False,True,True,False,,Uptrend Under Pressure,505.74,-0.0244,0.4826090530226977,0.9308295144731314,1.594386031323952,1.115221492964937,0.9861497692570325,0.4290562036055144,,False,,,0,0,0.445,0.887
APP,Applovin Corporation,Communication Services,XLC,104833286144.0,2026-09-14,334.239990234375,0.031732309700107875,0.04267529566998052,0.05959925072109673,0.08112883172366403,-0.3792593228100858,False,0.09230553595094859,-0.36278251732290057,0.04007762625110001,-0.39598629833075805,0.6146490441895717,1.0586021608023015,0.9333446068706659,0.7930467882224593,1.0586021608023015,1416896765.7298036,0.7714601145174514,312.94749755859374,393.1018320719401,434.2959172566732,True,False,False,False,False,False,accumulation,1,0,normal,False,False,,False,62.0,,0.04294348680922882,50.73244608498191,True,True,True,False,False,True,False,,Uptrend Under Pressure,520.86,-0.3583,0.6824790526860998,0.9638367007488521,-0.5423875886173489,-0.422675994757462,0.015755640823303572,0.4287910922587487,,False,,,0,0,0.445,0.887
NVT,nVent Electric plc,Industrials,XLI,24400082944.0,2026-09-14,146.63999938964844,-0.09693315075660591,-0.06018073103320676,-0.14440749219989113,-0.1270230440801552,-0.055358244783070054,False,-0.11799821285999834,-0.03028387954855083,-0.060927671347852375,0.04445708769505896,0.8274927703514016,1.3488472312001725,0.9165296683230686,1.3960060670234382,1.3488472312001725,403503559.83636856,0.4230769230769231,155.4365005493164,158.56244405110678,154.32035713195802,False,False,False,True,False,False,distribution,2,1,normal,False,False,,False,30.0,,0.049090116210318405,42.52687668769812,True,False,False,False,False,True,False,,Uptrend Under Pressure,153.83,-0.0467,0.28368857050371626,0.9111039498183728,0.4951942514920604,0.31342731602206286,0.9129604967135238,0.4282608695652175,,False,,,0,0,0.445,0.887
NEE,"NextEra Energy, Inc.",Utilities,XLU,171759435776.0,2026-09-14,81.62999725341797,-0.008261454566217297,-0.021575009531027756,-0.045784376163014784,-0.02639604368417181,-0.08870732687025507,False,-0.01633093105841088,-0.06451817241524249,0.011030509592888205,0.01870397705494775,0.9159577588233451,1.0195766231520496,0.9404123235284053,0.6894225054262416,1.0195766231520496,907147009.228833,0.098356555019136,83.3952423095703,85.72150586446126,87.7303082784017,False,False,False,False,False,False,distribution,4,3,normal,False,False,,False,48.0,분산3일,0.014879591636841364,34.66908473318615,True,False,True,True,False,True,False,,Uptrend Under Pressure,87.81,-0.0704,0.36522766389082967,0.8879381683361783,0.02960952150932017,-0.20914347451770898,0.41714258581354696,0.42730646871686107,,False,,,0,0,0.445,0.887
YUM,"Yum! Brands, Inc.",Consumer Discretionary,XLY,41838465024.0,2026-09-14,146.3300018310547,0.03875918863577077,-0.024167265673143534,-0.007036973569155447,0.013138652164393028,-0.1261102833463329,False,0.023612474269772976,-0.10291394483064609,0.040037468150769806,-0.07343840787301081,0.8780688146988499,0.9234279312389293,1.0237323810746393,0.6652478155410737,0.9234279312389293,340186490.90365297,0.8309860163906241,149.36770095825196,151.71502405802408,152.7571818033854,False,False,False,False,False,False,weak_rally,0,2,normal,False,False,,False,16.0,,0.024248520349270188,45.601761919547364,True,True,True,False,False,True,False,,Uptrend Under Pressure,151.57,-0.0345,0.3319669453715979,0.9099102163807861,-0.14216568176232391,-0.19962261598551523,0.2642369880637714,0.4269353128313892,,False,,,0,0,0.445,0.887
RS,"Reliance, Inc.",Materials,XLB,19607500800.0,2026-09-14,384.2300109863281,-0.025316406699669503,-0.04064816953969208,-0.09919350286255224,-0.08089036945191497,0.013975035961341087,False,-0.07138861888190495,0.0408897687158134,-0.06261888273021576,0.06707971969673943,0.8976917453592453,0.7214706780544219,0.6693688259909041,0.7966044400074558,0.7214706780544219,134119431.647229,0.05657537344463925,394.538996887207,396.33804880777996,375.0327298482259,False,False,False,True,False,False,dry_up,1,1,normal,False,False,,False,73.0,,0.025869927275826304,40.639078427585844,True,False,False,False,False,True,False,,Uptrend Under Pressure,379.65,0.0121,0.2978264450717441,0.9407490851691787,0.21203380078324718,0.21469859227412003,0.8192478751523402,0.4268822905620361,,False,,,0,0,0.445,0.887
SHOP,Shopify Inc.,Information Technology,XLK,191235358720.0,2026-09-14,133.88999938964844,0.03959939723100181,-0.07719344703930686,-0.13238729241146208,-0.11475861057333114,0.09707794387079871,False,-0.1056069897035058,0.12619854213297743,-0.10540977374111005,0.09835092719942695,0.8445720079519342,0.9776264168150258,1.5191302809364133,0.6761794892894624,0.9776264168150258,1090761895.2659836,0.8721797092803139,143.48199920654298,131.7998332977295,123.1683334350586,False,True,True,True,True,False,weak_rally,1,4,normal,False,False,,False,25.0,분산4일,0.04753850413135749,44.8902280838115,True,False,False,False,False,True,False,,Uptrend Under Pressure,151.57,-0.1166,0.4384782715148888,0.9308295144731314,-0.08601935369490221,0.09189615518826999,0.5408569936260222,0.42624602332979855,,False,,,0,0,0.445,0.887
AME,"AMETEK, Inc.",Industrials,XLI,53915365376.0,2026-09-14,233.64999389648438,-0.03398520439346142,-0.017121013391044437,-0.08297028904862802,-0.06433752252840608,-0.025206546257370843,False,-0.05466464871317778,0.000668159103020427,0.006503935291006346,0.07779475783010326,0.9037985603663621,1.145771495244113,0.902598950966567,0.5852605532536348,1.145771495244113,338579924.81248474,0.3200000827595339,239.53100051879883,240.68300018310546,233.94292933146158,False,False,True,True,False,False,distribution,1,3,normal,False,False,,False,22.0,분산3일,0.022448104488995826,42.569184309852346,True,False,True,True,False,True,False,,Uptrend Under Pressure,258.52,-0.0962,0.2868133650066073,0.9111039498183728,0.12267144892928239,0.014797217256416584,0.6641583025638359,0.42592788971367973,,False,,,0,0,0.445,0.887
SE,Sea Limited,Consumer Discretionary,XLY,69504745472.0,2026-09-14,108.68000030517578,0.02296689091179238,-0.03042194793579578,-0.10874201960592933,-0.09063289875668346,0.029819587567971872,False,-0.08123186640384594,0.05715489465315482,-0.0664892158874606,0.09188980998010399,0.8264010709811607,0.7885723642444664,0.9725946211150983,0.7454697693645062,0.7885723642444664,413138355.6919422,0.7259914310383214,114.70099983215331,109.0181671142578,97.81266682942709,False,False,True,True,True,False,weak_rally,0,1,normal,False,False,,False,23.0,,0.03823407637427457,43.51433879657886,True,False,False,False,False,True,False,,Uptrend Under Pressure,131.51,-0.1736,0.45332126067521444,0.9099102163807861,-0.4752477047161525,0.21441967717918886,0.37106250296766435,0.42582184517497346,,False,,,0,0,0.445,0.887
FTI,TechnipFMC plc,Energy,XLE,30647646208.0,2026-09-14,72.87000274658203,-0.04545446368571926,-0.08729952293347942,-0.07243757110608162,-0.05359079442686143,0.06925557654777803,False,-0.043806820992533635,0.09763766394476003,-0.1100977697567933,-0.09908691273481063,0.9099650484563719,1.2667269129357692,1.0972130385033552,0.8442245253354831,1.2667269129357692,200297091.57618523,0.02624346653178216,77.29299888610839,72.93392918904622,72.11849931081136,False,False,True,True,True,False,distribution,1,3,normal,False,False,,False,141.0,분산3일,0.032670690776144776,40.11948859240499,True,False,False,True,False,True,False,,Uptrend Under Pressure,63.36,0.1501,0.400988847790304,0.9880569773625073,0.594956615240297,0.031688337829925084,0.8071789213303275,0.4252916224814422,,False,,,0,0,0.445,0.887
APH,Amphenol Corporation,Information Technology,XLK,195489529856.0,2026-09-14,78.55000305175781,-0.06398945703474379,-0.05109924848895964,-0.05990063114281308,-0.04079912130454266,-0.06570372412115699,False,-0.030882907620149225,-0.04090396703942889,-0.03066921480519247,-0.06461962285940237,0.9120994025383417,1.0474204845550514,0.963618583851731,1.0162770582934244,1.0474204845550514,933263714.7971977,0.05864276749404836,80.36349983215332,80.65735816955566,75.1264313062032,False,False,True,True,False,False,distribution,2,3,normal,False,False,,False,94.0,분산3일,0.033668252431783556,45.43016556304453,True,False,False,True,False,True,False,,Uptrend Under Pressure,74.08,0.0604,0.3063310025631569,0.9308295144731314,0.1679608729064026,0.05185058266848808,0.7175317172658146,0.4245493107104984,,False,,,0,0,0.445,0.887
MKL,Markel Group Inc.,Financials,XLF,22337980416.0,2026-09-14,1798.4599609375,0.008003624520328767,-0.015470356824723086,-0.026406979902316774,-0.006624925719603381,-0.1107493211930457,False,0.003644580620623783,-0.08714524463988815,-0.007116059752072856,-0.11398725753759842,0.8818790214861351,0.7957130760777704,0.8928260885479493,0.9090263975155279,0.7957130760777704,110878475.66157226,0.5357699785665465,1804.063494873047,1883.9131632486979,1874.6252431233725,False,False,False,False,False,False,weak_rally,1,2,normal,False,False,,False,54.0,,0.015132779618847072,43.246102844628545,True,False,False,False,False,True,False,,Uptrend Under Pressure,1920.06,-0.0633,0.4211142186848056,0.9738729071360308,-0.21794069751244172,-0.19921759053245214,0.19557801056827662,0.4237009544008484,,False,,,0,0,0.445,0.887
AMX,"America Movil, S.A.B. de C.V.",Communication Services,XLC,69019435008.0,2026-09-14,23.1200008392334,0.012702624463271084,0.005217427792756357,-0.014072490958191741,0.005960182860829555,-0.10957332927346941,False,0.016359793987964943,-0.08593803744664708,-0.03223681730426564,-0.13356747960307558,0.8800913755751633,0.6406262870853009,0.8674545652160565,0.9992250160001089,0.6406262870853009,73287635.19813204,0.9369372465461544,23.292000007629394,24.6556183497111,25.254275671641032,False,False,False,False,False,False,weak_rally,2,1,normal,False,False,,False,137.0,,0.01818154915335892,40.93949149679668,True,True,False,False,False,True,False,,Uptrend Under Pressure,25.12,-0.0796,0.4732915171511855,0.9638367007488521,-0.027103507399825366,-0.13289060804281783,0.4285395473774891,0.423541887592789,,False,,,0,0,0.445,0.887
FROG,JFrog Ltd.,Information Technology,XLK,12338762752.0,2026-09-14,93.0,0.06675842709854507,0.06164385410890372,-0.03296244389415981,-0.013313587609544042,-0.0398465106158995,False,-0.003113228621072328,-0.014360405284374878,-0.0028934125203720074,-0.03873240619721263,0.8939729029248824,1.0071698356682612,0.8700410877834539,0.5797197983561285,1.0071698356682612,179637119.8876648,0.8418002423742867,91.95800018310547,88.28391660054525,74.4112501780192,True,True,True,True,True,False,accumulation,2,2,normal,False,False,,False,11.0,,0.06706145794893373,53.977922522177444,True,False,False,False,False,True,False,,Uptrend Under Pressure,104.03,-0.106,0.33680764541345787,0.9308295144731314,0.5946988739749421,0.9620850634645246,0.9490631225029225,0.4233828207847296,,False,,,0,0,0.445,0.887
DKNG,DraftKings Inc.,Consumer Discretionary,XLY,12058869760.0,2026-09-14,24.850000381469727,0.004446265617187972,0.03498542876219757,-0.04934961890969125,-0.030033727197917526,-0.06047960761716953,False,-0.020006220925361196,-0.03554118272351647,-0.004281137234681598,-0.003851980390097709,0.9146117155572466,0.9115251967112625,1.0085207007654668,0.6800254342187361,0.9115251967112625,225901432.73155212,0.8076924769834575,24.642000102996825,24.747916730244956,24.51487506230672,True,True,False,False,False,False,weak_rally,1,1,normal,False,False,,False,10.0,,0.0434780196412279,52.55159357653648,True,False,False,True,False,True,False,,Uptrend Under Pressure,25.26,-0.0162,0.3459127468215509,0.9099102163807861,-0.5366275552847278,-0.1678285031885992,0.11077833073686258,0.42184517497348883,,False,,,0,0,0.445,0.887
D,"Dominion Energy, Inc.",Utilities,XLU,58057510912.0,2026-09-14,64.45999908447266,0.00155373637620837,-0.020959862244460448,-0.053203228403025715,-0.033965636668986554,-0.08625844299100649,False,-0.023978778456048344,-0.06200428589508156,0.003169931990258279,0.02144150345090634,0.908232700780741,1.0297861458892246,1.2197314158279993,0.7191570208082184,1.0297861458892246,281154553.364827,0.24324079114498276,65.95619659423828,67.81540069580078,65.40883967081706,False,False,False,True,False,False,accumulation,5,4,normal,False,False,,False,48.0,분산4일,0.01700677815076654,35.43566942056023,True,False,True,True,False,True,False,,Uptrend Under Pressure,69.13,-0.0676,0.38189403481523604,0.8879381683361783,-0.014151753983228876,-0.07248890917267681,0.48436984898262814,0.4215270413573701,,False,,,0,0,0.445,0.887
KNX,Knight-Swift Transportation Hol,Industrials,XLI,11150413824.0,2026-09-14,68.43000030517578,0.0067676780375360845,-0.04945128023660339,-0.052371033072983186,-0.033116532288889555,-0.12016818291319287,False,-0.02312089603929579,-0.09681411857637034,0.040088748507703276,-0.02720097617862649,0.8875749206954889,1.1450974029714978,1.1507234000438107,0.7759752314657378,1.1450974029714978,207773604.0037628,0.8790688596724685,69.20110092163085,71.99264399210612,69.36395263671875,False,False,False,True,False,False,accumulation,4,4,normal,False,False,,False,59.0,분산4일,0.035413223426837066,46.30597252969702,True,False,True,False,False,True,False,,Uptrend Under Pressure,73.94,-0.0745,0.340483865179723,0.9111039498183728,0.44043863186161936,0.19846754484716245,0.8806822575503033,0.4208907741251326,,False,,,0,0,0.445,0.887
EWBC,"East West Bancorp, Inc.",Financials,XLF,17381324800.0,2026-09-14,129.80999755859375,0.004954706191226954,-0.007341184388638511,-0.049707234564663194,-0.0303986091049242,-0.01126081213195107,False,-0.02037487497962076,0.014984065761036058,-0.030877989203466738,-0.014861005674650207,0.9502927654353368,1.3138389992597794,0.9670588292597808,0.6320103339840781,1.3138389992597794,90643638.23041382,0.5464475406692181,129.92799949645996,130.61260910034179,124.89600194295248,False,False,True,True,False,False,accumulation,2,2,normal,False,False,,False,99.0,,0.017013880935801213,48.905517405976035,True,False,False,True,False,True,False,,Uptrend Under Pressure,120.57,0.0766,0.343585004385261,0.9738729071360308,0.0671932682179257,0.11583677833881723,0.6923747419545208,0.4197773064687169,,False,,,0,0,0.445,0.887
FRT,Federal Realty Investment Trust,Real Estate,XLRE,10143149056.0,2026-09-14,114.52999877929688,0.0014865177338057034,-0.02186350361824485,-0.03260411039996225,-0.012947973277818492,-0.0787527431841959,False,-0.002743834570290926,-0.05429935642553674,0.01563110969024728,-0.024788571216678545,0.9008888637903094,0.7378307698787384,1.2151885163360403,0.6093453451973084,0.7378307698787384,76215003.12351227,0.21599934895833334,116.74899978637696,120.4479559580485,116.71997896830241,False,False,False,True,False,False,weak_rally,2,1,normal,False,False,surge,False,4.0,,0.012601200749146389,32.82114340486898,True,False,True,True,False,True,False,,Uptrend Under Pressure,117.25,-0.0232,0.5287518997731473,0.9371875788942187,0.018796748743220126,-0.01702237149126784,0.5638471782882286,0.4193531283138919,,False,,,0,0,0.445,0.887
MAR,Marriott International,Consumer Discretionary,XLY,89119490048.0,2026-09-14,340.4599914550781,0.017239800924982784,0.011738080814309937,-0.043642445390365214,-0.024210591861426822,-0.10461676394535246,False,-0.014122886046113448,-0.08084990612680931,0.0016966022574649298,-0.050649411530492405,0.88952825837909,1.1280917401634352,1.217645157718913,0.853394467010105,1.1280917401634352,515877191.5444428,0.9250375165712209,345.64061126708987,360.957475789388,361.13893839518227,False,False,False,True,False,False,accumulation,3,3,normal,False,False,,False,59.0,분산3일,0.021233843582919115,44.438705923206165,True,False,True,False,False,True,False,,Uptrend Under Pressure,395.4,-0.1389,0.4925376306200118,0.9099102163807861,0.10703588895958394,-0.046722304230930156,0.6047190950263076,0.4189289501590669,,False,,,0,0,0.445,0.887
ABT,Abbott Laboratories,Health Care,XLV,190965104640.0,2026-09-14,103.08999633789062,0.011181946285169442,-0.04837076898914927,-0.07334834752457864,-0.05452007655368529,0.06528676643287112,False,-0.044745710033141095,0.09356350659761592,-0.07544749597529066,0.062299439650199684,0.8836033080981966,0.9636624769672577,1.0390265394218134,0.5440261358412504,0.9636624769672577,888000383.3812698,0.27807266273637826,110.26249961853027,102.9534917195638,97.34402866363526,False,True,True,False,True,False,weak_rally,1,4,normal,False,False,,False,41.0,분산4일,0.02722309905397323,37.602828114284975,True,False,False,False,False,True,False,,Uptrend Under Pressure,98.83,0.0431,0.49536199941095704,0.9548611509199223,-0.28240711322598055,-0.1159637849155567,0.2256998600392975,0.41505832449628843,,False,,,0,0,0.445,0.887
DCI,"Donaldson Company, Inc.",Industrials,XLI,10535155712.0,2026-09-14,87.93000030517578,-0.014789912547050088,-0.03405469093366764,-0.08051863609111398,-0.06183605539737014,-0.03067191237363931,False,-0.052137321427979444,-0.004942278502394926,0.009194795052949845,0.07175189518353897,0.8946783798419861,0.961737999723083,0.9716838024865422,0.5399095852728039,0.961737999723083,60095252.35445633,0.30158691713734875,91.53600044250489,91.38048667907715,88.26813367207845,False,False,True,True,True,False,dry_up,0,2,normal,False,False,,False,59.0,,0.024341593641449846,36.44920344894859,True,False,True,False,False,True,False,,Uptrend Under Pressure,85.23,0.0316,0.3889652593991267,0.9111039498183728,-0.009910099049668553,-0.05176664142504306,0.5060300678097167,0.4149522799575822,,False,,,0,0,0.445,0.887
TFII,TFI International Inc.,Industrials,XLI,11029483520.0,2026-09-14,131.77999877929688,0.004114547878169228,-0.03887391005271634,-0.1013366112397881,-0.08307702280653129,-0.07293677548866107,False,-0.07359787784750405,-0.04832901094881159,-0.013654381654959247,0.02502112598224704,0.8413995842656958,0.6451213368662727,0.9393637424242709,0.9481740453210239,0.6451213368662727,25086537.06738739,0.9953942325947698,135.09050064086915,141.67595698038738,139.18163890838622,False,False,False,True,False,False,weak_rally,2,2,normal,False,False,,False,33.0,,0.027686834483242544,42.50193803937309,False,False,False,False,False,True,False,,Uptrend Under Pressure,147.76,-0.1081,0.3809458537525876,0.9111039498183728,0.3077517419608713,0.2307201328920072,0.8614382262298567,0.414846235418876,,False,,,0,0,0.445,0.887
RF,Regions Financial Corporation,Financials,XLF,25455652864.0,2026-09-14,30.030000686645508,-0.0033189006606845206,-0.012820492724204824,-0.04907317308280601,-0.029751664376853837,-0.019395827275376587,False,-0.01972124214032389,0.006633116545494477,-0.030231364330989274,-0.022966399630457768,0.936251975752213,0.8111682462581955,0.9088099747957334,0.6429681849770409,0.8111682462581955,213859793.52594796,0.2924537468555779,30.197727966308594,30.412223911285402,28.775803915659587,False,False,True,True,False,False,dry_up,1,1,normal,False,False,,False,165.0,,0.018016976978964944,46.209952024596134,True,False,False,True,False,True,False,,Uptrend Under Pressure,27.7,0.0841,0.35885593209585603,0.9738729071360308,0.008366659389321018,0.08276570442990594,0.6176635380889826,0.4145281018027571,,False,,,0,0,0.445,0.887
PNFP,"Pinnacle Financial Partners, In",Financials,XLF,15106731008.0,2026-09-14,100.08999633789062,0.008260297396529559,-0.00910806631900718,-0.07332659607163539,-0.054497883141512826,-0.010707896456847,False,-0.044723287185589045,0.01555165790952806,-0.05496534833103106,-0.014310103274095765,0.9223372661982587,0.877393204888681,0.9418649921395272,0.8035706688607493,0.877393204888681,90714182.60681763,0.49618142780044805,101.06849899291993,101.39171002705892,97.61493275960287,False,False,True,True,False,False,weak_rally,2,2,normal,False,False,,False,32.0,,0.022711711867497875,45.70809587269072,True,False,False,True,False,True,False,,Uptrend Under Pressure,104.25,-0.0399,0.3615994534689994,0.9738729071360308,-0.06776478120719276,0.10542335924054136,0.5680857943278608,0.4138918345705196,,False,,,0,0,0.445,0.887
NI,NiSource Inc,Utilities,XLU,19623598080.0,2026-09-14,41.06999969482422,-0.008210580870338657,-0.007731328812347171,-0.03364706600413603,-0.014012120287277718,-0.15369399780545445,False,-0.003818982725987463,-0.13122983540526645,0.023890486487496698,-0.05394247571404476,0.8706086588341769,0.8442259977127504,0.8917163688096139,0.8237466424007485,0.8442259977127504,210545025.70103532,0.18367198650577396,41.30349979400635,44.09358781178792,45.3891250928243,False,False,False,False,False,False,dry_up,2,1,normal,False,False,,False,50.0,,0.01567879200535833,39.473098906095366,True,False,True,False,False,True,False,,Uptrend Under Pressure,47.5,-0.1354,0.4413152977449179,0.8879381683361783,-0.12162756516789264,-0.23820890953913143,0.2613762727040453,0.4132555673382821,,False,,,0,0,0.445,0.887
CNA,CNA Financial Corporation,Financials,XLF,13143087104.0,2026-09-14,48.09000015258789,0.008810614637619008,-0.007839922808851152,-0.04809976807516736,-0.02875848113518409,-0.07133720920783537,False,-0.018717791375478132,-0.04668698612862887,-0.029238672128507615,-0.07471865279152079,0.8777239439710662,1.4993927845304134,1.1746220053601917,0.9085701884287393,1.4993927845304134,18222782.08502388,0.41937664228321864,48.84700012207031,50.021108373006186,47.28851194381714,False,False,True,True,False,False,accumulation,3,3,normal,False,False,,False,,분산3일,0.018423504373337417,41.57434323235961,False,False,False,False,False,True,False,,Uptrend Under Pressure,,,0.4846305036952192,0.9738729071360308,-0.04033381003047243,-0.059887062776247224,0.4685260261335347,0.4129904559915165,,False,,,0,0,0.445,0.887
TKO,"TKO Group Holdings, Inc.",Communication Services,XLC,34562543616.0,2026-09-14,193.72000122070312,0.017918153044269136,0.04144942175988198,-0.03755960654035606,-0.01800415819794665,-0.024683930467440218,False,-0.00785229030376966,0.0012046470927791209,-0.055291215847449005,-0.05096557853639372,0.960483905378411,0.9545169094954756,1.2370756564221572,0.7235303708358455,0.9545169094954756,194309108.08757323,0.35993791415437887,190.57049942016602,190.82149861653645,191.90687052408853,True,True,False,False,False,False,weak_rally,1,3,normal,False,False,surge,False,4.0,분산3일,0.02908836331338114,54.450342762354715,True,False,False,True,False,True,False,,Uptrend Under Pressure,195.32,-0.0082,0.23493790961187588,0.9638367007488521,-0.16160697359457155,-0.12395320213786265,0.30654627182222505,0.41246023329798515,,False,,,0,0,0.445,0.887
ZION,Zions Bancorporation N.A.,Financials,XLF,9733629952.0,2026-09-14,69.18000030517578,0.006254549893465855,-0.0027389712250748266,-0.0418282101207198,-0.022359493857904478,-0.01699841350562925,False,-0.012252651401079118,0.009094166744765708,-0.022842848571062446,-0.0205777153150285,0.9500043846061246,1.084921596275612,0.8961396877036635,0.5682613053921661,1.084921596275612,85078046.06794128,0.19491804868586945,68.4365005493164,69.2490961710612,65.12309640248617,True,False,True,True,False,False,accumulation,1,2,normal,False,False,,False,57.0,,0.018657332440333182,52.76004986923005,True,False,False,True,False,True,False,,Uptrend Under Pressure,68.03,0.0169,0.3623591153695173,0.9738729071360308,0.05911723416945325,0.1585384505714056,0.702729798967592,0.41235418875927893,,False,,,0,0,0.445,0.887
MGA,"Magna International, Inc.",Consumer Discretionary,XLY,17541275648.0,2026-09-14,64.88999938964844,-0.018750913583403195,-0.05779008564263666,-0.07616740656082333,-0.05739641494326153,0.02040998055523202,False,-0.0476517839939965,0.04749552107902022,-0.032370303928373145,0.08191305857902442,0.8882956424200584,0.7487885406431394,0.8523951722419533,0.5134385949092408,0.7487885406431394,78675775.45218353,0.2522510138153825,67.33199977874756,66.65385055541992,63.66720590591431,False,False,True,True,True,False,dry_up,1,3,normal,False,False,,False,28.0,분산3일,0.027254913319710618,43.82046941269386,True,False,False,False,False,True,False,,Uptrend Under Pressure,69.54,-0.0669,0.3085640032335133,0.9099102163807861,0.27003074663437787,0.08471896322555894,0.7805542805590289,0.4116118769883351,,False,,,0,0,0.445,0.887
ADI,"Analog Devices, Inc.",Information Technology,XLK,175480553472.0,2026-09-14,361.0199890136719,-0.046887401190296774,-0.0033954754626035477,-0.07003283998026855,-0.05113720251379561,-0.06019304822907334,False,-0.041327863859058955,-0.035247016965366584,-0.041116474183855334,-0.059102552710120104,0.9152532026581399,1.2581981481030398,0.855822333280337,1.023826140284385,1.2581981481030398,1381771460.4267259,0.24376975537500495,367.2210266113281,379.27439575195314,381.40398635864256,False,False,False,True,False,False,distribution,1,2,normal,False,False,,False,59.0,,0.028793142891095518,44.91539294216914,True,False,False,True,False,True,False,,Uptrend Under Pressure,433.14,-0.1665,0.3352803558243452,0.9308295144731314,0.29600657379938955,0.057595591494709275,0.775518408563153,0.41124072110286325,,False,,,0,0,0.445,0.887
CVS,CVS Health Corporation,Health Care,XLV,120108113920.0,2026-09-14,95.55000305175781,0.009402063756782653,-0.012300959668073208,-0.016570610844670375,0.0034113046575496853,-0.10134433500340656,False,0.013784565495105205,-0.07749061454297679,-0.018798378175700736,-0.10386438708800438,0.8692725833059862,0.7588843789005635,0.7846111983329049,0.820414458780656,0.7588843789005635,556148993.7581406,0.36986716553619764,94.80900039672852,100.15956942240398,92.56394952138265,True,False,False,True,False,False,weak_rally,2,0,normal,False,False,,False,64.0,,0.022007930874277142,46.832837076930886,True,True,False,False,False,True,False,,Uptrend Under Pressure,99.86,-0.0432,0.39547446808212056,0.9548611509199223,0.09745146740814281,0.07258430614843459,0.6850703308182613,0.41049840933191944,,False,,,0,0,0.445,0.887
TFC,Truist Financial Corporation,Financials,XLF,60568231936.0,2026-09-14,50.099998474121094,-0.005952441322918833,-0.03000973874088253,-0.05649717676474297,-0.03732651347372007,-0.028522861962026136,False,-0.02737439998767155,-0.0027361841642026263,-0.0378024683508158,-0.0320602009915284,0.943502823235257,0.7779568488979882,1.0031310765721764,0.7503423817497418,0.7779568488979882,283151381.6300926,0.1731829050503156,50.68450012207031,50.9260066986084,49.44488468170166,False,False,True,True,False,False,dry_up,2,3,normal,False,False,,False,55.0,분산3일,0.018484460432646944,44.41807872554502,True,False,False,True,False,True,False,,Uptrend Under Pressure,50.17,-0.0015,0.33966498770571096,0.9738729071360308,0.009980549975614261,0.03471408029212153,0.5881865479450197,0.41044538706256634,,False,,,0,0,0.445,0.887
JHX,James Hardie Industries plc.,Materials,XLB,17247322112.0,2026-09-14,28.329999923706055,-0.004917435652440183,-0.06778543952995497,-0.08730673040881409,-0.06876207433739012,0.07441095827469146,False,-0.05913494151570131,0.10292988900262912,-0.05024948255512307,0.13068083881167025,0.9115186613014611,1.0142828354507312,1.3318555558169989,0.4316265840935291,1.0142828354507312,200849517.68386525,0.5432096149046092,29.564500045776366,27.623333422342935,24.394416697820027,False,True,True,True,True,False,distribution,2,7,normal,False,False,,False,25.0,분산7일,0.030785141778155414,45.08076580905292,True,False,False,True,False,True,False,,Uptrend Under Pressure,30.23,-0.0629,0.4025135141091603,0.9407490851691787,0.2907858406072017,0.33201820810229976,0.8717865000101748,0.41039236479321317,,False,,,0,0,0.445,0.887
BAP,Credicorp Ltd.,Financials,XLF,29097650176.0,2026-09-14,376.0400085449219,-0.004921898337135189,-0.016965964120684407,-0.02671078061370702,-0.006934899238326242,-0.05911625151717259,False,0.003331402597279931,-0.034141637995812824,-0.00742588001695621,-0.06254219400765104,0.9347950849302394,0.6865581730725349,1.2857470159414328,0.6267617844679345,0.6865581730725349,121323479.99209747,0.39336758524054183,376.1689987182617,383.8214996337891,354.908373260498,False,False,True,True,False,False,dry_up,1,3,normal,False,False,surge,False,2.0,분산3일,0.022633860267063235,47.65549516764721,True,False,False,True,False,True,False,,Uptrend Under Pressure,379.44,-0.009,0.40159100484848637,0.9738729071360308,0.2322249659518676,0.02162876849037665,0.7257471165608106,0.40965005302226937,,False,,,0,0,0.445,0.887
L,Loews Corporation,Financials,XLF,22137477120.0,2026-09-14,109.19999694824219,0.003768692244365379,-0.0009149688995733207,-0.03334326572821289,-0.013702147212869886,-0.08213801347573069,False,-0.003505805151552077,-0.057774484595191744,-0.014189782200094037,-0.0854801292101125,0.9150855089456206,1.0348150084770067,1.0920336092342033,0.7986179520414777,1.0348150084770067,79141507.36840896,0.4093380451140427,109.9232021331787,112.96495157877604,110.32228196461996,False,False,True,True,False,False,accumulation,5,3,normal,False,False,,False,152.0,분산3일,0.01400445571025563,41.462303572731074,True,False,False,True,False,True,False,,Uptrend Under Pressure,109.24,-0.0004,0.4035357769836425,0.9738729071360308,-0.03707714118553529,-0.1157370239691351,0.4276165755075554,0.40927889713679744,,False,,,0,0,0.445,0.887
JLL,Jones Lang LaSalle Incorporated,Real Estate,XLRE,16832838656.0,2026-09-14,343.54998779296875,-0.009856798615736628,-0.051909698418671324,-0.08386669921875001,-0.06525214650469668,0.02693638792903741,False,-0.05558872806736803,0.05419516399027269,-0.03818747743352646,0.08709154326643254,0.8746403429803085,1.3919533004069993,0.9541411031434373,0.5240350651344875,1.3919533004069993,114969496.95050354,0.2960815505809588,367.60899658203124,345.1663324991862,327.7928321838379,False,False,True,True,True,False,distribution,0,3,normal,False,False,,False,31.0,분산3일,0.03377133042178737,40.37146674188761,True,False,False,False,False,True,False,,Uptrend Under Pressure,361.72,-0.0502,0.3293634127160537,0.9371875788942187,-0.017290923525304147,0.04563340531430771,0.5757700664982918,0.40901378579003184,,False,,,0,0,0.445,0.887
LIN,Linde plc,Materials,XLB,225686667264.0,2026-09-14,464.4100036621094,-0.0038822820853988693,-0.027556177021759942,-0.034802583350447724,-0.015191116136702987,-0.1656661983653006,False,-0.005010167028358992,-0.143519823452105,0.004386442238122568,-0.12196982410145474,0.8620205686945638,0.7420311436532622,1.0222648612067897,0.99146944643882,0.7420311436532622,926005143.1868515,0.46860614557775443,478.7785400390625,498.24028828938805,499.5323008219401,False,False,False,False,False,False,dry_up,1,4,normal,False,False,,False,145.0,분산4일,0.015468368450500702,33.97362506667403,True,False,True,False,False,True,False,,Uptrend Under Pressure,476.31,-0.025,0.4868978437909895,0.9407490851691787,-0.16470539556222819,-0.17745846653304287,0.259240232710105,0.4085896076352068,,False,,,0,0,0.445,0.887
AFL,AFLAC Incorporated,Financials,XLF,58080620544.0,2026-09-14,117.01000213623047,0.015006968903995999,-0.001706313026229589,-0.03170600477658714,-0.012031619399025972,-0.04772553319133599,False,-0.001818007429875701,-0.02244856692089625,-0.012520080311001602,-0.05119295152404535,0.9077522087815254,0.8567884119817155,0.8622746160422702,0.59254085499159,0.8567884119817155,246991402.23612976,0.9735992627433602,116.825687789917,120.21308873494466,116.62124608357747,True,False,True,True,False,False,weak_rally,2,2,normal,False,False,,False,40.0,,0.015242883927287745,46.93849784294256,True,False,False,True,False,True,False,,Uptrend Under Pressure,124.1,-0.0571,0.29640938665479083,0.9738729071360308,-0.053671109549342844,-0.051687546097622716,0.4661557385018552,0.4077412513255567,,False,,,0,0,0.445,0.887
LTM,LATAM Airlines Group S.A.,Industrials,XLI,14569866240.0,2026-09-14,50.810001373291016,-0.00935854033278083,-0.03163712233262006,-0.02774582845029927,-0.007990977805380273,-0.11864473051472568,False,0.0022644062955041733,-0.09525022798887994,0.06711662455586764,-0.025516548567251607,0.8805892669229588,0.6745378560173141,0.9381647281476706,0.524655674068175,0.6745378560173141,43908078.46277046,0.9202920184211545,51.505000305175784,53.58466669718425,51.95009536743164,False,False,True,True,False,False,dry_up,0,4,normal,False,False,,False,102.0,분산4일,0.02881181230248469,45.15818083665723,False,False,True,False,False,True,False,,Uptrend Under Pressure,55.52,-0.0848,0.3957552222038523,0.9111039498183728,-0.09842363573853563,-0.0653499854354761,0.4171717537143852,0.40588547189819724,,False,,,0,0,0.445,0.887
ITW,Illinois Tool Works Inc.,Industrials,XLI,78425374720.0,2026-09-14,269.0400085449219,0.0032816410754579195,-0.003998173374011427,-0.0748598369947222,-0.05606227738471359,-0.03450946151411316,False,-0.04630385412832194,-0.008881690712357448,0.015405720927566202,0.06750885238238169,0.904883633517275,1.1885168701695592,1.1944996584075325,0.44900395160304724,1.1885168701695592,293449650.13223267,0.6941297300767083,276.264501953125,277.67618459065756,267.3560578664144,False,False,True,True,False,False,accumulation,3,6,normal,False,False,,False,33.0,분산6일,0.01928682583216781,39.37361193862181,True,False,True,True,False,True,False,,Uptrend Under Pressure,295.16,-0.0885,0.5032683294037076,0.9111039498183728,-0.0635143187449998,-0.06553743089323616,0.4463873632895966,0.40509013785790027,,False,,,0,0,0.445,0.887
GS,"Goldman Sachs Group, Inc. (The)",Financials,XLF,298712727552.0,2026-09-14,988.4500122070312,-0.03957523404874108,-0.048295292604521256,-0.044379495007275116,-0.02496261730001592,-0.04772446387656637,False,-0.014882685919766936,-0.022447469222468097,-0.02544468500432262,-0.05119188610286074,0.862179453052463,1.220328115925134,0.9085076574954359,0.7023829914912568,1.220328115925134,1846986016.638565,0.2738785056575149,1026.0876556396483,1041.105078125,990.942101542155,False,False,False,True,False,False,distribution,1,3,normal,False,False,,False,43.0,분산3일,0.024767961143175088,39.52991259646269,True,False,False,False,False,True,False,,Uptrend Under Pressure,1134.44,-0.1287,0.460780052726025,0.9738729071360308,0.12727649647353045,0.13383634279482126,0.7411703789792139,0.4042417815482503,,False,,,0,0,0.445,0.887
AMGN,Amgen Inc.,Health Care,XLV,232406892544.0,2026-09-14,381.5,0.010997731096752394,-0.1274615410333093,-0.07581821855401272,-0.057040131922489246,0.003901909214945043,False,-0.04729181772121249,0.030549263084567402,-0.07791177199398791,0.0010867207088354203,0.8590020809563769,1.008516576974073,1.3914712556623001,0.7174675550118207,1.008516576974073,1086947967.8492126,0.6080214135974765,423.1931121826172,390.25045115152994,364.2928009033203,False,False,True,True,True,False,accumulation,2,3,normal,False,False,,False,27.0,분산3일,0.02833178016135497,34.82061825183871,True,False,False,False,False,True,False,,Uptrend Under Pressure,405.46,-0.0591,0.20643023350236867,0.9548611509199223,0.26262442273550834,-0.026399504571874344,0.7080130328511962,0.40217391304347827,,False,,,0,0,0.445,0.887
BAC,Bank of America Corporation,Financials,XLF,433130831872.0,2026-09-14,59.470001220703125,-0.051363813631254196,-0.05121249312131215,-0.07313656185994521,-0.054303987699313994,-0.0037692091760085367,False,-0.04452738725331962,0.02267452419597027,-0.05477154875257284,-0.007396681116203507,0.9222870550205847,1.9198316488579001,1.1470382264373058,0.6854719374983056,1.9198316488579001,1990281021.4044845,0.15623215592276812,62.14544525146484,61.02316055297852,56.311062812805176,False,False,True,True,True,False,distribution,2,2,interest,False,False,,False,104.0,,0.02125545761542085,34.81504359091642,True,False,False,True,False,True,False,,Uptrend Under Pressure,53.76,0.1061,0.2676089648128102,0.9738729071360308,0.07296982173113631,0.16780889963246604,0.7193337961005457,0.4,,False,,,0,0,0.445,0.887
KEY,KeyCorp,Financials,XLF,23060649984.0,2026-09-14,21.93000030517578,0.004120886078712971,-0.011271415534726659,-0.050191822221473226,-0.03089304290800432,-0.05857721850886766,False,-0.0208744202367801,-0.03358829701260713,-0.031372178553798036,-0.06200512372437994,0.9228857877831674,1.5360082436939584,1.2899306859695028,0.7984198002970199,1.5360082436939584,234442574.7406227,0.4698799056894277,21.853221893310547,22.478060817718507,21.762558015187583,True,False,False,True,False,False,accumulation,5,5,interest,True,False,surge,False,62.0,분산5일,0.017557134715335734,48.357659486300804,True,False,False,True,False,True,False,,Uptrend Under Pressure,22.21,-0.0125,0.3452899077587141,0.9738729071360308,0.034652461554240954,0.04037944169700425,0.6188562565147299,0.3998939554612938,,False,,,0,0,0.445,0.887
ESLT,Elbit Systems Ltd.,Industrials,XLI,32826144768.0,2026-09-14,724.9099731445312,-0.004244542383885608,0.030755805577589612,-0.07492154658952566,-0.05612524083253656,-0.11663582998484023,False,-0.04636746849194051,-0.09318800364038504,0.015337990352129571,-0.023295378070261052,0.8387637573802779,0.8972174753984696,1.021799380111802,0.8611191545244501,0.8972174753984696,56587624.1342926,0.8055977315461885,727.0495025634766,764.3947082519531,804.6608423868815,False,False,False,False,False,False,dry_up,3,0,normal,False,False,,False,64.0,,0.019433926349984167,43.60447429641933,True,False,True,False,True,True,False,,Uptrend Under Pressure,912.02,-0.2052,0.5279284735104813,0.9111039498183728,0.29639157047902454,-0.2402435721282381,0.5479502201159029,0.3996288441145281,,False,,,0,0,0.445,0.887
BX,Blackstone Inc.,Financials,XLF,171214454784.0,2026-09-14,128.2899932861328,-0.0017119386048329854,-0.0577304514337883,-0.10866393514574357,-0.09055322772902019,0.0332008249125999,False,-0.08115137173751397,0.06062588282623804,-0.09100286681514813,0.02943873781844708,0.8591614451744337,0.9287893106952646,1.1119434234041778,0.7096031471932102,0.9287893106952646,444265065.7577896,0.5019279656648314,138.15300064086915,130.52928873697917,124.14278888702393,False,False,True,True,True,False,dry_up,1,3,normal,False,False,,False,27.0,분산3일,0.030488995933974194,38.24347298743733,True,False,False,False,False,True,False,,Uptrend Under Pressure,136.03,-0.0569,0.3841422510894137,0.9738729071360308,-0.2936147384781699,0.20746673546006633,0.4279989237270699,0.3978260869565218,,False,,,0,0,0.445,0.887
SNA,Snap-On Incorporated,Industrials,XLI,19982704640.0,2026-09-14,377.7799987792969,0.006232677185899593,-0.013629246007057727,-0.0580734108163905,-0.03893477440597437,-0.09708896073304207,False,-0.02899928711306099,-0.07312228654377773,0.033829992034806855,-0.001683093815897596,0.9065462624678448,1.0629289625610148,1.0033016179786416,0.5941836136398704,1.0629289625610148,100045418.455719,0.7573261875203481,387.27379913330077,397.84629720052084,384.038880666097,False,False,False,True,False,False,accumulation,1,3,normal,False,False,,False,59.0,분산3일,0.01744022598467128,34.49802140532098,True,False,True,True,False,True,False,,Uptrend Under Pressure,384.86,-0.0184,0.5491726105182225,0.9111039498183728,0.04028696312325919,-0.06119238001207661,0.5440125535027484,0.39724284199363735,,False,,,0,0,0.445,0.887
BF-B,Brown Forman Inc,Consumer Staples,XLP,12192023552.0,2026-09-14,26.239999771118164,0.0007627939850283205,-0.018331454527109492,-0.06885060625180295,-0.04993094744254056,-0.009812259437822157,False,-0.040109138529164756,0.01647106852273117,-0.05043058947494805,0.018422940785976616,0.8964520422566691,1.1650029550250005,1.0893144554294671,0.6357396822922019,1.1650029550250005,62472104.766004756,0.1000002119277157,27.13071346282959,26.958474032084148,26.62947459220886,False,False,True,True,True,False,accumulation,3,5,normal,False,False,,False,33.0,분산5일,0.02995133703490346,42.90654436455691,True,False,False,False,False,True,False,,Uptrend Under Pressure,28.66,-0.0843,0.3698339221256901,0.9497192280606287,-0.12365977217467639,0.019396902518980186,0.4609419197000907,0.3952279957582185,,False,,,0,0,0.445,0.887
GL,Globe Life Inc.,Financials,XLF,13269594112.0,2026-09-14,172.9199981689453,0.010223754271894814,-0.00774663493669836,-0.04464089409422478,-0.02522932765234498,-0.060495874118958515,False,-0.015152153522328349,-0.03555788099979029,-0.025711263492531056,-0.0639167931326261,0.9295774335951082,0.931442256871193,0.8234841814971198,0.7497000582411182,0.931442256871193,72829065.4005661,0.8166093801973612,173.2250015258789,177.46411666870117,164.59518038431804,False,False,True,True,False,False,weak_rally,0,1,normal,False,False,,False,49.0,,0.019881215058177568,46.64354239606866,True,False,False,True,False,True,False,,Uptrend Under Pressure,176.98,-0.0229,0.40998249847308754,0.9738729071360308,0.06878726445331607,0.10971624933675139,0.6913176881838347,0.39490986214209967,,False,,,0,0,0.445,0.887
GLPI,"Gaming and Leisure Properties, ",Real Estate,XLRE,12600015872.0,2026-09-14,41.04999923706055,0.0201291631413425,-0.0007592030856182763,-0.03860058053777915,-0.019066283337165868,-0.06708008005827293,False,-0.008925395687142013,-0.04231685666910012,0.009335650214175484,-0.012432155063991202,0.9104145702730869,0.8087466621003349,0.773849936249536,0.49427903882105234,0.8087466621003349,180915309.92051506,0.6624991059294757,41.474647521972656,42.79094409942627,43.97038968404134,False,False,False,False,False,False,weak_rally,1,2,normal,False,False,,False,135.0,,0.017178998245687024,43.841601175594995,True,False,True,True,False,True,False,,Uptrend Under Pressure,47.21,-0.1305,0.34723882169381676,0.9371875788942187,-0.1928651206986277,-0.2095082001310382,0.21138791725360473,0.3942735949098622,,False,,,0,0,0.445,0.887
ETR,Entergy Corporation,Utilities,XLU,49607593984.0,2026-09-14,103.63999938964844,-0.01604483444438698,-0.03383981884045861,-0.03894656056072654,-0.01941929319231095,-0.11343404013547032,False,-0.0092820549563295,-0.0899012261778338,0.018275455095965176,-0.008937198920123346,0.8991693723667248,1.5013210431426491,1.3561997110055337,0.5931446084340051,1.5013210431426491,253761790.65764007,0.33797919596360226,106.67749938964843,109.79984575907389,110.40182666778564,False,False,False,True,False,False,distribution,4,5,interest,False,False,surge,False,4.0,분산5일,0.01844295822381704,36.43803688066461,True,False,True,False,False,True,False,,Uptrend Under Pressure,108.53,-0.0451,0.3972849235485265,0.8879381683361783,0.019575174267508766,-0.13260086045440522,0.46968641114982573,0.393796394485684,,False,,,0,0,0.445,0.887
PLD,"Prologis, Inc.",Real Estate,XLRE,136015028224.0,2026-09-14,135.19000244140625,-0.0041252122180018835,-0.01565453585126686,-0.041409603548461016,-0.021932381783117627,-0.05092567935201309,False,-0.011821123843889225,-0.025733657065039606,0.0063865668159985844,0.004668526731623546,0.9009063350718687,1.357751860245529,1.0462307680693979,0.40199337133120433,1.357751860245529,421622988.3927673,0.777359359705188,139.38099975585936,141.56949920654296,140.67619609832764,False,False,False,True,False,False,distribution,1,3,normal,False,False,,False,36.0,분산3일,0.015681612979727207,37.48319755775704,True,False,True,True,False,True,False,,Uptrend Under Pressure,145.12,-0.0684,0.4882255452906627,0.9371875788942187,0.06164097695283899,-0.07834345461178116,0.5438852548347491,0.39353128313891833,,False,,,0,0,0.445,0.887
PKG,Packaging Corporation of Americ,Materials,XLB,20843655168.0,2026-09-14,233.25999450683594,-0.00486347875141957,-0.016817725998584,-0.08697354623569054,-0.06842212032591555,-0.04145973486863752,False,-0.05879147306142818,-0.016016450610705224,-0.04990277041055957,0.00874167623334765,0.9061104033849464,0.9843738039781736,1.2320484641712868,0.806000450270755,0.9843738039781736,136905781.0990715,0.15360183679326508,240.6234992980957,240.81699930826824,227.83857142130535,False,False,True,True,False,False,dry_up,5,4,normal,False,False,,False,33.0,분산4일,0.025256916766668858,42.25736982964463,True,False,False,True,False,True,False,,Uptrend Under Pressure,253.24,-0.0789,0.4392805579365306,0.9407490851691787,0.014786177067594553,0.021616173606708866,0.588435944802574,0.39294803817603396,,False,,,0,0,0.445,0.887
ERIC,Ericsson,Information Technology,XLK,33001193472.0,2026-09-14,10.050000190734863,-0.025218255897171193,-0.004950513747167595,-0.021421641404358316,-0.001538292086768256,-0.08829050401059801,False,0.00878379984544253,-0.06409028550028262,0.009006239271562189,-0.08723261109111069,0.8575085291600155,0.8896718401090057,0.9468665291297147,0.5807410401705293,0.8896718401090057,78963242.25732517,0.279998779296875,10.114500093460084,10.317500082651774,11.194572798411052,False,False,False,False,False,False,dry_up,1,1,normal,False,False,surge,False,1.0,,0.019651750138743682,47.1490435567311,True,False,True,False,False,True,False,,Uptrend Under Pressure,10.31,-0.0252,0.6603276024881605,0.9308295144731314,0.10235174906593247,-0.22852721457090608,0.4594279021496065,0.3919406150583245,,False,,,0,0,0.445,0.887
NOC,Northrop Grumman Corporation,Industrials,XLI,76671418368.0,2026-09-14,527.3900146484375,0.016224530166754292,0.024098090509055314,-0.09572331393355571,-0.07734967111703672,-0.055429915493795834,False,-0.06781131682609565,-0.030357452671029628,-0.007493397162079751,0.0443778439167859,0.899257449184443,1.129654633467207,1.1332595974390727,0.690927450936514,1.129654633467207,407572086.9058533,0.4800613567370708,540.1662078857422,536.8186823527018,564.4374209086101,False,False,False,False,False,False,accumulation,4,3,normal,False,False,,False,50.0,분산3일,0.02037403334480578,44.07580597701726,True,False,False,False,False,True,False,,Uptrend Under Pressure,546.52,-0.035,0.31831125422384693,0.9111039498183728,-0.16598066481958307,-0.3336722068276521,0.18542645053779727,0.3917815482502651,,False,,,0,0,0.445,0.887
EXR,Extra Space Storage Inc,Real Estate,XLRE,31141130240.0,2026-09-14,139.39999389648438,0.012786940675969749,0.0010771554505162317,-0.057471266739531957,-0.03832039560011902,-0.08631084561407598,False,-0.02837855686231283,-0.06205807948197695,-0.010475945197529701,-0.03278940683925624,0.9120051575403771,2.0113118597050845,1.4983186839428306,0.7733280933473786,2.0113118597050845,154520901.41125184,0.7369388963538227,142.31799850463867,145.71699930826824,142.6854683558146,False,False,False,True,False,False,accumulation,4,5,attention,True,False,surge,False,32.0,분산5일,0.01831315909081882,40.329088556633366,True,False,False,True,False,True,False,,Uptrend Under Pressure,152.85,-0.088,0.4873628952269982,0.9371875788942187,-0.11846981301628945,-0.08477162260138271,0.38122355952399795,0.39172852598091207,,False,,,0,0,0.445,0.887
SF,Stifel Financial Corporation,Financials,XLF,12197919744.0,2026-09-14,77.97000122070312,-0.022442337858391892,-0.043195444046408515,-0.08549916555929893,-0.06691778228764478,0.047461635404680846,False,-0.05727158318435854,0.07526522916944356,-0.06737910696155258,0.043647621899117084,0.9138604456182122,0.5613306163711939,1.073917842172534,0.5262170753429745,0.5613306163711939,83801897.51935272,0.17531016762049725,80.64958267211914,78.82564442952474,76.47982775370279,False,False,True,True,True,False,dry_up,0,3,normal,False,False,,False,59.0,분산3일,0.022743237441206,39.46427997758016,True,False,False,True,False,True,False,,Uptrend Under Pressure,73.23,0.0647,0.34675936565015203,0.9738729071360308,-0.055724525161330196,0.03824664572392389,0.5363538315090206,0.391304347826087,,False,,,0,0,0.445,0.887
FLS,Flowserve Corporation,Industrials,XLI,10053349376.0,2026-09-14,71.38999938964844,-0.04123018711484805,-0.06850208822821446,-0.11722521373766448,-0.09928845957808496,-0.03401418914636167,False,-0.0899769083679045,-0.008373271942627714,-0.031093228782165583,0.0680564575797813,0.8621980284834404,1.1391101768347254,0.9804730334249082,0.6956222887647949,1.1391101768347254,123749945.89459229,0.8436584562767528,77.97200012207031,75.41703961690267,75.44981377919515,False,False,False,True,False,False,distribution,2,6,normal,False,False,,False,27.0,분산6일,0.036939938421947524,34.94255224404192,True,False,False,False,False,True,False,,Uptrend Under Pressure,78.67,-0.0925,0.4088372705860728,0.9111039498183728,0.21302087273250936,-0.06936140188459106,0.6461899712164824,0.38886532343584307,,False,,,0,0,0.445,0.887
MU,"Micron Technology, Inc.",Information Technology,XLK,1082783105024.0,2026-09-14,924.030029296875,-0.05252956130238706,-0.09104948417101999,-0.04901914781311201,-0.029696541388924302,-0.07272031586870376,False,-0.01966554929123221,-0.04810680567179515,-0.019449383019872313,-0.07164435623842436,0.8990630313562861,1.0360468491260761,0.9624961889137752,0.7533386519777182,1.0360468491260761,25037680551.79231,0.7237426591992678,960.425503540039,957.9368916829427,808.5131306966146,False,False,False,True,True,False,distribution,1,1,normal,False,False,,False,82.0,,0.047275835102332846,46.414366040878875,True,False,False,False,False,True,False,,Uptrend Under Pressure,724.55,0.2753,0.5151816688417656,0.9308295144731314,4.28308158035289,0.8888030554807267,0.9923580099803964,0.3866914103923648,,False,,,0,0,0.445,0.887
BPOP,"Popular, Inc.",Financials,XLF,10726905856.0,2026-09-14,165.67999267578125,0.012033387582453647,-0.02761220314891255,-0.06341993748602093,-0.04438993505107991,-0.02508367394954991,False,-0.03451084318048214,0.0007942929066480087,-0.04486239770573908,-0.028633535737962457,0.9365800625139791,1.2246589556123177,1.1156425535983296,0.6665240171332415,1.2246589556123177,78800766.40710144,0.7356033888158665,168.31247024536134,169.37718302408854,157.60492858886718,False,False,True,True,False,False,accumulation,4,5,normal,False,False,,False,46.0,분산5일,0.016853555065361497,42.26384980747469,True,False,False,True,False,True,False,,Uptrend Under Pressure,168.47,-0.0165,0.3079632012335788,0.9738729071360308,0.21392102989316353,0.1622587057987992,0.8012304784214062,0.38462354188759285,,False,,,0,0,0.445,0.887
ISRG,"Intuitive Surgical, Inc.",Health Care,XLV,135020658688.0,2026-09-14,377.94000244140625,0.023811482297861675,0.030651731279542904,-0.04200148770385537,-0.022536292200194374,-0.1316098087790597,False,-0.01243127748370998,-0.10855944846998422,-0.04417164634707227,-0.13404498901201234,0.87318349967951,1.0655296699426116,1.2951320489599472,1.09804959057871,1.0655296699426116,848058563.4702698,0.9004689175976991,372.67449951171875,381.2681655883789,412.6424153645833,True,False,False,False,False,False,accumulation,4,1,normal,False,False,,False,172.0,,0.029057894391632862,53.038098301239636,True,False,False,False,True,True,False,,Uptrend Under Pressure,592.85,-0.3625,0.5285335707218696,0.9548611509199223,-0.2639656181197363,-0.2802507578617799,0.1237426712822797,0.3844644750795334,,False,,,0,0,0.445,0.887
SYF,Synchrony Financial,Financials,XLF,25079584768.0,2026-09-14,75.87999725341797,-0.001447566962019975,-0.05055056316426665,-0.06320991045163005,-0.044175640559868334,-0.022728697434212464,False,-0.034294333313937275,0.0032117794062607175,-0.044648209163750785,-0.026287134154566405,0.93679008954837,0.6581341026275848,0.796539406083104,0.6540035557771204,0.6581341026275848,255685861.99264526,0.6690652615401504,78.5409999847412,76.58727760314942,74.24156697591145,False,False,True,True,True,False,dry_up,0,2,normal,False,False,,False,15.0,,0.024884207099603175,43.01484561491473,True,False,False,True,False,True,False,,Uptrend Under Pressure,79.47,-0.0452,0.4569855263836315,0.9738729071360308,-0.10440410110124132,0.07226730755344946,0.5121537442314258,0.3835100742311771,,False,,,0,0,0.445,0.887
SUNB,"Sunbelt Rentals Holdings, Inc.",Industrials,XLI,29631008768.0,2026-09-14,73.05999755859375,0.005228360646978514,0.0651698711089419,-0.13844345602203023,-0.12093782699365718,-0.00115518191193964,False,-0.11185008683097775,0.02535793763102956,-0.05438172653107287,0.10438750351447412,0.8615565439779698,0.6200476902962714,1.1185439096717615,0.6415851790394108,0.6200476902962714,562488760.8094788,0.9248810820104304,73.58799934387207,74.83684387207032,73.95605436960857,False,False,False,True,False,False,weak_rally,4,2,normal,False,False,,False,21.0,,0.04313480526858179,48.45911306927102,True,False,False,False,False,True,False,,Uptrend Under Pressure,81.23,-0.1006,0.3203960146770287,0.9111039498183728,,-0.04469397428701649,,0.38213149522799583,,False,,,0,0,0.445,0.887
ZM,"Zoom Communications, Inc.",Information Technology,XLK,28209649664.0,2026-09-14,95.36000061035156,-0.0021973326895806666,-0.05891642270624631,-0.10003773655821424,-0.08175175680045421,0.07111386009949672,False,-0.07225891124836359,0.099545273370788,-0.07205434194877625,0.07235671626535733,0.8681719208821203,1.0261718121595305,0.7858817388455888,0.4581342417126442,1.0261718121595305,324206771.89882964,0.18408077280750032,99.78350028991699,94.96366640726725,94.53899981180827,False,True,True,True,True,False,distribution,1,2,normal,False,False,,False,21.0,,0.040927606221933956,44.51356440276189,True,False,False,False,False,True,False,,Uptrend Under Pressure,109.84,-0.1318,0.310788769322825,0.9308295144731314,0.08368781325420982,0.2553824194476626,0.7547967630413303,0.38170731707317074,,False,,,0,0,0.445,0.887
BAX,Baxter International Inc.,Health Care,XLV,13441896448.0,2026-09-14,23.860000610351562,0.002521066185480425,-0.07626787917821409,-0.10702561972769431,-0.08888162402346345,0.03152945567069998,False,-0.079462487001562,0.05891014912280368,-0.10904847889150915,0.028636792711637993,0.8419472745453526,1.1833287534081012,1.160315834721565,0.6615879875355272,1.1833287534081012,123873263.37737998,0.4160567132222969,25.607940578460692,24.31122770309448,21.206272888183594,False,False,True,True,True,False,accumulation,1,4,normal,False,False,,False,23.0,분산4일,0.03209856455071057,35.8711803606879,True,False,False,False,False,True,False,,Uptrend Under Pressure,27.6,-0.1355,0.6040782517386739,0.9548611509199223,-0.07502368536440973,0.31727791140319583,0.6248917509106491,0.38054082714740195,,False,,,0,0,0.445,0.887
ETN,"Eaton Corporation, PLC",Industrials,XLI,156090187776.0,2026-09-14,393.1600036621094,-0.07572229312084977,-0.04305708209469805,-0.12923302881768806,-0.1115402567364776,-0.031948849486075126,False,-0.10235536454146155,-0.006253110355733282,-0.04427264160593536,0.07034003083363194,0.8547700038395779,1.7428736469127588,1.110669587685886,0.7214463350973185,1.7428736469127588,753881512.3119339,0.45098507969560614,412.9230026245117,414.7370157877604,405.28357823689777,False,False,True,True,False,False,distribution,2,4,interest,False,False,,False,30.0,분산4일,0.03747838150651549,42.18026207123191,True,False,False,False,False,True,False,,Uptrend Under Pressure,414.18,-0.0508,0.3378036219731611,0.9111039498183728,0.06442270335158162,0.08591664573264413,0.668607198818813,0.38016967126193,,False,,,0,0,0.445,0.887
CCJ,Cameco Corporation,Energy,XLE,43013238784.0,2026-09-14,93.26000213623047,-0.03537441206195591,-0.07425050512363762,-0.04583584842904642,-0.026448561794960468,-0.054416307297183275,False,-0.016383992101155154,-0.02931693947896641,-0.08457611040408108,-0.20328802342005126,0.868666184855055,1.2429045873163882,0.8603966832174076,0.9095771804872923,1.2429045873163882,268136485.4196453,0.5243908112282399,99.80600051879883,96.5355000813802,104.48708318074544,False,False,False,False,False,False,distribution,1,2,normal,False,False,,False,161.0,,0.041328406556660514,40.82117180769754,True,False,False,False,False,True,False,,Uptrend Under Pressure,121.87,-0.2348,0.3089589196194931,0.9880569773625073,0.025067636382194447,-0.23290603061071669,0.3974013435323006,0.37963944856839876,,False,,,0,0,0.445,0.887
BTSG,"BrightSpring Health Services, I",Health Care,XLV,11555271680.0,2026-09-14,60.29999923706055,0.026732499694557932,-0.0070805254144078456,-0.02284880681138901,-0.002994455507164928,-0.1449504311393297,False,0.007312582615195851,-0.12225418140780375,-0.02506235211486285,-0.14734820097751344,0.8270469922963105,1.5485346351087885,1.23578387955532,0.8983,1.5485346351087885,133356838.67862377,0.8356639439159593,59.85700035095215,64.90291665395101,58.74187517166138,True,False,False,True,False,False,accumulation,3,1,interest,True,False,surge,False,59.0,,0.04203980803387545,48.19972574296008,True,False,False,False,True,True,False,,Uptrend Under Pressure,66.25,-0.0898,0.4592861839401414,0.9548611509199223,0.7992576238462727,0.3314793154055482,0.9423644540515119,0.3796394485683987,,False,,,0,0,0.445,0.887
CYTK,"Cytokinetics, Incorporated",Health Care,XLV,9858151424.0,2026-09-14,72.44999694824219,-0.017893449300411257,-0.0037129299770153334,-0.022662894474858808,-0.002804765690888389,-0.18005572756148658,False,0.007504233443804242,-0.15829130518069312,-0.02487686092644381,-0.1823550534918701,0.8417566771828272,0.8924874891009981,0.9365285075870907,0.9901752752941864,0.8924874891009981,127750005.51967926,0.04761920489337037,74.88399925231934,78.80983289082845,74.19183314641317,False,False,True,True,False,False,dry_up,1,1,normal,False,False,,False,50.0,,0.0381346835885436,41.88107446082598,True,False,False,False,False,True,False,,Uptrend Under Pressure,86.49,-0.1623,0.3118624956964781,0.9548611509199223,0.1518211010780932,0.035714785227299206,0.6956424512794308,0.37926829268292683,,False,,,0,0,0.445,0.887
PWR,"Quanta Services, Inc.",Industrials,XLI,91271970816.0,2026-09-14,622.02001953125,-0.04389928495859363,-0.003827539142665204,-0.0929744335526913,-0.07454493731537581,-0.08895829975707303,False,-0.06497758770101203,-0.06477580707176656,-0.004476309615249918,0.00730669139854756,0.8611538281813576,1.0832248667087458,0.7578822186046679,0.7769894418127918,1.0832248667087458,673273391.4136108,0.6142061846024296,634.5295043945313,655.5071889241536,661.2084462483724,False,False,False,True,False,False,distribution,1,1,normal,False,False,,False,84.0,,0.03521592040576503,46.10453765042313,True,False,False,False,False,True,False,,Uptrend Under Pressure,773.6,-0.1959,0.42903337029236743,0.9111039498183728,0.44498250711856446,0.019603057668332147,0.7856731341022505,0.3776246023329799,,False,,,0,0,0.445,0.887
AEE,Ameren Corporation,Utilities,XLU,29348155392.0,2026-09-14,103.97000122070312,-0.008865589052888145,-0.016553159097554948,-0.045857600179464164,-0.02647075551065159,-0.10892005006263761,False,-0.01640641525536335,-0.08526741773457014,0.010952925750393971,-0.0038911585258903925,0.9150361765980669,1.7174410816914052,1.1619685137847162,0.559107614633633,1.7174410816914052,145293597.52342528,0.10869790565278867,106.21435356140137,109.19264945983886,108.86753114064534,False,False,False,False,False,False,distribution,3,3,interest,False,False,,False,54.0,분산3일,0.014791449902335054,35.54346749841223,True,False,True,True,False,True,False,,Uptrend Under Pressure,117.49,-0.115,0.4455162322367199,0.8879381683361783,-0.07114068399509799,-0.1693547885067893,0.3538622596757163,0.3772004241781548,,False,,,0,0,0.445,0.887
OMC,Omnicom Group Inc.,Communication Services,XLC,24013500416.0,2026-09-14,81.06999969482422,0.026072617426865285,-0.01876062696962255,-0.07422633347781293,-0.05541590195866175,0.00934344781271057,False,-0.045650796476484845,0.036135240699012305,-0.09128240996121828,-0.01785512924839716,0.9115133513542818,1.0045215934583642,1.1684783967058827,0.6429124438291667,1.0045215934583642,197691921.99583358,0.6756639181347233,84.8349998474121,81.63466682434083,78.23843313852946,False,False,True,True,True,False,accumulation,3,4,normal,False,False,,False,141.0,분산4일,0.029762631303689953,44.35655376922203,True,False,False,True,False,True,False,,Uptrend Under Pressure,81.57,-0.0061,0.34996750007139377,0.9638367007488521,-0.021542356755365977,-0.027861430744408056,0.5212462155213933,0.3770943796394486,,False,,,0,0,0.445,0.887
BLK,"BlackRock, Inc.",Financials,XLF,187759116288.0,2026-09-14,1065.5999755859375,-0.013013521521244908,-0.04564025250195147,-0.08746611081521682,-0.0689246931316716,0.05290086972187802,False,-0.05929924146223042,0.08084884133899806,-0.0693850255698758,0.04906705089605756,0.905505836301413,0.8262864447128974,0.8500896438061089,0.44310355543044383,0.8262864447128974,624449673.0001221,0.3501804059823175,1126.873272705078,1079.0951772054036,1050.539488220215,False,False,True,True,True,False,dry_up,0,4,normal,False,False,,False,42.0,분산4일,0.02104849951312217,38.00370489964989,True,False,False,True,False,True,False,,Uptrend Under Pressure,1087.82,-0.0204,0.43545811608312834,0.9738729071360308,-0.11388991476435517,0.09012548995396474,0.5152842061469656,0.3767762460233299,,False,,,0,0,0.445,0.887
HLN,Haleon plc,Health Care,XLV,44108099584.0,2026-09-14,9.390000343322754,0.021762869648696004,-0.021875003104408486,-0.03195870845752813,-0.012289457666807002,-0.05786854593239976,False,-0.0020785112283251417,-0.032860813585448234,-0.03415161705693348,-0.06051051485026926,0.9194286282567923,1.2256351508432968,1.354492689287864,0.5989144470219961,1.2256351508432968,109343460.9009653,0.5833392938034953,9.772499942779541,9.701536051432292,9.493472838401795,False,False,True,False,True,False,accumulation,2,7,normal,False,False,,False,32.0,분산7일,0.018887872439151323,39.08797444033431,True,False,False,True,False,True,False,,Uptrend Under Pressure,10.21,-0.0806,0.29942408651741187,0.9548611509199223,-0.15877259900366925,-0.16154456454943145,0.28473162139612496,0.3767762460233298,,False,,,0,0,0.445,0.887
FERG,Ferguson Enterprises Inc.,Industrials,XLI,43432067072.0,2026-09-14,222.30999755859375,-0.0010335028960091197,-0.026706387661284192,-0.08900380366793115,-0.0704936297615093,-0.05134709064564191,False,-0.060884397750769814,-0.02616625420836416,-0.0001182669511260448,0.048892079421326784,0.8459299662134504,0.8419591755641436,0.7715053909962566,0.5469803348352159,0.8419591755641436,300332855.90289,0.9296687671242064,230.44683761596679,234.1152473449707,236.43566602071127,False,False,False,True,False,False,dry_up,0,1,normal,False,False,,False,30.0,,0.02484624821282815,39.96962613436002,True,False,False,False,False,True,False,,Uptrend Under Pressure,233.46,-0.0478,0.48749035365450855,0.9111039498183728,-0.06674354280365102,-0.05002106465153944,0.4550524909161208,0.37645811240721105,,False,,,0,0,0.445,0.887
EME,"EMCOR Group, Inc.",Industrials,XLI,32400484352.0,2026-09-14,749.7000122070312,-0.03965870161472729,-0.0059138128465023865,-0.10354059966683149,-0.08532579320877554,-0.05220908686259029,False,-0.07586989602644567,-0.0270511310653595,-0.016073412356651162,0.047939000591827874,0.8691771179367465,1.1419015557865608,0.8588594980835147,0.6544197635685186,1.1419015557865608,262685051.0987854,0.6767702058214002,767.3049987792969,783.5638997395833,809.6571100870768,False,False,False,True,False,False,distribution,1,2,normal,False,False,,False,31.0,,0.03389671940838036,45.544856742707196,True,False,False,False,False,True,False,,Uptrend Under Pressure,802.37,-0.0656,0.47949553576491777,0.9111039498183728,0.08814139877005434,-0.007359075340168331,0.6286275032955206,0.37476139978791095,,False,,,0,0,0.445,0.887
ELAN,Elanco Animal Health Incorporat,Health Care,XLV,11946833920.0,2026-09-14,23.149999618530273,-0.0008632049071132242,-0.05510205638651944,-0.021968756066226836,-0.002096523356564184,-0.09359387638175032,False,0.00821979758368907,-0.06953442943385502,-0.02418429495289176,-0.09613566266351281,0.8749055336179219,0.8145663109153111,0.9252657747806221,0.6710805374493458,0.8145663109153111,114473939.53741837,0.25510215997602187,24.029999923706054,24.468833287556965,23.779916588465372,False,False,False,False,False,False,dry_up,0,1,normal,False,False,,False,27.0,,0.031070650889882024,42.22098641943653,True,False,False,False,False,True,False,,Uptrend Under Pressure,26.22,-0.1171,0.433575954962178,0.9548611509199223,0.002220500939918324,-0.16897171171306413,0.4208109580864048,0.3747083775185579,,False,,,0,0,0.445,0.887
EQIX,"Equinix, Inc.",Real Estate,XLRE,103281623040.0,2026-09-14,998.719970703125,-0.03758239322846879,-0.03596595539304337,-0.0894728934602197,-0.07097225080504532,-0.019721822898746133,False,-0.06136796677615941,0.006298467765221805,-0.044073201509692295,0.03770022067719858,0.9105271065397803,1.0432337850073266,0.968791214793534,0.6203783548894862,1.0432337850073266,554507515.9246582,0.11271849605912904,1052.069497680664,1045.428310139974,1047.178533935547,False,False,False,True,False,False,distribution,3,2,normal,False,False,,False,22.0,,0.03048903033979146,37.988996174758924,True,False,False,True,False,True,False,,Uptrend Under Pressure,1064.09,-0.0614,0.412246410568533,0.9371875788942187,0.14446955281450946,-0.05775289344561163,0.6186235916312997,0.3743372216330859,,False,,,0,0,0.445,0.887
MMM,3M Company,Industrials,XLI,88616583168.0,2026-09-14,162.02000427246094,-0.017882020527450693,-0.03879920135772086,-0.10906506120417403,-0.09096250411028373,-0.007192965061004419,False,-0.08156487921587385,0.019159888879634046,-0.02213689340998637,0.09771173953391821,0.8854568793394036,1.049739753075896,1.0669660933126497,0.47167627994901995,1.049739753075896,469826675.96707153,0.5612909894566898,172.79761505126953,169.80633824666342,158.97424240112304,False,False,True,True,True,False,distribution,1,5,normal,False,False,,False,38.0,분산5일,0.020032773823337766,29.627201670993244,True,False,False,False,False,True,False,,Uptrend Under Pressure,170.02,-0.047,0.5872362370582885,0.9111039498183728,-0.028884598396368366,0.02998696638754339,0.5530256609695048,0.3743372216330859,,False,,,0,0,0.445,0.887
ACGLO,Arch Capital Group Ltd. - Depos,Financials,XLF,0.0,2026-09-14,18.709999084472656,0.0016059303429756255,-0.012143687597652164,-0.034820796308451474,-0.01520969915664716,-0.03635346777631998,False,-0.005028942159466254,-0.010774643875606782,-0.015696588795931055,-0.039862294032348644,0.9545917714451425,1.0007383656831905,0.9551012977029747,0.398006221719457,1.0007383656831905,469054.40922546387,0.2400931155548771,18.989449882507323,19.182949860890705,19.40942605336507,False,False,False,False,False,False,accumulation,2,4,normal,False,False,,False,,분산4일,0.01468237641233661,26.94110129107675,False,False,False,True,False,True,False,,Uptrend Under Pressure,,,0.45932006761785454,0.9738729071360308,-0.21910641814326415,-0.17203146058132823,0.2157162980733358,0.37423117709437964,,False,,,0,0,0.445,0.887
WSO,"Watsco, Inc.",Industrials,XLI,12780753920.0,2026-09-14,311.5799865722656,-0.008401803316725243,-0.011265250073115185,-0.004727563399572032,0.015494986332158067,-0.23992869448263898,False,0.02599316820788289,-0.21975352710985707,0.09238077257686572,-0.15961595195531053,0.7874957298374087,0.9552612929096668,0.7980066019408808,0.5682822855883886,0.9552612929096668,146597361.1192917,0.574388346768491,312.47650146484375,346.96978861490885,369.9208651224772,False,False,False,False,False,False,dry_up,1,2,normal,False,False,,False,96.0,,0.0300289757914662,43.41643662233338,True,True,True,False,False,True,False,,Uptrend Under Pressure,452.97,-0.3121,0.5944712435255761,0.9111039498183728,-0.32253597530586053,-0.27171847125931214,0.09324096077708714,0.37396606574761404,,False,,,0,0,0.445,0.887
PBA,Pembina Pipeline Corp.,Energy,XLE,28321728512.0,2026-09-14,47.599998474121094,-0.004392447043250702,-0.016732108569389226,-0.03507000390671999,-0.015463970306224928,0.003290250453543919,False,-0.0052858419628633024,0.029921368586075747,-0.07424737267987824,-0.15466672628685685,0.9266108519339743,2.329940485492431,1.3445154774495818,0.5870218658751127,2.329940485492431,47121007.81264267,0.14084310291099386,48.587999534606936,48.580833435058594,47.12663431167603,False,False,True,True,True,False,distribution,3,2,attention,False,False,,False,65.0,,0.01707682143385499,41.7442862946824,False,False,False,True,False,True,False,,Uptrend Under Pressure,48.31,-0.0147,0.4417994947632425,0.9880569773625073,0.07202336253482122,-0.05088750126027819,0.5759547965369336,0.37343584305408273,,False,,,0,0,0.445,0.887
ESS,"Essex Property Trust, Inc.",Real Estate,XLRE,19505250304.0,2026-09-14,275.7300109863281,0.01033310353734862,-0.010336938791336903,-0.041005768217329486,-0.021520341080505045,-0.09531168504464416,False,-0.011404823466640623,-0.0712978352361705,0.006810537736175348,-0.04231749109285077,0.9242759594285627,0.5145411775070218,0.8031135238029763,0.5676958696353662,0.5145411775070218,136845023.9156479,0.9630100696900823,281.885498046875,286.9380447387695,274.20724131266275,False,False,False,True,False,False,weak_rally,1,5,normal,False,False,,False,48.0,분산5일,0.017088378941308192,41.15559765240195,True,False,True,True,False,True,False,,Uptrend Under Pressure,298.32,-0.0757,0.4145051521338503,0.9371875788942187,-0.07041769425765643,-0.007041246223448372,0.48896639360386374,0.3729586426299045,,False,,,0,0,0.445,0.887
JCI,Johnson Controls International ,Industrials,XLI,83737698304.0,2026-09-14,137.75999450683594,-0.056502981373742545,-0.04953779366378108,-0.1033585325819939,-0.08514002677435073,-0.04202157785608973,False,-0.0756822091395899,-0.016593207036181945,-0.015873581058725272,0.05920297016445519,0.8901524902855363,1.3734534395260707,1.2282337836057189,0.5902981817120718,1.3734534395260707,436979047.7377655,0.42336413443454085,143.37350006103514,144.47999954223633,142.07387765248617,False,False,False,True,False,False,distribution,4,4,normal,False,False,,False,59.0,분산4일,0.025507600572571714,40.06501158396284,True,False,False,False,False,True,False,,Uptrend Under Pressure,144.82,-0.0488,0.2764232176689066,0.9111039498183728,0.18138129550962478,-0.008797954208987435,0.6817259709632417,0.37253446447507954,,False,,,0,0,0.445,0.887
EXPE,"Expedia Group, Inc.",Consumer Discretionary,XLY,38061400064.0,2026-09-14,287.8599853515625,0.02503293492658365,-0.03415656590220839,-0.13350278199500953,-0.1158967653516021,0.05018850717362855,False,-0.1067569107199422,0.07806448242936836,-0.0924238377607306,0.11348642362603778,0.850042648140897,1.0521440951577585,1.3429589013671537,0.5158899431440597,1.0521440951577585,499566164.9355103,0.5445525788827451,309.52124481201173,289.10521138509114,261.64420483907065,False,False,True,True,True,False,accumulation,3,5,normal,False,False,,False,27.0,분산5일,0.04454963235037099,43.440345151279736,True,False,False,False,False,True,False,,Uptrend Under Pressure,319.2,-0.0982,0.28563804615837907,0.9099102163807861,0.24754161747434078,0.2201126284988082,0.8356499580570108,0.37163308589607635,,False,,,0,0,0.445,0.887
GIS,"General Mills, Inc.",Consumer Staples,XLP,22026735616.0,2026-09-14,36.470001220703125,0.01729435907869248,-0.04753198358076227,-0.06964284410977184,-0.05073928247038273,-0.033371257020393785,False,-0.04092583012031148,-0.007713273966184264,-0.05123849939878844,-0.005807841536566105,0.8777377109594189,1.3391271294455618,1.1112052970954982,0.6314996483389186,1.3391271294455618,346327370.22752607,0.29866205659882006,39.094000053405765,37.266731643676756,35.629496335983276,False,False,True,True,True,False,accumulation,1,5,normal,False,False,,False,50.0,분산5일,0.0347254215995686,39.698984345763094,True,False,False,False,False,True,False,,Uptrend Under Pressure,36.93,-0.0125,0.32342131475448943,0.9497192280606287,-0.31715521815251657,-0.1343513018396797,0.1914483784682104,0.37046659597030757,,False,,,0,0,0.445,0.887
LLY,Eli Lilly and Company,Health Care,XLV,1031504003072.0,2026-09-14,1138.280029296875,0.020238486253659094,-0.00964010944864968,-0.03548671677559623,-0.015889150200213975,-0.08082887912133241,False,-0.005715417364379971,-0.05643060086330509,-0.037671633360769397,-0.08340646160314025,0.889045144011872,0.8633521917851554,0.8463219102022499,0.7146523066189936,0.8633521917851554,2915362565.069275,0.3389963032898061,1181.030499267578,1178.1192647298178,1084.1772750854493,False,False,True,True,True,False,weak_rally,0,2,normal,False,False,,False,17.0,,0.02481436196265163,42.53194052801389,True,False,False,False,False,True,False,,Uptrend Under Pressure,1280.34,-0.111,0.38015412544834865,0.9548611509199223,0.3431843062205091,0.041203181774909226,0.780474464520301,0.3698833510074231,,False,,,0,0,0.445,0.887
BF-A,Brown Forman Inc,Consumer Staples,XLP,12499462144.0,2026-09-14,26.75,0.00412915213482723,-0.014006604221209473,-0.06667240761209436,-0.047708490840190576,-0.01336236730844409,False,-0.0378637061820436,0.01282672736115198,-0.04820930166420412,0.01477160160089075,0.9030186441711443,1.2472526017530388,1.3846710625038618,0.5310979565358417,1.2472526017530388,3883868.9486789703,0.22857230050223215,27.671880340576173,27.444286918640138,27.139905754725138,False,False,True,True,True,False,accumulation,3,6,normal,False,False,,False,,분산6일,0.03031850135917117,43.019060022629205,False,False,False,True,False,True,False,,Uptrend Under Pressure,,,0.37133042844054115,0.9497192280606287,-0.12704085852502267,0.022507375583697975,0.4598577329983924,0.36972428419936376,,False,,,0,0,0.445,0.887
BIP,Brookfield Infrastructure Partn,Utilities,XLU,29930756096.0,2026-09-14,35.650001525878906,-0.03335139660014086,-0.039859938046359344,-0.09207628769809328,-0.07362854238791794,-0.04573278086106425,False,-0.06405171908757046,-0.020402919406312447,-0.03801766541093565,0.06674380248374301,0.8465718061108142,2.0295183959183802,1.0926878489680678,0.630487176954272,2.0295183959183802,27876216.82079773,0.38181935880629864,37.562897491455075,38.04035638173421,37.273459339141844,False,False,False,True,False,False,distribution,1,4,attention,False,False,,False,,분산4일,0.024595972280426544,35.04363054754168,False,False,False,False,False,True,False,,Uptrend Under Pressure,,,0.35416688048571615,0.8879381683361783,0.10426338217923359,-0.0919509539860901,0.5652637433948271,0.3692470837751856,,False,,,0,0,0.445,0.887
LYG,Lloyds Banking Group Plc,Financials,XLF,85015347200.0,2026-09-14,5.900000095367432,-0.018302850137306925,-0.02960523529561243,-0.04991947518120199,-0.03061516215518989,-0.03408368658441718,False,-0.02059366675419161,-0.008444614105559411,-0.031094435187856262,-0.0376007775594851,0.950080524818798,1.2538559406835093,1.253005600226534,0.5206306900773641,1.2538559406835093,75345310.74370006,0.720001220703125,5.986500000953674,5.950347383817037,5.596810539563497,False,False,True,True,True,False,distribution,2,5,normal,False,False,,False,64.0,분산5일,0.016949159195823498,45.46550241129405,True,False,False,True,False,True,False,,Uptrend Under Pressure,5.35,0.1033,0.45163959555548866,0.9738729071360308,0.19361733663442227,0.08614632385454013,0.7509077095962393,0.368610816542948,,False,,,0,0,0.445,0.887
RYAN,"Ryan Specialty Holdings, Inc.",Financials,XLF,16450456576.0,2026-09-14,39.689998626708984,0.041185722424326165,-0.052970680715481056,-0.050932594061660175,-0.03164886620026319,-0.07281667705967698,False,-0.02163805722629475,-0.04820572465325712,-0.03212762815987236,-0.07619273361038947,0.8565387289961859,1.3953045235658088,1.3836080112217288,0.7340745728984663,1.3953045235658088,62689898.5563488,0.8484842354709129,41.91199970245361,41.31701666514079,37.34287686347962,False,False,True,True,True,False,accumulation,3,6,normal,False,False,,False,25.0,분산6일,0.03777489578165151,40.62141542002976,True,False,False,False,False,True,False,,Uptrend Under Pressure,42.71,-0.0707,0.3920171448874328,0.9738729071360308,-0.29852609793489704,0.009606222947422971,0.31685068069740674,0.3683457051961824,,False,,,0,0,0.445,0.887
SRE,DBA Sempra,Utilities,XLU,53423656960.0,2026-09-14,82.98999786376953,-0.00419964590233568,-0.012494086629213919,-0.03957881788447959,-0.020064397104297305,-0.1270797507290451,False,-0.009933827949195506,-0.10390914554464792,0.017605552583095596,-0.024191288041320758,0.8705548753774881,0.6264405352558913,0.6958875800110209,0.5609247979058148,0.6264405352558913,330494650.3939667,0.12976983646274984,84.5544994354248,88.6263916015625,90.65037651062012,False,False,False,False,False,False,dry_up,1,2,normal,False,False,,False,200.0,,0.023755012810982083,41.58023537517529,True,False,True,False,False,True,False,,Uptrend Under Pressure,91.93,-0.0972,0.25000514820916214,0.8879381683361783,-0.10862739487917028,-0.21903213309369607,0.28605322124418053,0.3668610816542949,,False,,,0,0,0.445,0.887
MS,Morgan Stanley,Financials,XLF,335033204736.0,2026-09-14,206.5800018310547,-0.036384004450515595,-0.051166632956040625,-0.04959513594509757,-0.030284232797536004,-0.049586520090750597,False,-0.020259316250563097,-0.0243589514516932,-0.030763669444806796,-0.05304716220471539,0.9088478156218212,1.7979590456622705,1.1515633370771632,0.5840510479763857,1.7979590456622705,860548633.2484306,0.21208677491580274,214.12300186157228,215.45239791870117,202.8605183919271,False,False,False,True,False,False,distribution,1,4,interest,False,False,,False,42.0,분산4일,0.0234672019134867,39.0234863371735,True,False,False,True,False,True,False,,Uptrend Under Pressure,227.3,-0.0912,0.38969201401803666,0.9738729071360308,0.1933634542298026,0.20723297825486875,0.8075321016490039,0.36643690349946983,,False,,,0,0,0.445,0.887
AFRM,"Affirm Holdings, Inc.",Financials,XLF,25121011712.0,2026-09-14,73.37999725341797,0.027155581546947305,0.014236334499237113,-0.06343332887676711,-0.04440359853623488,-0.15077679575307235,False,-0.03452464791867549,-0.1282351997762714,-0.04487605443553777,-0.15386898420251816,0.8554441396323305,0.7210704684434409,0.736461371675771,1.2962192499741179,0.7210704684434409,430637570.41144025,0.729256550782096,74.10974960327148,76.33125,69.01504173278809,False,False,True,True,False,False,weak_rally,1,2,normal,False,False,,False,11.0,,0.055341080631307986,49.11003207636538,True,False,False,False,False,True,False,,Uptrend Under Pressure,77.49,-0.053,0.28076255253575577,0.9738729071360308,-0.19558846533037322,0.4148773554172036,0.52313851135174,0.36489925768822906,,False,,,0,0,0.445,0.887
MAS,Masco Corporation,Industrials,XLI,14229045248.0,2026-09-14,69.41000366210938,0.01298901142215736,-0.04525437997576642,-0.06209621317181657,-0.04303931450244691,-0.17555565567133258,False,-0.03314625992365705,-0.15367178436132112,0.029414686452795102,-0.08844095225661719,0.8542383856047667,1.139757947000163,1.2377489346566586,0.7913887231289951,1.139757947000163,134172142.6363205,0.8504679227793722,71.83440361022949,75.23703308105469,71.23911606470743,False,False,False,True,False,False,accumulation,4,4,normal,False,False,,False,33.0,분산4일,0.02455389234927554,40.898796206735355,True,False,True,False,False,True,False,,Uptrend Under Pressure,81.25,-0.1458,0.5503360873501185,0.9111039498183728,-0.15923301001587198,0.03160714221620742,0.4312749990390421,0.3645811240721103,,False,,,0,0,0.445,0.887
ALLY,Ally Financial Inc.,Financials,XLF,12840267776.0,2026-09-14,41.939998626708984,-0.0030901133600728103,-0.040933019306311325,-0.06613229193484993,-0.04715740076463848,-0.08786892160601834,False,-0.037306918940162914,-0.06365751270407527,-0.0476284951580731,-0.09119016997851381,0.9023799930579329,0.8813667952876626,1.0524579432281849,0.917917801828833,0.8813667952876626,125429437.08840331,0.3455853066078751,42.620499992370604,44.02499090830485,43.08396339416504,False,False,False,True,False,False,dry_up,3,3,normal,False,False,,False,66.0,분산3일,0.022012732211972384,42.02850740751288,True,False,False,True,False,True,False,,Uptrend Under Pressure,43.05,-0.0258,0.3429326851782517,0.9738729071360308,-0.08858300900986527,0.05957658383928277,0.5177291093389287,0.36431601272534464,,False,,,0,0,0.445,0.887
TPL,Texas Pacific Land Corporation,Energy,XLE,25819981824.0,2026-09-14,365.2699890136719,-0.010376637839365377,0.007863736770446828,0.020463029171842173,0.04119741666006371,-0.12054276341380066,False,0.051961310126551696,-0.09719864186029259,-0.020969050435075354,-0.25900359885082946,0.8447388304980269,1.0148665809815687,0.9248417315159592,0.6014755367801605,1.0148665809815687,125308727.3630249,0.09085742835019599,369.6332977294922,384.5888153076172,400.62671915690106,False,False,False,False,False,False,distribution,0,1,normal,False,False,,False,50.0,,0.034658857972328316,46.28869286801589,True,True,False,False,False,True,False,,Uptrend Under Pressure,406.55,-0.1015,0.43261275568127694,0.9880569773625073,-0.0687018266503715,-0.4457878553921163,0.26246204216005264,0.3639978791092259,,False,,,0,0,0.445,0.887
BAM,Brookfield Asset Management Inc,Financials,XLF,82258460672.0,2026-09-14,46.630001068115234,-0.013330454417957993,-0.07845844912497923,-0.13306037660510717,-0.11544537090034357,0.004735590347248575,False,-0.10630084975519938,0.031405073267471106,-0.11588270307544757,0.0010771507618936305,0.8428838715781002,1.5256966587664909,1.4949680324060841,0.7561960889100663,1.5256966587664909,113460867.31301785,0.43812802049471045,50.29684543609619,48.69707202911377,47.46777489980062,False,False,True,True,True,False,distribution,3,4,interest,False,False,,False,20.0,분산4일,0.02568020371134565,33.38793810916846,True,False,False,False,False,True,False,,Uptrend Under Pressure,53.79,-0.1331,0.4002722098930389,0.9738729071360308,-0.15236543356498566,0.11338434931414598,0.4955752972751754,0.36394485683987277,,False,,,0,0,0.445,0.887
SANM,Sanmina Corporation,Information Technology,XLK,10543672320.0,2026-09-14,196.0399932861328,-0.09240743849012589,-0.012243703933210948,-0.07019542453434424,-0.051303090559568054,-0.12685149700372889,False,-0.04149546685458416,-0.10367483310210579,-0.041284114136272754,-0.12583834794359083,0.8934870334719729,0.9229836431534126,0.7902961319571717,1.1441413492292123,0.9229836431534126,114360751.15126038,0.02014016641009038,197.73649978637695,207.96966603597005,207.32049992879232,False,False,False,True,False,False,dry_up,2,1,normal,False,False,,False,93.0,,0.05146363368701928,47.51472330304718,True,False,False,False,False,True,False,,Uptrend Under Pressure,217.82,-0.1,0.3900150645427756,0.9308295144731314,0.4667925335590446,0.397254873992845,0.9182457655669539,0.3637327677624602,,False,,,0,0,0.445,0.887
JBS,JBS N.V.,Consumer Staples,XLP,14393040896.0,2026-09-14,12.510000228881836,-0.006354243267392756,-0.039907867593699575,-0.08351644113607559,-0.06489477166560931,-0.0011996387590140767,False,-0.05522765868905699,0.025312300731078485,-0.06538654421155443,0.027281150315621838,0.8754373871432556,0.8597268011720183,0.9639290884772165,0.5423219331018856,0.8597268011720183,68463378.1865964,0.0810827529679824,13.341999959945678,12.889666604995728,13.635796785354614,False,False,True,False,False,False,dry_up,0,3,normal,False,False,,False,32.0,분산3일,0.03200297129931518,35.64047256454589,True,False,False,False,False,True,False,,Uptrend Under Pressure,14.23,-0.1209,0.6206405388602351,0.9497192280606287,-0.2414927186549597,-0.19199897344747074,0.18681113445045638,0.36235418875927894,,False,,,0,0,0.445,0.887
PAC,Grupo Aeroportuario Del Pacific,Industrials,XLI,12259755008.0,2026-09-14,201.41000366210938,-0.010075705220244147,-0.03247343308976591,-0.026910774859430497,-0.007138957088578257,-0.22293867918222654,False,0.0031252351980362025,-0.20231253253965265,0.06803315399362853,-0.14083069097932466,0.7916437587911814,0.494619227632853,0.6872279557554558,0.5983623694101039,0.494619227632853,24108628.569667052,0.6877078432962933,207.34599990844725,222.0538335164388,233.4669999440511,False,False,False,False,False,False,dry_up,0,2,normal,False,False,,False,,,0.02767632934325031,37.91933976208879,False,False,True,False,False,True,False,,Uptrend Under Pressure,,,0.34528809465728444,0.9111039498183728,-0.3195698855984964,-0.2106214866959022,0.12823905016652837,0.36150583244962886,,False,,,0,0,0.445,0.887
RY,Royal Bank Of Canada,Financials,XLF,282631340032.0,2026-09-14,205.16000366210938,-0.003593930336622697,-0.02578466579708205,-0.052641272741979606,-0.033392262851579924,-0.013498263886469353,False,-0.02339947710310586,0.012687223573925044,-0.033870162859394926,-0.01709031042795972,0.9473213483006736,0.6877944047607547,0.6117916182236623,0.39335362978027555,0.6877944047607547,244992038.24616852,0.4682737896494157,207.2664993286133,208.1468584696452,193.6436560312907,False,False,True,True,False,False,dry_up,0,2,normal,False,False,,False,35.0,,0.01574903204568771,44.224649067797,True,False,False,True,False,True,False,,Uptrend Under Pressure,207.84,-0.0129,0.35731166641251605,0.9738729071360308,0.2546752427546741,0.1437003048430443,0.8110679747754185,0.3610816542948039,,False,,,0,0,0.445,0.887
INTC,Intel Corporation,Information Technology,XLK,473159270400.0,2026-09-14,97.19000244140625,-0.055857779907018346,0.014509387738719237,-0.051804854230182884,-0.03253884948055752,-0.2095264268283762,False,-0.02253724114910194,-0.1885442682772872,-0.022321708093193005,-0.2086092087893202,0.7953355553893432,1.0451715337672627,1.1267724215510753,1.1346966688442781,1.0451715337672627,8709041032.881481,0.6149150276204215,94.34400062561035,103.55383326212565,97.29458322525025,True,False,False,True,False,False,distribution,2,2,normal,False,False,,False,59.0,,0.04969404371424391,50.33356514283881,True,False,False,False,False,True,False,,Uptrend Under Pressure,133.99,-0.2746,0.39669966484737174,0.9308295144731314,2.5525265028173787,0.9347211503457076,0.9904322502018011,0.36086956521739133,,False,,,0,0,0.445,0.887
MCD,McDonald's Corporation,Consumer Discretionary,XLY,186491863040.0,2026-09-14,257.489990234375,0.01964119700255096,0.00703972691846344,-0.049517201539800215,-0.03020471487366716,-0.09548845271919193,False,-0.020178976270811666,-0.07147929499341388,-0.004456664630652196,-0.040970910431372465,0.9188909270129536,0.9611882942374187,0.9856525632889864,0.5941229109873177,0.9611882942374187,1123481460.9780152,0.7476951456700018,261.26184997558596,266.78915049235025,277.13098373413084,False,False,False,False,False,False,weak_rally,1,6,normal,False,False,,False,54.0,분산6일,0.015501884238904431,42.74591955188855,True,False,False,True,False,True,False,,Uptrend Under Pressure,267.86,-0.0387,0.3606069755304338,0.9099102163807861,-0.24829436691604,-0.2889385307864085,0.1322872834735578,0.35927889713679745,,False,,,0,0,0.445,0.887
BKR,Baker Hughes Company,Energy,XLE,63084433408.0,2026-09-14,56.779998779296875,-0.038604851692828346,-0.10582679087721458,-0.12403580613051635,-0.10623743372280925,0.05689684176159915,False,-0.09699772097111725,0.08495088159117925,-0.15960105168641214,-0.10949990113077124,0.8748843982177077,1.411256338031837,1.294611012326895,0.7644804423292194,1.411256338031837,420243476.2332695,0.19561233199993305,62.55250015258789,59.72015520731608,61.65298449198405,False,False,False,True,False,False,distribution,1,4,normal,False,False,,False,9.0,분산4일,0.035343157489088006,29.728985043094724,True,False,False,False,False,True,False,,Uptrend Under Pressure,63.55,-0.1065,0.3329466267990839,0.9880569773625073,0.14700241315511464,-0.002847145027802145,0.6661383282044557,0.35906680805938496,,False,,,0,0,0.445,0.887
SNDK,Sandisk Corporation,Information Technology,XLK,229394644992.0,2026-09-14,1551.989990234375,-0.04981172839114034,-0.10805172975035915,-0.05430470590799308,-0.03508949466275635,-0.1294267149442343,False,-0.02511425488789998,-0.10631840706736051,-0.024899290070157787,-0.12841655401226337,0.8100494564681712,0.7996161454706255,0.8109132861420265,0.910135978298599,0.7996161454706255,19180816334.640736,0.6115315693152357,1597.6719909667968,1609.402657063802,1431.5835789998373,False,False,False,True,False,False,dry_up,2,0,normal,False,False,,False,9.0,,0.06296836666329053,48.83790364120001,True,False,False,False,False,True,False,,Uptrend Under Pressure,1566.7,-0.0094,0.573083860687485,0.9308295144731314,14.156900857581705,0.9560489716079112,0.9953340402969247,0.3589077412513256,,False,,,0,0,0.445,0.887
MTB,M&T Bank Corporation,Financials,XLF,33784739840.0,2026-09-14,237.82000732421875,-0.008380913528290956,-0.008422235842707737,-0.05799234113481733,-0.03885205750138254,-0.019214439118644844,False,-0.028915715081540783,0.006819319429995918,-0.039327258135081866,-0.022785671943623798,0.9420076588651827,1.0974312447146777,1.0980703759791288,0.48164504873138725,1.0974312447146777,237275838.35726318,0.22123073041159602,239.22984619140624,241.83674697875978,227.25102780659992,False,False,True,True,False,False,distribution,2,3,normal,False,False,,False,33.0,분산3일,0.016892825258626683,45.10417478809402,True,False,False,True,False,True,False,,Uptrend Under Pressure,250.99,-0.0525,0.3605607497028734,0.9738729071360308,0.09399815125627153,0.10046524090875097,0.7058482771719345,0.35880169671261936,,False,,,0,0,0.445,0.887
LEN-B,Lennar Corporation,Consumer Discretionary,XLY,19816034304.0,2026-09-14,78.66999816894531,0.0051105345986282025,-0.042594621857041326,-0.07837397368287924,-0.05964781643600947,-0.10195961781436413,False,-0.0499264604636418,-0.07812222928700796,-0.03468148009691274,-0.047832111472230876,0.9066497777170498,1.5573588096544972,1.4365440816508181,0.8697714412515256,1.5573588096544972,6908007.182025909,0.8013691113840044,82.64149932861328,83.80486272176107,85.05829493204753,False,False,False,False,False,False,accumulation,3,3,interest,True,False,surge,False,,분산3일,0.026621134502589204,40.90824917257973,False,False,False,True,False,True,False,,Uptrend Under Pressure,,,0.37737995907412203,0.9099102163807861,-0.4549235805685855,-0.18072080903695997,0.10978910929370721,0.35509013785790033,,False,,,0,0,0.445,0.887
DHI,"D.R. Horton, Inc.",Consumer Discretionary,XLY,40433614848.0,2026-09-14,139.41000366210938,0.011023310458982083,-0.023397522507114688,-0.06316775788389584,-0.044132631510666376,-0.13686825673451408,False,-0.034250879637408804,-0.11395747552394175,-0.018754367245011783,-0.08484479561353986,0.8912893011908702,1.0933405934284155,1.3164093580911682,0.8926086109487629,1.0933405934284155,285911367.12469786,0.8322665853906329,144.44349975585936,149.07466456095378,147.3091655731201,False,False,False,True,False,False,accumulation,3,4,normal,False,False,,False,59.0,분산4일,0.024908553124342012,42.79181610678,True,False,False,False,False,True,False,,Uptrend Under Pressure,157.34,-0.114,0.3836382229556663,0.9099102163807861,-0.29934159494443,-0.09105739262318557,0.23455333542859857,0.3548780487804878,,False,,,0,0,0.445,0.887
TME,Tencent Music Entertainment Gro,Communication Services,XLC,13550859264.0,2026-09-14,8.109999656677246,0.016290681365042525,-0.018159875066358855,-0.08257924019344487,-0.06393852810512446,-0.08013967862812899,False,-0.05426152948762786,-0.055723106382152165,-0.09948142613000022,-0.10492697168531895,0.8191919160781982,0.49050820777141624,0.5861542023712782,1.055752527037459,0.49050820777141624,82527656.946908,0.46153394710780177,8.45500009059906,8.772333327929179,9.00907342036565,False,False,False,False,False,False,weak_rally,0,0,normal,False,False,,False,24.0,,0.02633433061207163,39.281788222933024,True,False,False,False,False,True,False,,Uptrend Under Pressure,9.9,-0.1808,0.563205306408268,0.9638367007488521,-0.7097885080820097,-0.46928457004693247,0.0038311698589313693,0.35344644750795334,,False,,,0,0,0.445,0.887
WTS,"Watts Water Technologies, Inc.",Industrials,XLI,12209850368.0,2026-09-14,351.92999267578125,-0.011488108713282319,-0.030842982007630138,-0.08293732863288739,-0.06430389240292367,-0.06368830673680836,False,-0.05463067091963336,-0.03883505285450384,0.006540111641407886,0.035246831848891214,0.8988023338846778,1.0840245539152054,0.9084288574508812,0.42850183469658754,1.0840245539152054,66262576.50140381,0.8612219477257157,365.1376892089844,360.3070383707682,331.39364471435545,False,False,True,True,True,False,distribution,2,4,normal,False,False,,False,26.0,분산4일,0.02523576452575305,42.3071244362957,True,False,True,False,False,True,False,,Uptrend Under Pressure,376.47,-0.0652,0.3962632605668015,0.9111039498183728,0.1350738729805845,0.09156824464752433,0.7223114091713829,0.3527041357370096,,False,,,0,0,0.445,0.887
CBRE,CBRE Group Inc,Real Estate,XLRE,42222972928.0,2026-09-14,140.89999389648438,0.0027755989245978885,-0.04700718241543578,-0.07824157180500013,-0.059512724336376555,-0.025861042026545933,False,-0.04978997178258682,-3.7094594595998842e-06,-0.032281876160258904,0.03120138270189865,0.9086218304091013,1.2462944872321657,1.1191976741526304,0.4439912724817976,1.2462944872321657,218884569.133049,0.45454446547859956,146.82750091552734,143.39433415730795,140.63991718292237,False,False,True,True,True,False,accumulation,2,6,normal,False,False,,False,31.0,분산6일,0.031493960981620855,43.66803973152923,True,False,False,True,False,True,False,,Uptrend Under Pressure,149.46,-0.0573,0.3071239718274029,0.9371875788942187,-0.23446298056822923,-0.038594087275370836,0.3187508902992988,0.35180275715800635,,False,,,0,0,0.445,0.887
LMT,Lockheed Martin Corporation,Industrials,XLI,129526685696.0,2026-09-14,529.3800048828125,0.00990099471037964,0.007805314036830158,-0.12490247251901843,-0.10712170956526368,-0.04492757830005212,False,-0.09789113845262198,-0.019576343723700096,-0.03951955465078272,0.0559899079175461,0.8750975274809816,0.90188651450152,1.1794725854236323,0.6348806057519063,0.90188651450152,592307976.7043213,0.5761140154344038,552.1099060058593,545.3796457926433,546.0348317464193,False,False,True,False,False,False,weak_rally,2,3,normal,False,False,,False,27.0,분산3일,0.02285433086781598,40.45457219846562,True,False,False,False,False,True,False,,Uptrend Under Pressure,574.05,-0.0778,0.4448910617152244,0.9111039498183728,0.08298244033619362,-0.21087917331545336,0.4546805436534943,0.3513255567338282,,False,,,0,0,0.445,0.887
PODD,Insulet Corporation,Health Care,XLV,10310195200.0,2026-09-14,137.8000030517578,0.04425580509823446,-0.06563597068218319,-0.038649319294480566,-0.01911601239752192,-0.17993553672575302,False,-0.008975638846264844,-0.15816792402556468,-0.040827071620938016,-0.18223519970087798,0.8076427558042782,1.3092058690428767,1.1451378306751425,0.9865368758080716,1.3092058690428767,257674403.10157546,0.9717273774705308,144.1270004272461,152.20166625976563,162.89658279418944,False,False,False,False,False,False,accumulation,2,4,normal,False,False,,False,54.0,분산4일,0.03670957524742895,41.30060882030876,True,False,False,False,False,True,False,,Uptrend Under Pressure,158.25,-0.1292,0.49597354100037344,0.9548611509199223,-0.6376706531001689,-0.43586018597788945,0.008510696027512792,0.35090137857900316,,False,,,0,0,0.445,0.887
HBAN,Huntington Bancshares Incorpora,Financials,XLF,33710620672.0,2026-09-14,16.770000457763672,-0.005338087148860082,-0.01526718839686958,-0.06365155775326048,-0.044626261519557175,-0.08089853897180077,False,-0.03474961279075872,-0.056502109749688945,-0.04509860733217508,-0.08424516787624814,0.9035560851462652,0.9464052470055935,1.0197232515744565,0.8058194961486556,0.9464052470055935,346891761.3973589,0.25862250401199655,16.973000240325927,17.438000138600668,16.77460894584656,False,False,False,True,False,False,dry_up,1,4,normal,False,False,,False,37.0,분산4일,0.017846504502229788,43.63946852808004,True,False,False,True,False,True,False,,Uptrend Under Pressure,18.27,-0.0821,0.3937882151327235,0.9738729071360308,-0.13102775954981183,0.00853789680674466,0.4439340941105713,0.350795334040297,,False,,,0,0,0.445,0.887
PUK,Prudential Public Limited Compa,Financials,XLF,33806077952.0,2026-09-14,26.639999389648438,-0.0014992846727810427,-0.03357400632095264,-0.03808028068404612,-0.018535411715060124,-0.04750161575895484,False,-0.00838903591697382,-0.02221870587290531,-0.019020657090599302,-0.0509698494190064,0.8656656362829281,0.841090918363087,0.750171038091464,0.32805163186382813,0.841090918363087,28101327.321048357,0.8235254518731278,27.475431632995605,27.818239816029866,28.536099672317505,False,False,True,False,False,False,dry_up,1,1,normal,False,False,,False,,,0.01801489723568655,39.9897253285655,False,False,False,False,False,True,False,,Uptrend Under Pressure,,,0.42332963015227687,0.9738729071360308,-0.16154026106810038,-0.16854718307181893,0.2715549656655369,0.35074231177094384,,False,,,0,0,0.445,0.887
ASX,"ASE Technology Holding Co., Ltd",Information Technology,XLK,96205438976.0,2026-09-14,37.08000183105469,-0.060552300879960885,-0.011463516654749317,-0.06221545340194001,-0.04316097752797288,-0.12442038640701802,False,-0.0332691807009069,-0.10117919163462752,-0.03305601406531056,-0.12340441643221545,0.8559557269684128,1.6270000693552047,1.1203068548571546,0.9214584194666997,1.6270000693552047,246218177.62722015,0.43472419198327983,37.80300025939941,38.77420733769735,34.872988653182986,False,False,True,True,False,False,distribution,3,2,interest,False,False,,False,55.0,,0.0400098247996461,46.28790703287517,True,False,False,False,False,True,False,,Uptrend Under Pressure,41.43,-0.1051,0.4406125496961899,0.9308295144731314,2.01335280829903,0.5771605150514194,0.9776933390915442,0.3503711558854719,,False,,,0,0,0.445,0.887
NTES,"NetEase, Inc.",Communication Services,XLC,77969661952.0,2026-09-14,117.98999786376953,0.02058643059296772,-0.01089783755369722,-0.05318125151105013,-0.03394321323717475,-0.08865711415424538,False,-0.023956123210915337,-0.06446662686382343,-0.07062505400201535,-0.11321488957101067,0.882756851201454,1.0489594163251232,0.9231330188577693,0.8609141646306867,1.0489594163251232,97696957.09026527,0.6845632944610146,121.03980293273926,124.9625951131185,120.36110884348551,False,False,False,True,False,False,accumulation,2,1,normal,False,False,,False,15.0,,0.022833831173746884,43.97171437311029,True,False,False,False,False,True,False,,Uptrend Under Pressure,127.66,-0.0757,0.3239271584366051,0.9638367007488521,-0.30303800802175807,-0.10197135353119513,0.22287147808902769,0.3501590668080594,,False,,,0,0,0.445,0.887
YUMC,"Yum China Holdings, Inc.",Consumer Discretionary,XLY,15206903808.0,2026-09-14,42.810001373291016,0.011578489650289958,-0.018119200194444574,-0.09487778244760303,-0.0764869596089156,0.011110786546576046,False,-0.06693968661090022,0.037949491287728065,-0.051967702267948335,0.07205337509498966,0.8698458537516996,0.5246999314256173,0.8942266791448749,0.38426425136561,0.5246999314256173,67377557.72528839,0.9000038147069669,45.35428466796875,44.415731557210286,45.3593713760376,False,False,True,False,False,False,weak_rally,0,3,normal,False,False,,False,25.0,분산3일,0.02238810189909613,35.41279537260429,True,False,False,False,False,True,False,,Uptrend Under Pressure,47.43,-0.0973,0.35309552513158154,0.9099102163807861,-0.11387967197263993,-0.23583013464750646,0.2694763570422392,0.34994697773064687,,False,,,0,0,0.445,0.887
COST,Costco Wholesale Corporation,Consumer Staples,XLP,418595241984.0,2026-09-14,918.9099731445312,0.01562822961420296,0.0034616626378245474,-0.043897620968812334,-0.024470952252228506,-0.053352282383578586,False,-0.014385938041278079,-0.02822467131954398,-0.02498398371533861,-0.026358625773442723,0.9434103112897522,1.035324640946906,1.0421294113005197,0.43263817442277785,1.035324640946906,1790083027.8399415,0.7483841207873227,935.6534942626953,940.7595764160156,969.939077758789,False,False,False,False,False,False,accumulation,1,7,normal,False,False,,False,80.0,분산7일,0.01513361390368483,43.46682208597075,True,False,False,True,False,True,False,,Uptrend Under Pressure,1092.58,-0.159,0.36197254270452484,0.9497192280606287,-0.1611272189683517,-0.18975760065315495,0.2522582512373747,0.34925768822905623,,False,,,0,0,0.445,0.887
SPG,"Simon Property Group, Inc.",Real Estate,XLRE,80601661440.0,2026-09-14,204.97000122070312,0.0006834906429571408,-0.010838504747607947,-0.056517048543362036,-0.03734678901920396,-0.10295344442168342,False,-0.027394885141639014,-0.07914243581157543,-0.00947414883279285,-0.05040688406022764,0.8752428548958856,0.8130319452742463,1.1954486658977335,0.6399739223591102,0.8130319452742463,245924299.89241332,0.2900311167454189,211.97238159179688,218.62661107381186,207.96259905497234,False,False,False,True,False,False,weak_rally,2,3,normal,False,False,,False,50.0,분산3일,0.015513152186131186,32.838976090397196,True,False,False,False,False,True,False,,Uptrend Under Pressure,223.66,-0.0836,0.4070233723470232,0.9371875788942187,0.04243298825881259,0.01499496378459253,0.6063735254947803,0.34867444326617175,,False,,,0,0,0.445,0.887
AXP,American Express Company,Financials,XLF,222967054336.0,2026-09-14,327.7799987792969,0.009516758491657784,0.004966872390845811,-0.0429222487020362,-0.023475761779455206,-0.08840695682732325,False,-0.013380459294584535,-0.06420982941523956,-0.023958564599194543,-0.09172624610792335,0.9065464284635134,1.0078755308910345,1.003402004089304,0.6370797429556023,1.0078755308910345,796372486.9575119,0.8968416499388335,330.99850006103514,339.7273188273112,327.0975580851237,False,False,True,True,False,False,accumulation,1,5,normal,False,False,,False,99.0,분산5일,0.015124546675717249,44.846762785589824,True,False,False,True,False,True,False,,Uptrend Under Pressure,331.99,-0.0127,0.460434535981841,0.9738729071360308,-0.11813454364986153,-0.024011341487821247,0.4382789129643405,0.3486214209968187,,False,,,0,0,0.445,0.887
DLTR,"Dollar Tree, Inc.",Consumer Staples,XLP,23752120320.0,2026-09-14,119.16999816894531,0.008462384831133818,-0.09321260212050964,-0.07898602109059716,-0.06027229979461435,-0.05966629133461099,False,-0.050557399727953034,-0.034706277950498854,-0.06076650330200817,-0.0328526786693194,0.8714442279264739,1.1700486740632856,1.208206163993907,0.7662564954268853,1.1700486740632856,335916298.3625221,0.544942736639978,128.07799797058107,125.67366587320963,114.02558307647705,False,False,True,True,True,False,accumulation,2,4,normal,False,False,,False,73.0,분산4일,0.04480993278241651,37.63397580688518,True,False,False,False,False,True,False,,Uptrend Under Pressure,116.44,0.0234,0.25655173288594174,0.9497192280606287,0.08971031057835521,0.020839016923812403,0.6487793572660858,0.3481442205726406,,False,,,0,0,0.445,0.887
HLT,Hilton Worldwide Holdings Inc.,Consumer Discretionary,XLY,71183532032.0,2026-09-14,310.6000061035156,0.014402833622738198,-0.0018638298923989716,-0.050330321397373035,-0.031034356194261647,-0.10041928114391374,False,-0.02101719441905414,-0.07654100625509219,-0.005308332915838099,-0.046198934229627175,0.9109446184742802,0.996043921365322,0.9641088974572662,0.5793643057910753,0.996043921365322,543683577.0068467,0.8512566221170089,319.17500457763674,324.8721954345703,324.4745101928711,False,False,False,True,False,False,weak_rally,0,1,normal,False,False,,False,147.0,,0.020221509440482493,42.63372227283173,True,False,False,True,False,True,False,,Uptrend Under Pressure,324.68,-0.0434,0.4264309895135736,0.9099102163807861,-0.03437186260866065,-0.06763909155367809,0.4711253609245094,0.34761399787910924,,False,,,0,0,0.445,0.887
XEL,Xcel Energy Inc.,Utilities,XLU,47278571520.0,2026-09-14,74.16000366210938,-0.017748295866100938,-0.020602186125787125,-0.06328147811933538,-0.04424866238290448,-0.11431426664694666,False,-0.03436811003619955,-0.09080481723032896,-0.007508386087905716,-0.009921175061257559,0.9080446348082375,1.2846316849832842,1.2110231512454621,0.6269667547832942,1.2846316849832842,414710064.9026489,0.07344890904231934,76.7950008392334,78.59050051371257,78.80318565368653,False,False,False,False,False,False,distribution,3,5,normal,False,False,surge,False,4.0,분산5일,0.016739886041142175,34.83880629986828,True,False,False,True,False,True,False,,Uptrend Under Pressure,76.88,-0.0354,0.330111434204194,0.8879381683361783,-0.06554221281123174,-0.1772326135577248,0.3504959673681283,0.3468186638388123,,False,,,0,0,0.445,0.887
O,Realty Income Corporation,Real Estate,XLRE,57984241664.0,2026-09-14,59.27000045776367,-0.003865538524980283,-0.03232652313855233,-0.051158952459428586,-0.03187982388541011,-0.08338381822927798,False,-0.021871402550787233,-0.05905335771908049,-0.0038488933091186395,-0.029690922109019247,0.909227976877449,1.6922689993763744,1.2478689854591831,0.4871900277529651,1.6922689993763744,332220441.9130945,0.036736244538765034,61.4617826461792,62.41499932607015,61.75793479283651,False,False,True,False,False,False,distribution,2,6,interest,False,False,,False,136.0,분산6일,0.012851741385980053,27.87671870932965,True,False,False,True,False,True,False,,Uptrend Under Pressure,65.28,-0.092,0.49014197917687924,0.9371875788942187,-0.08133743480387412,-0.15456542342327706,0.36039293006260925,0.3467126193001061,,False,,,0,0,0.445,0.887
ES,Eversource Energy (D/B/A),Utilities,XLU,26419965952.0,2026-09-14,68.33000183105469,-0.002772837438995146,-0.03828291490320812,-0.05569373611531392,-0.03650674802929821,-0.10150243378327617,False,-0.026546159812357972,-0.07765290986246343,0.0005311371323677427,0.0044007496907108035,0.9063536594276305,0.8861895244060772,1.0629239451023789,0.47968760952983,0.8861895244060772,133203721.92626953,0.34284621068186616,70.77799987792969,72.35050010681152,70.31431935628255,False,False,True,False,False,False,dry_up,1,3,normal,False,False,,False,145.0,분산3일,0.017882221394556492,33.789125567086614,True,False,True,True,False,True,False,,Uptrend Under Pressure,71.74,-0.0475,0.35634666516235086,0.8879381683361783,-0.029180295986660942,-0.15335983552256727,0.41091919587036785,0.34655355249204667,,False,,,0,0,0.445,0.887
TSN,"Tyson Foods, Inc.",Consumer Staples,XLP,19398334464.0,2026-09-14,53.15999984741211,0.0033975142833340133,0.03383900700948783,-0.0775953548996563,-0.05885337720354411,-0.10815200399777913,False,-0.049123808322531715,-0.08447898482206173,-0.059348326923400196,-0.08272096127246764,0.8770231983360721,0.9274676956316027,1.1652167092261863,0.9849494520949993,0.9274676956316027,186047126.71144962,0.3016391966360573,55.01787624359131,56.65789985656738,59.4856525739034,False,False,False,False,False,False,weak_rally,4,4,normal,False,False,,False,29.0,분산4일,0.025908053875600846,40.71907261912186,True,False,False,False,False,True,False,,Uptrend Under Pressure,59.06,-0.0999,0.27544955982345287,0.9497192280606287,-0.13771489100806122,-0.20160182380907143,0.26808172438820893,0.34517497348886533,,False,,,0,0,0.445,0.887
AIT,Applied Industrial Technologies,Industrials,XLI,11889695744.0,2026-09-14,319.2099914550781,-0.014114544880623914,-0.019535017741382443,-0.11808266144637214,-0.10016332943001105,-0.05424862867667091,False,-0.09086082261979966,-0.02914481003363123,-0.032034337322940254,0.04568395110708656,0.8819173385536279,0.804158501887433,0.9575036283290924,0.6171853231382974,0.804158501887433,89852542.55641326,0.5647197829856256,332.1185012817383,337.3436121622721,317.49879989624026,False,False,True,True,False,False,dry_up,2,1,normal,False,False,,False,20.0,,0.02504062088380177,37.98379798649708,True,False,False,False,False,True,False,,Uptrend Under Pressure,361.95,-0.1181,0.36022142423069387,0.9111039498183728,0.11467966765523974,0.18662048353768013,0.7564000931563964,0.3444856839872747,,False,,,0,0,0.445,0.887
URI,"United Rentals, Inc.",Industrials,XLI,64607703040.0,2026-09-14,993.7999877929688,0.004731471104501006,-0.015903192315321557,-0.13869458616667596,-0.12119405975307695,-0.11299926205457911,False,-0.11210896852332897,-0.08945490744215367,-0.05465735934409688,-0.019274553108131753,0.8531790608145602,0.799513241211051,1.0472352876261264,1.0808239412144383,0.799513241211051,437818911.06910706,0.803359392571566,1044.0885070800782,1079.7565592447916,993.3108825683594,False,False,False,True,False,False,weak_rally,3,2,normal,False,False,,False,36.0,,0.031417550075680666,37.861960818468184,True,False,False,False,False,True,False,,Uptrend Under Pressure,1137.75,-0.1265,0.44288320297888745,0.9111039498183728,-0.015597608100024973,0.2921839328047018,0.6775796068890512,0.3443796394485684,,False,,,0,0,0.445,0.887
VICI,VICI Properties Inc.,Real Estate,XLRE,28242636800.0,2026-09-14,25.040000915527344,0.00845755104577317,-0.014948826106455426,-0.05007585979743323,-0.030774724289016064,-0.09855968782831104,False,-0.02075487844052548,-0.07463205229909264,-0.002711796682985157,-0.04575575309245772,0.9222836562560087,0.8222257911267069,1.1224320460383594,0.538815002761668,0.8222257911267069,229001138.4575161,0.25641163582299775,25.74900016784668,26.274166774749755,26.960058196385702,False,False,False,False,False,False,weak_rally,2,5,normal,False,False,,False,381.0,분산5일,0.015669214484479856,36.58185155726257,True,False,False,True,False,True,False,,Uptrend Under Pressure,29.85,-0.1611,0.42641411983318583,0.9371875788942187,-0.29260958207953214,-0.18890134976883777,0.15843709795214203,0.3435843054082715,,False,,,0,0,0.445,0.887
LEN,Lennar Corporation,Consumer Discretionary,XLY,20261689344.0,2026-09-14,79.98999786376953,0.004899489913623878,-0.04295290606168989,-0.07877466109690712,-0.06005664526022736,-0.10708167161711124,False,-0.05033951575811335,-0.08338024177154268,-0.035101163320268136,-0.053262886358341754,0.9071217689605119,1.2811507114242298,1.4039508219367316,0.8435914250969356,1.2811507114242298,241803737.73590088,0.7220695418619059,84.13700065612792,85.47311960856119,87.02000675201415,False,False,False,False,False,False,accumulation,3,5,normal,False,False,,False,14.0,분산5일,0.027838318310426095,40.517155556728724,True,False,False,True,False,True,False,,Uptrend Under Pressure,88.16,-0.0927,0.3654118025221968,0.9099102163807861,-0.4669833570341181,-0.21045298463237128,0.08772506201005274,0.3432131495227996,,False,,,0,0,0.445,0.887
KIM,Kimco Realty Corporation (HC),Real Estate,XLRE,15904415744.0,2026-09-14,23.219999313354492,0.001293608391807366,-0.01610173991410624,-0.03748360816068108,-0.017926615637044563,-0.09171096242328614,False,-0.0077739461082768635,-0.06760153581692319,0.010508315828161807,-0.03850584788170641,0.8906378085773174,0.7573510640115284,1.3402301360860736,0.27041990512529385,0.7573510640115284,117875142.56300363,0.2340401355436966,23.674870109558107,24.53384059270223,23.8513085047404,False,False,False,True,False,False,weak_rally,2,6,normal,False,False,,False,58.0,분산6일,0.014378763473912912,34.58040379247265,True,False,True,False,False,True,False,,Uptrend Under Pressure,24.4,-0.0484,0.5069585731570831,0.9371875788942187,-0.05978896162485525,-0.08851615849205063,0.433473670882069,0.34247083775185583,,False,,,0,0,0.445,0.887
EW,Edwards Lifesciences Corporatio,Health Care,XLV,52308299776.0,2026-09-14,85.5199966430664,0.013630364573278042,-0.048720854376756106,-0.06637556694689695,-0.0474056187861055,-0.11295519073337401,False,-0.03755770303824202,-0.08940966630138658,-0.06849051087102964,-0.11544268311537842,0.8985080517846555,1.068304517196342,1.102141056261716,0.9950240014265336,1.068304517196342,249686444.51855507,0.3303138053647254,89.37749977111817,89.18283322652181,85.98441677093506,False,False,True,True,True,False,accumulation,2,2,normal,False,False,,False,54.0,,0.024847983377645908,37.13407020977687,True,False,False,False,False,True,False,,Uptrend Under Pressure,90.78,-0.0579,0.35028342039601806,0.9548611509199223,-0.007897757476317713,-0.04181209067545777,0.5179138393775705,0.342152704135737,,False,,,0,0,0.445,0.887
FIS,Fidelity National Information S,Financials,XLF,21025331200.0,2026-09-14,38.18000030517578,0.0010487917191261964,-0.07803402022406869,-0.1001593947369438,-0.08187588690393444,-0.09559938831602433,False,-0.07238432460820665,-0.07159317524059372,-0.08232981614944013,-0.09889248854118937,0.8250620693089009,1.467347297631245,1.1090375404316044,1.1253034260311827,1.467347297631245,229986966.72474366,0.24812025762114892,40.03994655609131,40.845081647237144,42.12012691497803,False,False,True,False,False,False,accumulation,4,4,normal,False,False,,False,29.0,분산4일,0.0336621857738747,37.854499543182364,True,False,False,False,False,True,False,,Uptrend Under Pressure,44.27,-0.1375,0.3826034147954638,0.9738729071360308,-0.44068230885467163,-0.2394239297107753,0.07374753259908608,0.3411983032873807,,False,,,0,0,0.445,0.887
FMS,Fresenius Medical Care AG,Health Care,XLV,12102668288.0,2026-09-14,22.860000610351562,0.022818801797635624,0.008826159059409422,-0.03828354353753871,-0.01874280458663835,-0.04903146133391634,False,-0.008598572814977445,-0.023789159335975807,-0.040462124457579574,-0.051698211616140965,0.8894941607673686,1.033476979653309,0.9148343119508507,0.43637605802519513,1.033476979653309,14408091.866267394,0.8444453863434069,23.00250005722046,23.701500161488852,22.704775603612266,False,False,False,True,False,False,accumulation,1,2,normal,False,False,,False,,,0.014482588846780955,45.15139096757271,False,False,False,False,False,True,False,,Uptrend Under Pressure,,,0.4903855543855189,0.9548611509199223,-0.18627078734122748,-0.08647754602528346,0.3138506829584844,0.3401908801696713,,False,,,0,0,0.445,0.887
BMO,Bank Of Montreal,Financials,XLF,118730997760.0,2026-09-14,174.27999877929688,-0.003430958867582934,-0.0063853771730943976,-0.06205262865719041,-0.042994844411186506,-0.013461619623445609,False,-0.033101330100824944,0.012724840514294122,-0.04346799681185343,-0.017053799593893526,0.9379473713428096,0.6996127018486452,0.7232814473815562,0.3412366596187043,0.6996127018486452,152517938.95974883,0.3389003401385318,174.3915008544922,176.53263371785482,163.8090581258138,False,False,True,True,False,False,dry_up,0,2,normal,False,False,,False,31.0,,0.017867364704948256,48.05785879724448,True,False,False,True,False,True,False,,Uptrend Under Pressure,178.62,-0.0243,0.3018568893597701,0.9738729071360308,0.23312100182926576,0.16808105820497765,0.8099498719099548,0.3397136797454931,,False,,,0,0,0.445,0.887
SO,Southern Company (The),Utilities,XLU,101231943680.0,2026-09-14,87.0,-0.0019501912643824504,-0.012597895842270113,-0.0547588099238826,-0.03555282543978877,-0.12367537364258663,False,-0.025582375576090333,-0.10041440341346186,0.0015217296988085938,-0.020385647351311653,0.9016177033356632,0.9187878810445865,0.9194959209632702,0.5515918352864364,0.9187878810445865,507598316.12835085,0.2595396729254997,89.228999710083,92.50971666971843,92.68705005645752,False,False,False,False,False,False,dry_up,3,2,normal,False,False,,False,54.0,,0.014384258752581716,32.09627422054669,True,False,True,True,False,True,False,,Uptrend Under Pressure,96.36,-0.0972,0.4094779106479389,0.8879381683361783,-0.1371788891123421,-0.191564077053339,0.27550823371402344,0.33923647932131495,,False,,,0,0,0.445,0.887
WIT,Wipro Limited,Information Technology,XLK,18301616128.0,2026-09-14,1.7799999713897705,0.05325438527933213,-0.016574570352582918,-0.0824742686141613,-0.06383142364955063,-0.06765907986050101,False,-0.05415331778675048,-0.04291122531611147,-0.053944756157171536,-0.06657724747605975,0.8682926891674109,1.4731141664659422,1.3097433050325478,0.7880609869572259,1.4731141664659422,16477536.781795954,1.0,1.8209999918937683,1.9154188255469005,1.9996258507172266,False,False,False,False,False,False,accumulation,3,5,normal,False,False,,False,,분산5일,0.032102736901821693,44.16489086819397,False,False,False,False,False,True,False,,Uptrend Under Pressure,,,0.2840462155988054,0.9308295144731314,-0.405926797412808,-0.2571757631350128,0.0744346740769716,0.33913043478260874,,False,,,0,0,0.445,0.887
LECO,"Lincoln Electric Holdings, Inc.",Industrials,XLI,15328654336.0,2026-09-14,251.26499938964844,-0.007093172315903895,-0.09106859654689037,-0.12411544021184329,-0.10631868585775717,-0.04829810786648148,False,-0.09707981309021285,-0.023036339893649616,-0.03865573191427507,0.05226323219576989,0.8660726720616259,0.8647843265974056,0.9829588345074433,0.589458130318743,0.8647843265974056,128047752.10605392,0.7897725212763778,275.50574722290037,267.6069196065267,263.1271219889323,False,False,True,True,True,False,dry_up,1,2,normal,False,False,,False,30.0,,0.03720034232128704,33.78755083514669,True,False,False,False,False,True,False,,Uptrend Under Pressure,261.31,-0.0384,0.2936895785816656,0.9111039498183728,-0.007444146833267329,-0.061475718767158294,0.5022260308817976,0.33828207847295866,,False,,,0,0,0.445,0.887
PPL,PPL Corporation,Utilities,XLU,25684355072.0,2026-09-14,33.790000915527344,-0.008509416078231746,-0.02959129723922793,-0.05410742677400926,-0.034888207091533174,-0.09595776641588094,False,-0.024910886406814714,-0.07196106605076424,0.002211896807274627,0.010598950186731182,0.9362751077348154,0.5591875741352987,0.9249154033607191,0.34379297165852846,0.5591875741352987,265464785.3261017,0.18750335274448213,34.525287818908694,35.22599093119303,35.86713724136352,False,False,False,False,False,False,dry_up,1,4,normal,False,False,,False,52.0,분산4일,0.01482510757315555,37.94800169805006,True,False,True,True,False,True,False,,Uptrend Under Pressure,36.05,-0.0627,0.36917576356577353,0.8879381683361783,-0.1510383435307152,-0.20902795865454327,0.25253478102594135,0.33674443266171794,,False,,,0,0,0.445,0.887
DOV,Dover Corporation,Industrials,XLI,26158940160.0,2026-09-14,189.14999389648438,0.0005289121561091736,-0.01933850524627656,-0.08412064415265086,-0.0655112512459689,-0.13135477978027066,False,-0.055850511432105066,-0.10829765003693526,0.0052413404967988075,-0.03956960197828052,0.871919160828379,1.1326888327613143,1.1256982557093431,0.7071744757392296,1.1326888327613143,228112067.43914336,0.9115043291796974,196.39701080322266,207.01979598999023,211.0273208618164,False,False,False,False,False,False,accumulation,4,5,normal,False,False,,False,59.0,분산5일,0.021685791574936445,35.81539037890798,True,False,True,False,False,True,False,,Uptrend Under Pressure,222.98,-0.1517,0.48077252521294933,0.9111039498183728,-0.022425500397121656,-0.13965421105582432,0.4283444163819593,0.33647932131495234,,False,,,0,0,0.445,0.887
PDD,PDD Holdings Inc.,Consumer Discretionary,XLY,119565303808.0,2026-09-14,79.37999725341797,0.020177351806777155,-0.03442405866160869,-0.06380473645116636,-0.04478255259526287,-0.05692022478133596,False,-0.03490751960279026,-0.031887320404067054,-0.019421543724635115,-7.806319607439605e-05,0.8535483575636341,0.892489073540895,1.0659904975206642,0.4119954054888671,0.892489073540895,598916762.095377,0.6699497638525237,84.04499893188476,84.28399950663248,89.78308308919271,False,False,False,False,False,False,weak_rally,0,4,normal,False,False,,False,32.0,분산4일,0.023751032606580135,36.73228264168002,True,False,False,False,False,True,False,,Uptrend Under Pressure,88.32,-0.1012,0.37776408392613264,0.9099102163807861,-0.44019557405919274,-0.30556421996239624,0.04787944838751252,0.33642629904559923,,False,,,0,0,0.445,0.887
TXN,Texas Instruments Incorporated,Information Technology,XLK,238275461120.0,2026-09-14,263.4200134277344,-0.019650162037315733,0.019269505259570607,-0.05780089391468024,-0.03865672034037326,-0.11571469605349927,False,-0.028718358525978926,-0.09224241933037225,-0.02850418842237179,-0.11468862451868822,0.8500891083375386,1.2389193942859693,0.9993936003900424,0.7800541483728752,1.2389193942859693,1454775630.1610274,0.6990462612963033,262.5635025024414,280.72838134765624,272.0180414835612,True,False,False,True,False,False,distribution,1,3,normal,False,False,,False,59.0,분산3일,0.02879024456380118,47.43649126989386,True,False,False,False,False,True,False,,Uptrend Under Pressure,321.22,-0.1799,0.4049860124421048,0.9308295144731314,0.2723018854730399,0.22621344183645542,0.8465173752506969,0.3361611876988335,,False,,,0,0,0.445,0.887
NVO,Novo Nordisk A/S,Health Care,XLV,200405286912.0,2026-09-14,43.45000076293945,0.008822871390939513,-0.0675965196207241,-0.041071705042773576,-0.02158761765040773,-0.14586392528905057,False,-0.01147279554137226,-0.12319192314749505,-0.04324396992713009,-0.14825913346437947,0.8526490745404143,0.6159710516310359,0.819502214581587,0.8425341369350602,0.6159710516310359,485324547.17224467,0.5936892682984989,45.8084997177124,47.030480575561526,44.08955907821655,False,False,True,True,False,False,weak_rally,1,1,normal,False,False,,False,87.0,,0.02873580734162463,38.9041246723867,True,False,False,False,False,True,False,,Uptrend Under Pressure,45.49,-0.0448,0.4013588737819332,0.9548611509199223,-0.2541886629073544,0.08057015064333162,0.38846375605686156,0.3354718981972429,,False,,,0,0,0.445,0.887
LUV,Southwest Airlines Company,Industrials,XLI,18849191936.0,2026-09-14,39.52000045776367,0.007135544529054627,-0.002523939344193593,-0.10291216048765883,-0.08468458502074983,-0.2265680089378146,False,-0.07522205903151424,-0.2060381984346773,-0.015383656616597685,-0.14484351294688225,0.7814426795153997,1.443959254402344,1.07037199695621,1.2637770906203836,1.443959254402344,182939883.4509329,0.7647058823529411,39.73286743164063,45.05562400817871,42.608525943756106,False,False,False,False,False,False,accumulation,7,2,normal,False,True,acc,False,54.0,,0.02794658040657049,41.46054711196331,True,False,False,False,False,True,False,,Uptrend Under Pressure,51.67,-0.2351,0.4243698053665017,0.9111039498183728,0.19828272452046947,-0.015058533091804271,0.6889912654572916,0.3354188759278897,,False,,,0,0,0.445,0.887
EXC,Exelon Corporation,Utilities,XLU,45042704384.0,2026-09-14,42.720001220703125,-0.010194592869892438,-0.021081534871962848,-0.05959952252733014,-0.04049189458136637,-0.11833300958018633,False,-0.030572504788710098,-0.09493023280167212,-0.0036072034353784588,-0.01441359503736972,0.9065958970653321,0.760306388079408,1.105232275231949,0.5618506478305649,0.760306388079408,311564392.452758,0.12766216479449385,43.83714637756348,45.24850902557373,45.4314790725708,False,False,False,False,False,False,dry_up,4,4,normal,False,False,,False,54.0,분산4일,0.01689811611507871,34.80229496029773,True,False,False,True,False,True,False,,Uptrend Under Pressure,46.95,-0.0902,0.44739254386757693,0.8879381683361783,-0.09987530578606796,-0.217543843036343,0.2939378248885854,0.3347295864262991,,False,,,0,0,0.445,0.887
HSY,The Hershey Company,Consumer Staples,XLP,35405111296.0,2026-09-14,173.67999267578125,0.002076998248038864,0.0030609228875499994,-0.05721424641776285,-0.03805815298338022,-0.05928580767513103,False,-0.02811360318276901,-0.034315694815539644,-0.038564038927362154,-0.0324613455195184,0.9143939688500269,0.970513141802321,1.062363598637356,0.533514766063507,0.970513141802321,207788290.4059387,0.03977744056651492,179.7779998779297,177.32010040283203,183.7081689198812,False,False,False,False,False,False,weak_rally,2,5,normal,False,False,,False,150.0,분산5일,0.022703900811139672,41.15373859546249,True,False,False,True,False,True,False,,Uptrend Under Pressure,226.48,-0.2331,0.39397076306225837,0.9497192280606287,-0.14273144566488472,-0.268333752897291,0.2245729389712549,0.33446447507953336,,False,,,0,0,0.445,0.887
FIX,"Comfort Systems USA, Inc.",Industrials,XLI,54397059072.0,2026-09-14,1582.800048828125,-0.06388610312884868,-0.01710192728040416,-0.10780920794599913,-0.08968113366301034,-0.10979678021286354,False,-0.08027026196759524,-0.08616741961916252,-0.020758507048665775,-0.015733681831457735,0.8413867910760542,1.0038043570977702,0.8345635720563284,0.7876715360996854,1.0038043570977702,593189293.0742432,0.5549902406583366,1627.230487060547,1725.8919881184895,1738.2289896647135,False,False,False,True,False,False,distribution,1,1,normal,False,False,,False,59.0,,0.0450575792720482,45.13443957616033,True,False,False,False,False,True,False,,Uptrend Under Pressure,1966.39,-0.1951,0.3433846068227846,0.9111039498183728,0.8924078924764371,0.07260835018527567,0.8562834215530437,0.33435843054082715,,False,,,0,0,0.445,0.887
CNP,"CenterPoint Energy, Inc (Holdin",Utilities,XLU,26085320704.0,2026-09-14,38.650001525878906,-0.011761674182917403,-0.02571204159683793,-0.047735117233891455,-0.028386421096685988,-0.1468668693932902,False,-0.01834188498224132,-0.12422148918183751,0.00896361958427394,-0.04631065437891768,0.8725533391022054,1.4991675784932417,1.1202492611163857,0.5495367046393204,1.4991675784932417,232689748.93838271,0.2718464940057554,39.548390007019044,41.63211364746094,41.9405091603597,False,False,False,False,False,False,distribution,1,2,normal,False,False,,False,49.0,,0.017630732017746217,35.35781323135609,True,False,True,False,False,True,False,,Uptrend Under Pressure,43.74,-0.1163,0.36074674088972697,0.8879381683361783,-0.10011939197535336,-0.21676133191087077,0.2945707005044464,0.3337221633085896,,False,,,0,0,0.445,0.887
UMBF,UMB Financial Corporation,Financials,XLF,10756803584.0,2026-09-14,139.77000427246094,0.002007303521904369,-0.02430002328480163,-0.07743593545009508,-0.05869071857280139,-0.045211165974695544,False,-0.04895946812771235,-0.019867458887882217,-0.059156110784824745,-0.04868773961218942,0.9225640645499049,1.4550625733359952,1.2268213844224716,0.6315856967123333,1.4550625733359952,69154927.85901871,0.5593249927262147,143.07201614379883,143.57215677897136,133.99228172302247,False,False,True,True,False,False,accumulation,3,4,normal,False,False,,False,32.0,분산4일,0.01878457497511768,41.59206180729817,True,False,False,True,False,True,False,,Uptrend Under Pressure,147.75,-0.054,0.3437112113927323,0.9738729071360308,0.04809016420131074,0.16143271686182814,0.6965419079424873,0.333457051961824,,False,,,0,0,0.445,0.887
ARWR,"Arrowhead Pharmaceuticals, Inc.",Health Care,XLV,11637955584.0,2026-09-14,80.66999816894531,-0.026312617324389276,-0.06567058616444499,-0.06890583174930642,-0.049987295045237246,-0.05985177967500577,False,-0.040166068653084475,-0.03489668985304628,-0.07101504385239732,-0.06248818711641435,0.9004353328098893,1.0213641562770412,1.3798644856540694,0.7091618119189496,1.0213641562770412,110090562.0467842,0.22734208546335427,85.80849990844726,83.6210833231608,77.57587512334187,False,False,True,True,True,False,distribution,4,4,normal,False,False,,False,37.0,분산4일,0.04158207913563953,38.92185619507934,True,False,False,True,False,True,False,,Uptrend Under Pressure,88.7,-0.0905,0.6749496963675118,0.9548611509199223,1.4080061920396725,0.31673816097597585,0.9545315386406854,0.3334040296924708,,False,,,0,0,0.445,0.887
WEC,"WEC Energy Group, Inc.",Utilities,XLU,34595426304.0,2026-09-14,105.16999816894531,-0.0015190701540669371,-0.007268305217255522,-0.04840751571319135,-0.029072481776592607,-0.12612977867645558,False,-0.019035038153880857,-0.10293395764057023,0.008251185874121214,-0.023129345663642775,0.9014850902728153,0.9400789000544684,1.1121180162160915,0.45826001474630135,0.9400789000544684,231185033.14121398,0.43537337291619094,106.97349967956544,110.43670984903972,111.37646554311117,False,False,False,False,False,False,dry_up,1,2,normal,False,False,,False,114.0,,0.014357701224079526,39.46936110340191,True,False,True,True,False,True,False,,Uptrend Under Pressure,113.79,-0.0758,0.4076160345722682,0.8879381683361783,-0.13835475386505036,-0.19730244374973793,0.2693406923871779,0.3327677624602333,,False,,,0,0,0.445,0.887
RTO,Rentokil Initial plc,Industrials,XLI,11972270080.0,2026-09-14,22.549999237060547,0.008046418912575959,-0.05371383511303185,-0.054110776311690256,-0.03489162468715479,-0.2570879561476761,False,-0.02491433933352194,-0.23736826048336745,0.03817925921281673,-0.17858834267029267,0.7484893077785645,0.703992882640739,0.9324480436546213,0.7124803982986581,0.703992882640739,32102900.561785318,0.732140789231681,23.448499965667725,26.21346073150635,28.954629611968993,False,False,False,False,False,False,weak_rally,2,2,normal,False,False,,False,127.0,,0.019353819502922576,31.29783743873,False,False,True,False,False,True,False,,Uptrend Under Pressure,31.89,-0.293,0.8728891959750631,0.9111039498183728,-0.2065580619651579,-0.3611078912885165,0.14430671969647296,0.33144220572640515,,False,,,0,0,0.445,0.887
DOCN,"DigitalOcean Holdings, Inc.",Information Technology,XLK,13014881280.0,2026-09-14,120.20999908447266,-0.02228546508157281,0.06881833181970998,-0.07473829449909608,-0.05593826531485635,-0.09577814611595492,False,-0.04617856002233289,-0.07177667794867515,-0.04596823993812693,-0.09472894140647503,0.842514755082948,1.166975312026547,1.3437173987856492,0.818808103129519,1.166975312026547,284622369.60682106,0.624338483373983,117.95450019836426,127.65299949645996,127.58758271535238,True,False,False,True,False,False,distribution,2,2,normal,False,False,surge,False,3.0,,0.06930193446728403,49.41034539715881,True,False,False,False,False,True,False,,Uptrend Under Pressure,132.67,-0.0939,0.35898270552112826,0.9308295144731314,2.025548907667815,0.6324757724158814,0.9813022450239335,0.33048780487804885,,False,,,0,0,0.445,0.887
KMI,"Kinder Morgan, Inc.",Energy,XLE,71792107520.0,2026-09-14,30.959999084472656,0.003240391190645342,-0.014012756031944518,-0.05667277963579287,-0.03750568435053636,-0.04590915050124611,False,-0.02755542313207837,-0.020583970563852194,-0.09497304860410682,-0.19612022456917078,0.9418923057658101,1.2632244861332904,1.1727957382802188,0.7048631570521847,1.2632244861332904,363759062.4426506,0.41891832679078184,31.620000171661378,31.788049443562826,31.858836476008097,False,False,True,False,False,False,accumulation,3,2,normal,False,False,surge,False,4.0,,0.024824655407254325,43.39406971476864,True,False,False,True,False,True,False,,Uptrend Under Pressure,31.98,-0.0319,0.30154650373262704,0.9880569773625073,0.012040696741991708,-0.17112516940820977,0.4272211130380517,0.3293743372216331,,False,,,0,0,0.445,0.887
BXP,"BXP, Inc.",Real Estate,XLRE,12297856000.0,2026-09-14,64.5,-0.0030911430861763067,-0.047126640956581145,-0.05770631299266438,-0.03856021766575102,-0.08922098855211535,False,-0.028620858207209388,-0.06504546862103411,-0.010722711066047275,-0.0358700180775231,0.8839248858570663,0.9172777567166789,1.0159111588605603,0.5092794931497787,0.9172777567166789,79741182.36395875,0.2213751572473559,67.41399993896485,67.8914587020874,62.78142525355021,False,False,True,True,False,False,dry_up,0,5,normal,False,False,,False,27.0,분산5일,0.024440731585091795,39.071573570111745,True,False,False,False,False,True,False,,Uptrend Under Pressure,70.01,-0.0787,0.3239294631980676,0.9371875788942187,-0.2073810136857045,0.1539593619002324,0.46136971557905065,0.3291092258748675,,False,,,0,0,0.445,0.887
ROK,"Rockwell Automation, Inc.",Industrials,XLI,47228002304.0,2026-09-14,418.8500061035156,-0.0222694465760388,-0.034485123762177716,-0.065046060773845,-0.04604909889930586,-0.12815305793930232,False,-0.03618715945592321,-0.10501094238798592,0.02617702339292527,-0.036029571007640926,0.8700897731489221,0.9630478215430812,1.0270224399283725,0.5141679836864982,0.9630478215430812,289292801.9704849,0.8551107987856154,429.3999984741211,451.7519948323568,435.71726252237954,False,False,False,True,False,False,dry_up,2,3,normal,False,False,,False,59.0,분산3일,0.02218319125399604,39.71110928906976,True,False,True,False,False,True,False,,Uptrend Under Pressure,472.34,-0.1132,0.49416900956115123,0.9111039498183728,0.07359001228003148,0.048590417429013044,0.6557138561095447,0.3279957582184518,,False,,,0,0,0.445,0.887
KEYS,Keysight Technologies Inc.,Information Technology,XLK,54955810816.0,2026-09-14,314.9599914550781,-0.06992683135199784,-0.037437732098354215,-0.11978093731999007,-0.10189611190408265,-0.017729070376197198,False,-0.09261151859005667,0.008344115477186831,-0.09241143709280897,-0.01658930220877264,0.8721029953702683,0.8104943568461279,0.5869118829627786,0.639387373777183,0.8104943568461279,459064602.29817045,0.05256548439654092,325.4870010375977,329.1753336588542,331.4940821329753,False,False,False,True,False,False,dry_up,1,0,normal,False,False,,False,19.0,,0.03019318641260137,43.43098679118524,True,False,False,False,False,True,False,,Uptrend Under Pressure,361.15,-0.1279,0.29941281005881565,0.9308295144731314,0.7164886051271662,0.07111542903456503,0.8426486715038652,0.3261399787910923,,False,,,0,0,0.445,0.887
GD,General Dynamics Corporation,Industrials,XLI,100471414784.0,2026-09-14,356.80999755859375,0.002556908338621877,-0.007178878056385507,-0.09846379640431091,-0.08014583637475126,-0.06499971874276633,False,-0.07063638882567025,-0.04018127469543731,-0.010501267418049243,0.03379684982454534,0.9011036100174603,0.9329841001568924,1.046132040243703,0.4473489497154475,0.9329841001568924,361552513.0722046,0.34210197562150874,372.7685012817383,373.192182413737,356.84291966756183,False,False,True,True,False,False,weak_rally,2,5,normal,False,False,,False,26.0,분산5일,0.018655375218480603,33.32752653209303,True,False,False,True,False,True,False,,Uptrend Under Pressure,386.92,-0.0778,0.360173300688333,0.9111039498183728,0.014409086470950738,-0.044673498866431904,0.5358310703715177,0.3245493107104985,,False,,,0,0,0.445,0.887
AER,AerCap Holdings N.V.,Industrials,XLI,22939443200.0,2026-09-14,139.4199981689453,-0.01469965958342534,-0.04112789531336869,-0.08547063981720282,-0.06688867694219891,-0.07442844588518771,False,-0.057242176948003154,-0.049860275919816344,0.00375962629193638,0.023371838610020568,0.9005057185430363,1.173953784115464,0.9970318759160083,0.3418080775004867,1.173953784115464,157410108.81847993,0.4218287226668347,145.72149810791015,148.16736958821613,144.09689292907714,False,False,True,True,False,False,distribution,3,5,normal,False,False,,False,31.0,분산5일,0.019081608943751223,33.96747156746747,True,False,True,True,False,True,False,,Uptrend Under Pressure,152.46,-0.0855,0.526952274224882,0.9111039498183728,0.013098007052660954,-0.04509612479388958,0.5332792182098145,0.3243902439024391,,False,,,0,0,0.445,0.887
FSLR,"First Solar, Inc.",Information Technology,XLK,21698150400.0,2026-09-14,207.0399932861328,-0.009520190904584891,0.012668116295185383,-0.08210677634738839,-0.06345646445174691,-0.09756829865558203,False,-0.05377448226271442,-0.07361434790784893,-0.053565837098926594,-0.09652117113154846,0.8279943641643454,0.7172365318013374,1.2700661185982012,0.8475013610352364,0.7172365318013374,393109953.890773,0.4183404707226463,208.9914993286133,220.98983408610027,224.6972515106201,False,False,False,True,False,False,dry_up,3,2,normal,False,False,,False,23.0,,0.03892966489549048,45.61757437527481,True,False,False,False,False,True,False,,Uptrend Under Pressure,240.91,-0.1406,0.4320100118373988,0.9308295144731314,-0.08003516785257314,-0.03379531071797126,0.4596574015244186,0.32423117709437965,,False,,,0,0,0.445,0.887
RDY,Dr. Reddy's Laboratories Ltd,Health Care,XLV,10104146944.0,2026-09-14,11.90999984741211,0.0008403553951601417,-0.00501256627219715,-0.029339901949537173,-0.009617440657954113,-0.18354866954653148,False,0.0006211290784381429,-0.1618769630578658,-0.031538742943936215,-0.18583820040626264,0.8198473251372715,0.9307700169495422,1.091263035527191,0.7662512443606634,0.9307700169495422,31205298.621935844,0.600002543137978,12.07649998664856,12.651520951588948,12.963490716616313,False,False,False,False,False,False,weak_rally,1,4,normal,False,False,,False,,분산4일,0.01532325979314979,41.2919317102848,False,False,False,False,False,True,False,,Uptrend Under Pressure,,,0.8907277406757196,0.9548611509199223,-0.28998451222473576,-0.2503151316839495,0.12281291617959286,0.3229056203605514,,False,,,0,0,0.445,0.887
RTX,RTX Corporation,Industrials,XLI,279969792000.0,2026-09-14,195.33999633789062,-0.011837294741954496,-0.027142771704144364,-0.12391803709712235,-0.10611727178668107,-0.03718017330378465,False,-0.09687631680151998,-0.011623293294734882,-0.03843906825612686,0.06455594050599256,0.8662911507348938,0.8825822914229499,0.8329278812467876,0.4436831224948475,0.8825822914229499,844958768.8979721,0.5362886851658155,207.4525001525879,204.50520044962565,193.6098960876465,False,False,True,False,True,False,dry_up,0,1,normal,False,False,,False,28.0,,0.019087608581532953,29.808995854934537,True,False,False,False,False,True,False,,Uptrend Under Pressure,217.21,-0.1007,0.45952692257146216,0.9111039498183728,0.1828156105943397,-0.08320467342934523,0.6183147284332767,0.3216330858960764,,False,,,0,0,0.445,0.887
SBUX,Starbucks Corporation,Consumer Discretionary,XLY,121125003264.0,2026-09-14,99.06999969482422,0.0033421292099882205,-0.05168949423548752,-0.08004459607355052,-0.061352383546876,-0.06463240247371793,False,-0.05164864938041569,-0.03980420846325661,-0.03643130343895096,-0.008255076273631423,0.9131717360638723,0.9767919576560156,1.0379300204870385,0.51827337934173,0.9767919576560156,614743398.4007031,0.5178586836572041,104.76600036621093,104.27309099833171,101.37223262786866,False,False,True,True,True,False,weak_rally,0,4,normal,False,False,,False,31.0,분산4일,0.022163265214967587,33.5142259115091,True,False,False,True,False,True,False,,Uptrend Under Pressure,105.25,-0.0587,0.3394176302353094,0.9099102163807861,0.1237066225835819,-0.06737097813648862,0.5988416499535348,0.31850477200424177,,False,,,0,0,0.445,0.887
H,Hyatt Hotels Corporation,Consumer Discretionary,XLY,15734708224.0,2026-09-14,163.7100067138672,0.0039246909971371036,-0.012903221651452634,-0.09466008971970064,-0.07626484366797692,-0.16153580146122315,False,-0.0667152744365217,-0.1392797901912135,-0.051739689152116686,-0.11099912502179121,0.8468493733697661,1.109673002663472,1.1973257731858242,1.0944279509258554,1.109673002663472,116488933.42919235,0.7539295457904429,170.78825988769532,181.45414225260416,175.14913063049318,False,False,False,True,False,False,accumulation,5,4,normal,False,False,,False,66.0,분산4일,0.027313750199484,38.886640734875904,True,False,False,False,False,True,False,,Uptrend Under Pressure,193.92,-0.1558,0.38666577504423777,0.9099102163807861,0.03405343242282055,0.09432035313441833,0.6529992063617678,0.3174443266171792,,False,,,0,0,0.445,0.887
TPR,"Tapestry, Inc.",Consumer Discretionary,XLY,24602939392.0,2026-09-14,117.91000366210938,-0.00489487899499319,-0.03463235425476485,-0.08236175397174961,-0.06371662286631152,-0.19663981888587645,False,-0.054037330193612676,-0.17531560101716803,-0.038858313276780465,-0.14821896369844956,0.7182726914439537,0.6722362109312033,0.958645157547924,1.0420991756656188,0.6722362109312033,436320253.7520218,0.22794488886894276,124.22385025024414,138.86833063761392,140.28027750651043,False,False,False,False,False,False,dry_up,0,2,normal,False,False,,False,143.0,,0.030119683194762676,34.273630580353625,True,False,False,False,False,True,False,,Uptrend Under Pressure,153.56,-0.2322,0.5469978310167461,0.9099102163807861,0.013613606494104813,-0.23262207138295843,0.3850323447148442,0.31542948038176033,,False,,,0,0,0.445,0.887
SWK,"Stanley Black & Decker, Inc.",Industrials,XLI,14553474048.0,2026-09-14,88.88999938964844,-0.003921991063417396,-0.07905102098083405,-0.12154797689709151,-0.10369905526432122,-0.0449799521665718,False,-0.09443310076935596,-0.01963010779073826,-0.035837762224577574,0.055931999979648594,0.8621499422926607,0.9206048658468652,1.1804747644276516,0.43043237089735864,0.9206048658468652,149121569.72221756,0.7189869701429692,95.61047019958497,93.43387705485026,84.05351270039877,False,False,True,True,True,False,dry_up,1,4,normal,False,False,,False,24.0,분산4일,0.0302942115682012,34.17162311037069,True,False,False,False,False,True,False,,Uptrend Under Pressure,101.75,-0.1264,0.462756810700178,0.9111039498183728,0.11117030968575281,0.24714513634783364,0.7716501570318383,0.31352067868504774,,False,,,0,0,0.445,0.887
WSO-B,"Watsco, Inc.",Industrials,XLI,13037754368.0,2026-09-11,312.4599914550781,0.0,-0.011358951041131715,-0.04978254960208728,-0.03288650092855527,-0.12137032276050586,False,-0.02693362365557883,-0.08657769887522959,0.024197358767524157,-0.04212712705725341,0.8115843933898134,0.0,0.875,0.07142857142857142,0.0,49985.44982910156,0.5,314.9729919433594,340.42799377441406,363.5666033426921,False,False,False,False,False,False,dry_up,0,1,normal,False,False,,False,,,0.0035387343047532747,31.906538235227117,False,False,True,False,False,True,False,,Uptrend Under Pressure,,,0.7168619785609031,0.9241863717435788,-0.2949454049893755,-0.21903321853916335,0.1353092136650485,0.3132555673382821,,False,,,0,0,0.445,0.887
COF,Capital One Financial Corporati,Financials,XLF,131598630912.0,2026-09-14,206.67999267578125,-0.007777294057811579,-0.05883430359124897,-0.0876666425308279,-0.06912929937245049,-0.010232393241753845,False,-0.05950596292126009,0.016039782778512146,-0.06958953065139406,-0.01383633145958374,0.9123333574691721,0.8935481802837195,0.9613560413859753,0.4290364509241796,0.8935481802837195,668807590.2464294,0.3079326480589814,215.27800064086915,210.22967783610025,198.98949279785157,False,False,True,True,True,False,dry_up,2,3,normal,False,False,,False,57.0,분산3일,0.021288946690423843,40.131113479785185,True,False,False,True,False,True,False,,Uptrend Under Pressure,197.11,0.0485,0.39705652684107234,0.9738729071360308,-0.15580463487889307,0.058880011193993775,0.4552580228685387,0.3126723223753977,,False,,,0,0,0.445,0.887
SHW,Sherwin-Williams Company (The),Materials,XLB,82248884224.0,2026-09-14,324.5,0.0036806855661510873,-0.02759878844178365,-0.09426335284919218,-0.0758600456568207,-0.09677755861545001,False,-0.06630629162563606,-0.0728026186361248,-0.05748855835698252,-0.049473295303912646,0.8796960464947932,1.1258665869897886,1.034273843507613,0.7989250045396767,1.1258665869897886,535310407.99028933,0.6974296111610758,337.64906921386716,339.341325378418,327.7411534627279,False,False,True,True,False,False,accumulation,3,2,normal,False,False,,False,33.0,,0.021374638007649133,39.33626215057909,True,False,False,False,False,True,False,,Uptrend Under Pressure,353.45,-0.0819,0.5230038618789948,0.9407490851691787,-0.17415268110684679,-0.039990744716485116,0.36374927362882603,0.3123541887592789,,False,,,0,0,0.445,0.887
BSY,"Bentley Systems, Incorporated",Information Technology,XLK,11101914112.0,2026-09-14,31.700000762939453,0.023571245262190788,-0.05962617550052207,-0.12527595765054655,-0.10750278339448749,-0.03815125289181864,False,-0.09827615182110627,-0.012620149008085835,-0.09807731939007591,-0.03703518139792772,0.8412951302069149,1.175508636342474,1.1235955274143736,0.6808167756923641,1.175508636342474,72036733.21706772,0.23214419520302995,35.02599992752075,33.47116657892863,33.33813238143921,False,False,True,False,True,False,accumulation,1,4,normal,False,False,,False,27.0,분산4일,0.039344307879584504,35.96247032074993,True,False,False,False,False,True,False,,Uptrend Under Pressure,36.04,-0.1204,0.3737720687393385,0.9308295144731314,-0.42434506867383703,-0.18763011542735875,0.1117352187705617,0.3106044538706257,,False,,,0,0,0.445,0.887
CPT,Camden Property Trust,Real Estate,XLRE,12244506624.0,2026-09-14,103.83000183105469,0.007960389067265261,-0.017598642893236094,-0.05916997773815136,-0.04005362204032614,-0.13319409408595628,False,-0.03012970138842508,-0.11018578670139045,-0.012259355438484998,-0.08241894916896253,0.8830583450767696,0.7746277054516052,1.1023163826055795,0.6207804426335772,0.7746277054516052,92810831.03547974,1.0,106.16900024414062,110.43566296895345,107.13151950836182,False,False,False,True,False,False,weak_rally,3,3,normal,False,False,,False,41.0,분산3일,0.015010815892880577,36.481173030907755,True,False,False,False,False,True,False,,Uptrend Under Pressure,114.57,-0.0937,0.4775205080313152,0.9371875788942187,-0.1320678287364423,-0.05129940309579184,0.3947226449181151,0.3105514316012726,,False,,,0,0,0.445,0.887
CHD,"Church & Dwight Company, Inc.",Consumer Staples,XLP,23668205568.0,2026-09-14,94.58000183105469,0.004567183199222669,-0.040284130875349655,-0.06633762110816166,-0.04736690194077675,-0.058204757773763105,False,-0.03751858593836799,-0.033205949760782505,-0.04786789240665046,-0.03134946948370476,0.9153646601526529,1.0200296881077664,1.1547337659242847,0.49045852467833356,1.0200296881077664,177326128.1692772,0.0975629423330997,98.69900093078613,98.48832448323567,96.59611638387044,False,False,True,True,True,False,accumulation,2,6,normal,False,False,,False,155.0,분산6일,0.01822343295551279,34.66358193758968,True,False,False,True,False,True,False,,Uptrend Under Pressure,95.35,-0.0081,0.3421906895691372,0.9497192280606287,-0.0938902332278646,-0.11930057738771116,0.37688839547151387,0.3104984093319194,,False,,,0,0,0.445,0.887
SNN,"Smith & Nephew SNATS, Inc.",Health Care,XLV,12036243456.0,2026-09-14,28.399999618530273,0.0327272588556462,-0.016279917112590025,-0.04729955963343846,-0.027942013572420876,-0.08102265179758827,False,-0.017892883175306684,-0.05662951699932228,-0.049457716528800044,-0.08359969089302921,0.8695652097738945,0.7715898053204088,1.0512584234599207,0.5412291102031459,0.7715898053204088,54050684.439169504,0.6666666666666666,28.84300003051758,29.897333431243897,30.5958580493927,False,False,False,False,False,False,weak_rally,2,4,normal,False,False,,False,32.0,분산4일,0.02171780770841912,43.3149952596808,True,False,False,False,False,True,False,,Uptrend Under Pressure,32.66,-0.1304,0.4288939871501998,0.9548611509199223,-0.331163268459453,-0.21459608670928088,0.1222802063007188,0.30911983032873813,,False,,,0,0,0.445,0.887
PEG,Public Service Enterprise Group,Utilities,XLU,36549140480.0,2026-09-14,70.91999816894531,-0.020306689226375796,-0.028956966312769117,-0.05883919302743501,-0.03971611624499305,-0.1417354623491387,False,-0.02978870645993892,-0.11895387518549339,-0.002801603209879655,-0.04057442394724753,0.8749952699783408,1.5092317180421946,1.038048386647277,0.5329534711199441,1.5092317180421946,203970152.31758577,0.09774407336446275,73.03617858886719,76.55046195983887,77.47604058583578,False,False,False,False,False,False,distribution,3,4,interest,False,False,,False,50.0,분산4일,0.015106550447681045,30.1819435856426,True,False,False,False,False,True,False,,Uptrend Under Pressure,80.88,-0.1232,0.3342179885116095,0.8879381683361783,-0.20672775509832098,-0.225314883563818,0.18820576710448667,0.3089077412513256,,False,,,0,0,0.445,0.887
ZTO,ZTO Express (Cayman) Inc.,Industrials,XLI,16068333568.0,2026-09-14,20.899999618530273,0.014070790858349502,-0.0023866893836888003,-0.08733624599633771,-0.0687921896405439,-0.11361514589889765,False,-0.05916536815070206,-0.09008713917324418,0.001711993659560429,-0.019955514163306987,0.8489032861942438,1.2437395847947328,1.1053748570532582,0.5371530101131868,1.2437395847947328,42856725.542908385,0.6399993896484375,21.297999954223634,22.698666667938234,23.376105308532715,False,False,False,False,False,False,accumulation,2,4,normal,False,False,,False,152.0,분산4일,0.01674298820886962,35.50407929209085,False,False,True,False,False,True,False,,Uptrend Under Pressure,22.43,-0.0683,0.3178522380834609,0.9111039498183728,0.006752289297078828,-0.1796579777420727,0.4138357598464276,0.30837751855779433,,False,,,0,0,0.445,0.887
KVUE,Kenvue Inc.,Consumer Staples,XLP,36264202240.0,2026-09-14,17.90999984741211,0.007311538568400833,-0.044290284623441645,-0.06718754501392266,-0.04823409511655907,-0.10607965342082692,False,-0.038394744152681626,-0.08235162622225489,-0.0487346295248865,-0.08058951762550737,0.9150901417581156,1.4395409273082356,1.4759735576060429,0.7072757923892397,1.4395409273082356,476330337.02241343,0.0,18.75649995803833,18.882212130228677,18.016591612497965,False,False,True,True,False,False,accumulation,2,5,normal,False,False,,False,56.0,분산5일,0.019107443595073943,35.56120549189204,True,False,False,True,False,True,False,,Uptrend Under Pressure,18.59,-0.0367,0.32306850744262233,0.9497192280606287,-0.1073424938119647,-0.048604555660037296,0.42370242410127823,0.3081124072110286,,False,,,0,0,0.445,0.887
MKC,"McCormick & Company, Incorporat",Consumer Staples,XLP,14577131520.0,2026-09-14,50.38999938964844,-0.01812159607767061,-0.03245012254201807,-0.07828788956733645,-0.05955998321113387,-0.06883590499783443,False,-0.04983771921934521,-0.044119287843860655,-0.06005456132635689,-0.04228376383653154,0.8921742173876307,1.488624061915726,1.1271504023683745,0.6251571585959309,1.488624061915726,141802840.90209657,0.06440498585480312,53.75550003051758,52.16915715535482,50.51320565541585,False,False,True,False,True,False,distribution,2,6,normal,False,False,,False,50.0,분산6일,0.027732258970027183,35.54394557306931,True,False,False,False,False,True,False,,Uptrend Under Pressure,52.97,-0.0487,0.38099043167378904,0.9497192280606287,-0.3267588286939128,-0.19460434419604522,0.13650034933648678,0.3079003181336162,,False,,,0,0,0.445,0.887
AMCR,Amcor plc,Materials,XLB,21217044480.0,2026-09-14,42.25,-0.0016540570729913773,-0.06423037492516348,-0.06893236089321964,-0.05001436322440589,-0.06777335000009621,False,-0.04019341666294829,-0.04302852861743167,-0.03112907536402365,-0.018950055873314664,0.8820135893806544,1.3310321257679756,0.9985599934565349,0.438993631516139,1.3310321257679756,156092115.04945907,0.3592237324543535,45.29759044647217,44.23343435923258,41.27021026611328,False,False,True,True,True,False,distribution,0,3,normal,False,False,,False,23.0,분산3일,0.02133663031251513,33.25601679103828,True,False,False,False,False,True,False,,Uptrend Under Pressure,46.73,-0.0958,0.43466453759660806,0.9407490851691787,-0.04096077865927383,-0.01568419768886853,0.5081832919932981,0.30774125132555674,,False,,,0,0,0.445,0.887
ENB,Enbridge Inc,Energy,XLE,110449205248.0,2026-09-14,48.15999984741211,0.008375241623460372,-0.038530650814463385,-0.054016892717389964,-0.03479583350897619,-0.11631941553798253,False,-0.024817557866642415,-0.09286319035728885,-0.09242499402757676,-0.25544517048547755,0.8586443044329951,1.2430216492667923,1.4887101535917588,0.8462686283036982,1.2430216492667923,280431543.49552345,0.4717946711530185,50.049000358581544,52.5063658396403,53.04476683934529,False,False,False,False,False,False,accumulation,4,3,normal,False,False,,False,80.0,분산3일,0.01827985351118884,32.93826182698919,True,False,False,False,False,True,False,,Uptrend Under Pressure,56.02,-0.1403,0.30289481842065535,0.9880569773625073,-0.09826142730406617,-0.18655935950683167,0.318553724333943,0.3056733828207847,,False,,,0,0,0.445,0.887
CL,Colgate-Palmolive Company,Consumer Staples,XLP,71602061312.0,2026-09-14,87.88999938964844,0.012557561054930666,-0.009913228418339748,-0.04415440667038939,-0.02473295548161969,-0.09047116333763972,False,-0.014650649858689135,-0.06632882777407756,-0.02524584915703354,-0.06453595149801383,0.9301679514164654,0.99909084216824,1.0510398478892866,0.424400007287495,0.99909084216824,386250575.01619035,0.18000030517578125,89.92049980163574,91.20897839864095,88.65761731465658,False,False,True,True,False,False,weak_rally,1,7,normal,False,False,,False,147.0,분산7일,0.018033901927823743,39.96924950999281,True,False,False,True,False,True,False,,Uptrend Under Pressure,94.18,-0.0668,0.4365097536744554,0.9497192280606287,-0.052505750939635165,-0.1034913842816082,0.42628977518105576,0.30535524920466595,,False,,,0,0,0.445,0.887
NLY,Annaly Capital Management Inc.,Financials,XLF,17275133952.0,2026-09-14,21.84000015258789,-0.0027397016889267878,-0.04252517913482634,-0.0638662570077485,-0.04484532316387113,-0.05239923329228158,False,-0.034970939093209696,-0.02724632470051247,-0.045317560670339985,-0.05584963376514429,0.919966316897703,1.495000559651835,1.3589330199701328,0.45310430281204556,1.495000559651835,148659622.11732388,0.4444444444444444,22.86150007247925,22.711897532145183,21.93671317100525,False,False,True,True,True,False,distribution,2,7,normal,False,False,,False,34.0,분산7일,0.015682247048306897,30.471367969095695,True,False,False,True,False,True,False,,Uptrend Under Pressure,22.57,-0.0323,0.3899477851384245,0.9738729071360308,0.006859214297017857,-0.03159530290810186,0.5404563306780745,0.3053022269353129,,False,,,0,0,0.445,0.887
AM,Antero Midstream Corporation,Energy,XLE,10642190336.0,2026-09-14,21.6200008392334,-0.01994554113150737,-0.04336281087144811,-0.04124161548966754,-0.021760980440937328,-0.0479189909617026,False,-0.01164795055552692,-0.022647159792230864,-0.08016840908753975,-0.1978136378314953,0.9441048558681581,0.8006432770745553,0.8436326255578115,0.5005296975482176,0.8006432770745553,50639538.68450737,0.08943142381302394,22.364000034332275,22.19699099858602,21.82811222076416,False,False,True,False,True,False,dry_up,1,1,normal,False,False,,False,54.0,,0.023186213794515947,39.835493950285326,True,False,False,True,False,True,False,,Uptrend Under Pressure,22.95,-0.058,0.3797200844573582,0.9880569773625073,0.04467875168414115,-0.17495283546002716,0.4538984369170659,0.3050371155885472,,False,,,0,0,0.445,0.887
CM,Canadian Imperial Bank of Comme,Financials,XLF,103068827648.0,2026-09-14,114.16999816894531,-0.004099801318958818,-0.02834044111535905,-0.07733958186551959,-0.058592407217585296,-0.018839365053411883,False,-0.04886014043021836,0.007204349379615671,-0.05905784803567227,-0.022411963596716156,0.9226604181344804,0.8326919135466366,0.8938519033692294,0.26002923252921034,0.8326919135466366,136362675.9049034,0.40923133263221156,116.40499954223633,116.96594454447428,111.91487846374511,False,False,True,True,False,False,dry_up,0,3,normal,False,False,,False,64.0,분산3일,0.02245711585989805,43.12730263481758,True,False,False,True,False,True,False,,Uptrend Under Pressure,111.1,0.0276,0.2991020860075705,0.9738729071360308,0.30581595740303436,0.10414263831642301,0.8122267770374004,0.30397667020148467,,False,,,0,0,0.445,0.887
CMS,CMS Energy Corporation,Utilities,XLU,21342060544.0,2026-09-14,66.81999969482422,-0.004914397968070139,-0.023955585912656008,-0.060329079998669655,-0.04123627564442167,-0.1517567363667207,False,-0.031324581259315476,-0.12924115172037276,-0.004380199437120202,-0.05177687514419094,0.8745683567785298,0.9589866716566355,0.9219366029025126,0.5631211002411107,0.9589866716566355,214411566.6825947,0.19341550865603788,68.69299926757813,71.87326227823893,72.9456251780192,False,False,False,False,False,False,dry_up,0,0,normal,False,False,,False,114.0,,0.014799890199614186,30.697226675210487,True,False,False,False,False,True,False,,Uptrend Under Pressure,76.37,-0.125,0.46961063240497963,0.8879381683361783,-0.15168503459175198,-0.2205500660684172,0.2414993657677376,0.30206786850477196,,False,,,0,0,0.445,0.887
BA,Boeing Company (The),Industrials,XLI,164223090688.0,2026-09-14,210.27000427246094,-0.0008552752596404645,-0.009328601778747059,-0.09237274599915368,-0.07393102430875931,-0.0912589792754046,False,-0.06435732806493288,-0.06713755532669752,-0.0038159156463097865,0.004762911159990946,0.875431958596011,0.6528958816776413,0.8075110707899547,0.42055135179839387,0.6528958816776413,1097837678.6700401,0.5854350924461625,212.07949981689453,218.5306660970052,219.39741681416828,False,False,False,True,False,False,dry_up,2,2,normal,False,False,,False,25.0,,0.019372262290190876,44.69415246060826,True,False,False,False,False,True,False,,Uptrend Under Pressure,234.42,-0.103,0.5468423099220511,0.9111039498183728,-0.12455080623862391,-0.07062176731990644,0.38521594421469385,0.30190880169671264,,False,,,0,0,0.445,0.887
AGNC,AGNC Investment Corp.,Real Estate,XLRE,12720216064.0,2026-09-14,10.09000015258789,-0.0059112776549119506,-0.05258211136158375,-0.06913143744109007,-0.05021748473046228,-0.0820543722845336,False,-0.04039863803807564,-0.05768862325041235,-0.02271750238845105,-0.02828360081750647,0.9025090034386187,1.4271677642614264,1.6766067849870767,0.4412568102825463,1.4271677642614264,200649982.67435437,0.3888885945439036,10.648834896087646,10.634272734324137,10.304000163078308,False,False,True,True,True,False,distribution,3,7,normal,False,False,surge,False,4.0,분산7일,0.017795797414530724,29.34338250564781,True,False,False,True,False,True,False,,Uptrend Under Pressure,10.68,-0.0552,0.42290508791230397,0.9371875788942187,0.014438315123559864,-0.039703753544621745,0.5398641544587319,0.30047720042417814,,False,,,0,0,0.445,0.887
BSX,Boston Scientific Corporation,Health Care,XLV,69997789184.0,2026-09-14,45.04999923706055,0.04816192919662643,-0.057531381671400816,-0.13081231631236034,-0.11315163315346632,-0.02311128989494593,False,-0.10398339935945022,0.002819031494486479,-0.13278129135785532,-0.025850726729553353,0.8661795941340942,0.9876167851107195,1.1344414260761937,0.6276016572798839,0.9876167851107195,981984293.7716131,0.9230753430285104,47.73849945068359,46.4873332341512,51.70458326339722,False,False,False,False,False,False,weak_rally,0,4,normal,False,False,,False,15.0,분산4일,0.04177898007779612,42.660985167620524,True,False,False,False,False,True,False,,Uptrend Under Pressure,50.37,-0.1056,0.24182700036660845,0.9548611509199223,-0.5857723451415817,-0.36675216636800145,0.01595077181883342,0.2998939554612937,,False,,,0,0,0.445,0.887
PH,Parker-Hannifin Corporation,Industrials,XLI,123455938560.0,2026-09-14,928.8300170898438,-0.022520825293630087,-0.035072054378030626,-0.11852944195285109,-0.10061918789412161,-0.05388216779041066,False,-0.0913213937463363,-0.02876862188933349,-0.032524710025822356,0.04608913399033687,0.8666791161780888,1.0650535892057778,0.8592055007194355,0.3850871079364144,1.0650535892057778,614030785.259964,0.8928917477031555,985.162710571289,983.2336893717448,944.0123331705729,False,False,True,True,True,False,distribution,0,4,normal,False,False,,False,26.0,분산4일,0.025716397069546485,35.44763891622647,True,False,False,False,False,True,False,,Uptrend Under Pressure,1067.65,-0.13,0.4016795594420293,0.9111039498183728,0.15757423072616428,0.010032221322224588,0.6823045807170782,0.2996818663838813,,False,,,0,0,0.445,0.887
MAA,Mid-America Apartment Communiti,Real Estate,XLRE,15328485376.0,2026-09-14,125.5999984741211,0.006490885108191069,-0.021197075240380614,-0.059105601126422935,-0.039987937385508876,-0.12535527200136265,False,-0.030063337685988567,-0.10213889262879505,-0.012191768951597237,-0.07412095009375541,0.8965786149245589,1.0474233074009314,1.299178063053375,0.5361979157177473,1.0474233074009314,108648397.60961036,0.9589023438588669,129.25550003051757,132.71366424560546,129.85213940938314,False,False,False,True,False,False,accumulation,3,4,normal,False,False,,False,61.0,분산4일,0.01577570850214374,35.25587483488928,True,False,False,False,False,True,False,,Uptrend Under Pressure,134.88,-0.0688,0.421600251434332,0.9371875788942187,-0.18427543606000218,-0.07869195284902142,0.3204356192074018,0.2990455991516437,,False,,,0,0,0.445,0.887
UNH,UnitedHealth Group Incorporated,Health Care,XLV,349532389376.0,2026-09-14,383.54998779296875,0.011764993796097967,-0.034219737005094064,-0.04525433175560811,-0.025855229512633526,-0.11737303309722191,False,-0.015784525952786232,-0.09394477491179609,-0.04741712171553025,-0.11984813675984018,0.8789961783614113,0.8109268416348485,1.2847249867285238,0.625672586025055,0.8109268416348485,1862261759.3300812,0.5946273402826194,393.2874984741211,409.49933166503905,381.1416109720866,False,False,False,True,False,False,weak_rally,2,4,normal,False,False,,False,40.0,분산4일,0.026154173966193635,39.618169557947866,True,False,False,False,False,True,False,,Uptrend Under Pressure,426.09,-0.0998,0.367335599968573,0.9548611509199223,-0.031108321097586877,0.20491838583979027,0.6435707389427654,0.2989395546129374,,False,,,0,0,0.445,0.887
BCS,Barclays PLC,Financials,XLF,89482813440.0,2026-09-14,25.860000610351562,-0.031460678973232126,-0.04222219961660878,-0.08102341253552381,-0.062351088196095916,-0.078245536652784,False,-0.052657678633093896,-0.05377868671430264,-0.06281467068675617,-0.08160182565964746,0.9156323042272926,1.7503644653990509,1.1692484258196594,0.6611020084294268,1.7503644653990509,86124258.20672989,0.6106210523828332,26.76599998474121,27.127635796864826,25.137160555521646,False,False,True,True,False,False,distribution,3,3,interest,False,False,,False,176.0,분산3일,0.018326709699564046,39.39479766062542,True,False,False,True,False,True,False,,Uptrend Under Pressure,25.01,0.0342,0.48249957504023805,0.9738729071360308,0.15613336114203125,0.17521794252214784,0.7777378823199561,0.2982502651113468,,False,,,0,0,0.445,0.887
CR,Crane Company,Industrials,XLI,11853119488.0,2026-09-14,199.25,-0.012734155341150633,-0.02657678624515858,-0.0863068136575148,-0.06774184067035272,-0.10276376238581342,False,-0.058104160678331906,-0.07894771889701224,0.002841867302439738,-0.00795752195203192,0.8810093261288472,0.9401632250487161,0.7985838801622356,0.3708161065305021,0.9401632250487161,80631529.0837799,0.4858756672505828,205.37242965698243,214.07287089029947,198.10540084838868,False,False,True,True,False,False,dry_up,1,2,normal,False,False,,False,34.0,,0.02822565469899166,39.02286417600606,True,False,True,False,False,True,False,,Uptrend Under Pressure,226.16,-0.119,0.4772691547987906,0.9111039498183728,-0.013528725369182926,0.08495909278476277,0.6012343222532994,0.2973488865323436,,False,,,0,0,0.445,0.887
APD,"Air Products and Chemicals, Inc",Materials,XLB,68912267264.0,2026-09-14,287.1300048828125,-0.014754788117338768,-0.04693459238058284,-0.07068646228308073,-0.051804105511459086,-0.10546349543293054,False,-0.042001661296436454,-0.08171911307077895,-0.032954396924045115,-0.05861413871305354,0.9278420888358775,0.8986695509960525,0.9490109419293865,0.5914579481077001,0.8986695509960525,295922858.7369873,0.08730755796770466,301.89649810791013,297.741987101237,293.9550196329753,False,False,True,True,True,False,dry_up,1,3,normal,False,False,,False,9.0,분산3일,0.019643905567280972,33.97754348335985,True,False,False,True,False,True,False,,Uptrend Under Pressure,309.46,-0.0722,0.3665579537854571,0.9407490851691787,-0.10950683438409514,-0.09026484057848738,0.3874250170146088,0.29697773064687166,,False,,,0,0,0.445,0.887
NGG,"National Grid Transco, PLC Nati",Utilities,XLU,79584305152.0,2026-09-14,74.95999908447266,-0.02472029027830913,-0.04045063429350215,-0.07513884932732373,-0.056346958859315066,-0.11437693393777837,False,-0.0465914786385242,-0.09086914794809464,-0.020071756206117675,-0.009991228755623749,0.8924872126566381,1.272273205449913,1.090844243936735,0.5027265907724559,1.272273205449913,67454435.38122138,0.05375894204895977,79.07850036621093,80.85933380126953,82.18739477793376,False,False,False,False,False,False,distribution,2,6,normal,False,False,,False,137.0,분산6일,0.015179532063893301,26.52754537495167,True,False,False,False,False,True,False,,Uptrend Under Pressure,91.32,-0.1791,0.3761579410874245,0.8879381683361783,-0.0055736264030279425,-0.22357968270152462,0.37519484836083183,0.29607635206786853,,False,,,0,0,0.445,0.887
STE,STERIS plc (Ireland),Health Care,XLV,22682425344.0,2026-09-14,213.66000366210938,0.01375977050131949,-0.048666427062661,-0.08131031302741709,-0.06264381810639952,-0.038601510428763364,False,-0.05295343478368453,-0.013082358083133294,-0.08339142519933396,-0.04129750886525274,0.8970403940452458,1.2478118861621117,1.0754781832339764,0.4879233250806512,1.2478118861621117,135299008.86336976,0.48766050947473405,227.75314178466797,222.06445770263673,218.40788803100585,False,False,True,True,True,False,accumulation,1,4,normal,False,False,,False,25.0,분산4일,0.024908872765044814,33.06003515371792,True,False,False,False,False,True,False,,Uptrend Under Pressure,236.75,-0.0975,0.5199337968602729,0.9548611509199223,-0.21372096617277014,-0.0654642228167367,0.3080055712951678,0.29591728525980915,,False,,,0,0,0.445,0.887
LFUS,"Littelfuse, Inc.",Information Technology,XLK,10468855808.0,2026-09-14,396.2300109863281,-0.08343737641721782,-0.05450162488058985,-0.13238291260770907,-0.11475414177806587,-0.07139042663588047,False,-0.10560247470985828,-0.04674161614850603,-0.10540525775189491,-0.07031292388204102,0.8414309542853492,1.2419014154647336,0.9060794132843715,0.8305958185690613,1.2419014154647336,85100631.86035919,0.053076578420596265,417.59232940673826,428.4870188395182,423.1573786417643,False,False,False,True,False,False,distribution,0,1,normal,False,False,,False,31.0,,0.03889965363620915,40.206998492177746,True,False,False,False,False,True,False,,Uptrend Under Pressure,441.15,-0.1018,0.2784780883221269,0.9308295144731314,0.3972945396477081,0.1703822416501064,0.8662330673552401,0.2948568398727466,,False,,,0,0,0.445,0.887
PHM,"PulteGroup, Inc.",Consumer Discretionary,XLY,24062236672.0,2026-09-14,118.94000244140625,0.005750044756404282,-0.044274766106482955,-0.08634191785805878,-0.06777765813935988,-0.12902467320776667,False,-0.05814034842814697,-0.10590569362250823,-0.04302716897528658,-0.07652845648970485,0.8826716322182282,0.8842003264562197,1.2277753104506364,0.7730852093758949,0.8842003264562197,161905261.0454178,0.6991311778192935,125.11049995422363,128.04416669209797,123.61396210988363,False,False,True,True,False,False,weak_rally,0,5,normal,False,False,,False,54.0,분산5일,0.0250696595284023,38.42693363649847,True,False,False,False,False,True,False,,Uptrend Under Pressure,137.61,-0.1357,0.38754513518722006,0.9099102163807861,-0.20648136542018458,-0.06842845034644907,0.3124967497009725,0.2939554612937434,,False,,,0,0,0.445,0.887
ELS,"Equity Lifestyle Properties, In",Real Estate,XLRE,12722417664.0,2026-09-14,61.58000183105469,0.02496671029102182,-0.01345716697422994,-0.06142354430432739,-0.04235297794043957,-0.09015865892098529,False,-0.0324528280178491,-0.0660080283081762,-0.014625286839447083,-0.03686261463983376,0.9102734729059512,1.2257653610856234,1.1206282818442181,0.24543846852417203,1.2257653610856234,81675430.06968156,0.7500005815075933,63.45100021362305,64.25298353830973,63.410487524668376,False,False,False,False,False,False,accumulation,1,4,normal,False,False,,False,29.0,분산4일,0.0156938734650459,38.90866524856206,True,False,False,True,False,True,False,,Uptrend Under Pressure,65.67,-0.0623,0.455568555099858,0.9371875788942187,-0.08554529113178488,-0.17483050039316372,0.33534606922967347,0.2923117709437964,,False,,,0,0,0.445,0.887
LNT,Alliant Energy Corporation,Utilities,XLU,17626175488.0,2026-09-14,66.91999816894531,-0.005055069231138298,-0.015448036382232577,-0.05212465134152533,-0.032865144423800285,-0.15414452056874062,False,-0.02286690932776725,-0.13169231674676574,0.004312728533181209,-0.05444610022924801,0.8683692621996922,0.9277995994689703,0.9652325767606221,0.42788771480723564,0.9277995994689703,134655829.34094238,0.17708159486286945,68.36149978637695,71.65559819539388,71.58505249023438,False,False,False,False,False,False,dry_up,1,2,normal,False,False,,False,52.0,,0.015007272224928184,33.697454484154065,True,False,True,False,False,True,False,,Uptrend Under Pressure,75.71,-0.1162,0.5001955412036941,0.8879381683361783,-0.06398128802915592,-0.1708593404043498,0.3619691272466632,0.292152704135737,,False,,,0,0,0.445,0.887
FITB,Fifth Third Bancorp,Financials,XLF,48763613184.0,2026-09-14,54.380001068115234,-0.00621345294230824,-0.008930159892618361,-0.06338271130094508,-0.044351952481770485,-0.06876595660580198,False,-0.034472467947569196,-0.044047482756927936,-0.044824433915371276,-0.07215676262513093,0.9159508513804328,0.8243408514090219,0.8659405852357407,0.4726392232956173,0.8243408514090219,261767529.82354775,0.3092783910586403,54.83499984741211,56.200406328837076,52.6873716990153,False,False,True,True,False,False,dry_up,0,1,normal,False,False,,False,51.0,,0.01679976969514801,43.18062563506708,True,False,False,True,False,True,False,,Uptrend Under Pressure,57.49,-0.0541,0.3400292500809539,0.9738729071360308,0.10647330784166531,0.1489425712245831,0.7351504860186268,0.2904029692470838,,False,,,0,0,0.445,0.887
ALC,Alcon Inc.,Health Care,XLV,34833801216.0,2026-09-14,67.73999786376953,0.02589730601371465,-0.03914896647135413,-0.08767679644754844,-0.0691396596026167,-0.04813899133808219,False,-0.05951643025543185,-0.02287299981073787,-0.0897434865939154,-0.05080824432624986,0.899004634844615,1.3076901687522398,1.3329143512484076,0.5581309127053733,1.3076901687522398,94550677.80873147,0.9565191431206173,71.36700019836425,69.8036668141683,70.26475156148275,False,False,True,False,False,False,accumulation,1,4,normal,False,False,,False,23.0,분산4일,0.019918596298197318,38.4484669521454,True,False,False,False,False,True,False,,Uptrend Under Pressure,75.35,-0.101,0.41775695936436935,0.9548611509199223,-0.22471635550313684,-0.1907765601396314,0.1983182104927566,0.29040296924708375,,False,,,0,0,0.445,0.887
TRP,TC Energy Corporation,Energy,XLE,65141682176.0,2026-09-14,61.18000030517578,0.00492771405711534,-0.02283980660015128,-0.0443610822681636,-0.024943830439690173,-0.09906047654358141,False,-0.014863704840977099,-0.07514613384106983,-0.0831612216000771,-0.24090346095091664,0.8666950485778133,0.93058012985369,1.3717394924570332,0.6466108994465702,0.93058012985369,125106627.94003868,0.2758631273403313,62.495499801635745,65.64617137908935,65.25968395868937,False,False,False,False,False,False,weak_rally,2,4,normal,False,False,,False,109.0,분산4일,0.019906139706494737,38.11282590725951,True,False,False,False,False,True,False,,Uptrend Under Pressure,63.32,-0.0339,0.34321299844758685,0.9880569773625073,0.03268112706023141,-0.1443459516547576,0.4705958165542534,0.28923647932131497,,False,,,0,0,0.445,0.887
ATI,ATI Inc.,Industrials,XLI,27805992960.0,2026-09-14,188.14999389648438,-0.0534286368551834,-0.10681225089926538,-0.17651436705709656,-0.1597822859171475,-0.020899549645779225,False,-0.15109611956835345,0.005089479695641552,-0.09616720122104183,0.08255685215084618,0.8117611307593569,0.9036664721326308,0.7467177305781053,0.4336185460754475,0.9036664721326308,386701184.8882187,0.15333251953125,208.77249908447266,202.04083251953125,182.5173329671224,False,False,True,True,True,False,dry_up,0,1,normal,False,False,,False,26.0,,0.03912151242438873,34.27799846340426,True,False,False,False,False,True,False,,Uptrend Under Pressure,223.43,-0.1579,0.41176714987333546,0.9111039498183728,1.5005217475011325,0.355450629160293,0.962604490047867,0.28881230116649,,False,,,0,0,0.445,0.887
AMH,American Homes 4 Rent,Real Estate,XLRE,13651401728.0,2026-09-14,31.6299991607666,0.004764918065803148,-0.025870096346067628,-0.07188974585252439,-0.05303183812714318,-0.09152825959574451,False,-0.043242086205502406,-0.06741398336527626,-0.02561334251232339,-0.03831244281681101,0.9086468805782822,1.1298964416147617,1.2361071426599437,0.4558670688508826,1.1298964416147617,64130841.49380169,0.6666656070292111,33.24799995422363,33.504499944051105,32.13308780988057,False,False,False,True,False,False,accumulation,2,7,normal,False,False,,False,170.0,분산7일,0.016056195776381753,29.452174942231238,True,False,False,True,False,True,False,,Uptrend Under Pressure,30.96,0.0218,0.3857182699881904,0.9371875788942187,-0.13896383927465272,0.03266999258263503,0.4519459964229753,0.28865323435843054,,False,,,0,0,0.445,0.887
XPEV,XPeng Inc.,Consumer Discretionary,XLY,10866903040.0,2026-09-14,10.710000038146973,0.016129039554954483,-0.02191778769850683,-0.08461536643224488,-0.06601602559325281,-0.19851835232965642,False,-0.05636050413395999,-0.1772439978439866,-0.04121876511155931,-0.1502107218177665,0.7628205176101329,0.6017146123775221,0.954682013664657,0.9149307291224059,0.6017146123775221,92957330.41495857,0.4736836821763791,11.3114999294281,12.279666630427043,14.365666619936626,False,False,False,False,False,False,weak_rally,1,1,normal,False,False,,False,123.0,,0.032613047391660044,37.99814184414845,True,False,False,False,False,True,False,,Uptrend Under Pressure,18.77,-0.4294,0.3153364851680993,0.9099102163807861,-0.5213883139329183,-0.5004246947718969,0.015775990521562765,0.28849416755037116,,False,,,0,0,0.445,0.887
CAT,"Caterpillar, Inc.",Industrials,XLI,366576926720.0,2026-09-14,784.0,-0.04223219396618605,-0.036784041024647385,-0.08472163011043932,-0.06612444840138776,-0.20206490687621537,False,-0.05647004781652076,-0.18088469136284213,0.004581716578025974,-0.11775129679465901,0.809813599311652,1.009001642233509,0.8746145366009744,0.6911709218988588,1.009001642233509,1928165451.807202,0.5133411717053522,813.6025024414063,878.1350819905599,859.2114842732748,False,False,False,True,False,False,distribution,1,3,normal,False,False,,False,55.0,분산3일,0.028167730170158185,39.48080102857803,True,False,True,False,False,True,False,,Uptrend Under Pressure,1055.05,-0.2569,0.3726654834358389,0.9111039498183728,0.671391110941232,0.04682563266982953,0.8288527066229223,0.2881230116648993,,False,,,0,0,0.445,0.887
MTD,"Mettler-Toledo International, I",Health Care,XLV,28154171392.0,2026-09-14,1285.75,-0.0060068799971613185,-0.04423680874598579,-0.0939169410557531,-0.07550659525820902,-0.038126691623531994,False,-0.06594918725864574,-0.012594935790837258,-0.09596949537248933,-0.04082402156903708,0.8897923875432526,1.0242314102207155,0.91062315688349,0.5304299995093393,1.0242314102207155,243574684.6800049,0.35535847294423667,1368.1164978027343,1340.295839436849,1274.9968332926433,False,False,True,True,True,False,distribution,1,4,normal,False,False,,False,15.0,분산4일,0.024462109396700786,30.59802332788651,True,False,False,False,False,True,False,,Uptrend Under Pressure,1395.25,-0.0785,0.4690458076643629,0.9548611509199223,-0.06735079741980943,0.032353948299777446,0.5167670208267856,0.28801696712619307,,False,,,0,0,0.445,0.887
WTFC,Wintrust Financial Corporation,Financials,XLF,10142596096.0,2026-09-14,151.99000549316406,-0.001117232944623292,-0.013820332802397695,-0.06450418938141567,-0.045496217434881525,-0.07387229098101666,False,-0.03562856230580136,-0.049289358560866026,-0.04596813313306658,-0.0772445038341496,0.9137782420091785,0.9746030344896252,1.0483657723546225,0.5027301131891715,0.9746030344896252,66403193.46456375,0.44856297840543036,152.87050170898436,157.78583552042645,152.3956549326579,False,False,False,True,False,False,dry_up,2,1,normal,False,False,,False,52.0,,0.017205093288460746,43.564544098777475,True,False,False,True,False,True,False,,Uptrend Under Pressure,160.17,-0.0511,0.3251074488039298,0.9738729071360308,0.012706912003407345,0.06419993392280876,0.6115366961586552,0.2877518557794274,,False,,,0,0,0.445,0.887
SOLS,Solstice Advanced Materials Inc,Materials,XLB,10069335040.0,2026-09-14,57.779998779296875,-0.06094588126762279,-0.09336263621022245,-0.07650478423551155,-0.057740647662411826,-0.29376807072892974,False,-0.047999575389203186,-0.2750220040459519,-0.03900895486710687,-0.2567807466650559,0.8502126783438335,1.0159835136530153,0.6645640385994498,0.99695872243501,1.0159835136530153,193153475.65854263,0.07531383424444356,59.95789623260498,64.51114603678386,72.81430899302164,False,False,False,False,False,False,distribution,0,3,normal,False,False,,False,59.0,분산3일,0.05214432208892779,41.07815476143662,True,False,False,False,False,True,False,,Uptrend Under Pressure,85.46,-0.3239,0.3753627188181512,0.9407490851691787,,-0.2756388016144915,,0.28775185577942736,,False,,,0,0,0.445,0.887
GMED,"Globus Medical, Inc.",Health Care,XLV,10924893184.0,2026-09-14,75.7699966430664,0.02129659185424626,-0.03218807309990901,-0.11792787779824021,-0.10000540079372622,-0.0743044757762078,False,-0.0907012613180963,-0.04973301517523465,-0.11992604002434737,-0.076900354293851,0.8577088497180215,1.6434249433185488,1.39736311414944,0.7955292191454686,1.6434249433185488,95768803.33156586,0.48147925754552034,81.00650062561036,80.45866724650065,82.97041670481364,False,False,False,False,False,False,accumulation,2,4,interest,True,False,surge,False,24.0,분산4일,0.029233209063241814,37.73837033467921,True,False,False,False,False,True,False,,Uptrend Under Pressure,86.15,-0.1205,0.39856897145384645,0.9548611509199223,0.2052767648550573,-0.14140782234618143,0.5865691991489304,0.2872216330858961,,False,,,0,0,0.445,0.887
XYL,Xylem Inc.,Industrials,XLI,25709234176.0,2026-09-14,107.48999786376953,0.004955112040327281,0.0170308958348373,-0.09843692658165482,-0.08011842059472196,-0.10585885987508092,False,-0.07060868962144995,-0.08212497198066648,-0.01047177591747861,-0.011379662135778679,0.8611257902759101,1.3013577903253069,1.6379896414676063,0.47489348838863404,1.3013577903253069,250257853.05286676,0.5412841468092314,110.507572555542,115.91474520365396,115.54719854990641,False,False,False,False,False,False,accumulation,2,6,normal,False,False,,False,33.0,분산6일,0.02490937712557946,38.817696627086704,True,False,False,False,False,True,False,,Uptrend Under Pressure,124.5,-0.1366,0.38037835980307116,0.9111039498183728,-0.2832941965052477,-0.1466557345427888,0.20130622452048197,0.2867444326617179,,False,,,0,0,0.445,0.887
PNW,Pinnacle West Capital Corporati,Utilities,XLU,11833697280.0,2026-09-14,95.4000015258789,-0.007284047443878894,-0.02173908111325007,-0.059913299467182934,-0.04081204703161945,-0.13842499587536805,False,-0.030895966973325306,-0.11555553640986715,-0.00393966294607262,-0.036873762829063406,0.8808440338717539,0.8633414488230866,0.9211573879603154,0.41277999344987665,0.8633414488230866,90721002.35102959,0.1099680142624928,97.89199981689453,102.02750689188639,101.10928153991699,False,False,False,False,False,False,dry_up,1,0,normal,False,False,,False,54.0,,0.015270293460805835,30.027021584082092,True,False,False,False,False,True,False,,Uptrend Under Pressure,107.11,-0.1093,0.5257923659834539,0.8879381683361783,-0.010099199822706573,-0.1561664724393561,0.4252207376991727,0.286373276776246,,False,,,0,0,0.445,0.887
MNST,Monster Beverage Corporation,Consumer Staples,XLP,89959653376.0,2026-09-14,44.20000076293945,0.018433161496169914,0.008671863778221711,-0.05595896943532863,-0.03677737052096808,-0.5549905355750929,False,-0.02681957999793627,-0.5357310151179264,-0.03728393002941466,-0.5519917549716272,0.4422653560455278,0.9259510102952418,0.9433222139158322,0.9023398672876074,0.9259510102952418,445194700.4114723,0.7661477028950108,45.7270004272461,71.73266684214273,76.4305001894633,False,False,False,False,False,False,weak_rally,0,4,normal,False,False,,False,53.0,분산4일,0.02165481169987605,41.46282094723761,True,False,False,False,False,True,False,,Uptrend Under Pressure,96.38,-0.5414,1.0,0.9497192280606287,-0.38389745033197054,-0.48358907291457287,0.04434515801540698,0.2862672322375398,,False,,,0,0,0.445,0.887
IDXX,"IDEXX Laboratories, Inc.",Health Care,XLV,43856662528.0,2026-09-14,509.55999755859375,0.009629453604151905,-0.04822744048850014,-0.07514161239110217,-0.056349778064701206,-0.10581232840758437,False,-0.04659432698884103,-0.08207720539202012,-0.07723669855027637,-0.10831985113691212,0.8553108453168201,0.9023068059357227,0.9845790050425769,0.7174957997748332,0.9023068059357227,267442077.90335694,0.43430461104177115,539.4545028686523,553.6108362833659,558.5144167582195,False,False,False,False,False,False,weak_rally,1,4,normal,False,False,,False,59.0,분산4일,0.02697425567651237,34.647772053499835,True,False,False,False,False,True,False,,Uptrend Under Pressure,562.09,-0.0935,0.3974120410153726,0.9548611509199223,-0.2652401703131876,-0.16326588079304005,0.1983912432987313,0.28616118769883353,,False,,,0,0,0.445,0.887
TROW,"T. Rowe Price Group, Inc.",Financials,XLF,23737788416.0,2026-09-14,105.80000305175781,-0.004610009027650186,-0.036254288320229366,-0.043053496851908624,-0.023609676708935323,-0.1264335180722499,False,-0.013515758635907593,-0.1032457594288051,-0.02409241331986689,-0.12961434517604475,0.869493777008624,1.4650632722239016,1.1067404402342504,0.47972773872243146,1.4650632722239016,140837929.76713866,0.3699829231786414,110.25650062561036,113.22900034586588,106.10117886861165,False,False,True,True,False,False,distribution,1,3,normal,False,False,,False,53.0,분산3일,0.019545558414077412,31.038947383549342,True,False,False,False,False,True,False,,Uptrend Under Pressure,114.38,-0.075,0.6252164017354056,0.9738729071360308,-0.07340857445043758,0.09280995426455618,0.5523640696683225,0.28117709437963945,,False,,,0,0,0.445,0.887
STZ,"Constellation Brands, Inc.",Consumer Staples,XLP,22310463488.0,2026-09-14,125.0,0.020824851901267705,-0.02480880681452935,-0.10188240711302121,-0.08363390849174346,-0.10293786367937896,False,-0.07416052061402723,-0.07912644149743686,-0.0841158261114765,-0.07735813975973027,0.8981175928869788,1.3782992138941976,1.3633282304420866,0.7771345626692229,1.3782992138941976,271911221.72302246,0.7708981911461114,129.78599967956544,132.55972480773926,140.3534266789754,False,False,False,False,False,False,accumulation,4,4,normal,False,False,,False,107.0,분산4일,0.02612000819614955,40.78725649838555,True,False,False,False,False,True,False,,Uptrend Under Pressure,163.76,-0.2367,0.2902223009114282,0.9497192280606287,-0.17932193581761013,-0.21965018597984498,0.21484239158698248,0.28022269353128315,,False,,,0,0,0.445,0.887
HII,"Huntington Ingalls Industries, ",Industrials,XLI,11474620416.0,2026-09-14,280.010009765625,0.0011441500283364547,-0.020704308963029883,-0.1415706932855464,-0.12412860536286341,-0.055357454833420694,False,-0.11507385145033378,-0.03028306863065,-0.057814087091181965,0.04445796111453837,0.8503850398293256,0.8404459823144944,0.9581955658080226,0.45296439743780725,0.8404459823144944,114831791.22573853,0.5666017485423758,293.36112518310546,293.561528523763,318.6536595662435,False,False,False,False,False,False,weak_rally,1,2,normal,False,False,,False,30.0,,0.025145123541953432,35.01985025113066,True,False,False,False,False,True,False,,Uptrend Under Pressure,324.93,-0.1383,0.7633823282798543,0.9111039498183728,-0.001611425017763679,-0.3334807490084072,0.33872909351138564,0.28022269353128315,,False,,,0,0,0.445,0.887
SW,Smurfit WestRock plc,Materials,XLB,24600125440.0,2026-09-14,43.75,0.012262812686895552,-0.04538515705764745,-0.1116751269035533,-0.09362560270946785,-0.059116762129568845,False,-0.08425550891449562,-0.03414216216179322,-0.07560728670606953,-0.009840098496844307,0.8690737197875298,0.961378350756957,0.8436020094142871,0.5351071318330676,0.961378350756957,196218439.4771576,0.6719358768681472,46.52100009918213,46.03395042419434,42.96098264058431,False,False,True,True,True,False,weak_rally,0,2,normal,False,False,,False,33.0,,0.03288979666573661,40.67718689286447,True,False,False,False,False,True,False,,Uptrend Under Pressure,50.34,-0.1309,0.4700404901654536,0.9407490851691787,-0.06494217843478745,0.07788707213470314,0.5483852514431327,0.2799045599151644,,False,,,0,0,0.445,0.887
WY,Weyerhaeuser Company,Real Estate,XLRE,16843600896.0,2026-09-14,22.229999542236328,0.007706259311402119,-0.03431802344994783,-0.08654393800088078,-0.06798378305011754,-0.07693264377754128,False,-0.0583486042571576,-0.05243094469621212,-0.04099820572422175,-0.022861855310867818,0.8682073956121674,1.0104829549651078,1.0880547451218385,0.451058205253788,1.0104829549651078,114400853.71928672,0.7142857142857143,23.305522632598876,23.842320855458578,23.818673276901244,False,False,False,False,False,False,accumulation,4,6,normal,False,False,,False,24.0,분산6일,0.019672150590355743,33.49560439612877,True,False,False,False,False,True,False,,Uptrend Under Pressure,25.06,-0.1129,0.4669465069886401,0.9371875788942187,-0.1748521210862043,-0.0963179029909389,0.3177225522139341,0.2788441145281018,,False,,,0,0,0.445,0.887
JEF,Jefferies Financial Group Inc.,Financials,XLF,10706554880.0,2026-09-14,50.099998474121094,-0.035796779120948696,-0.09288432211903497,-0.08469327563126505,-0.06609551779868794,-0.061153849053642184,False,-0.05644081812940083,-0.036233321077991376,-0.06655724900793647,-0.06457237225136536,0.8818803704841736,1.3990564387583224,1.0584257916760944,0.5237333779955387,1.3990564387583224,88314184.18438797,0.34136461893651215,53.152499961853025,54.1100554784139,51.7070219039917,False,False,False,True,False,False,distribution,2,2,normal,False,False,,False,28.0,,0.034117469923879436,35.31361090144223,True,False,False,False,False,True,False,,Uptrend Under Pressure,55.3,-0.0941,0.37489719256107296,0.9738729071360308,-0.28899784360803127,0.31114161264805573,0.45134228870795245,0.2757688229056204,,False,,,0,0,0.445,0.887
NVS,Novartis AG,Health Care,XLV,289022705664.0,2026-09-14,138.99000549316406,0.013342095233263906,-0.13125819913105308,-0.07880434123052504,-0.06008692845282293,-0.149161807491076,False,-0.0503701120181963,-0.12657734361720496,-0.08089113019242111,-0.15154776759148403,0.8522288835251668,1.0420158791756986,1.7213402012006687,0.8550238630617891,1.0420158791756986,356129807.42132795,0.0,152.67949981689452,153.79399973551432,151.62658297220867,False,False,False,False,False,False,accumulation,4,4,normal,False,False,,False,7.0,분산4일,0.03441149056577526,34.51634341183981,True,False,False,False,False,True,False,,Uptrend Under Pressure,162.46,-0.1445,0.13401699898217947,0.9548611509199223,0.0236622738993173,-0.1625903282536234,0.44934620941648373,0.275609756097561,,False,,,0,0,0.445,0.887
CG,The Carlyle Group Inc.,Financials,XLF,17242943488.0,2026-09-14,41.81999969482422,-0.012281541234994253,-0.10964448354344358,-0.14530963756400128,-0.1279435197815879,-0.03740579944468181,False,-0.11892820443443497,-0.01185490840682879,-0.12837467275367265,-0.040910793954458846,0.8192791523152756,0.9949223622670965,0.9744944477824262,0.5967267648060527,0.9949223622670965,150419922.8821537,0.38317634839485576,47.156500244140624,45.77252477010091,46.39150435129802,False,False,True,False,False,False,dry_up,0,1,normal,False,False,,False,15.0,,0.03363906510648666,29.712160921523918,True,False,False,False,False,True,False,,Uptrend Under Pressure,49.37,-0.1529,0.42580733024927037,0.9738729071360308,-0.3490351116773567,-0.03902362955483396,0.2569194626775229,0.2750795334040297,,False,,,0,0,0.445,0.887
FICO,Fair Isaac Corporation,Information Technology,XLK,24777023488.0,2026-09-14,1001.5,0.01634884168915618,0.07427111482748505,-0.07762164252685022,-0.058880198958709995,-0.2286075896890949,False,-0.04915090736086292,-0.20813191737368908,-0.0489412426869007,-0.22771251228493916,0.7293821423754815,0.7143704076721185,1.3972454974803015,0.902136447646854,0.7143704076721185,367782756.37633055,0.5996152552843749,1081.9995025634767,1146.8951629638673,1127.8584955851236,False,False,False,False,False,False,weak_rally,3,2,normal,False,False,,False,32.0,,0.05506668760113178,41.2385683362746,True,False,False,False,False,True,False,,Uptrend Under Pressure,1373.08,-0.2706,0.2854040253377128,0.9308295144731314,-0.41830560497570346,-0.16845947204939526,0.13189385597388004,0.27439024390243905,,False,,,0,0,0.445,0.887
HD,"Home Depot, Inc. (The)",Consumer Discretionary,XLY,327072579584.0,2026-09-14,310.8699951171875,0.006899024908291196,-0.03170843501899112,-0.07583989746098352,-0.05706225131465603,-0.14351914256033316,False,-0.047314165783540196,-0.12078490101615691,-0.03202726826045099,-0.09189654967631022,0.8806053332418142,1.0322614591509918,1.079183538416744,0.6302346105152029,1.0322614591509918,1282941390.2803345,0.708277482379127,324.08861083984374,334.1182632446289,326.6332799275716,False,False,False,False,False,False,accumulation,1,3,normal,False,False,,False,59.0,분산3일,0.018457244993571074,36.624234060769105,True,False,False,False,False,True,False,,Uptrend Under Pressure,331.83,-0.0632,0.41815973685226776,0.9099102163807861,-0.3111953706583843,-0.14002477422924653,0.19082228608510246,0.2731707317073171,,False,,,0,0,0.445,0.887
MOG-B,Moog Inc.,Industrials,XLI,11876687872.0,2026-09-11,365.95001220703125,-0.011239829534941514,-0.005651676708867903,-0.11080057572222957,-0.09498950348104684,-0.15686387277288416,False,-0.08941888904778184,-0.12347674857413538,-0.04157127257395199,-0.08082182358527312,0.8132222493489584,0.7407407407407407,1.1851851851851851,0.8,0.7407407407407407,106034.10079956055,0.5,389.2149993896484,402.631906636556,364.45426483154296,False,False,False,True,False,False,dry_up,2,3,normal,False,False,,False,,분산3일,0.011658509068663805,36.59083710855748,False,False,False,False,False,True,False,,Uptrend Under Pressure,,,0.2995383566106869,0.9241863717435788,0.724830314038567,0.1322211755709941,0.8804073105160458,0.2722693531283139,,False,,,0,0,0.445,0.887
BKNG,Booking Holdings Inc. Common St,Consumer Discretionary,XLY,149592342528.0,2026-09-14,175.35000610351562,0.008222216821674566,-0.09062293116352427,-0.17111439473598034,-0.1542725936793553,-0.06776023563022338,False,-0.1455294681609247,-0.04301506614257811,-0.13181854375375468,-0.011571433033723655,0.8197625487806218,1.3246789294574164,1.4429898384176523,0.6879307401398538,1.3246789294574164,1155454267.1706023,0.10497975076602072,197.05876846313475,190.49783248901366,179.63786239624022,False,False,True,True,True,False,accumulation,4,5,normal,False,False,,False,24.0,분산5일,0.039885824769853154,32.20245221677523,True,False,False,False,False,True,False,,Uptrend Under Pressure,212.37,-0.1743,0.354367377350109,0.9099102163807861,-0.18341560114090139,0.06768102931471565,0.43412214793326204,0.27147401908801694,,False,,,0,0,0.445,0.887
CRWV,"CoreWeave, Inc.",Information Technology,XLK,46819938304.0,2026-09-14,82.9800033569336,-0.06753561805941777,-0.07139656680663564,-0.2116663340977466,-0.19564849196965617,-0.006371392615744154,False,-0.18733311027209076,0.020003268965140375,-0.18715391512977664,-0.005218445681467454,0.7702589879441689,1.1708639865958208,1.285984222762161,0.5008713961109581,1.1708639865958208,2043775812.5752258,0.22976617809348893,88.92150077819824,87.85550041198731,96.75312487284343,False,False,False,True,False,False,distribution,1,2,normal,False,False,surge,False,4.0,,0.06546498607037271,44.54470820082563,True,False,False,False,False,True,False,,Uptrend Under Pressure,99.83,-0.1688,0.4917630475705758,0.9308295144731314,-0.21133892009491206,0.10981793239432291,0.43971627998471513,0.27057264050901375,,False,,,0,0,0.445,0.887
LVS,Las Vegas Sands Corp.,Consumer Discretionary,XLY,28375789568.0,2026-09-14,42.400001525878906,-0.010039698500876604,-0.044399311549007,-0.08284659429551333,-0.0642113144701858,-0.11113311954548455,False,-0.05453713591670928,-0.08753923045229506,-0.03936613893530183,-0.05755852683950902,0.8556397645296405,0.8857672528252017,1.1462738076768915,0.5578700688269294,0.8857672528252017,220340087.65965003,0.29609281430745166,44.82200050354004,45.81393337249756,48.96697285970052,False,False,False,False,False,False,dry_up,2,4,normal,False,False,,False,29.0,분산4일,0.027451141479996066,33.423906107029694,True,False,False,False,False,True,False,,Uptrend Under Pressure,46.98,-0.0975,0.32025352549864755,0.9099102163807861,-0.2853324025934868,-0.269052492217721,0.11476709770342348,0.2696712619300106,,False,,,0,0,0.445,0.887
CRH,CRH PLC,Materials,XLB,62729674752.0,2026-09-14,88.9800033569336,0.00485601683067638,-0.05601526267383161,-0.08409673742278823,-0.06548685876465199,-0.1867731468513557,False,-0.05582586678144352,-0.16518703018675296,-0.04690915716756083,-0.14418220199574838,0.830420282362293,0.9882880445498673,1.0558134258121217,0.8066172674014497,0.9882880445498673,405634313.3344223,0.8803830021793014,93.1145004272461,99.57945760091145,104.1023136774699,False,False,False,False,False,False,weak_rally,1,4,normal,False,False,,False,55.0,분산4일,0.028850810457471027,37.139325734066006,True,False,False,False,False,True,False,,Uptrend Under Pressure,112.6,-0.2098,0.3454203577565462,0.9407490851691787,-0.2812299308052243,-0.16806908897851902,0.1858338967184981,0.2693531283138918,,False,,,0,0,0.445,0.887
FWONK,Liberty Media Corporation - Ser,Communication Services,XLC,25058312192.0,2026-09-14,95.4000015258789,-0.00198760141532095,-0.0010471044410585995,-0.0818094309448385,-0.06315307740474918,-0.051965804550617944,False,-0.053467958802006166,-0.02680139112062685,-0.09872579953304683,-0.07751229338687349,0.8944308855276127,1.043160250677966,1.148597169779006,0.49590352041044383,1.043160250677966,170970550.59435844,0.31235962761671265,100.0625,98.56175003051757,93.55258331298828,False,False,True,True,True,False,distribution,2,4,normal,False,False,,False,26.0,분산4일,0.02536689669743989,38.22649396553702,True,False,False,False,False,True,False,,Uptrend Under Pressure,99.69,-0.043,0.3838911648307867,0.9638367007488521,-0.15116276820020136,0.04966988424197272,0.45634899280299,0.26887592788971365,,False,,,0,0,0.445,0.887
FHN,First Horizon Corporation,Financials,XLF,11522259968.0,2026-09-14,24.31999969482422,-0.0061299396297249675,-0.01811817465100396,-0.06605131417476395,-0.0470747776492505,-0.06658986240709597,False,-0.03722344166743874,-0.041813626787241986,-0.047545912892334785,-0.06998859201272423,0.933948685825236,2.0680281378585215,1.2462873699698302,0.2837556728702457,2.0680281378585215,100031810.69818573,0.0,24.558582305908203,25.132537174224854,24.44663093884786,False,False,True,True,False,False,distribution,1,4,attention,False,False,,False,40.0,분산4일,0.016338311042771454,43.244567364270715,True,False,False,True,False,True,False,,Uptrend Under Pressure,25.62,-0.0508,0.3504582460061915,0.9738729071360308,-0.016647269634902706,0.020577436068724753,0.5594425991539047,0.2678685047720043,,False,,,0,0,0.445,0.887
MDLN,Medline Inc.,Health Care,XLV,47130525696.0,2026-09-14,32.59000015258789,0.001844493561100391,-0.10931948574252992,-0.08813658024467219,-0.06960878556612748,-0.2613936728152173,False,-0.059990406040708266,-0.24178826715738144,-0.09020222884058948,-0.26346490708994497,0.7577307934065071,0.6999789052953967,0.8949549744093283,1.0870430626308067,0.6999789052953967,225946515.27984446,0.6394569121219041,34.52349987030029,37.25691661834717,39.09554150899251,False,False,False,False,False,False,weak_rally,1,3,normal,False,False,,False,,분산3일,0.03803096223861076,37.31112888516185,True,False,False,False,False,True,False,,Uptrend Under Pressure,,,0.4348953868309708,0.9548611509199223,,-0.2732075458278297,,0.2668610816542948,,False,,,0,0,0.445,0.887
DTE,DTE Energy Company,Utilities,XLU,28222984192.0,2026-09-14,131.1300048828125,-0.01093676971048696,-0.03637563845999714,-0.06894342308688217,-0.050025650186436565,-0.16684838185425332,False,-0.04020482030953365,-0.1447333865623931,-0.01350744852497554,-0.06864732712056065,0.8523791471939558,1.4526062426808648,1.1936435881055425,0.523267032921006,1.4526062426808648,167564694.00281066,0.11628732249804823,136.3890007019043,143.22291692097983,143.68548100789388,False,False,False,False,False,False,distribution,1,4,normal,False,False,,False,59.0,분산4일,0.01613170004623966,28.966936680361584,True,False,False,False,False,True,False,,Uptrend Under Pressure,146.39,-0.1043,0.4335008997090269,0.8879381683361783,-0.11850673144524515,-0.19740729012742142,0.2893855973880032,0.26548250265111345,,False,,,0,0,0.445,0.887
TU,Telus Corporation,Communication Services,XLC,15246001152.0,2026-09-14,9.15999984741211,0.006593347629364921,-0.0389237177102405,-0.047786090039102946,-0.028438429598306336,-0.10726609302221679,False,-0.018394431147480295,-0.0835695584183026,-0.0653292907847749,-0.13132241598801897,0.8350051769688782,1.2927175747378206,1.1367612794173123,0.5102814904558753,1.2927175747378206,52121374.78712483,0.866667514379326,9.524521398544312,9.982543102900188,10.97222470442454,False,False,False,False,False,False,accumulation,2,3,normal,False,False,,False,32.0,분산3일,0.022258074488626954,35.2408501687985,True,False,False,False,False,True,False,,Uptrend Under Pressure,10.97,-0.165,0.5915186312316735,0.9638367007488521,-0.4695327389824596,-0.35898869407737166,0.03279059934383528,0.26521739130434785,,False,,,0,0,0.445,0.887
FWONA,Liberty Media Corporation - Ser,Communication Services,XLC,23080222720.0,2026-09-14,87.54000091552734,0.005860072887324819,-0.009504371622484298,-0.08152341666245078,-0.06286125171049395,-0.05723750362438007,False,-0.05317311621524479,-0.032213021027693856,-0.0984450546611556,-0.08264193703459477,0.8916276292872701,0.9615391839049805,1.427531468452665,0.5125220157945571,0.9615391839049805,12126686.822231293,0.640525580931485,91.9794994354248,90.56499951680502,86.00266640981039,False,False,True,True,True,False,weak_rally,2,6,normal,False,False,,False,,분산6일,0.02460915476785297,38.56658761187853,False,False,False,False,False,True,False,,Uptrend Under Pressure,,,0.3760614911357895,0.9638367007488521,-0.1433165102254652,0.0487998090437709,0.4623214031343057,0.26489925768822903,,False,,,0,0,0.445,0.887
CGNX,Cognex Corporation,Information Technology,XLK,10254924800.0,2026-09-14,59.900001525878906,-0.06726875759434814,-0.03775097950395334,-0.08602643222268358,-0.06745576227527117,-0.13399943496464828,False,-0.05781512480629303,-0.1110125043731568,-0.05760737061459331,-0.1329945799422393,0.8387036435455595,1.1633380592547427,0.8871099092388327,0.7264893832031851,1.1633380592547427,96846301.66167068,0.19714390761568928,61.40463829040527,63.82851479848226,61.191728655497236,False,False,False,True,False,False,distribution,0,1,normal,False,False,,False,28.0,,0.033448593957938186,44.590895785685994,True,False,False,False,False,True,False,,Uptrend Under Pressure,71.42,-0.1613,0.3912414153288463,0.9308295144731314,0.15148459307555284,0.08859569661919897,0.7289370448168188,0.26299045599151644,,False,,,0,0,0.445,0.887
TXT,Textron Inc.,Industrials,XLI,13855264768.0,2026-09-14,80.58000183105469,-0.0051851625795718,0.01935442899435058,-0.0946067209993855,-0.07621039056959511,-0.14729778408296035,False,-0.06666025840229262,-0.12466384197728075,-0.006267858699215201,-0.05719721980391135,0.838239926488603,1.5265161516092751,1.2907595430764873,0.5311122820183372,1.5265161516092751,133377004.74098587,0.18450190734927718,81.95498809814453,87.19816284179687,89.02821814219156,False,False,False,False,False,False,distribution,4,5,interest,False,False,,False,34.0,분산5일,0.021662833640954948,40.28125219936856,True,False,False,False,False,True,False,,Uptrend Under Pressure,96.13,-0.1618,0.4964514508462947,0.9111039498183728,-0.10407103690007946,-0.18091972600230655,0.31597473924122754,0.26193001060445387,,False,,,0,0,0.445,0.887
NXPI,NXP Semiconductors N.V.,Information Technology,XLK,56646160384.0,2026-09-14,224.22999572753906,-0.05236243616483982,-0.015844455180721972,-0.04465089125537036,-0.025239527941881446,-0.1970830660154267,False,-0.015162459262404782,-0.17577061360209234,-0.014945300048095134,-0.19615140944813703,0.7672277705983725,1.4773284329663536,1.2833909876328373,0.521360205055961,1.4773284329663536,712460752.2242676,0.039704337991760236,225.92449951171875,252.9027359008789,258.3922740936279,False,False,False,True,False,False,distribution,2,4,normal,False,False,,False,59.0,분산4일,0.030039305811556182,43.73650840817743,True,False,False,False,False,True,False,,Uptrend Under Pressure,312.21,-0.2818,0.43562909753494145,0.9308295144731314,-0.1158202349904286,0.037903643319261215,0.48027933352477126,0.2616118769883351,,False,,,0,0,0.445,0.887
SNPS,"Synopsys, Inc.",Information Technology,XLK,84241547264.0,2026-09-14,381.42999267578125,-0.04013793349198558,-0.03151026756424802,-0.0950652605556791,-0.07667824701103498,-0.1459441534426924,False,-0.0671329515411857,-0.12327428085979275,-0.0669272519542804,-0.1449531583539121,0.8204736188283782,1.0043048183698242,0.8873420260825319,0.8014098724643653,1.0043048183698242,770209633.3874878,0.11653513895842771,408.8610015869141,414.8716664632162,439.87850087483724,False,False,False,False,False,False,distribution,0,5,normal,False,False,,False,11.0,분산5일,0.04905224642484476,38.7211220703689,True,False,False,False,False,True,False,,Uptrend Under Pressure,464.89,-0.1795,0.2679831556832413,0.9308295144731314,-0.21414262138938067,-0.15490304956746426,0.2390732295197245,0.2590137857900318,,False,,,0,0,0.445,0.887
TT,Trane Technologies plc,Industrials,XLI,97778302976.0,2026-09-14,426.010009765625,-0.03730900220992461,-0.04887248142253475,-0.11075149180645127,-0.0926832006335988,-0.12579927097514076,False,-0.08330336429087826,-0.10259467701473679,-0.02398786837570066,-0.03342707173840398,0.8764000305369889,1.1422084196892983,0.9485177130043172,0.5381601734470773,1.1422084196892983,421759083.1274353,0.6451973010209489,448.69055938720703,466.5938522338867,462.41936518351235,False,False,False,True,False,False,distribution,2,3,normal,False,False,,False,93.0,분산3일,0.022039212914725576,32.20645132549376,True,False,False,False,False,True,False,,Uptrend Under Pressure,490.27,-0.1311,0.4063210625339173,0.9111039498183728,-0.032752245592550855,-0.040068187413111356,0.49573447713711405,0.25758218451749737,,False,,,0,0,0.445,0.887
CARR,Carrier Global Corporation,Industrials,XLI,47992205312.0,2026-09-14,57.2599983215332,-0.0034806955469217637,-0.04103166639599842,-0.08792610011301905,-0.06939402877134848,-0.1972321267261372,False,-0.05977342909130401,-0.17592363094787833,0.0010645877112060997,-0.11240786215063125,0.8197704043319525,1.0053554396401319,1.0482352768488938,0.5756121652910029,1.0053554396401319,317419683.850997,0.9305196120563174,59.04100036621094,64.73717753092448,63.91239423751831,False,False,False,True,False,False,distribution,1,3,normal,False,False,,False,66.0,분산3일,0.027841680446430567,36.07117459043326,True,False,True,False,False,True,False,,Uptrend Under Pressure,70.98,-0.1933,0.553826878001341,0.9111039498183728,-0.1366821994827382,-0.029002183049377184,0.4144299710355962,0.25705196182396606,,False,,,0,0,0.445,0.887
MP,MP Materials Corp.,Materials,XLB,9751061504.0,2026-09-14,50.68000030517578,0.003365709548442064,-0.07060331121046715,-0.13721486453831155,-0.11968427224212774,-0.0694498863125439,False,-0.11058357283696085,-0.044749566545009944,-0.10218399088718277,-0.02071439704040412,0.8422802367863879,0.7863042143619308,0.9637068817113272,0.5670358291610224,0.7863042143619308,293774879.4453743,0.5203862512773773,55.63449954986572,52.05666662851969,56.19741662343343,False,False,False,False,False,False,weak_rally,1,1,normal,False,False,,False,24.0,,0.0565000415169299,42.14911392692191,True,False,False,False,False,True,False,,Uptrend Under Pressure,54.66,-0.0728,0.45688332365491374,0.9407490851691787,-0.26162108137422946,-0.17604215756276098,0.18737617773878676,0.2532343584305408,,False,,,0,0,0.445,0.887
STX,Seagate Technology Holdings PLC,Information Technology,XLK,187747778560.0,2026-09-14,805.5499877929688,-0.02965657109268427,-0.05149072154694445,-0.17247083973061117,-0.1556565997470688,-0.03859632804602908,False,-0.14692778207615242,-0.01307703814035921,-0.1467396774549018,-0.037480772990604816,0.8097689015628851,1.1745508872564816,1.1293517828034907,0.5449673610749235,1.1745508872564816,3009416096.935608,0.6914490715402433,848.0359985351563,869.7287974039714,781.2023661295573,False,False,False,True,False,False,distribution,1,2,normal,False,False,,False,52.0,,0.05464677969500811,44.39580250660944,True,False,False,False,False,True,False,,Uptrend Under Pressure,965.0,-0.1652,0.4183732629138209,0.9308295144731314,2.946766629101732,1.0385959809879322,0.9942566368279795,0.2526511134676564,,False,,,0,0,0.445,0.887
NOK,Nokia Corporation Sponsored,Information Technology,XLK,56770260992.0,2026-09-14,9.649999618530273,-0.13297398748364597,-0.037886353395579886,-0.10315990583086743,-0.08493736420428166,-0.21741433498667162,False,-0.07547745144492768,-0.1966415513536457,-0.07527359184174354,-0.21650626960230113,0.7480620080537429,1.7375751609447547,1.3346091902183657,0.9452882425158388,1.7375751609447547,740767432.1056461,0.0,10.285000038146972,10.8121666431427,11.557333330313364,False,False,False,True,False,False,distribution,3,2,interest,False,False,surge,False,4.0,,0.049518880818038284,42.87262902152825,True,False,False,False,False,True,False,,Uptrend Under Pressure,10.65,-0.0939,0.34794356732765874,0.9308295144731314,0.9111965697610267,0.08535164180956656,0.8651979460371224,0.25196182396606576,,False,,,0,0,0.445,0.887
AKAM,"Akamai Technologies, Inc.",Information Technology,XLK,15610498048.0,2026-09-14,105.56999969482422,-0.011424301996852404,0.003326349268776063,-0.15537241780027689,-0.13821076169718305,-0.08689428107857466,False,-0.12930158904343836,-0.06265700153051335,-0.12910959780122555,-0.08583476806588808,0.8150864438881966,1.4672122098917646,1.2660345479339719,0.7570782866400618,1.4672122098917646,334766535.31766206,0.5727716705122748,108.87149925231934,115.53766682942708,119.9901668548584,False,False,False,False,False,False,distribution,3,3,normal,False,False,,False,79.0,분산3일,0.04146193277561739,42.01536280458575,True,False,False,False,False,True,False,,Uptrend Under Pressure,143.55,-0.2646,0.4611626103460023,0.9308295144731314,0.32274044845901884,-0.014502700678619362,0.7390933531102253,0.25100742311770946,,False,,,0,0,0.445,0.887
IRM,Iron Mountain Incorporated (Del,Real Estate,XLRE,34340020224.0,2026-09-14,112.05999755859375,-0.027088059891608007,-0.041074816247541834,-0.13420378660376564,-0.11661201339767402,-0.06376885702253043,False,-0.10747955299658629,-0.03891774124948555,-0.09103441679829372,-0.008926969540977492,0.862663609113738,0.9412181507496497,0.9547494649540054,0.46665913778286466,0.9412181507496497,177187579.1942459,0.4216213095351014,118.59550018310547,122.4741667429606,120.4975793838501,False,False,False,True,False,False,dry_up,1,4,normal,False,False,,False,52.0,분산4일,0.032565465618139895,37.350077231885244,True,False,False,False,False,True,False,,Uptrend Under Pressure,126.31,-0.1128,0.3366876758123416,0.9371875788942187,0.10776591813806435,0.01879685771658779,0.658172325767014,0.24999999999999997,,False,,,0,0,0.445,0.887
RYAAY,Ryanair Holdings plc,Industrials,XLI,28725360640.0,2026-09-14,53.15999984741211,-0.011895899604540627,-0.03973989773634656,-0.09607212028471224,-0.07770556472744372,-0.20544887635601328,False,-0.06817088966279183,-0.1843584841922964,-0.007876236410253368,-0.12149283255485499,0.7927229612700701,0.818081736652995,1.2390041253271604,0.6287021423571376,0.818081736652995,73681630.96018791,0.7481756297928019,55.111999702453616,59.53149954477946,58.95174973805745,False,False,False,False,False,False,dry_up,3,2,normal,False,False,,False,42.0,,0.023018912797949546,36.97122177296618,True,False,False,False,False,True,False,,Uptrend Under Pressure,66.63,-0.2022,0.44450915338672253,0.9111039498183728,-0.15996039535538997,-0.1823910069315724,0.2592673656411172,0.24936373276776244,,False,,,0,0,0.445,0.887
CX,"Cemex, S.A.B. de C.V. Sponsored",Materials,XLB,15497309184.0,2026-09-14,10.449999809265137,-0.022450868151442815,-0.052583856550087016,-0.055153760145399966,-0.03595580049973479,-0.16770698012503793,False,-0.02598951659010562,-0.14561477527888111,-0.016791034725497145,-0.12411748725972804,0.7977098858750354,1.8825797110918912,1.205205229302112,0.40770105136182155,1.8825797110918912,62765310.05274296,0.6756741431126828,10.811999893188476,11.66949995358785,11.96740304629008,False,False,False,True,False,False,distribution,0,3,interest,False,False,,False,41.0,분산3일,0.02457278486190424,35.258599496662455,True,False,False,False,False,True,False,,Uptrend Under Pressure,13.1,-0.2023,0.30248270224025064,0.9407490851691787,-0.01932583658065501,-0.09643118071318135,0.46378025039173176,0.2457051961823966,,False,,,0,0,0.445,0.887
HUBB,Hubbell Inc,Industrials,XLI,23933155328.0,2026-09-14,442.3800048828125,-0.03913985502294226,-0.03980725015041198,-0.13226531132544017,-0.11463415100153229,-0.1082709504574727,False,-0.10548124346930232,-0.08460108857070336,-0.047600782712509004,-0.014046625660340095,0.8539911023176909,0.9684108148682199,0.976560894949958,0.5179462217769781,0.9684108148682199,218955521.38428497,0.5956895469229804,463.22382202148435,484.66503651936847,491.5255063374837,False,False,False,False,False,False,dry_up,3,2,normal,False,False,,False,144.0,,0.028530324514517202,37.46976578575468,True,False,False,False,False,True,False,,Uptrend Under Pressure,519.65,-0.1487,0.38958602891659405,0.9111039498183728,-0.05116468858702494,-0.07836196603647161,0.44687259053919914,0.24512195121951222,,False,,,0,0,0.445,0.887
FTV,Fortive Corporation,Industrials,XLI,17770684416.0,2026-09-14,55.189998626708984,0.009142439432350047,-0.030734106817823514,-0.1032588861357786,-0.08503835565113238,-0.13666459384282925,False,-0.0755794869408295,-0.11374840664876895,-0.01576421214836643,-0.04544047620266689,0.8621811305822633,0.8457165771294026,0.8382870754686649,0.47295156158981944,0.8457165771294026,123884492.06941338,0.8932031643506859,58.037153816223146,60.1738463083903,59.68980019887288,False,False,False,True,False,False,weak_rally,1,6,normal,False,False,,False,33.0,분산6일,0.020694069484484788,33.577981484630655,True,False,False,False,False,True,False,,Uptrend Under Pressure,64.01,-0.1378,0.4347540721804711,0.9111039498183728,0.04722781805377885,-0.034483204959894764,0.5737389405042654,0.24501590668080594,,False,,,0,0,0.445,0.887
UDR,"UDR, Inc.",Real Estate,XLRE,13574108160.0,2026-09-14,35.369998931884766,0.007118451241552526,-0.027762564776713905,-0.06416190910291075,-0.04514698249783322,-0.15115435868876403,False,-0.035275716979794036,-0.12862278466038557,-0.017500188944180706,-0.10143127748261171,0.8640409556937366,1.0509574041723588,1.477075024910344,0.4154894347416686,1.0509574041723588,118063893.09897271,0.9259243560943218,36.814499855041504,38.242753664652504,37.14271863301595,False,False,False,True,False,False,accumulation,1,5,normal,False,False,,False,155.0,분산5일,0.01619611670616666,29.758160424537664,True,False,False,False,False,True,False,,Uptrend Under Pressure,36.42,-0.0288,0.46090349618729737,0.9371875788942187,-0.15187501774196477,-0.07791089696781184,0.35411527425740563,0.24480381760339343,,False,,,0,0,0.445,0.887
AON,Aon plc,Financials,XLF,68202569728.0,2026-09-14,311.5400085449219,0.029237854016102682,-0.035748515657815894,-0.12446949301263821,-0.10667993251835206,-0.14495875865764385,False,-0.09744479431690212,-0.12226272996995224,-0.1071215984090993,-0.14807213172264766,0.8189952999326499,1.9711975109092998,1.6362673415832856,0.866003836442287,1.9711975109092998,464608304.4994858,0.8671870529668695,334.5014984130859,346.15431823730466,333.78851420084635,False,False,False,False,False,False,accumulation,4,6,interest,True,False,surge,False,54.0,분산6일,0.03337796168785861,36.06236302881812,True,False,False,False,False,True,False,,Uptrend Under Pressure,327.94,-0.05,0.19115518332770157,0.9738729071360308,-0.19397745412221035,-0.0544752689957787,0.3324806056070202,0.2443266171792153,,False,,,0,0,0.445,0.887
ODFL,"Old Dominion Freight Line, Inc.",Industrials,XLI,41585340416.0,2026-09-14,181.91000366210938,0.011791592720083122,-0.02130516790825454,-0.13640546339001192,-0.11885842518979972,-0.18062296628073082,False,-0.10974918818211021,-0.1588736005610928,-0.052144887768136416,-0.09404369896171405,0.7682586424678148,0.8120045057348975,0.9217160669169447,0.7779436535820459,0.8120045057348975,310414671.9019333,0.7263401478903871,194.38178787231445,212.03524220784504,212.1645216623942,False,False,False,True,False,False,weak_rally,3,3,normal,False,False,,False,59.0,분산3일,0.032655926219815626,28.880491056969333,True,False,False,False,False,True,False,,Uptrend Under Pressure,220.7,-0.1757,0.3661015940783812,0.9111039498183728,0.2129979526064949,0.01208295560454542,0.7121462826753975,0.24056203605514315,,False,,,0,0,0.445,0.887
CSL,Carlisle Companies Incorporated,Industrials,XLI,13764123648.0,2026-09-14,327.9200134277344,-0.021835034661357167,-0.06877946331911022,-0.11070617835611019,-0.09263696647705777,-0.12166664903507485,False,-0.08325665216586797,-0.09835235965698585,-0.023938133710023846,-0.02885777734481154,0.8438668360586229,0.843602017022441,0.7508339460585283,0.4262098778025993,0.843602017022441,212479949.8463257,0.15135290541209295,350.3317367553711,354.94588673909504,349.36190745035805,False,False,False,True,False,False,dry_up,2,1,normal,False,False,,False,59.0,,0.029288486066730065,37.86680697295464,True,False,False,False,False,True,False,,Uptrend Under Pressure,359.69,-0.0883,0.4631244572647186,0.9111039498183728,-0.190870093062259,-0.06465152315872069,0.3295317082215042,0.2400318133616119,,False,,,0,0,0.445,0.887
AYI,Acuity Inc.,Industrials,XLI,9932315648.0,2026-09-14,309.0400085449219,-0.031101025758440204,-0.07486897219570354,-0.13779534397261006,-0.12027654621006023,-0.15697765615911274,False,-0.11118196973008654,-0.13460065447187242,-0.053670378446642464,-0.06789991311815835,0.8574917141471585,1.1923221100289159,0.9568194853413551,0.7100870506742293,1.1923221100289159,63039261.83319855,0.28885364965601823,333.79349822998046,338.83409423828124,313.72135264078776,False,False,True,True,False,False,distribution,0,3,normal,False,False,,False,54.0,분산3일,0.02682036393432581,32.60948974380834,True,False,False,False,False,True,False,,Uptrend Under Pressure,362.27,-0.1469,0.4008980235562872,0.9111039498183728,-0.11163248867583331,0.1696691782499702,0.5600519595628886,0.23860021208907742,,False,,,0,0,0.445,0.887
UHAL,U-Haul Holding Company,Industrials,XLI,13166534656.0,2026-09-14,63.4900016784668,-0.008743190423246117,-0.055067727764500085,-0.14445489203959394,-0.12707140701858388,-0.08039994038035214,False,-0.11804707577423257,-0.05599027646570387,-0.06097969597107156,0.01676936765723669,0.8434968049691718,0.8872714497596743,1.0206129049165837,0.36801113141621306,0.8872714497596743,9598098.588288117,0.5766450592533191,68.13450050354004,69.20483341217042,60.926083183288576,False,False,True,True,False,False,dry_up,2,2,normal,False,False,,False,,,0.02374390411727819,28.692474545036475,False,False,False,False,False,True,False,,Uptrend Under Pressure,,,0.3558972992723033,0.9111039498183728,0.05516687582971325,0.3662705947633782,0.7474636362197496,0.2372746553552492,,False,,,0,0,0.445,0.887
APG,APi Group Corporation,Industrials,XLI,16962291712.0,2026-09-14,37.119998931884766,-0.019545738682964164,-0.07292712080109398,-0.1554039069963803,-0.13824289070989415,-0.13447946358624774,False,-0.12933405020571553,-0.11150527477005312,-0.07299700196449754,-0.04302445470941929,0.8300536207208344,0.750732606116418,1.4421467810906474,0.6962727700410354,0.750732606116418,129123098.1726532,0.808333227369251,40.23649997711182,40.87733351389567,42.2553334236145,False,False,False,False,False,False,dry_up,5,4,normal,False,False,,False,102.0,분산4일,0.03865264430655609,32.28456817346067,True,False,False,False,False,True,False,,Uptrend Under Pressure,46.75,-0.206,0.28819969404681606,0.9111039498183728,0.02094168484080372,-0.07757142118308347,0.5131748468685207,0.23642629904559914,,False,,,0,0,0.445,0.887
UHAL-B,U-Haul Holding Company Series N,Industrials,XLI,11665138688.0,2026-09-14,55.95000076293945,-0.007802777646239045,-0.050371199312758574,-0.14173955104192315,-0.12430089407367051,-0.07630096238631834,False,-0.11524792128093542,-0.05178249609156893,-0.05799942023172033,0.021301463125736886,0.8474705181436187,0.8456822760058837,0.9539561906674779,0.20001346903981695,0.8456822760058837,16321659.329023171,0.26851891097641956,60.10187473297119,60.86062488555908,54.49023040135702,False,False,True,True,False,False,dry_up,0,1,normal,False,False,,False,,,0.023170376801246083,26.257820641185532,False,False,False,False,False,True,False,,Uptrend Under Pressure,,,0.41958527015416064,0.9111039498183728,0.017932655051713375,0.28266367416947547,0.7057313794608235,0.23584305408271472,,False,,,0,0,0.445,0.887
AVGO,Broadcom Inc.,Information Technology,XLK,1761922252800.0,2026-09-14,344.7200012207031,-0.04770847117206256,-0.03682590919404516,-0.12282752796040475,-0.1050046050231277,-0.06387619445224146,False,-0.09575214729476411,-0.0390279278205784,-0.09555275831423493,-0.0627899726348653,0.8058724362980529,1.2333701767825365,1.0317199948691458,0.47473645870031295,1.2333701767825365,9414083893.645317,0.1277599410827489,365.08049926757815,382.12533315022785,387.8307462056478,False,False,False,True,False,False,distribution,3,5,normal,False,False,,False,71.0,분산5일,0.03186436988917295,34.32565521389293,True,False,False,False,False,True,False,,Uptrend Under Pressure,480.81,-0.283,0.41034490226328363,0.9308295144731314,-0.021440552208141672,0.10242282689158144,0.6122358213477379,0.23515376458112408,,False,,,0,0,0.445,0.887
JBL,Jabil Inc.,Information Technology,XLK,31987306496.0,2026-09-14,298.7200012207031,-0.060865147663617725,-0.0381556680428089,-0.1773065375946551,-0.16059055225672236,-0.1430929594958683,False,-0.151912741761134,-0.12034740544114919,-0.15172573633633357,-0.14209865605294503,0.8067408507224106,0.8551535139948551,0.9699429572497402,0.9193456644879936,0.8551535139948551,274342397.33748627,0.19646790937691577,313.1435012817383,329.4148544311523,331.5447035471598,False,False,False,True,False,False,dry_up,3,0,normal,False,False,,False,73.0,,0.03553493087390003,41.4490322116988,True,False,False,False,True,True,False,,Uptrend Under Pressure,364.48,-0.1804,0.34377817357195933,0.9308295144731314,0.44654690426184995,0.25166516924668425,0.8978716476698465,0.23478260869565218,,False,,,0,0,0.445,0.887
GEHC,GE HealthCare Technologies Inc.,Health Care,XLV,32173613056.0,2026-09-14,64.25,0.0050054699405079894,-0.06694743783749768,-0.12810424926925956,-0.11038854195974901,-0.040249885899187765,False,-0.10119174334337422,-0.014774487673424708,-0.13007935891206812,-0.04294126188438441,0.8587276164402949,0.9581706046333042,1.1429418109098564,0.31767797817943705,0.9581706046333042,191926589.9861954,0.26087052670569827,70.46350021362305,67.56449960072835,66.99830853144327,False,False,True,False,True,False,weak_rally,0,8,normal,False,False,,False,32.0,분산8일,0.0253674229891715,30.08588463501104,True,False,False,False,False,True,False,,Uptrend Under Pressure,71.9,-0.1064,0.7424817556228266,0.9548611509199223,-0.20706998986605774,-0.11602788233658379,0.27282591737570294,0.2331389183457052,,False,,,0,0,0.445,0.887
LYV,"Live Nation Entertainment, Inc.",Communication Services,XLC,41907085312.0,2026-09-14,171.49000549316406,0.007875472493374946,-0.011584982748333972,-0.09004563629496276,-0.07155663097649467,-0.10037335568885286,False,-0.06195838826677513,-0.07649386176474382,-0.106810264394686,-0.12461541587614278,0.9099543637050372,0.8567364926671921,1.2327043171104963,0.5926565168220382,0.8567364926671921,314036660.6436783,0.5211821579396855,178.4215003967285,179.7935002644857,170.73608373006184,False,False,True,True,False,False,weak_rally,2,4,normal,False,False,,False,52.0,분산4일,0.024572454764142125,38.54375460697721,True,False,False,True,False,True,False,,Uptrend Under Pressure,183.11,-0.0635,0.3896164263989293,0.9638367007488521,-0.10620602160537684,0.023412293266094064,0.4820303120060958,0.23276776246023329,,False,,,0,0,0.445,0.887
TCOM,Trip.com Group Limited,Consumer Discretionary,XLY,28116338688.0,2026-09-14,39.08000183105469,0.001537708164713214,-0.04752612737649231,-0.13116935907572713,-0.11351593052850828,-0.06699800994637095,False,-0.10435146283885666,-0.04223260810600293,-0.08997979180887028,-0.010763265790499021,0.826215696858504,1.788778296689424,1.6157948247390683,0.3254306858328823,1.788778296689424,131153074.84404297,0.0722909839644451,43.32950000762939,43.707333374023435,47.103416760762535,False,False,False,False,False,False,accumulation,2,7,interest,True,False,surge,False,32.0,분산7일,0.026100296636066354,25.933773225371183,True,False,False,False,False,True,False,,Uptrend Under Pressure,46.0,-0.1504,0.30179361981321645,0.9099102163807861,-0.49694771521411873,-0.26280785277753604,0.051851483379949215,0.2320254506892895,,False,,,0,0,0.445,0.887
ARM,Arm Holdings plc,Information Technology,XLK,258359541760.0,2026-09-14,239.00999450683594,-0.09736022208599437,-0.05188623912518453,-0.14468224871651214,-0.1273033832665229,-0.2579528641564638,False,-0.11828145019141367,-0.2382561264221713,-0.11808702898020007,-0.25709183724560236,0.7289779426794112,1.6347268724518198,1.1571590539507626,1.0579328227699931,1.6347268724518198,987937293.787471,0.08715618169031902,249.19000091552735,281.38399937947594,260.7923749287923,False,False,False,True,False,False,distribution,4,1,interest,False,False,,False,59.0,,0.05948876730583727,42.92818195944831,True,False,False,False,True,True,False,,Uptrend Under Pressure,439.46,-0.4561,0.44121794765488936,0.9308295144731314,0.5060941421124172,1.0387865971982446,0.9435081070936787,0.22969247083775188,,False,,,0,0,0.445,0.887
DAL,"Delta Air Lines, Inc.",Industrials,XLI,51294597120.0,2026-09-14,79.80000305175781,-0.0013765561920968672,-0.004615131915156057,-0.10688299480082586,-0.08873610115672392,-0.15574849157226223,False,-0.0793154597201845,-0.1333388632076452,-0.019741923655126725,-0.06654086916568691,0.8567747860714156,1.0413390962780078,1.0110016724469217,0.49987354476773294,1.0413390962780078,412863385.70694274,0.7831110408209886,80.87700004577637,86.0172056833903,79.17727890014649,False,False,False,True,False,False,distribution,2,5,normal,False,False,,False,59.0,분산5일,0.026329229367535237,43.02155091207138,True,False,False,False,False,True,False,,Uptrend Under Pressure,83.97,-0.0497,0.3898428112617789,0.9111039498183728,0.2770345310076514,0.32234321874818006,0.8653966947567872,0.2295864262990456,,False,,,0,0,0.445,0.887
NKE,"Nike, Inc.",Consumer Discretionary,XLY,57945464832.0,2026-09-14,37.04999923706055,0.006793478401712294,-0.03515630820765858,-0.08070155080178976,-0.06202268668020994,-0.16872885950612904,False,-0.05232588210404843,-0.14666377920394402,-0.03711940311039952,-0.11862572960053697,0.8400948628060766,1.0064091722119972,1.0408028488014591,0.536430309048457,1.0064091722119972,1125045455.0592356,0.5499988079059677,38.59759998321533,40.87194404602051,42.580763753255205,False,False,False,False,False,False,accumulation,2,3,normal,False,False,,False,51.0,분산3일,0.02471820036066762,37.09102558077884,True,False,False,False,False,True,False,,Uptrend Under Pressure,42.61,-0.1304,0.34985905111762183,0.9099102163807861,-0.5259344526440378,-0.34734601117879904,0.026164963698399386,0.2278897136797455,,False,,,0,0,0.445,0.887
TOL,"Toll Brothers, Inc.",Consumer Discretionary,XLY,13250189312.0,2026-09-14,134.22999572753906,-0.005114159878228275,-0.05291752082190104,-0.09469217063703561,-0.076297576424871,-0.1623994303152454,False,-0.06674834558448595,-0.1401663430216461,-0.05177329096321426,-0.11191480729924586,0.8614979643848635,1.0107198538893636,1.0701872101736614,0.6092369246237668,1.0107198538893636,132246716.6794632,0.6696191739295188,142.3939987182617,149.17114079793294,144.00846195220947,False,False,False,False,False,False,distribution,0,4,normal,False,False,,False,59.0,분산4일,0.02725864586114854,35.9671160920759,True,False,False,False,False,True,False,,Uptrend Under Pressure,155.4,-0.1362,0.37445368929271877,0.9099102163807861,-0.1441120898960756,-0.07155937714560279,0.36560200060144665,0.22412513255567337,,False,,,0,0,0.445,0.887
TXRH,"Texas Roadhouse, Inc.",Consumer Discretionary,XLY,12839365632.0,2026-09-14,181.1199951171875,-0.0005518491493321509,-0.04452417466822034,-0.1220804256421969,-0.10424232262635136,-0.0839512483527709,False,-0.09498198442654326,-0.05963584958432111,-0.08045996975630354,-0.028738325194668124,0.8485026457537839,1.8786934854828328,1.4022472856989208,0.4038349722743753,1.8786934854828328,143114666.16137695,0.7523135393266365,194.07970428466797,195.28058776855468,180.8064188639323,False,False,True,True,False,False,distribution,2,6,interest,False,False,,False,51.0,분산6일,0.024113911595026873,28.86499644456069,True,False,False,False,False,True,False,,Uptrend Under Pressure,190.75,-0.0505,0.5059231291008444,0.9099102163807861,0.048675467233571634,0.03879740814441912,0.6293130620190971,0.22348886532343584,,False,,,0,0,0.445,0.887
DDOG,"Datadog, Inc.",Information Technology,XLK,85115133952.0,2026-09-14,230.0500030517578,0.039962009265363196,0.0804020615453851,-0.09946763874695397,-0.08117007539568111,-0.13511203016022266,False,-0.07167121642425978,-0.11215463205354659,-0.07146651753645006,-0.13410846612642868,0.7983689325858583,0.784614739552765,0.9578374607298671,0.6283418520246913,0.784614739552765,836428795.0967476,0.7196301169625057,227.88149948120116,244.64566701253256,208.88066705067953,True,False,False,True,False,False,weak_rally,2,2,normal,False,False,,False,32.0,,0.0521734362636168,49.14835634505876,True,False,False,False,False,True,False,,Uptrend Under Pressure,264.2,-0.1293,0.4138384112013389,0.9308295144731314,0.5157031814227759,0.7155706140623335,0.9382160550074954,0.22163308589607636,,False,,,0,0,0.445,0.887
INVH,Invitation Homes Inc.,Real Estate,XLRE,17310382080.0,2026-09-14,27.59000015258789,0.001815513267915625,-0.028178909977442324,-0.08913835197526754,-0.07063091190305648,-0.11542076523637612,False,-0.061023099114380974,-0.09194068647758691,-0.04372197948854062,-0.06360450679923058,0.9045901689373079,1.259848483649935,1.3914076133129352,0.35395733585919864,1.259848483649935,116778871.52483329,0.47474790288336677,29.102999877929687,29.63467607498169,28.553375562032063,False,False,False,True,False,False,accumulation,1,6,normal,False,False,,False,93.0,분산6일,0.016232590542865213,24.892572517837863,True,False,False,True,False,True,False,,Uptrend Under Pressure,28.48,-0.0312,0.38958024156271615,0.9371875788942187,-0.13596696965801103,0.05001271828135212,0.4721249833245529,0.22158006362672322,,False,,,0,0,0.445,0.887
PPG,"PPG Industries, Inc.",Materials,XLB,24935391232.0,2026-09-14,105.25,-0.0023696682464454666,-0.06469384926925137,-0.07764438316502664,-0.05890340165498187,-0.17287405297819358,False,-0.04917434992648806,-0.15091900178970408,-0.040194823886904985,-0.1295551740431805,0.8537939671777096,1.1053875763208691,1.3363411751454468,0.5251863207911772,1.1053875763208691,155009809.18861848,0.5009203031520735,111.2185001373291,114.91580060323079,111.6874989827474,False,False,False,True,False,False,distribution,2,6,normal,False,False,,False,56.0,분산6일,0.026511718832843784,34.12265462556935,True,False,False,False,False,True,False,,Uptrend Under Pressure,120.23,-0.1246,0.5213931228713188,0.9407490851691787,-0.11971887502318967,-0.034184388520585696,0.42384328923478354,0.22131495227995757,,False,,,0,0,0.445,0.887
IR,Ingersoll Rand Inc.,Industrials,XLI,29895356416.0,2026-09-14,72.12999725341797,-0.010969464533253759,-0.055395538542729716,-0.13450923418598737,-0.11692366724934988,-0.12370740622935883,False,-0.10779442872415645,-0.10044728626624833,-0.05006364423450593,-0.03111417063259836,0.8016336015444183,1.0869370450727294,1.084275197900528,0.48542338089465104,1.0869370450727294,263404786.04029274,0.6259514865612533,77.2715000152588,80.69802462259928,79.03941275278727,False,False,True,False,False,False,distribution,2,4,normal,False,False,,False,36.0,분산4일,0.027169204099132663,28.516817735492708,True,False,False,False,False,True,False,,Uptrend Under Pressure,84.29,-0.1443,0.514229748557656,0.9111039498183728,-0.12934412228424308,-0.13047784938524976,0.3362064092505206,0.21919406150583245,,False,,,0,0,0.445,0.887
VMC,Vulcan Materials Company (Holdi,Materials,XLB,34931834880.0,2026-09-14,250.5399932861328,-0.008704645719772142,-0.04603438819595018,-0.11156030749598289,-0.09350845033145194,-0.18963586351342177,False,-0.08413714541580652,-0.1681257341770852,-0.075487805391387,-0.14719484706588304,0.8234008704302936,0.9984850613514952,1.0448976452303076,0.7334010065741888,0.9984850613514952,252222391.42253572,0.4777887462981244,266.1534996032715,281.49613622029625,281.44275143941246,False,False,False,False,False,False,dry_up,4,5,normal,False,False,,False,59.0,분산5일,0.026431425502060835,32.84677943255174,True,False,False,False,False,True,False,,Uptrend Under Pressure,302.28,-0.1712,0.39316418855825824,0.9407490851691787,-0.22499155264976034,-0.11107923429216682,0.26512287826132175,0.21802757158006364,,False,,,0,0,0.445,0.887
LOW,"Lowe's Companies, Inc.",Consumer Discretionary,XLY,114847752192.0,2026-09-14,198.1699981689453,0.00685901226750163,-0.03071655110313698,-0.09291894968797254,-0.07448832609580192,-0.1420852942681029,False,-0.0649203912349452,-0.1193129929668052,-0.0499160050651033,-0.09037627917626956,0.8872621121716013,0.738912198117869,0.8408723461360322,0.5163988944618798,0.738912198117869,665327791.7529831,0.5740737750579269,207.17649993896484,212.03566462198893,219.5392926534017,False,False,False,False,False,False,weak_rally,2,2,normal,False,False,,False,17.0,,0.02030002832554162,36.59154726303322,True,False,False,False,False,True,False,,Uptrend Under Pressure,220.0,-0.0992,0.4965598862303781,0.9099102163807861,-0.31639951256135357,-0.2135781470541246,0.1288854922478955,0.21744432661717922,,False,,,0,0,0.445,0.887
BBIO,"BridgeBio Pharma, Inc.",Health Care,XLV,14972807168.0,2026-09-14,72.37999725341797,-0.0008283432629204723,-0.03287011230420367,-0.09366395316510956,-0.07524846700598009,-0.08215497335232569,False,-0.06568839047789066,-0.05779189465106116,-0.09571708057653272,-0.08472883713890744,0.8027059856184598,0.9500758708971904,1.1453388996222222,0.4031296605548874,0.9500758708971904,150680798.9265545,0.14285497026811922,77.77250022888184,79.01933339436849,74.58462502161662,False,False,True,True,False,False,dry_up,1,2,normal,False,False,,False,46.0,,0.03140272370268478,29.761090410431677,True,False,False,False,False,True,False,,Uptrend Under Pressure,90.17,-0.1973,0.5967371047039847,0.9548611509199223,0.29094327851307833,-0.009119755103910276,0.7269330517538048,0.21479321314952282,,False,,,0,0,0.445,0.887
MCHP,Microchip Technology Incorporat,Information Technology,XLK,39883988992.0,2026-09-14,71.4800033569336,-0.03665759707788008,-0.03626796384549469,-0.09170055773632535,-0.07324517811663012,-0.16837815552983526,False,-0.06366439159844439,-0.14630376621760255,-0.06345792718513787,-0.16741319150914002,0.8117176551070227,1.285164724910083,1.0051085143113072,0.6266186343246524,1.285164724910083,599386544.0654507,0.4674575980425351,74.19165115356445,80.28000183105469,82.7407634417216,False,False,False,True,False,False,distribution,1,3,normal,False,False,,False,93.0,분산3일,0.03234670397012868,41.62924911238028,True,False,False,False,False,True,False,,Uptrend Under Pressure,91.89,-0.2221,0.6320000343665861,0.9308295144731314,0.01911956499859757,0.06758371937652807,0.6204783535737461,0.2116118769883351,,False,,,0,0,0.445,0.887
FLEX,Flex Ltd.,Information Technology,XLK,40357273600.0,2026-09-14,108.31999969482422,-0.06443253725276954,-0.010866609608187972,-0.14140776354973417,-0.12396236512174208,-0.22528143393120348,False,-0.11490589261846629,-0.20471747286099773,-0.1147107270881138,-0.22438249705575697,0.7740460040378981,1.0156470910239461,1.013246934606349,0.8952485613050912,1.0156470910239461,327999630.0230152,0.33072583075180684,111.80599975585938,124.63566691080729,117.97233359018962,False,False,False,True,False,False,distribution,3,2,normal,False,False,,False,73.0,,0.04566489568802264,44.15985933919019,True,False,False,False,False,True,False,,Uptrend Under Pressure,150.78,-0.2816,0.3462288441942097,0.9308295144731314,0.8003335376879326,0.659102582665511,0.959547060938302,0.21108165429480386,,False,,,0,0,0.445,0.887
MLM,"Martin Marietta Materials, Inc.",Materials,XLB,36837756928.0,2026-09-14,500.9200134277344,-0.017726837749663105,-0.02690523064285577,-0.08431271127032813,-0.06570722089997327,-0.18068118048390136,False,-0.05604850701937103,-0.15893335998940716,-0.047133900003176965,-0.1377711824605169,0.8288990275294627,1.1038340911234814,1.1508554237651876,0.5385607588264931,1.1038340911234814,370554111.41972506,0.3398673264096569,519.8567276000977,552.9881637573242,570.7094459533691,False,False,False,False,False,False,distribution,3,7,normal,False,False,,False,59.0,분산7일,0.024138330920624403,37.79251212132269,True,False,False,False,False,True,False,,Uptrend Under Pressure,608.13,-0.1763,0.39273642992125124,0.9407490851691787,-0.27538257097071184,-0.20853400150508827,0.15679465119486646,0.2097030752916225,,False,,,0,0,0.445,0.887
CPNG,"Coupang, Inc.",Consumer Discretionary,XLY,28868036608.0,2026-09-14,15.109999656677246,-0.0006613908040692396,-0.01177242025015457,-0.06265515694626878,-0.043609615235919,-0.20311005597074316,False,-0.03372245642313931,-0.1819575826675528,-0.018217464896031488,-0.1550791807951215,0.7886221177980914,0.8460861867002468,1.3044211259290286,0.2877770923108933,0.8460861867002468,247158225.43567938,0.5774637671426077,15.809000158309937,16.589500109354656,17.376416722933453,False,False,False,False,False,False,dry_up,0,6,normal,False,False,,False,60.0,분산6일,0.031048514938266648,40.52457766805614,True,False,False,False,False,True,False,,Uptrend Under Pressure,18.83,-0.1976,0.35309383608274186,0.9099102163807861,-0.5802508899924222,-0.25224650433644413,0.047979614124499456,0.20943796394485684,,False,,,0,0,0.445,0.887
RKT,"Rocket Companies, Inc.",Financials,XLF,37972324352.0,2026-09-14,13.4399995803833,0.019726803428480766,-0.04409678668062944,-0.08943093685836168,-0.07092944170347337,-0.16578229926350707,False,-0.06132471511431847,-0.14363900610729474,-0.07138878297502205,-0.16881984972802622,0.864308644085499,1.1701322028603762,1.007281641138191,0.6123962176963703,1.1701322028603762,309226121.3882964,0.5443785713398951,13.83700008392334,14.094166692097982,14.219000013669332,False,False,True,False,False,False,accumulation,3,2,normal,False,False,,False,48.0,,0.04342582187027683,46.23964023797641,True,False,False,False,False,True,False,,Uptrend Under Pressure,14.63,-0.0813,0.3893767154346674,0.9738729071360308,-0.40427890941210887,-0.09919218166854327,0.19129914734764294,0.20890774125132558,,False,,,0,0,0.445,0.887
GLW,Corning Incorporated,Information Technology,XLK,128114286592.0,2026-09-14,143.60000610351562,-0.13701916243550094,-0.0693454098290136,-0.13325865942841864,-0.11564768255446323,-0.28438356935035425,False,-0.10650525290614488,-0.2653884025044727,-0.10630823501309905,-0.2835532110417228,0.7385544298927856,1.926319116469645,1.0980156578468652,0.8995329894463814,1.926319116469645,1410025179.832695,0.07229983797499312,153.87533416748047,168.10631713867187,169.9610986073812,False,False,False,True,False,False,distribution,2,2,interest,False,False,surge,False,4.0,,0.05374783673752453,42.41562645515287,True,False,False,False,False,True,False,,Uptrend Under Pressure,165.96,-0.1347,0.3426942740858882,0.9308295144731314,0.7684865522352293,0.04146375668476421,0.8307920328670237,0.20752916224814424,,False,,,0,0,0.445,0.887
TDY,Teledyne Technologies Incorpora,Information Technology,XLK,28413710336.0,2026-09-14,597.1099853515625,-0.011063437484679084,-0.022173157326067505,-0.12147071319097391,-0.10362022166730533,-0.1036754458665744,False,-0.09435345219102509,-0.07988360190574095,-0.09415375479462296,-0.10263540470921917,0.8637494516062187,1.014630055026121,1.0480124551565129,0.5228094487700389,1.014630055026121,146444328.5913086,0.6990592812270799,622.0590057373047,640.223833211263,634.1891677856445,False,False,False,False,False,False,distribution,2,3,normal,False,False,,False,37.0,분산3일,0.017956742967245826,32.82714913595791,True,False,False,False,False,True,False,,Uptrend Under Pressure,650.5,-0.0821,0.44323517985524236,0.9308295144731314,-0.004999463349915745,-0.10703423702543069,0.4678811668064766,0.20715800636267234,,False,,,0,0,0.445,0.887
PSA,Public Storage,Real Estate,XLRE,57329074176.0,2026-09-14,295.3999938964844,-0.0037099699949936227,-0.021886744330992025,-0.09367041838848678,-0.07525506359369183,-0.12283274961407264,False,-0.06569505526109198,-0.0995494129560559,-0.04848001876690755,-0.07145066516943477,0.8938783938188768,1.0400188294837018,1.0078888545305422,0.31558797946420525,1.0400188294837018,235253187.78879088,0.10745263585726558,310.455500793457,318.3800008138021,307.95411631266273,False,False,False,True,False,False,distribution,1,6,normal,False,False,,False,65.0,분산6일,0.021302215989750177,30.93467957227861,True,False,False,False,False,True,False,,Uptrend Under Pressure,320.89,-0.0794,0.441211526301853,0.9371875788942187,-0.02934734582138021,-0.04661992437900686,0.493842633522284,0.2069459172852598,,False,,,0,0,0.445,0.887
IONQ,"IonQ, Inc.",Information Technology,XLK,15925882880.0,2026-09-14,37.5,0.020408163265306145,-0.05111337131492477,-0.18936443232544564,-0.17289344661463635,-0.2527175714849288,False,-0.16434282337679484,-0.23288186928095167,-0.1641585588170057,-0.25185046985501147,0.767341944334144,0.9802673270159686,1.2624795708442809,0.9968699747870263,0.9802673270159686,746593699.2097092,0.702246920115341,40.42399997711182,42.12049989700317,45.111749998728435,False,False,False,True,False,False,weak_rally,2,1,normal,False,False,,False,25.0,,0.06266284760974702,43.24171857517247,True,False,False,False,False,True,False,,Uptrend Under Pressure,44.43,-0.156,0.4057545157372647,0.9308295144731314,-0.20063852713755448,0.1550546507854107,0.4688301410686305,0.2033404029692471,,False,,,0,0,0.445,0.887
NBIS,Nebius Group N.V.,Communication Services,XLC,56089174016.0,2026-09-14,212.19000244140625,-0.055043422143720155,-0.06272360522340048,-0.23584698920257108,-0.22032046430825591,-0.03673065992967739,False,-0.21226014133213122,-0.011161848135421315,-0.24992543263696643,-0.06268768717672657,0.7641530107974289,0.7906833870562311,0.879621927043765,0.36668134499686084,0.7906833870562311,3894661645.044122,0.5385113754429489,222.5470001220703,219.41366678873698,199.46991704305012,False,False,False,True,True,False,dry_up,1,0,normal,False,False,,False,22.0,,0.06553325868015755,47.23196530831957,True,False,False,False,False,True,False,,Uptrend Under Pressure,259.2,-0.1814,0.7125703869669889,0.9638367007488521,1.3909775540593725,0.9122989936407682,0.9774303757684837,0.2031813361611877,,False,,,0,0,0.445,0.887
UAL,"United Airlines Holdings, Inc.",Industrials,XLI,35050283008.0,2026-09-14,108.95999908447266,-0.007831001755066458,-0.021727403740540607,-0.13068451996169594,-0.11302124015894677,-0.20001174036420222,False,-0.10385165836283294,-0.1787770260456203,-0.045865754163835315,-0.11548118296171916,0.8207291623446263,1.1552533749362517,1.1288487150419881,0.6192188841587195,1.1552533749362517,372508274.8849983,0.7639457792312923,111.603999710083,120.73966636657715,109.83758316040038,False,False,False,True,False,False,distribution,2,4,normal,False,False,,False,53.0,분산4일,0.032908476123156824,42.46633301697774,True,False,False,False,False,True,False,,Uptrend Under Pressure,135.19,-0.194,0.3484422091136614,0.9111039498183728,-0.0339488459920011,0.23563752351242084,0.6503440229544597,0.2030222693531283,,False,,,0,0,0.445,0.887
VIK,Viking Holdings Ltd,Consumer Discretionary,XLY,38473408512.0,2026-09-14,86.41999816894531,0.0165862368813412,0.007108735901490304,-0.11807327224263642,-0.1001537494507323,-0.15988303883673394,False,-0.09085114360274527,-0.1375831569951944,-0.07626284502432745,-0.10924674558583802,0.7982634072018354,0.7481246569558928,0.9824705893649518,0.5945762695982338,0.7481246569558928,379864559.5064491,0.8631231586887775,89.0840000152588,97.55900039672852,90.25075035095215,False,False,False,True,False,False,weak_rally,1,3,normal,False,False,,False,58.0,분산3일,0.03020134367849019,39.05841673954433,True,False,False,False,False,True,False,,Uptrend Under Pressure,100.05,-0.1362,0.32442731688147436,0.9099102163807861,0.35829320972339995,0.3153526164465059,0.8901414756244531,0.2016967126193001,,False,,,0,0,0.445,0.887
AEIS,"Advanced Energy Industries, Inc",Information Technology,XLK,11088364544.0,2026-09-14,254.35000610351562,-0.1145343564716601,-0.09451758052637338,-0.22957968692313513,-0.213925819175377,-0.19987406985732292,False,-0.20579938839119893,-0.17863570124275796,-0.20562426511077236,-0.19894565180319512,0.7298253900577684,1.297777629539672,0.9165415163150097,0.9292775773170703,1.297777629539672,142933817.40082246,0.06066126942174209,284.2591293334961,307.01125208536786,325.86967684427896,False,False,False,False,False,False,distribution,3,1,normal,False,False,,False,28.0,,0.054480616097686556,38.35344712546324,True,False,False,False,True,True,False,,Uptrend Under Pressure,341.27,-0.2547,0.36103259530829357,0.9308295144731314,0.7292719631566231,-0.07564160501186179,0.7359780404145008,0.20037115588547189,,False,,,0,0,0.445,0.887
PHG,Koninklijke Philips N.V. NY Reg,Health Care,XLV,25970247680.0,2026-09-14,25.079999923706055,0.019926790080422085,-0.03128619100185237,-0.08098207833198912,-0.06230891413911399,-0.11502107375678705,False,-0.0526150685809309,-0.09153038567432037,-0.08306393405554224,-0.11750277289336664,0.8884165898119339,1.224552020275807,1.1296831516994257,0.35302526786225863,1.224552020275807,18652181.371272087,0.6429831191735954,26.404500102996828,26.68716672261556,26.51701717376709,False,False,False,False,False,False,accumulation,1,5,normal,False,False,,False,,분산5일,0.017230568888460206,34.671403613578505,False,False,False,False,False,True,False,,Uptrend Under Pressure,,,0.48093906807496273,0.9548611509199223,-0.16890913595051604,-0.13307815079311447,0.2950663287109371,0.1994167550371156,,False,,,0,0,0.445,0.887
FNF,"Fidelity National Financial, In",Financials,XLF,12457556992.0,2026-09-14,44.290000915527344,0.0036256479388057095,-0.0325469179445097,-0.10470992879231944,-0.08651888147349351,-0.11234974118818108,False,-0.07707531843142568,-0.08878814583518746,-0.0869705151785688,-0.1155818500892557,0.8186691712517072,0.8675408170570139,1.4056676445800285,0.4777611928914652,0.8675408170570139,89429282.9316391,0.37423413387503685,46.55650005340576,48.615166664123535,48.22492094039917,False,False,False,False,False,False,weak_rally,3,6,normal,False,False,,False,54.0,분산6일,0.022989699616251528,32.85054957396524,True,False,False,False,False,True,False,,Uptrend Under Pressure,46.71,-0.0518,0.5309076631083166,0.9738729071360308,-0.27198305377182275,-0.10896094985823679,0.23803494269298864,0.19909862142099682,,False,,,0,0,0.445,0.887
ENTG,"Entegris, Inc.",Information Technology,XLK,20672311296.0,2026-09-14,128.52000427246094,-0.08441968552348833,-0.07366297258224253,-0.20548956085041337,-0.189346215292727,-0.14150339852762994,False,-0.18096568069172414,-0.11871565151239416,-0.18078508151478745,-0.14050725065366698,0.7845675244973384,1.5693487076805042,0.9652365247074934,0.7790181818353303,1.5693487076805042,289435454.7696999,0.08168001670719958,140.08499908447266,144.25425910949707,140.80113964080812,False,False,False,True,False,False,distribution,1,3,interest,False,False,,False,59.0,분산3일,0.048552748920012954,41.43554807021846,True,False,False,False,False,True,False,,Uptrend Under Pressure,178.62,-0.2805,0.4373031593629579,0.9308295144731314,0.6454468123329518,0.2831983719827398,0.9249188838416612,0.19878048780487806,,False,,,0,0,0.445,0.887
BWXT,"BWX Technologies, Inc.",Industrials,XLI,13953111040.0,2026-09-14,148.52999877929688,-0.010591502728530156,-0.05749094339191496,-0.14118376133001154,-0.12373381148889695,-0.23785016426175132,False,-0.11467497619935607,-0.21761982483499054,-0.05738940233856715,-0.15731779436360427,0.7555698861599247,1.0510018160798502,0.7862852545574891,0.7158106671499427,1.0510018160798502,176362734.92315826,0.8798189707073014,156.4234992980957,172.47529729207358,190.3633358001709,False,False,False,False,False,False,distribution,2,1,normal,False,False,,False,59.0,,0.037486413321444985,37.51258797328979,True,False,False,False,False,True,False,,Uptrend Under Pressure,205.08,-0.2757,0.32698892774595406,0.9111039498183728,-0.1591493784121809,-0.25584348527932,0.2160079770817176,0.19819724284199364,,False,,,0,0,0.445,0.887
TDG,Transdigm Group Incorporated,Industrials,XLI,64769712128.0,2026-09-14,1111.219970703125,-0.025519132310749648,-0.04374172883195504,-0.11590424924913989,-0.09794065493094595,-0.1933889593014796,False,-0.08861517012334841,-0.17197845132321898,-0.029643378313634616,-0.10815860741071082,0.8254984509062188,1.2431208152537518,1.0690225389361128,0.47971234521336326,1.2431208152537518,402356449.75046384,0.30803973554955044,1174.840997314453,1238.7398376464844,1223.3447479248048,False,False,False,False,False,False,distribution,2,2,normal,False,False,,False,59.0,,0.022134615536115287,30.316420048804957,True,False,False,False,False,True,False,,Uptrend Under Pressure,1328.31,-0.1634,0.438251232840245,0.9111039498183728,-0.1942316720391919,-0.1310293870251581,0.2724560050829024,0.19761399787910922,,False,,,0,0,0.445,0.887
RPM,RPM International Inc.,Materials,XLB,13287635968.0,2026-09-14,100.80999755859375,0.005987411232439177,-0.044636080689092306,-0.11430330496497165,-0.09630718168866137,-0.11127531690803694,False,-0.08696481004319923,-0.08768520227070276,-0.07834217427118495,-0.06473034139126299,0.8589808881587715,0.6312833426899881,0.6961973303109558,0.4057450887259999,0.6312833426899881,171970144.48558348,0.9783193013216005,105.31849975585938,107.71671574910482,105.00585123697917,False,False,False,True,False,False,weak_rally,0,2,normal,False,False,,False,74.0,,0.025433279820427746,38.21759287868082,True,False,False,False,False,True,False,,Uptrend Under Pressure,106.35,-0.0521,0.47864031622244124,0.9407490851691787,-0.2460464720593215,-0.027833575476153727,0.32593478600031206,0.1973488865323436,,False,,,0,0,0.445,0.887
LSCC,Lattice Semiconductor Corporati,Information Technology,XLK,16381770752.0,2026-09-14,106.5,-0.1107214587483627,-0.08110441244282485,-0.1836578681650518,-0.1670709330184026,-0.23645722354784704,False,-0.1584601166653513,-0.216189910205824,-0.15827455495358078,-0.2355712543871793,0.7632767213626767,1.7477412878355973,1.0914678394270056,0.909042144674137,1.7477412878355973,150349195.2661255,0.06353580389499675,116.90199928283691,128.16600011189777,125.61308364868164,False,False,False,True,False,False,distribution,1,3,interest,False,False,,False,28.0,분산3일,0.04654594334398317,37.04949653952136,True,False,False,False,False,True,False,,Uptrend Under Pressure,138.0,-0.2283,0.36287558737705977,0.9308295144731314,0.6265759492619289,0.26813297752501386,0.9193910013634299,0.19448568398727467,,False,,,0,0,0.445,0.887
ULS,UL Solutions Inc.,Industrials,XLI,15045451776.0,2026-09-14,69.5,-0.024561403508771895,-0.05864826931689693,-0.10101136300611324,-0.08274516598174231,-0.29722452786106857,False,-0.07326259028859006,-0.27857020862422044,-0.013297399080424599,-0.22296593509654206,0.7537958708934713,2.363533865109432,1.2272094316470608,0.5223890169308906,2.363533865109432,38459583.91330109,0.014149687281834997,73.98169174194337,83.04127578735351,88.14950440724691,False,False,False,False,False,False,distribution,1,1,attention,False,False,,False,54.0,,0.023258621480640184,24.46576764284623,False,False,False,False,False,True,False,,Uptrend Under Pressure,98.86,-0.297,0.8995155825898773,0.9111039498183728,-0.055860113603610095,-0.21718940525740926,0.33338119280886885,0.19172852598091197,,False,,,0,0,0.445,0.887
WMS,"Advanced Drainage Systems, Inc.",Industrials,XLI,10234767360.0,2026-09-14,125.33000183105469,-0.019940533915636438,-0.07682670225252597,-0.16827946835921148,-0.1513800655469949,-0.1926725545057787,False,-0.14260703708780853,-0.17124303043448186,-0.0871288267309227,-0.10736650388321356,0.8293573733360098,1.2580040959424634,1.2619107821629287,0.6726812293010428,1.2580040959424634,84441580.65113144,0.2541434833923453,136.85260276794435,143.24080797831218,142.04097372690836,False,False,False,False,False,False,distribution,2,3,normal,False,False,,False,58.0,분산3일,0.03084201183551698,31.97468882824053,True,False,False,False,False,True,False,,Uptrend Under Pressure,141.19,-0.1123,0.4445636204408445,0.9111039498183728,-0.14676817873293602,-0.077983235707342,0.35880836689149315,0.1902439024390244,,False,,,0,0,0.445,0.887
MKSI,MKS Inc.,Information Technology,XLK,17326323712.0,2026-09-14,239.27000427246094,-0.1048969119831985,-0.0808266815852775,-0.2292584251327594,-0.2135980297928628,-0.35872374987470823,False,-0.20546821032375695,-0.34170185260723895,-0.2052930140177135,-0.35797965144486055,0.649418431527327,0.9031795752370885,0.9752959804010629,1.0170130010125429,0.9031795752370885,348517326.5281059,0.08559038790598997,268.29950256347655,318.3620885213216,304.9543557484945,False,False,False,True,False,False,dry_up,2,1,normal,False,False,,False,51.0,,0.04686577423218585,34.50359028032125,True,False,False,False,False,True,False,,Uptrend Under Pressure,410.67,-0.4174,0.4122931962392598,0.9308295144731314,1.2149759863466967,0.21618089414795016,0.9309726929660138,0.1902439024390244,,False,,,0,0,0.445,0.887
RL,Ralph Lauren Corporation,Consumer Discretionary,XLY,20669079552.0,2026-09-14,341.42999267578125,0.00690081206512172,-0.027818961251887986,-0.12210742340925407,-0.10426986895043355,-0.1607517375127887,False,-0.09500981552438026,-0.13847491421991265,-0.08048824743487615,-0.11016780325824804,0.8391210901815439,0.8018315458190569,1.1418278340691852,0.5622429587759478,0.8018315458190569,225944619.7381897,0.8922152679428024,355.09800109863284,378.2981404622396,370.6322179158529,False,False,False,True,False,False,weak_rally,4,5,normal,False,False,,False,54.0,분산5일,0.029510343283529108,37.16194866812405,True,False,False,False,False,True,False,,Uptrend Under Pressure,411.16,-0.1696,0.43485343764234524,0.9099102163807861,0.03495986219941405,-0.002853743144336063,0.5895947470645561,0.18923647932131496,,False,,,0,0,0.445,0.887
ALB,Albemarle Corporation,Materials,XLB,15927142400.0,2026-09-14,115.02999877929688,-0.021187865341182666,-0.08601891696613473,-0.15227667608968054,-0.135052118826666,-0.16660268283268276,False,-0.12611029213938962,-0.14448116575944814,-0.11785734336076625,-0.12295535485666431,0.805707042476308,0.9447933566862596,1.2673779257994677,0.6738058090805153,0.9447933566862596,290642226.30268556,0.27838871857070596,131.47573623657226,128.99298515319825,154.38646691640218,False,False,False,False,False,False,dry_up,2,4,normal,False,False,,False,24.0,분산4일,0.050002318879855956,33.2616473958348,True,False,False,False,False,True,False,,Uptrend Under Pressure,130.77,-0.1204,0.2931951746123453,0.9407490851691787,0.4733881695398099,-0.29979778725518635,0.5627912550563348,0.18828207847295864,,False,,,0,0,0.445,0.887
TER,"Teradyne, Inc.",Information Technology,XLK,54692683776.0,2026-09-14,329.20001220703125,-0.1330453725146502,-0.07794859442460778,-0.21392582084078227,-0.19795388833637773,-0.12694939097725566,False,-0.18966233981443514,-0.10377532555196811,-0.18948365827323432,-0.12593635550740245,0.7428803568285299,1.9384721646356597,1.1640952740670794,0.7008560241346808,1.9384721646356597,930597890.2557404,0.029384180259428693,368.2079681396484,377.41615498860676,368.65133107503254,False,False,False,True,False,False,distribution,2,2,interest,False,False,,False,59.0,,0.058307884323603544,40.53436432421922,True,False,False,False,False,True,False,,Uptrend Under Pressure,437.92,-0.2483,0.3554280808836627,0.9308295144731314,1.9749779666014105,0.2143074430859131,0.9405743589279779,0.1878048780487805,,False,,,0,0,0.445,0.887
DTM,"DT Midstream, Inc.",Energy,XLE,13366044672.0,2026-09-14,127.20999908447266,-0.012804605913887879,-0.017835122851979746,-0.07078155766273242,-0.051901133096779906,-0.13881817780131733,False,-0.042099691952428464,-0.11595915487131814,-0.10850899253744595,-0.2744017509465765,0.8580197207454185,0.8828189112299627,0.8565772509445324,0.4395891636077845,0.8828189112299627,127659747.75003776,0.1605502981773385,130.0520004272461,138.03016662597656,138.6738202412923,False,False,False,False,False,False,dry_up,0,1,normal,False,False,,False,51.0,,0.025051393478972315,38.39695491158226,True,False,False,False,False,True,False,,Uptrend Under Pressure,143.78,-0.1152,0.3302336525998655,0.9880569773625073,0.07880811676097466,-0.1597344646512403,0.4962364363608408,0.18250265111346767,,False,,,0,0,0.445,0.887
Q,"Qnity Electronics, Inc.",Information Technology,XLK,24985776128.0,2026-09-14,117.2300033569336,-0.0725474529924579,-0.026894644566607062,-0.17617708473067062,-0.15943815048360344,-0.19048004033619947,False,-0.15074842646449116,-0.168992318645788,-0.15056116430516875,-0.18954072201465155,0.7992228607214116,0.9293505350452692,0.7898921557147434,0.7662965277106263,0.9293505350452692,213227584.6973175,0.14677562219699553,124.7726001739502,137.11703300476074,139.41346162160238,False,False,False,True,False,False,dry_up,1,2,normal,False,False,,False,53.0,,0.04061492213759503,38.92892514523179,True,False,False,False,False,True,False,,Uptrend Under Pressure,158.23,-0.2591,0.3062229066422851,0.9308295144731314,,0.1079386594460856,,0.18064687168610818,,False,,,0,0,0.445,0.887
HON,Honeywell International Inc.,Industrials,XLI,67676196864.0,2026-09-14,201.3800048828125,-0.0048428331912593325,-0.0392633734248109,-0.13925457726157442,-0.1217654290870882,-0.13986631684269768,False,-0.112686244670537,-0.1170351154873801,-0.05527198854750448,-0.04898050845466162,0.8118664425432573,1.2111764228799295,0.9232495836301915,0.33230019640649877,1.2111764228799295,573803902.4735413,0.9659717872013989,213.39799957275392,227.18195699055988,229.57665532430013,False,False,False,False,False,False,distribution,1,2,normal,False,False,,False,54.0,,0.021292362011043533,28.631874094910856,True,False,False,False,False,True,False,,Uptrend Under Pressure,242.81,-0.1706,0.530135922488599,0.9111039498183728,-0.0655047354239684,-0.18980573567846037,0.3401069941912917,0.18043478260869567,,False,,,0,0,0.445,0.887
MOG-A,Moog Inc.,Industrials,XLI,11765838848.0,2026-09-14,362.4100036621094,-0.012560583863433061,-0.024940780231230142,-0.17859973554336828,-0.16191002618663342,-0.14955962439558157,False,-0.15324585640565513,-0.12698572008707498,-0.0984560382814973,-0.05969805690189578,0.8137096405067982,1.09197962702915,0.8761503335609994,0.5656017466900128,1.09197962702915,87309583.01299134,0.7020615307274606,381.99499969482423,399.96422475179037,363.25700963338215,False,False,False,True,False,False,distribution,2,2,normal,False,False,,False,31.0,,0.0273782143395769,36.09768263115175,True,False,False,False,False,True,False,,Uptrend Under Pressure,418.96,-0.135,0.4355229052951383,0.9111039498183728,0.7786827974466675,0.2006705624280649,0.9137290369844461,0.18032873806998942,,False,,,0,0,0.445,0.887
DD,"DuPont de Nemours, Inc.",Industrials,XLI,18175432704.0,2026-09-14,124.29000091552734,-0.02126149298103497,-0.055475306828177806,-0.14647325157343227,-0.12913077680705054,-0.12661492686280917,False,-0.12012773531683851,-0.10343198349483362,-0.06319498604224372,-0.034328913699433694,0.8470978716553782,0.9892364340044899,0.9358943787663306,0.2980322781061383,0.9892364340044899,158927359.33107033,0.6772726957462598,133.94720802307128,137.10066159566244,138.98487504323325,False,False,False,False,False,False,dry_up,1,4,normal,False,False,,False,83.0,분산4일,0.024187398045892653,25.922223194878086,True,False,False,False,False,True,False,,Uptrend Under Pressure,150.54,-0.1744,0.40715738528317974,0.9111039498183728,0.2469592387721682,-0.09040077112064082,0.6411608824533597,0.17990455991516438,,False,,,0,0,0.445,0.887
GE,GE Aerospace,Industrials,XLI,348320104448.0,2026-09-14,317.55999755859375,-0.018846956789519864,-0.05802087637013176,-0.13795539022370495,-0.12043984437807065,-0.17559861965488377,False,-0.11134695607370693,-0.15371588877150455,-0.053846040346831714,-0.08848845601863886,0.8330098015364779,1.3527221867950696,1.0112148910032206,0.49966129941534193,1.3527221867950696,1300724748.6535523,0.8589170131031942,340.8720016479492,354.80540618896487,328.8839635213216,False,False,False,True,False,False,distribution,0,3,normal,False,False,,False,19.0,분산3일,0.025468577006775968,31.668011017667197,True,False,False,False,False,True,False,,Uptrend Under Pressure,369.43,-0.1404,0.3478292062294765,0.9111039498183728,0.0764311764167398,0.020414010753257106,0.6376964593786106,0.17985153764581124,,False,,,0,0,0.445,0.887
STM,STMicroelectronics N.V.,Information Technology,XLK,44727738368.0,2026-09-14,47.779998779296875,-0.07241311713801868,-0.08537524417822373,-0.11991162325378701,-0.10202945319403978,-0.3157426414908616,False,-0.09274623836157436,-0.2975798630334078,-0.09254618657038327,-0.3149486703653459,0.6686257961298919,1.178174113901723,1.0282669252034748,0.7332480663256131,1.178174113901723,405462163.4515381,0.14207395116338212,50.772999954223636,58.831861623128255,57.10754028956095,False,False,False,True,False,False,distribution,1,4,normal,False,False,,False,71.0,분산4일,0.03296357708800105,37.10947196748077,True,False,False,False,False,True,False,,Uptrend Under Pressure,79.42,-0.3984,0.5368931800497152,0.9308295144731314,0.7423672827420362,0.39479268083941466,0.9434079413566918,0.17788971367974551,,False,,,0,0,0.445,0.887
ASTS,"AST SpaceMobile, Inc.",Information Technology,XLK,22999797760.0,2026-09-14,60.0,0.0023387802910284083,-0.03707272223366043,-0.15469150236185536,-0.13751601100540733,-0.3101089951884798,False,-0.12859965602263246,-0.29179667844922996,-0.1284075100023806,-0.30930848711828995,0.7440476246791993,0.7287733663435325,0.8993968167684226,0.8315667839349302,0.7287733663435325,590533346.3075294,0.7146781789638933,62.6064998626709,66.75666637420655,77.60508333841959,False,False,False,False,False,False,weak_rally,3,0,normal,False,False,,False,71.0,,0.06197606949579148,44.56448472799437,True,False,False,False,True,True,False,,Uptrend Under Pressure,118.17,-0.4923,0.3926622255798778,0.9308295144731314,0.558544062236539,-0.2984652453527814,0.5717396957041787,0.17746553552492048,,False,,,0,0,0.445,0.887
LULU,lululemon athletica inc.,Consumer Discretionary,XLY,13655994368.0,2026-09-14,100.30000305175781,0.013438434016877387,-0.0030811803668934212,-0.16102048940698,-0.14397359425250145,-0.1710066108909103,False,-0.1351239977316765,-0.1490019907259359,-0.12124610604692321,-0.12104076768753258,0.780059119796445,0.6576531349086759,1.0703692047270783,0.6483437269276882,0.6576531349086759,799726692.2216316,0.35836277897411994,113.2,116.17366689046224,127.26008319854736,False,False,False,False,False,False,weak_rally,3,5,normal,False,False,,False,183.0,분산5일,0.05795469272079283,35.830773198593846,True,False,False,False,False,True,False,,Uptrend Under Pressure,215.11,-0.5337,0.16429436793432636,0.9099102163807861,-0.39697245253506863,-0.35824733497005856,0.04963042686883715,0.17735949098621423,,False,,,0,0,0.445,0.887
SPXC,"SPX Technologies, Inc.",Industrials,XLI,9854393344.0,2026-09-14,183.19000244140625,-0.044990118617949326,-0.06711815961453704,-0.1570495294153662,-0.1399219498844697,-0.2126382860831485,False,-0.13103046748528624,-0.191738728047103,-0.07480318710869971,-0.12944190944498846,0.7889659352910112,2.732059316554455,1.2289959768154788,0.6387333832884531,2.732059316554455,78969653.71224976,0.4375864717837729,199.28649978637696,213.62783381144206,213.7690840403239,False,False,False,False,False,False,distribution,2,2,attention,False,False,,False,64.0,,0.03344303070558616,33.37484410047905,True,False,False,False,False,True,False,,Uptrend Under Pressure,233.49,-0.2154,0.5230487865090303,0.9111039498183728,-0.06755712365894018,-0.09912774460652163,0.4143246048201652,0.1759809119830329,,False,,,0,0,0.445,0.887
ASML,ASML Holding N.V. - New York Re,Information Technology,XLK,651437473792.0,2026-09-14,1575.1500244140625,-0.07251370245148347,-0.08148090832646837,-0.1458342035320348,-0.12847874419949512,-0.12745324939311664,False,-0.11946896199958479,-0.10429255827600048,-0.11927480263778367,-0.1264407985702951,0.8364575961692978,1.6772189185320177,1.0836578101224437,0.5543154974661896,1.6772189185320177,2010287992.1225219,0.06148667528771111,1723.6385131835937,1753.4965087890625,1639.9957173665364,False,False,False,True,False,False,distribution,2,3,interest,False,False,,False,58.0,분산3일,0.033233137083263274,36.093585477539364,True,False,False,False,False,True,False,,Uptrend Under Pressure,1926.76,-0.1825,0.346102479468596,0.9308295144731314,0.934062857591746,0.16701401569422814,0.9097434355265033,0.17476139978791091,,False,,,0,0,0.445,0.887
COHR,Coherent Corp.,Information Technology,XLK,54408069120.0,2026-09-14,266.5,-0.12728819379346978,-0.0544950902924517,-0.18208878561613562,-0.1654699688974548,-0.21747972946458494,False,-0.15684260178566578,-0.19670868164835353,-0.156656683407698,-0.21657173996003742,0.7029251089804249,1.5861532401956215,1.1745590162936301,0.7859762838212125,1.5861532401956215,1815911046.2396972,0.05160485585835461,289.62150115966796,313.7058349609375,325.6643346150716,False,False,False,True,False,False,distribution,2,1,interest,False,False,,False,19.0,,0.06682523483566738,42.50897625283611,True,False,False,False,False,True,False,,Uptrend Under Pressure,351.22,-0.2412,0.40327805867846395,0.9308295144731314,1.6433471095128422,0.14158890606464047,0.91086832162472,0.17444326617179218,,False,,,0,0,0.445,0.887
OC,Owens Corning Inc,Industrials,XLI,10920574976.0,2026-09-14,128.9499969482422,-0.022365406252841447,-0.07042967262461952,-0.16628952948334097,-0.14934969388468278,-0.15981606877249233,False,-0.14055567545383396,-0.13751440929213754,-0.08494473031001804,-0.07103824588343677,0.8114145383462533,1.0220644329396973,1.2259638879859684,0.5377844489946582,1.0220644329396973,132416125.8433052,0.19177977202419108,140.18449897766112,142.4014965057373,129.83799750010172,False,False,True,True,False,False,distribution,4,5,normal,False,False,,False,27.0,분산5일,0.034520574719053766,35.66690254547294,True,False,False,False,False,True,False,,Uptrend Under Pressure,152.47,-0.1543,0.3213481208669065,0.9111039498183728,-0.15258351679985172,0.24665051927057058,0.5424435917669643,0.17439024390243904,,False,,,0,0,0.445,0.887
XPO,"XPO, Inc.",Industrials,XLI,22713604096.0,2026-09-14,180.49000549316406,-0.009276469703370704,-0.06530295293513189,-0.14484029384555897,-0.12746463965247234,-0.1437459719800699,False,-0.11844437364504057,-0.12101775134666226,-0.06140270127803105,-0.053270106372245274,0.8230653975061144,1.0979064875598339,1.0362185778164141,0.39286346403208056,1.0979064875598339,174936037.21848297,0.8718512776462537,191.22750015258788,200.87099965413412,205.83124987284342,False,False,False,False,False,False,distribution,3,5,normal,False,False,,False,103.0,분산5일,0.036804534329895125,35.131905392227665,True,False,False,False,False,True,False,,Uptrend Under Pressure,222.12,-0.1874,0.32256542585898795,0.9111039498183728,0.31313888761387343,-0.016257549462101673,0.7329258117833797,0.17433722163308588,,False,,,0,0,0.445,0.887
HRL,Hormel Foods Corporation,Consumer Staples,XLP,12025164800.0,2026-09-14,20.959999084472656,0.018959620585048853,-0.026926731959263095,-0.14588433975116488,-0.12852989911677004,-0.16950055884765125,False,-0.11952064575612775,-0.147455962364897,-0.1289882059011196,-0.14581886996572668,0.8046065143316203,0.7472915609944341,0.7567162458183591,0.6398598077591463,0.7472915609944341,128103629.32269211,0.4590139330114816,22.440999889373778,24.1093505859375,22.8375683148702,False,False,False,False,False,False,weak_rally,2,0,normal,False,False,,False,72.0,,0.027791034088242336,30.03986121899713,True,False,False,False,False,True,False,,Uptrend Under Pressure,23.07,-0.0916,0.27219228962821324,0.9497192280606287,-0.15390443724445624,-0.06162777223738569,0.3655545179721752,0.1726935312831389,,False,,,0,0,0.445,0.887
ENLT,Enlight Renewable Energy Ltd.,Utilities,XLU,10925561856.0,2026-09-14,73.12999725341797,-0.014686121656666162,-0.07336544665311062,-0.14407777195968996,-0.12668662438389555,-0.15045587141284078,False,-0.11765831525867254,-0.12790575689017303,-0.09311536641186824,-0.050322681183015305,0.7983624287295017,1.508774240157633,1.0701046927431368,0.4582977742001775,1.508774240157633,12686446.551776886,0.5146185523773831,78.15699996948243,83.69883333841959,84.95958334604899,False,False,False,True,False,False,distribution,0,4,interest,False,False,,False,,분산4일,0.0323279490690092,37.358115576249475,False,False,False,False,False,True,False,,Uptrend Under Pressure,,,0.584230494658755,0.8879381683361783,1.4483746763319085,0.03781230863778551,0.8451003579285815,0.17248144220572642,,False,,,0,0,0.445,0.887
KMB,Kimberly-Clark Corporation,Consumer Staples,XLP,35901906944.0,2026-09-14,99.08999633789062,0.009577124782457425,-0.05592609372888624,-0.09159310238997465,-0.07313553942730144,-0.14437616050520574,False,-0.063553619464917,-0.1216646674589057,-0.07362297814725582,-0.11997804948569857,0.8739675911433484,1.4836395933605893,1.6662503325052065,0.2893065366335026,1.4836395933605893,429356748.79367065,0.05670046329434529,105.61157569885253,107.25757522583008,101.51415971120198,False,False,True,True,False,False,accumulation,2,8,normal,False,False,,False,54.0,분산8일,0.022562673490778132,33.037799670221645,True,False,False,False,False,True,False,,Uptrend Under Pressure,108.07,-0.0831,0.3693159998837097,0.9497192280606287,-0.25738464525252036,-0.038446948947657655,0.30446291493600025,0.17221633085896076,,False,,,0,0,0.445,0.887
BIDU,"Baidu, Inc.",Communication Services,XLC,32317691904.0,2026-09-14,91.9000015258789,0.005470459427272978,-0.07610334374107397,-0.11353329652698063,-0.09552152775165068,-0.20604214739318105,False,-0.08617103401988269,-0.18496750288680286,-0.12986519755331605,-0.22743677167512832,0.7813297005602176,0.46869525370028864,0.949636362532656,0.6438251388735606,0.46869525370028864,334522924.3938011,0.609023706542149,94.19850082397461,104.69866689046223,114.56633345286052,False,False,False,False,False,False,weak_rally,0,2,normal,False,False,,False,84.0,,0.030386301749083435,38.581037858117185,True,False,False,False,False,True,False,,Uptrend Under Pressure,150.5,-0.3894,0.2563840483610981,0.9638367007488521,-0.21724181942859155,-0.2854532211230443,0.14998225054096279,0.17131495227995758,,False,,,0,0,0.445,0.887
TTWO,"Take-Two Interactive Software, ",Communication Services,XLC,41079603200.0,2026-09-14,222.91000366210938,0.0345291799287899,0.03828776900287445,-0.09734761523876967,-0.0790069759625035,-0.1443064623978506,False,-0.06948575488041664,-0.12159311930015237,-0.1139777146563219,-0.16736466589993793,0.8626214175267807,0.8348704439770314,0.8216282595719142,0.4792615724458983,0.8348704439770314,591622528.4441605,0.861112070454153,226.5099983215332,237.6523328145345,226.39408315022786,False,False,False,True,False,False,weak_rally,0,3,normal,False,False,,False,24.0,분산3일,0.03639841166292996,45.56231138297763,True,False,False,False,False,True,False,,Uptrend Under Pressure,253.57,-0.1209,0.3262442543895339,0.9638367007488521,-0.17955431580716086,-0.017766159041486373,0.3794167324263397,0.16993637327677624,,False,,,0,0,0.445,0.887
CLX,Clorox Company (The),Consumer Staples,XLP,11812540416.0,2026-09-14,89.30999755859375,0.017661752331742386,-0.04029658390694535,-0.1550614934991349,-0.13789351984728615,-0.09066947051489793,False,-0.1289810675489509,-0.06653239877390549,-0.13834690229642033,-0.06473991340379104,0.8277108090417729,0.7485682214764379,1.1056416948073646,0.28579992721840225,0.7485682214764379,293947225.6723404,0.5579696924463315,98.79700012207032,97.79649136861165,96.54197851816814,False,False,False,False,True,False,weak_rally,0,3,normal,False,False,,False,28.0,분산3일,0.03039172817744393,29.234754698762387,True,False,False,False,False,True,False,,Uptrend Under Pressure,103.46,-0.1368,0.4208957959038122,0.9497192280606287,-0.2505815729358335,-0.16485542429777889,0.20863256810930952,0.16919406150583247,,False,,,0,0,0.445,0.887
NXT,Nextpower Inc.,Industrials,XLI,12602953728.0,2026-09-14,82.62000274658203,-0.0032572885155567333,-0.02224848820612979,-0.18576917559231376,-0.16922513927203287,-0.283305629645371,False,-0.1606365930920035,-0.2642818502024764,-0.10632499774586446,-0.20757630001635974,0.7182474452173253,0.7517312422385459,0.9085534719135436,0.7713410386125248,0.7517312422385459,172215836.9791294,0.751456621349558,85.92550048828124,99.54900016784669,111.7470001856486,False,False,False,False,False,False,dry_up,2,2,normal,False,False,,False,73.0,,0.04500466682689529,38.34026949441472,True,False,False,False,False,True,False,,Uptrend Under Pressure,156.4,-0.4717,0.480886000534775,0.9111039498183728,0.29510107424108223,-0.25991537939084797,0.5364906267028741,0.16829268292682928,,False,,,0,0,0.445,0.887
MGM,MGM Resorts International,Consumer Discretionary,XLY,10582006784.0,2026-09-14,39.83000183105469,-0.0015040751945791797,-0.03372147861437469,-0.09682532405465138,-0.07847407254895267,-0.17224600643183274,False,-0.068947342314154,-0.15027428451245428,-0.054007573026674915,-0.12235486520325767,0.8431414143918251,0.9395622051628467,1.1965265728391659,0.3091428107139719,0.9395622051628467,82232259.32673416,0.5614062092181257,42.03700008392334,44.73366673787435,42.506416702270506,False,False,False,True,False,False,dry_up,1,4,normal,False,False,,False,72.0,분산4일,0.021735235804677656,25.556601136856443,True,False,False,False,False,True,False,,Uptrend Under Pressure,50.69,-0.2142,0.3825338485516608,0.9099102163807861,0.04270123292425865,0.01753052986912662,0.6082857188078694,0.16760339342523858,,False,,,0,0,0.445,0.887
USFD,US Foods Holding Corp.,Consumer Staples,XLP,22680111104.0,2026-09-14,94.80000305175781,-0.0056638693819437425,-0.08881197407208519,-0.12963638775760944,-0.11195181136827426,-0.11023046565058991,False,-0.10277117382289669,-0.0866126167087955,-0.11241883658149354,-0.08485869025259474,0.8545159632732756,1.3625817227861645,1.3825026557430307,0.24131804089714456,1.3625817227861645,194122586.77437362,0.09123180139595136,104.71849975585937,102.06249974568685,95.25833339691162,False,False,True,True,True,False,distribution,1,6,normal,False,False,,False,26.0,분산6일,0.028924050069705026,26.648565806689575,True,False,False,False,False,True,False,,Uptrend Under Pressure,106.97,-0.1138,0.406335294156887,0.9497192280606287,0.1525175424958498,-0.014735666796075853,0.6644687485161678,0.1660657476139979,,False,,,0,0,0.445,0.887
LHX,"L3Harris Technologies, Inc.",Industrials,XLI,49579642880.0,2026-09-14,248.92999267578125,0.013806302363533973,-0.029323529628764944,-0.14288716507643728,-0.12547182602701024,-0.18949196060590323,False,-0.11643095832270534,-0.1679780115420969,-0.05925900651135707,-0.10384983333222586,0.8195369365100703,1.369134891737542,1.0135590568836754,0.4842178690998664,1.369134891737542,447872313.9183868,0.702281559653561,261.2917282104492,279.3287078857422,300.5010612487793,False,False,False,False,False,False,accumulation,2,2,normal,False,False,,False,36.0,,0.02194122507516121,30.976726609038565,True,False,False,False,False,True,False,,Uptrend Under Pressure,298.24,-0.1653,0.5154634416895064,0.9111039498183728,-0.1304278054372947,-0.31667189519218464,0.22315275614052144,0.1659066808059385,,False,,,0,0,0.445,0.887
VRT,"Vertiv Holdings, LLC",Industrials,XLI,99604135936.0,2026-09-14,237.38999938964844,-0.07651909420275227,-0.15378034284165176,-0.1921113451258336,-0.17569617285732597,-0.2268096213890396,False,-0.167174524188773,-0.20628622419424247,-0.11328597023949061,-0.14511065531674217,0.7328661075232064,2.1070960969284975,1.5592547453506809,0.6814820662691276,2.1070960969284975,1347403563.905522,0.7271456271808725,263.5245002746582,284.70849965413413,297.3384478251139,False,False,False,False,False,False,distribution,2,4,attention,False,False,,False,130.0,분산4일,0.06259319692508031,38.95863251842976,True,False,False,False,False,True,False,,Uptrend Under Pressure,264.23,-0.1016,0.3471454135343312,0.9111039498183728,0.7706690897648154,-0.06045689369333096,0.7527500356119718,0.16224814422057265,,False,,,0,0,0.445,0.887
TTMI,"TTM Technologies, Inc.",Information Technology,XLK,12528087040.0,2026-09-14,113.22000122070312,-0.10455552804049828,-0.09856685831066125,-0.19128570556640623,-0.1748537574519724,-0.2894966948708947,False,-0.16632339989734968,-0.2706372497164201,-0.1661395720597847,-0.2886722695258972,0.7549509921926525,1.1756342047746495,0.7889725980039323,0.8059409014816111,1.1756342047746495,269307562.1570633,0.05061639155964393,119.94650001525879,139.8878340403239,144.57575035095215,False,False,False,True,False,False,distribution,0,1,normal,False,False,,False,93.0,,0.06657708942153953,41.76858743694351,True,False,False,False,False,True,False,,Uptrend Under Pressure,158.22,-0.2844,0.3622900913050174,0.9308295144731314,1.4032347041389222,0.29763801784227173,0.9513468108631211,0.16214209968186638,,False,,,0,0,0.445,0.887
RRX,Regal Rexnord Corporation,Industrials,XLI,10547948544.0,2026-09-14,153.8699951171875,-0.051882423545979495,-0.05520081947361022,-0.12319795828383362,-0.10538256197480667,-0.31053258075423573,False,-0.09613401156343959,-0.29223150757808813,-0.03764873163928717,-0.23768018003746916,0.6992819478825378,1.434744471237757,1.0112409091828278,0.5237462796257045,1.434744471237757,196783543.3190674,0.19038002505967422,162.85649948120118,192.02123158772787,198.13343289693196,False,False,False,False,False,False,distribution,1,1,normal,False,False,,False,28.0,,0.03578624536622058,34.71991860832601,True,False,False,False,False,True,False,,Uptrend Under Pressure,220.04,-0.3007,0.5833247042548747,0.9111039498183728,-0.007519667345061931,-0.22145938492058004,0.3734845692760256,0.16060445387062566,,False,,,0,0,0.445,0.887
MTSI,MACOM Technology Solutions Hold,Information Technology,XLK,20148940800.0,2026-09-14,239.6199951171875,-0.12833757570973903,-0.10905378605175975,-0.2427632623294621,-0.22737726647234657,-0.27217245029060877,False,-0.21938989668021258,-0.25285315415705234,-0.21921777014186794,-0.2713279229331199,0.7313514357344393,1.7005144629795215,1.2389288424772278,0.8246516309098496,1.7005144629795215,347824089.64371336,0.017775067168938695,271.1064971923828,294.977498626709,304.8916660308838,False,False,False,True,False,False,distribution,2,2,interest,False,False,,False,71.0,,0.05516768202711217,37.2110843061725,True,False,False,False,False,True,False,,Uptrend Under Pressure,382.35,-0.3733,0.34395624556235105,0.9308295144731314,0.9588595806470883,0.19398560910060514,0.9205633700909179,0.1597030752916225,,False,,,0,0,0.445,0.887
LRCX,Lam Research Corporation,Information Technology,XLK,377260736512.0,2026-09-14,273.489990234375,-0.08292539361914308,-0.11103528145559871,-0.1771272045728255,-0.16040757543765793,-0.23820316033157674,False,-0.15172787332866777,-0.2179821907556957,-0.1515408271399017,-0.23731921705104908,0.7743862158057666,1.6626307824025146,1.2060787801745427,0.7312740436072769,1.6626307824025146,2418749599.69281,0.03591942683258355,307.39750213623046,325.77833302815753,304.1235388437907,False,False,False,True,False,False,distribution,3,3,interest,False,False,,False,51.0,분산3일,0.04783407330608091,37.24028402466433,True,False,False,False,False,True,False,,Uptrend Under Pressure,391.26,-0.301,0.43510113288159813,0.9308295144731314,1.451548312266865,0.3459749203529665,0.9615406530444279,0.15901378579003184,,False,,,0,0,0.445,0.887
NRG,"NRG Energy, Inc.",Utilities,XLU,23148378112.0,2026-09-14,108.47000122070312,-0.04398023888625635,-0.08864052865000549,-0.14076360063189086,-0.1233051137105754,-0.22054355140060944,False,-0.11424184654563663,-0.19985382900728366,-0.0896038662407127,-0.12867138347300844,0.7612771980521849,1.143690571965491,1.0172910137792972,0.5479611682325566,1.143690571965491,303367545.02965546,0.25925981742213317,114.21050033569335,127.15072987874349,135.42259883880615,False,False,False,False,False,False,distribution,2,4,normal,False,False,,False,54.0,분산4일,0.038858666545554,39.56668789457408,True,False,False,False,False,True,False,,Uptrend Under Pressure,148.83,-0.2712,0.42379137735538897,0.8879381683361783,-0.3581174775409196,-0.3321885571636274,0.0651638037655986,0.15556733828207847,,False,,,0,0,0.445,0.887
WWD,"Woodward, Inc.",Industrials,XLI,20064950272.0,2026-09-14,324.6700134277344,-0.03733023771967481,-0.062243624623036675,-0.12305993010880989,-0.10524172925950703,-0.23907258227282224,False,-0.09599172292026337,-0.21887469044379837,-0.03749723611009825,-0.1586693788650706,0.7673535624736327,2.013947568008945,1.1185409171248817,0.4145394088772746,2.013947568008945,190976479.37628633,0.4311063370928727,343.0112594604492,379.18309478759767,374.540744527181,False,False,False,False,False,False,distribution,0,5,attention,False,False,,False,61.0,분산5일,0.026710644469417157,33.6362008463954,True,False,False,False,False,True,False,,Uptrend Under Pressure,421.17,-0.2291,0.43170506755311466,0.9111039498183728,0.25273566929538305,-0.14820191790974946,0.6013084855980663,0.15440084835630966,,False,,,0,0,0.445,0.887
PINS,"Pinterest, Inc.",Communication Services,XLC,12294654976.0,2026-09-14,19.690000534057617,0.03359586995426178,-0.034803877340651046,-0.18162921982066638,-0.1650010653650884,-0.12671650486776975,False,-0.1563688507310259,-0.10353625776425868,-0.19670654932708775,-0.15024870145558056,0.7697420091002452,1.0446874473302552,1.385521692789731,0.5453996899287239,1.0446874473302552,243716756.2408021,0.9883038456991035,21.70149974822998,22.323499997456867,21.099750073750815,False,False,False,True,False,False,accumulation,3,6,normal,False,False,,False,28.0,분산6일,0.04378583465915717,36.754934123052315,True,False,False,False,False,True,False,,Uptrend Under Pressure,25.58,-0.2303,0.29866748768348744,0.9638367007488521,-0.4422487986090813,0.08634654118664353,0.31828284723933736,0.15344644750795333,,False,,,0,0,0.445,0.887
EIX,Edison International,Utilities,XLU,20772257792.0,2026-09-14,56.130001068115234,0.0023214476449149313,-0.01127354913665346,-0.21397565901683058,-0.1980047391547506,-0.2652058831017162,False,-0.18971371632830325,-0.245701667924342,-0.1671750386761739,-0.1785979287750874,0.6983080739745663,0.570598954388406,0.7255233383308806,0.7464093064574017,0.570598954388406,417681706.61909693,0.11119358844751731,64.92400035858154,71.16069812774658,70.59094476699829,False,False,False,False,False,False,weak_rally,3,2,normal,False,False,,False,59.0,,0.07147793598502959,34.09371251137574,True,False,False,False,False,True,False,,Uptrend Under Pressure,71.05,-0.21,0.11682514456250519,0.8879381683361783,0.109140881531544,-0.14539143125263276,0.5273167566198699,0.15344644750795333,,False,,,0,0,0.445,0.887
IP,International Paper Company,Materials,XLB,20086585344.0,2026-09-14,34.25,-0.003201414679789738,-0.08029005219394769,-0.1593029310525802,-0.14222113750449428,-0.12588131975191208,False,-0.13335342409494266,-0.1026789036763881,-0.12516887891060402,-0.08010130109714486,0.7856665199483015,1.395447191473788,1.1820501635578406,0.37128734272363667,1.395447191473788,155633121.4379944,0.3369572879219481,38.211500358581546,38.64815928141276,35.927027750015256,False,False,True,True,False,False,distribution,3,7,normal,False,False,,False,35.0,분산7일,0.03712201640553718,30.069011242143546,True,False,False,False,False,True,False,,Uptrend Under Pressure,41.69,-0.1784,0.45472910801316585,0.9407490851691787,-0.23319437348882865,-0.05116352677810698,0.30879287851004034,0.15174973488865323,,False,,,0,0,0.445,0.887
DECK,Deckers Outdoor Corporation,Consumer Discretionary,XLY,11858716672.0,2026-09-14,80.54000091552734,-0.008982352131072013,-0.06141471615201821,-0.13481572581451517,-0.11723638636089884,-0.24695960813069961,False,-0.1081103807242505,-0.22697106780014853,-0.09379902568768816,-0.20157167302739532,0.7386957884734073,1.4234083942546745,1.1844610730698444,0.5757046081949969,1.4234083942546745,248952057.21628457,0.7420053812592927,86.3180004119873,96.50850003560384,100.59749997456869,False,False,False,False,False,False,distribution,2,7,normal,False,False,,False,59.0,분산7일,0.029639212245604358,32.52692395016571,True,False,False,False,False,True,False,,Uptrend Under Pressure,109.11,-0.2618,0.3721611151323789,0.9099102163807861,-0.33814668122979585,-0.21595490733276912,0.11653005989594521,0.14920466595970305,,False,,,0,0,0.445,0.887
MPWR,"Monolithic Power Systems, Inc.",Information Technology,XLK,62302023680.0,2026-09-14,1143.239990234375,-0.07389463699887744,-0.06587354442675797,-0.1845707361065908,-0.1680023491651037,-0.1312807640793343,False,-0.15940116178732233,-0.10822166967933622,-0.15921580757842502,-0.1302727544745801,0.8016941906883028,1.5825752558460968,1.1098312650061166,0.5141088143716799,1.5825752558460968,779166406.3838135,0.04179272323326522,1263.6609985351563,1329.934794108073,1397.983920288086,False,False,False,True,False,False,distribution,2,4,interest,False,False,,False,30.0,분산4일,0.03660834961383938,33.88659417047194,True,False,False,False,False,True,False,,Uptrend Under Pressure,1426.03,-0.1983,0.43338132831645343,0.9308295144731314,0.36517548798917554,0.10016176555678546,0.8256799625565552,0.1481442205726405,,False,,,0,0,0.445,0.887
ON,ON Semiconductor Corporation,Information Technology,XLK,28844615680.0,2026-09-14,71.6500015258789,-0.05897029025166978,-0.03670335881080733,-0.1331962454446074,-0.11558400040542915,-0.23115643876416803,False,-0.10644091241138576,-0.2107484225440842,-0.10624388033109511,-0.2302643188913326,0.7320935885881661,1.5398936485637726,1.3148536136770366,0.5734219968083465,1.5398936485637726,595025112.8319137,0.11309667076897925,74.025,85.68416684468588,91.51366659800212,False,False,False,True,False,False,distribution,3,4,interest,False,False,,False,59.0,분산4일,0.03866015148382708,41.85880507840951,True,False,False,False,False,True,False,,Uptrend Under Pressure,121.62,-0.4109,0.3381227083247564,0.9308295144731314,0.3911926667305705,0.17973385356102822,0.8677075160479981,0.14591728525980913,,False,,,0,0,0.445,0.887
EVR,Evercore Inc.,Financials,XLF,11015460864.0,2026-09-14,275.489990234375,-0.020340675632134708,-0.07528874255639817,-0.10100889893294263,-0.08274265184203677,-0.21058609574838183,False,-0.0732600501577213,-0.1896320648185642,-0.08319615255075885,-0.21346050679173467,0.7773485991416428,0.8909715031725373,0.7957459172666882,0.4391084940514718,0.8909715031725373,127623939.75366211,0.38346723474032,290.22697296142576,318.39844512939453,325.8392189025879,False,False,False,True,False,False,dry_up,1,2,normal,False,False,,False,172.0,,0.03005684366667122,31.44957721306058,True,False,False,False,False,True,False,,Uptrend Under Pressure,370.97,-0.2574,0.5893102902879351,0.9738729071360308,-0.2331982351209657,-0.011040491827380206,0.3446325409763785,0.1449628844114528,,False,,,0,0,0.445,0.887
GEV,GE Vernova Inc.,Industrials,XLI,239308718080.0,2026-09-14,874.760009765625,-0.08619303653323229,-0.07133075170727698,-0.17727720689807192,-0.1605606256012354,-0.23075852228358962,False,-0.15188250572403872,-0.21033994385501575,-0.09700447104204013,-0.14947681582694616,0.7593138954419343,1.5814857174518795,0.8743419862869312,0.582183142119103,1.5814857174518795,1968188664.524402,0.2650655705520253,948.1305053710937,1014.3925018310547,1005.2252583821614,False,False,False,True,False,False,distribution,1,3,interest,False,False,,False,99.0,분산3일,0.045176562895778295,37.67511278220211,True,False,False,False,False,True,False,,Uptrend Under Pressure,1126.98,-0.2238,0.3464592725702833,0.9111039498183728,0.3868381041803626,0.10525072355739495,0.8356786737423322,0.1441675503711559,,False,,,0,0,0.445,0.887
CMI,Cummins Inc.,Industrials,XLI,77697835008.0,2026-09-14,541.0999755859375,-0.028109608287494425,-0.035042397528421754,-0.13963488124124812,-0.1221534603139548,-0.1965816247610016,False,-0.11307828736220471,-0.17525586220010325,-0.0556893986352881,-0.11168862505964594,0.8007697536147123,1.232884041188709,0.9869901180040601,0.3070050579557981,1.232884041188709,567295775.1829468,0.8854536576704546,572.0081970214844,630.9557261149089,633.6702445983886,False,False,False,True,False,False,distribution,1,7,normal,False,False,,False,60.0,분산7일,0.02697942723409195,30.86266506755885,True,False,False,False,False,True,False,,Uptrend Under Pressure,715.12,-0.2433,0.40832314017249943,0.9111039498183728,0.29882172144419883,0.0016473382980197737,0.7377733360164788,0.14406150583244962,,False,,,0,0,0.445,0.887
PCG,Pacific Gas & Electric Co.,Utilities,XLU,29225410560.0,2026-09-14,13.600000381469727,-0.014492739601511984,-0.048951034960032724,-0.23766814657247104,-0.22217862505946906,-0.2192240848155116,False,-0.21413751173950524,-0.1984993387882137,-0.19227819897717768,-0.12719639536275185,0.7407407368931078,0.706399747822087,0.8392243394381885,0.6497202720448971,0.706399747822087,807204323.0481765,0.12500074505728995,15.856500053405762,16.812095737457277,16.814687474568686,False,False,False,False,False,False,dry_up,3,3,normal,False,False,,False,29.0,분산3일,0.07920166302363757,33.78844579047478,True,False,False,False,False,True,False,,Uptrend Under Pressure,17.43,-0.2197,0.11911244046118703,0.8879381683361783,-0.06205275939063837,-0.1801279193589146,0.355202626467722,0.1440084835630965,,False,,,0,0,0.445,0.887
RBC,RBC Bearings Incorporated,Industrials,XLI,15647898624.0,2026-09-14,478.80999755859375,-0.032374733642647424,-0.01991650799554412,-0.14572961890296354,-0.128372034556423,-0.2247609264963687,False,-0.11936114919277885,-0.20418314919005398,-0.06237879742774266,-0.14284548559567334,0.7854495025174,1.5373643022974675,1.1126086725173003,0.47428926112333697,1.5373643022974675,133916069.56892395,0.27679848793253853,501.63300170898435,561.1483337402344,572.6955830891927,False,False,False,False,False,False,distribution,2,3,interest,False,False,,False,59.0,분산3일,0.028180732330462668,33.47612874183457,True,False,False,False,False,True,False,,Uptrend Under Pressure,639.18,-0.2509,0.2992769823237856,0.9111039498183728,0.203477957789862,-0.12486519127993967,0.597382350480592,0.14353128313891836,,False,,,0,0,0.445,0.887
HEI-A,Heico Corporation,Industrials,XLI,34124566528.0,2026-09-14,227.72999572753906,-0.03196601178516867,-0.051836111782418204,-0.17186078106536196,-0.15503414553940964,-0.1482182191698047,False,-0.14629889294013898,-0.1256087088928206,-0.09105956669408988,-0.058214912431734156,0.828139218934638,1.623037645469592,1.10739336332383,0.1451573210687625,1.623037645469592,70739336.11890182,0.3230539995518709,248.21050033569335,253.8984753926595,238.7106238047282,False,False,False,True,False,False,distribution,1,5,interest,False,False,,False,55.0,분산5일,0.030493509953342247,25.286459692451203,True,False,False,False,False,True,False,,Uptrend Under Pressure,257.34,-0.1151,0.39715517134493866,0.9111039498183728,-0.09963140335318343,0.04295328304520818,0.5020006014466374,0.1418875927889714,,False,,,0,0,0.445,0.887
RDDT,"Reddit, Inc.",Communication Services,XLC,28438128640.0,2026-09-14,162.3800048828125,0.02921975334671556,0.05127539702634398,-0.08821377830381616,-0.0696875521823146,-0.18352032759085524,False,-0.06006998694576293,-0.1618478687994841,-0.10501215580810064,-0.20552184286989306,0.7988389898647322,0.702890046481951,0.7350419132997812,0.29159268011580236,0.702890046481951,995277663.9700104,0.5810373630366867,154.3915008544922,168.36149978637695,162.2486666361491,True,False,False,True,False,False,weak_rally,0,0,normal,False,False,,False,51.0,,0.04776010498394515,53.542114972378286,True,False,False,False,False,True,False,,Uptrend Under Pressure,197.76,-0.1789,0.4404838309187988,0.9638367007488521,-0.4925470800754963,0.011727986136295998,0.2603384380928263,0.14077412513255566,,False,,,0,0,0.445,0.887
AXON,"Axon Enterprise, Inc.",Industrials,XLI,46025871360.0,2026-09-14,490.17999267578125,0.02261442070494235,-0.049430820251594954,-0.20013710326477274,-0.18388500322365842,-0.19635542052588328,False,-0.17544801064075055,-0.17502365364898076,-0.12209479840946935,-0.11143851901115598,0.7591216237930877,0.7743082133677873,0.9691088298703818,0.5387633752095535,0.7743082133677873,412757176.28791505,0.6340488698697654,561.5809982299804,549.2181681315104,481.9125846862793,False,False,True,True,True,False,weak_rally,1,4,normal,False,False,,False,20.0,분산4일,0.05055793931181502,38.638692762553674,True,False,False,False,False,True,False,,Uptrend Under Pressure,612.83,-0.2001,0.4157026182718362,0.9111039498183728,-0.31471468366021904,0.05071772495856308,0.3386449814252476,0.14019088016967127,,False,,,0,0,0.445,0.887
BNT,Brookfield Wealth Solutions Ltd,Financials,XLF,11315184640.0,2026-09-14,37.58000183105469,-0.01597268440925481,-0.06610337317246007,-0.1425963892059825,-0.1251751419958499,-0.1508582325088358,False,-0.1161312071735775,-0.12831879817156266,-0.12560766368009635,-0.15395012443106215,0.8297637684120837,1.0605806117855727,1.5383457737347408,0.4465804282118317,1.0605806117855727,599607.0437225342,0.33928924189889714,40.634500122070314,42.60683320363363,43.594034099578856,False,False,False,False,False,False,distribution,2,4,normal,False,False,,False,,분산4일,0.01970463026440813,23.966090557722282,False,False,False,False,False,True,False,,Uptrend Under Pressure,,,0.332427994588402,0.9738729071360308,-0.17621453646495,-0.059740536490538565,0.3467753642030719,0.13939554612937433,,False,,,0,0,0.445,0.887
STRL,"Sterling Infrastructure, Inc.",Industrials,XLI,14378744832.0,2026-09-14,472.8699951171875,-0.07469085157621103,-0.02799645499514969,-0.1797286789860676,-0.16306190818773625,-0.33947310955432974,False,-0.15440964655688127,-0.3219402274783595,-0.09969513228709825,-0.2696787025037556,0.6573664434944582,1.3545868511374626,0.9930137331176715,0.6498737566958663,1.3545868511374626,276033177.22503054,0.494789493502132,499.20750427246094,614.7376668294271,633.5805002848307,False,False,False,True,False,False,distribution,2,2,normal,False,False,,False,59.0,,0.054149591885045194,40.76319796070779,True,False,False,False,False,True,False,,Uptrend Under Pressure,861.88,-0.4514,0.46135912972717974,0.9111039498183728,0.462942327327023,0.17671282950685208,0.8770937013161733,0.13881230116648996,,False,,,0,0,0.445,0.887
AMRZ,Amrize Ltd,Materials,XLB,23900651520.0,2026-09-14,39.43000030517578,-0.026900299611893108,-0.10018255180788971,-0.15345736983153735,-0.1362568026209291,-0.2787334879415969,False,-0.1273274299484387,-0.2595883465640312,-0.11908597572788648,-0.2409587610959002,0.7318103359165808,0.870997322617591,1.1566627495310153,0.5864079578894769,0.870997322617591,185965240.45576477,0.012581272042417409,43.47800006866455,48.197563616434735,51.03069753646851,False,False,False,False,False,False,dry_up,2,3,normal,False,False,,False,143.0,분산3일,0.028531574722111448,27.34049475450449,True,False,False,False,False,True,False,,Uptrend Under Pressure,62.92,-0.3733,0.4656611616478817,0.9407490851691787,-0.2903436995828752,-0.2801808028748468,0.10817537822175291,0.13160127253446446,,False,,,0,0,0.445,0.887
HWM,Howmet Aerospace Inc.,Industrials,XLI,97686405120.0,2026-09-14,227.1300048828125,-0.010800904668554101,-0.12396337984634453,-0.21457220196605054,-0.19861340302585495,-0.1774287388018817,False,-0.19032867256333463,-0.15559458620298006,-0.13793832395247185,-0.09051195424307379,0.7761148457879432,0.7644507606530959,1.5325496641075602,0.4688449286963807,0.7644507606530959,926373641.8150727,0.6456696319151084,258.0550003051758,271.5675008138021,261.7450286865234,False,False,False,True,False,False,dry_up,4,5,normal,False,False,,False,141.0,분산5일,0.044477347496952487,29.244414521004288,True,False,False,False,False,True,False,,Uptrend Under Pressure,257.86,-0.1192,0.17561482409620077,0.9111039498183728,0.28642224383067116,0.012639942851595976,0.7381568147747853,0.12873806998939555,,False,,,0,0,0.445,0.887
NVMI,Nova Ltd.,Information Technology,XLK,11082856448.0,2026-09-14,334.6499938964844,-0.09994353004521705,-0.1006450190613889,-0.19963168993462943,-0.18336932059856814,-0.30325244030547827,False,-0.17492699689136992,-0.28475812466512385,-0.1747450661691019,-0.3024439763009753,0.7031939445018693,1.7765851206624197,1.1643844022703596,0.6609534081840697,1.7765851206624197,190895068.07242888,0.16346365489743267,367.96100158691405,424.09800109863284,464.38041559855145,False,False,False,False,False,False,distribution,4,3,interest,False,False,,False,58.0,분산3일,0.04819641572468153,35.53783428034552,True,False,False,False,False,True,False,,Uptrend Under Pressure,583.1,-0.4261,0.3342291595460433,0.9308295144731314,0.193917493110914,-0.186886075499053,0.5407308254968153,0.12852598091198303,,False,,,0,0,0.445,0.887
CDNS,"Cadence Design Systems, Inc.",Information Technology,XLK,93297639424.0,2026-09-14,279.05999755859375,-0.03562911750549136,-0.046600663066558745,-0.14087805164030331,-0.12342189020407557,-0.267955278824484,False,-0.11435983027391794,-0.2485240430090171,-0.11416454433541201,-0.2671058581146126,0.7230469976223253,0.9779882458748862,1.1331768311163002,0.5455827837457421,0.9779882458748862,738144953.848587,0.08971898111044245,311.80900115966796,340.0056676228841,339.7731674194336,False,False,False,True,False,False,dry_up,1,5,normal,False,False,,False,72.0,분산5일,0.04465757562303169,28.924543838735573,True,False,False,False,False,True,False,,Uptrend Under Pressure,414.16,-0.3262,0.29865632906205236,0.9308295144731314,-0.23676412843987937,-0.04469283930279633,0.3134452717476095,0.12778366914103922,,False,,,0,0,0.445,0.887
FER,Ferrovial N.V.,Industrials,XLI,42200039424.0,2026-09-14,54.619998931884766,-0.02724848713118877,-0.05908700000440281,-0.14829251097506235,-0.1309870010259221,-0.21051009449298508,False,-0.12200314917200972,-0.1895540462023788,-0.06519174986045873,-0.12708884302796508,0.800644942165567,1.4436842531277072,1.2693214657003398,0.26078101352435856,1.4436842531277072,76129461.12093163,0.9102566610587268,59.61075000762939,63.66858355204264,65.62683388392131,False,False,False,False,False,False,distribution,0,4,normal,False,False,,False,183.0,분산4일,0.020340800514745686,22.281209061651694,True,False,False,False,False,True,False,,Uptrend Under Pressure,65.83,-0.1703,0.3315990579045992,0.9111039498183728,-0.039426750597492344,-0.1272108642305979,0.4161501988617735,0.12460233297985154,,False,,,0,0,0.445,0.887
KLAC,KLA Corporation,Information Technology,XLK,229233639424.0,2026-09-14,169.08999633789062,-0.06393934394809175,-0.08895479107051751,-0.16905011659862113,-0.15216637228529806,-0.29654351648617727,False,-0.14340147266107373,-0.2778711206315547,-0.14321259047951473,-0.29572726784957704,0.7255630251198492,1.2943083939381081,1.1111906206740283,0.6073112051929839,1.2943083939381081,1697242075.7134795,0.27843728075447016,182.082999420166,207.48991826375325,196.00879542032877,False,False,False,True,False,False,distribution,2,3,normal,False,False,,False,58.0,분산3일,0.04413540664377872,37.91519308749845,True,False,False,False,False,True,False,,Uptrend Under Pressure,268.86,-0.3711,0.3956794309694922,0.9308295144731314,0.8327296196345042,0.25149731686213683,0.9313493884915672,0.12449628844114528,,False,,,0,0,0.445,0.887
RCL,Royal Caribbean Cruises Ltd.,Consumer Discretionary,XLY,71875067904.0,2026-09-14,255.33999633789062,-0.0184516723312782,-0.03714320303493335,-0.16281968413806347,-0.14580934611466623,-0.15647284968881947,False,-0.13697872758702412,-0.1340824485284573,-0.1231305970934351,-0.10563101441732714,0.7798545778089625,1.2045606336470303,1.240360387264177,0.2143336581808092,1.2045606336470303,493038220.8095871,0.5216662912924495,277.5500015258789,295.6480000813802,284.1482158660889,False,False,False,False,False,False,distribution,0,8,normal,False,False,,False,57.0,분산8일,0.02655841455836938,21.90637977299957,True,False,False,False,False,True,False,,Uptrend Under Pressure,309.53,-0.1751,0.48011875339642945,0.9099102163807861,-0.24753511601319267,-0.03207210283896578,0.31998950860000863,0.12264050901378579,,False,,,0,0,0.445,0.887
WDC,Western Digital Corporation,Information Technology,XLK,162441707520.0,2026-09-14,426.94000244140625,-0.04526139488769476,-0.08638798109792112,-0.16088833984970807,-0.14383875960027892,-0.22466402664076357,False,-0.13498776915952215,-0.20408367724576315,-0.1347970317346705,-0.22376437336299393,0.7328309493140761,1.141907861308232,0.9054622188489927,0.5247329493739076,1.141907861308232,2759488016.497223,0.5394478846110438,462.6089828491211,518.5303268432617,479.7898493448893,False,False,False,True,False,False,distribution,0,1,normal,False,False,,False,53.0,,0.057435318348225184,40.03686648147275,True,False,False,False,False,True,False,,Uptrend Under Pressure,651.88,-0.3451,0.5174776254968873,0.9308295144731314,3.2441594083999217,0.5160124391096461,0.9813225947221926,0.12179215270413574,,False,,,0,0,0.445,0.887
BN,Brookfield Corporation,Financials,XLF,92017532928.0,2026-09-14,37.61000061035156,-0.015960245705621157,-0.06698091468506984,-0.14230326296253315,-0.12487605983538952,-0.1523328375617965,False,-0.11582903310330106,-0.12983254482023443,-0.12530872938868498,-0.1554193601574554,0.8337397495339659,1.1161992353625714,1.3795363980078366,0.28034854350117994,1.1161992353625714,160226987.21225816,0.3380291527645697,40.584000205993654,42.40416660308838,43.36297591527303,False,False,False,False,False,False,distribution,0,7,normal,False,False,,False,27.0,분산7일,0.020511282154983553,24.96831736421096,True,False,False,False,False,True,False,,Uptrend Under Pressure,44.54,-0.1556,0.3371958079318916,0.9738729071360308,-0.17344009235448887,-0.0010008059696121618,0.3976903092475812,0.12142099681866385,,False,,,0,0,0.445,0.887
ONTO,Onto Innovation Inc.,Information Technology,XLK,16332792832.0,2026-09-14,250.1300048828125,-0.11068052265500972,-0.06671394437263212,-0.24593768253529857,-0.23061618647554616,-0.20398808338246632,False,-0.2226623006215236,-0.18285891624786943,-0.22249089565667646,-0.20306443898244464,0.7122963955869267,0.939532889497832,0.992348981790477,0.5773490645992542,0.939532889497832,251621965.85905457,0.05516733598065911,282.32450103759766,295.3688329060872,281.6144999186198,False,False,False,True,False,False,dry_up,1,0,normal,False,False,,False,50.0,,0.058947896444754774,40.47845751022252,True,False,False,False,False,True,False,,Uptrend Under Pressure,307.58,-0.1868,0.42489829587242767,0.9308295144731314,1.6094011448173755,0.5095278812051156,0.9715190145319457,0.1213679745493107,,False,,,0,0,0.445,0.887
QXO,"QXO, Inc.",Industrials,XLI,13777875968.0,2026-09-14,12.109999656677246,-0.016247015119572272,-0.09288394676854428,-0.1654032070535355,-0.14844536261754193,-0.26873802357494914,False,-0.13964199521476695,-0.24932756476584506,-0.08397192975308676,-0.1914694115298271,0.7493811739494888,0.8835382805766002,1.095689549442738,0.4827349045400036,0.8835382805766002,179899086.06213903,0.3852991887843071,13.310500049591065,14.59450003306071,16.732416685422262,False,False,False,False,False,False,dry_up,0,2,normal,False,False,,False,53.0,,0.040093186032254036,34.34450404171304,True,False,False,False,False,True,False,,Uptrend Under Pressure,17.82,-0.3204,0.47465099285678464,0.9111039498183728,-0.41438144383642406,-0.3751046816075848,0.043671583003027585,0.12104984093319195,,False,,,0,0,0.445,0.887
PFGC,Performance Food Group Company,Consumer Staples,XLP,15576876032.0,2026-09-14,93.16000366210938,-0.008303159027309936,-0.055459735817026345,-0.1313752572297494,-0.11372601224625267,-0.19366194205069975,False,-0.10456371638030415,-0.1722586800671444,-0.11419210440589023,-0.1706692149327681,0.7986283964294827,0.9603771322313333,0.9874908622769107,0.32274669503869796,0.9603771322313333,141794386.1073761,0.0052642779988515765,100.35100021362305,107.72083358764648,100.0987501780192,False,False,False,True,False,False,dry_up,0,1,normal,False,False,,False,41.0,,0.022275036175627035,20.914548651420787,True,False,False,False,False,True,False,,Uptrend Under Pressure,113.17,-0.1768,0.604163790395683,0.9497192280606287,-0.17778077764449862,0.0034524868671026443,0.3951248906203719,0.11993637327677624,,False,,,0,0,0.445,0.887
DKS,Dick's Sporting Goods Inc,Consumer Discretionary,XLY,12091793408.0,2026-09-14,130.77000427246094,-0.03154850437197143,-0.05131587045685293,-0.34639108269616425,-0.33311065981976384,-0.452891354836948,False,-0.32621636129695053,-0.43836902198852234,-0.31540475786205835,-0.41991552518792263,0.5764098551392538,0.47702979796806716,0.5038799767089717,0.6925229337515297,0.47702979796806716,754149824.3872505,0.10526639015126463,148.25881958007812,191.69484532674153,202.3703926086426,False,False,False,False,False,False,dry_up,0,0,normal,False,False,,False,54.0,,0.06900831040449203,29.049972180293636,True,False,False,False,False,True,False,,Uptrend Under Pressure,236.92,-0.4481,0.2442017503416575,0.9099102163807861,-0.25062241287796816,-0.09771601817626374,0.2610151786138238,0.11930010604453872,,False,,,0,0,0.445,0.887
SYK,Stryker Corporation,Health Care,XLV,124200951808.0,2026-09-14,281.8699951171875,0.022898815555592478,-0.07013495669570535,-0.1690398212974933,-0.15215586779799017,-0.15506305604502946,False,-0.14339085957843078,-0.13263523362890095,-0.17092219939185815,-0.15743246758930063,0.8001987086364443,1.0380315027869176,1.5548032128630698,0.41058331563893435,1.0380315027869176,862300376.1176392,0.18475482549288627,312.2415008544922,322.85135345458986,319.1209289550781,False,False,False,False,False,False,accumulation,2,6,normal,False,False,,False,54.0,분산6일,0.038103936677783654,32.87653719075432,True,False,False,False,False,True,False,,Uptrend Under Pressure,331.82,-0.1505,0.3143755877989079,0.9548611509199223,-0.2589685720760374,-0.13761594832408097,0.22407776298028115,0.11781548250265113,,False,,,0,0,0.445,0.887
AS,"Amer Sports, Inc.",Consumer Discretionary,XLY,17774661632.0,2026-09-14,27.549999237060547,-0.01852513229131081,-0.06705050469167062,-0.1618497069576622,-0.1448196603489087,-0.23061196226331826,False,-0.13597881045497884,-0.2101894935774521,-0.12211463518547283,-0.18423870698631317,0.7478284235328715,0.8967277913435523,0.9314075024990891,0.48542549162126886,0.8967277913435523,263622374.65316582,0.0079986572265625,30.34749984741211,33.411999766031904,34.10516661008199,False,False,False,False,False,False,dry_up,0,4,normal,False,False,,False,109.0,분산4일,0.03509721366077448,31.26379977201492,True,False,False,False,False,True,False,,Uptrend Under Pressure,35.07,-0.2144,0.32244524385373546,0.9099102163807861,-0.2507241260199138,-0.13267067943856203,0.233228117856408,0.11770943796394487,,False,,,0,0,0.445,0.887
LII,"Lennox International, Inc.",Industrials,XLI,13224297472.0,2026-09-14,365.510009765625,-0.001447925819376139,-0.06406675310956489,-0.1338830802411034,-0.11628479072839082,-0.37235598579715423,False,-0.10714894750105375,-0.35569593963418555,-0.04937639669814231,-0.3060361395595952,0.6435035383197624,1.2179794676182647,1.0601483034467076,0.3449677206126629,1.2179794676182647,183117193.65669554,0.8096708766534646,389.87449951171874,470.2741973876953,483.5735949198405,False,False,False,False,False,False,distribution,1,4,normal,False,False,,False,93.0,분산4일,0.030553193097302523,28.50174573785918,True,False,False,False,False,True,False,,Uptrend Under Pressure,533.61,-0.315,0.7672912589702143,0.9111039498183728,-0.37694356995386924,-0.25948117916841396,0.08019838694725132,0.11648992576882292,,False,,,0,0,0.445,0.887
HEI,Heico Corporation,Industrials,XLI,46280663040.0,2026-09-14,303.75,-0.03876582278481011,-0.06676296624323541,-0.18928660123854102,-0.1728140341084463,-0.1788705820654375,False,-0.1642625899045297,-0.15707470144043678,-0.11018561721406939,-0.09210614951090867,0.810713398761459,0.9198150060204234,0.9069882869827107,0.1976687970893906,0.9198150060204234,175642223.84436035,0.1673222931338028,336.1390014648438,347.4380498250326,321.77055536905925,False,False,False,True,False,False,dry_up,1,2,normal,False,False,,False,74.0,,0.03269725442983907,23.84344533672551,True,False,False,False,False,True,False,,Uptrend Under Pressure,344.94,-0.1194,0.3568344008224129,0.9111039498183728,-0.030901983938700583,0.09131637037359042,0.5916123065930761,0.11479321314952279,,False,,,0,0,0.445,0.887
ALGN,"Align Technology, Inc.",Health Care,XLV,11351457792.0,2026-09-14,153.0,0.014454267139073274,-0.035552189935374234,-0.1561414038927712,-0.1389953725160603,-0.18836675774185452,False,-0.1300943111648718,-0.1668229415380238,-0.15805300083419616,-0.19064277749419134,0.8121450209442856,0.8549438945857718,0.9729935528967348,0.4333968603173791,0.8549438945857718,133460322.6713562,0.731555295785984,158.58800048828124,170.0241673787435,171.76866709391277,False,False,False,False,False,False,weak_rally,1,2,normal,False,False,,False,32.0,,0.029736209872946572,38.29621651170475,True,False,False,False,False,True,False,,Uptrend Under Pressure,180.08,-0.1504,0.3774997868641783,0.9548611509199223,0.08402140788847356,-0.09136984310764029,0.5522550857287566,0.11458112407211028,,False,,,0,0,0.445,0.887
AMKR,"Amkor Technology, Inc.",Information Technology,XLK,11751801856.0,2026-09-14,47.119998931884766,-0.08911657937649131,-0.013606898045848026,-0.19975058742951057,-0.18349063392494913,-0.3365709797119051,False,-0.17504956435428676,-0.3189610641327839,-0.17486766065845982,-0.33580117653859964,0.654195012658909,1.258925696608736,0.9659324093331862,0.6149656041351697,1.258925696608736,222963610.88585854,0.17204279022453384,49.85086040496826,60.435648345947264,63.53184153238932,False,False,False,True,False,False,distribution,1,2,normal,False,False,,False,55.0,,0.05369642844789956,42.04679100226021,True,False,False,False,False,True,False,,Uptrend Under Pressure,85.46,-0.4486,0.4358593826052686,0.9308295144731314,0.9123260121272074,0.13895525512035323,0.8963784320331385,0.11373276776246023,,False,,,0,0,0.445,0.887
IONS,"Ionis Pharmaceuticals, Inc.",Health Care,XLV,10030885888.0,2026-09-14,51.439998626708984,-0.05109759277891379,-0.11447756082649363,-0.10132779318103557,-0.08306802557710646,-0.38445546500997263,False,-0.07358878760476817,-0.36811658479087017,-0.10336355965876487,-0.38618160367351784,0.59585309319668,1.94840134610627,1.563862705990878,0.41863488206127847,1.94840134610627,172968953.38710842,0.031025607643235555,59.091000175476076,61.94483331044515,68.30699968338013,False,False,False,False,False,False,distribution,0,6,interest,False,False,,False,54.0,분산6일,0.04250445073628437,30.090010756500178,True,False,False,False,False,True,False,,Uptrend Under Pressure,81.18,-0.3663,0.6040631161006084,0.9548611509199223,-0.27052448345113644,-0.3353494217139148,0.10760355170066951,0.11235418875927888,,False,,,0,0,0.445,0.887
DRS,"Leonardo DRS, Inc.",Industrials,XLI,10141878272.0,2026-09-14,35.90999984741211,-0.004435815047568958,-0.018852422280751346,-0.21128924203396016,-0.19526373792033402,-0.19441144512625652,False,-0.18694437863741198,-0.17302807778927698,-0.13433504692492215,-0.10928913394191486,0.7311866033710457,1.059958555062427,0.8585942215339386,0.3777025405786247,1.059958555062427,31194243.224582292,0.8449195242855103,38.73499984741211,42.860877418518065,43.62974770863851,False,False,False,False,False,False,distribution,0,4,normal,False,False,,False,130.0,분산4일,0.028165659629784214,24.970925805814502,False,False,False,False,False,True,False,,Uptrend Under Pressure,47.13,-0.238,0.44947540665863156,0.9111039498183728,-0.09357070972832326,-0.16050739648029766,0.347411405327551,0.10996818663838813,,False,,,0,0,0.445,0.887
GFS,GlobalFoundries Inc.,Information Technology,XLK,24521441280.0,2026-09-14,43.540000915527344,-0.07263045350371611,-0.03693869061631705,-0.20227190445504628,-0.18606318060084304,-0.389766455201226,False,-0.1776487060043076,-0.3735685487503029,-0.17746737542590885,-0.38905837686145206,0.6245875984414627,0.9722212479836957,1.0263660120885665,0.6085976134154238,0.9722212479836957,172159619.20251846,0.016175638850326496,46.28799991607666,57.35995750427246,61.35593090057373,False,False,False,True,False,False,dry_up,1,1,normal,False,False,,False,76.0,,0.03617527731276499,35.34903869040458,True,False,False,False,False,True,False,,Uptrend Under Pressure,89.83,-0.5153,0.45826968130423434,0.9308295144731314,0.3714689253693846,0.06754969903236208,0.8017172884253176,0.10911983032873808,,False,,,0,0,0.445,0.887
TLN,Talen Energy Corporation,Utilities,XLU,14171121664.0,2026-09-14,286.5199890136719,-0.0838396176998446,-0.09615145421554616,-0.2101229621014643,-0.194073760803963,-0.2309284885048395,False,-0.18574209954381438,-0.21051442162266487,-0.16309294860308654,-0.14028036162183044,0.716085155728735,1.3563268691469694,0.8876493741327639,0.4720228169773845,1.3563268691469694,265736337.6783188,0.037372793049044124,310.94200134277344,350.7380015055339,353.3742505391439,False,False,False,False,False,False,distribution,1,3,normal,False,False,,False,54.0,분산3일,0.042611092934050764,34.63981054410722,True,False,False,False,False,True,False,,Uptrend Under Pressure,404.09,-0.291,0.3231868852306227,0.8879381683361783,-0.252530211346338,-0.03988720752905317,0.30660415540838454,0.10455991516436902,,False,,,0,0,0.445,0.887
TSEM,Tower Semiconductor Ltd.,Information Technology,XLK,23177056256.0,2026-09-14,191.1199951171875,-0.09644482197057824,-0.14041558754574235,-0.28009647729361464,-0.26546904036819896,-0.14596687955388854,False,-0.2578754631360579,-0.12329761020794028,-0.2577118227642414,-0.14497591083512218,0.7199035227063854,1.2935852830775516,0.9875651397016,0.31475287922537787,1.2935852830775516,284162348.3591461,0.05347015662440203,216.8265022277832,233.56800181070963,231.01908442179362,False,False,False,True,False,False,distribution,1,3,normal,False,False,,False,28.0,분산3일,0.0567706144895085,37.59614289163361,True,False,False,False,False,True,False,,Uptrend Under Pressure,239.53,-0.2021,0.47264463347817093,0.9308295144731314,2.2036315881490895,0.7177783870870476,0.9853353291111479,0.10307529162248145,,False,,,0,0,0.445,0.887
PNR,Pentair plc.,Industrials,XLI,9649416192.0,2026-09-14,56.18000030517578,-0.00706966265348119,-0.06693238399892543,-0.1508464752798867,-0.13359285832834988,-0.2800899282561966,False,-0.1246359458136479,-0.2609807919352348,-0.06799490344719639,-0.20402081235208358,0.7372984266227549,0.6487457569681974,0.6308572181199288,0.2036224055054519,0.6487457569681974,233524749.13589478,0.1484365686765372,61.02149963378906,66.71575806935628,73.31170339584351,False,False,False,False,False,False,dry_up,0,2,normal,False,False,,False,44.0,,0.02850530721718486,24.864504241956197,True,False,False,False,False,True,False,,Uptrend Under Pressure,76.2,-0.2627,0.7048688399845112,0.9111039498183728,-0.4973111970324027,-0.3537951242266214,0.028730382325608737,0.10238600212089077,,False,,,0,0,0.445,0.887
RKLB,Rocket Lab Corporation,Industrials,XLI,40871149568.0,2026-09-14,62.54999923706055,-0.006354273566814617,-0.026610688489314582,-0.2205607571705851,-0.20472363733149923,-0.3905389012731706,False,-0.19650207443938283,-0.37436149846272804,-0.14451118010761022,-0.3261403482069509,0.6719304081828681,0.8729352922144037,1.2076124196062692,0.5708986243321628,0.8729352922144037,1109996261.4993975,0.7058821129476659,67.49600009918213,75.51533355712891,86.18924996058146,False,False,False,False,False,False,dry_up,2,2,normal,False,False,,False,86.0,,0.044238892698746014,37.1550531618174,True,False,False,False,False,True,False,,Uptrend Under Pressure,117.35,-0.467,0.646177167553658,0.9111039498183728,0.3829338999228349,-0.00837692124292233,0.7557109167086851,0.10217391304347827,,False,,,0,0,0.445,0.887
CIEN,Ciena Corporation,Information Technology,XLK,54186459136.0,2026-09-14,319.6400146484375,-0.08554097718585396,-0.004236714490848947,-0.2545186863853819,-0.23937154437254682,-0.2593936909461195,False,-0.23150817136282842,-0.23973519820466593,-0.23133871693526342,-0.25853433588409336,0.6913527213311562,0.950192013916661,1.0166188516948573,0.5529439782615129,0.950192013916661,832730068.7930664,0.08736616891086448,369.9585021972656,403.6101669311523,454.1451670328776,False,False,False,False,False,False,dry_up,2,4,normal,False,False,,False,22.0,분산4일,0.06811010480027291,37.24806329542174,True,False,False,False,False,True,False,,Uptrend Under Pressure,432.05,-0.2602,0.3422495824492126,0.9308295144731314,1.7942503943680017,0.11150700507317257,0.9000551702930584,0.10148462354188759,,False,,,0,0,0.445,0.887
ALAB,"Astera Labs, Inc.",Information Technology,XLK,51521609728.0,2026-09-14,257.0400085449219,-0.11736828697379786,-0.17190717268299172,-0.20077105732913436,-0.1845318383516592,-0.38093323034198023,False,-0.1761015327469332,-0.3645008566921468,-0.1759198610128464,-0.38021490245882006,0.5939825630760569,1.7809262067209526,1.1534705760143784,0.5692857614010002,1.7809262067209526,1050207090.7725112,0.03361873217870368,289.9290008544922,333.2705828348796,281.20537459055583,False,False,False,True,False,False,distribution,1,2,interest,False,False,,False,59.0,,0.0771072393948799,39.49377741630546,True,False,False,False,False,True,False,,Uptrend Under Pressure,417.07,-0.3837,0.4235233900857603,0.9308295144731314,0.1588321220987614,1.272158531293158,0.8424352257799022,0.1011134676564157,,False,,,0,0,0.445,0.887
TJX,"TJX Companies, Inc. (The)",Consumer Discretionary,XLY,147930972160.0,2026-09-14,125.98999786376953,-0.00023804777095692842,-0.046108448537689806,-0.17171785314426247,-0.15488831352201837,-0.1980215127863202,False,-0.14615155331211194,-0.17673397029990423,-0.13245061094898558,-0.14968393630978738,0.7798810354876982,0.9021399942255605,0.9411289984845234,0.21356136036977863,0.9021399942255605,1130522250.8951106,0.10100877767588104,135.50050086975097,148.83499361673992,153.00050551096598,False,False,False,False,False,False,dry_up,1,3,normal,False,False,,False,54.0,분산3일,0.01885071573251631,18.16049007869789,True,False,False,False,False,True,False,,Uptrend Under Pressure,154.94,-0.1869,0.3742846104275502,0.9099102163807861,-0.07564414316258583,-0.1565258910615709,0.36062197722190437,0.09787910922587488,,False,,,0,0,0.445,0.887
GRAB,Grab Holdings Limited,Information Technology,XLK,14483208192.0,2026-09-14,3.0199999809265137,-0.00983605634714435,-0.11695908960355594,-0.16574583524880493,-0.14879495254053887,-0.2420262351973156,False,-0.13999519919656578,-0.22190674448892367,-0.1398055659229348,-0.2411467279831544,0.7664974459561366,0.9342184313454958,1.802219531863413,0.42202611274281776,0.9342184313454958,145645647.6730929,0.5555555555555556,3.411999988555908,3.562499996026357,3.6084166626135508,False,False,False,False,False,False,dry_up,2,5,normal,False,False,,False,59.0,분산5일,0.040917686650451944,29.3993002024785,True,False,False,False,False,True,False,,Uptrend Under Pressure,3.57,-0.1541,0.3201996693253928,0.9308295144731314,-0.44055168712019543,-0.15537963765852725,0.13843809282627914,0.09501590668080594,,False,,,0,0,0.445,0.887
FTAI,FTAI Aviation Ltd.,Industrials,XLI,19524618240.0,2026-09-14,176.0,-0.05406856761580725,-0.10332177962819489,-0.18942570790716295,-0.17295596723083173,-0.30396447869239585,False,-0.16440599033079462,-0.28548906324407286,-0.11033829646504778,-0.23041806113016128,0.7302763541264825,1.6193810205840993,1.1161468013860318,0.44601258731325544,1.6193810205840993,252293204.25319824,0.13289004545531355,196.8334991455078,217.59982426961264,232.53875745137532,False,False,False,False,False,False,distribution,2,4,interest,False,False,,False,89.0,분산4일,0.04863878349205117,35.888209159599455,True,False,False,False,False,True,False,,Uptrend Under Pressure,284.45,-0.3813,0.3388289857885219,0.9111039498183728,0.07233958761183246,-0.17307697454426485,0.47606423269201636,0.09395546129374338,,False,,,0,0,0.445,0.887
CCL,Carnival Corporation Ltd.,Consumer Discretionary,XLY,32720916480.0,2026-09-14,22.559999465942383,-0.008351671826708484,-0.04040836893622768,-0.19772408276509112,-0.18142295350819215,-0.2046472773069442,False,-0.17296050826815856,-0.18353560767246457,-0.15968974522794743,-0.15670905493321774,0.7643463362942757,0.9192579453865487,0.9664660675911793,0.31356952363781404,0.9192579453865487,468383947.5525317,0.6376804383040596,24.573499965667725,26.623850727081297,26.6097438176473,False,False,False,False,False,False,dry_up,1,6,normal,False,False,,False,109.0,분산6일,0.02979356054592252,29.26517026062683,True,False,False,False,False,True,False,,Uptrend Under Pressure,27.71,-0.186,0.42903820133747755,0.9099102163807861,-0.2563841213954007,0.014724539362776401,0.3458236766478169,0.09098621420996819,,False,,,0,0,0.445,0.887
AMAT,"Applied Materials, Inc.",Information Technology,XLK,363777130496.0,2026-09-14,424.2099914550781,-0.07071348653827747,-0.0670757198503591,-0.16269646843223173,-0.1456836268373023,-0.3106959977913084,False,-0.1368517086244262,-0.29239926232144,-0.13666138220302726,-0.30989617084366916,0.7048358371153056,1.2472732724300988,0.8523831048047996,0.4372900087545591,1.2472732724300988,3046172850.988286,0.3570862930963159,471.3189453125,533.9430221557617,479.4550488789876,False,False,False,True,False,False,distribution,0,1,normal,False,False,,False,50.0,,0.0394194958334066,34.74070374739914,True,False,False,False,False,True,False,,Uptrend Under Pressure,602.4,-0.2958,0.4879792340482689,0.9308295144731314,1.6385358871419138,0.327164032246525,0.9611300413551092,0.0887592788971368,,False,,,0,0,0.445,0.887
NIO,NIO Inc.,Consumer Discretionary,XLY,10598971392.0,2026-09-14,3.6700000762939453,-0.005420048947527345,-0.03421049411937427,-0.18805307703968943,-0.1715554464158825,-0.25003254978220957,False,-0.1629909909389602,-0.23012557694630797,-0.14956025597065647,-0.20482982981179987,0.7296222511358061,0.8046089797624447,1.0106747286161655,0.2998960698341887,0.8046089797624447,160375282.95102486,0.07692307692307693,4.150999999046325,4.5896666765213014,5.257083340485891,False,False,False,False,False,False,dry_up,0,7,normal,False,False,,False,124.0,분산7일,0.03970415883662575,26.827099876290987,True,False,False,False,False,True,False,,Uptrend Under Pressure,5.96,-0.3842,0.29883756788402566,0.9099102163807861,-0.38012060995246777,-0.3496477911964877,0.05474091442499666,0.08165429480381761,,False,,,0,0,0.445,0.887
GNRC,Generac Holdlings Inc.,Industrials,XLI,10938599424.0,2026-09-14,176.97999572753906,-0.0535323251059584,-0.0553510010042213,-0.19297768689146189,-0.17658011748102176,-0.3143546522297327,False,-0.16806760702738122,-0.2961550312873019,-0.11423684062678396,-0.24190610973008908,0.6864745254392858,1.2833324925819416,0.7979013144266507,0.37420733502769266,1.2833324925819416,181591676.1716896,0.4928898299691642,194.482999420166,219.63116709391275,230.08791732788086,False,False,False,False,False,False,distribution,2,1,normal,False,False,,False,59.0,,0.04549344526445996,34.538703258195056,True,False,False,False,False,True,False,,Uptrend Under Pressure,279.15,-0.366,0.37248493830776175,0.9111039498183728,-0.03566525796177311,-0.08497464849957803,0.45308083126256316,0.08022269353128314,,False,,,0,0,0.445,0.887
MTZ,"MasTec, Inc.",Industrials,XLI,19255519232.0,2026-09-14,227.6999969482422,-0.052868044258802205,-0.04001014121793944,-0.23485332252329372,-0.2193066077059992,-0.40314933776703854,False,-0.21123580348560478,-0.3873066636393666,-0.16019826537988668,-0.3400832632879429,0.5918590045377367,0.8817328784098825,0.8140495230529992,0.4394925641391478,0.8817328784098825,352306973.6110069,0.28555439932881893,250.26800079345702,310.334999593099,341.69949900309246,False,False,False,False,False,False,dry_up,2,3,normal,False,False,,False,92.0,분산3일,0.04712968905375202,34.9118831699338,True,False,False,False,False,True,False,,Uptrend Under Pressure,417.41,-0.4545,0.5807042551291092,0.9111039498183728,0.2645651163329521,-0.16445710810933012,0.592852055432578,0.07179215270413573,,False,,,0,0,0.445,0.887
BURL,"Burlington Stores, Inc.",Consumer Discretionary,XLY,16316875776.0,2026-09-14,232.24000549316406,-0.028447071552704983,-0.12471255701846251,-0.33201024959422687,-0.3184376282183071,-0.27413663972654767,False,-0.31139163997127683,-0.2548694806100503,-0.3003421574921349,-0.23038674337878862,0.6239823852595975,0.6126233613403848,0.828319152636332,0.4018828664512572,0.6126233613403848,480524877.8422028,0.05432452752651315,285.0335006713867,324.6403345743815,323.12241821289064,False,False,False,False,False,False,dry_up,2,4,normal,False,False,,False,24.0,분산4일,0.05193059466259458,17.613288317486507,True,False,False,False,False,True,False,,Uptrend Under Pressure,371.5,-0.3749,0.2899863612018102,0.9099102163807861,0.06388405546914422,0.014228546222261329,0.621092462245657,0.07030752916224814,,False,,,0,0,0.445,0.887
FN,Fabrinet,Information Technology,XLK,14797290496.0,2026-09-14,382.54998779296875,-0.07725891219236103,-0.06099657946934023,-0.32911857274789014,-0.3154871965258773,-0.25050466490025713,False,-0.30841070673138904,-0.23061022378533558,-0.3082582095109453,-0.24963499554650048,0.6390958215625664,0.8544883623802475,0.6374293050645597,0.3636942336862707,0.8544883623802475,465325543.28208315,0.05410445586675525,430.16099853515624,484.6203318277995,565.3163340250651,False,False,False,False,False,False,dry_up,0,1,normal,False,False,,False,19.0,,0.04515748123833005,35.538495227610255,True,False,False,False,False,True,False,,Uptrend Under Pressure,598.58,-0.3609,0.3645298946784275,0.9308295144731314,0.3079018109162255,-0.04456501179624417,0.706404502257686,0.06903499469777306,,False,,,0,0,0.445,0.887
CASY,"Caseys General Stores, Inc.",Consumer Staples,XLP,27835465728.0,2026-09-14,621.6099853515625,0.009976140089211771,-0.17786247236086472,-0.2656270584357623,-0.250705623071646,-0.23639592127555253,False,-0.2429594217084433,-0.21612698073935077,-0.251099677550478,-0.2146217534371856,0.7107410517056914,1.0800500898286824,2.134602023049045,0.2630782328578003,1.0800500898286824,391572784.67745364,0.5926776966660657,762.2420013427734,810.6198801676433,802.9724975585938,False,False,False,True,False,False,accumulation,3,7,normal,False,False,,False,65.0,분산7일,0.05540804710191043,20.996113877976384,True,False,False,False,False,True,False,,Uptrend Under Pressure,914.91,-0.3206,0.21242373629960845,0.9497192280606287,0.29311441664576887,0.09569684876694762,0.7998984776164624,0.06876988335100742,,False,,,0,0,0.445,0.887
CW,Curtiss-Wright Corporation,Industrials,XLI,21515423744.0,2026-09-14,551.2100219726562,-0.013759173565018656,-0.027419458363200255,-0.21178014915127608,-0.195764619586556,-0.29028503283683726,False,-0.18745043841568865,-0.2714465131538204,-0.13487385165451826,-0.21529318008327414,0.6952962503533829,0.7322131078522179,0.8333819621635065,0.1522951595552344,0.7322131078522179,247661349.82788086,0.5389388050409705,602.9885070800781,693.3505035400391,708.1435618082683,False,False,False,False,False,False,dry_up,1,1,normal,False,False,,False,114.0,,0.027980014924741576,25.019519541764524,True,False,False,False,False,True,False,,Uptrend Under Pressure,680.89,-0.1905,0.5812493769536518,0.9111039498183728,0.12868809535419,-0.11013084452803346,0.5702333658174813,0.06866383881230118,,False,,,0,0,0.445,0.887
CRS,Carpenter Technology Corporatio,Industrials,XLI,23610693632.0,2026-09-14,420.3800048828125,-0.05146776198231018,-0.11560386098447617,-0.22775617365654643,-0.21206525465893555,-0.3107335823659252,False,-0.2039195893684841,-0.2924378445328284,-0.15240865051962593,-0.23790242043369114,0.679138146587022,0.9133441754689446,0.6577280271431863,0.2364983999174151,0.9133441754689446,357006947.88223267,0.18896896918993195,478.02372283935546,540.9363744099935,493.52183100382484,False,False,False,True,False,False,dry_up,0,2,normal,False,False,,False,53.0,,0.03770737705553878,25.467490538630017,True,False,False,False,False,True,False,,Uptrend Under Pressure,606.78,-0.3072,0.4535064191212553,0.9111039498183728,0.8449449150463981,0.25605562696016615,0.9343254188080955,0.06299045599151644,,False,,,0,0,0.445,0.887
COO,"The Cooper Companies, Inc.",Health Care,XLV,13669695488.0,2026-09-14,54.220001220703125,0.005750350105146573,-0.2208650082773289,-0.2881711628712006,-0.27370779231058706,-0.28473415554031545,False,-0.26619938725308423,-0.26574829457798665,-0.28978367216381273,-0.2867399373459407,0.705805798439182,1.6223233576205336,2.58008781684233,0.2885061026891273,1.6223233576205336,208768430.18816757,0.4480285268163559,69.321000289917,71.04466654459635,68.24041649500529,False,False,False,False,False,False,accumulation,2,6,interest,True,False,surge,False,68.0,분산6일,0.050501926063260656,15.738988927810496,True,False,False,False,False,True,False,,Uptrend Under Pressure,67.34,-0.1948,0.16236980232107218,0.9548611509199223,-0.06443221599220428,-0.07218565166570645,0.43873859003724,0.05906680805938494,,False,,,0,0,0.445,0.887
CRDO,Credo Technology Group Holding ,Information Technology,XLK,42508943360.0,2026-09-14,150.08999633789062,-0.07891991930773878,-0.12006806652355828,-0.42250865770443224,-0.41077483793835323,-0.39269092562411323,False,-0.40468343128412754,-0.3765706456798483,-0.40455216244741055,-0.3919862406641025,0.5306908721129856,1.4086839344762137,1.0828393275645938,0.3170805910565172,1.4086839344762137,1426868662.6228287,0.18951636472148134,205.79650192260743,228.385999806722,203.26787516276042,False,False,False,True,False,False,distribution,1,6,normal,False,False,,False,64.0,분산6일,0.09119910472706007,30.154398194873053,True,False,False,False,False,True,False,,Uptrend Under Pressure,264.76,-0.4331,0.3165282276434726,0.9308295144731314,0.3959773197598042,0.9140772145378255,0.9254025283369548,0.05222693531283139,,False,,,0,0,0.445,0.887
