ticker,name,sector,sector_etf,market_cap,date,close,daily_return,return_5d,return_20d,rs_spy_20d,rs_spy_50d,rs_spy_near_high,rs_qqq_20d,rs_qqq_50d,rs_sector_20d,rs_sector_50d,close_to_50d_high,volume_ratio,volume_trend,updown_vol_ratio_20d,capped_volume_ratio,avg_dollar_volume_20d,close_position,ma20,ma60,ma120,above_ma20,above_ma60,ma60_rising,ma120_rising,ma_aligned,golden_cross_recent,vp_signal,accumulation_days_10d,distribution_days_10d,volume_strength,surge_today,sustained_accumulation,signal_type,triggered_today,days_since_trigger,warnings,atr_ratio,rsi_14,liquidity_ok,rs_positive,rs_sector_positive,near_50d_high,volume_quality,not_overheated,passed_hard_filters,grade,market_state,trigger_price,ext_from_trigger,base_stability,sector_etf_to_52w_high,mom_12_1,mom_6_1,score_3m,score,next_earnings_date,earnings_within_20d,verdict,verdict_reason,regime_trend,regime_breadth,regime_vix_ratio
AEM,Agnico Eagle Mines Limited,Materials,XLB,73559629824.0,2026-08-24,217.88999938964844,0.00846987805115762,0.15420066107948305,0.4928061754394768,0.44513628385339254,0.3312087526451324,True,0.4416594893853407,0.40072771669891494,0.43178995563666334,0.31539574069298704,1.0,1.027326136685774,1.2883535451201764,5.0,1.027326136685774,632127532.7483284,0.6537354400380593,176.90199966430663,163.21766662597656,180.86261393229168,True,True,True,False,False,False,accumulation,5,1,normal,False,False,surge,False,1.0,,0.0398595710797931,82.23059347955635,True,True,True,True,True,True,True,A,Confirmed Uptrend,216.06,0.0085,0.28085612203356175,1.0,-0.08600420684065224,-0.44328422271009404,0.24147727984600753,1.0747071352502662,2026-10-29,False,진입 검토,국면 정합 A등급 · surge D+1 · 클러스터 대표(12종목 중),1,0.608,0.854
WPM,Wheaton Precious Metals Corp,Materials,XLB,49513259008.0,2026-08-24,160.19000244140625,0.015274456082868149,0.17416123487324886,0.43203430701879064,0.3863050480659047,0.3722910322558042,True,0.3829697932695224,0.4439554130324157,0.3735020464481882,0.3559900167676133,1.0,1.180210726023946,1.4622559060818865,3.237606289353826,1.180210726023946,312554166.489859,0.7190911786846728,130.09620170593263,119.93831799825033,127.45074113210042,True,True,True,False,False,False,accumulation,4,0,normal,False,False,surge,False,3.0,,0.037665468791264214,79.9525282926898,True,True,True,True,True,True,True,A,Confirmed Uptrend,147.23,0.088,0.279483673834089,1.0,0.008211365156907569,-0.34093900931766774,0.3257079724134789,1.0743343982960596,2026-11-06,False,진입 검토,국면 정합 A등급 · surge D+3 · 클러스터 대표(12종목 중),1,0.608,0.854
VEEV,Veeva Systems Inc.,Health Care,XLV,33102694400.0,2026-08-24,248.4600067138672,0.0022590271527664907,0.04246039494617415,0.2776920607611457,0.2368914243362905,0.4823654060411442,True,0.23391563768574275,0.5597781387717382,0.19504795979939704,0.35057882923326944,0.9834547471268221,0.8965010723262622,0.8325746896740676,4.5833300919800415,0.8965010723262622,399484064.89624023,0.8918171909886459,229.12449951171874,195.10400060017903,182.71391716003419,True,True,True,True,True,False,weak_rally,4,0,normal,False,False,acc,False,2.0,어닝스20일내,0.0348690807567279,69.92358526465043,True,True,True,True,True,True,True,A,Confirmed Uptrend,250.53,-0.0083,0.3858311633357196,0.9944216998611353,-0.43875350118668155,-0.006328074263662664,0.2636275933550882,1.0710330138445154,2026-08-27,True,대기,어닝스 2026-08-27 — 발표 후 재평가,1,0.608,0.854
BMNR,"BitMine Immersion Technologies,",Financials,XLF,10423751680.0,2026-08-24,24.139999389648438,0.05738061630837388,0.2888414297721955,0.3470981744906809,0.3040811874294653,0.40842248232910605,True,0.3009437516671749,0.48197373544926725,0.3160931638153037,0.31609480100347986,1.0,1.8616689941583535,1.616397396444601,1.922913860064699,1.8616689941583535,693295801.8378471,0.5321633447960086,18.841499996185302,16.86999996503194,18.93224996725718,True,True,True,False,False,False,accumulation,4,0,interest,True,False,surge,True,0.0,과열,0.04920405948995474,76.59180269439935,True,True,True,True,True,False,True,A,Confirmed Uptrend,24.14,0.0,0.37531595912908444,0.9993134723312326,-0.7184995992668328,-0.2453314005687367,0.045591339062491104,1.0518636847710332,,False,대기,단기 이벤트성(3M 0.05) — 재트리거 또는 중기 추세 형성 대기,1,0.608,0.854
KGC,Kinross Gold Corporation,Materials,XLB,27402162176.0,2026-08-24,32.97999954223633,0.006715544321579392,0.19134843953222247,0.38060946366839477,0.33652235809595243,0.2803733530055732,True,0.33330687344376075,0.3472375686488003,0.3241791166595236,0.2651641988484543,1.0,1.086598076862652,1.1403324229178813,2.0267664312140288,1.086598076862652,238315467.6210869,0.5784312625520314,26.851539134979248,25.642486476898192,28.20882574717204,True,True,True,False,False,True,accumulation,5,2,normal,False,False,surge,False,1.0,,0.03894524618557528,78.6603395368293,True,True,True,True,False,True,True,A,Confirmed Uptrend,32.76,0.0067,0.2920665015701162,1.0,0.04262807256710199,-0.38175838729095857,0.3466905856155997,1.0461128860489883,,False,스킵,상관 클러스터 중복 — 대표: AEM·WPM,1,0.608,0.854
AU,AngloGold Ashanti PLC,Materials,XLB,40115785728.0,2026-08-24,120.47000122070312,-0.006187097776335526,0.2171493461565499,0.5063128701809227,0.45821166829842874,0.40472077490767866,True,0.4547034162960153,0.4780787158484714,0.44474458443096054,0.3880345366607434,0.9938129022236645,1.4318773739914588,1.3475599833462337,1.6107129865199339,1.4318773739914588,299715163.48990786,0.6159534617447788,94.52573051452637,86.90995915730794,91.69628677368163,True,True,True,False,False,False,distribution,3,1,normal,False,False,surge,False,1.0,과열,0.04438098830382316,79.96659975586834,True,True,True,True,True,False,True,A,Confirmed Uptrend,121.22,-0.0062,0.2773850479464068,1.0,0.3043288138799849,-0.3781222590823138,0.5004855546633408,1.0421725239616615,,False,스킵,상관 클러스터 중복 — 대표: AEM·WPM,1,0.608,0.854
BR,"Broadridge Financial Solutions,",Industrials,XLI,17805594624.0,2026-08-24,185.4499969482422,0.017949305104432822,0.10492135959595483,0.21383687936887452,0.17507533524164032,0.24227295117800618,True,0.17224826939964344,0.30714747102046425,0.24231794746391988,0.2580594850429858,1.0,1.0044988013481797,0.9879530521564083,2.4509692967895043,1.0044988013481797,236362934.17655793,0.5943658581664539,168.15099868774413,153.17400970458985,156.74299736022948,True,True,True,False,False,False,accumulation,4,3,normal,False,False,acc,False,3.0,분산3일,0.0296614396541653,73.5555269966252,True,True,True,True,False,True,True,A,Confirmed Uptrend,176.03,0.0535,0.3157509658135812,0.9597340907832117,-0.5043220995304663,-0.21195919050643164,0.08380174608327211,1.035782747603834,2026-11-03,False,스킵,acc D+3 신호 소멸 — 재트리거 전까지 관망,1,0.608,0.854
FIVE,"Five Below, Inc.",Consumer Discretionary,XLY,12006280192.0,2026-08-24,262.7200012207031,0.04987210459392344,0.10127432892924704,0.2683209519881471,0.22781956388273228,0.25375309635108656,True,0.22486560285139578,0.31922713734154895,0.18834054139567735,0.2762527796173928,1.0,2.1494976799275,1.164015808488177,1.9269915987150976,2.1494976799275,221980636.32134095,0.934733585972302,232.74250030517578,207.5201665242513,215.99216639200847,True,True,True,True,False,False,accumulation,3,2,attention,True,False,surge,True,0.0,어닝스20일내,0.03566263181286584,75.01685009476269,True,True,True,True,False,True,True,A,Confirmed Uptrend,262.72,0.0,0.2802182848818213,0.9538536360667944,0.21912473595413995,-0.14884032473774933,0.5499351340884887,1.0282215122470713,2026-09-03,True,대기,어닝스 2026-09-03 — 발표 후 재평가,1,0.608,0.854
TGT,Target Corporation,Consumer Staples,XLP,65626075136.0,2026-08-24,169.88999938964844,0.02689795020897834,0.1250248696748204,0.21985183951599963,0.18089821921516314,0.24399826369034483,True,0.17805714433400954,0.30896288355527357,0.19069819781985964,0.2498200307184244,1.0,1.3284580779413382,1.4571399084370467,1.9221238029339374,1.3284580779413382,708814731.6804085,0.8291956335953742,151.65148010253907,138.1233258565267,129.50833746592204,True,True,True,True,True,False,accumulation,7,3,normal,False,True,acc,True,0.0,분산3일,0.029313693483278006,79.36512889923851,True,True,True,True,False,True,True,A,Confirmed Uptrend,169.89,0.0,0.389106020747845,0.9838065079008816,0.23783244089252742,0.11905363954207293,0.780425871190765,1.0210862619808307,2026-11-18,False,진입 검토,국면 정합 A등급 · acc D+0,1,0.608,0.854
TRI,Thomson Reuters Corp,Industrials,XLI,42837557248.0,2026-08-24,108.62000274658203,0.029280811172446963,0.10367251261793209,0.11834888912856001,0.08263657015688808,0.3131042905969508,True,0.08003189897113994,0.3816777955378483,0.14458945852191185,0.3297909336829987,1.0,0.6158207736787058,1.0373312522127083,2.3303994876367597,0.6158207736787058,241481889.30048484,0.7750068264360666,102.68584022521972,91.54970881144206,90.54995416005453,True,True,True,True,True,False,weak_rally,1,0,normal,False,False,surge,False,4.0,,0.04793629864900151,61.157682478208635,True,True,True,True,False,True,True,A,Confirmed Uptrend,100.24,0.0837,0.3067939647892378,0.9597340907832117,-0.5490880877915462,0.04781557013314952,0.2935693336294727,1.0182108626198083,2026-11-03,False,스킵,상관 클러스터 중복 — 대표: VEEV·BR,1,0.608,0.854
MRNA,"Moderna, Inc.",Health Care,XLV,21751822336.0,2026-08-24,138.88999938964844,-0.042995971082634865,1.1546695836535426,1.4966743973200156,1.4169479064974815,1.6967765168308722,False,1.4111330700666413,1.8376087562239278,1.3351836772181702,1.4570252759285727,0.7964789282061657,1.2410118367869245,3.3283190078486666,1.9639969508009263,1.2410118367869245,3516362246.4649467,0.5739184142685881,76.73050079345703,65.78941688537597,58.3749584197998,True,True,True,True,True,True,distribution,4,3,normal,False,False,surge,False,1.0,"과열,분산3일",0.12227714862805794,68.82090494360881,True,True,True,False,False,False,True,A,Confirmed Uptrend,145.13,-0.043,0.04334203931021757,0.9944216998611353,0.7542216516933162,-0.012351877434529035,0.7815213590518985,1.0181576144834932,2026-11-05,False,진입 검토,국면 정합 A등급 · surge D+1 · 클러스터 대표(3종목 중),1,0.608,0.854
HMY,Harmony Gold Mining Company Lim,Materials,XLB,9944315904.0,2026-08-24,22.809999465942383,-0.031011105403289996,0.13879174657993731,0.43730306429922283,0.39140555772485475,0.44544579223122494,False,0.38805803182022847,0.5209304927878784,0.37855545115465583,0.42827579425508944,0.96898889459671,1.4321359083929184,1.261025190657962,2.139167822602498,1.4321359083929184,58389170.83852301,0.24463486990746502,18.944000053405762,16.83516672452291,16.593244870503742,True,True,True,False,True,False,distribution,3,2,normal,False,False,surge,False,1.0,어닝스20일내,0.04589151755204562,71.996946753176,True,True,True,True,False,True,True,A,Confirmed Uptrend,23.54,-0.031,0.32451342871453764,1.0,-0.13514543066899176,-0.3190342478201671,0.2206611880883634,1.0168796592119276,2026-08-27,True,스킵,상관 클러스터 중복 — 대표: AEM·WPM,1,0.608,0.854
B,Barrick Mining Corporation,Materials,XLB,61689446400.0,2026-08-24,48.15999984741211,0.011764735110138203,0.13264344611780543,0.2883894722114415,0.24724723454425712,0.18717703152501564,True,0.24424653327212953,0.24917430822265807,0.23572847943055297,0.173074927289661,1.0,1.1356606212067846,1.1028940998121832,1.7940644395960752,1.1356606212067846,490570583.1375246,0.6822427574208361,41.28349990844727,39.31783339182536,40.396251392364505,True,True,True,False,False,False,accumulation,5,2,normal,False,False,surge,False,3.0,,0.03865094461905277,74.08910300064503,True,True,True,True,False,True,True,A,Confirmed Uptrend,45.13,0.0671,0.29992181987882904,1.0,0.26476602959148443,-0.29863897659872696,0.4959279697937845,1.0092119275825346,2026-11-09,False,스킵,상관 클러스터 중복 — 대표: AEM·WPM,1,0.608,0.854
ILMN,"Illumina, Inc.",Health Care,XLV,31031631872.0,2026-08-24,223.22000122070312,0.01741115510705571,0.15574195881801822,0.17812846246138192,0.14050719788999144,0.2944392953623316,True,0.13776329812032828,0.36203806878181943,0.10192436713377573,0.17935989393661855,1.0,1.0624456797182684,1.0139122257917843,1.9769484472311651,1.0624456797182684,425682911.27925414,0.9353448616054868,199.2034996032715,184.5326655069987,157.8842492421468,True,True,True,True,True,False,accumulation,3,0,normal,False,False,surge,False,2.0,,0.04078294987407647,71.34701027786555,True,True,True,True,True,True,True,A,Confirmed Uptrend,213.24,0.0468,0.2907670784153158,0.9944216998611353,0.6628704395495018,0.47910661827368317,0.9410227059165228,1.008785942492013,2026-10-30,False,진입 검토,국면 정합 A등급 · surge D+2,1,0.608,0.854
DXCM,"DexCom, Inc.",Health Care,XLV,32201099264.0,2026-08-24,91.05999755859375,-0.01386180236149348,0.025912521034341607,0.2411066396319006,0.20147428820449287,0.166344590097383,True,0.19858371019783094,0.22725394595324766,0.16082896899431987,0.06265317886982502,0.9861381976385065,0.775491808260292,0.875751008405979,2.808157075889209,0.775491808260292,493222251.2898636,0.019230016823819397,86.18649978637696,77.37233352661133,70.91358331044515,True,True,True,True,True,False,dry_up,2,0,normal,False,False,surge,False,3.0,,0.028207467351188863,65.99451544848678,True,True,True,True,False,True,True,A,Confirmed Uptrend,89.88,0.0131,0.32424123969572133,0.9944216998611353,-0.24513913803058196,-0.10296470077702657,0.2554632587859425,1.0019701810436636,2026-10-30,False,진입 검토,국면 정합 A등급 · surge D+3,1,0.608,0.854
ONC,BeOne Medicines Ltd.,Health Care,XLV,32786421760.0,2026-08-24,371.9800109863281,-0.006649371715379271,0.02612341994866796,0.14139312044442742,0.10494492830543778,0.3775306111160073,True,0.10228658635031729,0.44946861546496675,0.06756515267349172,0.25506415112766634,0.9870509617499401,0.8805601447565101,0.9604153882464007,1.9125079050840001,0.8805601447565101,139042277.9720688,0.9017803617051238,347.15399780273435,309.1853317260742,304.6894157409668,True,True,True,True,True,False,dry_up,3,0,normal,False,False,acc,False,4.0,,0.02831353063085814,68.77533945190734,True,True,True,True,True,True,True,A,Confirmed Uptrend,369.15,0.0077,0.2766742774853394,0.9944216998611353,-0.1170075837954413,-0.19228236146714495,0.2867490161908504,0.9979765708200212,2026-11-05,False,스킵,acc D+4 신호 소멸 — 재트리거 전까지 관망,1,0.608,0.854
P,"Everpure, Inc.",Information Technology,XLK,25651687424.0,2026-08-24,100.44000244140625,-0.07471211775539632,-0.14146504594038145,0.35345645708843354,0.31023643051204486,0.3961389695447366,False,0.3070841861013669,0.469048747703128,0.3102330497218624,0.472181685231422,0.8500338467204581,1.122014488328086,0.9730627839583962,1.6320627179709648,1.122014488328086,318988223.13194734,0.03359459947023863,96.9435001373291,82.10350011189779,75.60475006103516,True,True,True,True,True,False,distribution,5,3,normal,False,False,acc,False,1.0,"분산3일,어닝스20일내",0.06052226388094447,55.080865639403996,True,True,True,False,False,True,True,A,Confirmed Uptrend,108.55,-0.0747,0.28704451543461235,0.9094630889501736,0.13809265767433399,0.0007449049592387347,0.6402792822037324,0.9898828541001065,2026-08-27,True,대기,어닝스 2026-08-27 — 발표 후 재평가,1,0.608,0.854
FCX,"Freeport-McMoRan, Inc.",Materials,XLB,90034372608.0,2026-08-24,77.80000305175781,0.014870849663315422,0.13775966915337934,0.24043369798400072,0.20082283565271708,0.1330856879145761,True,0.1979338249491902,0.19225818287561802,0.1897328257527302,0.11962611781319588,1.0,1.5117712831794803,1.3422630700633476,1.8320765054200039,1.5117712831794803,966467090.3309448,0.609941252975928,67.86100063323974,65.0858024597168,63.17346108754476,True,True,True,True,True,False,accumulation,4,0,interest,True,False,surge,True,0.0,,0.036153865464948816,70.63004251740868,True,True,True,True,True,True,True,A,Confirmed Uptrend,77.8,0.0,0.3111455882077811,1.0,0.2901333282744831,-0.1186727061558257,0.6056765360805955,0.9817891373801918,2026-10-22,False,스킵,상관 클러스터 중복 — 대표: AEM·WPM,1,0.608,0.854
MRK,"Merck & Company, Inc.",Health Care,XLV,321571160064.0,2026-08-24,150.66000366210938,-0.012389376282130882,0.10803855489831027,0.15218728962422134,0.11539440647106769,0.21113498224186222,True,0.11271092454244691,0.2743834014904962,0.07766112982807916,0.10346157546142143,0.9876106237178691,1.3709647877612352,1.6516167247255358,1.9394519403008206,1.3709647877612352,1513759940.313617,0.6386559470687798,135.22049980163575,126.74374249776204,120.92766272226969,True,True,True,True,True,False,distribution,5,3,normal,False,False,surge,False,1.0,분산3일,0.029678927809878113,73.68198698775566,True,True,True,True,False,True,True,A,Confirmed Uptrend,152.55,-0.0124,0.1974009152410258,0.9944216998611353,0.33857806731809537,-0.013364305862377357,0.7179974144755201,0.9767305644302451,2026-10-29,False,진입 검토,국면 정합 A등급 · surge D+1,1,0.608,0.854
SCCO,Southern Copper Corporation,Materials,XLB,143250571264.0,2026-08-24,214.25,-0.00810185185185186,0.11565302796472743,0.1949913995371384,0.15658116231392571,0.21037116754355578,True,0.15761826578175753,0.2529085145191152,0.1432485076739416,0.17785145447488082,0.9918981481481481,0.9358549284039702,1.1344991225980112,1.422740932853055,0.9358549284039702,210788612.65760803,0.290603206914443,191.6117286682129,184.4455207824707,180.96048227945963,True,True,True,False,True,False,dry_up,4,0,normal,False,False,surge,False,1.0,,0.04219704545484143,65.70888356282182,True,True,True,True,True,True,True,A,Confirmed Uptrend,216.0,-0.0081,0.3301511110466211,1.0,0.7344026092523674,-0.14499349271515594,0.6660739323321545,0.969062832800852,2026-10-28,False,스킵,상관 클러스터 중복 — 대표: AEM·WPM,1,0.608,0.854
BBVA,Banco Bilbao Vizcaya Argentaria,Financials,XLF,154431733760.0,2026-08-24,29.209999084472656,0.005853931252957301,0.014236106190048448,0.09853324245392203,0.06345369801402057,0.21614764847866974,True,0.06089517811828782,0.27965784136967065,0.07324923899038938,0.1364243453203986,1.0,0.6607669710684014,0.7478839118243169,2.2685773677316474,0.6607669710684014,53054657.58872414,0.55999755859375,28.223500156402586,25.772500069936118,23.72894811630249,True,True,True,True,True,False,weak_rally,4,1,normal,False,False,acc,False,3.0,,0.012006656009817205,71.63615663067814,True,True,True,True,True,True,True,A,Confirmed Uptrend,28.53,0.0238,0.334240027250704,0.9993134723312326,0.22139148173583556,0.03764477556667156,0.715859060440906,0.9680511182108626,2026-10-29,False,스킵,acc D+3 신호 소멸 — 재트리거 전까지 관망,1,0.608,0.854
EL,"Estee Lauder Companies, Inc. (T",Consumer Staples,XLP,30354593792.0,2026-08-24,104.12999725341797,0.021483174019644613,0.23464550361423808,0.2515625128952361,0.2115962732825425,0.14025046627984228,True,0.2086813432046477,0.1997971234214122,0.22165100735064014,0.14558670569600296,1.0,1.2660140838864231,1.8922248064349076,1.3970582186169898,1.2660140838864231,315235483.5830803,0.984795372885812,88.7509994506836,85.2628330230713,82.68346996307373,True,True,True,False,True,False,accumulation,4,4,normal,False,False,surge,False,1.0,분산4일,0.03501805411989566,75.85316078897726,True,True,True,True,False,True,True,A,Confirmed Uptrend,101.94,0.0215,0.1677906528105626,0.9838065079008816,-0.2099663218656469,-0.3428414317912061,0.15801108244633896,0.9564430244941426,2026-11-02,False,진입 검토,국면 정합 A등급 · surge D+1 · 클러스터 대표(3종목 중),1,0.608,0.854
JKHY,"Jack Henry & Associates, Inc.",Financials,XLF,10944662528.0,2026-08-24,170.50999450683594,0.025932597098277776,0.13771935719027306,0.1145901377230929,0.07899784724202186,0.3047368872302634,True,0.07640193031138631,0.37287342598331374,0.08893656638495306,0.21920620801334612,1.0,1.0685184918775998,1.3280983123039314,1.3938326416847322,1.0685184918775998,152310590.66467437,0.8309589941164173,157.26449890136718,144.86799952189128,148.8924945831299,True,True,True,False,False,False,accumulation,5,1,normal,False,False,surge,False,3.0,,0.03124240900564281,69.9996560602664,True,True,True,True,True,True,True,A,Confirmed Uptrend,163.06,0.0457,0.29581817927821247,0.9993134723312326,-0.2035122587889049,-0.10425275591996375,0.28263632377144876,0.9499999999999998,2026-11-04,False,진입 검토,국면 정합 A등급 · surge D+3,1,0.608,0.854
MSI,"Motorola Solutions, Inc.",Information Technology,XLK,72332574720.0,2026-08-24,481.5199890136719,0.0021853347561784364,0.05346985901677015,0.136196325821746,0.09991408331529006,0.13439764104872465,True,0.09726784486502726,0.19363864939851316,0.09991124521779282,0.19618423907058458,1.0,0.8846298674422953,1.258390318702239,1.5669516517443656,0.8846298674422953,478400968.725856,0.4021435876457353,458.70250091552737,426.3491449991862,430.4892672220866,True,True,True,True,False,False,weak_rally,3,1,normal,False,False,surge,False,3.0,,0.03007589584522663,66.49218763964397,True,True,True,True,True,True,True,A,Confirmed Uptrend,480.84,0.0014,0.2615493417781366,0.9094630889501736,-0.22270269866935144,-0.16997376349752147,0.21994544201648128,0.9438764643237486,2026-11-06,False,진입 검토,국면 정합 A등급 · surge D+3,1,0.608,0.854
RVTY,"Revvity, Inc.",Health Care,XLV,12552706048.0,2026-08-24,123.0,-0.014028056112224463,0.058793164661342656,0.13815120151139237,0.1018065338128904,0.1685075399513134,True,0.09915574239312908,0.22952985031776563,0.06453292861439364,0.06462383621888779,0.9859719438877755,0.931694878895312,1.0716420899738803,1.7902530628203264,0.931694878895312,188203469.1142029,0.5400009155273438,116.33449935913086,109.87995414733886,100.46846243540446,True,True,True,True,True,False,dry_up,3,0,normal,False,False,surge,False,2.0,,0.028972120650553955,64.29163537949553,True,True,True,True,True,True,True,A,Confirmed Uptrend,124.13,-0.0091,0.37152840076243354,0.9944216998611353,0.05088961818560489,0.04634554244944078,0.6199955579094838,0.9429712460063896,2026-10-26,False,진입 검토,국면 정합 A등급 · surge D+2,1,0.608,0.854
NDSN,Nordson Corporation,Industrials,XLI,16591690752.0,2026-08-24,333.92999267578125,0.005086691822420386,0.07778461462087849,0.12286888001448149,0.08701222383477347,0.1300201044962388,True,0.08439702544223415,0.18903250722303122,0.1492155049828443,0.14438015365517898,0.9976993740568683,1.045296531771223,1.7005839724463823,1.5891181359271116,1.045296531771223,132076337.938974,0.7389429995888158,310.3770004272461,296.96192576090493,286.12718238830564,True,True,True,True,True,False,accumulation,4,4,normal,False,False,surge,False,2.0,분산4일,0.0212341318734465,73.34940076435144,True,True,True,True,False,True,True,A,Confirmed Uptrend,334.7,-0.0023,0.2113529627746674,0.9597340907832117,0.15903429230417965,-0.05372743818327719,0.5990134003063903,0.9429179978700746,,False,진입 검토,국면 정합 A등급 · surge D+2,1,0.608,0.854
TSCO,Tractor Supply Company,Consumer Discretionary,XLY,16137314304.0,2026-08-24,35.91999816894531,0.03396661996938133,0.042910896368157925,0.13736330069989866,0.10104379309711597,0.11517513896032328,True,0.09839483672414628,0.17341230142264163,0.0656410890308492,0.1351879209714637,0.9928122894235714,0.8214601143423338,0.7012513190576798,1.9576141999141445,0.8214601143423338,389433783.27613485,0.8633075360886986,33.77209348678589,31.453009700775148,35.61923000017802,True,True,True,False,False,False,weak_rally,2,1,normal,False,False,acc,False,4.0,,0.032209857698622134,66.25310107611041,True,True,True,True,False,True,True,A,Confirmed Uptrend,34.48,0.0417,0.31764817766306946,0.9538536360667944,-0.5583898937148355,-0.46455917799235524,0.014748423912114946,0.9416932907348244,2026-10-22,False,스킵,acc D+4 신호 소멸 — 재트리거 전까지 관망,1,0.608,0.854
PR,Permian Resources Corporation,Energy,XLE,18359334912.0,2026-08-24,23.690000534057617,-0.002526293302837157,0.06807936014903815,0.16987656958309216,0.132518813326016,0.19565739230894375,True,0.12979413248509397,0.2580975341059404,0.08182533124087277,0.1147313899369451,0.9924591412296925,1.3451144815598477,1.2769539405258534,1.2903294984417215,1.3451144815598477,199168621.26449186,0.8872321244998339,21.500500106811522,20.07810583114624,20.123671690622967,True,True,True,True,False,False,distribution,3,1,normal,False,False,surge,False,3.0,,0.029599587571954446,71.36411150330494,True,True,True,True,True,True,True,A,Confirmed Uptrend,23.02,0.0291,0.31172807705146316,0.9899607938878676,0.4371783826436859,0.1236934269750618,0.857204558268268,0.9270500532481362,2026-11-05,False,진입 검토,국면 정합 A등급 · surge D+3 · 클러스터 대표(3종목 중),1,0.608,0.854
GMAB,Genmab A/S,Health Care,XLV,17724329984.0,2026-08-24,33.02000045776367,-0.012855016303981559,0.005481129851992339,0.14652782404496478,0.10991566503070915,0.2609372584684615,False,0.10724536418275532,0.32678647390620874,0.07236773167546273,0.1488362851282532,0.9680445578105003,1.133060604532361,1.261073637997801,1.7318188340542093,1.133060604532361,90077237.46551514,0.48275816709746583,30.96400022506714,28.24108336766561,27.62237499554952,True,True,True,True,True,False,distribution,5,3,normal,False,False,acc,False,2.0,분산3일,0.02721295637136046,68.39959716333146,True,True,True,True,False,True,True,A,Confirmed Uptrend,33.41,-0.0117,0.34886759213464374,0.9944216998611353,0.005684858394864323,-0.09395120690911474,0.45029494342029575,0.9269968051118213,2026-11-06,False,진입 검토,국면 정합 A등급 · acc D+2,1,0.608,0.854
BNTX,BioNTech SE,Health Care,XLV,22906255360.0,2026-08-24,112.81999969482422,-0.03216951196549156,0.23165940583173938,0.23855532144636382,0.1990044414539669,0.21443632510122046,False,0.1961198055509077,0.2778571485164534,0.15844267601648876,0.10646941938149612,0.9678304880345084,1.1057200643867333,2.176419468068523,1.4113998106017651,1.1057200643867333,170800786.2815342,0.6339111899786848,96.53849983215332,92.94758338928223,93.81733328501383,True,True,True,False,False,False,distribution,2,3,normal,False,False,surge,False,1.0,분산3일,0.04273431843468327,71.41744738237503,True,True,True,True,False,True,True,A,Confirmed Uptrend,116.57,-0.0322,0.10459729910570015,0.9944216998611353,-0.3139812651701924,-0.25353640400202215,0.1159802497821667,0.9176783812566559,2026-11-03,False,스킵,상관 클러스터 중복 — 대표: MRNA·EL,1,0.608,0.854
DT,"Dynatrace, Inc.",Information Technology,XLK,12918204416.0,2026-08-24,49.04999923706055,-0.005070993993283146,0.03024571745953497,0.12191211956859371,0.0860860156919776,0.1710785229267877,False,0.0834730456258479,0.23223509628745465,0.0860832132749072,0.234862997902616,0.9644120851047999,0.810132607892847,1.1473752195891387,1.8539941419760264,0.810132607892847,335480300.32823163,0.1276586246778808,47.941499900817874,44.586666615804035,41.06374988555908,True,True,True,True,True,False,dry_up,2,1,normal,False,False,surge,False,4.0,,0.047218575690566596,57.335832207652714,True,True,True,True,False,True,True,A,Confirmed Uptrend,49.26,-0.0043,0.30513863665877544,0.9094630889501736,-0.27463930181006335,0.1365108976651339,0.42980301037057284,0.9148029818956337,2026-11-04,False,진입 검토,국면 정합 A등급 · surge D+4,1,0.608,0.854
BHP,BHP Group Limited,Materials,XLB,214633758720.0,2026-08-24,97.12999725341797,0.0010305933770911047,0.0991285983316863,0.15727388180919832,0.1203185681262211,0.0638403378791148,True,0.11762323935782915,0.11939667197099024,0.10997204269151295,0.05120331160909486,1.0,1.4060068483837942,1.2660375979593637,1.903181298653157,1.4060068483837942,252013740.8715183,0.4308921405045311,88.91199989318848,86.07600021362305,81.80559279123942,True,True,True,True,True,False,accumulation,5,1,normal,False,False,surge,False,3.0,,0.024194374863445212,71.39776348037068,True,True,True,True,True,True,True,A,Confirmed Uptrend,92.29,0.0524,0.3619541656352318,1.0,0.3324861774643544,0.005253621480157289,0.7367298240818256,0.9076144834930778,,False,스킵,상관 클러스터 중복 — 대표: AEM·WPM,1,0.608,0.854
TECK,Teck Resources Ltd,Materials,XLB,29553743872.0,2026-08-24,70.19999694824219,0.01445086768931425,0.0826650356736578,0.1748953464140952,0.13737732517998125,0.06532537828572837,True,0.134640955443468,0.120959264805381,0.12687325628508006,0.052670711685705474,1.0,0.9254255518615048,1.0294813557748117,1.4502488768422275,0.9254255518615048,190242949.0922699,0.9559305026095143,64.44649982452393,62.16801954905192,59.29346167246501,True,True,True,True,True,False,weak_rally,1,1,normal,False,False,surge,False,1.0,,0.027599700773705098,67.78247553042951,True,True,True,True,False,True,True,A,Confirmed Uptrend,69.2,0.0145,0.3318442323009728,1.0,0.6207133841222452,-0.06182266781046486,0.7224759529138405,0.8844515441959531,2026-10-22,False,스킵,상관 클러스터 중복 — 대표: AEM·WPM,1,0.608,0.854
PAAS,Pan American Silver Corp.,Materials,XLB,18164400128.0,2026-08-24,53.630001068115234,0.014068058224086188,0.1186154924470606,0.21950119991610206,0.18055877661591313,0.11477931695446819,True,0.1777185183858705,0.1729958086273693,0.16965591223703025,0.10153720250173626,1.0,1.1699804030367276,1.4123620002965573,2.2981848985118543,1.1699804030367276,247743547.89022923,0.945847908116892,48.011786460876465,46.94477907816569,51.157780488332115,True,True,False,False,False,False,accumulation,7,2,normal,False,True,acc,True,0.0,,0.04405149120047789,65.39827566204889,True,True,True,True,False,True,True,B,Confirmed Uptrend,53.63,0.0,0.258149374258373,1.0,0.17591266127433292,-0.37580539368965227,0.43994897290894286,0.8824281150159745,2026-11-17,False,스킵,상관 클러스터 중복 — 대표: AEM·WPM,1,0.608,0.854
QSR,Restaurant Brands International,Consumer Discretionary,XLY,33778055168.0,2026-08-24,81.56999969482422,0.008780597070410678,0.05715391165644079,0.09622356780451025,0.06121777837845355,0.0735902509777937,True,0.058664637790614815,0.12965574928368762,0.027095630655234126,0.0928567562212077,1.0,0.8791123423391605,1.0342959163161909,1.9392841572830735,0.8791123423391605,184971408.02614442,0.7905415854752404,75.74949951171875,74.18066965738932,74.81862920125326,True,True,True,True,False,False,weak_rally,3,0,normal,False,False,surge,False,2.0,,0.02373335100996581,70.61325171573884,True,True,True,True,True,True,True,A,Confirmed Uptrend,79.55,0.0254,0.3889216913014725,0.9538536360667944,0.0022128582135159114,0.0035843939030577587,0.5380205361261553,0.8713525026624069,2026-10-29,False,진입 검토,국면 정합 A등급 · surge D+2,1,0.608,0.854
CHTR,"Charter Communications, Inc.",Communication Services,XLC,19540039680.0,2026-08-24,150.3000030517578,0.0008657180821580734,0.04302565361300781,0.14201050341714083,0.10554259634136942,0.04114865285640379,False,0.10288281648108799,0.09551997187661687,0.09463012209856991,0.07548571320373632,0.953135904145893,1.2424864776799924,1.5653445411936078,2.516087195700667,1.2424864776799924,433975894.432164,0.45992224552270533,149.88250122070312,139.35166714986164,167.60116697947186,True,True,True,False,False,False,accumulation,2,1,normal,False,False,surge,False,3.0,,0.04809189216478674,53.68362458107425,True,True,True,True,False,True,True,A,Confirmed Uptrend,152.47,-0.0142,0.3243709322880878,0.9408024526034724,-0.6085676956903879,-0.5021411623091199,0.008552504940401951,0.8574547390841321,2026-10-30,False,대기,단기 이벤트성(3M 0.01) — 재트리거 또는 중기 추세 형성 대기,1,0.608,0.854
HTHT,H World Group Limited,Consumer Discretionary,XLY,13128190976.0,2026-08-24,48.63999938964844,-0.010577714796129012,0.04355285888681215,0.16280175138644126,0.1256699158295702,0.04366130112996913,True,0.12296171247190957,0.09816383676415263,0.08947538918470777,0.06239070549281167,0.9818328318682606,0.8709264264671998,1.1837551984017565,1.2824969505131056,0.8709264264671998,73529257.56173936,0.8553441616084068,44.009999656677245,43.11916650136312,46.18268404006958,True,True,True,False,False,True,dry_up,3,1,normal,False,False,surge,False,3.0,,0.03213111659623235,67.5345402325074,True,True,True,True,True,True,True,A,Confirmed Uptrend,48.59,0.001,0.1798404843646847,0.9538536360667944,0.004532580642208073,-0.29677773698058385,0.3335695614289863,0.842811501597444,2026-11-17,False,진입 검토,국면 정합 A등급 · surge D+3,1,0.608,0.854
HCA,"HCA Healthcare, Inc.",Health Care,XLV,87161339904.0,2026-08-24,429.239990234375,0.00011647007778470275,0.05990413993263943,0.10168881375112915,0.0665085022162728,0.095211724380595,True,0.06394263289165192,0.15240634870019054,0.030429013093184798,-0.0021557691184823646,1.0,0.9816534424944213,1.0990913643628453,1.4117347780002356,0.9816534424944213,547812125.5192139,0.21682649732189005,410.4459991455078,392.93201344807943,429.64574127197267,True,True,True,False,False,False,weak_rally,2,1,normal,False,False,surge,False,1.0,,0.0267632527838043,63.97158201959885,True,True,True,True,False,True,True,A,Confirmed Uptrend,429.19,0.0001,0.34424798362289105,0.9944216998611353,-0.19031493913993203,-0.34267310121393857,0.17704669320531,0.8266240681576146,2026-10-23,False,진입 검토,국면 정합 A등급 · surge D+1,1,0.608,0.854
A,"Agilent Technologies, Inc.",Health Care,XLV,39080103936.0,2026-08-24,153.42999267578125,-0.03503149260514937,0.03354662061242997,0.11269847962084634,0.07716659559986083,0.1437026359908926,False,0.07457508440289207,0.20342957384469007,0.04072654810943965,0.042024160043512504,0.9649685073948506,2.1449586636966154,1.5558340016201957,1.2678346649710592,2.1449586636966154,271720420.9815338,0.22971638407077183,146.53199996948243,137.36016642252605,126.17745869954427,True,True,True,True,True,False,distribution,3,2,attention,False,False,surge,False,1.0,어닝스20일내,0.02596811573431404,65.09195259297849,True,True,True,True,False,True,True,A,Confirmed Uptrend,159.0,-0.035,0.34971033621218095,0.9944216998611353,0.014282202574676273,0.029199480588104176,0.5776972886162888,0.8046325878594249,2026-08-27,True,대기,어닝스 2026-08-27 — 발표 후 재평가,1,0.608,0.854
CRCL,"Circle Internet Group, Inc.",Financials,XLF,16735070208.0,2026-08-24,87.72000122070312,-0.0029552412628996994,0.17602903240984147,0.3357698137135785,0.2931145760468772,0.02321439174293305,True,0.2900035244078105,0.07664913995770228,0.3050255382640963,-0.043861371015702755,0.9970447587371003,1.2888006730317794,1.454991803419096,2.1887024951390988,1.2888006730317794,973410383.7008606,0.1900059413063599,70.50499992370605,73.06483325958251,90.35841646194459,True,True,False,True,False,False,distribution,4,1,normal,False,False,surge,False,1.0,,0.0637425815184965,69.03360531341637,True,True,True,True,True,True,True,B,Confirmed Uptrend,87.98,-0.003,0.4122875622801627,0.9993134723312326,-0.5975133625736537,-0.06352721197885813,0.17788431201699384,0.7900425985090521,,False,스킵,국면(Confirmed Uptrend) 부정합 B등급 + 중기 근거 부족(3M 0.18),1,0.608,0.854
CG,The Carlyle Group Inc.,Financials,XLF,16566023168.0,2026-08-24,49.13999938964844,-0.004658690443839264,0.012360907762759554,0.06939289261147752,0.03524388914911536,0.0707514680324779,True,0.03275323808243491,0.12666871817733782,0.04477958774665014,0.0005594613300823337,0.9626823849476729,0.7086932933317553,0.9032169062695125,1.1434822651671765,0.7086932933317553,217434958.40456924,0.5806459551916782,48.08775024414062,45.29557342529297,46.49901790618897,True,True,True,False,False,False,dry_up,3,2,normal,False,False,surge,False,1.0,,0.03628413948225018,56.42540505761466,True,True,True,True,False,True,True,A,Confirmed Uptrend,49.37,-0.0047,0.2681706526462705,0.9993134723312326,-0.3672748374435728,-0.15164085029519403,0.15957538170656005,0.767678381256656,2026-10-30,False,진입 검토,국면 정합 A등급 · surge D+1,1,0.608,0.854
ROIV,Roivant Sciences Ltd.,Health Care,XLV,24496795648.0,2026-08-24,36.36000061035156,0.0016529304284325086,0.0033112286514067613,0.0472350038015128,0.013793569864736455,0.17878534668549761,False,0.011354525246706881,0.2403443891576289,-0.020502597489749252,0.07398791617486267,0.9721924900241591,0.8852375992109616,0.922286593850872,1.3969670173372533,0.8852375992109616,205208451.03265762,0.758101831411264,35.4644998550415,33.66883319218953,31.142791589101154,True,True,True,True,True,False,weak_rally,4,2,normal,False,False,acc,False,3.0,,0.03378712322970742,56.57403914434573,True,True,False,True,False,True,True,A,Confirmed Uptrend,37.4,-0.0278,0.3156475317335122,0.9944216998611353,1.521755361149725,0.15851095131571036,0.9236775953483338,0.7634717784877529,,False,스킵,acc D+3 신호 소멸 — 재트리거 전까지 관망,1,0.608,0.854
SAN,"Banco Santander, S.A. Sponsored",Financials,XLF,201546596352.0,2026-08-24,14.720000267028809,0.00891022022490251,0.00891022022490251,0.052180164964527265,0.018580816825361612,0.1295979959242346,True,0.01613025476504215,0.18858835511308825,0.027963030783138,0.055548365857772675,0.9932524001447629,1.5551263736881995,1.9649172975750748,0.8976055504937864,1.5551263736881995,289304069.77311003,0.37500298023508094,14.437999963760376,13.66799996693929,12.660051385561625,True,True,True,True,True,False,accumulation,2,5,interest,True,False,surge,True,0.0,분산5일,0.01829385909367826,60.19057592124817,True,True,True,True,False,True,True,A,Confirmed Uptrend,14.72,0.0,0.34804099908372593,0.9993134723312326,0.21839814636257282,-0.01090157032901562,0.6672912929330896,0.7597976570820021,2026-10-28,False,스킵,점수 후순위 (후보 내 하위 37%) — 우선순위 미달,1,0.608,0.854
BEKE,KE Holdings Inc,Real Estate,XLRE,18725367808.0,2026-08-24,17.709999084472656,-0.0022535727057658717,0.05103849753906764,0.08053689713117995,0.04603203133650102,0.0408315543389548,True,0.04351542551835719,0.09518631370209496,0.09078677700832216,0.06081487572886579,0.9977464272942341,2.423263110892791,1.6683912124759976,1.528815242808097,2.423263110892791,54859008.38498306,0.0,17.104499912261964,16.29499994913737,16.39881402651469,True,True,False,True,False,False,distribution,4,2,attention,False,False,surge,False,1.0,,0.028676288902790604,59.78373807191933,True,True,True,True,False,True,True,B,Confirmed Uptrend,17.75,-0.0023,0.3496373347030153,0.9852206799546813,-0.24892058238499792,-0.11979177434741017,0.23691377218909637,0.7362087326943556,2026-11-10,False,스킵,국면(Confirmed Uptrend) 부정합 B등급 + 중기 근거 부족(3M 0.24),1,0.608,0.854
MSTR,Strategy Inc,Information Technology,XLK,34077014016.0,2026-08-24,122.62999725341797,0.028343792481492436,0.2554258483854668,0.2430815545527223,0.20338613801899563,-0.016263722861146412,False,0.20049096037080982,0.03510938203538405,0.2033830329335724,0.03731688742547923,0.9351075020906077,1.860638529708584,1.820746568554498,2.3110478399418537,1.860638529708584,2286085123.0914655,0.38145520777553116,99.76800003051758,104.87549947102865,128.9445832570394,True,True,False,False,False,False,accumulation,6,2,interest,True,True,surge+acc,True,0.0,,0.052160396947164914,67.96299083834305,True,True,True,True,False,True,True,B,Confirmed Uptrend,122.63,0.0,0.3561407127276817,0.9094630889501736,-0.7690003579098169,-0.3193091105832715,0.020663010484472617,0.7329605963791267,2026-10-30,False,스킵,국면(Confirmed Uptrend) 부정합 B등급 + 중기 근거 부족(3M 0.02),1,0.608,0.854
PGR,Progressive Corporation (The),Financials,XLF,122919583744.0,2026-08-24,223.9199981689453,0.02116015785971692,0.09850864497549128,0.0378198177134772,0.004679039620348879,0.06753338370934037,False,0.002261923279040623,0.123282577651191,0.013933203406772732,-0.0024476647986259037,0.9549641856405343,0.7156445434019776,1.2642570203129402,1.662695680278056,0.7156445434019776,537007238.6328827,0.8261965807767747,213.64349975585938,212.47954584757488,206.72010129292806,True,True,True,True,True,False,weak_rally,5,1,normal,False,False,surge,False,2.0,,0.02121929508665606,61.177043996112786,True,True,True,True,True,True,True,A,Confirmed Uptrend,220.34,0.0162,0.4350106378808353,0.9993134723312326,-0.22186500626140415,-0.034740856518706065,0.3345408985551816,0.7260915867944622,2026-10-14,False,스킵,점수 후순위 (후보 내 하위 33%) — 우선순위 미달,1,0.608,0.854
SYF,Synchrony Financial,Financials,XLF,24659857408.0,2026-08-24,80.0199966430664,0.006920792927080033,-0.009040289249951594,0.06712955426372358,0.03305282615460903,0.07092010071852672,False,0.03056744647705889,0.12684615727306237,0.04256834272881305,0.0007170394745474873,0.9879011931242766,1.243631262809852,1.1963919831055103,1.2428869531415647,1.243631262809852,248877029.75796318,0.24174225784275918,78.53968887329101,75.04921086629231,72.7556295077006,True,True,True,True,True,False,accumulation,2,2,normal,False,False,surge,False,1.0,,0.02238021428528524,57.827235652436684,True,True,True,True,False,True,True,A,Confirmed Uptrend,79.47,0.0069,0.4161044807181648,0.9993134723312326,-0.11868840050914176,-0.02384117892882831,0.4215650965585188,0.7255591054313099,2026-10-14,False,스킵,점수 후순위 (후보 내 하위 31%) — 우선순위 미달,1,0.608,0.854
ECL,Ecolab Inc.,Materials,XLB,78135492608.0,2026-08-24,286.9800109863281,0.018996577107406543,0.040385784499473054,0.05748399227220902,0.02371527661775019,0.052069885385253034,False,0.02125236176994494,0.10701153777360806,0.01426091564510279,0.039572676634910486,1.0,1.14176690006175,1.3134162090066073,1.4180835323779193,1.14176690006175,410338632.85739744,0.8852246556389397,281.5810012817383,273.2019137064616,268.70438321431476,True,True,True,False,True,False,accumulation,4,2,normal,False,False,surge,False,1.0,,0.01867974495979397,60.23789718802362,True,True,True,True,False,True,True,A,Confirmed Uptrend,281.63,0.019,0.3318094874960986,1.0,-0.18372695940169492,-0.18797849358427265,0.24331197712892885,0.7217784877529286,2026-10-27,False,스킵,점수 후순위 (후보 내 하위 30%) — 우선순위 미달,1,0.608,0.854
MT,Arcelor Mittal NY Registry Shar,Materials,XLB,52888485888.0,2026-08-24,72.63999938964844,0.00609421689756684,-0.01571820615367503,0.07787825397459724,0.043458286831280724,0.015446476707233758,False,0.040947873080112496,0.06847556547522848,0.03382159240175464,0.0033843059612637116,0.9660135376858174,0.9763139174376253,1.3240733985448543,1.5223352702646211,0.9763139174376253,108665220.57669449,0.14469352409269098,72.27080993652343,67.82116457621257,62.82878074645996,True,True,True,True,True,False,weak_rally,1,2,normal,False,False,surge,False,3.0,,0.029737976602901128,55.13343704440866,True,True,True,True,False,True,True,A,Confirmed Uptrend,74.59,-0.0261,0.34241340556006544,1.0,0.7319429705031859,-0.07848109746004128,0.7161244468743059,0.7207667731629394,,False,스킵,점수 후순위 (후보 내 하위 28%) — 우선순위 미달,1,0.608,0.854
DVN,Devon Energy Corporation,Energy,XLE,52053086208.0,2026-08-24,48.22999954223633,-0.01771891973363937,0.013874287400593044,0.11746987286257404,0.08178562358326502,0.0494671344628157,False,0.07918299965518583,0.10427286485737497,0.033363045976779526,-0.021564233184119708,0.9782961518989262,0.6957052615640119,1.1005247538206513,1.1042541358746405,0.6957052615640119,494217220.3913069,0.42207723042548817,45.464999771118165,44.12591431935628,45.705925687154135,True,True,True,True,False,False,dry_up,3,0,normal,False,False,surge,False,4.0,,0.02799088522253653,62.4790250795913,True,True,True,True,True,True,True,A,Confirmed Uptrend,47.83,0.0084,0.30731040117227326,0.9899607938878676,0.15990701134380836,-0.04085731394821979,0.6135023605724602,0.7083067092651758,2026-11-05,False,스킵,점수 후순위 (후보 내 하위 27%) — 우선순위 미달,1,0.608,0.854
EXE,Expand Energy Corporation,Energy,XLE,21768300544.0,2026-08-24,96.33000183105469,0.002497715707263648,0.02288291701049916,0.07069668230007986,0.0365060448237855,0.07263101458527998,True,0.034012357188224485,0.12864641922993703,-0.009889741273669594,3.183978071441551e-05,0.9864490434202972,1.3266147052954,1.0237672123963453,2.0114809926600463,1.3266147052954,287632505.0116981,0.7659143817697024,93.98795509338379,90.56095275878906,95.44214967091878,True,True,False,False,False,False,accumulation,2,0,normal,False,False,surge,False,1.0,,0.024659331456523412,60.59039832227574,True,True,False,True,False,True,True,B,Confirmed Uptrend,96.09,0.0025,0.32872493275625014,0.9899607938878676,-0.17095157548631912,-0.17580199162345556,0.2593219547476266,0.7061235356762513,2026-10-28,False,스킵,국면(Confirmed Uptrend) 부정합 B등급 + 중기 근거 부족(3M 0.26),1,0.608,0.854
SQM,Sociedad Quimica y Minera S.A.,Materials,XLB,19154872320.0,2026-08-24,82.33000183105469,0.004514430828637339,0.09627168447180456,0.1968309454182764,0.15861245305561988,-0.013512017043878388,False,0.15582499459069332,0.03800478863392853,0.14791227048651456,-0.025230198909898194,0.978720864751754,1.259727192614467,1.1435902907095425,2.355222741981456,1.259727192614467,72698986.58599472,0.32822814099546244,72.5224998474121,74.14283332824706,78.33773854573568,True,True,False,True,False,False,accumulation,3,0,normal,False,False,surge,False,1.0,,0.032695067837681814,73.34339228669562,True,True,True,True,True,True,True,B,Confirmed Uptrend,81.96,0.0045,0.4285496003019822,1.0,0.30677153545048874,-0.1261318865466532,0.6076235385237453,0.7033546325878595,2026-11-18,False,스킵,점수 후순위 (후보 내 하위 24%) — 우선순위 미달,1,0.608,0.854
HOOD,"Robinhood Markets, Inc.",Financials,XLF,77817438208.0,2026-08-24,103.62000274658203,-0.04170900417454115,0.0765714571073457,0.08332463244704469,0.04873074569139679,0.0828720000466181,False,0.04620764714641168,0.1394222139003849,0.058390672599152316,0.011885444385129063,0.8814972356994126,1.1057891056306937,1.3744946225246617,0.879426423375953,1.1057891056306937,1895457214.470955,0.08020105396537262,94.27749938964844,98.35183372497559,87.4948751449585,True,True,True,True,False,False,distribution,2,2,normal,False,False,surge,False,1.0,,0.05122768991976345,56.81046057791399,True,True,True,False,False,True,True,A,Confirmed Uptrend,108.13,-0.0417,0.3110991021048947,0.9993134723312326,-0.2404795196185201,0.21460779077442305,0.48295023150125577,0.6994142705005325,2026-11-05,False,스킵,점수 후순위 (후보 내 하위 22%) — 우선순위 미달,1,0.608,0.854
MTD,"Mettler-Toledo International, I",Health Care,XLV,28620025856.0,2026-08-24,1398.8900146484375,0.00260886195910226,-0.013073068478203331,0.046846099092271665,0.013417084078750197,0.1814314531509964,False,0.01097894523252374,0.24312868174900193,-0.020866346935807467,0.07639877611373858,0.9680899755352509,0.8946626263838469,1.3490144310101708,0.8752096972176759,0.8946626263838469,258768942.15802002,0.3953625961865041,1415.5205078125,1294.4376708984375,1259.219916788737,False,True,True,True,True,False,weak_rally,1,1,normal,False,False,surge,False,1.0,,0.024805128089226015,54.44741971224167,True,True,False,True,False,True,True,A,Confirmed Uptrend,1395.25,0.0026,0.41337778147511584,0.9944216998611353,-0.11659517271253117,-0.12495289284031252,0.33510652474756963,0.6878061767838125,,False,스킵,점수 후순위 (후보 내 하위 21%) — 우선순위 미달,1,0.608,0.854
TRGP,"Targa Resources, Inc.",Energy,XLE,58033270784.0,2026-08-24,294.260009765625,-0.01618186639626995,0.05871773469405239,0.10460748008832454,0.06933396656237312,0.05782920323453489,False,0.06676129956827448,0.11307162123139625,0.021468746453786602,-0.01376813657265974,0.9735649620037221,0.857995657123741,1.4124699244614556,0.9748498459525176,0.857995657123741,371677221.5346314,0.4608712958867758,274.2764144897461,270.6367479960124,258.62584648132326,True,True,True,True,True,False,dry_up,2,2,normal,False,False,surge,False,2.0,,0.032141161491440765,62.09719498605112,True,True,True,True,False,True,True,A,Confirmed Uptrend,302.25,-0.0264,0.27223154959867985,0.9899607938878676,0.5010862985810554,0.12014618588230919,0.866841161094121,0.6859957401490948,2026-11-05,False,스킵,점수 후순위 (후보 내 하위 19%) — 우선순위 미달,1,0.608,0.854
CF,"CF Industries Holdings, Inc.",Materials,XLB,19232849920.0,2026-08-24,129.24000549316406,-0.0027777823564608672,0.09730010895433638,0.0845375092025411,0.049904891562473574,0.1750069456491985,False,0.04737896818780629,0.2363686708145578,0.04020866053173733,0.16104940605333495,0.9972222176435391,0.8339643405880003,1.1589683092856324,0.981141785516439,0.8339643405880003,292385249.6554924,0.3005304247434666,120.65621910095214,115.220632425944,118.70315742492676,True,True,False,True,False,False,dry_up,4,2,normal,False,False,surge,False,1.0,,0.0402026298906491,63.72309933037964,True,True,True,True,False,True,True,B,Confirmed Uptrend,129.6,-0.0028,0.2718150879274474,1.0,0.25102412214318415,0.2085767793292661,0.8183604130005182,0.6816826411075612,2026-11-05,False,스킵,점수 후순위 (후보 내 하위 18%) — 우선순위 미달,1,0.608,0.854
COIN,"Coinbase Global, Inc.",Financials,XLF,38533771264.0,2026-08-24,179.47999572753906,-0.037589198129344026,0.1921620198561893,0.07158630271144362,0.03736725691981646,0.07829163490943669,False,0.0348714973291846,0.13460265093739876,0.04692251399558556,0.007605340354289503,0.962410801870656,1.3458758693610533,1.5849014659182072,1.432276761906283,1.3458758693610533,1555633645.3972144,0.07207849193565018,156.3964988708496,160.02866592407227,175.76424967447917,True,True,False,False,False,False,distribution,3,1,normal,False,False,surge,False,1.0,,0.05087660856219504,61.737040149254476,True,True,True,True,True,True,True,B,Confirmed Uptrend,186.49,-0.0376,0.28364331365744505,0.9993134723312326,-0.5515770502749003,-0.09257648704238142,0.15980454801729,0.6617678381256655,2026-10-30,False,스킵,국면(Confirmed Uptrend) 부정합 B등급 + 중기 근거 부족(3M 0.16),1,0.608,0.854
LLY,Eli Lilly and Company,Health Care,XLV,1024468123648.0,2026-08-24,1246.9300537109375,-0.006746830124587766,0.053898050719286994,0.042743724867621236,0.00944571127796312,0.03670750009423562,True,0.007017126995647827,0.09084689129800605,-0.02470337003242251,-0.05545879846594315,0.9739054368360912,0.581403312565618,0.9678488336342698,0.9979432768009697,0.581403312565618,3417422466.9756775,0.5119543759596402,1199.468524169922,1169.248272705078,1061.6284378051757,True,True,True,True,True,False,dry_up,1,0,normal,False,False,surge,False,3.0,,0.036416499042769244,58.03213287816033,True,True,False,True,False,True,True,A,Confirmed Uptrend,1280.34,-0.0261,0.29203331917195624,0.9944216998611353,0.4403338407136068,0.039683368970655275,0.8022579487792794,0.6381256656017039,2026-10-29,False,스킵,점수 후순위 (후보 내 하위 15%) — 우선순위 미달,1,0.608,0.854
BJ,"BJ's Wholesale Club Holdings, I",Consumer Staples,XLP,12485917696.0,2026-08-24,98.48999786376953,0.021468572227072658,0.042994784978002576,0.03980148431672936,0.006597425515300959,0.04397640853291418,False,0.004175693807579206,0.09849539984332067,0.014950925480902377,0.0488620965685711,0.9849984995294864,1.551623450493081,1.7211944123570329,0.7056935641375244,1.551623450493081,176370352.7820301,0.48702304658471185,95.62050018310546,91.36983324686686,93.01008326212565,True,True,True,False,False,False,accumulation,2,4,interest,True,False,surge,True,0.0,분산4일,0.026368880320622484,62.2105471747756,True,True,True,True,False,True,True,A,Confirmed Uptrend,98.49,0.0,0.2964019910623892,0.9838065079008816,-0.2552636865735959,-0.13736589801393506,0.2215564401770002,0.6023961661341853,2026-11-20,False,스킵,점수 후순위 (후보 내 하위 13%) — 우선순위 미달,1,0.608,0.854
BSX,Boston Scientific Corporation,Health Care,XLV,69457379328.0,2026-08-24,49.0099983215332,-0.02700021122078422,-0.04705428678364276,0.07690617730354798,0.04251725155749009,0.0014391774359738818,False,0.040009101804721725,0.05373677091249429,0.00724937534268566,-0.0875916651199391,0.9423187829875792,1.0380920177981388,1.0083221998711736,1.5564032160263728,1.0380920177981388,1039205808.0565764,0.14906693961881473,49.39749984741211,46.74833323160807,54.49449993769328,False,True,False,False,False,False,distribution,2,2,normal,False,False,surge,False,1.0,,0.03503657843025964,50.80345538216465,True,True,True,True,False,True,True,B,Confirmed Uptrend,50.37,-0.027,0.31179648822882094,0.9944216998611353,-0.6422191972892279,-0.45343351647678964,0.009183281793693371,0.5635250266240682,2026-10-28,False,스킵,국면(Confirmed Uptrend) 부정합 B등급 + 중기 근거 부족(3M 0.01),1,0.608,0.854
YUM,"Yum! Brands, Inc.",Consumer Discretionary,XLY,42247221248.0,2026-08-24,157.35000610351562,0.028498597645624457,0.08412571837683247,0.06461436302145085,0.03061795270295775,-0.010501036035866496,False,0.0281384309881767,0.0411730104053043,-0.0025202953973213482,0.007256378359620452,0.93945907781308,0.8556163699412416,1.1157485401877436,1.31798859576565,0.8556163699412416,396396650.0486603,0.8202833939897283,150.11749954223632,152.6413335164388,154.4708777109782,True,True,False,False,False,False,weak_rally,5,1,normal,False,False,surge,False,2.0,,0.02705524015292452,59.95093400894198,True,True,False,True,True,True,True,B,Confirmed Uptrend,152.33,0.033,0.25454172651253665,0.9538536360667944,-0.12764198698663143,-0.1741202052528823,0.29311145660704013,0.5485623003194888,,False,스킵,국면(Confirmed Uptrend) 부정합 B등급 + 중기 근거 부족(3M 0.29),1,0.608,0.854
MRVL,"Marvell Technology, Inc.",Information Technology,XLK,168343437312.0,2026-08-24,229.2899932861328,-0.032694904739745345,-0.021508165858145523,0.2120843447984646,0.17337876448913692,-0.2125189294322194,False,0.17055578035754548,-0.17139474952500589,0.17337573683144503,-0.16962764105470274,0.7384460284581912,0.7803321416194625,1.1954955898379813,1.4705741219648558,0.7803321416194625,5096952019.9786215,0.7863451468334327,212.42349853515626,238.74920679728191,186.79908758799235,True,False,True,True,False,False,dry_up,3,2,normal,False,False,surge,False,3.0,어닝스20일내,0.07265282159738705,52.930874578249096,True,True,True,False,False,True,True,B,Confirmed Uptrend,237.27,-0.0336,0.3337939440052293,0.9094630889501736,1.3252005731203327,1.295326755406124,0.9792549816906141,0.5478700745473908,2026-08-28,True,스킵,점수 후순위 (후보 내 하위 9%) — 우선순위 미달,1,0.608,0.854
VALE,VALE S.A.,Materials,XLB,64091787264.0,2026-08-24,15.039999961853027,0.03084302978470621,0.09381817904385659,0.04662387679575297,0.013201958023496774,-0.029312073369611835,False,0.010764336740276104,0.02137961487595641,0.0038446911465228606,-0.040842571313762344,0.9668188037037416,1.94053472276011,1.283983423746232,1.4975090446672241,1.94053472276011,355531284.8023617,0.7058821643749108,14.2262713432312,14.520765209197998,15.12143505414327,True,True,False,False,False,False,accumulation,4,1,interest,True,False,surge,True,0.0,,0.02534549676565985,63.11237256220649,True,True,True,True,True,True,True,B,Confirmed Uptrend,15.04,0.0,0.33369061840536385,1.0,0.3503821654737225,-0.19703740402927694,0.574462307722973,0.5308306709265176,2026-10-30,False,스킵,상관 클러스터 중복 — 대표: AEM·WPM,1,0.608,0.854
TSLA,"Tesla, Inc.",Consumer Discretionary,XLY,1229138690048.0,2026-08-24,348.95001220703125,-0.03833427136104406,0.02844098072868384,0.12848460911159232,0.0924486254333512,-0.15737791036276294,False,0.08982034782384463,-0.11337413210933844,0.05732228837365394,-0.14225632846182212,0.8204797136671826,1.1215880152131072,1.1137246193121735,1.4359395244775048,1.1215880152131072,11515530034.75233,0.04606163825418039,330.1284973144531,372.29349822998046,382.32791595458986,True,False,False,False,False,False,distribution,2,1,normal,False,False,surge,False,1.0,,0.03424969438695221,51.35058103278162,True,True,True,False,False,True,True,B,Confirmed Uptrend,362.86,-0.0383,0.49638611897358786,0.9538536360667944,-0.16814522497180606,-0.28081914769020955,0.21077058880479288,0.5154419595314164,2026-10-22,False,스킵,국면(Confirmed Uptrend) 부정합 B등급 + 중기 근거 부족(3M 0.21),1,0.608,0.854
TKO,"TKO Group Holdings, Inc.",Communication Services,XLC,34748669952.0,2026-08-24,193.4199981689453,0.0014497192719360452,-0.008814190971009994,0.057749084126361705,0.023971903273837913,-0.12422404673719867,False,0.021508371018423178,-0.07848889295829775,0.013864588497541463,-0.09534097449249512,0.8959606901711009,1.7514596927459385,0.9412562152237052,2.102623487601326,1.7514596927459385,221706634.12963867,0.19476677134898246,190.77849884033202,194.15260594685873,193.25175336201985,True,False,True,False,False,False,accumulation,3,0,interest,True,False,surge,True,0.0,,0.028546318073007663,51.940786405287575,True,True,True,False,True,True,True,B,Confirmed Uptrend,193.42,0.0,0.33780699857688096,0.9408024526034724,-0.15308568931566668,-0.1879804363293679,0.26598759631648183,0.5072949946751864,,False,스킵,국면(Confirmed Uptrend) 부정합 B등급 + 중기 근거 부족(3M 0.27),1,0.608,0.854
DOW,Dow Inc.,Materials,XLB,21879701504.0,2026-08-24,31.440000534057617,-0.028129767634809788,0.00319082262229875,0.09356523596722144,0.058644335251144764,-0.09892401994898203,False,0.05609738600520853,-0.0518676371371779,0.04886739246664251,-0.10962761937621335,0.928803602697177,0.9234964159144352,1.0151051359310967,1.350629374451213,0.9234964159144352,273830221.79363966,0.21290451192770285,30.701000118255614,30.891166814168294,34.236425177256265,True,True,False,True,False,False,dry_up,1,1,normal,False,False,surge,False,2.0,,0.03292893752805004,53.36123691405153,True,True,True,True,False,True,True,B,Confirmed Uptrend,32.9,-0.0444,0.3341909877972847,1.0,0.12755413449865327,-0.07532044978769326,0.5535448451817555,0.5062300319488817,2026-10-22,False,스킵,상관 클러스터 중복 — 대표: PR·DVN,1,0.608,0.854
LEN,Lennar Corporation,Consumer Discretionary,XLY,19837714432.0,2026-08-24,88.16000366210938,0.01310051784670807,0.018719698745593094,0.03668864902390134,0.0035839926253939947,-0.09974731746029597,False,0.0011695108130065357,-0.05273392925018805,-0.02868501185863137,-0.0835915047442698,0.9448722036146552,1.5076775249147614,1.1616937363319255,0.954353073518868,1.5076775249147614,204285480.44960174,0.42774800996670415,86.1754997253418,87.07577679951986,88.53364435831706,True,True,True,False,False,False,accumulation,2,2,interest,True,False,surge,True,0.0,어닝스20일내,0.03159840358338226,54.36076901735319,True,True,False,True,False,True,True,A,Confirmed Uptrend,88.16,0.0,0.3347087710612345,0.9538536360667944,-0.43123402052900695,-0.32333227044273405,0.057246017779752044,0.47476038338658144,2026-09-18,True,스킵,점수 후순위 (후보 내 하위 1%) — 우선순위 미달,1,0.608,0.854
U,Unity Software Inc.,Information Technology,XLK,13842525184.0,2026-08-24,46.15999984741211,-0.0164074249468682,0.015621541750371115,0.5164257239669316,0.4680015875658534,0.6657034099655992,True,0.4644697823958035,0.7526904998953861,0.46799779969578714,0.7564283403524787,0.9798344141237242,0.7156792909373426,0.7805332354181941,5.0,0.7156792909373426,535853447.0201958,0.22222269317170348,40.963500308990476,33.048499997456865,28.3403333346049,True,True,True,True,True,False,dry_up,1,0,normal,False,False,,False,5.0,,0.045883882961847984,75.0870510470301,True,True,True,True,False,True,False,,Confirmed Uptrend,45.45,0.0156,0.31897343316681864,0.9094630889501736,-0.3289372159596071,0.5347576944890986,0.4580244087178874,0.9873269435569755,,False,,,1,0.608,0.854
GWRE,"Guidewire Software, Inc.",Information Technology,XLK,12649972736.0,2026-08-24,191.88999938964844,0.014271351093609663,0.11570436223560288,0.28543676955241915,0.24438882076074786,0.5605096556349376,True,0.24139499642980633,0.6420032714484638,0.2443856098765056,0.6455050569942089,1.0,1.37562959484719,0.9297998973596088,2.8591500795837685,1.37562959484719,192570037.73344725,0.7851901698206442,170.75099868774413,145.28149973551433,144.29533303578694,True,True,True,True,True,False,accumulation,3,0,normal,False,False,,False,58.0,,0.04118245772366421,71.00827850494076,True,True,True,True,True,True,False,,Confirmed Uptrend,171.42,0.1194,0.36682683368047225,0.9094630889501736,-0.4482285310724101,0.038932972858561676,0.3049372127590508,0.9729499467518637,,False,,,1,0.608,0.854
CRL,Charles River Laboratories Inte,Health Care,XLV,11199477760.0,2026-08-24,298.5799865722656,0.011484075012101025,0.04165493759994554,0.3311635421751087,0.2886553969229939,0.5302768816086578,True,0.28555507344118336,0.6101916683117212,0.2450607811463037,0.3942308358944495,1.0,0.7990766364690168,0.8994454553023311,2.5016744682744503,0.7990766364690168,263105473.50151366,0.9486382327451088,267.34049835205076,227.545499420166,197.8730833689372,True,True,True,True,True,False,weak_rally,4,1,normal,False,False,,False,5.0,,0.04048329449218913,77.4166701402693,True,True,True,True,True,True,False,,Confirmed Uptrend,286.64,0.0417,0.3177506203727118,0.9944216998611353,0.2472153947015776,0.2728528669223591,0.8279368767547681,0.9682108626198083,,False,,,1,0.608,0.854
NEM,Newmont Corporation,Materials,XLB,98741501952.0,2026-08-24,131.83999633789062,0.001975942416916565,0.0956535721074463,0.4105059871197343,0.36546419362117377,0.3021098668569151,True,0.3621790789868322,0.37010921620632,0.3528536644275768,0.2866425114577702,1.0,0.8561615587002293,1.1192533900359658,2.9346234539600506,0.8561615587002293,850075217.0316575,0.5877180067192247,111.24200057983398,102.36750005086263,106.79026972452799,True,True,True,False,False,False,weak_rally,3,0,normal,False,False,,False,138.0,,0.039008314591901946,76.08484234630777,True,True,True,True,True,True,False,,Confirmed Uptrend,116.34,0.1332,0.29897904215809823,1.0,0.14305546239244826,-0.30802350604923745,0.4336929148656268,0.9661874334398297,,False,,,1,0.608,0.854
DASH,"DoorDash, Inc.",Consumer Discretionary,XLY,85470584832.0,2026-08-24,229.05999755859375,0.024922779222894764,0.07681457429542515,0.24239303370920418,0.2027196037632244,0.4281493090484627,True,0.1998260297026302,0.5027307451169207,0.1640476395110526,0.45377868312865766,1.0,0.8586816413992767,1.0850704911738929,3.948830822476685,0.8586816413992767,955797526.5635986,0.9006950558150881,210.7115005493164,186.95983403523763,175.68695844014485,True,True,True,True,True,False,weak_rally,4,1,normal,False,False,,False,11.0,,0.03629211212468405,73.17004190075241,True,True,True,True,True,True,False,,Confirmed Uptrend,216.26,0.0592,0.5551809935304255,0.9538536360667944,-0.4000765085026371,-0.03537276794397981,0.2476996235613037,0.9653887113951011,,False,,,1,0.608,0.854
SAP,SAP  SE,Information Technology,XLK,211934986240.0,2026-08-24,218.66000366210938,-9.140760170733842e-05,0.05205931252341056,0.27863873858769517,0.23780787182878815,0.28791034332495347,True,0.23482988033458096,0.3551681589637077,0.2378046779253038,0.35805823132448134,0.9999085923982927,0.7360807996400223,0.7394414261876163,3.3117235911389815,0.7360807996400223,572955604.6681824,0.5569842856023199,202.28600006103517,176.44116643269857,175.15148315429687,True,True,True,True,True,False,dry_up,0,0,normal,False,False,,False,18.0,,0.02494903485583803,75.91579602692903,True,True,True,True,False,True,False,,Confirmed Uptrend,185.99,0.1757,0.5126093927003295,0.9094630889501736,-0.4856314821536606,-0.23983859909740401,0.0735945054757308,0.9586794462193824,,False,,,1,0.608,0.854
EXPE,"Expedia Group, Inc.",Consumer Discretionary,XLY,35375304704.0,2026-08-24,339.125,0.054394785472710705,0.06475667189952894,0.21825270664403318,0.17935015157315948,0.45492227955247055,True,0.17651280112483203,0.5309018653629451,0.14142960320949527,0.4810321177353596,1.0,0.9450974677247562,0.7362487476973694,2.8357501856320773,0.9450974677247562,519259005.6510986,0.8879706168410321,315.37475128173827,272.1757489522298,254.1108200073242,True,True,True,True,True,False,weak_rally,0,1,normal,False,False,,False,13.0,,0.03801377903924885,69.20991473659888,True,True,True,True,False,True,False,,Confirmed Uptrend,319.66,0.0609,0.34581960225698083,0.9538536360667944,0.08528863194707803,0.27212132917005816,0.7363878970118399,0.9566560170394037,,False,,,1,0.608,0.854
GKOS,Glaukos Corporation,Health Care,XLV,9833801728.0,2026-08-24,185.64999389648438,0.004110522523364191,0.000161613942926353,0.2221051242248815,0.18307954961440176,0.4400226786639525,True,0.1802332267593718,0.5152241710187413,0.1430565158989099,0.3120004929238993,0.9794249058692522,0.6488788174356542,0.6225526170519686,2.6477243795620438,0.6488788174356542,166438672.80584106,0.7662076036189437,177.51749954223632,151.2893332163493,135.23983313242596,True,True,True,True,True,False,weak_rally,0,0,normal,False,False,,False,17.0,,0.032861383451532444,68.00496631399763,True,True,True,True,False,True,False,,Confirmed Uptrend,168.52,0.1016,0.3155413446024765,0.9944216998611353,0.45501499254675704,0.17165464265252406,0.8806610741886066,0.9523429179978701,,False,,,1,0.608,0.854
GFI,Gold Fields Limited,Materials,XLB,28997048320.0,2026-08-24,47.33000183105469,-0.010039730777010147,0.1404819718326431,0.4381647538894322,0.39223973091673847,0.2707139669701979,True,0.38889019810883885,0.33707374594318784,0.37938192047159536,0.2556195536353012,0.9899602692229899,0.8925682597673258,1.0570408548377779,2.2289349734076778,0.8925682597673258,149551555.52763367,0.4102581031679077,39.154500007629395,36.3,40.54528512954712,True,True,True,False,False,False,dry_up,3,0,normal,False,False,,False,8.0,,0.04462588841303396,75.76335212698514,True,True,True,True,True,True,False,,Confirmed Uptrend,40.73,0.162,0.33572985120084775,1.0,-0.05396235832946161,-0.45747263148379747,0.261591521302102,0.9507987220447284,,False,,,1,0.608,0.854
PTC,PTC Inc.,Information Technology,XLK,15847394304.0,2026-08-24,154.30999755859375,-0.002392003715458113,0.0570626255298845,0.23240954146552495,0.1930549151262939,0.2562752254830878,True,0.19018459294606815,0.3218809782010448,0.19305183669842352,0.3247000613192994,0.9976079962845419,0.6289885709657733,0.6570424702343783,3.5932303250893507,0.6289885709657733,205134599.7556076,0.4332689563725985,145.5155002593994,130.95266698201496,137.76158383687337,True,True,True,False,False,False,dry_up,0,0,normal,False,False,,False,17.0,,0.0348359062478016,67.02125597150572,True,True,True,True,False,True,False,,Confirmed Uptrend,136.3,0.1321,0.3873363529787182,0.9094630889501736,-0.5243155093959007,-0.2784150610157956,0.05076876640868372,0.949733759318424,,False,,,1,0.608,0.854
KSPI,Joint Stock Company Kaspi.kz - ,Information Technology,XLK,16870620160.0,2026-08-24,106.45999908447266,0.008621468559016687,0.07481065930752973,0.23103601933356255,0.1917252537796088,0.2741593191351932,True,0.18885813057740752,0.34069902279154674,0.19172217878265085,0.3435582378374855,1.0,0.9691345477419512,1.0169614020823452,2.8691289174763925,0.9691345477419512,57443852.805080414,0.5266672770182291,95.56650047302246,88.92576586405436,83.70608234405518,True,True,True,True,True,False,weak_rally,4,1,normal,False,False,,False,,,0.031345783661995766,79.6372636996692,True,True,True,True,True,True,False,,Confirmed Uptrend,,,0.3200322391703941,0.9094630889501736,-0.16565638857056397,0.14746896083646965,0.5179167734476887,0.9496805111821087,,False,,,1,0.608,0.854
REGN,"Regeneron Pharmaceuticals, Inc.",Health Care,XLV,78516568064.0,2026-08-24,828.5,-0.006642341102697236,0.029205344228913965,0.2432625119021843,0.20356131684384238,0.30744326188466475,True,0.20066571774006392,0.37572113411523467,0.16284539442053392,0.19120777018194013,0.985324168139786,0.822272507233161,0.8772714524226622,3.702453744143572,0.822272507233161,636315954.4994873,0.451768671106574,784.0861419677734,685.4916269938151,706.3693689982097,True,True,True,True,False,False,dry_up,0,1,normal,False,False,,False,8.0,,0.023758241162924278,73.5793779393936,True,True,True,True,False,True,False,,Confirmed Uptrend,797.06,0.0394,0.31096779318406503,0.9944216998611353,-0.06336933430165048,-0.23318720216851452,0.30181704282061356,0.9494675186368478,,False,,,1,0.608,0.854
INTU,Intuit Inc.,Information Technology,XLK,86456836096.0,2026-08-24,369.9200134277344,0.007956439857586872,0.10226462067951436,0.21720249077097065,0.1783334723223553,0.2932857225936458,True,0.17549856786118823,0.3608242536329058,0.17833043188007958,0.3637263883512294,1.0,0.8486138459204401,0.962162024885981,2.654641471575212,0.8486138459204401,1245422923.6473985,0.6116756773503943,337.5790023803711,301.7270637512207,351.70813891092934,True,True,True,False,False,False,weak_rally,3,0,normal,False,False,,False,114.0,,0.03568917987347033,69.00518756994909,True,True,True,True,True,True,False,,Confirmed Uptrend,437.16,-0.1538,0.30328713084648706,0.9094630889501736,-0.6346727872071452,-0.2372127767504838,0.0554053977094759,0.948562300319489,,False,,,1,0.608,0.854
IT,"Gartner, Inc.",Information Technology,XLK,10111074304.0,2026-08-24,202.77999877929688,0.03511998518207182,0.1316479491962972,0.37524586623407385,0.33133003682086226,0.3134052737196904,True,0.32812704416273886,0.38199449673249,0.33132660160305494,0.38494177974775967,1.0,0.7993267988184458,0.7164491112313444,1.7901857366027119,0.7993267988184458,289215675.81505585,0.9729722794489615,179.51550064086913,154.81250012715657,155.08491649627686,True,True,True,True,False,False,weak_rally,1,2,normal,False,False,,False,10.0,,0.045279542552366964,71.40459256768703,True,True,True,True,False,True,False,,Confirmed Uptrend,193.17,0.0497,0.28557779778379433,0.9094630889501736,-0.5114892532156581,-0.10972187884349993,0.15109645600906643,0.9459531416400425,,False,,,1,0.608,0.854
FNV,Franco-Nevada Corporation,Materials,XLB,41062801408.0,2026-08-24,270.1300048828125,0.016519962405980415,0.13233571280727685,0.2597584951245595,0.2195305325964989,0.252285031773575,True,0.2165965138075956,0.31768240685541116,0.20826775071204207,0.23740952998951537,1.0,0.7805433877629795,1.1024147275447382,2.654033501136009,0.7805433877629795,193899484.58840942,0.9924441088832151,234.44850158691406,220.59465001424152,231.34855486551922,True,True,True,False,False,False,weak_rally,3,2,normal,False,False,,False,8.0,,0.03280298247261922,75.91240315776795,True,True,True,True,False,True,False,,Confirmed Uptrend,235.94,0.1449,0.30832042676527033,1.0,0.007981436889475058,-0.269232006320098,0.34508756043805844,0.943237486687966,,False,,,1,0.608,0.854
TOST,"Toast, Inc.",Financials,XLF,18716600320.0,2026-08-24,36.709999084472656,0.0019104720521363472,0.06963867747379004,0.1903371888080938,0.15232606206241206,0.43307534246036083,True,0.149553727769284,0.5079140279940202,0.16294021214731913,0.3391315683482863,1.0,0.7599284265898837,0.7698049338825208,2.056225813783968,0.7599284265898837,334489463.3787487,0.5161294292095564,34.418000030517575,29.699333286285402,28.294166580835977,True,True,True,True,True,False,weak_rally,0,1,normal,False,False,,False,13.0,,0.033970891678419636,70.29923110051504,True,True,True,True,False,True,False,,Confirmed Uptrend,34.8,0.0549,0.37686943035284576,0.9993134723312326,-0.4201070644399397,0.06406906146402203,0.33010313622980414,0.9400958466453675,,False,,,1,0.608,0.854
TEAM,Atlassian Corporation,Information Technology,XLK,25634359296.0,2026-08-24,171.3300018310547,-0.002793759003316243,0.0820386875937773,0.7871075093628592,0.7300396712030093,0.8512894629161281,False,0.7258774392906597,0.9479683086417772,0.7300352071986516,0.9521226044250943,0.9795323208730216,0.46533482777382,0.8027417675936946,3.448356999656311,0.46533482777382,780259198.9387176,0.440885896339905,139.64925003051758,106.57958323160807,91.20433343251547,True,True,True,True,True,False,dry_up,2,0,normal,False,False,,False,10.0,과열,0.059721473634290936,76.05448942959414,True,True,True,True,False,False,False,,Confirmed Uptrend,151.87,0.1281,0.2883574282183254,0.9094630889501736,-0.5509681581992993,0.15983383777019555,0.35639940088727917,0.9361554845580404,,False,,,1,0.608,0.854
MANH,"Manhattan Associates, Inc.",Information Technology,XLK,11156301824.0,2026-08-24,213.17999267578125,-0.006431790168321738,0.08505110882707778,0.33831377777036975,0.2955773035086027,0.46462181245344114,True,0.2924603268939392,0.5411079315012766,0.2955739605432215,0.5443945446114953,0.9935682098316783,1.0561755244579039,0.9049068452040773,1.566299130837351,1.0561755244579039,216000954.33013,0.4560778130463464,196.53700103759766,164.27299944559732,150.55299994150798,True,True,True,True,True,False,distribution,3,2,normal,False,False,,False,12.0,,0.03373007351941805,71.86682904190971,True,True,True,True,False,True,False,,Confirmed Uptrend,190.63,0.1183,0.2822990218351106,0.9094630889501736,-0.39258503013154744,0.07090237938372845,0.3459083220857323,0.9359957401490949,,False,,,1,0.608,0.854
ABNB,"Airbnb, Inc.",Consumer Discretionary,XLY,89927868416.0,2026-08-24,190.2100067138672,0.01553659164279475,0.060906987766500054,0.2951791224523532,0.2538200703746867,0.4008738354971739,True,0.2508035557848052,0.47403087989032633,0.21350503369575446,0.42601372762304424,1.0,1.0089340815781824,0.8889679680718431,1.6486311388512158,1.0089340815781824,964174228.6154732,0.34126406035452705,171.14425048828124,151.18925018310546,142.56312522888183,True,True,True,True,True,False,accumulation,3,2,normal,False,False,,False,9.0,,0.0380203485887182,73.4570586948649,True,True,True,True,False,True,False,,Confirmed Uptrend,184.98,0.0283,0.2702927058701262,0.9538536360667944,-0.05062526616644758,0.05412157002666729,0.5412589340121758,0.9349307774227901,,False,,,1,0.608,0.854
CTSH,Cognizant Technology Solutions ,Information Technology,XLK,24932087808.0,2026-08-24,62.20000076293945,0.005333794031870065,0.10518830661136214,0.32974943600041007,0.2872864475068537,0.17824307594406874,True,0.28418941752463245,0.23977379971704327,0.28728312593428673,0.2424177785977999,1.0,0.4405249269612165,0.5835557101467512,2.253656430242705,0.4405249269612165,529942464.6608246,0.7806119867186192,57.286636161804196,49.715339279174806,53.18395055135091,True,True,True,False,False,False,weak_rally,0,2,normal,False,False,,False,14.0,,0.03713783310646328,73.4178098772985,True,True,True,True,False,True,False,,Confirmed Uptrend,55.8,0.1146,0.38246574863570953,0.9094630889501736,-0.4470332362672018,-0.31220563777832366,0.05765560130529121,0.9289669861554846,,False,,,1,0.608,0.854
HALO,"Halozyme Therapeutics, Inc.",Health Care,XLV,9790317568.0,2026-08-24,108.63999938964844,0.004345023838948858,0.054757275627654645,0.33333327090988196,0.2907558395473133,0.4804434574391947,True,0.2876504626962264,0.5577558213316882,0.24709016676858275,0.3488277474270636,1.0,0.8507822878089123,0.7579932489766403,1.5201539910294375,0.8507822878089123,239673116.53651658,0.7937219884361422,95.76700057983399,81.45216687520345,73.75825036366781,True,True,True,True,True,False,weak_rally,1,2,normal,False,False,,False,11.0,,0.0363980599700029,78.76562663100549,True,True,True,True,False,True,False,,Confirmed Uptrend,103.12,0.0535,0.25382479106314515,0.9944216998611353,-0.026737355007736552,0.06541740818233821,0.5696662167626272,0.9286474973375931,,False,,,1,0.608,0.854
NOW,"ServiceNow, Inc.",Information Technology,XLK,114996477952.0,2026-08-24,128.0500030517578,-0.0033467675130773866,0.0879354831934871,0.2130542441579768,0.17431769197964275,0.19732189619087737,True,0.1714924489206815,0.2598489624355278,0.17431466189924572,0.26253575421188446,0.9868979040597905,0.4390118859224848,0.7691781123341138,2.5476050989911765,0.4390118859224848,2434629603.2948074,0.17322976553066485,121.06500015258788,110.6483336130778,105.67575016021729,True,True,True,True,True,False,dry_up,0,0,normal,False,False,,False,18.0,,0.044257253967885136,61.8030498483609,True,True,True,True,False,True,False,,Confirmed Uptrend,115.76,0.1062,0.3930307588570729,0.9094630889501736,-0.5209122496359233,-0.09980625665304654,0.15812247640851287,0.9277955271565494,,False,,,1,0.608,0.854
EMBJ,Embraer S.A.,Industrials,XLI,12159887360.0,2026-08-24,76.26000213623047,0.004081701125011827,-0.01153596075237795,0.12163560129875894,0.08581832750079688,0.3147522382741983,True,0.08320600145477308,0.3834118030574081,0.14795328902219218,0.3314598231200987,0.9808360403373694,0.8036804461531544,0.8856350521032149,2.566293229930832,0.8036804461531544,99386522.82110444,0.9006236198383137,73.01950035095214,65.50292072296142,63.509583473205566,True,True,True,True,True,False,weak_rally,3,1,normal,False,False,,False,6.0,,0.03364431121120072,64.50595847379643,True,True,True,True,True,True,False,,Confirmed Uptrend,75.38,0.0117,0.3764227720323566,0.9597340907832117,-0.015030326066457156,-0.17433161236375427,0.3746142499985763,0.9246538871139509,,False,,,1,0.608,0.854
IQV,"IQVIA Holdings, Inc.",Health Care,XLV,38684291072.0,2026-08-24,260.239990234375,0.0016164379120817696,0.07875967629154013,0.22052335026957293,0.18154828656546806,0.38534286740200496,True,0.17870564771377895,0.45768884680585087,0.1415770547703581,0.2621818752093361,1.0,0.7387647327417117,0.864157565497998,1.737521656224462,0.7387647327417117,365406217.06465757,0.7307041830048984,242.22149963378905,209.37516657511392,189.61316630045573,True,True,True,True,True,False,weak_rally,2,0,normal,False,False,,False,18.0,,0.029972341894185982,72.82661914800585,True,True,True,True,False,True,False,,Confirmed Uptrend,247.56,0.0512,0.2956325260891733,0.9944216998611353,-0.0453543468952009,0.17747033447619054,0.6147604972863383,0.9224174653887114,,False,,,1,0.608,0.854
ADBE,Adobe Inc.,Information Technology,XLK,99537977344.0,2026-08-24,276.2699890136719,0.0035234335768754566,0.08750589007653131,0.16201888123521302,0.1249120451296093,0.2170043650831308,True,0.12220566510216813,0.28055929780228483,0.12490914253011698,0.2832902570625291,1.0,0.7008742243448532,0.8439134102085826,2.9131427012864974,0.7008742243448532,1284166666.2198257,0.5256283805281579,262.3944953918457,236.52266515096028,242.46374944051107,True,True,True,True,False,False,weak_rally,1,0,normal,False,False,,False,18.0,,0.036360647410304335,62.94053427202366,True,True,True,True,False,True,False,,Confirmed Uptrend,263.43,0.0487,0.3425356336484788,0.9094630889501736,-0.4581835788247155,-0.1617213965280575,0.12452432614056369,0.9217252396166133,,False,,,1,0.608,0.854
FIG,"Figma, Inc.",Information Technology,XLK,12850118656.0,2026-08-24,27.440000534057617,0.01254613091519996,0.09803924711399992,0.19616390127450622,0.15796670968253235,0.3675190708888685,True,0.15518080478526075,0.4389342482178056,0.1579637217924139,0.44200296265906336,0.9747780073145974,0.38235100639389574,0.5661744003439896,1.631452809057697,0.38235100639389574,555913525.6703167,0.8350519112789051,25.504500102996825,22.59433348973592,22.184916734695435,True,True,True,False,True,False,weak_rally,0,0,normal,False,False,,False,13.0,,0.06840898677756006,59.84978386164908,True,True,True,True,False,True,False,,Confirmed Uptrend,28.15,-0.0252,0.33540748512372853,0.9094630889501736,-0.7530767389920968,-0.21612602342885523,0.060069364951905825,0.9191693290734824,,False,,,1,0.608,0.854
RGLD,"Royal Gold, Inc.",Materials,XLB,16833290240.0,2026-08-24,263.75,0.018300413326358234,0.11465643412500359,0.3120584737552554,0.27016041208619557,0.2456476206422673,True,0.2671045849343754,0.3106983739452649,0.2584300459352631,0.23085096258676807,1.0,1.3543625298308237,1.019065947261974,1.6809059881567945,1.3543625298308237,177314513.69996643,0.8914026107929961,225.5849983215332,211.1079226175944,228.68030471801757,True,True,True,False,False,False,accumulation,2,3,normal,False,False,,False,148.0,분산3일,0.03148544611120515,76.95863175981025,True,True,True,True,False,True,False,,Confirmed Uptrend,278.37,-0.0525,0.2799761507016834,1.0,-0.013299582766762463,-0.35003129129079946,0.3045424362018987,0.9177848775292864,,False,,,1,0.608,0.854
WDAY,"Workday, Inc.",Information Technology,XLK,39599726592.0,2026-08-24,199.14999389648438,-0.0042997881804459626,0.04168846911831037,0.3498034631888678,0.30670008794071024,0.47053617553276106,True,0.30355635147245064,0.5473311570287256,0.306696716275318,0.5506310419768139,0.9646403334479683,0.6117063712199896,0.7209949908928912,1.354368292161595,0.6117063712199896,929182806.2554443,0.1513650401925512,181.27999877929688,150.59833234151205,139.18424943288167,True,True,True,True,True,False,dry_up,1,2,normal,False,False,,False,7.0,,0.0566564694761053,66.15387342038923,True,True,True,True,False,True,False,,Confirmed Uptrend,206.45,-0.0354,0.25746425172416243,0.9094630889501736,-0.4941137916145605,-0.037817330523133075,0.2233255311999909,0.9149094781682641,,False,,,1,0.608,0.854
BDX,"Becton, Dickinson and Company",Health Care,XLV,45635002368.0,2026-08-24,190.74000549316406,-0.006562471389770508,0.047504032781802374,0.20022657746567174,0.16189965213011592,0.24766324645125426,True,0.15910428512695285,0.3128192606443132,0.12259312454591553,0.13674237121447264,0.9934375286102295,0.6671367022382327,0.9759190310719635,2.171845605924998,0.6671367022382327,348587494.7456589,0.14179325423034003,178.0770004272461,159.77961908976238,156.22005335489908,True,True,True,True,True,False,dry_up,3,1,normal,False,False,,False,12.0,,0.023749605424923458,75.55521300203162,True,True,True,True,True,True,False,,Confirmed Uptrend,177.07,0.0772,0.38145246318443077,0.9944216998611353,-0.11844183402632669,-0.21032324869985153,0.2756679366489553,0.9108626198083067,,False,,,1,0.608,0.854
CIB,Grupo Cibest S.A.,Financials,XLF,21951778816.0,2026-08-24,101.81999969482422,0.0038450102383420504,0.05469234233710929,0.15796655682293714,0.12098912389678396,0.23430003904617136,True,0.11829218186560175,0.29875819399409576,0.13131462741207645,0.15338677467055062,1.0,0.5149538193855515,0.647630671945997,2.4773309628626254,0.5149538193855515,29009448.96949196,0.6075936531237023,94.44200019836425,83.89886665344238,75.87134647369385,True,True,True,True,True,False,weak_rally,2,1,normal,False,False,,False,,,0.03297836142754349,74.29174447334374,False,True,True,True,False,True,False,,Confirmed Uptrend,,,0.2483835884868587,0.9993134723312326,0.5199119090986033,0.016191823420319995,0.7969960078135233,0.9096379126730565,,False,,,1,0.608,0.854
MPC,Marathon Petroleum Corporation,Energy,XLE,92389187584.0,2026-08-24,362.5199890136719,0.004989986102454713,0.014888089007639937,0.16379903236324078,0.12663535055812436,0.3433866057433854,True,0.12392482450041076,0.41354152695272894,0.07620522234482263,0.2524618070993856,0.9926343678860244,0.8827055317806332,0.971343468659508,1.9177128772306404,0.8827055317806332,799998087.9954453,0.4757883172286184,331.4673477172852,292.47996419270834,264.14695053100587,True,True,True,True,True,False,weak_rally,3,2,normal,False,False,,False,10.0,,0.03339147774361908,72.85363619275304,True,True,True,True,False,True,False,,Confirmed Uptrend,319.45,0.1348,0.29850746561224706,0.9899607938878676,0.6171005066599318,0.4788544373013215,0.9361047422163753,0.9052183173588924,,False,,,1,0.608,0.854
CDE,"Coeur Mining, Inc.",Materials,XLB,15365269504.0,2026-08-24,20.8799991607666,-0.004291852910580429,0.0813050097486161,0.35937497574680743,0.3159659526701115,0.2271351273050557,True,0.3127999238356629,0.2912191131072399,0.3038125566737533,0.21255837336138228,0.9891046213673639,0.9931218087170418,1.0473796368246446,1.4937859759535614,0.9931218087170418,704098823.4561852,0.5024141324418857,17.829499816894533,16.957333294550576,18.053009502092998,True,True,True,False,False,True,dry_up,2,2,normal,False,False,,False,6.0,,0.05762521500900216,66.95064739340583,True,True,True,True,False,True,False,,Confirmed Uptrend,18.81,0.11,0.2971527923183216,1.0,0.10411997249759675,-0.4304519164506547,0.3815805869254469,0.9021831735889245,,False,,,1,0.608,0.854
PAYX,"Paychex, Inc.",Industrials,XLI,41557983232.0,2026-08-24,126.01000213623047,0.012291120967516056,0.06301671303365608,0.10254616437850483,0.06733847500174872,0.23620727286581245,True,0.06477060887944086,0.30076502821005824,0.12841594385161015,0.2519167254130361,1.0,0.8307815970937492,0.8637000073150664,2.8819201012014175,0.8307815970937492,334355024.0466625,0.5636384373757333,120.67900047302246,108.85757128397624,99.82074578603108,True,True,True,True,True,False,weak_rally,0,0,normal,False,False,,False,19.0,,0.024975331636299718,66.47968273927441,True,True,True,True,False,True,False,,Confirmed Uptrend,118.87,0.0601,0.31955589457918016,0.9597340907832117,-0.2788910250894402,0.20893584213478356,0.45301099702152137,0.9018104366347179,,False,,,1,0.608,0.854
CRM,"Salesforce, Inc.",Information Technology,XLK,150712385536.0,2026-08-24,209.05999755859375,-0.0005258909562293468,0.09472690067684564,0.20426261640759247,0.16580680793773284,0.21057833878401344,True,0.16300204086770465,0.2737976887552258,0.16580379981788584,0.27651422800471925,0.9994741090437707,0.68246942764584,0.997056173880712,1.6744558148474995,0.68246942764584,2395702562.977051,0.24493552257763565,194.3390007019043,177.16375935872395,180.02812118530272,True,True,True,True,False,False,dry_up,3,2,normal,False,False,,False,58.0,,0.0362131195182918,66.04173184101714,True,True,True,True,False,True,False,,Confirmed Uptrend,209.06,-0.0,0.34509039488149235,0.9094630889501736,-0.4288781492172308,-0.15186667243497387,0.13818865216722764,0.9012247071352502,,False,,,1,0.608,0.854
DOCU,"DocuSign, Inc.",Information Technology,XLK,10469492736.0,2026-08-24,62.560001373291016,0.009032280214371191,0.04580410719567207,0.18238521175030575,0.14462801608454368,0.3534892098620883,True,0.14187420220638924,0.42417171366971473,0.14462506261212527,0.42720894508593976,0.9761273981584695,0.6118051082979481,0.7305702761584102,1.4675286286647022,0.6118051082979481,171797420.12539977,0.7401814917171643,59.12849998474121,51.568416659037275,49.38937492370606,True,True,True,True,True,False,weak_rally,1,1,normal,False,False,,False,7.0,,0.040973233677911905,63.5266952128054,True,True,True,True,False,True,False,,Confirmed Uptrend,64.09,-0.0239,0.28330050256287315,0.9094630889501736,-0.3934441445278425,0.10980353847226665,0.3725296566491831,0.9006389776357828,,False,,,1,0.608,0.854
ADP,"Automatic Data Processing, Inc.",Industrials,XLI,105997787136.0,2026-08-24,283.010009765625,0.007834522368001418,0.06370748087862554,0.10993024750081815,0.07448676164378565,0.2173734257006832,True,0.07190169775007704,0.28094763166436376,0.1359732846643107,0.23284354182365474,1.0,0.9744921493620375,0.9902818679902815,2.3598191687780354,0.9744921493620375,682772765.6114868,0.4335914992831205,272.10499877929686,246.81716588338216,226.83834381103514,True,True,True,True,True,False,weak_rally,2,0,normal,False,False,,False,10.0,,0.022003250553979975,66.97643976470894,True,True,True,True,False,True,False,,Confirmed Uptrend,273.68,0.0341,0.3745981785632568,0.9597340907832117,-0.28295404225364706,0.13444205650554575,0.42467478771932826,0.8963258785942492,,False,,,1,0.608,0.854
ZS,"Zscaler, Inc.",Information Technology,XLK,24450478080.0,2026-08-24,176.05999755859375,-0.031280077643558335,-0.045434855627236814,0.19524775228097146,0.15707981614353472,0.3456028953822001,False,0.15429604498727034,0.41587355663564063,0.15707683054185884,0.41889309115267936,0.9355936040550854,0.6389364910172748,0.8075286828000956,2.193487134963174,0.6389364910172748,379096761.0255188,0.07640274201153385,170.3712501525879,148.9049165089925,147.49937477111817,True,True,True,True,True,False,dry_up,4,1,normal,False,False,,False,7.0,,0.04503819067868022,57.44973006166458,True,True,True,True,True,True,False,,Confirmed Uptrend,188.18,-0.0644,0.3216927565191965,0.9094630889501736,-0.5521832336671837,-0.08755245462090466,0.16299670260203997,0.8916400425985092,,False,,,1,0.608,0.854
GPN,Global Payments Inc.,Financials,XLF,22999539712.0,2026-08-24,94.30000305175781,0.00866408392872775,0.043372493001393675,0.12181781811290571,0.08599472557174814,0.39423653431997807,True,0.08338197513679724,0.46704696267636314,0.09599789341471521,0.30283879816600434,0.9944110643355137,1.035553370386879,0.8292773162076037,1.6578471647157225,1.035553370386879,284310549.0372429,0.2785397513299216,89.16700019836426,78.07616634368897,73.83007437388102,True,True,True,True,True,False,accumulation,3,0,normal,False,False,,False,25.0,,0.03343433814571161,67.01310097995342,True,True,True,True,True,True,False,,Confirmed Uptrend,82.37,0.1448,0.36412022821214446,0.9993134723312326,-0.1864167645702749,-0.05820442997413999,0.3389319619802612,0.8896166134185304,,False,,,1,0.608,0.854
GIS,"General Mills, Inc.",Consumer Staples,XLP,19080075264.0,2026-08-24,40.91999816894531,0.02376774879231469,0.07740912749194506,0.11772732823651166,0.08203485761543305,0.18637233689106947,True,0.07943163406535692,0.24832759047459074,0.09101439393924471,0.19192442129145193,1.0,1.1420231025364687,0.9469499635343803,2.7164957729248074,1.1420231025364687,307454017.8786949,0.8342851911272321,37.84249992370606,35.86270863215129,35.626165850957236,True,True,True,False,True,False,accumulation,1,1,normal,False,False,,False,36.0,,0.024952867631277447,68.26160892961457,True,True,True,True,False,True,False,,Confirmed Uptrend,36.93,0.108,0.4044398124825945,0.9838065079008816,-0.3463847379059598,-0.24551656447035142,0.10805305450672863,0.8884451544195954,,False,,,1,0.608,0.854
PLTR,Palantir Technologies Inc.,Information Technology,XLK,295013220352.0,2026-08-24,175.88999938964844,-0.022507519155317457,0.01935668663470702,0.3372614690340432,0.29455859822609387,0.29333329456451707,True,0.2914440724729379,0.3608743099279872,0.29455525788926806,0.3637765513978706,0.9774924808446825,0.7360428262869632,0.7036427350575192,1.2591052816541901,0.7360428262869632,7590288670.0946865,0.6155914419550932,159.49249877929688,140.1669994354248,141.91962451934813,True,True,True,True,False,False,dry_up,0,0,normal,False,False,,False,11.0,,0.04237349366040149,65.0311505453224,True,True,True,True,False,True,False,,Confirmed Uptrend,172.01,0.0226,0.2677914021530136,0.9094630889501736,-0.33048868233574313,-0.1354166518142046,0.18347428428240306,0.8882854100106496,,False,,,1,0.608,0.854
MSFT,Microsoft Corporation,Information Technology,XLK,3450799652864.0,2026-08-24,487.30999755859375,0.00842233136012771,0.016399187958856087,0.25476062055911686,0.2146922555344799,0.20554881829873684,False,0.21176987695910654,0.26850551445766846,0.21468912127599316,0.2712107674571387,0.9647618064822974,0.4641458487597044,0.5725273644141282,2.6366650430125618,0.4641458487597044,17011812269.35023,0.6232128337468636,477.24072723388673,421.18898417154946,410.85812810262047,True,True,True,True,True,False,weak_rally,0,0,normal,False,False,,False,15.0,,0.019893391495496366,64.54106407736393,True,True,True,True,False,True,False,,Confirmed Uptrend,486.73,0.0012,0.2829666119000717,0.9094630889501736,-0.3519814030634103,-0.08604063753200608,0.21539583012990265,0.8880191693290734,,False,,,1,0.608,0.854
AMGN,Amgen Inc.,Health Care,XLV,207874048000.0,2026-08-24,443.8399963378906,0.010265654299659754,0.06450909064293242,0.18650346958724717,0.14861476528503892,0.21530695208531592,True,0.14585135984952036,0.2787732417626143,0.1097576592754741,0.10726264510579209,1.0,0.8642507604019333,0.9132603188429524,1.8850329605584952,0.8642507604019333,1118900511.8903275,0.8040538948261439,409.40100555419923,372.0345031738281,357.3688575744629,True,True,True,True,True,False,weak_rally,2,1,normal,False,False,,False,13.0,,0.02616378352466955,75.63899185294595,True,True,True,True,False,True,False,,Confirmed Uptrend,405.46,0.0947,0.28703087242886344,0.9944216998611353,0.11408170549531338,-0.08270591676574335,0.5364562368659342,0.8875399361022364,,False,,,1,0.608,0.854
ZBRA,Zebra Technologies Corporation,Information Technology,XLK,13995643904.0,2026-08-24,363.29998779296875,-0.014138074501612197,-0.021440558539233434,0.3730677380902263,0.32922146300642874,0.5741939585818059,False,0.3260235432800802,0.6564022020318869,0.3292180332293537,0.6599346951699181,0.948415366022127,0.707946500330487,0.6965611644109697,1.5226347184345765,0.707946500330487,311517434.5784332,0.5104812112332737,349.9894989013672,284.4394994099935,254.50824915568035,True,True,True,True,True,False,dry_up,0,0,normal,False,False,,False,13.0,,0.03258033877812898,64.55257609146814,True,True,True,True,False,True,False,,Confirmed Uptrend,368.99,-0.0154,0.25118659126631965,0.9094630889501736,-0.28331017760569266,0.0321766787933746,0.3558754620058886,0.8871139510117148,,False,,,1,0.608,0.854
ADSK,"Autodesk, Inc.",Information Technology,XLK,49450217472.0,2026-08-24,254.4199981689453,0.002324375895814468,0.05288858968538945,0.1262006730320715,0.09023762245599176,0.19288133445268318,True,0.08761466420840724,0.25517650374560263,0.09023480932657146,0.2578533308960733,0.9862769677337764,0.7399777032197927,0.8345668943127322,2.0430960151496835,0.7399777032197927,462861618.769989,0.4411764705882353,246.05400009155272,222.04283345540364,231.92941665649414,True,True,True,True,False,False,weak_rally,1,0,normal,False,False,,False,19.0,,0.0356075969670674,62.39680018157273,True,True,True,True,False,True,False,,Confirmed Uptrend,237.38,0.0718,0.36496101684256327,0.9094630889501736,-0.37625710047887784,-0.11874849650422825,0.17872830921505983,0.885782747603834,,False,,,1,0.608,0.854
PYPL,"PayPal Holdings, Inc.",Financials,XLF,48940916736.0,2026-08-24,61.68000030517578,0.002112121360303032,0.020009906731379257,0.10005351597798229,0.06492542452959094,0.441555748026375,True,0.06236336386703578,0.5168373009980181,0.0747345216743347,0.34705604968528925,0.9900481711159325,0.7529189918135819,0.9341770389588641,1.684991076612123,0.7529189918135819,652112790.249678,0.2957737398050741,59.59599990844727,50.78013648986816,48.53178354899089,True,True,True,True,True,False,weak_rally,2,1,normal,False,False,,False,27.0,,0.023818793434303123,69.46943072576438,True,True,True,True,False,True,False,,Confirmed Uptrend,56.73,0.0873,0.6778070575143582,0.9993134723312326,-0.28676903153401856,0.1783479879662313,0.4410670129219274,0.880937167199148,,False,,,1,0.608,0.854
CART,Maplebear Inc.,Consumer Staples,XLP,10482328576.0,2026-08-24,51.779998779296875,0.03913298969671963,0.05976254876113685,0.17521555073499595,0.13768730439228172,0.1911151438789438,True,0.13495018888941934,0.2533180783974416,0.1471286864355954,0.19668942406379686,1.0,0.8589611932808391,1.0576178098344,1.5819561298249443,0.8589611932808391,218627657.81353837,0.9525543837666632,48.03499984741211,45.776083119710286,42.766541417439775,True,True,True,True,True,False,weak_rally,3,3,normal,False,False,,False,11.0,분산3일,0.04359655173081552,63.96983288686921,True,True,True,True,False,True,False,,Confirmed Uptrend,50.17,0.0321,0.303900493238757,0.9838065079008816,-0.19346919719095446,0.07229539692058218,0.4549937639883139,0.8805111821086262,,False,,,1,0.608,0.854
J,Jacobs Solutions Inc.,Industrials,XLI,15932652544.0,2026-08-24,151.61000061035156,0.010194554641725029,0.05813431905968347,0.12386183391289562,0.08797346966186126,0.15972222819831772,True,0.08535595864717593,0.2202857481829128,0.15023175722395732,0.1744597254706055,1.0,1.090937041277463,0.8721660239106208,1.989964826839827,1.090937041277463,134442304.60030442,0.6964267224701772,143.27479858398436,131.57929623921711,128.1675821940104,True,True,True,True,True,False,accumulation,2,2,normal,False,False,,False,13.0,,0.024041406782537713,71.61006803439331,True,True,True,True,False,True,False,,Confirmed Uptrend,144.32,0.0505,0.30203139917515287,0.9597340907832117,-0.21493838182397296,-0.05919150996936817,0.3136949650612496,0.8785410010649628,,False,,,1,0.608,0.854
PSX,Phillips 66,Energy,XLE,84869922816.0,2026-08-24,241.9600067138672,-0.0037468127871507217,0.011200236202571823,0.17045626495724098,0.13307999724429487,0.31638937177295556,True,0.1303539662738633,0.3851344316557319,0.08236139560566347,0.22729183421091936,0.9937163795442115,0.8271981263574301,1.0187599339382547,1.4482819980913633,0.8271981263574301,616755902.6621917,0.3803255049818573,221.23903045654296,196.36139017740885,183.0382884979248,True,True,True,True,True,False,dry_up,4,2,normal,False,False,,False,113.0,,0.031134574980977166,75.8636599665892,True,True,True,True,False,True,False,,Confirmed Uptrend,171.92,0.4074,0.3518670390169527,0.9899607938878676,0.4475320410401251,0.23550760202060994,0.8983312546627713,0.8761448349307774,,False,,,1,0.608,0.854
CACI,"CACI International, Inc.",Industrials,XLI,10995946496.0,2026-08-24,636.5,-0.016821412752792142,-0.01977396483264493,0.2835507495573355,0.24256302718365053,0.16760936930384074,False,0.23957359545503976,0.2285847750110266,0.31366756090401027,0.18244709464600817,0.9359192800924682,0.9648140469504852,0.7119335264103815,2.508068581323712,0.9648140469504852,181352602.39016113,0.6347045325752719,601.7899993896484,526.2069997151692,535.2654164632162,True,True,True,True,False,False,dry_up,1,0,normal,False,False,,False,12.0,,0.043834591671722455,62.86089417337313,True,True,True,True,False,True,False,,Confirmed Uptrend,628.79,0.0123,0.27790396556743835,0.9597340907832117,-0.14801796102399212,-0.21688991174975314,0.2508733263854482,0.874653887113951,,False,,,1,0.608,0.854
ABT,Abbott Laboratories,Health Care,XLV,182901522432.0,2026-08-24,116.66999816894531,0.0002571911818745054,0.05708068556298351,0.11656618388542461,0.08091079217401465,0.26328456164437886,True,0.07831027296715676,0.3292563589722961,0.0443440802460473,0.15097490625518106,1.0,0.7206041649380633,0.9455622788180692,2.5904067491986584,0.7206041649380633,899866176.7867088,0.559210757470047,109.86699981689453,98.22995796203614,97.25522848765056,True,True,True,True,True,False,weak_rally,2,1,normal,False,False,,False,27.0,,0.019713730247944816,77.97271261836175,True,True,True,True,False,True,False,,Confirmed Uptrend,98.83,0.1805,0.6210399218042172,0.9944216998611353,-0.3204821202833139,-0.1677982250452238,0.16175997904244474,0.8742811501597444,,False,,,1,0.608,0.854
NWS,News Corporation,Communication Services,XLC,16927453184.0,2026-08-24,35.04999923706055,0.014471780348512153,0.07252138646734996,0.13357047705614433,0.09737208597530356,0.12122982738108479,True,0.09473196321280541,0.1797831804227119,0.08654026035175688,0.15820796315486585,1.0,1.1993525907163858,0.8129706907173413,5.0,1.1993525907163858,37271907.46288452,0.8939398318064907,32.92549982070923,31.090499877929688,30.043411636352538,True,True,True,True,True,False,accumulation,2,0,normal,False,False,,False,225.0,,0.02643163134914083,68.75764372258749,False,True,True,True,False,True,False,,Confirmed Uptrend,34.42,0.0182,0.3792346653892882,0.9408024526034724,-0.24989601291463048,0.07720056119641971,0.4151857989783192,0.8740681576144834,,False,,,1,0.608,0.854
TMO,Thermo Fisher Scientific Inc,Health Care,XLV,213422211072.0,2026-08-24,628.739990234375,-0.0008422923076326638,0.07383303401773533,0.12369302327610843,0.08781004966780204,0.27530875086797657,True,0.08519293181861798,0.34190848064957535,0.05100993905132212,0.16193011024058412,0.9991577076923673,0.9168304948481717,1.0895599721566414,2.064037524228542,0.9168304948481717,1117056955.6302369,0.9718421077078863,593.0050018310546,534.1734079996745,507.43950271606445,True,True,True,True,True,False,dry_up,2,0,normal,False,False,,False,22.0,,0.02306881344463679,74.25974250440107,True,True,True,True,False,True,False,,Confirmed Uptrend,572.32,0.0986,0.4490330042413886,0.9944216998611353,0.0029015496862747625,0.012788979296274094,0.5510212821695626,0.8737486687965922,,False,,,1,0.608,0.854
DEO,Diageo plc,Consumer Staples,XLP,48952217600.0,2026-08-24,96.06999969482422,0.015324423020000033,0.046286212308052965,0.1281117374771683,0.09208766073680108,0.14147283852793624,True,0.08946025155754134,0.20108333092615327,0.10115062275632769,0.14681479850389034,0.9892904859541677,0.5224578830407326,0.6097339932656606,2.4593121001320197,0.5224578830407326,126063659.33574638,0.3907274729938661,92.29000091552734,85.17700030008952,82.10244579315186,True,True,True,True,True,False,weak_rally,0,1,normal,False,False,,False,10.0,,0.024119302633698225,64.26863078114542,True,True,True,True,False,True,False,,Confirmed Uptrend,97.11,-0.0107,0.3281679164124869,0.9838065079008816,-0.3596385290117339,-0.2281940929291817,0.11570438457113894,0.8734291799787007,,False,,,1,0.608,0.854
SSNC,"SS&C Technologies Holdings, Inc",Information Technology,XLK,18556262400.0,2026-08-24,83.54000091552734,0.007112766594232545,0.04686713935767384,0.11327291972675302,0.07772269206677263,0.18865287823478671,True,0.07512984297998604,0.25072722724296037,0.07771991122950395,0.25339456573258823,1.0,0.7323912872615717,0.8001261214647779,2.0104921142719174,0.7323912872615717,139622781.90318298,0.4743073230160549,80.18149948120117,71.60099964141845,70.3380856513977,True,True,True,True,True,False,weak_rally,1,0,normal,False,False,,False,12.0,,0.02129432511112284,70.42279779328199,True,True,True,True,False,True,False,,Confirmed Uptrend,79.84,0.0463,0.5061591362621255,0.9094630889501736,-0.28161780098909983,-0.016764357728913715,0.3085965841462929,0.873003194888179,,False,,,1,0.608,0.854
CMCSA,Comcast Corporation,Communication Services,XLC,85025333248.0,2026-08-24,27.020000457763672,0.006331473887474015,0.05670710912182586,0.18508777903131124,0.14724428208182627,0.10128685240063962,True,0.14448417383597234,0.158798734705212,0.1359201832005641,0.13760726928525902,1.0,0.6518000532007094,0.8282024584639038,2.5190808616266094,0.6518000532007094,642803368.4013618,0.529412424687812,25.426500129699708,24.054194990793864,25.75485084851583,True,True,True,False,False,False,weak_rally,0,0,normal,False,False,,False,84.0,,0.021782815497028887,67.28990787355413,True,True,True,True,False,True,False,,Confirmed Uptrend,31.21,-0.1344,0.37821407059599466,0.9408024526034724,-0.368408855933262,-0.33590324970683005,0.07586657782485634,0.8729499467518638,,False,,,1,0.608,0.854
ERIE,Erie Indemnity Company,Financials,XLF,12656239616.0,2026-08-24,268.6400146484375,0.014310018718446171,0.08431892895433912,0.17690362355805744,0.13932147185925037,0.15219736876602208,True,0.13658042477950327,0.21236792225956602,0.14981583582046065,0.07666626015169897,1.0,0.8804879149552735,0.8227309875623302,1.9281344867848424,0.8804879149552735,69236952.00986633,0.5379613759566326,252.61750335693358,236.3996332804362,235.99933547973632,True,True,True,False,True,False,weak_rally,1,1,normal,False,False,,False,27.0,,0.03146535162561662,63.18603754887846,True,True,True,True,False,True,False,,Confirmed Uptrend,225.94,0.189,0.4142991733245518,0.9993134723312326,-0.4602973007816362,-0.2124822587933577,0.09129202189153326,0.872790202342918,,False,,,1,0.608,0.854
SHOP,Shopify Inc.,Information Technology,XLK,152020238336.0,2026-08-24,149.8000030517578,0.003685112574591809,0.007736355213537882,0.1806431769742367,0.14294160983566084,0.30699285268429577,False,0.1401918532135471,0.37524720344916895,0.14293866071465988,0.3781800969839162,0.9449315852219691,0.5002988058410103,0.539052421308135,1.8868381638863112,0.5002988058410103,1546134786.026799,0.621117776956394,142.0825008392334,125.11116676330566,121.4427501042684,True,True,True,True,True,False,weak_rally,0,0,normal,False,False,,False,11.0,,0.04808124223827717,61.36393456141363,True,True,True,True,False,True,False,,Confirmed Uptrend,151.57,-0.0117,0.3006402765839158,0.9094630889501736,-0.2920424227337054,-0.10904663698867922,0.2212532390243347,0.8726304579339723,,False,,,1,0.608,0.854
EFX,"Equifax, Inc.",Industrials,XLI,20280242176.0,2026-08-24,194.6300048828125,0.010435104436598897,0.10084842490548485,0.09768206848288519,0.06262970464525353,0.17553909496647035,True,0.06007316716157285,0.23692861026555967,0.12343771841455164,0.19047758953378602,1.0,1.0061908411454437,1.0420080095761672,2.169674960485392,1.0061908411454437,227444385.03490296,0.5837150946499753,182.50300064086915,172.09500020345052,174.9335994720459,True,True,True,False,False,False,accumulation,2,0,normal,False,False,,False,25.0,,0.03184430048106495,64.62462974998743,True,True,True,True,False,True,False,,Confirmed Uptrend,180.08,0.0808,0.3637708632396111,0.9597340907832117,-0.39569980737798205,-0.1536835887909277,0.14568439516381632,0.8723642172523962,,False,,,1,0.608,0.854
JLL,Jones Lang LaSalle Incorporated,Real Estate,XLRE,16471111680.0,2026-08-24,387.2099914550781,-0.0004130512536495434,0.045637422721243937,0.162269243731072,0.12515441278110662,0.2528842568593994,True,0.12244744965121379,0.3183129249350045,0.17329442960373376,0.27693885884068004,0.9923118319220553,0.6339093459145941,0.9075945459063763,1.35809097430949,0.6339093459145941,129828199.27898255,0.4110872049594269,367.5729949951172,329.85033213297527,320.6175821940104,True,True,True,True,True,False,dry_up,2,0,normal,False,False,,False,17.0,,0.027307072582617057,68.46769709839526,True,True,True,True,False,True,False,,Confirmed Uptrend,361.72,0.0705,0.29136400589781297,0.9852206799546813,-0.054795663572334785,-0.017744981073979926,0.4707392663716663,0.8714057507987221,,False,,,1,0.608,0.854
NWSA,News Corporation,Communication Services,XLC,14919110656.0,2026-08-24,30.760000228881836,0.012508264602125951,0.0717769829679753,0.1271527737978253,0.09115931971656899,0.12729179943186453,True,0.08853414399512216,0.1861617234217039,0.08038881841648071,0.1644698589144844,1.0,0.794477216868562,0.8369771215998452,3.1396184151707573,0.794477216868562,111232281.27992277,0.7785654190923804,28.932499980926515,27.351500034332275,26.338036600748698,True,True,True,True,True,False,weak_rally,1,0,normal,False,False,,False,12.0,,0.024671415308038794,68.82363316894944,True,True,True,True,False,True,False,,Confirmed Uptrend,29.67,0.0367,0.36138899033877653,0.9408024526034724,-0.22874903817809145,0.07324008389811376,0.4222610240727136,0.8711395101171459,,False,,,1,0.608,0.854
NTNX,"Nutanix, Inc.",Information Technology,XLK,15951612928.0,2026-08-24,66.68000030517578,-0.01419277192689583,0.015534520045344058,0.17291120659448111,0.13545654504607074,0.3060144600445449,True,0.13272479643617308,0.37421771676228377,0.1354536152387089,0.3771484147827697,0.9813098351713868,1.1830794439669705,1.045190181780336,1.2741430059742969,1.1830794439669705,158911667.27443886,0.03508854117867516,63.437249946594235,55.877750078837074,48.65079174041748,True,True,True,True,True,False,distribution,3,1,normal,False,False,,False,31.0,,0.0326324114547032,67.59737080183369,True,True,True,True,True,True,False,,Confirmed Uptrend,54.79,0.217,0.3414991237705607,0.9094630889501736,-0.3108501750000927,0.35259146270872366,0.45592728639524355,0.8687965921192757,,False,,,1,0.608,0.854
ROKU,"Roku, Inc.",Communication Services,XLC,21511096320.0,2026-08-24,158.17999267578125,0.004381149016133179,-0.0008212045026680936,0.10677298280396808,0.07143031811734835,0.27432703903231404,True,0.06885260759651057,0.340875501430282,0.06085455578299537,0.31635431757841115,0.9991787954973319,0.5950995501786595,0.6658068688454368,1.7728533969139606,0.5950995501786595,386226898.285968,0.6814770441033524,151.73149948120118,141.3540823618571,125.54929141998291,True,True,True,True,True,False,weak_rally,1,0,normal,False,False,,False,11.0,,0.01354921439957022,74.8659385888279,True,True,True,True,False,True,False,,Confirmed Uptrend,153.11,0.0331,1.0,0.9408024526034724,0.33284985365494335,0.5448231415791776,0.8851883617228478,0.8678913738019169,,False,,,1,0.608,0.854
LH,Labcorp Holdings Inc.,Health Care,XLV,25354401792.0,2026-08-24,339.3399963378906,0.008919545794922934,0.0494835163642422,0.1267389886387713,0.09075874799004024,0.23297048536135678,True,0.0881345359877792,0.29735920777690117,0.053858884273773944,0.12335583912857273,1.0,0.6779010244179837,0.9007588763277357,2.134378446115288,0.6779010244179837,219321624.9224716,0.9338363822017618,320.3955017089844,288.56483306884763,275.9267692565918,True,True,True,True,True,False,weak_rally,3,0,normal,False,False,,False,17.0,,0.019700011759272017,77.16840313930547,True,True,True,True,True,True,False,,Confirmed Uptrend,315.53,0.0755,0.3440284325697307,0.9944216998611353,-0.07752838763982228,-0.03943673484534416,0.4402293941102436,0.8673056443024494,,False,,,1,0.608,0.854
ACN,Accenture plc,Information Technology,XLK,101533425664.0,2026-08-24,186.52999877929688,0.006746545813015592,0.09736441621216296,0.2107620520268656,0.1720986965918081,0.08612208726511716,True,0.16927879212338293,0.1428420285910521,0.17209567223706257,0.14527928786232014,1.0,1.0439962102885378,0.8606237437822972,2.168211581357852,1.0439962102885378,1112134177.7961502,0.6666666666666666,174.6809989929199,157.12731819152833,171.3855873743693,True,True,True,False,False,False,accumulation,1,1,normal,False,False,,False,152.0,,0.040376495497715874,67.89811680161289,True,True,True,True,False,True,False,,Confirmed Uptrend,282.71,-0.3402,0.4858888918762109,0.9094630889501736,-0.4975529638436851,-0.3150026659984768,0.04653625144510316,0.8669329073482428,,False,,,1,0.608,0.854
SEIC,SEI Investments Company,Financials,XLF,12359575552.0,2026-08-24,110.75,0.011138512136400491,0.05006161674586607,0.09091808177836436,0.05608171283558194,0.21095264454932483,True,0.053540928898438755,0.27419154167945736,0.06580934997840582,0.13156989450866696,1.0,1.4401126686517602,1.1316084601516143,2.5379198753747576,1.4401126686517602,63552151.71671448,0.4955911535282484,105.51949996948242,96.66623090108236,90.02574323018392,True,True,True,True,True,False,accumulation,3,0,normal,False,False,,False,19.0,,0.016297976073431454,80.82777718363212,True,True,True,True,True,True,False,,Confirmed Uptrend,103.14,0.0738,0.6891495277514346,0.9993134723312326,-0.030853037043390596,0.15943908300513843,0.6167239012944707,0.8622470713525027,,False,,,1,0.608,0.854
HBM,Hudbay Minerals Inc.,Materials,XLB,10104293376.0,2026-08-24,29.600000381469727,-0.015302697692787026,0.0787171940733451,0.3196611671306777,0.2775203280837295,0.07093535275773544,True,0.2744467940100701,0.12686220581091434,0.26572199058943813,0.0582140470275232,0.984697302307213,0.6993776963979911,0.8171429027790106,2.5366711196636795,0.6993776963979911,135101924.23045397,0.3443941679235797,26.14949998855591,25.178422514597575,24.177780024210612,True,True,True,True,True,True,dry_up,3,2,normal,False,False,,False,17.0,,0.04365323997266932,66.86735249109525,True,True,True,True,False,True,False,,Confirmed Uptrend,22.75,0.3011,0.45120113516119065,1.0,0.686478505607478,-0.21171683944534292,0.6187731857192484,0.8619275825346112,,False,,,1,0.608,0.854
UBER,"Uber Technologies, Inc.",Industrials,XLI,143224750080.0,2026-08-24,79.29000091552734,0.006218246761331869,0.05734102112616957,0.16295102024967534,0.12581441807899663,0.09882117183891115,True,0.12310586706926552,0.15620429029784444,0.19023811933349521,0.1127847517625844,1.0,0.6108396673163681,0.7903596249790187,2.018319778070053,0.6108396673163681,1442913169.318433,0.8580794355769276,74.40149993896485,72.74183349609375,73.40283349355062,True,True,True,True,False,True,weak_rally,0,0,normal,False,False,,False,40.0,,0.03804650333304728,62.955618606005814,True,True,True,True,False,True,False,,Confirmed Uptrend,76.2,0.0406,0.3538547266566514,0.9597340907832117,-0.40472104629404837,-0.14348648859390256,0.15141605872671463,0.8601171458998935,,False,,,1,0.608,0.854
GEN,Gen Digital Inc.,Information Technology,XLK,16430941184.0,2026-08-24,29.110000610351562,0.006221925450293764,0.06202118834013626,0.09343040790650248,0.058513812665003107,0.17715633681102183,True,0.055967177438035476,0.23863030841903665,0.05851108139221717,0.24127184865587048,0.9887835247751366,1.080689377935043,1.0367312957882124,2.5984685088357247,1.080689377935043,147716478.08803254,0.653847470558316,28.18346529006958,26.345096906026203,23.492975425720214,True,True,True,True,True,False,accumulation,3,1,normal,False,False,,False,9.0,,0.03515147578357977,61.373899426914775,True,True,True,True,True,True,False,,Confirmed Uptrend,28.88,0.0079,0.3430549915461294,0.9094630889501736,-0.2843372695558658,0.10225825823935364,0.40805590200064923,0.8600638977635784,,False,,,1,0.608,0.854
THC,Tenet Healthcare Corporation,Health Care,XLV,20514631680.0,2026-08-24,278.5899963378906,-0.007764336507044223,0.05303144431799289,0.1447649393457493,0.10820907466084018,0.5505958400953621,True,0.10554287962908049,0.63157173231012,0.07071887446811354,0.41274338013784284,0.9922356634929558,0.8485021671158738,0.795705384108313,1.2258401593489294,0.8485021671158738,232404135.37742767,0.2706461851718769,263.39799880981445,212.74483362833658,205.12725054423015,True,True,True,True,True,False,dry_up,0,0,normal,False,False,,False,20.0,,0.02729690931213754,72.31378035099922,True,True,True,True,False,True,False,,Confirmed Uptrend,243.36,0.1448,0.5241190140304074,0.9944216998611353,0.11830478734982797,-0.08363757142020689,0.5400962452945163,0.8547923322683707,,False,,,1,0.608,0.854
SNOW,Snowflake Inc.,Information Technology,XLK,101650849792.0,2026-08-24,322.7799987792969,-0.030049882915686,-0.022204679947682604,0.18269083577033007,0.14492388058980943,0.29418382762557926,False,0.14216935490330407,0.36176925989750286,0.1449209263539748,0.36467340996459896,0.9567253367353916,0.7610896775769378,0.7458577015883281,1.5819068480937548,0.7610896775769378,1532168885.0078049,0.09293249786553932,317.94850006103513,274.9254994710287,216.5070832570394,True,True,True,True,True,False,dry_up,0,0,normal,False,False,,False,9.0,,0.03690683235098848,60.316673241484,True,True,True,True,False,True,False,,Confirmed Uptrend,334.14,-0.034,0.33694713929985265,0.9094630889501736,0.17130895595324858,0.562439818160382,0.8141686741498807,0.8546325878594251,,False,,,1,0.608,0.854
BKNG,Booking Holdings Inc. Common St,Consumer Discretionary,XLY,149474050048.0,2026-08-24,213.36000061035156,0.017841835608636503,0.042000421636212204,0.14224534653479903,0.10576994019613406,0.25707737641651773,True,0.10310961337854119,0.32272501941035836,0.07021527270373551,0.2796367167626579,0.9950564426469282,0.8237560578470053,0.7698785388019467,1.3906913533706435,0.8237560578470053,1221105941.5643272,0.6032867213020804,206.2414993286133,185.04988733927408,177.96293131510416,True,True,True,True,True,False,weak_rally,0,0,normal,False,False,,False,10.0,,0.032503748212326794,63.92340680194892,True,True,True,True,False,True,False,,Confirmed Uptrend,212.88,0.0023,0.3590083496516227,0.9538536360667944,-0.3335522767433653,0.05789833701086611,0.3536525943517111,0.8515441959531417,,False,,,1,0.608,0.854
NTRA,"Natera, Inc.",Health Care,XLV,38347350016.0,2026-08-24,327.7200012207031,-0.012980747445831331,0.04309634241698679,0.2700848845913255,0.22952716869376855,0.4408166603561485,True,0.22656909940563508,0.5160596163691427,0.18793283351758983,0.3127238873446736,0.9870192525541687,0.8265514312769067,0.9622312322181837,0.95781708064213,0.8265514312769067,444363399.7228882,0.7708259781724408,297.7190002441406,265.28733393351234,233.25600026448566,True,True,True,True,True,False,dry_up,2,2,normal,False,False,,False,11.0,,0.04320304439326905,68.65429689881054,True,True,True,True,False,True,False,,Confirmed Uptrend,322.1,0.0174,0.2735799241243862,0.9944216998611353,0.37614605799381495,0.1495801064991087,0.8473248933613526,0.8494142705005325,,False,,,1,0.608,0.854
VLO,Valero Energy Corporation,Energy,XLE,92910264320.0,2026-08-24,346.0,-0.008198089410226705,-0.0034275250814778113,0.1390717618360613,0.10269769781565397,0.30977330742065634,True,0.10004476238075077,0.3781728603053971,0.0533390599442185,0.2211235667299576,0.9884302587224655,0.7821464712441222,0.8047276389348131,1.4096125378257738,0.7821464712441222,815252011.4353577,0.2328767123287671,323.73997192382814,287.6297892252604,263.01661898295083,True,True,True,True,True,False,dry_up,0,0,normal,False,False,,False,40.0,,0.03171449845532166,68.02404277442412,True,True,True,True,False,True,False,,Confirmed Uptrend,258.37,0.3392,0.39068304622367833,0.9899607938878676,0.8659326476113078,0.41444559681449467,0.9498128057496598,0.8487220447284346,,False,,,1,0.608,0.854
AXON,"Axon Enterprise, Inc.",Industrials,XLI,42538553344.0,2026-08-24,597.5900268554688,-0.048044560963012795,-0.011136451527641311,0.13722700971860724,0.10091185430595417,0.2908610964064047,False,0.09826321535914317,0.3582730075594751,0.1639105291056282,0.30726507782939305,0.9254631325785889,0.6846859784669785,0.7450037788903249,1.6157448376222165,0.6846859784669785,561239101.0308685,0.06226563996475501,589.4140075683594,531.4696695963542,480.28516794840493,True,True,True,True,True,False,dry_up,1,1,normal,False,False,,False,6.0,,0.06872601502807159,52.7908724230437,True,True,True,True,False,True,False,,Confirmed Uptrend,612.83,-0.0249,0.29294890545006624,0.9597340907832117,-0.44031483087109,0.08976634991096089,0.3449852784564305,0.84765708200213,,False,,,1,0.608,0.854
SN,"SharkNinja, Inc.",Consumer Discretionary,XLY,22893752320.0,2026-08-24,182.99000549316406,0.01233686133047418,-0.003430942385230784,0.19452968585959796,0.1563846797910622,0.30078485083902184,True,0.15360258103500812,0.3687150046240677,0.11920255782455058,0.32412855960166964,0.9703060026858835,0.5508629605592439,0.6784224715814954,1.0944410545023697,0.5508629605592439,313976278.72325516,0.6799790714276213,177.27800064086915,152.83833389282228,131.6129170735677,True,True,True,True,True,False,weak_rally,1,1,normal,False,False,,False,13.0,,0.0362944581089473,66.2877421268984,True,True,True,True,False,True,False,,Confirmed Uptrend,182.11,0.0048,0.3332367679413039,0.9538536360667944,0.0914303937901686,0.10048616072492123,0.6865640429857682,0.8470713525026625,,False,,,1,0.608,0.854
JHX,James Hardie Industries plc.,Materials,XLB,15257054208.0,2026-08-24,30.200000762939453,-0.007558315475836741,-0.007558315475836741,0.13278323089979205,0.09660997900951918,0.21841872435939336,True,0.0939716897690992,0.28204751836551,0.0864824105101829,0.20394550983708104,0.9716859986188292,0.6686285547337031,0.7269078894887664,1.3979048733788209,0.6686285547337031,197087541.29138452,0.5112791874969526,29.16700029373169,26.272166760762534,23.358000055948892,True,True,True,True,True,False,dry_up,0,0,normal,False,False,,False,11.0,,0.03236754307680012,61.263788672361365,True,True,True,True,False,True,False,,Confirmed Uptrend,30.23,-0.001,0.3530166293837893,1.0,0.14139353170612212,0.0024550021636129404,0.644124082395084,0.8464856230031947,,False,,,1,0.608,0.854
SCHW,Charles Schwab Corporation (The,Financials,XLF,183026614272.0,2026-08-24,113.6500015258789,0.012021357412598688,0.027762702513919324,0.09408140603357418,0.05914402242004724,0.2385574229468752,True,0.05659587099712304,0.3032379088536128,0.06889986669504133,0.1573650701663214,1.0,1.193262807167526,1.0226692071315302,1.6870355731225297,1.193262807167526,750607780.4155502,0.5643570713651729,108.32633972167969,99.37679061889648,95.68579565684,True,True,True,True,True,False,accumulation,3,0,normal,False,False,,False,147.0,,0.016857035967977732,73.66746731542821,True,True,True,True,True,True,False,,Confirmed Uptrend,103.03,0.1031,0.5212182113013214,0.9993134723312326,-0.08582753649310482,0.013541627082078955,0.4883383733975728,0.8458998935037274,,False,,,1,0.608,0.854
ROP,"Roper Technologies, Inc.",Information Technology,XLK,38765834240.0,2026-08-24,415.510009765625,0.009033733562035406,0.06620312251737803,0.10796763356119943,0.0725868200023303,0.20672754730132392,False,0.07000632710075694,0.26974579956030165,0.07258405241710153,0.27245369762907257,1.0,0.7951730806023121,0.7522043556809909,4.316034129692833,0.7951730806023121,310411132.9290161,0.5142453205711854,399.1905044555664,362.32176259358727,354.586464436849,True,True,True,True,True,False,weak_rally,2,0,normal,False,False,,False,40.0,,0.02384849569433944,67.65761639403667,True,True,True,True,False,True,False,,Confirmed Uptrend,337.46,0.2313,0.3849208047782522,0.9094630889501736,-0.40176652217430875,0.010271079105662828,0.29221233192667134,0.8417997870074547,,False,,,1,0.608,0.854
DIS,Walt Disney Company (The),Communication Services,XLC,167035043840.0,2026-08-24,110.61000061035156,0.026257207859593068,0.06869565807102962,0.144438684573996,0.10789323820718799,0.07063422925982721,True,0.10522780303347568,0.12654535691037072,0.0969575614944882,0.10594372328755908,1.0,1.1221422260888358,0.7642719594927263,2.8961511884843993,1.1221422260888358,1097709429.2189186,0.6675456908022538,102.95300064086913,99.81666539510091,100.25017445882162,True,True,True,True,False,False,accumulation,1,0,normal,False,False,,False,10.0,,0.02237592116708186,70.00310452229974,True,True,True,True,False,True,False,,Confirmed Uptrend,103.18,0.072,0.33401748796092817,0.9408024526034724,-0.2956343498806243,-0.15911266419625514,0.1790643134976907,0.8396698615548456,,False,,,1,0.608,0.854
MKC,"McCormick & Company, Incorporat",Consumer Staples,XLP,13684544512.0,2026-08-24,56.20000076293945,0.01425737083022649,0.041898446306437354,0.11045248143001474,0.07499231903774484,0.1102734495588582,True,0.07240603884411301,0.168254633859505,0.0839134110974693,0.11546940002716477,0.9950425144906828,0.7011100256074733,0.9307000092819955,2.1561946566423544,0.7011100256074733,145543730.50956517,0.7749994039529838,53.36900005340576,50.79165554046631,51.113220659891766,True,True,True,False,False,False,weak_rally,0,2,normal,False,False,,False,36.0,,0.02433909667756648,65.24079193486222,True,True,True,True,False,True,False,,Confirmed Uptrend,52.97,0.061,0.5211061138472798,0.9838065079008816,-0.38268915986956753,-0.32803067571608246,0.07201084325684964,0.838817891373802,,False,,,1,0.608,0.854
IOT,Samsara Inc.,Information Technology,XLK,21717604352.0,2026-08-24,40.33000183105469,0.009764727535190643,0.034102611052684306,0.14119982051277336,0.1047578010350021,0.20495173263523547,True,0.10209990928175272,0.2678772475262441,0.10475495043930749,0.27058116066476656,0.9803111917693037,1.1372057257976085,0.8888503347603082,1.2375587624917612,1.1372057257976085,196074672.94759598,0.5081974389387209,39.01800022125244,35.993166796366374,33.27108343442281,True,True,True,True,True,False,accumulation,1,2,normal,False,False,,False,58.0,,0.04853528117145725,57.91144795514311,True,True,True,True,False,True,False,,Confirmed Uptrend,38.55,0.0462,0.3819570209440282,0.9094630889501736,-0.14233672474522252,0.2303771395399472,0.5592974662999095,0.834185303514377,,False,,,1,0.608,0.854
DLTR,"Dollar Tree, Inc.",Consumer Staples,XLP,24446529536.0,2026-08-24,136.75,0.0400821755682268,0.05565853857921277,0.08929424090107796,0.0545097261908456,0.14723095589195578,True,0.05197272423228205,0.20714215120641466,0.0632608383417157,0.15259986318672225,1.0,1.2631126113489974,1.1650235591591063,2.019950445751138,1.2631126113489974,248073265.85788116,0.9418168501420454,129.71949844360353,122.0704995473226,112.3176664352417,True,True,True,True,True,False,accumulation,2,1,normal,False,False,,False,59.0,,0.025547154113498546,66.79214802367804,True,True,True,True,False,True,False,,Confirmed Uptrend,116.44,0.1744,0.5070139675707591,0.9838065079008816,-0.08994473990335983,-0.15155556559666616,0.33497280643305827,0.8329073482428115,,False,,,1,0.608,0.854
GEHC,GE HealthCare Technologies Inc.,Health Care,XLV,30723696640.0,2026-08-24,74.19000244140625,-0.008420171825549327,0.02514853704230613,0.2138416841938653,0.1750799866337942,0.10909654606175123,True,0.17225290960120243,0.1670162695946953,0.13532757443228793,0.01049465171151387,0.9915798281744507,0.6071050760325917,0.658972703526377,1.7749562067183855,0.6071050760325917,290331227.68082887,0.16666666666666666,71.72100028991699,66.2931168238322,67.42580410639445,True,True,True,False,False,False,dry_up,0,0,normal,False,False,,False,18.0,,0.021253349364762173,63.48986086924323,True,True,True,True,False,True,False,,Confirmed Uptrend,71.9,0.0318,0.30266569634582235,0.9944216998611353,-0.2941677796684513,-0.33570886886510376,0.10324443457313218,0.8316826411075612,,False,,,1,0.608,0.854
ICE,Intercontinental Exchange Inc.,Financials,XLF,86229344256.0,2026-08-24,162.99000549316406,0.010790731740552229,0.05625045733847789,0.09587850585128876,0.060883735314469556,0.13455205782110324,True,0.05833139838721979,0.19380113019092393,0.0706556041977533,0.060177669343141504,1.0,0.875971927874176,0.923998335499434,2.369343097048192,0.875971927874176,639937439.1109116,0.9836427746746965,154.0154998779297,142.7739372253418,150.16856396993,True,True,True,False,False,False,weak_rally,2,0,normal,False,False,,False,17.0,,0.0198719464351297,76.97538039608429,True,True,True,True,False,True,False,,Confirmed Uptrend,156.27,0.043,0.5168748806815603,0.9993134723312326,-0.299200141389911,-0.12488879595547175,0.20269828523916103,0.8306709265175719,,False,,,1,0.608,0.854
RMD,ResMed Inc.,Health Care,XLV,30603995136.0,2026-08-24,232.4499969482422,0.004016899873096058,0.05784390940474182,0.14790753379162203,0.11125131640252506,0.1678775525551306,True,0.10857780216538915,0.22886696344502644,0.0736581985794178,0.06404985652636386,1.0,0.7417083382381244,0.8833708295868723,1.5193993051476142,0.7417083382381244,330604207.49506986,0.821101222452815,220.75734100341796,204.4420944213867,212.4515515645345,True,True,True,False,False,False,weak_rally,1,1,normal,False,False,,False,35.0,,0.031202010279231515,64.84466505180357,True,True,True,True,False,True,False,,Confirmed Uptrend,217.78,0.0674,0.3624790880304006,0.9944216998611353,-0.4194794734719022,-0.31013891622916157,0.06620810624569316,0.8302981895633654,,False,,,1,0.608,0.854
TYL,"Tyler Technologies, Inc.",Information Technology,XLK,12678823936.0,2026-08-24,355.7900085449219,0.014427044735533023,0.11017847088160537,0.12634545727867597,0.09037778329638835,0.16057013486941862,True,0.08775448784155215,0.22117793460598523,0.09037496980531201,0.22378225538569585,1.0,0.8318377143456034,0.7860149265256613,1.3621121941244632,0.8318377143456034,281886691.17721254,0.5353209062308423,325.75050354003906,310.20366821289065,322.1930836995443,True,True,True,False,False,False,weak_rally,2,0,normal,False,False,,False,18.0,,0.035578759526947834,67.39081933775607,True,True,True,True,False,True,False,,Confirmed Uptrend,333.5,0.0668,0.38211771237358577,0.9094630889501736,-0.5539266339634722,-0.1400854735475816,0.12146042268199757,0.8274227902023431,,False,,,1,0.608,0.854
COP,ConocoPhillips,Energy,XLE,146780061696.0,2026-08-24,133.35000610351562,-0.011270030909033335,0.045390472371734436,0.16144166547942818,0.12435326164785487,0.12158088761521313,True,0.12164822597481129,0.18015257387749273,0.07402528364338701,0.045668625327217605,0.9885833398094671,0.8720596406128907,1.0639169699243864,1.7393043352040634,0.8720596406128907,866257386.6513611,0.15555982548545336,123.27654647827148,115.5778746287028,118.25464299519857,True,True,True,True,False,False,dry_up,3,2,normal,False,False,,False,107.0,,0.025687477005036857,70.4415788478585,True,True,True,True,False,True,False,,Confirmed Uptrend,125.15,0.0655,0.36199985733276047,0.9899607938878676,0.10600892719813126,0.012851326957711517,0.6278109036237207,0.8264110756123536,,False,,,1,0.608,0.854
LDOS,"Leidos Holdings, Inc.",Industrials,XLI,14540798976.0,2026-08-24,138.42999267578125,-0.02093505005053342,-0.02685418154108088,0.20426269117789753,0.16580688032039226,0.09678832449584718,False,0.16300211307622137,0.15406528271425568,0.232519113679736,0.11072607143861779,0.9461417195386341,0.46419222149591854,0.6714230113164126,2.2059901828510946,0.46419222149591854,207889183.1980484,0.1514182980423492,133.48900032043457,119.00124855041504,134.55483048756918,True,True,True,False,False,False,dry_up,1,1,normal,False,False,,False,6.0,,0.03198108965720451,61.24581636598639,True,True,True,True,False,True,False,,Confirmed Uptrend,143.83,-0.0375,0.3048095372414541,0.9597340907832117,-0.4657720398642391,-0.39748690978483914,0.03761243329745491,0.8226304579339723,,False,,,1,0.608,0.854
USFD,US Foods Holding Corp.,Consumer Staples,XLP,22152095744.0,2026-08-24,109.37000274658203,-0.0022806056717399326,0.006997533670559886,0.10152081516879452,0.06634586834527045,0.15549023975279241,True,0.0637803902948495,0.21583275499111032,0.07519520567591331,0.16089779953435124,0.9858482092998563,0.7552955781637561,0.7087199064634196,1.459647840625084,0.7552955781637561,244382052.6451397,0.31103103081006805,105.97999954223633,98.41366678873698,93.86416683197021,True,True,True,True,True,False,dry_up,1,0,normal,False,False,,False,12.0,,0.029604614129820885,64.18444150734727,True,True,True,True,False,True,False,,Confirmed Uptrend,106.97,0.0224,0.36483724501052045,0.9838065079008816,0.06822874558117298,-0.07145964427626694,0.5205854447500755,0.8168796592119277,,False,,,1,0.608,0.854
VRTX,Vertex Pharmaceuticals Incorpor,Health Care,XLV,121090572288.0,2026-08-24,547.5900268554688,-0.0008392682195875745,0.062147298654124716,0.14319421055421455,0.10668850406963659,0.1859386520121269,True,0.10402596731666969,0.24787125751475947,0.06924974407639484,0.0805052719454542,0.9919031070483411,0.5894017103476219,0.8974246026489671,1.3543321448084207,0.5894017103476219,660312839.4894562,0.6308772818339577,509.0029998779297,484.0503326416016,464.20375010172523,True,True,True,True,True,False,dry_up,2,0,normal,False,False,,False,10.0,,0.030658360350119394,66.78835895410305,True,True,True,True,False,True,False,,Confirmed Uptrend,523.91,0.0452,0.3023042684478277,0.9944216998611353,0.021676416311105617,-0.08836830435348997,0.4699503966559031,0.8164004259850907,,False,,,1,0.608,0.854
NTR,Nutrien Ltd.,Materials,XLB,33155225600.0,2026-08-24,74.29000091552734,-0.013019739222073334,0.0878605933454566,0.10222550791787377,0.06702805808792967,0.10209519040590842,True,0.06446093878501924,0.15964928609032825,0.057173688753483276,0.08900374672086486,0.9869802607779267,0.7771945295590313,1.0130332651781249,2.1489325113662505,0.7771945295590313,191818305.31273308,0.30889631405541296,68.90849952697754,66.64247264862061,69.89287430445353,True,True,True,False,False,False,dry_up,4,1,normal,False,False,,False,113.0,,0.02578313306570277,68.5324198350434,True,True,True,True,True,True,False,,Confirmed Uptrend,82.59,-0.1005,0.3102695371427017,1.0,0.02202974776890887,-0.11582382040423556,0.44545898754506164,0.8131522896698617,,False,,,1,0.608,0.854
AVY,Avery Dennison Corporation,Materials,XLB,12982712320.0,2026-08-24,183.69000244140625,-0.00010889048897644305,0.040029484314773045,0.12672516602345074,0.09074536677333156,0.11526361869807444,True,0.0881211869643943,0.1735054017878459,0.08067195997531185,0.10201575137657204,0.9998911095110236,0.7572185758882354,0.6978843142125973,1.5000150800899184,0.7572185758882354,150213761.6779968,0.42541550575153536,176.93800048828126,165.30645014444988,165.674507522583,True,True,True,False,False,False,dry_up,0,1,normal,False,False,,False,17.0,,0.02632929335726772,67.05229784664093,True,True,True,True,False,True,False,,Confirmed Uptrend,174.82,0.0507,0.3538474524296005,1.0,-0.20417750076830288,-0.23971415877206814,0.1953039130261457,0.8124068157614482,,False,,,1,0.608,0.854
BAX,Baxter International Inc.,Health Care,XLV,13510829056.0,2026-08-24,26.489999771118164,0.005694746304530041,0.02238517665464146,0.13496142236233055,0.09871861412068306,0.24607949710496357,False,0.09607525180101684,0.3111528040489482,0.06154947181649639,0.13529942177083698,0.9343915137451884,0.5606835030258391,0.6094490537741528,1.6905579004227578,0.5606835030258391,211511416.68957233,0.7870370697419776,26.71200008392334,22.988833332061766,20.30283861955007,False,True,True,True,True,False,weak_rally,0,0,normal,False,False,,False,9.0,,0.032222404320204866,57.48551490957538,True,True,True,True,False,True,False,,Confirmed Uptrend,27.61,-0.0406,0.33027630745520764,0.9944216998611353,-0.19420321342076663,-0.03116181400067508,0.36233927320565174,0.8116080937167199,,False,,,1,0.608,0.854
EXPD,Expeditors International of Was,Industrials,XLI,21958522880.0,2026-08-24,187.8300018310547,0.00010651335243583304,-0.002337082017427994,0.09624142550257209,0.06123506582530336,0.08770969241783111,True,0.058681883646301225,0.14451254235244515,0.12196327266261386,0.10153207008317278,0.997662917982572,0.6505621001985706,0.6532642023607692,1.8212062978768522,0.6505621001985706,190418029.51065826,0.6064064561312074,180.1875,171.5341667175293,159.51445643107095,True,True,True,True,True,False,weak_rally,0,0,normal,False,False,,False,14.0,,0.022576447105760625,65.86681588402982,True,True,True,True,False,True,False,,Confirmed Uptrend,181.48,0.035,0.2986104248368124,0.9597340907832117,0.27253289013860593,0.08174041820180089,0.7768788049637514,0.8107561235356763,,False,,,1,0.608,0.854
SONY,Sony Group Corporation,Information Technology,XLK,136593465344.0,2026-08-24,24.260000228881836,0.014214053156498485,0.02362866868840241,0.08838040522385882,0.05362507209686007,0.10556984857628615,True,0.05109019849151486,0.16330539937506416,0.05362235343844368,0.165786299446125,0.9987648956148729,0.5904876163310709,0.673541034722528,1.9772834568676545,0.5904876163310709,125718489.37651825,0.7272743035988313,23.36200017929077,21.7443333307902,21.4255833307902,True,True,True,True,True,False,weak_rally,1,0,normal,False,False,,False,16.0,,0.019873989646877574,65.36218669749414,True,True,True,True,False,True,False,,Confirmed Uptrend,23.26,0.043,0.39979007452465737,0.9094630889501736,-0.3540701147028982,-0.1106471923540282,0.1921714419139715,0.8086794462193824,,False,,,1,0.608,0.854
BSY,"Bentley Systems, Incorporated",Information Technology,XLK,10766554112.0,2026-08-24,37.68000030517578,0.01618118782342104,0.08462862650151548,0.1177692473605485,0.08207543813293738,0.18801305329725393,False,0.07947211695184864,0.2500539890884961,0.08207264606432085,0.25271989181019383,1.0,0.7584961096939598,0.7356345693425129,1.646047035000336,0.7584961096939598,99186244.74154015,0.7610617676547736,35.929000282287596,32.90708614985148,33.79040630658468,True,True,True,True,False,False,weak_rally,2,0,normal,False,False,,False,13.0,,0.039932139579158595,64.74059275570616,True,True,True,True,False,True,False,,Confirmed Uptrend,36.04,0.0455,0.3549338293962641,0.9094630889501736,-0.4965347870447665,-0.10087239552620475,0.16304590729698792,0.8077742279020235,,False,,,1,0.608,0.854
MA,Mastercard Incorporated,Financials,XLF,506381893632.0,2026-08-24,599.8599853515625,0.03311916419584815,0.06687293233180647,0.08727404154585505,0.05255403801318215,0.1903954709105924,True,0.050021741165073186,0.25256082235346966,0.06224918151445058,0.11236032515805539,1.0,1.0021431232721252,0.9565270232144744,1.4747952210293778,1.0021431232721252,1778414696.1779358,0.9917581779769229,570.6634887695312,530.7138280232747,516.2362225850424,True,True,True,True,True,False,accumulation,2,2,normal,False,False,,False,17.0,,0.017456458911964175,73.35409119195731,True,True,True,True,False,True,False,,Confirmed Uptrend,577.35,0.039,0.36611616553901105,0.9993134723312326,-0.2196025383334539,0.002796680267958429,0.37246450598827974,0.807241746538871,,False,,,1,0.608,0.854
HUBS,"HubSpot, Inc.",Information Technology,XLK,12150626304.0,2026-08-24,244.1699981689453,0.01733262679605163,0.13477715409575852,0.09488365626348982,0.05992065433318827,0.26235721520474176,False,0.057370634443207225,0.32828058424244944,0.05991791943034275,0.33111331535296107,0.9723240001458311,0.37098778305519836,0.5951659809395957,1.706674641595484,0.37098778305519836,492851312.1800995,0.8754877788797538,231.49099884033203,211.7769989013672,221.34491602579752,True,True,True,False,False,False,weak_rally,1,0,normal,False,False,,False,13.0,,0.07532014786613841,57.00371883429267,True,True,True,True,False,True,False,,Confirmed Uptrend,250.21,-0.0241,0.25604540619103094,0.9094630889501736,-0.6177519609260468,-0.13409817805724733,0.12079684269874084,0.8070287539936103,,False,,,1,0.608,0.854
WTW,Willis Towers Watson Public Lim,Financials,XLF,31726964736.0,2026-08-24,350.75,0.025614813344746024,0.07572226776137847,0.1589676943660261,0.12195829203960717,0.3010393727594738,True,0.11925901832630248,0.3689828182992527,0.13229272262551262,0.21575108028519874,1.0,0.6895124007329266,0.7399825560004472,0.9102712465935737,0.6895124007329266,201929459.80357057,0.9462212653222308,336.14000091552737,293.76611811319987,285.56029955546063,True,True,True,True,True,False,weak_rally,0,2,normal,False,False,,False,17.0,,0.021608806921233837,72.21570107421505,True,True,True,True,False,True,False,,Confirmed Uptrend,336.05,0.0437,0.33432568865367057,0.9993134723312326,-0.24610732854589223,-0.0635976624539688,0.2874066733867523,0.8056443024494143,,False,,,1,0.608,0.854
FAST,Fastenal Company,Industrials,XLI,54747111424.0,2026-08-24,51.279998779296875,0.00039017671514973706,0.0009759757467755481,0.08231316216255169,0.04775157476337588,0.0712876089679153,True,0.04523083196580613,0.12723285769852954,0.10770820114649071,0.08490129837656601,0.9789995749066918,0.7058316521484028,0.7091509414933352,2.5077821681102352,0.7058316521484028,386179479.4269295,0.04395286542500346,50.34749984741211,47.49048868815104,46.13371969858805,True,True,True,True,True,False,weak_rally,1,0,normal,False,False,,False,36.0,,0.018790391944637833,61.82599567481413,True,True,True,True,False,True,False,,Confirmed Uptrend,48.33,0.0609,0.3790264744368678,0.9597340907832117,-0.17288816658644768,-0.036119047510385416,0.3739064769096718,0.8045793397231097,,False,,,1,0.608,0.854
RVMD,"Revolution Medicines, Inc.",Health Care,XLV,39868215296.0,2026-08-24,211.5800018310547,0.010121240567338985,-0.001981123438421273,0.12500661238507016,0.08908169183720616,0.366545949512844,True,0.08646151459597085,0.4379103080728801,0.052238562154563795,0.24505605774727335,0.9795370455141421,0.9339121207990166,0.963770844465407,1.0298978520456286,0.9339121207990166,342615865.70244217,0.9435982843160059,200.97875061035157,182.28941701253254,153.10887502034504,True,True,True,True,True,False,weak_rally,1,1,normal,False,False,,False,35.0,,0.032883887308817104,63.93690234114728,True,True,True,True,False,True,False,,Confirmed Uptrend,189.99,0.1136,0.32371879647662444,0.9944216998611353,3.4126139258269497,0.6764114320340429,0.9869937867682653,0.800479233226837,,False,,,1,0.608,0.854
WBD,"Warner Bros. Discovery, Inc. - ",Communication Services,XLC,65937694720.0,2026-08-24,28.700000762939453,0.00525399404158966,0.027568938394210596,0.13528480946998567,0.09903167448356975,0.029868178638637444,True,0.09638755898473983,0.0836504038145558,0.08818346756733475,0.06383320918705548,1.0,1.0246148680136529,0.9671798432994467,3.113753775530899,1.0246148680136529,561908703.0343558,0.04081743869209809,27.089999961853028,26.77383337020874,27.03733334541321,True,True,True,False,False,True,accumulation,4,0,normal,False,False,,False,121.0,,0.0161896535653054,70.53714526404714,True,True,True,True,True,True,False,,Confirmed Uptrend,28.5,0.007,0.4027859288035753,0.9408024526034724,0.8914364777818169,-0.18145293539761254,0.6486468139390522,0.7985090521831736,,False,,,1,0.608,0.854
APA,APA Corporation,Energy,XLE,13191508992.0,2026-08-24,42.959999084472656,-0.00991012471132613,0.03318896567212981,0.23661476709429552,0.19712585496959778,0.13371608740172847,False,0.19424573868117267,0.19292150335972136,0.14354045102885649,0.0569824751074306,0.967785529965354,1.018863889240664,1.107121283927528,1.5583655615854988,1.018863889240664,240208500.91441154,0.6962782667631408,39.34950008392334,36.3105850537618,37.01552268664042,True,True,True,True,False,False,distribution,3,4,normal,False,False,,False,10.0,분산4일,0.037885740528883584,66.58373799906327,True,True,True,True,False,True,False,,Confirmed Uptrend,41.02,0.0473,0.32412526463219166,0.9899607938878676,0.542618883495851,0.1721809136960495,0.8937055577386342,0.7975505857294996,,False,,,1,0.608,0.854
RBRK,"Rubrik, Inc.",Information Technology,XLK,14893754368.0,2026-08-24,98.04000091552734,-0.020481521604244768,-0.02949906777435629,0.3103448451672395,0.26850150492843206,0.32253398630677843,False,0.26544966887371024,0.39159993292955897,0.26849823182646815,0.3945677007868629,0.9329146858118086,0.6388709498159328,0.879636128046557,0.9266819387239169,0.6388709498159328,283247828.3355301,0.32587945087945086,89.91999969482421,81.39333305358886,68.25716648101806,True,True,True,True,True,False,dry_up,1,5,normal,False,False,,False,7.0,분산5일,0.05241372760498191,62.428040439078735,True,True,True,True,False,True,False,,Confirmed Uptrend,105.09,-0.0671,0.31910590937821476,0.9094630889501736,-0.26908702962888875,0.42358085905792753,0.4798644592893795,0.7972310969116081,,False,,,1,0.608,0.854
TRMB,Trimble Inc.,Information Technology,XLK,13189449728.0,2026-08-24,60.66999816894531,0.006970923965897269,0.08942358888563362,0.08786081533014434,0.05312207430619953,0.16952558416830832,True,0.05058841084273191,0.230601059283855,0.05311935694566339,0.23322547610257272,1.0,0.8877966380052673,0.9806979799770128,1.4025745144568986,0.8877966380052673,166059162.73123628,0.5487165041022571,58.24700012207031,54.28200003306071,59.26308320363363,True,True,True,False,False,False,weak_rally,3,1,normal,False,False,,False,7.0,,0.03503142353486751,63.25410067126044,True,True,True,True,True,True,False,,Confirmed Uptrend,57.54,0.0544,0.3207495098110938,0.9094630889501736,-0.4392809755792786,-0.2570582720267226,0.07512645720501387,0.7969648562300319,,False,,,1,0.608,0.854
BLK,"BlackRock, Inc.",Financials,XLF,177299947520.0,2026-08-24,1172.6099853515625,0.013886071372103848,0.02222977772456991,0.1040069757090265,0.06875263813446719,0.111777213813679,True,0.06618136973473288,0.16983692834706954,0.07859698799191661,0.03889580671462922,0.9913513401944823,0.8286026494736632,0.8441851644602534,1.6351617536571352,0.8286026494736632,674437969.8039612,0.8981216390731871,1137.4804992675781,1060.661693318685,1037.0673853556316,True,True,True,True,True,False,weak_rally,0,1,normal,False,False,,False,28.0,,0.01726004525108337,63.490623723168625,True,True,True,True,False,True,False,,Confirmed Uptrend,1093.4,0.0724,0.41909199878486153,0.9993134723312326,-0.18484765758159116,-0.08438340956376134,0.3176381746424971,0.7968583599574016,,False,,,1,0.608,0.854
HMC,"Honda Motor Company, Ltd.",Consumer Discretionary,XLY,39068532736.0,2026-08-24,32.59000015258789,-0.02337425245020286,0.02163011104416457,0.11877792967743539,0.08305191012173085,0.16038434460428208,False,0.08044623968649445,0.2209824419205948,0.048227712843809556,0.18120844489704457,0.9766257475497971,0.9143994410450763,0.8313522898096589,1.9776945579260605,0.9143994410450763,36851344.91262436,0.08571117166212534,31.324499988555907,28.67916663487752,26.881500053405762,True,True,True,True,True,False,dry_up,0,0,normal,False,False,,False,36.0,,0.019396827522325796,65.96493676000793,False,True,True,True,False,True,False,,Confirmed Uptrend,28.02,0.1631,0.401064859109236,0.9538536360667944,-0.2937839167846408,-0.13974591548675452,0.19632491044631623,0.7954739084132056,,False,,,1,0.608,0.854
AMP,"Ameriprise Financial, Inc.",Financials,XLF,48252260352.0,2026-08-24,561.1300048828125,0.009971341744017481,-0.0008902658256378926,0.046231591194704436,0.012822199307974458,0.20460547502976367,True,0.010385491670765079,0.2675129075050875,0.022151370266357162,0.12563880713212328,0.9832655990826117,0.5917263596088989,0.9102225657995752,1.9615277924084413,0.5917263596088989,234026674.0054016,0.8035524091967219,556.1024627685547,506.0933120727539,479.58641103108727,True,True,True,True,True,False,weak_rally,1,0,normal,False,False,,False,136.0,,0.01909029335740486,60.861110507022325,True,True,True,True,False,True,False,,Confirmed Uptrend,537.74,0.0435,0.4796943548819283,0.9993134723312326,-0.10046395101114303,0.07458054030619188,0.5208688273450537,0.7943024494142704,,False,,,1,0.608,0.854
UHS,"Universal Health Services, Inc.",Health Care,XLV,10196743168.0,2026-08-24,176.39999389648438,-0.004851633967067448,0.03442206743216225,0.10727510262879125,0.07191640371213825,0.16413338638689057,True,0.06933752373778512,0.2249272677982248,0.03565396778385055,0.06063855757176828,0.9951483660329326,0.6495321887160942,0.8310089839027828,1.5227382388509025,0.6495321887160942,144735571.50554657,0.21004880465944886,170.77799911499022,156.07925389607746,166.80757904052734,True,True,True,False,False,False,dry_up,0,0,normal,False,False,,False,13.0,,0.029105924891116772,64.99491262974058,True,True,True,True,False,True,False,,Confirmed Uptrend,171.66,0.0276,0.3884369102579411,0.9944216998611353,-0.2766562575784316,-0.38345290371653706,0.10541263034403421,0.7931309904153354,,False,,,1,0.608,0.854
SE,Sea Limited,Consumer Discretionary,XLY,65376600064.0,2026-08-24,115.68000030517578,-0.015740649139247442,-0.03156129543226316,0.1081521312533591,0.07276542611584569,0.30116950136921905,False,0.0701845035131059,0.3691197425420085,0.03827197803375659,0.3245201130181872,0.8796289646195878,0.4819520506474097,0.7486644325112817,1.5080841300791497,0.4819520506474097,576977871.4099705,0.538461743663069,115.78150024414063,103.06833368937174,94.68350016276041,False,True,True,True,True,False,dry_up,1,2,normal,False,False,,False,9.0,,0.04287072249346582,52.87352955957727,True,True,True,False,False,True,False,,Confirmed Uptrend,131.51,-0.1204,0.22520925150343163,0.9538536360667944,-0.5263533949087766,-0.17421584193366768,0.10209723622240066,0.7930244941427049,,False,,,1,0.608,0.854
CPAY,"Corpay, Inc.",Financials,XLF,24975441920.0,2026-08-24,413.9200134277344,-0.0076954220926397365,0.015455616471256928,0.09009513244979628,0.05528504280965807,0.1371053065755672,True,0.052746175548450625,0.19648771581537838,0.06500534177320993,0.06256354251229257,0.9733797924310893,0.8652537916412778,0.7488381145011306,1.540247099300618,0.8652537916412778,227736210.01622772,0.21957348249792422,402.0789993286133,370.055832417806,343.4687489827474,True,True,True,True,True,False,dry_up,1,0,normal,False,False,,False,14.0,,0.02650270265994604,62.92212561350102,True,True,True,True,False,True,False,,Confirmed Uptrend,396.52,0.0439,0.38980487481478715,0.9993134723312326,-0.007614978696848573,0.023590862115322464,0.5518404492206409,0.7917465388711397,,False,,,1,0.608,0.854
CBRE,CBRE Group Inc,Real Estate,XLRE,42512547840.0,2026-08-24,151.92999267578125,-0.0011177739704932854,0.02683148000656299,0.05594931553919058,0.022229606831974058,0.110124107065662,True,0.019770266296536443,0.16809749233749716,0.06596595973649944,0.1314378025639411,0.979750986650356,0.4734380324465752,0.8032202951843158,1.878912413351191,0.4734380324465752,242909513.87758788,0.4196877878317106,149.35350036621094,140.10533409118653,139.51683406829835,True,True,True,True,True,False,dry_up,0,1,normal,False,False,,False,17.0,,0.02912526936855231,57.34503961189008,True,True,True,True,False,True,False,,Confirmed Uptrend,149.46,0.0165,0.3235628411547568,0.9852206799546813,-0.25443467606803394,-0.11146978349977499,0.23966354011834184,0.7914270500532483,,False,,,1,0.608,0.854
BMY,Bristol-Myers Squibb Company,Health Care,XLV,133367668736.0,2026-08-24,67.27999877929688,0.004029199141308837,0.0410026557093619,0.0754475272121875,0.04110518064892066,0.15253583161411122,True,0.03860042813998188,0.21272406046212033,0.005885074139543756,0.050072058999179436,0.995119038188499,0.5577608058370724,0.7615069418523838,3.7724290057875396,0.5577608058370724,793118810.851577,0.8691101986035439,64.97050018310547,59.73685239156087,58.73378289540609,True,True,True,True,True,False,weak_rally,1,0,normal,False,False,,False,11.0,,0.024200571595492784,63.545121133085296,True,True,True,True,False,True,False,,Confirmed Uptrend,64.72,0.0396,0.36215986293647034,0.9944216998611353,0.1429537556226428,-0.048578105845380026,0.5953515231244981,0.7910010649627264,,False,,,1,0.608,0.854
AGI,Alamos Gold Inc.,Materials,XLB,11649335296.0,2026-08-24,38.31999969482422,0.012150002035311136,0.12739034429352625,0.2893674488614597,0.24819398139254534,0.07087315257009741,False,0.24519100238077396,0.1267967573779505,0.2366664827476488,0.05815258569643822,0.9973972285557806,0.9685459185302662,1.00830893631565,1.8249676291441481,0.9685459185302662,171314957.82510337,0.6457566757224701,32.423000240325926,32.549552249908444,38.241918834050495,True,True,False,False,False,False,weak_rally,2,0,normal,False,False,,False,11.0,,0.039544804106106946,73.72219955651519,True,True,True,True,False,True,False,,Confirmed Uptrend,33.15,0.156,0.35227065889098313,1.0,-0.09237819278901205,-0.45216782998877947,0.23420819736549864,0.7905750798722044,,False,,,1,0.608,0.854
CMG,"Chipotle Mexican Grill, Inc.",Consumer Discretionary,XLY,47188930560.0,2026-08-24,38.02000045776367,0.03035227332170387,0.12618490367380453,0.14518071036325675,0.10861156883125567,0.17264848096087282,False,0.1059444054551808,0.2338870413546934,0.07296553227772962,0.19369267178370952,0.9870197301646391,0.9117460106125838,0.9066527764533816,1.4333093748951755,0.9117460106125838,691935803.2377672,0.9488636117336477,34.53250007629394,33.18450009028117,33.335083452860516,True,True,True,False,False,False,weak_rally,2,0,normal,False,False,,False,17.0,,0.031637462436577286,65.75304573265868,True,True,True,True,False,True,False,,Confirmed Uptrend,38.52,-0.013,0.2872020121552917,0.9538536360667944,-0.36977909745463033,-0.20233906504369714,0.12357144077497395,0.7904685835995741,,False,,,1,0.608,0.854
GRMN,Garmin Ltd.,Consumer Discretionary,XLY,56656220160.0,2026-08-24,291.25,-0.012209618548394197,-0.05284552845528456,0.20117952131693162,0.1628221655538864,0.18183559694102813,False,0.1600245791132875,0.2435539309122936,0.12543305417894168,0.20304465850299702,0.9300357535895624,1.732537030800751,1.0679786234181685,1.239962605224685,1.732537030800751,321100943.878479,0.08900322441710222,300.0979995727539,259.48219045003253,250.97281748453776,False,True,True,True,True,False,distribution,0,3,interest,False,False,,False,18.0,분산3일,0.024611897237603462,53.769831100952565,True,True,True,True,False,True,False,,Confirmed Uptrend,294.83,-0.0121,0.24893099099099578,0.9538536360667944,-0.08476985561223105,-0.08904830757252769,0.3865334039511825,0.7903620873269436,,False,,,1,0.608,0.854
GH,"Guardant Health, Inc.",Health Care,XLV,21479862272.0,2026-08-24,163.17999267578125,-0.04399794749667896,0.009339979736116444,0.12174325501110705,0.08592254349907269,0.20152561054589624,False,0.08330996672402757,0.2642722049949384,0.0491862863428727,0.09470650473330378,0.9555541874639182,0.9514269153259749,0.8832322482818488,1.7812062642634336,0.9514269153259749,372714331.5491699,0.2150409742455558,160.54649963378907,149.69499994913738,121.25908323923747,True,True,True,True,True,False,dry_up,3,2,normal,False,False,,False,5.0,,0.043548752384945655,53.98346309190382,True,True,True,True,False,True,False,,Confirmed Uptrend,161.67,0.0093,0.38977657644769725,0.9944216998611353,1.0451879354865499,0.4333581676379259,0.9585755696411588,0.7887646432374867,,False,,,1,0.608,0.854
SOLV,Solventum Corporation,Health Care,XLV,14796048384.0,2026-08-24,91.25,0.018756283475491076,0.051025113116187626,0.13396295036371164,0.0977520264032985,0.11020653044042694,True,0.09511098955761432,0.1681842200616861,0.06061558331432049,0.011505955264949241,1.0,0.8579998213087514,0.7429472423083311,1.5801266716303897,0.8579998213087514,115759917.38144684,0.8790688596724685,86.87799987792968,80.85366617838541,74.97949978510539,True,True,True,True,True,False,weak_rally,2,1,normal,False,False,,False,18.0,,0.03201174502736668,66.80233722637986,True,True,True,True,False,True,False,,Confirmed Uptrend,88.55,0.0305,0.30681397823637885,0.9944216998611353,-0.07832338361845914,-0.013624717083867699,0.46088693740638864,0.7867412140575081,,False,,,1,0.608,0.854
EDU,New Oriental Education & Techno,Consumer Staples,XLP,9817676800.0,2026-08-24,56.380001068115234,0.010394298189693618,0.05977444096938922,0.12963336486643162,0.09356069788449539,0.20224335921555125,False,0.09092974478521687,0.2650274362486482,0.10263588427043757,0.20786971815245647,0.9546224137680469,0.44460045091871314,0.6033454388357117,1.3147476843460544,0.44460045091871314,52114476.95437431,0.4704953639483099,55.69350051879883,50.04200032552083,51.710699717203774,True,True,True,False,False,False,weak_rally,0,1,normal,False,False,,False,135.0,,0.029574825581220578,57.85592350485501,True,True,True,True,False,True,False,,Confirmed Uptrend,59.36,-0.0503,0.23191824702988675,0.9838065079008816,-0.10426250809209314,-0.2315445388221613,0.2725085851941706,0.7859424920127795,,False,,,1,0.608,0.854
KO,Coca-Cola Company (The),Consumer Staples,XLP,376860246016.0,2026-08-24,91.98999786376953,0.009769477547260985,0.05759938277165588,0.09420718684066931,0.059265786659193465,0.08125825130315367,True,0.05671734228865066,0.13772419126624347,0.0680563681648938,0.08631841402203233,1.0,0.9289064311450593,0.9295932725821326,1.775206887509833,0.9289064311450593,1399798922.471756,0.516906360801716,88.1254997253418,83.62533556620279,80.34763476053874,True,True,True,True,True,False,weak_rally,1,0,normal,False,False,,False,19.0,,0.014520209791826279,73.17510674695755,True,True,True,True,False,True,False,,Confirmed Uptrend,88.27,0.0421,0.39009167368353276,0.9838065079008816,0.018243542398373336,-0.04958149042202298,0.5023088619705797,0.7842917997870075,,False,,,1,0.608,0.854
RACE,Ferrari N.V.,Consumer Discretionary,XLY,69254447104.0,2026-08-24,424.44000244140625,-0.027717977428569407,0.017597689356228408,0.11691795356439139,0.0812513287654344,0.11890217762598176,False,0.0786499902754747,0.17733397512695204,0.046485026958432485,0.13898184456824825,0.9722820225714306,0.9388026741293125,0.7879670343985109,2.378460846348691,0.9388026741293125,217876169.14543152,0.297265187603196,409.664501953125,379.3945007324219,358.9898307800293,True,True,True,True,True,False,dry_up,1,0,normal,False,False,,False,8.0,,0.017470087980907253,62.993593726717776,True,True,True,True,False,True,False,,Confirmed Uptrend,407.21,0.0423,0.45713894699033886,0.9538536360667944,-0.3364399679873016,-0.06633696218633578,0.23437130181727064,0.7842385516506922,,False,,,1,0.608,0.854
MICC,The Magnum Ice Cream Company N.,Consumer Staples,XLP,11404899328.0,2026-08-24,20.149999618530273,0.00951906526916746,0.059968404835494926,0.11696222815525559,0.08129418953246725,0.07717198112538415,True,0.07869274792553549,0.13342452610512678,0.09026757923733397,0.08221302057561908,1.0,1.096780901725943,1.1559353374459187,1.4948993147924223,1.096780901725943,14784534.42112341,0.13924111756014176,19.150500106811524,18.187666670481363,16.515166640281677,True,True,True,True,True,False,accumulation,3,1,normal,False,False,,False,,,0.021297403851675965,65.46150788670377,False,True,True,True,True,True,False,,Confirmed Uptrend,,,0.33713660383765615,0.9838065079008816,,0.03983912269432466,,0.7833333333333333,,False,,,1,0.608,0.854
CLX,Clorox Company (The),Consumer Staples,XLP,11551617024.0,2026-08-24,107.16999816894531,0.004498975691772822,0.011610304881948252,0.1130477102310874,0.07750467420282647,0.0630888342819893,True,0.07491234963633042,0.11860592302526651,0.08644661566893053,0.0680639662447804,0.9932344453511568,0.6688213721041026,0.7870396336520122,1.6939491559853939,0.6688213721041026,280870711.09623873,0.0625005960460688,103.59741554260253,97.22508265177409,98.06630713144938,True,True,True,False,False,False,weak_rally,1,0,normal,False,False,,False,14.0,,0.024944271920254616,63.30665847388329,True,True,True,True,False,True,False,,Confirmed Uptrend,103.46,0.0358,0.3605045366037835,0.9838065079008816,-0.29833609013834606,-0.29884144954317204,0.11047524673534823,0.7829605963791266,,False,,,1,0.608,0.854
WTS,"Watts Water Technologies, Inc.",Industrials,XLI,11546235904.0,2026-08-24,372.79998779296875,-0.0073755078340393965,-0.03214083056809536,0.07839159568703735,0.04395523596430806,0.11976125315753094,False,0.041443626623481,0.17823791367557384,0.10369462032891219,0.13399093506994864,0.9504626809547303,0.738455387348508,0.8621159052008849,2.1606938713028976,0.738455387348508,71565826.43499756,0.02146999489812635,369.55599822998045,351.25249938964845,325.0444694519043,True,True,True,True,True,False,dry_up,0,0,normal,False,False,,False,12.0,,0.026189838848330926,54.53715721154298,True,True,True,True,False,True,False,,Confirmed Uptrend,377.12,-0.0115,0.47615604199036393,0.9597340907832117,0.08839712925029364,-0.019908840611155165,0.5828339398495384,0.7817891373801917,,False,,,1,0.608,0.854
MKC-V,"McCormick & Company, Incorporat",Consumer Staples,XLP,13697986560.0,2026-08-24,55.36000061035156,-0.005211157368836483,0.019521204202292974,0.09019302759262704,0.05537981185954899,0.08750271117564412,True,0.052840716597348125,0.14429475204555908,0.06413814463349987,0.09259209723964701,0.9876895872238879,1.4721940972189367,0.7032239139280274,1.676840852098584,1.4721940972189367,279978.4741340637,0.0,53.24200000762939,50.69971675872803,51.08778216044108,True,True,True,False,False,False,distribution,0,1,normal,False,False,,False,,,0.02243110776121964,62.69056602670136,False,True,True,True,False,True,False,,Confirmed Uptrend,,,0.4518507790986192,0.9838065079008816,-0.3739638438970725,-0.31543692447935523,0.07905326522127876,0.7813099041533546,,False,,,1,0.608,0.854
GILD,"Gilead Sciences, Inc.",Health Care,XLV,161664827392.0,2026-08-24,146.74000549316406,0.004243159024740706,0.05629144419299936,0.12427214748509985,0.08837068065998377,0.13103731362034887,True,0.08575221401155209,0.19010283748565082,0.05155160415645965,0.03048482150433718,0.9941734378401826,0.9098088721656422,0.9193187767143922,1.4422881349839682,0.9098088721656422,925724631.7890732,0.9576833934846292,136.9115005493164,131.46939379374186,133.74173940022786,True,True,True,False,False,False,weak_rally,1,1,normal,False,False,,False,139.0,,0.028215604580880887,67.72478939122557,True,True,True,True,False,True,False,,Confirmed Uptrend,141.54,0.0367,0.3499655656430363,0.9944216998611353,-0.028193357977162048,-0.1974628738369708,0.34687054723138167,0.7810436634717784,,False,,,1,0.608,0.854
SMCI,"Super Micro Computer, Inc.",Information Technology,XLK,18371192832.0,2026-08-24,35.16999816894531,-0.05558548378687156,-0.08124348770965883,0.17980539413047203,0.142130579974294,0.06031637380491972,False,0.13938277457585868,0.11568867790802484,0.1421276329459853,0.1180680291272238,0.8827810751567171,0.7243407068408139,0.7835582436066227,1.9391792021625622,0.7243407068408139,1890185447.88362,0.41379224666616,33.114499950408934,32.5389999071757,30.723499933878582,True,True,True,True,True,True,dry_up,4,0,normal,False,False,,False,5.0,,0.07236281127537737,55.09347768000562,True,True,True,False,True,True,False,,Confirmed Uptrend,38.28,-0.0812,0.33048746598399165,0.9094630889501736,-0.39482045908366314,-0.09964409650053074,0.1899923117664144,0.7787007454739084,,False,,,1,0.608,0.854
SUZ,Suzano S.A.,Materials,XLB,10517827584.0,2026-08-24,9.069999694824219,0.033029609416046046,0.1539439619282541,0.10340625306362061,0.06817109841036162,0.07264356891391688,True,0.06560122911334032,0.12865962917619944,0.058306172707302206,0.05990197181885204,1.0,2.23686409079819,1.4302504173221273,1.8392574162219337,2.23686409079819,30528151.2841259,0.49999761581193525,8.29650001525879,8.177833302815754,8.760943301518758,True,True,False,False,False,False,accumulation,6,3,attention,True,True,surge+acc,False,,분산3일,0.02909906929554934,69.66732100221039,False,True,True,True,False,True,False,,Confirmed Uptrend,,,0.21383399156461214,1.0,-0.2637934962585111,-0.3076284456706163,0.12866435450160313,0.7785410010649628,,False,,,1,0.608,0.854
LPLA,LPL Financial Holdings Inc.,Financials,XLF,28289939456.0,2026-08-24,364.17999267578125,0.007831704786120719,-0.010918032042295578,0.09873268868431784,0.06364677531297946,0.230706762874751,False,0.061087790900444805,0.29497726818733483,0.07344409473686997,0.15002905200770633,0.9675894487834641,0.5770968813795174,0.6763728664091642,1.427680330530798,0.5770968813795174,240756615.7054901,0.2995112637848676,360.34141693115237,320.28951975504555,312.41492691040037,True,True,True,True,True,False,weak_rally,0,0,normal,False,False,,False,16.0,,0.02481884996472024,60.3620543451778,True,True,True,True,False,True,False,,Confirmed Uptrend,353.42,0.0305,0.4041045617474237,0.9993134723312326,-0.22377659615710466,-0.004362704532657857,0.36094103979088005,0.7782215122470714,,False,,,1,0.608,0.854
ZM,"Zoom Communications, Inc.",Information Technology,XLK,28170819584.0,2026-08-24,104.83000183105469,-0.024201791554829155,-0.0069154579805087435,0.14919974159420057,0.11250226003640629,0.09444904905121265,False,0.10982573620498193,0.1516038446071355,0.11249938945776017,0.154059789590675,0.9543882495095488,1.486397674348581,0.9247290376224446,1.5553341394294027,1.486397674348581,303659220.37464905,0.42723052621398866,102.47900009155273,95.47033297220865,92.12808303833008,True,True,True,True,True,False,distribution,1,1,normal,False,False,,False,7.0,,0.03415052550506724,57.53344149394507,True,True,True,True,False,True,False,,Confirmed Uptrend,109.84,-0.0456,0.3721552168046585,0.9094630889501736,0.022965621812514714,-0.06079694481108988,0.4948787252339216,0.7760915867944622,,False,,,1,0.608,0.854
BX,Blackstone Inc.,Financials,XLF,158998593536.0,2026-08-24,143.63999938964844,0.0018133247174070277,0.021839595258388744,0.09430801424219948,0.059363394331746866,0.1570028542685098,True,0.056814715130883986,0.21742436192175596,0.06912125925564583,0.08115672701478327,0.9619608380929335,0.48425287378514714,0.6605982501616972,1.2733947260922185,0.48425287378514714,618412666.429702,0.29589999401617806,138.77390060424804,126.22704645792643,120.8487122853597,True,True,True,True,True,False,weak_rally,1,0,normal,False,False,,False,13.0,,0.032439723131617436,60.06778750328599,True,True,True,True,False,True,False,,Confirmed Uptrend,136.03,0.0559,0.29526662419956823,0.9993134723312326,-0.3030410557054082,0.059931503182269585,0.36626562562288933,0.7751863684771034,,False,,,1,0.608,0.854
IFF,International Flavors & Fragran,Materials,XLB,20225140736.0,2026-08-24,85.80999755859375,0.018153758916198637,0.04863736573972122,0.12316748487926943,0.08730129332801373,0.07269476728225266,True,0.08468539947496567,0.12871350124805536,0.07725969372708485,0.059952562017801636,0.9743385699550163,0.9798732770214478,0.7716895239556196,1.4711725074666029,0.9798732770214478,133271263.39586487,0.9069072646791976,82.9689998626709,78.67493782043456,75.5110652923584,True,True,True,True,True,False,weak_rally,0,0,normal,False,False,,False,13.0,,0.02998734323459004,61.374203774456134,True,True,True,True,False,True,False,,Confirmed Uptrend,88.07,-0.0257,0.30904544793177896,1.0,0.0004948652494149997,-0.1422462578057485,0.4070273871965283,0.7724174653887114,,False,,,1,0.608,0.854
AJG,Arthur J. Gallagher & Co.,Financials,XLF,64086474752.0,2026-08-24,271.989990234375,0.03100713677071476,0.09686651165635607,0.07353169237110535,0.03925052430553899,0.18676018281132012,False,0.036750233838683366,0.248735690653638,0.04882312827932589,0.10896334461590262,1.0,1.114191766508733,1.008723990423174,1.9731171177088807,1.114191766508733,347016625.69379884,0.9615379863350507,255.10649871826172,239.31674321492514,225.22276293436687,True,True,True,True,True,False,accumulation,4,0,normal,False,False,,False,37.0,,0.02692851423806408,68.24058831008129,True,True,True,True,True,True,False,,Confirmed Uptrend,239.67,0.1349,0.35813117533959304,0.9993134723312326,-0.3020391798475772,0.06871588218817237,0.37414908339170694,0.7706602768903089,,False,,,1,0.608,0.854
TRU,TransUnion,Industrials,XLI,15063592960.0,2026-08-24,84.87000274658203,0.0030729480481608284,0.08001509913027571,0.10042970260124484,0.06528959835719261,0.2469381814050331,False,0.06272666154367257,0.31205633093502927,0.1262498221134254,0.2627839999987813,0.9971801449647699,0.7176725532529437,0.8440393814867543,1.1629914619289872,0.7176725532529437,168540363.83475152,0.49244896830226254,81.10553588867188,75.29036560058594,73.08727836608887,True,True,True,True,True,False,weak_rally,1,0,normal,False,False,,False,19.0,,0.030105700822580773,62.805625762454085,True,True,True,True,False,True,False,,Confirmed Uptrend,83.67,0.0143,0.33477647865204224,0.9597340907832117,-0.24411083226949315,-0.009887703151606586,0.34257994339182085,0.7701277955271566,,False,,,1,0.608,0.854
CNH,CNH Industrial N.V.,Industrials,XLI,12709493760.0,2026-08-24,11.760000228881836,-0.009267030980435909,0.14285716933706283,0.06137186912076564,0.027479001603245123,0.09409073012074454,True,0.025007031762941834,0.15122681338920874,0.08627554851326447,0.1079941966222353,0.9907329690195641,1.2023529688124286,1.1996248553393576,1.5342519283031635,1.2023529688124286,186629107.3270088,0.16883245562320723,10.75999994277954,10.656833346684774,10.6311239639918,True,True,True,False,True,False,distribution,2,2,normal,False,False,,False,19.0,,0.03708090608048228,62.810631446833014,True,True,True,True,False,True,False,,Confirmed Uptrend,11.44,0.028,0.2468282380482866,0.9597340907832117,-0.19995686164949955,-0.18764492842882752,0.22833689270073407,0.7683173588924388,,False,,,1,0.608,0.854
TEVA,Teva Pharmaceutical Industries ,Health Care,XLV,40766586880.0,2026-08-24,36.93000030517578,-0.010980177979021621,0.01289087308022685,0.18822395095978361,0.15028030639684054,0.02993853949958214,True,0.14751289390386435,0.08372443909106697,0.11136685590216189,-0.061625978864107256,0.9855884468125136,0.556456464345816,0.8776375753290514,2.440414101263854,0.556456464345816,213869192.5318428,0.3035742263336081,35.74100027084351,33.946166865030925,33.0107501188914,True,True,True,True,True,False,dry_up,3,1,normal,False,False,,False,17.0,,0.02396424794507922,61.89894737832526,True,True,True,True,True,True,False,,Confirmed Uptrend,35.41,0.0429,0.35468354860959667,0.9944216998611353,0.39410227220936234,-0.16537493727015684,0.6049612456077407,0.767199148029819,,False,,,1,0.608,0.854
VLTO,Veralto Corp,Industrials,XLI,22958018560.0,2026-08-24,99.37000274658203,0.00607478104594783,0.02708013174761792,0.05398816327098732,0.020331080186270833,0.16067460489147845,False,0.017876307238688494,0.22128786030709913,0.07871859382529744,0.17542420475917786,0.9927073352780541,1.1748325564822983,1.058560131867391,1.7741217192915237,1.1748325564822983,155455424.78777885,0.4228602818080357,97.42299957275391,91.20707753499349,89.84268175760904,True,True,True,True,True,False,accumulation,2,1,normal,False,False,,False,18.0,,0.019220372398985986,60.68459968597497,True,True,True,True,False,True,False,,Confirmed Uptrend,98.83,0.0055,0.30176350817379327,0.9597340907832117,-0.27449200077186675,-0.08442192830543904,0.24854908794769723,0.765548455804047,,False,,,1,0.608,0.854
CNQ,Canadian Natural Resources Limi,Energy,XLE,99446652928.0,2026-08-24,50.68000030517578,-0.0140078054344146,0.028617816811688845,0.13150255122246612,0.09537019537240177,0.08648037579994527,True,0.0927348888768893,0.1432190278260046,0.04633954906231175,0.012943830937938827,0.9859921945655854,1.0546907678735264,0.7849214035395092,1.5989693440047779,1.0546907678735264,294846953.9705852,0.3294109199271167,47.66599998474121,44.60499782562256,45.533700243632,True,True,True,True,False,False,distribution,2,2,normal,False,False,,False,108.0,,0.022437701647707052,68.70102258323834,True,True,True,True,False,True,False,,Confirmed Uptrend,49.57,0.0225,0.3647814460760599,0.9899607938878676,0.33587639161803007,0.027574892029767817,0.7597384861583321,0.7653887113951012,,False,,,1,0.608,0.854
YUMC,"Yum China Holdings, Inc.",Consumer Discretionary,XLY,16509649920.0,2026-08-24,48.91999816894531,-0.012116362747817577,0.03775983882782463,0.09391763939169562,0.058985485350629085,0.08194438451874864,True,0.056437715345576844,0.1384461560298631,0.024935114254232893,0.10136081191125457,0.9878836372521824,1.14203237163355,0.8506887188180217,1.7784827238416305,1.14203237163355,72542938.84379348,1.0,47.65349998474121,44.3876667658488,46.56312224070231,True,True,True,False,False,False,distribution,0,2,normal,False,False,,False,11.0,,0.01985018968996148,63.44781013637834,True,True,True,True,False,True,False,,Confirmed Uptrend,47.72,0.0251,0.367378832376682,0.9538536360667944,-0.17122091729513889,-0.26881824677926314,0.2113958984697568,0.7650159744408945,,False,,,1,0.608,0.854
AR,Antero Resources Corporation,Energy,XLE,11110845440.0,2026-08-24,37.900001525878906,-0.0010542198808073389,0.04120878948132911,0.1196455903788034,0.08389186374883284,0.06749280369585708,True,0.08128417250340925,0.12323987845054574,0.03537500722455489,-0.004758600192641516,0.9989457801191927,0.8260237959134784,0.7785278313595716,2.2389688527079987,0.8260237959134784,154890074.60442084,0.3375837654227997,36.357500076293945,35.256833203633626,37.14691661198934,True,True,True,True,False,False,dry_up,0,0,normal,False,False,,False,108.0,,0.028562001826510912,60.76836034980196,True,True,True,True,False,True,False,,Confirmed Uptrend,43.3,-0.1247,0.31870391649562435,0.9899607938878676,-0.02242305418668744,-0.046815079125502534,0.4717060475075886,0.7605963791267306,,False,,,1,0.608,0.854
PFE,"Pfizer, Inc.",Health Care,XLV,142543093760.0,2026-08-24,27.969999313354492,-0.003562535894439889,0.040937790836052645,0.13376567599736666,0.09756105161409256,0.04815687215264419,True,0.09492047422686811,0.10289417745740392,0.06043106911386387,-0.04502730873535221,0.9904390771971674,0.5901271727106356,0.9155249408079479,2.631900865059014,0.5901271727106356,1064545399.2003101,0.45441023519017637,26.46450004577637,25.18426577250163,25.587066825230917,True,True,True,True,False,False,dry_up,1,0,normal,False,False,,False,6.0,,0.021658680250904172,70.14276934905159,True,True,True,True,False,True,False,,Confirmed Uptrend,26.79,0.044,0.32593456457633346,0.9944216998611353,-0.13211087079511397,-0.13837877869595516,0.3148202946586709,0.7600638977635783,,False,,,1,0.608,0.854
ANET,"Arista Networks, Inc.",Information Technology,XLK,227091218432.0,2026-08-24,188.14999389648438,-0.002650410899426525,-0.06764127328468117,0.10183883783711578,0.06665373557186727,0.15950660269510375,False,0.06408751683623737,0.2200588621906303,0.06665098329571828,0.22266079640286174,0.8938241990331799,0.6531607546026632,0.7944929178322362,1.3716771273949406,0.6531607546026632,1538351313.3510468,0.5094770792805953,188.85200042724608,175.27300008138022,160.77883338928223,False,True,True,True,True,False,dry_up,1,2,normal,False,False,,False,13.0,,0.04935652755851744,51.38156641857821,True,True,True,False,False,True,False,,Confirmed Uptrend,197.31,-0.0464,0.32984262951257604,0.9094630889501736,0.1210176706475008,0.25423852565595406,0.756717864607359,0.7577209797657083,,False,,,1,0.608,0.854
INSM,Insmed Incorporated,Health Care,XLV,21371791360.0,2026-08-24,123.9800033569336,-0.014232275852028464,-0.033821724747252535,0.18380597138332444,0.14600340649361998,0.23549530584125433,False,0.14324628361975433,0.30001588053303707,0.10723464154361162,0.1256561957571527,0.9200742364150916,0.43714001968288435,0.45614175524277095,0.9986654938348943,0.43714001968288435,364831279.98462105,0.34259300685468586,118.95750122070312,109.47833366394043,122.97975012461345,True,True,True,False,False,False,dry_up,0,0,normal,False,False,,False,12.0,,0.05670270018371257,55.89384844086353,True,True,True,True,False,True,False,,Confirmed Uptrend,132.55,-0.0647,0.23855906033991148,0.9944216998611353,-0.3140757225025653,-0.3823998313067224,0.08637155239673563,0.7561235356762513,,False,,,1,0.608,0.854
ZBH,"Zimmer Biomet Holdings, Inc.",Health Care,XLV,18171930624.0,2026-08-24,100.9800033569336,0.0,0.028309638442826524,0.09677423364442839,0.06175085976479622,0.11989186339309499,True,0.05919643665818364,0.17837534469582184,0.025832319484331734,0.02033023407410095,1.0,0.591300295471743,0.5284765980800694,1.5252822677863331,0.591300295471743,247443877.20165443,0.20279779974710962,97.93100090026856,91.70079714457194,90.08692493438721,True,True,True,True,True,False,dry_up,1,1,normal,False,False,,False,13.0,,0.02863368790851315,61.63965354164421,True,True,True,True,False,True,False,,Confirmed Uptrend,98.16,0.0287,0.417719068296826,0.9944216998611353,-0.24797790264958608,-0.1517617228239886,0.21561998485133232,0.7557507987220448,,False,,,1,0.608,0.854
OVV,Ovintiv Inc. (DE),Energy,XLE,17276436480.0,2026-08-24,65.91999816894531,-0.013469044148298859,0.03241972974616769,0.09720366444582895,0.06216657752020094,0.12984205014176742,True,0.05961115425518915,0.18884515443640693,0.014622182022853814,0.05337064535817082,0.9865309558517011,0.8550979901655582,1.122546813380924,1.4461396386328387,0.8550979901655582,215865123.5775482,0.5665788855113285,62.68649959564209,58.315956115722656,57.702403704325356,True,True,True,True,True,False,dry_up,3,1,normal,False,False,,False,21.0,,0.027679662044796174,64.18917569233865,True,True,True,True,True,True,False,,Confirmed Uptrend,63.13,0.0442,0.3473352923872466,0.9899607938878676,0.4037354644971771,0.15317541934756562,0.859511939542009,0.7534611288604898,,False,,,1,0.608,0.854
MDT,Medtronic plc.,Health Care,XLV,109303054336.0,2026-08-24,92.9000015258789,-0.004820535142985971,0.02538634757719982,0.10306340749662746,0.06783920095657825,0.12472037274538073,True,0.06527013015810978,0.18345601056933547,0.031714694910861985,0.02472947496394906,0.9869330100560011,0.8317608049750981,0.8976590139578549,1.4075066024650755,0.8317608049750981,640492054.2838428,0.1756286711221465,89.27699966430664,83.38501777648926,83.09319763183593,True,True,True,False,True,False,dry_up,3,1,normal,False,False,,False,19.0,,0.021701520844630628,66.40480821162544,True,True,True,True,True,True,False,,Confirmed Uptrend,86.88,0.0693,0.4543380991844376,0.9944216998611353,-0.19774177831229733,-0.21147687571691176,0.21620451840335322,0.7522364217252395,,False,,,1,0.608,0.854
DRI,"Darden Restaurants, Inc.",Consumer Discretionary,XLY,23317035008.0,2026-08-24,225.55999755859375,0.0178699970487739,0.00026606456139144363,0.10514449198102427,0.06985383001401835,0.03947298298769564,True,0.06727991230163588,0.093756794445224,0.035454000710582356,0.058127224360397634,0.9906887070213218,0.7926061555250237,0.831762546942294,2.101500560220215,0.7926061555250237,241161879.80621338,0.4273792541267577,215.93949966430665,206.54071502685548,201.39597180684407,True,True,True,True,True,False,weak_rally,2,0,normal,False,False,,False,40.0,,0.025351182543601858,62.814559559179436,True,True,True,True,False,True,False,,Confirmed Uptrend,212.01,0.0639,0.29885029146855696,0.9538536360667944,-0.1658183924682839,-0.14501618033327457,0.2851131878833439,0.752076677316294,,False,,,1,0.608,0.854
IVZ,Invesco Ltd,Financials,XLF,13068400640.0,2026-08-24,32.45000076293945,0.013429116147046116,-0.0036843393616560194,0.0849232608152779,0.050278324940022934,0.11296778482580416,True,0.0477515031372171,0.1710896738778278,0.0599525067005966,0.04000833107357882,0.996315660638344,0.5874359135141392,0.7421558346862553,1.3808592224524956,0.5874359135141392,147955936.48311862,0.7483021972176016,31.229051780700683,29.103319231669108,26.975889333089192,True,True,True,True,True,False,weak_rally,1,0,normal,False,False,,False,20.0,,0.02432087555031359,62.38660863557018,True,True,True,True,False,True,False,,Confirmed Uptrend,29.91,0.0849,0.36422404091849053,0.9993134723312326,0.2624622192992121,0.09911154147932999,0.7800436236068636,0.7498935037273695,,False,,,1,0.608,0.854
PANW,"Palo Alto Networks, Inc.",Information Technology,XLK,270441431040.0,2026-08-24,350.8999938964844,-0.0194763498359809,-0.06615929109818453,0.10582372934951945,0.07051137724467083,0.20993123185722262,False,0.067935877566214,0.2731167883282848,0.07050861501468697,0.27583187546905563,0.8861110956981929,0.9582704478265127,0.9017175474869991,1.1166972241881303,0.9582704478265127,2028684459.7201126,0.35602448535361936,359.7124984741211,327.39966583251953,256.30291646321615,False,True,True,True,True,False,dry_up,0,0,normal,False,False,,False,58.0,,0.04165888652496271,48.50221508567622,True,True,True,False,False,True,False,,Confirmed Uptrend,300.48,0.1678,0.37706504426771453,0.9094630889501736,0.5024995590234032,1.0635093747940276,0.9390483675317354,0.7482428115015975,,False,,,1,0.608,0.854
FOXA,Fox Corporation,Communication Services,XLC,24450813952.0,2026-08-24,69.20999908447266,0.009775286839739827,0.0002890105847783708,0.22192796310519602,0.18290804579404107,-0.023316457732538654,True,0.18006213555306072,0.027688336167665195,0.17123192076362925,0.00889454464361239,1.0,0.88824433139448,1.0651767983213873,1.7767685443422325,0.88824433139448,335051288.03364754,0.7600021362304688,63.549499893188475,59.40916659037272,60.586749903361,True,True,True,True,False,False,weak_rally,3,4,normal,False,False,,False,6.0,분산4일,0.029568392356772392,72.54601166868068,True,True,True,True,False,True,False,,Confirmed Uptrend,69.04,0.0025,0.5682573844713148,0.9408024526034724,-0.195338368011436,-0.07739204032500235,0.3144077497394543,0.7482428115015974,,False,,,1,0.608,0.854
GPC,Genuine Parts Company,Consumer Discretionary,XLY,17145618432.0,2026-08-24,135.69000244140625,0.012914270236147773,0.023920903008936012,0.06256856448009529,0.028637482799892977,0.2789330251641873,True,0.026162725816909038,0.3457220233787188,-0.004437085735295332,0.30188458402275486,1.0,0.5856320964210479,0.9598767631510772,1.1888268167116418,0.5856320964210479,151035698.71367645,0.977780226860408,132.26200065612792,119.62275098164876,111.6485829671224,True,True,True,True,True,False,weak_rally,1,1,normal,False,False,,False,36.0,,0.021466966199428544,62.12471730218531,True,True,False,True,False,True,False,,Confirmed Uptrend,132.57,0.0235,0.5484599730662063,0.9538536360667944,-0.19718327890609044,0.002059713799321461,0.3915055839355783,0.7481895633652822,,False,,,1,0.608,0.854
GFL,GFL Environmental Inc. Subordin,Industrials,XLI,14911988736.0,2026-08-24,41.5,0.01096225995866007,-0.00096294931742269,0.0643754350726129,0.03038665445823363,0.11559930997664991,False,0.027907689214469622,0.17385862368277438,0.08934958914573543,0.12977610282237206,0.9866856548976095,0.6786386721506641,0.7559497792760914,1.6070998911022736,0.6786386721506641,89254751.76352844,0.5,41.21950016021729,38.62558625539144,39.308697350819905,True,True,True,False,False,False,weak_rally,0,1,normal,False,False,,False,17.0,,0.02553356781268489,56.49877345211295,True,True,True,True,False,True,False,,Confirmed Uptrend,41.37,0.0031,0.4470582514858072,0.9597340907832117,-0.3355166586877093,-0.1367692260251565,0.18133889164146635,0.7452076677316295,,False,,,1,0.608,0.854
LTH,"Life Time Group Holdings, Inc.",Consumer Discretionary,XLY,10078133248.0,2026-08-24,45.72999954223633,0.013744157027177906,0.008601662733478843,0.04501831115778954,0.011647663033494737,0.26402310422956266,False,0.009213781165222867,0.33003347005046013,-0.020880618818911234,0.2867070916663479,1.0,0.7942422535994824,0.6880914961872063,2.236801449105995,0.7942422535994824,141748004.28468418,0.42875471328534354,44.637000274658206,40.43216686248779,34.489250135421756,True,True,True,True,True,False,weak_rally,3,0,normal,False,False,,False,16.0,,0.026398745681861204,62.52730828718096,True,True,False,True,True,True,False,,Confirmed Uptrend,45.1,0.014,0.3261980144727438,0.9538536360667944,0.27194754665432486,0.36868836305757946,0.84950652930356,0.7432907348242812,,False,,,1,0.608,0.854
WAT,Waters Corporation,Health Care,XLV,37046505472.0,2026-08-24,410.75,0.00012171363886781528,0.0073821794224666615,0.10654629981776598,0.07121087381594982,0.10051154474150703,True,0.0686336912472103,0.15798293859137313,0.03497230563757969,0.0026728818666368337,0.9870239241242723,0.6825736260338784,1.019385252898845,1.459551270398389,0.6825736260338784,351627066.19199216,0.9561114831467841,400.8969985961914,380.4258341471354,348.94825108846027,True,True,True,True,True,False,weak_rally,1,1,normal,False,False,,False,14.0,,0.02858361119073885,59.44412976128637,True,True,True,True,False,True,False,,Confirmed Uptrend,396.08,0.037,0.3018581308022469,0.9944216998611353,0.09739972549935816,0.05003934573901536,0.6531378813506232,0.7404153354632588,,False,,,1,0.608,0.854
BAM,Brookfield Asset Management Inc,Financials,XLF,77284466688.0,2026-08-24,52.310001373291016,0.00019124543740689504,-0.004945754670772851,0.09987384068217309,0.06475148681848153,0.08147932531848823,False,0.062189844625573976,0.13795681030522267,0.07455898181168852,0.010584065010561527,0.9364482778683915,0.40034965487323404,0.670274483759412,2.312794351357101,0.40034965487323404,138663495.5231573,0.6279075956778624,51.918500137329104,48.454833348592125,47.217084089914955,True,True,True,True,True,False,weak_rally,2,1,normal,False,False,,False,6.0,,0.029135370764509713,54.78213112274235,True,True,True,True,False,True,False,,Confirmed Uptrend,54.31,-0.0368,0.2630534470417272,0.9993134723312326,-0.3071095665114879,-0.09295476316373608,0.22547481961126015,0.7396166134185305,,False,,,1,0.608,0.854
SKM,"SK Telecom Co., Ltd.",Communication Services,XLC,12142381056.0,2026-08-24,40.0,-0.007197838395073819,0.0010010239350302097,0.13507372573258913,0.09882733129899446,0.01671079063197789,True,0.09618370742110116,0.0698059049531492,0.08798114139209545,0.05024189080478769,0.9928021616049262,0.9558678730566321,0.8805970040537333,1.4950864274382207,0.9558678730566321,75216511.5647335,0.31818142410029215,35.42899980545044,35.31749979654948,34.799833106994626,True,True,True,True,True,True,dry_up,3,0,normal,False,False,,False,21.0,,0.03712499482291086,63.96403171787665,True,True,True,True,True,True,False,,Confirmed Uptrend,35.67,0.1214,0.26009503583201066,0.9408024526034724,0.37674102731369996,0.07501778642669543,0.807924006082247,0.739297124600639,,False,,,1,0.608,0.854
BRO,"Brown & Brown, Inc.",Financials,XLF,23556571136.0,2026-08-24,74.62000274658203,0.023313283328642465,0.083648011692939,0.07306669352462158,0.038800374302102814,0.20247494147037237,False,0.03630116683278839,0.2652711122929794,0.0483688319150164,0.12364793849997757,0.9989681019612906,0.5896737815946148,0.6933676342354115,1.4230442722444998,0.5896737815946148,160150637.88550836,0.8943703592267438,71.50334663391114,65.99601300557454,64.76575218836466,True,True,True,True,True,False,weak_rally,0,0,normal,False,False,,False,19.0,,0.02428105388674362,65.69558185285484,True,True,True,True,False,True,False,,Confirmed Uptrend,73.48,0.0155,0.3655973664741578,0.9993134723312326,-0.39856023483021674,-0.09868666585632846,0.19019710352918398,0.7385516506922257,,False,,,1,0.608,0.854
NTAP,"NetApp, Inc.",Information Technology,XLK,35027816448.0,2026-08-24,186.86000061035156,-0.028137533374384294,-0.08491673162113578,0.10047112633675037,0.06532969930544463,0.12575870319891602,False,0.06276666601468817,0.18454856516865692,0.06532695044569348,0.18707476905379394,0.9023565721367941,0.8994632352540238,0.8861196254476893,1.3247850921534914,0.8994632352540238,484073528.81531984,0.12486716172023725,191.39300079345702,173.00813624064128,140.64542465209962,False,True,True,True,True,False,dry_up,2,1,normal,False,False,,False,10.0,,0.040148433083399826,50.33060678343351,True,True,True,True,False,True,False,,Confirmed Uptrend,198.72,-0.0597,0.37092132565892727,0.9094630889501736,0.3470819985689475,0.5452700666531842,0.8901063254229953,0.7373801916932908,,False,,,1,0.608,0.854
T,AT&T Inc.,Communication Services,XLC,159317966848.0,2026-08-24,25.690000534057617,0.015816512615651313,0.04092383372742603,0.05200657058951208,0.018412765852546364,0.09098451197312474,True,0.015962608099211018,0.14795838096278513,0.008360323628535893,0.12696515789035367,1.0,0.6122335068173759,0.6817623434841731,1.6885805755375376,0.6122335068173759,1032943605.8786077,0.8571433437101927,24.28449993133545,22.901864051818848,24.548083098729453,True,True,True,False,False,False,weak_rally,0,0,normal,False,False,,False,23.0,,0.01999109847422401,70.90510798674117,True,True,True,True,False,True,False,,Confirmed Uptrend,23.04,0.115,0.46443814757473173,0.9408024526034724,-0.2698850295929863,-0.20414570219944583,0.16228984071119007,0.7342385516506923,,False,,,1,0.608,0.854
ALLE,Allegion plc,Industrials,XLI,13384788992.0,2026-08-24,162.6300048828125,0.0019715811042584352,0.0032695790212273756,0.028392598396949076,-0.004447139594543237,0.17714277738793416,False,-0.006842299633346816,0.23861604088984278,0.05252246306098285,0.19210165120188072,0.9626494763383098,1.1665744160584757,0.8823052600043579,1.6679608843736466,1.1665744160584757,186208949.5356903,0.21709054131676597,163.48349990844727,145.27671445210774,142.65175889333088,False,True,True,True,True,False,accumulation,2,0,normal,False,False,,False,22.0,,0.023076041017150706,58.48556220313219,True,False,True,True,False,True,False,,Confirmed Uptrend,154.57,0.0521,0.5234719316735702,0.9597340907832117,-0.21360987440272416,-0.10510470566048236,0.27344210760110027,0.734185303514377,,False,,,1,0.608,0.854
MELI,"MercadoLibre, Inc.",Consumer Discretionary,XLY,95206776832.0,2026-08-24,1947.9000244140625,0.013090784562050706,0.08969163889661491,0.0704276626701934,0.036245615817921184,0.16612884012032803,True,0.03375255473788785,0.22702692898679655,0.0029264171568259556,0.18705603035162155,1.0,0.9260070134128776,0.9395870017866443,1.2443254057964461,0.9260070134128776,928585570.1748841,0.4073719024914378,1869.1734924316406,1770.4029947916667,1749.1919169108073,True,True,True,True,True,False,weak_rally,2,2,normal,False,False,,False,9.0,,0.03955394367999414,61.0599721816887,True,True,True,True,False,True,False,,Confirmed Uptrend,1940.0,0.0041,0.20895003958370692,0.9538536360667944,-0.34439825219765385,-0.11244710438690708,0.19431776893156333,0.7338658146964857,,False,,,1,0.608,0.854
ET,Energy Transfer LP,Energy,XLE,70062006272.0,2026-08-24,21.079999923706055,-0.00519115656343494,0.006685739545265967,0.07647131014613029,0.04209627104563274,0.10115031790261875,True,0.039589134112714586,0.1586550700430891,-0.0045497431535496125,0.02662086338519165,0.9841269770599032,0.5598402864445557,0.9630276523386845,1.9009038014144437,0.5598402864445557,201981463.29533577,0.24396877100460163,20.561253452301024,19.635488573710123,19.191643699010214,True,True,True,True,True,False,dry_up,1,1,normal,False,False,,False,10.0,,0.01736386431818735,63.46690809060999,True,True,False,True,False,True,False,,Confirmed Uptrend,20.59,0.0238,0.3582293421076232,0.9899607938878676,0.04871583584059591,0.010922804243368,0.5880357417436914,0.73370607028754,,False,,,1,0.608,0.854
DB,Deutsche Bank AG,Financials,XLF,68959305728.0,2026-08-24,38.41999816894531,0.01586458167537219,0.007869864781386848,0.08225346954775525,0.047693788317325625,0.14966782333784368,True,0.04517318454581076,0.20970627780684015,0.05734416374346307,0.07430253646175755,0.9963692116348658,0.7376823560242881,1.1011276045459577,1.0701648499136363,0.7376823560242881,66433822.214235686,0.5546840075578311,37.64600009918213,35.390000120798746,32.793780120213825,True,True,True,True,True,False,weak_rally,0,2,normal,False,False,,False,18.0,,0.01320925869367761,61.8104765330164,True,True,True,True,False,True,False,,Confirmed Uptrend,35.47,0.0832,0.570470947156504,0.9993134723312326,-0.16663602689888046,-0.08333669496314089,0.33196608065241784,0.7335463258785944,,False,,,1,0.608,0.854
FOX,Fox Corporation,Communication Services,XLC,21809639424.0,2026-08-24,61.59000015258789,0.00884522395210019,0.0016262558365827129,0.21216293028804234,0.1734548405023808,-0.032545388360737504,True,0.1706316733426103,0.0179774482992352,0.16187202518214994,-0.0006387559197078563,1.0,0.80526252398663,0.9088427061677951,1.7755711951740605,0.80526252398663,55894488.45729866,0.8321169915658927,56.60149993896484,53.248083432515465,54.427250130971274,True,True,True,True,False,False,weak_rally,1,0,normal,False,False,,False,72.0,,0.028159713259489672,71.91389417564454,True,True,True,True,False,True,False,,Confirmed Uptrend,61.18,0.0067,0.5091582679596522,0.9408024526034724,-0.2132036584552336,-0.10261421160234563,0.27706571446469963,0.7332268370607029,,False,,,1,0.608,0.854
GDDY,GoDaddy Inc.,Information Technology,XLK,10955590656.0,2026-08-24,100.5199966430664,0.035541330576785324,0.08823204129206275,0.0426303581043459,0.00933596466404385,0.2888835326511996,False,0.006907644416632719,0.35619217060738095,0.009333360284376147,0.35908442680617436,0.9564224367502495,0.5890336899365075,0.6155829459924611,1.5150690065972106,0.5890336899365075,207997127.77536887,0.8742688492992999,94.55349922180176,88.55099957784017,87.09574972788492,True,True,True,True,True,False,weak_rally,1,0,normal,False,False,,False,15.0,,0.040842623304791124,58.939685023149615,True,True,True,True,False,True,False,,Confirmed Uptrend,88.45,0.1365,0.2549171841093296,0.9094630889501736,-0.45731453321585225,-0.024874775907204216,0.24103398199244844,0.7322683706070288,,False,,,1,0.608,0.854
W,Wayfair Inc.,Consumer Discretionary,XLY,11206502400.0,2026-08-24,103.19000244140625,0.01645001825809156,0.0010671382265965423,0.0916111686653911,0.05675266732705175,0.2803660600910225,False,0.05421026916785188,0.3472298948804855,0.022774089738069492,0.3033433360003055,0.8889558994975826,0.44626388002207457,0.5737325976660417,1.1506482752640934,0.44626388002207457,380760176.96048737,0.7876106991346619,100.7314998626709,89.79333292643229,80.87174962361654,True,True,True,True,True,False,weak_rally,0,0,normal,False,False,,False,14.0,,0.047517059010169706,55.50919247990301,True,True,True,False,False,True,False,,Confirmed Uptrend,116.08,-0.111,0.27418726947032634,0.9538536360667944,-0.06233675497212987,0.05251039755616205,0.5327064290717739,0.7301384451544196,,False,,,1,0.608,0.854
V,Visa Inc.,Financials,XLF,683582029824.0,2026-08-24,382.4100036621094,0.03064358251223709,0.06568389132973018,0.05679647779795749,0.02304971659478028,0.15739691533783828,True,0.02058840299069975,0.21783900182010707,0.03247309387813657,0.08152495581766606,1.0,1.1342584509502136,0.9099721619964249,1.1989916749612755,1.1342584509502136,2732306809.22032,0.9094628585117271,365.9331283569336,347.9700393676758,330.64628473917645,True,True,True,True,True,False,accumulation,2,2,normal,False,False,,False,40.0,,0.017019357023165135,69.58026788572418,True,True,True,True,False,True,False,,Confirmed Uptrend,335.61,0.1395,0.37426610332497795,0.9993134723312326,-0.11410960427494554,0.06831875037357049,0.5097658790498483,0.7271033013844516,,False,,,1,0.608,0.854
FWONK,Liberty Media Corporation - Ser,Communication Services,XLC,24591937536.0,2026-08-24,106.66000366210938,0.016390329528184422,0.04589135272721667,0.08471475313675736,0.050076475552842226,0.13695388391870944,True,0.047550139371247635,0.19632838549849518,0.03971149049449885,0.17445059874146285,1.0,0.9776907274353597,0.7269665144850522,1.0118664900201144,0.9776907274353597,211191736.0281067,0.7006423140170628,101.74450035095215,96.36000010172526,91.95150012969971,True,True,True,True,True,False,weak_rally,1,1,normal,False,False,,False,12.0,,0.0242023889399023,67.09641588493949,True,True,True,True,False,True,False,,Confirmed Uptrend,99.69,0.0699,0.3266688573807946,0.9408024526034724,-0.18558292398056153,0.015264281242117983,0.41667697459465924,0.7269435569755058,,False,,,1,0.608,0.854
DHR,Danaher Corporation,Health Care,XLV,137068216320.0,2026-08-24,215.11000061035156,-0.017089355215256674,0.06159006774320841,0.09470738224097497,0.059750009282258265,0.14919051973717945,True,0.05720039994024795,0.20920404824937755,0.02389915684776156,0.04702415503450652,0.9829106447847433,0.6026924104953313,0.972776794347591,1.1357800707937964,0.6026924104953313,845838266.3621864,0.2770259124338442,203.79449996948242,193.71308568318685,188.68867683410645,True,True,True,True,True,False,dry_up,3,0,normal,False,False,,False,22.0,,0.029944804704940386,63.18526194902152,True,True,True,True,True,True,False,,Confirmed Uptrend,192.5,0.1175,0.4682540274477019,0.9944216998611353,-0.19516932176588575,-0.16246418405707208,0.2498737421195606,0.7259318423855166,,False,,,1,0.608,0.854
EMR,Emerson Electric Company,Industrials,XLI,83914178560.0,2026-08-24,157.57000732421875,0.0019713393629130493,-0.027645761451224327,0.05897099458491062,0.025154794374049994,0.07247241001834248,False,0.022688416249162957,0.1284795319461336,0.08381834064934424,0.08610115562047138,0.9618223914575447,0.5876079051055811,0.6365740033191231,1.9817846912672519,0.5876079051055811,457882469.60894775,0.6842149544147341,157.08452453613282,146.57616628011067,141.4190066655477,True,True,True,True,True,False,weak_rally,0,0,normal,False,False,,False,8.0,,0.025911547208657605,56.07102757835722,True,True,True,True,False,True,False,,Confirmed Uptrend,163.25,-0.0348,0.3182881393394328,0.9597340907832117,-0.020734912560882113,-0.06228270755366683,0.4563815186254578,0.7246538871139511,,False,,,1,0.608,0.854
AWK,"American Water Works Company, I",Utilities,XLU,26663469056.0,2026-08-24,139.91000366210938,0.03338506752963699,0.04138442356533889,0.04667523947647645,0.013251680535883326,0.09078404881231816,False,0.010813939627297486,0.14774744912736826,0.10624997474092024,0.14611923614406486,1.0,0.9504099102238925,0.8636975843600142,1.5734382973964847,0.9504099102238925,343055771.05827487,0.956078416703294,135.43527374267578,130.76988766988117,130.57744026184082,True,True,True,True,True,False,weak_rally,2,1,normal,False,False,,False,19.0,,0.020510551794502316,61.63351117135568,True,True,True,True,False,True,False,,Confirmed Uptrend,137.13,0.0203,0.3465252428598364,0.9176635341809471,-0.19861071190306567,-0.0627155702307568,0.32312130893600544,0.720660276890309,,False,,,1,0.608,0.854
FWONA,Liberty Media Corporation - Ser,Communication Services,XLC,22506897408.0,2026-08-24,98.18000030517578,0.01719854662084286,0.05050290249240219,0.08786703939252938,0.05312809961513376,0.13601420264177944,True,0.05059442165562067,0.19533963177610336,0.042732992905134104,0.17347992679607782,1.0,1.0295010138007021,0.6628304718306329,0.958556507207019,1.0295010138007021,13046398.082949448,0.7227275722276746,93.22099914550782,88.59533322652182,84.45924975077311,True,True,True,True,True,False,accumulation,3,1,normal,False,False,,False,,,0.02471409946984889,67.84229991684617,False,True,True,True,True,True,False,,Confirmed Uptrend,,,0.3285540181306751,0.9408024526034724,-0.16221527719202544,0.027616420800515185,0.44679366489552547,0.720021299254526,,False,,,1,0.608,0.854
BSAC,Banco Santander - Chile,Financials,XLF,16305301504.0,2026-08-24,36.099998474121094,0.02673488711002281,0.0442579922708517,0.04759139388333322,0.014138579315338795,0.07324765144871881,True,0.011698704653137604,0.12929525837258904,0.02347987553533537,0.002892010020325575,1.0,0.7239865107321783,0.9615308958002773,2.1370650335374743,0.7239865107321783,9366602.599755097,0.9532681625988435,34.82199954986572,33.327999877929685,32.29954226811727,True,True,True,True,True,False,weak_rally,3,1,normal,False,False,,False,,,0.023565493373219944,63.90348303263513,False,True,True,True,True,True,False,,Confirmed Uptrend,,,0.3309555393925416,0.9993134723312326,0.25787536320013693,-0.08985184632363397,0.6113480605718907,0.7197550585729499,,False,,,1,0.608,0.854
EQNR,Equinor ASA,Energy,XLE,97655087104.0,2026-08-24,42.369998931884766,-0.011432610160729939,0.013151583956817037,0.11178698051902547,0.07628420346723619,0.12203147358342004,True,0.07369481518152488,0.18062669054264324,0.02810787884905719,0.046088714163581734,0.9885673898392701,0.81083652139306,0.8018961949031864,1.0781294767675123,0.81083652139306,113162725.23755626,0.44775872965263586,40.48183326721191,36.802039337158206,37.189033857981364,True,True,True,True,False,False,dry_up,0,0,normal,False,False,,False,104.0,,0.02336617019431985,64.86035179694593,True,True,True,True,False,True,False,,Confirmed Uptrend,39.65,0.0687,0.3964105492443884,0.9899607938878676,0.4288904587934883,0.28986610465920926,0.8978779336306117,0.7191693290734825,,False,,,1,0.608,0.854
ALC,Alcon Inc.,Health Care,XLV,33622038528.0,2026-08-24,73.69999694824219,0.000950695333904461,0.016691945373575656,0.09542209104380728,0.060441895235274545,0.06803689945088487,True,0.057890621313057666,0.12381238821138618,0.024567636619144517,-0.02691467342683629,0.9781021690870293,0.5578650087024363,0.6611215741296782,1.6984431176585113,0.5578650087024363,149646993.75788116,0.6999923706553607,72.06599960327148,68.7511666615804,71.17453708648682,True,True,True,False,False,False,weak_rally,1,1,normal,False,False,,False,9.0,,0.023677077869901354,58.29104020269144,True,True,True,True,False,True,False,,Confirmed Uptrend,75.35,-0.0219,0.3541465233907591,0.9944216998611353,-0.266837696271508,-0.2433590557880514,0.14440940128592825,0.7177316293929714,,False,,,1,0.608,0.854
OMC,Omnicom Group Inc.,Communication Services,XLC,21591025664.0,2026-08-24,88.94000244140625,0.01599270631982108,0.04072084477199445,0.07923793822495906,0.04477455218247628,0.1340666051627175,True,0.042260971682162696,0.19329032601209395,0.03446190079486455,0.17146809759372883,1.0,0.8215349657643134,0.6712560112793349,0.9750003333111126,0.8215349657643134,235769120.84061736,0.6762429134313136,84.62199974060059,79.5585158030192,77.62264664967854,True,True,True,True,True,False,weak_rally,0,0,normal,False,False,,False,127.0,,0.026390194808002195,63.65173971491469,True,True,True,True,False,True,False,,Confirmed Uptrend,81.57,0.0904,0.366532190155332,0.9408024526034724,-0.09026318715818826,-0.07497092203495159,0.39161788909580675,0.7131522896698617,,False,,,1,0.608,0.854
DE,Deere & Company,Industrials,XLI,159983812608.0,2026-08-24,648.6400146484375,0.0018071014846323674,0.08121088332804804,0.037790781701523724,0.004650930817543308,0.10229108441204549,True,0.0022338821020575494,0.15985541015868798,0.06214116223817312,0.11629875922830468,1.0,1.0010542751089861,1.5700312983468225,1.2204710914961157,1.0010542751089861,755137561.4742126,0.1922176029824755,613.3790008544922,600.3070109049479,587.2945515950521,True,True,True,False,True,False,accumulation,3,3,normal,False,False,,False,128.0,분산3일,0.029509105011927078,62.658788051904104,True,True,True,True,False,True,False,,Confirmed Uptrend,658.36,-0.0148,0.264949976923339,0.9597340907832117,0.11153334131078285,-0.1029978889237857,0.516213744283656,0.7129392971246006,,False,,,1,0.608,0.854
LECO,"Lincoln Electric Holdings, Inc.",Industrials,XLI,14316420096.0,2026-08-24,282.239990234375,0.0014902522860027467,-0.013215855270577559,0.0988514055967229,0.06376170122931502,0.05858674077654191,True,0.06120244032120348,0.11386871922930286,0.12463449246866642,0.07203903032083292,0.9835174026336977,1.0850604516283697,0.8685695289413963,1.0624503846076194,1.0850604516283697,140262085.82141113,0.3642494393879435,276.5499984741211,264.73622029622396,261.7173089345296,True,True,True,False,True,False,accumulation,3,3,normal,False,False,,False,16.0,분산3일,0.024159402635934895,58.60935016207518,True,True,True,True,False,True,False,,Confirmed Uptrend,261.31,0.0801,0.3264653518865717,0.9597340907832117,-0.09016600658043072,-0.17329159773924574,0.31920589089542295,0.7128860489882854,,False,,,1,0.608,0.854
RIO,Rio Tinto Plc,Materials,XLB,157502537728.0,2026-08-24,104.80000305175781,-0.004748337944057157,0.07807842854406011,0.1647772300945214,0.12758231142787047,-0.0039687870025902905,True,0.12486950711560718,0.04804638939647177,0.1171687028375672,-0.01580032991014868,0.9952516620559428,0.9385352561078371,1.1164552471919538,1.4761238768150078,0.9385352561078371,251385387.35455552,0.34343843019391385,97.6816162109375,95.81130816141764,95.45439834594727,True,True,False,True,True,False,dry_up,3,1,normal,False,False,,False,18.0,,0.02173308062891441,68.42904781435011,True,True,True,True,True,True,False,,Confirmed Uptrend,91.65,0.1435,0.32355778425567744,1.0,0.3012730824795318,-0.11806933611604786,0.611877922240636,0.7116613418530351,,False,,,1,0.608,0.854
SHG,Shinhan Financial Group Co Ltd,Financials,XLF,32927543296.0,2026-08-24,75.04000091552734,0.005493818534082706,-0.011591112679688265,0.049510502315067706,0.015996404713557233,0.10287719209588753,True,0.013552060384972808,0.1604721258136117,0.025354813483774885,0.030579216729333503,0.9884088873203117,0.8273556546876439,0.7635905480051797,1.420470705435527,0.8273556546876439,14153684.56088028,0.8849672724613303,73.1294994354248,69.43049977620443,66.85149984359741,True,True,True,True,True,False,weak_rally,1,0,normal,False,False,,False,,,0.025065860680675085,56.91508113521962,False,True,True,True,False,True,False,,Confirmed Uptrend,,,0.39101846131773826,0.9993134723312326,0.2640687576619414,-0.060771213675813174,0.6396897370624113,0.7088924387646433,,False,,,1,0.608,0.854
MRSH,Marsh,Financials,XLF,90522206208.0,2026-08-24,194.6699981689453,0.013853464601889076,0.056782970923645815,0.061971527803443616,0.028059511340224663,0.1221679155837192,False,0.025586144875211936,0.18077025787658751,0.0375290341678618,0.04860535676080047,0.9852219331794918,0.84757940176999,0.9419209870713716,1.5998927343227087,0.84757940176999,431573244.38831556,0.6638359826739342,190.78799896240236,176.90826594034831,173.20922266642253,True,True,True,True,True,False,weak_rally,2,0,normal,False,False,,False,18.0,,0.018481835967293792,63.41885039432256,True,True,True,True,False,True,False,,Confirmed Uptrend,197.59,-0.0148,0.37972305962438363,0.9993134723312326,-0.25675760758243216,-0.05177386130942796,0.29119680169482837,0.7061767838125665,,False,,,1,0.608,0.854
CVE,Cenovus Energy Inc,Energy,XLE,55677755392.0,2026-08-24,32.16999816894531,-0.023079323692293263,0.0012448521475392216,0.14728948354388094,0.11065300239970921,0.0948016242175529,False,0.10798092762183975,0.15197483210757912,0.06093827146768338,0.02070187005034496,0.9769206763077067,1.0296887910802042,0.8128399949680806,1.2912245751671165,1.0296887910802042,212381502.25067216,0.11666571299598823,30.282999897003172,28.09926389058431,27.347478914260865,True,True,True,True,True,False,distribution,0,1,normal,False,False,,False,76.0,,0.02786537073899528,65.03295653723818,True,True,True,True,False,True,False,,Confirmed Uptrend,30.28,0.0624,0.35631200228196436,0.9899607938878676,0.6570471235166471,0.20693614427091478,0.9111982823916671,0.7050585729499468,,False,,,1,0.608,0.854
CME,CME Group Inc.,Financials,XLF,96291733504.0,2026-08-24,279.1650085449219,0.015219279188994683,0.04212708472603666,0.09322136543574766,0.0583114455631486,0.026283115026581427,True,0.05576529720294099,0.07987811944701595,0.06805962091872209,-0.040993814717787735,1.0,0.6766802549617954,0.8986686455858102,1.615164097330397,0.6766802549617954,519209979.48125,0.8907655948483337,266.7767532348633,253.28167775472005,274.0902364095052,True,True,False,False,False,False,weak_rally,0,1,normal,False,False,,False,139.0,,0.021469622434905543,68.32861630024622,True,True,True,True,False,True,False,,Confirmed Uptrend,284.75,-0.0196,0.5562585269104702,0.9993134723312326,-0.1744699682847337,-0.2312738940219593,0.22480622803870312,0.6981895633652822,,False,,,1,0.608,0.854
ARGX,argenx SE,Health Care,XLV,53097164800.0,2026-08-24,1011.1099853515625,-0.02757318195916869,0.02355640373286705,0.13758688713083345,0.10126023972577869,0.08411022806988466,False,0.09861076261268975,0.1407251052075047,0.06400511540346154,-0.012270310262624817,0.9724268180408313,1.0182962133971398,1.0737059669963642,1.4071886365639639,1.0182962133971398,287504398.24597776,0.32367193477527584,909.1269958496093,889.878330485026,828.9468322753906,True,True,True,True,True,False,distribution,4,2,normal,False,False,,False,5.0,,0.03607754207315623,66.27563820121252,True,True,True,True,False,True,False,,Confirmed Uptrend,987.84,0.0236,0.20911615974404937,0.9944216998611353,0.17683635178986457,0.020851992058991797,0.6825502155552898,0.6980298189563366,,False,,,1,0.608,0.854
CPRT,"Copart, Inc.",Industrials,XLI,26959630336.0,2026-08-24,33.2599983215332,-0.015976358808175717,0.04921127826651506,0.11648195029753095,0.0808292484236024,0.03211128896560589,False,0.07822892539952897,0.08601065482729497,0.14267871445405134,0.045227134239571365,0.9688318248630687,0.745443346191462,1.0838584219146288,1.4889161676580023,0.745443346191462,352655599.98487127,0.12299218702188858,30.697999954223633,29.852500089009602,31.757666810353598,True,True,False,False,False,False,dry_up,3,1,normal,False,False,,False,5.0,,0.03606864689148608,65.75622469320143,True,True,True,True,True,True,False,,Confirmed Uptrend,31.7,0.0492,0.30384650129008456,0.9597340907832117,-0.5015163290989052,-0.274158717619739,0.05718041151982141,0.6961128860489882,,False,,,1,0.608,0.854
DINO,HF Sinclair Corporation,Energy,XLE,16489794560.0,2026-08-24,95.18000030517578,-0.021989307401963032,0.0020002362951807573,0.05496796983175378,0.021279598510630438,0.32055960366551806,True,0.01882254356148194,0.3895224432169293,-0.024434625766999618,0.23117981117142516,0.978010692598037,0.695002328079589,0.8134703003408545,0.9493166263518925,0.695002328079589,251657173.53121987,0.2850620220900595,89.84070663452148,79.91036135355631,71.05246699651083,True,True,True,True,True,False,dry_up,0,0,normal,False,False,,False,20.0,,0.03937128035320108,62.65361084497619,True,True,False,True,False,True,False,,Confirmed Uptrend,90.22,0.055,0.31324486665288326,0.9899607938878676,0.6739745022896737,0.6636675516425401,0.9457140091005904,0.6957401490947817,,False,,,1,0.608,0.854
ATI,ATI Inc.,Industrials,XLI,25580017664.0,2026-08-24,209.80999755859375,0.01352593172338512,-0.09478816695319414,0.08912997416603985,0.05435070499778005,0.013652341521004585,False,0.05181408562182188,0.06658773617883762,0.11468496057797539,0.026533614514643977,0.9052118330468059,1.06056281035029,0.8715373298660887,2.0575558198419395,1.06056281035029,335376874.62631226,0.8729785637010125,211.42849884033203,197.5999994913737,176.13224983215332,False,True,True,True,True,False,accumulation,1,0,normal,False,False,,False,12.0,,0.04870733690652778,50.334076725749895,True,True,True,True,False,True,False,,Confirmed Uptrend,223.43,-0.061,0.2830222115236612,0.9597340907832117,1.3434873153931886,0.14082707899878488,0.9159989293422859,0.6951011714589991,,False,,,1,0.608,0.854
GIB,CGI Inc.,Information Technology,XLK,15147566080.0,2026-08-24,74.81999969482422,-0.0021339511195764826,0.032427189658301714,0.0787721577803806,0.04432364553977597,0.07938614125061871,False,0.041811149857371,0.13575431506607138,0.04432095088173882,0.1381764588663743,0.9959109672398049,0.5842721962462029,0.5860002073781616,1.4197060585287455,0.5842721962462029,35050778.664965056,0.4607346573569591,73.8151641845703,68.68067614237468,69.54342139561972,True,True,True,True,False,False,dry_up,0,0,normal,False,False,,False,,,0.02295396242298127,59.80074583238282,False,True,True,True,False,True,False,,Confirmed Uptrend,,,0.44016935822218045,0.9094630889501736,-0.40194785127675514,-0.14243441391742206,0.1531254662771295,0.6927582534611288,,False,,,1,0.608,0.854
CVNA,Carvana Co.,Consumer Discretionary,XLY,92796190720.0,2026-08-24,72.33000183105469,0.034615906768389104,0.031958990015713784,0.12945035598082444,0.09338353303536095,0.02793686584093047,False,0.09075300616977011,0.08161823315763339,0.05822713517574751,0.04638408161769925,0.9568726727771805,0.842700772317901,1.103727480451234,1.645445628664008,0.842700772317901,769505813.8304055,0.8508490619714376,69.31199970245362,67.51749979654947,68.2492665608724,True,True,True,True,False,True,weak_rally,2,2,normal,False,False,,False,18.0,,0.05122748548115604,54.893757287049176,True,True,True,True,False,True,False,,Confirmed Uptrend,66.32,0.0906,0.3250072947342489,0.9538536360667944,-0.2415804296354348,-0.14582134939003233,0.22586549577716653,0.6916400425985091,,False,,,1,0.608,0.854
HPE,Hewlett Packard Enterprise Comp,Information Technology,XLK,63429349376.0,2026-08-24,52.43000030517578,-0.01908326367080071,-0.08991494966665603,0.08798509647843833,0.05324238677526205,0.08295031469490421,False,0.05070843385692969,0.13950461833038896,0.05323966910428446,0.14193476014019124,0.8764627310707285,0.6413339156349185,0.8155748565505432,1.286768957902682,0.6413339156349185,865059131.572485,0.34034209207944,52.90750026702881,49.174558067321776,38.073653888702395,False,True,True,True,True,False,dry_up,2,2,normal,False,False,,False,7.0,,0.057986017384775115,50.99046117685515,True,True,True,False,False,True,False,,Confirmed Uptrend,59.82,-0.1235,0.33595089763608676,0.9094630889501736,0.8979580662661284,1.2109808834513678,0.9692033281508944,0.6878594249201277,,False,,,1,0.608,0.854
ULTA,"Ulta Beauty, Inc.",Consumer Discretionary,XLY,22046210048.0,2026-08-24,538.760009765625,0.03317605773022403,0.09208850957756365,0.12122536225293667,0.08542118864919979,0.08996136554703638,False,0.08280981806334808,0.1468818033378143,0.050520810144805584,0.10952166459530432,0.9533044085492198,1.04918005610197,1.0333372245066557,1.1317445242039388,1.04918005610197,304592559.86554563,0.8435101425438597,526.1174942016602,489.6949956258138,514.8213307698568,True,True,True,False,False,False,accumulation,3,2,normal,False,False,,False,15.0,,0.0333888429370337,58.42823329938194,True,True,True,True,False,True,False,,Confirmed Uptrend,534.41,0.0081,0.26266573797366066,0.9538536360667944,-0.2226264625183304,-0.3481320712243491,0.1464657474956291,0.686741214057508,,False,,,1,0.608,0.854
LNG,"Cheniere Energy, Inc.",Energy,XLE,55231590400.0,2026-08-24,280.7900085449219,0.011819389081017428,0.05192378619653759,0.09973324593725352,0.06461538169609837,0.12944465044746423,True,0.0620540669529559,0.1884270015619518,0.016961373529045476,0.053000142974761966,1.0,0.742889324925091,0.8654815241916742,0.9245008492168334,0.742889324925091,404582769.77963257,0.9382947848819176,265.46216583251953,252.3578753153483,255.90255584716797,True,True,True,True,False,False,weak_rally,1,0,normal,False,False,,False,40.0,,0.02574702818551812,63.919320747189396,True,True,True,True,False,True,False,,Confirmed Uptrend,241.12,0.1645,0.3456804116614454,0.9899607938878676,-0.03911407864993788,0.11188462932663934,0.592846867471938,0.6851437699680512,,False,,,1,0.608,0.854
PCG,Pacific Gas & Electric Co.,Utilities,XLU,38277136384.0,2026-08-24,18.110000610351562,0.028977285103856776,0.03485717773437491,0.028977285103856776,-0.0038811237321085823,0.042641175071754134,False,-0.0062776455253995556,0.09709043723802324,0.08754468695034534,0.0955340871061825,1.0,0.8167448039993304,0.9841391605193314,1.9513021526362555,0.8167448039993304,469001055.76746976,0.9532717277374917,17.542499923706053,17.177993965148925,17.163520717620848,True,True,True,False,True,False,weak_rally,2,1,normal,False,False,,False,15.0,,0.029798044631444948,58.46263967587894,True,False,True,True,False,True,False,,Confirmed Uptrend,17.43,0.039,0.3126504933875141,0.9176635341809471,0.046040329091969534,-0.1075801186771661,0.4719466037940009,0.6830670926517571,,False,,,1,0.608,0.854
NET,"Cloudflare, Inc.",Information Technology,XLK,99021037568.0,2026-08-24,280.3500061035156,-0.04363105651154764,-0.08683757146049387,0.055494979725416504,0.021789779357824113,0.18806299173453223,False,0.019331496985375285,0.2501065354326255,0.021787142843700424,0.25277255021623657,0.8474141325827993,0.6376013000714331,0.6822405857445701,1.0873719454434376,0.6376013000714331,1223128797.5904222,0.01684617853148182,294.3425003051758,265.90016657511393,236.82274983723957,False,True,True,True,True,False,dry_up,1,1,normal,False,False,,False,10.0,,0.06258453098373465,47.09606795817669,True,True,True,False,False,True,False,,Confirmed Uptrend,310.59,-0.0974,0.2455567851257592,0.9094630889501736,0.15683433707637584,0.5032872112536522,0.8028390653385955,0.6826943556975507,,False,,,1,0.608,0.854
CVX,Chevron Corporation,Energy,XLE,392006172672.0,2026-08-24,203.08999633789062,-0.010620197248482177,0.010667984284866705,0.07822313004152348,0.043792149944890335,0.06261397347502662,True,0.04128093296606816,0.11810626383014422,-0.002929774698857357,-0.009307215229287125,0.9869757113334084,0.6931450930262306,0.9352970466836352,1.5853447598030928,0.6931450930262306,1563773072.148259,0.3739355586101962,195.0832405090332,184.73272755940755,186.979603322347,True,True,True,True,False,False,dry_up,4,0,normal,False,False,,False,10.0,,0.019392107525523047,65.34422125004025,True,True,False,True,True,True,False,,Confirmed Uptrend,193.22,0.0511,0.3635251396485513,0.9899607938878676,0.097661327358749,-0.023452330277375255,0.5843440228255112,0.6816826411075613,,False,,,1,0.608,0.854
HSY,The Hershey Company,Consumer Staples,XLP,35507732480.0,2026-08-24,189.94000244140625,0.01866349674050638,0.04904454325941754,0.06239772169992408,0.028472095555036825,0.0203028658525386,True,0.025997736470482646,0.07358556709247122,0.03700712792951677,0.02507776446490051,1.0,0.768116088440543,0.7763607911481216,1.5796290546160243,0.768116088440543,253009728.57744446,0.8894836477576865,182.00836944580078,178.11004969278972,188.18858019510904,True,True,False,False,False,False,weak_rally,0,0,normal,False,False,,False,136.0,,0.018062807688028943,64.09571767959861,True,True,True,True,False,True,False,,Confirmed Uptrend,226.48,-0.1614,0.4333912286525292,0.9838065079008816,-0.15504416848652103,-0.28631261617120995,0.2182663318013816,0.6797657082002129,,False,,,1,0.608,0.854
SWK,"Stanley Black & Decker, Inc.",Industrials,XLI,14283154432.0,2026-08-24,98.51000213623047,-0.015096926189915205,-0.010844404472071023,0.04608690720688968,0.012682135524796578,0.14216359000572765,False,0.010245764861332551,0.20181015512887157,0.07063194529552108,0.15667795593140776,0.9472115590022161,0.6029930400331052,0.727670545169014,1.0819660974421252,0.6029930400331052,214775230.3200222,0.2510186335403727,99.75350036621094,90.7334405263265,82.0241714477539,False,True,True,True,True,False,dry_up,0,0,normal,False,False,,False,10.0,,0.027535262839036418,52.8341684450744,True,True,True,True,False,True,False,,Confirmed Uptrend,102.64,-0.0402,0.4321003692004546,0.9597340907832117,0.10995488556550237,-0.018581643852193852,0.5948052598907702,0.6793397231096912,,False,,,1,0.608,0.854
HPQ,HP Inc.,Information Technology,XLK,24939034624.0,2026-08-24,28.579999923706055,-0.038034304799328456,-0.027891146444348536,0.07645953841730724,0.04208487522430926,0.11615063789901803,False,0.039577765708133095,0.1744387432923522,0.042082186342949024,0.17694338666738996,0.9130990613528867,0.9726496615296653,0.7605436011134286,1.0903159898359231,0.9726496615296653,415334352.48193777,0.1959453364022754,29.006999969482422,25.921182759602864,22.884942960739135,False,True,True,True,True,False,dry_up,1,0,normal,False,False,,False,7.0,,0.04401178380314736,52.514936494690915,True,True,True,True,False,True,False,,Confirmed Uptrend,31.3,-0.0869,0.2590724250203045,0.9094630889501736,-0.13360897958033469,0.32591080464573685,0.5778633544617382,0.6773162939297125,,False,,,1,0.608,0.854
STT,State Street Corporation,Financials,XLF,50589224960.0,2026-08-24,190.9199981689453,0.020253263438464897,-0.010982154946747924,0.03390011037956264,0.0008845005947726303,0.12182356050191778,True,-0.001523486619794956,0.18040791973352266,0.010103712636159612,0.0482835755207649,0.9890178450532521,1.0840106106875946,0.9564375075498748,1.232575873223567,1.0840106106875946,285473733.3654709,0.8947355556874644,186.42900009155272,176.9206418355306,157.80978972117106,True,True,True,True,True,False,accumulation,2,1,normal,False,False,,False,83.0,,0.020599491024317868,59.326915056764584,True,True,True,True,False,True,False,,Confirmed Uptrend,149.99,0.2729,0.3027242967226898,0.9993134723312326,0.439793576118084,0.3769692060050638,0.9081125101797908,0.6772097976570821,,False,,,1,0.608,0.854
HSAI,Hesai Group,Consumer Discretionary,XLY,21245626368.0,2026-08-24,18.149999618530273,-0.049738258846377614,0.0044272233014464035,0.17627992608931486,0.138717690968565,-0.03135501048268907,False,0.13597809650064718,0.01922999060998465,0.10210362921995397,-0.01397183868828733,0.9404145251818454,0.7242018848189093,1.289836947282128,2.0393529334414424,0.7242018848189093,31897116.662530996,0.2571425457399038,18.0125,17.305499998728433,19.745208311080933,True,True,False,False,False,False,dry_up,3,2,normal,False,False,,False,134.0,,0.05188115621930255,52.70463812551442,False,True,True,True,False,True,False,,Confirmed Uptrend,27.62,-0.3429,0.40297455565205537,0.9538536360667944,-0.4614148805605861,-0.5130140454052978,0.030586412898008463,0.6763045793397232,,False,,,1,0.608,0.854
HSIC,"Henry Schein, Inc.",Health Care,XLV,9768361984.0,2026-08-24,89.51000213623047,0.011412453516728371,-0.00011164552290798824,0.057912793884076885,0.02413038527557876,0.07546096659824841,True,0.021666471734777204,0.13162415823113882,-0.01051547176108747,-0.02015062734536921,0.9864448340699138,0.5234324590327342,0.7046485233915857,1.651732504178649,0.5234324590327342,112654735.08696175,0.9018746283838108,88.32150001525879,84.44799995422363,79.59341653188069,True,True,True,True,True,False,weak_rally,0,0,normal,False,False,,False,12.0,,0.02093158074531647,60.040146963493996,True,True,False,True,False,True,False,,Confirmed Uptrend,88.23,0.0145,0.4461930074360554,0.9944216998611353,0.065924494805363,-0.025531360648184176,0.5623210492445598,0.676251331203408,,False,,,1,0.608,0.854
BSBR,Banco Santander Brasil SA,Financials,XLF,21227141120.0,2026-08-24,5.78000020980835,0.006968717819721082,0.01225922437718463,0.08483486023247955,0.050192747259666604,0.05923905408259467,True,0.047666131344713314,0.11455509792531471,0.05986614075867691,-0.01019826821239489,0.9948365347217475,0.4636280874834204,0.7456921320810248,1.1835171687942954,0.4636280874834204,27888367.09005015,0.30000238418806474,5.633108830451965,5.3387809038162235,5.516973725954691,True,True,True,False,False,False,weak_rally,1,5,normal,False,False,,False,,분산5일,0.022614926560539404,61.08052385240167,False,True,True,True,False,True,False,,Confirmed Uptrend,,,0.27135717071186816,0.9993134723312326,-0.05214488555179819,-0.2649884055248828,0.29631203977379506,0.6756123535676252,,False,,,1,0.608,0.854
BNY,The Bank of New York Mellon Cor,Financials,XLF,106070532096.0,2026-08-24,162.13999938964844,0.023029804845591917,-0.012966487048235775,0.02769851682098423,-0.00511905701147497,0.1042249962145354,True,-0.007512600511558887,0.16189031554675415,0.00404485587147585,0.031838666940884996,0.9870335129517642,0.7444111725703297,0.8898316693165992,1.4007152895851556,0.7444111725703297,387899229.4645935,0.9479174117254369,159.17950134277345,151.7011823018392,139.19238217671713,True,True,True,True,True,False,weak_rally,1,0,normal,False,False,,False,28.0,,0.017458446190424252,58.63147029512582,True,False,True,True,False,True,False,,Confirmed Uptrend,161.71,0.0027,0.37659822425768646,0.9993134723312326,0.34594170999675944,0.26843117723907794,0.8702952851195662,0.674866879659212,,False,,,1,0.608,0.854
SPOT,Spotify Technology S.A.,Communication Services,XLC,102797697024.0,2026-08-24,537.8400268554688,0.007719509065617247,0.09212749105997387,0.08716046557319013,0.05244408887057239,0.06665162642221523,True,0.04991205654462294,0.12235477285046148,0.04205573382229644,0.10182977429337381,1.0,0.6285893548341696,0.9350397801683191,0.9836005168316375,0.6285893548341696,1083691072.9347687,0.8301676308567141,506.4175033569336,489.041835530599,487.731418355306,True,True,True,True,True,False,weak_rally,2,1,normal,False,False,,False,24.0,,0.04091564758894463,62.40512162674845,True,True,True,True,False,True,False,,Confirmed Uptrend,493.23,0.0904,0.27344639798766585,0.9408024526034724,-0.404493190164421,-0.05227840785254401,0.2278831160695472,0.6732161874334398,,False,,,1,0.608,0.854
MEDP,"Medpace Holdings, Inc.",Health Care,XLV,16108095488.0,2026-08-24,620.030029296875,-0.0011598400372533346,0.03836755487511567,0.05202170866128197,0.01842742051913482,0.25794270259924423,True,0.015977227508734648,0.32363553503438913,-0.016025507858761334,0.14610795394659015,0.9988401599627467,0.7229235766169821,0.7547246184965068,0.8815574635199223,0.7229235766169821,150674426.682959,0.7654944492284776,591.8789978027344,535.863247680664,496.3998743693034,True,True,True,True,True,False,dry_up,0,0,normal,False,False,,False,22.0,,0.027988867782935297,66.00429622488085,True,True,False,True,False,True,False,,Confirmed Uptrend,605.82,0.0235,0.5911067202941889,0.9944216998611353,0.1284588409486005,0.24152520252520016,0.7620727477746836,0.6731096911608093,,False,,,1,0.608,0.854
COO,"The Cooper Companies, Inc.",Health Care,XLV,14104614912.0,2026-08-24,75.80000305175781,-0.00551034062213096,0.009320966602655023,0.0783895584644001,0.043953263796454145,0.08219830809217998,True,0.041441659200385006,0.1387133401108882,0.008636807952093317,-0.014012255018319264,0.9867222514043419,0.6428039380478661,0.7947036765835419,1.3288464511468874,0.6428039380478661,132918365.77013855,0.18750049670584681,74.99050064086914,70.68783340454101,69.0626665433248,True,True,True,False,True,False,dry_up,1,2,normal,False,False,,False,54.0,,0.019364857675850704,58.319777372444065,True,True,True,True,False,True,False,,Confirmed Uptrend,67.34,0.1256,0.4778900577099716,0.9944216998611353,-0.18112598737696262,-0.22128138234447492,0.22564179665476414,0.6728966986155485,,False,,,1,0.608,0.854
VZ,Verizon Communications Inc.,Communication Services,XLC,195457925120.0,2026-08-24,50.150001525878906,0.014155728051354677,0.04348730946456847,0.0598056181172002,0.025962765810471966,0.047308632056323185,True,0.023494443820046396,0.10200164019683422,0.015835799836452447,0.08184884838618078,1.0,0.9272404919115133,0.7561812559369845,1.3249179402059705,0.9272404919115133,997802371.8646424,0.8586983563597764,47.791000556945804,45.507594172159834,46.39398562113444,True,True,True,True,False,False,weak_rally,0,0,normal,False,False,,False,107.0,,0.017689790066582955,70.57420860533507,True,True,True,True,False,True,False,,Confirmed Uptrend,48.41,0.0359,0.5024366977571936,0.9408024526034724,-0.06397711364012615,-0.11467804971303197,0.3761487075225094,0.6716719914802981,,False,,,1,0.608,0.854
NSC,Norfolk Southern Corporation,Industrials,XLI,75351621632.0,2026-08-24,352.9800109863281,0.0064439146833910055,0.034767870658142686,0.03211588660586706,-0.0008427474273103863,0.0999366895008067,False,-0.0032465791262804577,0.15737806300958446,0.05633311327612911,0.11391444517976002,1.0,1.0257632938707941,1.069463296916798,1.3678557310374975,1.0257632938707941,422216485.919429,0.7347412109375,339.10411529541017,324.6302749633789,312.4883331298828,True,True,True,True,True,False,accumulation,4,0,normal,False,False,,False,22.0,,0.017693521661916702,68.30217903295133,True,False,True,True,True,True,False,,Confirmed Uptrend,347.18,0.0167,0.47560465448624917,0.9597340907832117,0.06332607323502559,0.026920166389503786,0.6123660965983838,0.6703407880724175,,False,,,1,0.608,0.854
JNJ,Johnson & Johnson,Health Care,XLV,617777463296.0,2026-08-24,273.0400085449219,0.010361228581004855,0.04066781120672203,0.02665913146253729,-0.0061252515992991086,0.10421418469488342,True,-0.008516374336846044,0.16187893942320808,-0.03974757444071908,0.0060463464071096595,0.9986467389187239,0.7982191157384797,0.9923801969842444,1.8967734741006748,0.7982191157384797,1779642529.846344,0.8262473558031307,262.50099792480466,251.2999994913737,242.15523160298665,True,True,True,True,True,False,weak_rally,2,0,normal,False,False,,False,40.0,,0.019905518744763293,64.30545842045728,True,False,False,True,False,True,False,,Confirmed Uptrend,254.66,0.0722,0.41344555433559016,0.9944216998611353,0.28354573437997144,-0.0048607173244289426,0.7072548450109059,0.6695420660276891,,False,,,1,0.608,0.854
AMCR,Amcor plc,Materials,XLB,20750075904.0,2026-08-24,47.90999984741211,-0.013994655341435847,0.052273251305191115,0.05901852497534654,0.025200806972962564,0.15675505494681952,True,0.022734318148239563,0.21716362191581706,0.015732726619023474,0.1430143238456809,0.9860053446585642,1.2224531816206057,0.9734250090411878,0.8486420316505336,1.2224531816206057,191849524.2549568,0.24264617197032384,46.75100040435791,43.392833391825356,41.303579584757486,True,True,True,False,True,False,distribution,2,3,normal,False,False,,False,9.0,분산3일,0.02495751788543858,60.46244542782839,True,True,True,True,False,True,False,,Confirmed Uptrend,47.4,0.0108,0.37545070349199733,1.0,-0.09767675305164847,-0.16682517502347938,0.31790606687054723,0.6683173588924388,,False,,,1,0.608,0.854
IEX,IDEX Corporation,Industrials,XLI,16988749824.0,2026-08-24,233.69000244140625,-0.0029864625200093364,-0.02787136305692217,0.04405129129111929,0.01071152308477008,0.041849832628717776,False,0.00827989343743507,0.09625776896480254,0.06854856635944917,0.055089433192684334,0.9716031859731814,0.5746541145640269,0.9080865087276596,1.7664730074658017,0.5746541145640269,165343503.9303131,0.6057457480587881,234.70650100708008,225.45936787923176,213.03091786702473,False,True,True,True,True,False,dry_up,1,0,normal,False,False,,False,17.0,,0.02060728437006685,52.92056764708546,True,True,True,True,False,True,False,,Confirmed Uptrend,233.77,-0.0003,0.3078028018201452,0.9597340907832117,0.18704447446009964,-0.0007228201982792948,0.6668106359592922,0.6677848775292865,,False,,,1,0.608,0.854
BMRN,BioMarin Pharmaceutical Inc.,Health Care,XLV,11600931840.0,2026-08-24,65.06999969482422,-0.024437741049415873,-0.023559419405818516,0.07964159947906935,0.04516532329147771,0.12922548596303063,False,0.04265080265088472,0.1881963917742291,0.009807864035258351,0.028834070571928105,0.9263952402308935,0.9676009330827348,0.7737291461098186,1.335388270690078,0.9676009330827348,152927467.08671188,0.14574916292919185,64.84549980163574,60.006333351135254,57.53950007756551,True,True,True,True,True,False,dry_up,2,1,normal,False,False,,False,9.0,,0.036850424655059624,52.917106436042594,True,True,True,True,False,True,False,,Confirmed Uptrend,69.55,-0.0644,0.23599683710236943,0.9944216998611353,-0.13087285569438523,-0.13380997253446325,0.3195115978427386,0.6673588924387646,,False,,,1,0.608,0.854
PAG,"Penske Automotive Group, Inc.",Consumer Discretionary,XLY,14287970304.0,2026-08-24,218.07000732421875,0.005533325190434146,0.0005506326114106397,0.017689279909421263,-0.014808668209878473,0.16881160101708503,False,-0.01717889986941934,0.2298497901931229,-0.04648627938818395,0.1897869357120947,0.9824362989479433,0.7045416308606441,0.7705570224970961,1.7371211912312148,0.7045416308606441,86284829.10773925,0.6208589755642496,217.0386833190918,195.30928599039714,175.29212125142416,True,True,True,True,True,False,weak_rally,0,0,normal,False,False,,False,18.0,,0.01251141842748211,62.969771366138694,True,False,False,True,False,True,False,,Confirmed Uptrend,221.97,-0.0176,0.828004938275768,0.9538536360667944,0.04849476484375992,0.24510884620043294,0.7066698558598578,0.6625665601703941,,False,,,1,0.608,0.854
UL,Unilever PLC,Consumer Staples,XLP,136540749824.0,2026-08-24,65.31999969482422,0.018397260935525184,0.06679732456582199,0.07331643180410974,0.03904213767037734,0.088609532360298,False,0.03654234855243166,0.14545937412882992,0.04766488817745773,0.09370409821857129,0.9850370630474491,0.6388557970970796,0.8171500385118735,1.1881413825741929,0.6388557970970796,296349845.5681866,0.9775318463147428,63.35916309356689,60.552041880289714,59.54647487004598,True,True,True,False,True,False,weak_rally,1,0,normal,False,False,,False,19.0,,0.014242861946310421,63.07974178672913,True,True,True,True,False,True,False,,Confirmed Uptrend,66.31,-0.015,0.28027322196825827,0.9838065079008816,-0.2533889503319915,-0.23022290620787267,0.16490589032592415,0.6624600638977637,,False,,,1,0.608,0.854
MCO,Moody's Corporation,Financials,XLF,82846326784.0,2026-08-24,511.3500061035156,0.015954062350881815,0.07163063837614292,0.05447083753189674,0.020798341173797974,0.11788064069010162,False,0.01834244406205565,0.17625909104368898,0.030200980892151952,0.04459912974528768,0.9873042160031517,0.8814195769398377,0.9640895793287363,1.2944486416479077,0.8814195769398377,360536576.9340439,0.8668875750769655,484.8029098510742,473.8885243733724,459.0391835530599,True,True,True,True,True,False,weak_rally,1,0,normal,False,False,,False,40.0,,0.020369475195909217,66.99005632706474,True,True,True,True,False,True,False,,Confirmed Uptrend,449.06,0.1387,0.5340332179129097,0.9993134723312326,-0.2075757748416972,-0.004614757640140743,0.37463270175918173,0.6614483493077743,,False,,,1,0.608,0.854
NDAQ,"Nasdaq, Inc.",Financials,XLF,52650078208.0,2026-08-24,98.79000091552734,0.005803295537977204,0.021824582164783113,0.05162868158478284,0.01804694400575335,0.10167685163246731,True,0.015597666368284857,0.15920910064701244,0.02742424042636693,0.029457563345379523,1.0,1.238278128779695,1.0222164746679885,1.029269169898725,1.238278128779695,286268406.50007516,0.698629850652676,95.88400001525879,89.89503860473633,88.74219938913981,True,True,True,True,True,False,accumulation,2,0,normal,False,False,,False,27.0,,0.018856739107024022,68.42589990198074,True,True,True,True,False,True,False,,Confirmed Uptrend,94.25,0.0482,0.8666741735510248,0.9993134723312326,-0.15572566651300201,0.06564505656775088,0.4783274959707961,0.6611821086261981,,False,,,1,0.608,0.854
COF,Capital One Financial Corporati,Financials,XLF,128224468992.0,2026-08-24,216.27000427246094,-0.007526039934318107,-0.02339125196281633,0.048218907989362014,0.014746054966345845,0.14912214647493283,False,0.012304718803242132,0.20913210436881102,0.024092946683958116,0.07379263088206445,0.9546658898294382,0.9774228928530068,0.9943041630563608,1.1951207648332365,0.9774228928530068,725921471.6761291,0.026022241571488133,217.52768936157227,203.5240676879883,195.33861249287924,False,True,True,True,True,False,dry_up,1,2,normal,False,False,,False,43.0,,0.02245714260798162,52.410934767384674,True,True,True,True,False,True,False,,Confirmed Uptrend,197.11,0.0972,0.36225626280037054,0.9993134723312326,-0.17638282597011778,-0.015109887782207343,0.38795305052023715,0.6611288604898828,,False,,,1,0.608,0.854
TAK,Takeda Pharmaceutical Company L,Health Care,XLV,54576967680.0,2026-08-24,18.239999771118164,0.003300300601496664,0.04948220091361777,0.045871514481795606,0.012473620951750863,0.10778034200909792,True,0.01003775194499723,0.165631330159975,-0.02177789314179024,0.009295462010229683,0.9945474165410181,0.6352181131769729,0.7428833554614198,1.3611340164636418,0.6352181131769729,61183466.685365774,0.8666632758160294,17.49849977493286,16.61216656366984,16.99649991194407,True,True,True,False,False,False,weak_rally,0,0,normal,False,False,,False,18.0,,0.017348051587626503,65.00662845845457,True,True,False,True,False,True,False,,Confirmed Uptrend,17.75,0.0276,0.3218092061109438,0.9944216998611353,-0.04209414232263309,-0.15762214169937316,0.36387168053396207,0.6594249201277955,,False,,,1,0.608,0.854
ARCC,Ares Capital Corporation,Financials,XLF,13470108672.0,2026-08-24,20.049999237060547,0.006526062262484977,0.02087575662696839,0.06140814636806069,0.027514120406481046,0.03927417374836906,True,0.02504206607528081,0.09354760290309572,0.0369786196028592,-0.028854371434404613,0.993065810138989,0.7328617427345061,0.7022018308614152,1.4240458771808462,0.7328617427345061,84033754.7603096,0.9166646798432794,19.592500019073487,18.886366621653238,18.462333138783773,True,True,True,True,True,False,weak_rally,1,0,normal,False,False,,False,11.0,,0.015033848882372481,62.76322210305554,True,True,True,True,False,True,False,,Confirmed Uptrend,20.01,0.002,0.3063304322598179,0.9993134723312326,-0.20904938839638032,-0.045928045472893086,0.333948392020183,0.6575079872204472,,False,,,1,0.608,0.854
APD,"Air Products and Chemicals, Inc",Materials,XLB,65666310144.0,2026-08-24,306.239990234375,0.0037364277550115954,0.017882088495503323,0.04668809996932377,0.01326413035364804,0.06788607443336758,False,0.010826359492553062,0.12365368674402566,0.003906289293925225,0.05520099012559787,0.9746968008362588,1.1389993933010278,1.1007757681934895,1.9048880398578105,1.1389993933010278,311472533.10083616,0.9682506729777797,301.16699981689453,292.4465799967448,291.1334749857585,True,True,True,True,True,False,accumulation,2,1,normal,False,False,,False,37.0,,0.020159272015200024,56.9231947638334,True,True,True,True,False,True,False,,Confirmed Uptrend,306.4,-0.0005,0.5220873504612019,1.0,-0.11371748216808797,-0.021888531329478877,0.4286184528996031,0.6572417465388711,,False,,,1,0.608,0.854
PH,Parker-Hannifin Corporation,Industrials,XLI,123127144448.0,2026-08-24,1014.239990234375,0.012478287900910656,-0.037503814118017176,0.027276126791355715,-0.00552795882860091,0.08333265273068147,False,-0.007920518568473756,0.13990692298981755,0.05137979493395761,0.09709940792981397,0.9444718586477451,0.9591333218019681,0.9180924719403445,1.410196504179785,0.9591333218019681,681587252.8708985,0.8332791151594015,1022.6565032958985,964.7985015869141,939.7118301391602,False,True,True,True,True,False,weak_rally,0,1,normal,False,False,,False,12.0,,0.025552187600336434,51.0326614972988,True,False,True,True,False,True,False,,Confirmed Uptrend,1069.8,-0.0519,0.2694717133275845,0.9597340907832117,0.15595237373729587,-0.09887611580085454,0.5561882307381274,0.6562832800851971,,False,,,1,0.608,0.854
SJM,The J.M. Smucker Company,Consumer Staples,XLP,12746591232.0,2026-08-24,125.87000274658203,0.012467849546031973,0.0682339030008261,0.049563030720746415,0.01604725572571697,0.04815307018020243,False,0.013602789056755604,0.102890176936699,0.02447917746583972,0.05305830450605553,1.0,0.966217357023025,0.9733287016773625,1.7891125024361723,0.966217357023025,137632386.3174568,0.7975369089189923,119.9920539855957,113.68775266011556,105.5485855738322,True,True,True,True,True,False,weak_rally,1,0,normal,False,False,,False,52.0,,0.02241392812904068,65.26800397243179,True,True,True,True,False,True,False,,Confirmed Uptrend,111.35,0.1304,0.3682826955816658,0.9838065079008816,-0.08089286681891139,-0.009950783863163393,0.4634373807611921,0.6553248136315228,,False,,,1,0.608,0.854
ING,"ING Group, N.V.",Financials,XLF,99780304896.0,2026-08-24,35.029998779296875,0.005453462281195476,-0.01683980552431963,0.05958500019038815,0.02574919289246691,0.1523723316679213,True,0.023281384728417676,0.21255202215043378,0.03519743522705965,0.07682975354125166,0.9812324378340598,0.5179223789261099,0.7786256416250783,0.7462434613341399,0.5179223789261099,78253291.9440445,0.7843102055470783,34.86568737030029,32.36039476394653,29.789156484603883,True,True,True,True,True,False,weak_rally,0,1,normal,False,False,,False,13.0,,0.011857899021708503,58.92726759808536,True,True,True,True,False,True,False,,Confirmed Uptrend,35.46,-0.0121,0.3166613265960881,0.9993134723312326,0.1587144380952401,0.05868216389424408,0.7023120511637708,0.6541533546325878,,False,,,1,0.608,0.854
WTRG,"Essential Utilities, Inc.",Utilities,XLU,11302774784.0,2026-08-24,41.34000015258789,0.028870080602330983,0.038693491081611464,0.055098421193189306,0.02140588415895528,0.08266357351099685,False,0.01894852538431402,0.1392029028233206,0.11515258770997505,0.13758681127077188,1.0,1.2513504523651198,0.9282756506288472,1.0062811364685575,1.2513504523651198,79814817.90277652,0.9416072418046595,39.976346015930176,38.488504600524905,38.531984901428224,True,True,True,True,False,False,accumulation,2,0,normal,False,False,,False,40.0,,0.020026608480606965,62.65372213055317,True,True,True,True,False,True,False,,Confirmed Uptrend,38.3,0.0794,0.3123600485243005,0.9176635341809471,-0.11726182430404697,-0.06514539798821373,0.38110198014727237,0.653940362087327,,False,,,1,0.608,0.854
WDS,Woodside Energy Group Limited,Energy,XLE,44599808000.0,2026-08-24,23.81999969482422,-0.02096178505882007,0.008894497206433094,0.09266057469991185,0.057768562599949114,0.0565444758415754,False,0.055223720339729665,0.11171980224422029,0.010421029784216218,-0.014965909414324963,0.9790382149411799,0.5897234064742164,0.6072370581676145,1.7757168949386075,0.5897234064742164,13620749.723827362,0.10713896457765668,23.149499797821044,21.65199991861979,22.33657209078471,True,True,True,True,False,False,dry_up,0,0,normal,False,False,,False,,,0.019941213533138612,60.25301126645521,False,True,True,True,False,True,False,,Confirmed Uptrend,,,0.4704661494785567,0.9899607938878676,0.1540773848000765,0.11044020201214089,0.7361641978894375,0.653727369542066,,False,,,1,0.608,0.854
OC,Owens Corning Inc,Industrials,XLI,11185383424.0,2026-08-24,146.97000122070312,-0.0073618557062266055,-0.04447042745244789,0.024538196914224875,-0.008178458185574056,0.17319608471601122,False,-0.010564641197102986,0.23446324231195637,0.04857762317342784,0.1881048048198084,0.9248049516364937,0.6546883502949299,0.8549659327882437,1.0015395160239917,0.6546883502949299,125710435.61849365,0.16666807951511042,149.15600128173827,138.8829195658366,126.39173857371013,False,True,True,True,True,False,dry_up,1,1,normal,False,False,,False,13.0,,0.035954872049035295,49.23407428732695,True,False,True,True,False,True,False,,Confirmed Uptrend,152.47,-0.0361,0.49214685748338827,0.9597340907832117,-0.16392946731676328,0.023644045720942364,0.4412503915304141,0.6514909478168265,,False,,,1,0.608,0.854
JBS,JBS N.V.,Consumer Staples,XLP,46112419840.0,2026-08-24,13.880000114440918,0.004341564467557069,0.03273813599665809,0.024354237569066628,-0.008356543143163364,0.09656756288428747,False,-0.010742297707353243,0.15383299239353776,-0.00012714241873601484,0.10169937139881324,0.9713086180191324,0.8762355758310453,0.8985770374418934,1.5918456078987706,0.8762355758310453,86915880.31219316,0.18923000893982553,13.703999900817871,12.644833278656005,13.747335306803386,True,True,True,False,False,False,weak_rally,3,1,normal,False,False,,False,18.0,,0.035500727353339326,58.64710459450975,True,False,False,True,True,True,False,,Confirmed Uptrend,14.23,-0.0246,0.372811059916998,0.9838065079008816,-0.2644552820356115,-0.2450856607386055,0.14548256479472416,0.650212992545261,,False,,,1,0.608,0.854
SHEL,Shell PLC,Energy,XLE,254490148864.0,2026-08-24,93.0,-0.0035358601155076608,0.015062183060995826,0.08619932851781864,0.051513643876891724,0.053265663036162314,True,0.048983850070619006,0.10826976184651138,0.004446091937856389,-0.018022801446634373,0.9930592470337624,0.9562600040750998,0.7896774480945699,1.3099282198546596,0.9562600040750998,531145941.91702807,0.3222226931717035,90.04926528930665,84.93495597839356,86.08480167388916,True,True,True,True,False,False,dry_up,0,0,normal,False,False,,False,14.0,,0.015694585118688657,66.38744875099954,True,True,True,True,False,True,False,,Confirmed Uptrend,89.06,0.0442,0.42276825209534286,0.9899607938878676,0.06637735054504956,0.024412407865190833,0.6140809713371262,0.6498935037273695,,False,,,1,0.608,0.854
VG,"Venture Global, Inc.",Energy,XLE,33240713216.0,2026-08-24,14.390000343322754,0.012667157261968098,0.04654547951438204,0.12246495209608987,0.08662119457690132,0.08931736656922262,False,0.08400693694571171,0.14620417316451717,0.03798216852942482,0.015588804894372643,0.9492084754723267,0.9124037648542274,1.0169997287394523,1.0634783515647206,0.9124037648542274,182900175.7412355,0.9405946016380533,13.519500064849854,12.75462237993876,13.085038391749064,True,True,True,True,False,False,weak_rally,3,1,normal,False,False,,False,22.0,,0.05115158419520555,57.10957015796494,True,True,True,True,True,True,False,,Confirmed Uptrend,15.16,-0.0508,0.37244632880750544,0.9899607938878676,-0.04028850943873352,0.3978182303478712,0.6505651136434824,0.6497337593184238,,False,,,1,0.608,0.854
BCE,"BCE, Inc.",Communication Services,XLC,20217159680.0,2026-08-24,23.850000381469727,0.005904736499494634,0.021413275881434046,0.12288138599232012,0.08702433045828362,-0.05234008654226652,False,0.08440910293891246,-0.002850977243688324,0.07629464437773059,-0.02108628282473546,0.9824113342562228,0.5448186801130251,0.5904528534306525,2.3649389247292247,0.5448186801130251,83586896.54956874,0.7428569871553834,22.823500156402588,22.705627377827962,23.503871218363443,True,True,False,False,False,False,weak_rally,1,0,normal,False,False,,False,59.0,,0.017789753014978895,66.9062066820251,True,True,True,True,False,True,False,,Confirmed Uptrend,24.79,-0.0379,0.3629229643808889,0.9408024526034724,-0.2581427925170191,-0.23019325341936914,0.16148160803676684,0.645580404685836,,False,,,1,0.608,0.854
ITT,ITT Inc.,Industrials,XLI,17606807552.0,2026-08-24,204.9600067138672,-0.015088896191990053,-0.06755830494365056,0.03619819793549661,0.003109203148387474,0.06783253140666634,False,0.0006958636126459528,0.12359734757003227,0.06051121061205067,0.08140231444282864,0.9324416950563494,0.532413533086929,0.6888616305897284,1.329912677431746,0.532413533086929,192410684.84260407,0.08924481130757843,208.35800018310547,197.83510462443033,199.16913248697918,False,True,True,True,False,False,dry_up,0,0,normal,False,False,,False,12.0,,0.033212060607229206,47.77302005347749,True,True,True,True,False,True,False,,Confirmed Uptrend,214.41,-0.0441,0.3547775919963698,0.9597340907832117,0.018514375956073525,-0.11512822011818391,0.44203470525590427,0.645580404685836,,False,,,1,0.608,0.854
EHC,Encompass Health Corporation,Health Care,XLV,11018041344.0,2026-08-24,120.91999816894531,0.005070240401712889,-0.008771208406931241,0.06181946861011234,0.027912307864520924,0.14052781134748038,False,0.025439295550349295,0.20008895212413003,-0.00686148986331514,0.039131586503651006,0.9611318696086055,0.7206743525441246,0.8486411182458338,1.2523534743558051,0.7206743525441246,114723555.30081482,0.3137250502081253,119.34049987792969,109.91734733581544,106.59902267456054,True,True,True,True,True,False,weak_rally,1,2,normal,False,False,,False,12.0,,0.028625773721874945,59.370718686951655,True,True,False,True,False,True,False,,Confirmed Uptrend,124.82,-0.0312,0.2709800778944462,0.9944216998611353,-0.21639935992000947,-0.019304960788985914,0.3507447335599939,0.6420660276890308,,False,,,1,0.608,0.854
CLH,"Clean Harbors, Inc.",Industrials,XLI,16516074496.0,2026-08-24,313.739990234375,-0.007089121697796408,-0.03775493948618147,0.03973484750414258,0.006532916621049267,0.05445188948359947,False,0.0041113401126462445,0.10951793592882964,0.06413084295944116,0.0678516342390012,0.9613899422537541,0.6860110407797764,0.9342640520304785,1.3527734023902964,0.6860110407797764,167733047.09103394,0.49338328001750564,315.4770004272461,301.8354990641276,298.3765838623047,False,True,True,True,True,False,dry_up,5,1,normal,False,False,,False,18.0,,0.021482177082387262,50.68637302416024,True,True,True,True,True,True,False,,Confirmed Uptrend,326.34,-0.0386,0.2613800517651875,0.9597340907832117,0.056519042641216766,-0.006423188461560314,0.5718647098688445,0.6406815761448349,,False,,,1,0.608,0.854
RGA,"Reinsurance Group of America, I",Financials,XLF,15516792832.0,2026-08-24,245.57000732421875,0.010035793165809936,-0.0017479377064278934,0.031582812179306474,-0.001358799148217904,0.1525539046202773,True,-0.0037613892993918485,0.21274307728469632,0.007839749713760558,0.07699942366622925,0.9846964542015153,0.750938904368793,0.8594974773277854,0.8841203155321454,0.750938904368793,90244585.14051513,0.6936041553210509,241.39313659667968,225.55271708170574,215.87439409891763,True,True,True,True,True,False,weak_rally,3,2,normal,False,False,,False,40.0,,0.021068317185874593,60.308804008427195,True,False,True,True,False,True,False,,Confirmed Uptrend,214.43,0.1452,0.3587710935043167,0.9993134723312326,0.07655259988912477,0.017757124747822983,0.6160279737802761,0.6404153354632588,,False,,,1,0.608,0.854
UNP,Union Pacific Corporation,Industrials,XLI,173547290624.0,2026-08-24,309.8599853515625,0.0058756618416431206,0.03321104254012086,0.035282318707938964,0.0022225707609098144,0.1132249966961334,False,-0.00018863566211824168,0.17136031797862583,0.05957384149644418,0.12737161728625468,1.0,0.8488966178373603,1.0552621397665614,1.0100575757918084,0.8488966178373603,791683140.0324463,0.7607972121069736,296.62449951171874,283.61766713460287,268.8634006500244,True,True,True,True,True,False,weak_rally,2,0,normal,False,False,,False,22.0,,0.017845795599892418,68.43895517591415,True,True,True,True,False,True,False,,Confirmed Uptrend,304.33,0.0182,0.4986337888805294,0.9597340907832117,0.1867015221346331,0.08149263411835395,0.7364564646654479,0.6401490947816827,,False,,,1,0.608,0.854
PHG,Koninklijke Philips N.V. NY Reg,Health Care,XLV,25706340352.0,2026-08-24,27.520000457763672,0.003646986914350281,0.026099954172428275,0.09992006212071236,0.06479623226435671,0.015891447288761462,False,0.06223448242020502,0.06894377350452752,0.02877466844142118,-0.07442424390382385,0.974849482961897,0.5428955020879307,0.6584485849896862,2.137304894179894,0.5428955020879307,27737044.641625594,0.31999969482421875,26.808999919891356,26.712666702270507,26.663734245300294,True,True,True,False,True,True,weak_rally,0,0,normal,False,False,,False,,,0.015754774693357374,57.84482152710062,False,True,True,True,False,True,False,,Confirmed Uptrend,,,0.48181435532305095,0.9944216998611353,-0.1570889714223589,-0.19998209664436462,0.2536176271263661,0.6394036208732695,,False,,,1,0.608,0.854
DGX,Quest Diagnostics Incorporated,Health Care,XLV,25718095872.0,2026-08-24,243.8699951171875,-0.0021277641219347165,0.03545342515817418,0.05188922950880315,0.018299171833370265,0.15786570254725962,True,0.01584928737125435,0.2183322702396282,-0.016149417950831246,0.05492808897365098,0.9978722358780653,0.9864968951567578,1.144153061920865,0.893439381504837,0.9864968951567578,201588505.51438293,0.4070754116495393,237.1629997253418,216.06060485839845,205.20362434387206,True,True,True,True,True,False,dry_up,1,1,normal,False,False,,False,18.0,,0.01882033108700995,73.44135873750167,True,True,False,True,False,True,False,,Confirmed Uptrend,235.22,0.0368,0.7236237565444008,0.9944216998611353,0.07356494879752407,0.017598526886796195,0.6126091586794462,0.6380724174653888,,False,,,1,0.608,0.854
HAS,"Hasbro, Inc.",Consumer Discretionary,XLY,13291635712.0,2026-08-24,95.41000366210938,0.01999147667606671,0.01131937780015524,0.06087529987106355,0.026998289336644943,0.10600661236296594,False,0.024527476022385475,0.1637649720306953,-0.006023572956111778,0.12585485723752043,0.9905802994637649,0.9676288368764281,0.8557395202052628,1.1900968340997524,0.9676288368764281,168441150.9302063,0.8373648927358152,93.63988037109375,86.26173833211263,88.9846134185791,True,True,True,False,False,False,weak_rally,0,1,normal,False,False,,False,19.0,,0.022896279217324206,62.545055999533474,True,True,False,True,False,True,False,,Confirmed Uptrend,95.62,-0.0022,0.37265348203455234,0.9538536360667944,-0.025476073042605463,-0.16321664265179991,0.3713728907188783,0.6380191693290735,,False,,,1,0.608,0.854
RJF,"Raymond James Financial, Inc.",Financials,XLF,33805756416.0,2026-08-24,176.67999267578125,0.008447464345426203,-0.015600641399659776,0.017741857511393455,-0.014757769572414259,0.13614271340381978,False,-0.017128123686911634,0.1954748536832056,-0.005682639495923403,0.06166405114183182,0.9751628204994318,0.6843357170899181,1.1049648338170126,1.4093736089816509,0.6843357170899181,173042361.80046082,0.5778427520672484,177.90049896240234,164.98063278198242,157.13721720377603,False,True,True,True,True,False,weak_rally,1,2,normal,False,False,,False,168.0,,0.02036773786801855,54.283520085699635,True,False,False,True,False,True,False,,Confirmed Uptrend,161.28,0.0955,0.4097643365250354,0.9993134723312326,-0.09902419756707015,0.023039231863622334,0.4823253774353191,0.6366347177848776,,False,,,1,0.608,0.854
TW,Tradeweb Markets Inc.,Financials,XLF,21911615488.0,2026-08-24,108.37999725341797,0.012518650284281119,0.030522003806790154,0.06239276480763656,0.028467296951562915,0.05516333123093142,False,0.025992949411773214,0.11026653089736782,0.037940575918910424,-0.014006811261590535,1.0,0.6210225531470083,0.7722296706697166,1.5014553468958107,0.6210225531470083,175539873.2808674,0.7834551684963598,103.9904998779297,100.92383346557617,108.77694702148438,True,True,False,False,False,False,weak_rally,0,1,normal,False,False,,False,18.0,,0.02039450163462392,61.59171902040115,True,True,True,True,False,True,False,,Confirmed Uptrend,108.18,0.0018,0.33229330426418585,0.9993134723312326,-0.34094450913958807,-0.22087500786293313,0.12403569618378865,0.6358359957401492,,False,,,1,0.608,0.854
RELX,RELX PLC PLC,Industrials,XLI,61837111296.0,2026-08-24,36.38999938964844,0.013366737518126781,0.08432651670299673,0.02878619574009167,-0.0040661110248856325,0.06765567371915471,False,-0.006462187764790794,0.12341125394323149,0.05292529564233783,0.0812232092863765,0.959357284061341,0.6062687212774354,0.7587274880460086,1.3325557537912578,0.6062687212774354,88725286.59425735,0.8645163195692086,35.603035354614256,33.62239777247111,33.566633987426755,True,True,True,True,True,False,weak_rally,0,0,normal,False,False,,False,155.0,,0.025058261754146546,60.21949132629733,True,False,True,True,False,True,False,,Confirmed Uptrend,41.98,-0.1332,0.3177805737239777,0.9597340907832117,-0.38068769880491105,0.056655824158061474,0.3386829771118439,0.6358359957401492,,False,,,1,0.608,0.854
KOF,Coca Cola Femsa S.A.B. de C.V.,Consumer Staples,XLP,22745710592.0,2026-08-24,114.87000274658203,0.023888049263351085,0.056858958196337905,0.05394994951887355,0.02029408671677002,0.044659274666412285,True,0.017839402770267965,0.09921392690985686,0.02876125184381051,0.04954815843606375,1.0,0.6796909465952855,0.9224326032264604,1.0471456903127383,0.6796909465952855,14705527.950411987,0.8768017578125,109.74050064086914,106.52543093363444,103.47806351979574,True,True,True,True,True,False,weak_rally,2,1,normal,False,False,,False,,,0.01977079993415545,68.38954665355163,False,True,True,True,False,True,False,,Confirmed Uptrend,,,0.4098716440641435,0.9838065079008816,0.04347950666864997,-0.09503967740826069,0.4802451122766853,0.6327476038338657,,False,,,1,0.608,0.854
BF-A,Brown Forman Inc,Consumer Staples,XLP,13408013312.0,2026-08-24,29.350000381469727,0.009979384750753884,0.04634585311116779,0.05084139136335075,0.01728479438202224,0.037738681605099744,False,0.014837350369261149,0.09193192361945446,0.025726986145553354,0.04259517780502953,0.9825912138214383,0.8731791346813172,0.7813958155636948,1.572018496612539,0.8731791346813172,3460092.795196533,0.07633754502648446,28.81549987792969,27.414211368560792,26.981967576344807,True,True,True,False,True,False,weak_rally,0,0,normal,False,False,,False,,,0.02473837643237169,58.65797512879943,False,True,True,True,False,True,False,,Confirmed Uptrend,,,0.36074922185590813,0.9838065079008816,-0.23322024572217237,-0.18662066609176786,0.20116929490355537,0.6307241746538871,,False,,,1,0.608,0.854
TECH,Bio-Techne Corp,Health Care,XLV,11232389120.0,2026-08-24,72.38999938964844,0.0020764331438904993,0.0011074292932351515,0.01187043650347186,-0.02044169805283369,0.2930354259231289,False,-0.02279837743553048,0.3605608858605005,-0.053579702135398866,0.17808083255548524,0.9998642723236726,0.44163921820790136,0.8050223533268006,1.3095883860133408,0.44163921820790136,252822800.59193498,0.8275807639692728,72.11364822387695,66.32022482554117,59.28021551767985,True,True,True,True,True,False,weak_rally,1,1,normal,False,False,,False,19.0,,0.00390820138489954,69.16559372771478,True,False,False,True,False,True,False,,Confirmed Uptrend,71.99,0.0056,1.0,0.9944216998611353,0.13305916035677656,0.20331756260724254,0.7580450245738726,0.6294994675186368,,False,,,1,0.608,0.854
LYB,LyondellBasell Industries NV,Materials,XLB,20038479872.0,2026-08-24,65.19999694824219,-0.024536198077538596,0.017658971889709996,0.12373027324959507,0.08784611013509114,0.00033418314086852696,False,0.08522890552949902,0.05257407112339485,0.07779947896447137,-0.011548473401702175,0.9672990899624213,0.6093276956797805,0.7749979721696146,1.3265272354399238,0.6093276956797805,275130619.86616594,0.18829303141840997,62.169864654541016,60.235728899637856,65.81434173583985,True,True,False,True,False,False,dry_up,1,1,normal,False,False,,False,5.0,,0.031891130219742714,59.405139171468534,True,True,True,True,False,True,False,,Confirmed Uptrend,64.07,0.0177,0.30745860744942843,1.0,-0.0034788347257502794,0.00016811737492106182,0.5311938403011509,0.6294994675186368,,False,,,1,0.608,0.854
KDP,Keurig Dr Pepper Inc.,Consumer Staples,XLP,42340614144.0,2026-08-24,32.5099983215332,0.014669082165290614,0.07364589115981102,0.0793491837884237,0.044882245333017545,0.010492779815484576,False,0.04236840573814371,0.06326317446396823,0.053553461431129934,0.015221768367438493,0.9704477110905434,0.6438048689704389,0.7527741099466293,1.4562408368733417,0.6438048689704389,394573018.20953447,0.5470053144664341,30.86500015258789,31.001824220021565,29.20630016326904,True,True,True,True,False,False,weak_rally,2,1,normal,False,False,,False,40.0,,0.03312168442369194,62.20376939278233,True,True,True,True,False,True,False,,Confirmed Uptrend,33.4,-0.0266,0.32195977376645984,0.9838065079008816,-0.25858561136716796,-0.06950478907357005,0.27010233893150637,0.6274760383386582,,False,,,1,0.608,0.854
EOG,"EOG Resources, Inc.",Energy,XLE,79196536832.0,2026-08-24,150.2100067138672,-0.018556003144476918,0.027779767272918532,0.07055811651011656,0.03637190386558764,0.06828643092510589,True,0.03387853895428927,0.12407495082708064,-0.010017877852795287,-0.00401868824960272,0.9814439968555231,0.759334374228823,0.8645624416592586,1.1134900376198766,0.759334374228823,409368711.2941383,0.29180752355606704,144.33549957275392,138.55868555704754,137.01028022766113,True,True,True,True,True,False,dry_up,1,0,normal,False,False,,False,116.0,,0.025428709088101967,60.203149694161965,True,True,False,True,False,True,False,,Confirmed Uptrend,129.69,0.1582,0.3064183154467194,0.9899607938878676,0.08732117804194606,0.11621316770338197,0.6946522925173555,0.6274227902023429,,False,,,1,0.608,0.854
RPRX,Royalty Pharma plc,Health Care,XLV,33645875200.0,2026-08-24,61.33000183105469,0.00032621851762648646,0.03162323034463621,0.048477970493416844,0.014996844808024434,0.07344167988275618,True,0.012554905279865247,0.12949941944412946,-0.019340028780999607,-0.021990393624979343,0.9935202055054616,0.816053984835309,0.9143494563435822,1.3000260347930415,0.816053984835309,168828459.6887764,0.7145597842994919,58.81119441986084,56.87995567321777,52.76761671702067,True,True,True,True,True,False,weak_rally,2,1,normal,False,False,,False,59.0,,0.023823411687625282,64.07945022702557,True,True,False,True,False,True,False,,Confirmed Uptrend,55.54,0.1043,0.35954762911797933,0.9944216998611353,0.3993577594499458,0.19375957665863397,0.873563980340902,0.6267838125665601,,False,,,1,0.608,0.854
MDLZ,"Mondelez International, Inc.",Consumer Staples,XLP,79526756352.0,2026-08-24,64.69999694824219,0.003878976134021661,0.04052744661785801,0.06642490359196485,0.03237067714561226,-0.007524036542667756,False,0.029886938622551984,0.04430547606438018,0.040938062872442504,-0.0028793645934666046,0.9955377608084365,0.8440210904480345,0.777688894451805,2.0449376069887464,0.8440210904480345,526402657.6622292,0.32669078087479864,62.97749977111816,61.27853558858236,59.7178697903951,True,True,True,True,True,False,weak_rally,0,0,normal,False,False,,False,18.0,,0.01906049502020686,61.83887086236836,True,True,True,True,False,True,False,,Confirmed Uptrend,64.99,-0.0045,0.3710301494655291,0.9838065079008816,-0.153624442689958,-0.06351159688987473,0.359914575182382,0.6266773162939298,,False,,,1,0.608,0.854
CP,Canadian Pacific Kansas City Li,Industrials,XLI,78141349888.0,2026-08-24,94.68000030517578,-0.020788107203208783,0.008092016088664833,0.03588620048729618,0.002807168738105714,0.02401886227040917,True,0.0003945558546378791,0.07749562189591375,0.06019189255865309,0.03703187074997105,0.9792118927967912,0.9208730950249584,0.7189627324172095,1.104389943295809,0.9208730950249584,254825575.73500174,0.3787233904402001,92.271000289917,90.20224571228027,86.58741944630941,True,True,True,True,True,False,dry_up,0,0,normal,False,False,,False,27.0,,0.019411258150306508,58.9865071339338,True,True,True,True,False,True,False,,Confirmed Uptrend,92.91,0.0191,0.33590709996823015,0.9597340907832117,0.0798605248823987,0.00536299674362084,0.6049632958033635,0.6264643237486688,,False,,,1,0.608,0.854
WAB,Westinghouse Air Brake Technolo,Industrials,XLI,49129406464.0,2026-08-24,297.6199951171875,0.00016798666444328703,-0.009056406918388049,-0.009879667694241978,-0.04149725454157538,0.09563381791938763,False,-0.04380327721933708,0.1528504849918515,0.013352189144175464,0.10955689364425147,0.9742868859951678,0.6662127703205148,0.9278663148839204,1.5806578556578557,0.6662127703205148,282774382.4433594,0.3380669995838535,295.75083312988284,277.07704111735023,266.52744344075523,True,True,True,True,True,False,weak_rally,3,0,normal,False,False,,False,15.0,,0.01795778767793243,58.561984167237185,True,False,True,True,True,True,False,,Confirmed Uptrend,296.16,0.0049,0.5091979341568335,0.9597340907832117,0.34926734398366177,0.05813405877254918,0.7878753708860833,0.6264643237486688,,False,,,1,0.608,0.854
EQH,"Equitable Holdings, Inc.",Financials,XLF,13006455808.0,2026-08-24,49.029998779296875,0.0026584304572909723,-0.04107182172792723,0.015448534301959027,-0.016977859919763527,0.09049701651767861,False,-0.019342872809406275,0.147445427307056,-0.007923179239433087,0.019010610775922254,0.9235260621280463,0.7874074016890219,0.6660986193798305,1.72410707503034,0.7874074016890219,147389279.0881462,0.4805178076898306,50.23384437561035,46.59879754384359,43.06299638748169,False,True,True,True,True,False,weak_rally,0,1,normal,False,False,,False,10.0,,0.031780838239759635,48.0417896701947,True,False,False,True,False,True,False,,Confirmed Uptrend,52.67,-0.0691,0.29736464993790696,0.9993134723312326,-0.19675217675649403,0.11222288484131049,0.47904825363197856,0.6257188498402556,,False,,,1,0.608,0.854
TM,Toyota Motor Corporation,Consumer Discretionary,XLY,223784058880.0,2026-08-24,193.80999755859375,-0.017937716926469394,0.02447407264016266,0.06401319820376017,0.030035984926487957,0.0677460809619792,False,0.02755786334425392,0.12350638247252,-0.003083550718305017,0.086907707521789,0.9820622830735306,0.846312686413123,0.887217345459135,1.3120725653124066,0.846312686413123,73848893.85741273,0.10227436927434037,189.73200073242188,180.67466634114584,191.6599993387858,True,True,True,False,False,False,dry_up,1,0,normal,False,False,,False,18.0,,0.015449598633343711,60.16493885425821,True,True,False,True,False,True,False,,Confirmed Uptrend,192.84,0.005,0.35981641951409454,0.9538536360667944,-0.2349280275992246,-0.3153030473698407,0.14557550699629257,0.6255058572949946,,False,,,1,0.608,0.854
WES,"Western Midstream Partners, LP",Energy,XLE,19241437184.0,2026-08-24,48.529998779296875,0.003515263995032436,-0.0012348502387855564,0.059249401011536085,0.025424310427368813,0.08577465860744393,False,0.02295728388479712,0.14247645636249562,-0.02047543825553111,0.01228587899287481,0.9744979823851372,0.5949202510993284,0.7154907795316168,1.498113651504628,0.5949202510993284,41899338.26443024,0.8613123646063631,47.617468643188474,44.9788205464681,42.94699805577596,True,True,True,True,True,False,weak_rally,2,0,normal,False,False,,False,68.0,,0.019891971894110263,60.97170238286971,False,True,False,True,False,True,False,,Confirmed Uptrend,45.13,0.0754,0.39170831311676335,0.9899607938878676,0.13090280211366512,0.08153237150388204,0.7032977396593258,0.6251331203407882,,False,,,1,0.608,0.854
GRAB,Grab Holdings Limited,Information Technology,XLK,14314999808.0,2026-08-24,3.5199999809265137,0.011494241848790887,-0.01675976091011433,0.05074629287566834,0.017192732681480916,0.012753180382585771,False,0.01474551015621195,0.06564161865530149,0.017190108029071727,0.06791423801120566,0.8934009974126138,0.7213258494520118,0.7036548223398033,1.6751027876158642,0.7213258494520118,156083313.9233023,1.0,3.579000008106232,3.5749999920527142,3.6613333324591317,False,False,True,False,False,True,weak_rally,0,0,normal,False,False,,False,45.0,,0.03459821292501571,46.66861044665601,True,True,True,False,False,True,False,,Confirmed Uptrend,3.57,-0.014,0.3494643541369786,0.9094630889501736,-0.43798097595617413,-0.2725900434406746,0.0721500287596886,0.624174653887114,,False,,,1,0.608,0.854
TWLO,Twilio Inc.,Information Technology,XLK,29952571392.0,2026-08-24,222.58999633789062,-0.01202843620576699,-0.026333074915307786,0.14459811251440402,0.10804757512321506,0.03833870880527113,False,0.10538176863660853,0.09256328570175998,0.10804471603894883,0.09489331901424358,0.8696620394291407,0.5264539294619722,0.7047237875243312,0.8180142977742426,0.5264539294619722,585012738.2461212,0.4669320392032081,218.9909996032715,209.49933319091798,179.84033317565917,True,True,True,True,True,False,dry_up,2,3,normal,False,False,,False,11.0,분산3일,0.0673381273010768,52.415240860800935,True,True,True,False,False,True,False,,Confirmed Uptrend,241.28,-0.0775,0.24652647620486215,0.9094630889501736,0.6130450032732706,0.6209732595061219,0.9388709117106036,0.6240681576144835,,False,,,1,0.608,0.854
AMZN,"Amazon.com, Inc.",Consumer Discretionary,XLY,2921415835648.0,2026-08-24,262.07000732421875,0.01330086369122152,0.002908460344899666,0.1325900342084656,0.0964229516826296,0.04589469947268565,False,0.09378511240363041,0.10051386860916267,0.06116882506819521,0.0646641840997082,0.9227167715706217,0.5874116889006215,0.676142178540602,0.9147892494323476,0.5874116889006215,12521980113.786102,0.7072612921669525,262.91249923706056,250.23633321126303,245.17058347066242,False,True,False,True,True,False,weak_rally,0,0,normal,False,False,,False,15.0,,0.023415219146344934,52.48497614400838,True,True,True,True,False,True,False,,Confirmed Uptrend,284.02,-0.0773,0.27141489586159134,0.9538536360667944,-0.1103903500606328,0.03871374913726,0.4895397880325526,0.6236954206602768,,False,,,1,0.608,0.854
CQP,"Cheniere Energy Partners, LP",Energy,XLE,31899166720.0,2026-08-24,68.05000305175781,-0.004825887904575166,0.006210347706595787,0.09478212707067879,0.05982236727970802,0.01102261147950312,True,0.057272583854541814,0.063820675228218,0.01238290264834907,-0.05740670512994428,0.9855177414076227,0.4496549499968645,0.7043320124582311,1.3356209765725804,0.4496549499968645,8872956.431617737,0.495497972369235,66.3863899230957,63.25768985748291,62.95647859573364,True,True,True,True,True,False,dry_up,1,1,normal,False,False,,False,,,0.030932130672171026,56.75140072600573,False,True,True,True,False,True,False,,Confirmed Uptrend,,,0.4026813323738656,0.9899607938878676,0.06810355520882028,0.022274010778588815,0.6128084832538883,0.6236421725239617,,False,,,1,0.608,0.854
BCH,Banco De Chile,Financials,XLF,20885280768.0,2026-08-24,43.040000915527344,0.0199052165261,0.047456820532930655,0.039613510367222604,0.006415454152024935,0.04282937392590758,True,0.003994160241787226,0.09728846429481641,0.01568561216530484,-0.025532228732984996,1.0,0.837842071383926,0.994457480907338,1.3465592611166834,0.837842071383926,12181114.47371788,0.9061045980593374,41.33699989318848,40.09466660817464,38.65546102523804,True,True,True,True,True,False,weak_rally,2,1,normal,False,False,,False,,,0.0236739894553403,62.5184174820274,False,True,True,True,False,True,False,,Confirmed Uptrend,,,0.3207578244074505,0.9993134723312326,0.28129457958887616,-0.06520322266039669,0.6437775993348255,0.6225772097976571,,False,,,1,0.608,0.854
MMM,3M Company,Industrials,XLI,90911547392.0,2026-08-24,179.00999450683594,0.004658135230134253,-0.0023105311712927623,0.008773152509236937,-0.02344007624493194,0.09741382765042483,False,-0.025789541951778183,0.1547234511673694,0.03244267296737924,0.11135952335093302,0.9783090169534606,0.7101896638109583,0.9019631537587097,1.2360626149693017,0.7101896638109583,528168057.074427,0.367922151766628,179.7159553527832,166.24065628051758,156.51758677164713,False,True,True,True,True,False,weak_rally,0,2,normal,False,False,,False,24.0,,0.01784565972376395,57.777150400602,True,False,True,True,False,True,False,,Confirmed Uptrend,170.02,0.0529,0.5094227318899139,0.9597340907832117,-0.031031428057982646,-0.04178669588842088,0.46741339347240496,0.620926517571885,,False,,,1,0.608,0.854
KKR,KKR & Co. Inc.,Financials,XLF,94577549312.0,2026-08-24,107.31999969482422,-0.010693248766711405,-0.0138748700801693,0.05799407652857913,0.024209072315296787,0.08747180662950549,False,0.021744969464554398,0.14426223358873358,0.033643128499377895,0.016183715397779075,0.930789218163755,0.5643467840239916,0.6945596946540079,1.1232951931136412,0.5643467840239916,558285829.0894024,0.097345580863066,106.67371673583985,99.21011479695638,97.20580158233642,True,True,True,True,True,False,dry_up,2,3,normal,False,False,,False,7.0,분산3일,0.0405575305866021,53.5466948218285,True,True,True,True,False,True,False,,Confirmed Uptrend,115.3,-0.0692,0.24468066176959424,0.9993134723312326,-0.3835334975721548,-0.008011427447654373,0.2779719009299915,0.6199680511182108,,False,,,1,0.608,0.854
FERG,Ferguson Enterprises Inc.,Industrials,XLI,45445451776.0,2026-08-24,236.4499969482422,-0.0239019501883444,-0.03121817040121455,0.013806716566725274,-0.018567249366093996,0.0031603815611080943,False,-0.020928438408466143,0.05554786051011118,0.03759434291134922,0.01590832501468098,0.8997352351500886,0.28895001361176886,0.2911659480268251,3.6582996310232425,0.28895001361176886,1118625978.215084,0.1118626391764953,243.88489227294923,234.6635981241862,236.35796813964845,False,True,True,False,False,False,dry_up,0,0,normal,False,False,,False,16.0,,0.02904381677019138,45.583296104522084,True,False,True,False,False,True,False,,Confirmed Uptrend,233.46,0.0128,0.2595513326150169,0.9597340907832117,-0.13018172712388776,-0.1504426397281552,0.30822572653807384,0.6192758253461129,,False,,,1,0.608,0.854
SBUX,Starbucks Corporation,Consumer Discretionary,XLY,119984996352.0,2026-08-24,107.48999786376953,0.003828875847067259,-0.003984435808668474,0.04300505714532754,0.009698698412441198,0.018757339289217967,True,0.007269505478693317,0.07195932936691851,-0.02276691688832788,0.037039820525709866,0.9959232610009995,0.8770245871667853,0.8298692951889253,1.4738867912453604,0.8770245871667853,812801217.7720184,0.8537713271890396,105.45474586486816,102.77627957661947,100.47914028167725,True,True,True,True,True,False,weak_rally,0,0,normal,False,False,,False,17.0,,0.023997336016767144,57.553914159291836,True,True,False,True,False,True,False,,Confirmed Uptrend,105.25,0.0213,0.3386357847029533,0.9538536360667944,0.011275081952599075,0.006558388369908297,0.5546886265397823,0.6191160809371672,,False,,,1,0.608,0.854
EW,Edwards Lifesciences Corporatio,Health Care,XLV,49559105536.0,2026-08-24,90.5,0.00790732907042302,-0.0034136941628450934,0.08983621149115062,0.055034389993408483,0.01711379648671163,False,0.05249612576759244,0.07022995675538968,0.019343064777388896,-0.07331056508890166,0.9508300032551976,0.7968613275582882,0.8400799604076864,1.9284338149880194,0.7968613275582882,305059467.73154294,0.6303030022795685,89.79750022888183,88.68483352661133,85.37075004577636,True,True,True,True,True,True,weak_rally,0,0,normal,False,False,,False,40.0,,0.021247038807375936,53.103331603761994,True,True,True,True,False,True,False,,Confirmed Uptrend,90.78,-0.0031,0.37018034432346864,0.9944216998611353,-0.13392309799925706,-0.0792806694762953,0.35826530670357015,0.6188498402555911,,False,,,1,0.608,0.854
NWG,NatWest Group plc,Financials,XLF,75318550528.0,2026-08-24,18.729999542236328,0.005907556285988713,-0.01628158394878043,0.0402762031662387,0.007056985132176674,0.13116055508556768,False,0.004634147788708853,0.19023251492041493,0.016333052328917574,0.05700849306696765,0.9806282286992851,0.5652118067034118,0.6833030242260684,1.0326747957347029,0.5652118067034118,65124203.18134346,0.6190372388737512,18.623325443267824,17.458583720525105,16.318780938784283,True,True,True,True,True,False,weak_rally,0,0,normal,False,False,,False,15.0,,0.01343845274937168,56.270245034442674,True,True,True,True,False,True,False,,Confirmed Uptrend,19.1,-0.0192,0.3515816505323183,0.9993134723312326,0.04544713604064299,0.03400932839532289,0.6050642109879095,0.6186900958466454,,False,,,1,0.608,0.854
WST,"West Pharmaceutical Services, I",Health Care,XLV,23995318272.0,2026-08-24,353.32000732421875,0.0006797914384308879,0.019358997883025086,0.06732321015137943,0.03324029801427697,0.03156454954634369,False,0.03075446730582243,0.08543536334363355,-0.0017137431548974735,-0.06014452581863872,0.966672497410607,0.8428876167978212,0.8409127413445581,2.412208697239889,0.8428876167978212,194517895.01618958,0.790424047945923,348.13549957275393,343.65465443929037,309.3742441813151,True,True,True,True,True,False,weak_rally,0,0,normal,False,False,,False,34.0,,0.02046202435666046,55.64858004879013,True,True,False,True,False,True,False,,Confirmed Uptrend,355.85,-0.0071,0.595103634454705,0.9944216998611353,0.15351710765930493,0.23541280347820615,0.778546980802196,0.6181043663471779,,False,,,1,0.608,0.854
NU,Nu Holdings Ltd.,Financials,XLF,69220843520.0,2026-08-24,14.760000228881836,0.012345700008071558,0.001356883180070323,0.015829353072094765,-0.016609201863982515,0.1767001453935355,False,-0.01897510169301142,0.23815029357439,-0.007551125450393159,0.09956278256185769,0.9691398997057699,0.6578589996607969,1.175225709872926,1.090587081154979,0.6578589996607969,929751820.3274393,0.5915493714480671,14.3114999294281,13.503166675567627,13.813083338737489,True,True,True,False,False,False,weak_rally,3,3,normal,False,False,,False,6.0,분산3일,0.04634629579037345,56.702261575330375,True,False,False,True,False,True,False,,Confirmed Uptrend,15.23,-0.0309,0.22519891313530385,0.9993134723312326,-0.12319451749109755,-0.2005493616127928,0.2758672612233973,0.6169329073482428,,False,,,1,0.608,0.854
ESS,"Essex Property Trust, Inc.",Real Estate,XLRE,19584690176.0,2026-08-24,293.6099853515625,0.01595150640679055,0.03727120710790266,0.010079787909755833,-0.02217516573067768,0.017471149312286993,False,-0.0245276746341605,0.07060597141607294,0.01966131772136359,0.03700596538978673,0.9841785893703321,0.8640092352806672,0.8413735159570123,2.793314078760372,0.8640092352806672,118733183.47087403,0.778440378149213,286.89849548339845,286.5955444335938,270.25285924275715,True,True,True,True,True,False,weak_rally,1,0,normal,False,False,,False,34.0,,0.016630423078154356,58.64200303799308,True,False,True,True,False,True,False,,Confirmed Uptrend,298.32,-0.0158,0.3018566306241279,0.9852206799546813,-0.012064318014563091,0.07659785957001808,0.5916618544019409,0.6167731629392971,,False,,,1,0.608,0.854
SHW,Sherwin-Williams Company (The),Materials,XLB,82744115200.0,2026-08-24,346.7300109863281,0.0004039777544559975,-0.006967958038598843,0.061910490386571926,0.028000423035764666,0.05703970960043536,False,0.025527198728894973,0.11224089831641937,0.018506487269244642,0.044483465864364025,0.9399599995863452,0.7339295197086453,0.8092574667168362,1.271229260392298,0.7339295197086453,669869210.2676194,0.3028564453125,354.2363571166992,333.0281234741211,326.3337582906087,False,True,True,False,True,False,weak_rally,0,1,normal,False,False,,False,19.0,,0.023001445941587793,49.74257505413869,True,True,True,True,False,True,False,,Confirmed Uptrend,353.45,-0.019,0.29130248578912965,1.0,-0.2523790357235435,-0.1954640957656899,0.18408068658773413,0.6148562300319489,,False,,,1,0.608,0.854
AYI,Acuity Inc.,Industrials,XLI,9830535168.0,2026-08-24,336.5899963378906,-0.01897408816617996,-0.06606547714157995,0.0018453883231681623,-0.030146615617547168,0.1247758504166887,False,-0.03247994633473805,0.18351438541978982,0.025352358007904474,0.1390692567379619,0.8941431552459073,0.5883317038742338,0.7469379668533414,1.0902924112341492,0.5883317038742338,91243435.24663392,0.0,348.4034942626953,332.51855214436847,306.83705825805663,False,True,True,True,True,False,dry_up,0,1,normal,False,False,,False,40.0,,0.02678332537428891,44.6902167445978,True,False,True,False,False,True,False,,Confirmed Uptrend,362.27,-0.0709,0.5715658309590969,0.9597340907832117,-0.10427275697577543,0.010818433045117315,0.466968045423223,0.6135250266240682,,False,,,1,0.608,0.854
BEN,"Franklin Resources, Inc.",Financials,XLF,17594914816.0,2026-08-24,34.619998931884766,0.009035195167175658,0.012576786266375262,0.04214321672899701,0.008864379210778095,0.05951276454058507,False,0.0064371935315825635,0.11484310221021388,0.01815709443158453,-0.009942500560812584,0.967850111513507,0.39824586349326113,0.7697625545920715,1.4917135411559501,0.39824586349326113,147616276.27794266,0.9306929945158707,33.98500022888184,33.021661567687985,29.944600598017374,True,True,True,True,True,False,weak_rally,1,0,normal,False,False,,False,15.0,,0.020828154840446273,59.54043425443411,True,True,True,True,False,True,False,,Confirmed Uptrend,35.24,-0.0176,0.3439332783507831,0.9993134723312326,0.18722938531302558,0.12986672435426105,0.7650029329187382,0.61160809371672,,False,,,1,0.608,0.854
JPM,JP Morgan Chase & Co.,Financials,XLF,935128203264.0,2026-08-24,356.3900146484375,0.01368117714283823,-0.012660618669172785,0.0005334150333937693,-0.03141669356583898,0.10067643192974463,False,-0.03374696865427429,0.15815643659026657,-0.022495009918567233,0.028522725123117265,0.9759297382013264,0.702166975971118,1.0399029883866235,1.804464987960544,0.702166975971118,2149511650.5317626,0.6541655265612,357.09149780273435,337.8816858927409,318.1408276875814,False,True,True,True,True,False,weak_rally,1,2,normal,False,False,,False,46.0,,0.015340350746194529,54.20708570543233,True,False,False,True,False,True,False,,Confirmed Uptrend,331.96,0.0736,0.38743772938589083,0.9993134723312326,0.05058164377119434,0.10051108335353942,0.6593964451885894,0.6111821086261982,,False,,,1,0.608,0.854
CCK,"Crown Holdings, Inc.",Materials,XLB,12818116608.0,2026-08-24,119.76000213623047,0.002427395267131649,0.030282212122769492,0.013965128455294407,-0.018413896056246104,0.18523000339273255,False,-0.0207754540450944,0.2471256015381038,-0.02747917969944791,0.1711510272949195,0.9833319750058557,0.812412210565996,0.7214148627605261,1.0923673535818914,0.812412210565996,99700142.96467781,0.35497010139526824,119.25252532958984,110.52611503601074,105.92260882059733,True,True,True,True,True,False,weak_rally,0,1,normal,False,False,,False,24.0,,0.02286050521304825,58.350437091648324,True,False,False,True,False,True,False,,Confirmed Uptrend,117.65,0.0179,0.4430210956632112,1.0,0.002358260970499737,-0.05278995145147636,0.482858200497742,0.6104366347177849,,False,,,1,0.608,0.854
AFRM,"Affirm Holdings, Inc.",Financials,XLF,23948597248.0,2026-08-24,76.87999725341797,-0.001947313102116044,0.03166936012699284,0.052429761008312425,0.018822442499956793,0.11445564759807447,False,0.016371299122277527,0.17265523646868552,0.028206882087491003,0.04139865853835589,0.8962461919732863,0.9299779148052504,1.012420110945603,0.9352363665919166,0.9299779148052504,215747460.76410866,0.15137346580946814,75.40025024414062,75.19266681671142,66.0633334795634,True,True,True,True,True,True,dry_up,0,2,normal,False,False,,False,40.0,,0.04434554540724,51.972697326296476,True,True,True,False,False,True,False,,Confirmed Uptrend,79.49,-0.0328,0.32637131727110646,0.9993134723312326,-0.19797943709321242,0.3688402234547732,0.5316437443406058,0.6073482428115016,,False,,,1,0.608,0.854
ARES,Ares Management Corporation,Financials,XLF,42250051584.0,2026-08-24,140.00999450683594,-0.008778799951604022,-0.009409946692478743,0.0958828441278774,0.06088793505654633,0.026252919012228038,False,0.05833558802530869,0.07984634652323197,0.07065984262392688,-0.04102203126360382,0.9368350442678461,0.6429647975575109,0.7477098621676285,1.1837067099274496,0.6429647975575109,328015847.2876663,0.35907103889523856,138.19050102233888,128.06724891662597,120.27584095001221,True,True,True,True,True,False,dry_up,2,0,normal,False,False,,False,14.0,,0.034729669757207184,55.973240914754776,True,True,True,True,False,True,False,,Confirmed Uptrend,142.91,-0.0203,0.3178040375195766,0.9993134723312326,-0.3739911948239607,0.03850206908556553,0.32676086176556013,0.605591054313099,,False,,,1,0.608,0.854
CHD,"Church & Dwight Company, Inc.",Consumer Staples,XLP,23412396032.0,2026-08-24,102.52999877929688,0.03775299202759186,0.046438000270198065,0.04197200088482411,0.008698630815000996,0.021055018271492587,True,0.006271843903113528,0.07437699874308024,0.01706956815720795,0.025833436869597604,0.9923063615045019,0.9364871689169995,0.8531654160101436,1.142813332393006,0.9364871689169995,198119590.8472641,0.9923938268739847,100.51614570617676,97.93758405049643,96.51611105600993,True,True,True,False,True,False,weak_rally,0,2,normal,False,False,,False,141.0,,0.021818683605213864,58.688372722985136,True,True,True,True,False,True,False,,Confirmed Uptrend,95.35,0.0753,0.29903842990739726,0.9838065079008816,-0.1166881983854211,-0.14511543374533664,0.31998132043988087,0.6054845580404686,,False,,,1,0.608,0.854
BIIB,Biogen Inc.,Health Care,XLV,29986674688.0,2026-08-24,218.1199951171875,0.006181365187915011,0.04288788660038256,0.08983709294679354,0.055035243301462256,0.05137606490326707,False,0.05249697702270728,0.10628148429581974,0.01934388921842589,-0.04209431154147969,0.9844737205302753,0.678116656151143,0.785067358138003,1.3131431192217635,0.678116656151143,200246966.56508788,0.9407722547210143,209.4859992980957,203.87566706339518,195.16608352661132,True,True,True,True,True,False,weak_rally,0,0,normal,False,False,,False,30.0,,0.025169632158881048,59.90836207380825,True,True,True,True,False,True,False,,Confirmed Uptrend,209.03,0.0435,0.48035675156298985,0.9944216998611353,0.23632001351678045,-0.054027703686728934,0.634097259002352,0.6049520766773163,,False,,,1,0.608,0.854
NFLX,"Netflix, Inc.",Communication Services,XLC,298596106240.0,2026-08-24,80.01000213623047,0.005277117950310606,0.052486262422480445,0.13650568752926717,0.1002135661521979,-0.05110143594892935,False,0.09756660718838717,-0.0015476412988596477,0.08935369314328168,-0.019806781561269693,0.9796743471295185,0.6392517991161637,0.8521650847181811,1.3710682798873959,0.6392517991161637,2468144827.032096,0.618725620165759,75.7634994506836,75.875665918986,84.82783285776775,True,True,False,False,False,False,weak_rally,1,0,normal,False,False,,False,89.0,,0.027817872120823824,62.57972070659656,True,True,True,True,False,True,False,,Confirmed Uptrend,107.79,-0.2577,0.3971260586812834,0.9408024526034724,-0.5056962779765275,-0.1530540217079167,0.11872705631773478,0.6043130990415335,,False,,,1,0.608,0.854
INCY,Incyte Corporation,Health Care,XLV,24226433024.0,2026-08-24,127.9800033569336,0.0013301447585265525,0.03627533082537315,0.07663834777368606,0.04225797464809711,0.14395319045172394,False,0.03975044867907429,0.2036932128698481,0.006998869651162032,0.04225243948729207,0.9849920000864347,0.44648290202436747,0.6874443753436615,0.8727197134116047,0.44648290202436747,221715853.51076126,0.8146357620823378,122.99149932861329,113.88949991861979,104.78041667938233,True,True,True,True,True,False,weak_rally,1,0,normal,False,False,,False,19.0,,0.02630433955974155,65.66291839397597,True,True,True,True,False,True,False,,Confirmed Uptrend,129.93,-0.015,0.32220549348639316,0.9944216998611353,0.15680411545236073,0.07180892629255031,0.7106105596464551,0.6015974440894569,,False,,,1,0.608,0.854
HLN,Haleon plc,Health Care,XLV,43465490432.0,2026-08-24,10.15999984741211,0.015999984741210893,0.060542790013058845,0.02885180155479916,-0.004002600205580742,0.09158415401307085,False,-0.0063988297435767505,0.14858933777086025,-0.03769673136143292,-0.005460837976650201,0.994823682774199,1.3873648218203507,1.035293899183394,1.5994300295914838,1.3873648218203507,97968898.11648865,0.8085100338859241,9.881688165664674,9.51168999671936,9.528162980079651,True,True,True,False,False,False,accumulation,2,0,normal,False,False,,False,18.0,,0.016357508731287274,63.28014240820128,True,False,False,True,False,True,False,,Confirmed Uptrend,10.21,-0.0052,0.3857062359758638,0.9944216998611353,-0.1406864204318583,-0.17842408374723973,0.27708507742335975,0.5982960596379128,,False,,,1,0.608,0.854
BAC,Bank of America Corporation,Financials,XLF,439633805312.0,2026-08-24,62.33000183105469,0.010374505083367014,-0.02441692868205758,0.0032190690407389866,-0.028816800749379867,0.08912727092168637,False,-0.031153330813946445,0.14600415025916957,-0.01987116932077493,0.01773065743791391,0.9617343647436966,0.9777927134314147,1.083005081693774,1.608417122991871,0.9777927134314147,1720246222.4906075,0.6532280393037551,63.02949962615967,59.42724844614665,54.88448594411214,False,True,True,True,True,False,weak_rally,1,2,normal,False,False,,False,90.0,,0.016983332315054903,50.589129024394104,True,False,False,True,False,True,False,,Confirmed Uptrend,54.04,0.1534,0.34813850564214616,0.9993134723312326,0.11756843530058037,0.12824213204011636,0.7155966354011833,0.5967518636847711,,False,,,1,0.608,0.854
SUN,Sunoco LP,Energy,XLE,14449312768.0,2026-08-24,76.11000061035156,0.0034278462948047483,0.015341536018202984,0.03557589128658534,0.0025067686643795994,0.15644177203624365,False,9.487850120204477e-05,0.216833978608455,-0.04236715159154203,0.07817001108793509,0.9874156564911715,0.5096575141112107,0.9094684882284955,1.0908708640182554,0.5096575141112107,37624157.401836395,0.7655192734696454,74.68453216552734,69.6846503575643,67.22939933141073,True,True,True,True,True,False,weak_rally,0,1,normal,False,False,,False,,,0.02605117195919232,58.27300611563619,False,True,False,True,False,True,False,,Confirmed Uptrend,,,0.36095313136400725,0.9899607938878676,0.2940834967793782,0.13502684201620085,0.8176123193976981,0.5960063897763579,,False,,,1,0.608,0.854
GMED,"Globus Medical, Inc.",Health Care,XLV,10695319552.0,2026-08-24,84.08000183105469,-0.03256244059150237,-0.012218055474265133,0.07450481573232826,0.04019257284546707,0.006455815402692577,False,0.03769001594243626,0.05901538993499145,0.0050033394357886785,-0.08302102079421037,0.9517772845434368,0.8141923720717252,0.7400694541020331,2.020978896412816,0.8141923720717252,116297418.57680663,0.12603078183691854,83.66800079345703,80.57766685485839,83.92425003051758,True,True,True,False,False,False,dry_up,0,1,normal,False,False,,False,10.0,,0.03347144002796442,52.34097234737315,True,True,True,True,False,True,False,,Confirmed Uptrend,86.15,-0.024,0.4537532711992108,0.9944216998611353,0.07549909687449574,-0.24771000780443142,0.4026039762405107,0.5928647497337594,,False,,,1,0.608,0.854
CRBG,Corebridge Financial Inc.,Financials,XLF,14050674688.0,2026-08-24,31.959999084472656,0.0003129365037386478,-0.036769174487102596,0.007248646251323487,-0.024915900330147567,0.10170309818937828,False,-0.02726181541199557,0.15923671786306537,-0.015934337454811542,0.02948208933635743,0.9266453328248545,0.728331261239316,0.6600233194635018,1.381559875129675,0.728331261239316,163872626.61608124,0.4666658189540073,32.82099990844726,30.429088083902993,27.928822469711303,False,True,True,True,True,False,weak_rally,1,1,normal,False,False,,False,6.0,,0.031952911745274516,47.60312140097888,True,False,False,True,False,True,False,,Confirmed Uptrend,34.47,-0.0728,0.2803294917030694,0.9993134723312326,-0.19260411046510428,0.07478540901466135,0.45840711190081607,0.5912140575079873,,False,,,1,0.608,0.854
RSG,"Republic Services, Inc.",Industrials,XLI,64778678272.0,2026-08-24,223.0800018310547,0.010921301862993893,0.03632819624535677,0.028492430191213947,-0.004350495736453741,0.03648903351890054,False,-0.00674588828677547,0.09061701586589499,0.052624637275534125,0.049660510216360976,0.9936306057156947,0.9560864308466486,0.9761049975395062,1.2214522126170229,0.9560864308466486,305906082.399234,0.5631268653065219,214.81399993896486,213.41931126912434,213.21964391072592,True,True,True,False,True,False,weak_rally,2,0,normal,False,False,,False,66.0,,0.018315022073288875,63.97191291146211,True,False,True,True,False,True,False,,Confirmed Uptrend,214.34,0.0408,0.40845595431577914,0.9597340907832117,-0.20724946069557315,-0.09397632775877174,0.28879943961319643,0.5909478168264112,,False,,,1,0.608,0.854
XOM,ExxonMobil Holdings Corporation,Energy,XLE,644290576384.0,2026-08-24,164.0500030517578,-0.006419947639000223,0.01604110138853465,0.06682333520412098,0.032756385611208305,0.08555303922711355,True,0.03027171912787585,0.1422432634782318,-0.013471559316738824,0.012079259536948994,0.9873608731756264,0.733383476057797,1.0078634855781115,0.8355627315969807,0.733383476057797,2228449143.2251267,0.6060613844905005,158.08992767333984,148.51603088378906,150.67713216145833,True,True,True,True,False,False,dry_up,1,1,normal,False,False,,False,68.0,,0.02136586488748449,65.9066010595235,True,True,False,True,False,True,False,,Confirmed Uptrend,156.9,0.0455,0.374036152571057,0.9899607938878676,0.24956103580905298,-0.03725150384547271,0.6575483077343629,0.5903620873269436,,False,,,1,0.608,0.854
AMH,American Homes 4 Rent,Real Estate,XLRE,13700594688.0,2026-08-24,34.810001373291016,0.013391642492109002,0.03508772725834208,0.04065771537614915,0.007426314484068497,0.026886503045039367,False,0.005002588586169976,0.08051301785772602,0.05052930477226014,0.04660208808448729,1.0,0.5925260496559615,0.7619704501928363,1.2023003313412204,0.5925260496559615,73906009.6252451,0.7777815453736278,34.111999893188475,33.4065868695577,31.608065589269003,True,True,True,True,True,False,weak_rally,0,1,normal,False,False,,False,156.0,,0.015492269778598685,61.68798995529125,True,True,True,True,False,True,False,,Confirmed Uptrend,30.96,0.1245,0.3658147826620361,0.9852206799546813,-0.16129578280719614,0.06464376320936194,0.47512440700939107,0.5898828541001065,,False,,,1,0.608,0.854
UBS,UBS Group AG Registered,Financials,XLF,172871450624.0,2026-08-24,53.709999084472656,0.007881369144862038,0.005052403905353442,0.02226871238214123,-0.010375471097844868,0.0742465813771882,False,-0.012756368405579033,0.1303463548554411,-0.0012599753859170448,0.0038254561289470246,0.9753041471238761,0.6849422100327502,1.0708306138936774,1.3813718544384161,0.6849422100327502,87686732.46916313,0.7278903444123814,53.25099983215332,51.292666816711424,46.268323802948,True,True,True,True,True,False,weak_rally,1,1,normal,False,False,,False,52.0,,0.012905283308622742,57.52075014150311,True,False,False,True,False,True,False,,Confirmed Uptrend,47.86,0.1222,0.5115313242397193,0.9993134723312326,0.1433034491368168,0.17396055632790075,0.7580832948921654,0.5887113951011715,,False,,,1,0.608,0.854
STE,STERIS plc (Ireland),Health Care,XLV,22259333120.0,2026-08-24,237.8699951171875,-0.0002521647561916085,0.03534274262105552,0.08914835972903634,0.0543685034532142,0.10640400955543394,False,0.051831841256677835,0.1641831222726633,0.018699704870722922,0.00804148949688721,0.9956468606212373,0.4857658410330505,0.7349772076888791,0.8419524074410101,0.4857658410330505,173770804.25925905,0.5626268956009525,234.2955009460449,218.805951944987,218.71653073628744,True,True,True,False,True,False,dry_up,0,0,normal,False,False,,False,11.0,,0.02545208570236526,61.76570485150115,True,True,True,True,False,True,False,,Confirmed Uptrend,237.47,0.0017,0.39719055321294955,0.9944216998611353,-0.25823766095034406,-0.20185205976925913,0.1727674793414316,0.5862087326943557,,False,,,1,0.608,0.854
ETN,"Eaton Corporation, PLC",Industrials,XLI,161222164480.0,2026-08-24,408.6700134277344,-0.02511927116570889,-0.10261304588285092,0.027682813100510684,-0.005134259263864571,0.0031052363430528196,False,-0.007527766189469154,0.05548983547442843,0.05179602359650559,0.015852479023215738,0.8884903492038764,0.6654337900955479,0.7604346955107555,1.4583887247180345,0.6654337900955479,982430833.0029724,0.15579881411452504,429.6410140991211,413.50481770833335,399.11533330281577,False,False,True,True,True,False,dry_up,0,0,normal,False,False,,False,16.0,,0.03259478599690342,42.77861058076393,True,False,True,False,False,True,False,,Confirmed Uptrend,414.18,-0.0133,0.30688989828366864,0.9597340907832117,0.00384871647195828,0.03125532671460807,0.5684976052576127,0.5861554845580405,,False,,,1,0.608,0.854
PAA,"Plains All American Pipeline, L",Energy,XLE,17334913024.0,2026-08-24,24.959999084472656,0.014221798676993025,0.05094732987253292,0.04518547366060299,0.01180948752356592,0.08850485975916111,False,0.009375216328350922,0.1453492352694663,-0.03348083836401694,0.014831291202290542,1.0,0.8480680329460245,0.981924537066487,1.3106503501263518,0.8480680329460245,64790865.50108719,0.7906968491712626,23.890069484710693,22.913268820444742,22.182237084706625,True,True,True,True,True,False,weak_rally,2,1,normal,False,False,,False,117.0,,0.019760195877026487,65.74873882858844,True,True,False,True,False,True,False,,Confirmed Uptrend,21.31,0.1711,0.30224606204417054,0.9899607938878676,0.26624994021053583,0.10545310530773433,0.7896474233027513,0.5849840255591054,,False,,,1,0.608,0.854
ABBV,AbbVie Inc.,Health Care,XLV,443359002624.0,2026-08-24,264.5199890136719,-0.001660637287123623,0.05668512395167835,0.029621210708366208,-0.003257760652233266,0.1423684366081741,False,-0.005655782169344037,0.20202569931992986,-0.03697708938551458,0.04080857484911182,0.9945482114510049,0.7245282056210918,0.9278844816786718,1.1061096099867702,0.7245282056210918,1356024898.9777284,0.6120534496863922,253.67449951171875,243.35243174235026,226.080269241333,True,True,True,True,True,False,dry_up,1,0,normal,False,False,,False,35.0,,0.020853616072917046,63.71136545916054,True,False,False,True,False,True,False,,Confirmed Uptrend,252.96,0.0457,0.41448183498660646,0.9944216998611353,0.08579542954442942,0.0542753305731829,0.6488506945037673,0.5844515441959532,,False,,,1,0.608,0.854
LITE,Lumentum Holdings Inc.,Information Technology,XLK,55544532992.0,2026-08-24,830.1699829101562,-0.04215947449105739,-0.14318303024896972,0.16603454869554457,0.12879947997968721,-0.10053789684316494,False,0.1260837473312284,-0.0535657946143806,0.12879656734948464,-0.05154740057214802,0.8568169697510303,0.7308904322692082,0.8327010856854283,1.4156649952981741,0.7308904322692082,4413734879.287537,0.767679988516825,823.2199981689453,827.6184997558594,826.3784164428711,True,True,False,True,False,False,dry_up,3,1,normal,False,False,,False,8.0,,0.10029803949741486,49.565689362634366,True,True,True,False,True,True,False,,Confirmed Uptrend,932.47,-0.1097,0.2796752922590206,0.9094630889501736,4.527141133984527,0.03876271216095728,0.8685753987915235,0.5834398296059637,,False,,,1,0.608,0.854
BF-B,Brown Forman Inc,Consumer Staples,XLP,13183169536.0,2026-08-24,28.75,0.010900121663891982,0.04242204784374515,0.04927008760090423,0.015763667180496377,0.038622599087292375,False,0.013319882785654213,0.09286200142590029,0.024193235490297393,0.04348323191811887,0.9739159740574745,0.8738185941627797,1.0281231097303742,1.133206587330208,0.8738185941627797,63103910.830718994,0.1956523541916027,28.339000034332276,26.92792002360026,26.479582166671754,True,True,True,False,True,False,weak_rally,2,1,normal,False,False,,False,19.0,,0.025950324017068614,58.414382056093224,True,True,True,True,False,True,False,,Confirmed Uptrend,28.9,-0.0052,0.3688498976004015,0.9838065079008816,-0.24684353700031503,-0.19241643595628222,0.18942463537840346,0.5825878594249202,,False,,,1,0.608,0.854
UMBF,UMB Financial Corporation,Financials,XLF,11067836416.0,2026-08-24,143.9600067138672,-0.008130030871871474,-0.05258302332902698,0.02121022534775263,-0.011400157386360021,0.047126068225971096,False,-0.013778589443128375,0.10180954243851303,-0.002294100126285614,-0.02151719979048783,0.9468561764728611,0.47243186460040415,0.6908687618191303,1.6451590609576783,0.47243186460040415,81724577.5480423,0.10158982357899224,147.270499420166,141.48992385864258,130.93098042805988,False,True,True,True,True,False,dry_up,1,0,normal,False,False,,False,18.0,,0.020729955529320374,44.96119357284221,True,False,False,True,False,True,False,,Confirmed Uptrend,148.27,-0.0291,0.3681722230164601,0.9993134723312326,0.05756009891176417,0.08808001649128538,0.6547215435695044,0.5820553780617679,,False,,,1,0.608,0.854
PRU,"Prudential Financial, Inc.",Financials,XLF,42401452032.0,2026-08-24,122.66999816894531,0.012546402178474025,-0.015173405801966022,0.006399202421877526,-0.025738218806065305,0.11007855958740653,False,-0.028082155505417483,0.16804956625896783,-0.016764230359537446,0.03730850601192892,0.9803404528213121,0.8582185091402434,0.8337129308529819,1.2637891416316662,0.8582185091402434,233106334.88139266,0.9155812951137225,122.68249969482422,114.59766654968261,105.62956256866455,False,True,True,True,True,False,weak_rally,1,0,normal,False,False,,False,11.0,,0.021055339797043833,56.62793880840078,True,False,False,True,False,True,False,,Confirmed Uptrend,121.28,0.0115,0.3941214484831874,0.9993134723312326,-0.008812029613064709,0.1072305805645033,0.6140288052485008,0.5810436634717786,,False,,,1,0.608,0.854
OXY,Occidental Petroleum Corporatio,Energy,XLE,56763801600.0,2026-08-24,60.11000061035156,-0.019412702145508942,0.01812330078305968,0.09430184373561157,0.05935742086840867,0.04446599762203518,False,0.05680875603885793,0.09901055646737555,0.011938768034871261,-0.026226876728707382,0.977080626838094,0.8344604886194018,0.9214776493896072,1.1300462017571882,0.8344604886194018,476444506.34650576,0.39178074174405797,57.674000358581544,55.305617841084796,56.67192897796631,True,True,True,True,False,False,dry_up,1,1,normal,False,False,,False,12.0,,0.02614848161143139,60.49078982009126,True,True,True,True,False,True,False,,Confirmed Uptrend,56.04,0.0726,0.36767137434396613,0.9899607938878676,0.11650261047790766,0.013353044881056153,0.6355059711947515,0.580937167199148,,False,,,1,0.608,0.854
CNI,Canadian National Railway Compa,Industrials,XLI,76949323776.0,2026-08-24,127.4000015258789,-0.018792320400733642,0.006398650852522669,-0.011483576201594126,-0.0430499453182418,0.038246792148487696,False,-0.0453522324405663,0.09246656893323868,0.011710647056733192,0.05144060605944545,0.9756471108854012,0.7755556861379915,0.7985542205267784,1.7009551417861675,0.7755556861379915,170249059.73645514,0.3191566020052696,127.29399909973145,123.41120529174805,115.79398854573567,True,True,True,True,True,False,dry_up,0,0,normal,False,False,,False,22.0,,0.01556491854552054,53.00845800531595,True,False,True,True,False,True,False,,Confirmed Uptrend,130.58,-0.0244,0.4422700125421822,0.9597340907832117,0.19310581818353012,0.09311741954090658,0.7501098563154568,0.5805111821086262,,False,,,1,0.608,0.854
CRWD,"CrowdStrike Holdings, Inc.",Information Technology,XLK,194344960000.0,2026-08-24,190.67999267578125,-0.006616328693161644,-0.10855540852394929,0.05868631408367331,0.024879204596614413,0.06306500850401853,False,0.022413489501937445,0.11858085300712773,0.024876560110877133,0.12096637216590023,0.845475075191129,0.9410012111179172,1.092668757336159,0.8832992521690246,0.9410012111179172,1564289328.5491974,0.3239502527565957,204.7714988708496,190.6778325398763,153.97670783996583,False,True,True,True,True,False,dry_up,1,2,normal,False,False,,False,62.0,,0.04673706246098592,42.01199624206362,True,True,True,False,False,True,False,,Confirmed Uptrend,167.89,0.1358,0.3366972654168383,0.9094630889501736,0.5061650484106148,0.9223181705488308,0.9373498943579756,0.5797124600638978,,False,,,1,0.608,0.854
CCJ,Cameco Corporation,Energy,XLE,37621338112.0,2026-08-24,102.2699966430664,-0.002341288539289166,0.03743147437079175,0.14459987005693575,0.10804927654200935,-0.004020463839645938,False,0.10538346596202852,0.04799201386909413,0.05845109283954697,-0.07143161591735481,0.9392046764286109,0.6723541100151545,0.857508065953089,1.1084113786834242,0.6723541100151545,274485691.4831974,0.5806095100026399,94.88749961853027,98.16716626485189,105.82691637674968,True,True,False,False,False,False,dry_up,1,0,normal,False,False,,False,147.0,,0.0336366000618694,61.50454703923386,True,True,True,True,False,True,False,,Confirmed Uptrend,121.87,-0.1608,0.31439694395923334,0.9899607938878676,0.04837367483831745,-0.3203503422044218,0.3592762809451402,0.578381256656017,,False,,,1,0.608,0.854
CCEP,Coca-Cola Europacific Partners ,Consumer Staples,XLP,48332996608.0,2026-08-24,110.12000274658203,0.019629655060944717,0.043099394382028144,0.013063531170253606,-0.019286702567548608,0.08648026549539245,False,-0.021646160706794926,0.14321891176107915,-0.011148008499090256,0.09156486663266117,0.9857667500588886,0.9304142402610523,0.7829656770623523,1.1505675469714887,0.9304142402610523,221674046.7093567,0.687502649090832,108.1310001373291,103.21866671244304,98.87885958353678,True,True,True,True,True,False,weak_rally,2,0,normal,False,False,,False,54.0,,0.018389038598030795,60.510660321498726,True,False,False,True,False,True,False,,Confirmed Uptrend,94.74,0.1623,0.377608818266215,0.9838065079008816,0.006704028701290277,-0.09214166124231904,0.4541342764233198,0.578115015974441,,False,,,1,0.608,0.854
AES,The AES Corporation,Utilities,XLU,10469154816.0,2026-08-24,14.75,-0.00135412709165883,-0.0006775222714608953,0.006534847759815943,-0.025606905040878702,-0.01927876143883267,False,-0.027951157662665316,0.031936890798160755,0.06382486937121956,0.030472968534752898,0.9986458729083412,1.7416570019219668,1.1767364988616917,1.602156557199588,1.7416570019219668,105767659.36117725,0.3333333333333333,14.713129615783691,14.591357564926147,14.327626268068949,True,True,True,False,True,False,distribution,2,3,interest,False,False,,False,122.0,분산3일,0.003341406944588945,60.219731334002546,True,False,True,True,False,True,False,,Confirmed Uptrend,16.87,-0.1255,0.38912702192486304,0.9176635341809471,0.009660624368832194,-0.15128273796570146,0.4126143980682601,0.5762513312034079,,False,,,1,0.608,0.854
AGNC,AGNC Investment Corp.,Real Estate,XLRE,12409618432.0,2026-08-24,10.979999542236328,0.00826438898771542,0.0027397016889267878,0.04342100040183983,0.010101359321740278,0.050348716861102094,False,0.0076711976425269945,0.10520048563614459,0.05331880208154338,0.070514761878681,0.9713035404341563,0.8062443665756708,0.7513882844171629,0.9171414289494021,0.8062443665756708,189020896.4646837,0.8749970197649191,10.83892855644226,10.60692442258199,10.32335213025411,True,True,True,True,True,False,weak_rally,0,0,normal,False,False,,False,19.0,,0.015222496470809302,56.340120421768106,True,True,True,True,False,True,False,,Confirmed Uptrend,10.95,0.0029,0.3629015365496046,0.9852206799546813,0.059605624872172136,-0.08682659212778132,0.4983959497246473,0.5750798722044728,,False,,,1,0.608,0.854
VRSN,"VeriSign, Inc.",Information Technology,XLK,26217807872.0,2026-08-24,290.7850036621094,0.0318843728117606,0.0691740744971423,0.061198622020585125,0.027311286815711266,0.0054493922711713605,False,0.02483972047357752,0.05795640893576981,0.02730863605449585,0.06021263858235959,0.9747279164522699,0.8403861958729818,0.7966534049374382,1.118276327132171,0.8403861958729818,218483623.93856964,0.842328215086655,286.05428314208984,275.57470881144206,270.89963150024414,True,True,False,True,True,False,weak_rally,0,0,normal,False,False,,False,21.0,,0.026879504384140215,57.88377506404148,True,True,True,True,False,True,False,,Confirmed Uptrend,279.18,0.0416,0.3661104212935249,0.9094630889501736,-0.1167740021689575,0.21940907206941485,0.5770605889756426,0.5736421725239617,,False,,,1,0.608,0.854
ARWR,"Arrowhead Pharmaceuticals, Inc.",Health Care,XLV,11923547136.0,2026-08-24,86.7300033569336,-0.004362268978939876,-0.022209624115975046,0.014030218575511011,-0.01835088446372135,0.12342423006469638,False,-0.020712594049590916,0.1820921801603006,-0.05155961980252122,0.023548563120577626,0.9680768713264536,0.8897289674972801,0.8748334569402578,1.3201569671877191,0.8897289674972801,108196920.67873955,0.8150706764559873,87.21650047302246,81.24558372497559,74.4867917696635,False,True,True,True,True,False,dry_up,0,0,normal,False,False,,False,23.0,,0.03366356634689546,52.776328279501215,True,False,False,True,False,True,False,,Confirmed Uptrend,88.7,-0.0222,0.6970631385912919,0.9944216998611353,2.509267156215545,0.24536513317482767,0.9605717767792565,0.5727369542066028,,False,,,1,0.608,0.854
KVUE,Kenvue Inc.,Consumer Staples,XLP,36940967936.0,2026-08-24,19.43000030517578,0.0194124265267972,0.034060636427088564,0.008551222587614982,-0.023654919261718144,0.04793540968692844,False,-0.02600386808650923,0.10266114968221807,-0.015552475929730636,0.052839625387016476,0.9907502629346641,0.7470810748322146,1.012618653041367,1.46270419457074,0.7470810748322146,411469951.08380735,0.6976765848725183,19.099203014373778,18.616686312357583,17.868553606669106,True,True,True,True,True,False,weak_rally,2,1,normal,False,False,,False,42.0,,0.019796655118612467,57.990640518228645,True,False,False,True,False,True,False,,Confirmed Uptrend,18.59,0.045,0.3428268015421259,0.9838065079008816,-0.2070596473125661,-0.05413934211434379,0.3252238984469768,0.5723642172523962,,False,,,1,0.608,0.854
WF,Woori Financial Group Inc.,Financials,XLF,16727834624.0,2026-08-24,69.51000213623047,0.015782578200178587,-0.027560172470417643,0.02947283163658776,-0.0034014015239818285,0.10047048650369539,False,-0.005799077461375313,0.15793973619236001,0.0057783327950529095,0.028330280236789074,0.9571743253548977,0.8807663836958405,0.9148173814436237,0.9927187132208709,0.8807663836958405,7031372.276397705,0.8043487274747693,69.64150123596191,64.1035005569458,65.6170836130778,False,True,True,False,False,False,weak_rally,0,1,normal,False,False,,False,,,0.0265737713130729,54.51327061009342,False,False,True,True,False,True,False,,Confirmed Uptrend,,,0.3289414994927177,0.9993134723312326,0.04105802251808832,-0.2710554870030234,0.3696883133154511,0.5717784877529286,,False,,,1,0.608,0.854
RNR,RenaissanceRe Holdings Ltd.,Financials,XLF,13295774720.0,2026-08-24,329.4200134277344,0.018457260767954065,0.034285756445005866,0.0016724490489041788,-0.030314032408992664,0.0663827944091484,False,-0.032646960344950626,0.12207190177476379,-0.021382192078298612,-0.003522828405478351,0.9855792934793327,0.8416047998873672,1.0252683601287333,1.6807945417594117,0.8416047998873672,89406075.47767639,0.742874747862279,322.21699676513674,312.17530212402346,305.89783528645836,True,True,True,True,True,False,weak_rally,1,0,normal,False,False,,False,40.0,,0.01862793850984988,59.892200412334965,True,False,False,True,False,True,False,,Confirmed Uptrend,319.59,0.0308,0.43364229148071165,0.9993134723312326,0.12858543801507638,0.004144246604380397,0.6353449169386023,0.5712460063897764,,False,,,1,0.608,0.854
AVB,"AvalonBay Communities, Inc.",Real Estate,XLRE,26539200512.0,2026-08-24,68.13999938964844,0.02021258355466271,0.07037385411521413,0.014688780539234614,-0.017713352408588512,0.004254286664118201,False,-0.020076595806837738,0.05669889200248979,0.024314030857686797,0.023535347162279896,0.9734783239456101,1.3936003739228375,1.357891938538344,1.4552285826296127,1.3936003739228375,291522451.2596823,0.6190456006926994,66.35326137542725,66.79349600474039,64.34238055547078,True,True,False,True,False,False,accumulation,7,2,normal,False,True,acc,False,80.0,,0.022390124993278013,57.39222550657955,True,False,True,True,False,True,False,,Confirmed Uptrend,65.4,0.0419,0.2892975056272166,0.9852206799546813,-0.11935329275585449,0.007932826505104629,0.45457620747979705,0.566027689030884,,False,,,1,0.608,0.854
MET,"MetLife, Inc.",Financials,XLF,61853577216.0,2026-08-24,96.20999908447266,0.019821950595422688,-0.004861411038679542,0.01697712292061193,-0.015498083836140264,0.06537696912392943,False,-0.01786665685873301,0.12101354984283463,-0.006429772842341364,-0.0044627178528586775,0.9625813108758148,0.7847871857875511,0.9065271078036031,1.3530989601181316,0.7847871857875511,363929472.56428605,0.956523421734972,96.4649887084961,90.73490511576334,82.57818031311035,False,True,True,True,True,False,weak_rally,1,0,normal,False,False,,False,10.0,,0.019065437621233902,55.210302659582794,True,False,False,True,False,True,False,,Confirmed Uptrend,97.03,-0.0085,0.36508053855140776,0.9993134723312326,0.040647966703442284,0.16664769936448431,0.6768180963933641,0.5654419595314164,,False,,,1,0.608,0.854
ALB,Albemarle Corporation,Materials,XLB,13873831936.0,2026-08-24,141.50999450683594,-0.012146635205333767,0.05612350701825686,0.21802370575937857,0.17912846339093336,-0.14031548665932125,False,0.1762916462931654,-0.0954206670739095,0.168238808444245,-0.15052740981376167,0.8303602630399659,0.9056598108902266,0.8473030229472183,1.4437543762853593,0.9056598108902266,295620903.69635236,0.37237909598567065,127.64049987792968,137.21235173543295,158.8709841410319,True,True,False,False,False,False,dry_up,1,0,normal,False,False,,False,10.0,,0.04009560184647113,64.73688366264943,True,True,True,False,False,True,False,,Confirmed Uptrend,131.21,0.0785,0.353768280961517,1.0,0.2543974666955451,-0.4026994100235548,0.46799040964047545,0.5651757188498403,,False,,,1,0.608,0.854
COKE,"Coca-Cola Consolidated, Inc.",Consumer Staples,XLP,12507430912.0,2026-08-24,192.60000610351562,0.018508724944641397,0.03431609021671633,0.033927460627196204,0.0009109774648969893,-0.002166578928743945,False,-0.0014970734492932847,0.04994271316633858,0.009217287022109222,0.0025031652982900887,0.9858928241423821,0.7523026271371892,0.7622510823253098,1.5434196467509813,0.7523026271371892,87522161.85259399,0.6592224820026115,187.95650177001954,183.8829246520996,188.08156878153483,True,True,True,False,False,False,weak_rally,1,1,normal,False,False,,False,12.0,,0.03806556747403035,57.26495024611202,True,True,True,True,False,True,False,,Confirmed Uptrend,188.23,0.0232,0.3424455558254505,0.9838065079008816,0.3375870136766985,-0.08189627002927224,0.6530319545767769,0.5632055378061768,,False,,,1,0.608,0.854
EC,Ecopetrol S.A.,Energy,XLE,34476351488.0,2026-08-24,17.329999923706055,-0.011409056195406553,-0.019241661070733884,0.09683542496843667,0.061810097061664626,0.02726800678639596,False,0.05925553143845441,0.080914444653847,0.01428165824029115,-0.04226085130340895,0.9686976252069404,0.6721405936172504,0.7152140759229662,1.0863832317762079,0.6721405936172504,32329505.20019541,0.8999980926586432,17.033499908447265,16.065333318710326,14.785219581921895,True,True,True,True,True,False,dry_up,0,0,normal,False,False,,False,45.0,,0.03276728584036789,57.11146226353266,False,True,True,True,False,True,False,,Confirmed Uptrend,16.58,0.0452,0.39201576095901225,0.9899607938878676,0.6062498182471201,0.21840930140540094,0.9103244434573132,0.5625133120340788,,False,,,1,0.608,0.854
AFG,"American Financial Group, Inc.",Financials,XLF,11774959616.0,2026-08-24,144.44000244140625,0.005149655594151481,-0.014733994353207436,0.0038921152320634533,-0.028165246992573056,0.05808700033636205,False,-0.030503344603759475,0.11334288112590696,-0.0192136140600615,-0.01127480026504013,0.9843931482804302,0.7300542105565766,0.8723453819532265,1.5672903964822822,0.7300542105565766,53453916.766708374,0.18617297578079345,144.2799980163574,139.1140345255534,134.3255749384562,True,True,True,True,True,False,weak_rally,0,1,normal,False,False,,False,13.0,,0.01952861769933781,54.06411688923217,True,False,False,True,False,True,False,,Confirmed Uptrend,146.73,-0.0156,0.3407601744435271,0.9993134723312326,-0.03204227564948392,0.03223857834315469,0.5391891476311699,0.5617145899893504,,False,,,1,0.608,0.854
COR,"Cencora, Inc.",Health Care,XLV,60574638080.0,2026-08-24,323.7699890136719,0.01801653978996387,0.0359976974129097,0.042577016773732046,0.009284326686141986,0.11080063006030594,False,0.006856130672436622,0.16880934501101574,-0.024859295058179964,0.012047237708396663,0.9716291979963876,0.5098532261948931,0.6800120268617883,0.9909728054523257,0.5098532261948931,469464465.3940735,0.88311711188029,316.51209411621096,297.63711903889975,302.59051081339516,True,True,True,False,False,False,weak_rally,1,1,normal,False,False,,False,12.0,,0.031654245415352764,59.28177657641399,True,True,False,True,False,True,False,,Confirmed Uptrend,324.38,-0.0019,0.25700859036293217,0.9944216998611353,-0.12571746770203918,-0.22049747239327366,0.2662798630924923,0.5616080937167199,,False,,,1,0.608,0.854
STZ,"Constellation Brands, Inc.",Consumer Staples,XLP,22243850240.0,2026-08-24,137.60000610351562,0.014300474635385196,0.05392163508399572,0.06918673432439149,0.03504431413007625,-0.06603092160921342,False,0.03255414321279737,-0.01725678107041395,0.04363388770071719,-0.06166005506982497,0.9338375931558959,1.0678012114982498,0.9366073766137595,1.82662748467216,1.0678012114982498,240566202.05677032,0.5202981948401482,133.16789474487305,135.28145014444988,142.66804161071778,True,True,False,False,False,False,accumulation,3,1,normal,False,False,,False,93.0,,0.025508687798377668,57.47971308750346,True,True,True,True,True,True,False,,Confirmed Uptrend,163.76,-0.1597,0.3435917520586922,0.9838065079008816,-0.31444917485148327,-0.2449937711434288,0.11895667822749198,0.5612353567625132,,False,,,1,0.608,0.854
BBY,"Best Buy Co., Inc.",Consumer Discretionary,XLY,18180771840.0,2026-08-24,87.4800033569336,0.01851209661874531,0.023876414527566947,-0.010966575746477414,-0.04254945427744217,0.10815724708804209,False,-0.044852945510757025,0.16602791814032924,-0.07333509472227395,0.12804408696210356,0.9701675183915202,0.8515198054168247,0.9500493792603698,1.4238271614208853,0.8515198054168247,275989755.94896126,0.2871814735260631,85.66699981689453,80.8020846048991,71.00322062174479,True,True,True,True,True,False,weak_rally,1,0,normal,False,False,,False,55.0,,0.03190116777350153,57.180282591355684,True,False,False,True,False,True,False,,Confirmed Uptrend,70.06,0.2487,0.31643457235214467,0.9538536360667944,0.059903131061964654,0.2873750738782008,0.7196979378449027,0.5607028753993611,,False,,,1,0.608,0.854
SUI,"Sun Communities, Inc.",Real Estate,XLRE,15788253184.0,2026-08-24,123.43000030517578,0.01454871436616334,0.017056688236763762,0.016386675096862646,-0.01606967684524019,-0.045877363230778845,False,-0.018436874695515804,0.003949245223125786,0.026028031496750925,-0.02755879937050254,0.9647490851167058,0.4529185323300248,1.8925778584117388,2.583720820833944,0.4529185323300248,284975367.0409435,0.7097713371188038,121.78600006103515,121.14035224914551,124.05097719828288,True,True,False,False,False,False,weak_rally,2,1,normal,False,False,,False,18.0,,0.019938997515698335,55.95716598256375,True,False,True,True,False,True,False,,Confirmed Uptrend,127.94,-0.0353,0.31919456648127875,0.9852206799546813,-0.15395937386133507,-0.1310740399847653,0.304746772365641,0.5602768903088392,,False,,,1,0.608,0.854
TLK,"PT Telekomunikasi Indonesia, Tb",Communication Services,XLC,14469350400.0,2026-08-24,15.020000457763672,0.0020013800602793896,0.012811903913357181,0.03944641218147682,0.006253691925179883,-0.01226639061848911,False,0.0038327871920889045,0.03931546470575298,-0.0036787317834990896,0.020309042735213723,0.9836280293054678,0.6424445987463726,0.7535167758827186,1.546702973324161,0.6424445987463726,9864026.146687126,0.5384660528921982,14.797500038146973,14.480705801645914,15.472895630200703,True,True,False,False,False,False,weak_rally,0,0,normal,False,False,,False,,,0.01721515878794801,57.2831149159225,False,True,False,True,False,True,False,,Confirmed Uptrend,,,0.39268550214743736,0.9408024526034724,-0.32706432558247367,-0.3252546119972032,0.08976303155592763,0.5586794462193824,,False,,,1,0.608,0.854
AMT,American Tower Corporation (REI,Real Estate,XLRE,80778838016.0,2026-08-24,178.38999938964844,0.01473262965261779,0.035766148841194,0.06986921861989503,0.03570500460337356,-0.08308590465206,False,0.03321324415782123,-0.03520241687582515,0.08001790581810253,-0.06548172174859812,0.9530398887163215,0.606651598433837,0.649877446635622,1.5953845546937024,0.606651598433837,456044666.8711807,0.8412161639697505,173.32300033569337,174.3430025736491,175.41300519307455,True,True,False,False,False,False,weak_rally,0,0,normal,False,False,,False,18.0,,0.024356753380622834,59.86014547219897,True,True,True,True,False,True,False,,Confirmed Uptrend,179.26,-0.0049,0.3479575671823896,0.9852206799546813,-0.29786854885772773,-0.17858843370751143,0.1656430495520892,0.5565495207667732,,False,,,1,0.608,0.854
ORCL,Oracle Corporation,Information Technology,XLK,374086762496.0,2026-08-24,142.4499969482422,-0.02744592229779219,-0.028639598520589282,0.1880733539231536,0.15013451838667868,-0.2516191419967272,False,0.1473674566391321,-0.2125368704426297,0.15013155070588646,-0.21085750289638927,0.7420347496233632,0.5052424244621502,0.677293402070802,1.8742527931012125,0.5052424244621502,3946789733.8075385,0.30829073918148076,141.91949996948242,156.89793027242024,161.64750906626384,True,False,False,False,False,False,dry_up,1,0,normal,False,False,,False,58.0,,0.044326335580955126,49.087768369224754,True,True,True,False,False,True,False,,Confirmed Uptrend,247.29,-0.424,0.33529096606568903,0.9094630889501736,-0.5756846839984829,-0.24727359948636796,0.0520139185502839,0.5559637912673057,,False,,,1,0.608,0.854
EQT,EQT Corporation,Energy,XLE,33333749760.0,2026-08-24,53.790000915527344,0.0013030471562469614,0.014714254266959603,0.037667678647186564,0.004531758822275078,0.015774734635260135,False,0.002114996817834225,0.06882096583193387,-0.0404328034619148,-0.05297622120984813,0.9884234238402184,1.040674417035672,1.034855628085958,2.0545177071467022,1.040674417035672,323738530.6331814,0.46666744916683295,53.11450901031494,52.195984331766766,55.981607341766356,True,True,False,False,False,False,accumulation,3,1,normal,False,False,,False,23.0,,0.0233646733609927,55.88638149618446,True,True,False,True,True,True,False,,Confirmed Uptrend,53.84,-0.0009,0.4459305199319317,0.9899607938878676,-0.1258395315414047,-0.17244204272050667,0.29460513801803034,0.5549520766773164,,False,,,1,0.608,0.854
RCI,"Rogers Communication, Inc.",Communication Services,XLC,18286624768.0,2026-08-24,36.38999938964844,0.0033084899467952233,0.00831253077839178,0.10911301025643105,0.0736956212976303,-0.0953262450308846,False,0.07111246077622613,-0.048081977648228524,0.06309749884554972,-0.06549012390274567,0.9364384667548059,0.5858027072073833,0.610944702222479,1.4314330565538893,0.5858027072073833,41210335.05159378,0.9253740690974516,35.22449989318848,35.252727349599205,35.80070808728536,True,True,True,False,False,False,weak_rally,0,1,normal,False,False,,False,19.0,,0.018627562562204294,62.26701004463398,False,True,True,True,False,True,False,,Confirmed Uptrend,34.75,0.0472,0.40985946008666124,0.9408024526034724,-0.1950824035536619,-0.2062372831255681,0.222826422465588,0.5505324813631524,,False,,,1,0.608,0.854
NTRS,Northern Trust Corporation,Financials,XLF,22378715136.0,2026-08-24,186.66000366210938,0.015008210207873018,-0.02512141603346718,0.022682441884388505,-0.009974953250829643,0.05364984328156974,False,-0.012356814148122952,0.10867400492024504,-0.0008557683430396867,-0.015421084071438051,0.9748785839665328,1.0624935339425816,0.999094146603154,1.2603948356908283,1.0624935339425816,195444687.9162979,0.7525788602283319,185.5609992980957,179.6048896789551,166.0348368326823,True,True,True,True,True,False,accumulation,3,2,normal,False,False,,False,86.0,,0.020641032153790727,53.697724031916124,True,False,False,True,False,True,False,,Confirmed Uptrend,170.95,0.0919,0.35881643770139054,0.9993134723312326,0.23359113923241526,0.1934049267108866,0.8070417385658881,0.5504259850905219,,False,,,1,0.608,0.854
CEG,Constellation Energy Corporatio,Utilities,XLU,93828554752.0,2026-08-24,273.42999267578125,0.002015493195278051,-0.015635131628357835,0.014260486450873744,-0.018127969749696327,0.06987305415126555,False,-0.020490215636988385,0.1257444313833227,0.07199023651137959,0.12414743223472646,0.9693816300599648,0.9381457836806216,0.9475205104121829,0.713958568856181,0.9381457836806216,736569033.7460754,0.6417634622434478,270.0988464355469,262.7408729553223,279.1563193003337,True,True,False,False,False,False,weak_rally,1,1,normal,False,False,,False,213.0,,0.03496182545846262,53.70869927714492,True,False,True,True,False,True,False,,Confirmed Uptrend,394.33,-0.3066,0.3529368990854819,0.9176635341809471,-0.25020618287804897,-0.1397264893205049,0.22370276719459203,0.5503727369542065,,False,,,1,0.608,0.854
CTAS,Cintas Corporation,Industrials,XLI,81886699520.0,2026-08-24,207.39999389648438,0.017714317332956142,0.048427794042917194,-0.01441480506070647,-0.04588757102630436,0.10193560344963837,False,-0.04818303122062606,0.15948136511442756,0.008710640810677406,0.11593876089131716,0.9603230749632801,0.8770808485557302,0.8701059846045365,0.9747313496786479,0.8770808485557302,424422135.85343325,0.9630869905835727,203.84869613647462,188.85848185221354,182.54813804626465,True,True,True,True,True,False,weak_rally,0,1,normal,False,False,,False,27.0,,0.0190866158221841,62.81015456152095,True,False,True,True,False,True,False,,Confirmed Uptrend,205.72,0.0082,0.5021695101607644,0.9597340907832117,-0.18345215459522402,-0.04369636720054626,0.35939564789029177,0.5500532481363153,,False,,,1,0.608,0.854
BXP,"BXP, Inc.",Real Estate,XLRE,12503197696.0,2026-08-24,69.98999786376953,0.03428402183537971,0.04948261060962844,0.01127003019238404,-0.021022931544148915,0.02930344394513984,False,-0.02337821256088546,0.08305617729959924,0.020862850539700162,0.04906543275336861,0.9591612538429272,1.060278347832519,0.8688674865741333,1.1496431782759862,1.060278347832519,99785687.4433754,0.9566165761948895,69.04199981689453,66.84989439646402,60.984343433380126,True,True,True,True,True,False,accumulation,1,1,normal,False,False,,False,13.0,,0.02466677244491152,56.884844609081654,True,False,True,True,False,True,False,,Confirmed Uptrend,70.01,-0.0003,0.31669894979782093,0.9852206799546813,-0.075452432517918,0.0907858727353048,0.5554610946905628,0.546964856230032,,False,,,1,0.608,0.854
SOFI,"SoFi Technologies, Inc.",Financials,XLF,21044996096.0,2026-08-24,18.239999771118164,-0.03543099321524512,-0.003823030959363094,0.0805687605431018,0.04606287725169933,0.05461750572573831,False,0.04354619722262609,0.10969220105459443,0.055698230250248226,-0.014516855739474699,0.9645690067847549,0.5478256455041481,0.7142721337607965,0.7439142118561016,0.5478256455041481,1059185760.6442715,0.037146517177465525,17.822500038146973,17.585666608810424,17.27104167143504,True,True,True,False,True,False,dry_up,1,0,normal,False,False,,False,39.0,,0.04045269444443324,52.662176185953264,True,True,True,True,False,True,False,,Confirmed Uptrend,18.19,0.0027,0.2692262409976493,0.9993134723312326,-0.39982784114934744,-0.17013209362231596,0.13502930071244298,0.5463791267305644,,False,,,1,0.608,0.854
UHAL,U-Haul Holding Company,Industrials,XLI,13862495232.0,2026-08-24,71.0999984741211,-0.004341201121556226,-0.03606295532904813,-0.025493429738096096,-0.05661242115078624,0.10477431319710417,False,-0.0588820788654385,0.16246831920035776,-0.0026279290613253625,0.11881354434345393,0.9445994638644715,0.7739255496371592,0.8556744716134117,1.0073201943926753,0.7739255496371592,11564175.89187317,0.41044546676080074,72.97100028991699,67.5806666056315,58.60708316167196,False,True,True,True,True,False,dry_up,0,0,normal,False,False,,False,,,0.026803280710233645,47.062063044099986,False,False,False,True,False,True,False,,Confirmed Uptrend,,,0.40013795510004796,0.9597340907832117,0.06883574758991218,0.30215840287112705,0.7308118205167633,0.5428647497337593,,False,,,1,0.608,0.854
ELV,"Elevance Health, Inc.",Health Care,XLV,81508155392.0,2026-08-24,402.6300048828125,0.005217946505476911,0.031749730828447786,0.0641453125882192,0.030163880492397377,-0.027827975081401113,False,0.027685451211435286,0.022941216392226016,-0.004686086895566599,-0.1142568830350491,0.9433913559868016,0.8273373721231069,0.9169350320420812,1.8851629057828219,0.8273373721231069,379834537.7114868,0.4971171919548888,391.1860015869141,396.2480824788411,364.3102005004883,True,True,True,True,False,False,weak_rally,1,0,normal,False,False,,False,40.0,,0.024595413977096303,56.44711628502117,True,True,False,True,False,True,False,,Confirmed Uptrend,395.18,0.0189,0.5288693136831805,0.9944216998611353,0.05952747628590238,0.04354885584097978,0.6229938551081193,0.5428647497337593,,False,,,1,0.608,0.854
SU,Suncor Energy  Inc.,Energy,XLE,79440535552.0,2026-08-24,67.37000274658203,-0.015346323450208144,0.010651050787088945,0.05265629291534424,0.019041740546607455,0.05071236841608484,False,0.016590069568698684,0.10558312796122937,-0.026572313375110346,-0.020403280736994378,0.9846536765497919,0.49570500377712934,0.5758148201983305,1.1695435693600782,0.49570500377712934,282434888.18703,0.317536881689326,65.25450057983399,61.671603965759275,62.710559431711836,True,True,False,True,False,False,dry_up,2,0,normal,False,False,,False,107.0,,0.02605546357180641,60.71971944484648,True,True,False,True,False,True,False,,Confirmed Uptrend,63.29,0.0645,0.3785360801337325,0.9899607938878676,0.4546698060253296,0.08984329214329612,0.8446626004453481,0.5412140575079872,,False,,,1,0.608,0.854
APH,Amphenol Corporation,Information Technology,XLK,197698682880.0,2026-08-24,155.5500030517578,-0.00929871668146931,-0.0896587610652344,0.04200163668095169,0.00872732024902767,-0.015139914257242593,False,0.006300464314400456,0.03629187866232164,0.008724717439838825,0.03850190588027691,0.8822027937290811,0.7767719290581991,0.9014067878702732,1.2767770053165093,0.7767719290581991,1092624558.5233307,0.8431071596886981,162.56399993896486,158.6946164449056,146.85933952331544,False,False,True,True,True,False,dry_up,0,1,normal,False,False,,False,80.0,,0.037066615750318374,44.27676430403879,True,True,True,False,False,True,False,,Confirmed Uptrend,148.16,0.0499,0.30199898664830316,0.9094630889501736,0.2016996312706636,-0.04794903294206854,0.6280733286634432,0.5410543130990415,,False,,,1,0.608,0.854
DG,Dollar General Corporation,Consumer Staples,XLP,28025532416.0,2026-08-24,125.33000183105469,0.015557881143915875,0.043720852098140695,0.017123848315601542,-0.015356043834195643,0.06187163323931433,False,-0.017724958585038197,0.11732515677888933,-0.007184730213211643,0.06684106884295149,0.973966498015219,1.1042398323539129,1.0964066126007448,0.9973279540934703,1.1042398323539129,239211642.85241088,0.932000732421875,124.25799980163575,118.15982577006022,118.72682387034098,True,True,True,False,False,False,accumulation,3,1,normal,False,False,,False,27.0,,0.027168269963353062,56.02493760979481,True,False,False,True,True,True,False,,Confirmed Uptrend,127.16,-0.0144,0.48709861338176436,0.9838065079008816,-0.09548265776726572,-0.2887491479808174,0.25869960647634016,0.5403620873269437,,False,,,1,0.608,0.854
TTE,TotalEnergies SE,Energy,XLE,195074555904.0,2026-08-24,89.3499984741211,-0.006007352533028643,0.008123674184987717,0.06166818662281459,0.027765856776272413,-0.018248282718511533,True,0.025293196802803175,0.033021183627631956,-0.018238703532264977,-0.08469644948642696,0.9829482615430262,1.4117375662365421,1.1234786497619345,1.219304469399209,1.4117375662365421,111535761.3597126,0.8075930590107699,87.60849952697754,84.31200014750162,86.43035564422607,True,True,False,True,False,False,distribution,2,1,normal,False,False,,False,22.0,,0.01732951523269117,60.23104200886595,True,True,False,True,False,True,False,,Confirmed Uptrend,86.23,0.0362,0.5084059440022802,0.9899607938878676,0.21380967451022803,0.03548886298486664,0.7109410967407584,0.5394568690095847,,False,,,1,0.608,0.854
AHR,"American Healthcare REIT, Inc.",Real Estate,XLRE,11493760000.0,2026-08-24,56.189998626708984,0.0046486379423307245,0.027615184950726457,-0.02193215177541452,-0.053164865744443235,0.16906351318334512,False,-0.055442817792092924,0.2301148578263943,-0.012654284464623355,0.19150880878547416,0.9734926791123255,0.86855234305033,0.7360750458088586,0.8359610557849567,0.86855234305033,161293091.7362009,0.4522813826638344,55.19799995422363,52.53606363932292,51.111518987019856,True,True,True,True,True,False,weak_rally,2,2,normal,False,False,,False,32.0,,0.024981578492535923,57.025072451110056,True,False,False,True,False,True,False,,Confirmed Uptrend,53.84,0.0436,0.29986868181145165,0.9852206799546813,0.17513969711681376,0.011257239434297128,0.6744510316470474,0.5383386581469649,,False,,,1,0.608,0.854
TXRH,"Texas Roadhouse, Inc.",Consumer Discretionary,XLY,13503492096.0,2026-08-24,205.2899932861328,0.003961255748816894,0.004354204580354182,0.021140072333523774,-0.01146807019912277,0.17988716014987682,False,-0.013846338867223418,0.24150374200527347,-0.043253094182913676,0.20106125532907626,0.9580455220068227,0.734237529780329,0.7450887474416608,0.6971931781310837,0.734237529780329,173473107.32004547,0.7911568771573982,206.92649993896484,190.85596033732097,179.08828608194986,False,True,True,True,True,False,weak_rally,0,0,normal,False,False,,False,37.0,,0.024926406015808818,54.91452134819409,True,False,False,True,False,True,False,,Confirmed Uptrend,191.48,0.0721,0.42596872546808534,0.9538536360667944,-0.03890913005331964,0.006491709976609306,0.5125514115027364,0.5382321618743343,,False,,,1,0.608,0.854
DCI,"Donaldson Company, Inc.",Industrials,XLI,10923457536.0,2026-08-24,92.43000030517578,-0.008793562410983613,-0.02376425847853536,-0.004836508769935355,-0.03661513918952086,0.050688610882487106,False,-0.038932907549567686,0.1055581297513506,0.01851367908575363,0.0640405327137692,0.9404654001458169,0.9001501112487036,1.0638865643001938,1.0733113132633454,0.9001501112487036,60363338.303331375,0.2378749061743448,94.98926696777343,89.84330418904622,87.77773036956788,False,True,True,False,True,False,dry_up,0,2,normal,False,False,,False,45.0,,0.02054635254491096,46.00494284771352,True,False,True,True,False,True,False,,Confirmed Uptrend,85.23,0.0844,0.3452851855059551,0.9597340907832117,0.07858299639915489,-0.19863276252651318,0.430514200452182,0.5375931842385517,,False,,,1,0.608,0.854
DPZ,Domino's Pizza Inc,Consumer Discretionary,XLY,11493918720.0,2026-08-24,349.010009765625,0.020944869194886806,0.040516354999247994,0.015952059516784134,-0.016490413813396443,0.0839366901445171,False,-0.018856599429753484,0.14054250470891416,-0.04811395053772527,0.10338887118395723,0.9493512638525713,0.9258037678924183,0.9598947908871267,1.0230718356527502,0.9258037678924183,267887642.3565979,0.9762012920128673,350.38350067138674,323.7826700846354,338.2157732645671,False,True,True,False,False,False,weak_rally,0,1,normal,False,False,,False,25.0,,0.029750481296996097,55.722888202595016,True,False,False,True,False,True,False,,Confirmed Uptrend,328.97,0.0609,0.41324459527683,0.9538536360667944,-0.3539176499185164,-0.22741430448329647,0.11741379212155383,0.5372736954206603,,False,,,1,0.608,0.854
WCN,"Waste Connections, Inc.",Industrials,XLI,42188054528.0,2026-08-24,168.97000122070312,-0.0025383275754071732,0.023998587029242957,-0.0001164795228998372,-0.03204583499051339,0.0497690138935869,False,-0.03437459645324492,0.10459050916743706,0.023344457541912833,0.06310924968679377,0.9713203263376969,0.6590460079413839,0.7960866295001849,1.010659587583177,0.6590460079413839,204281617.23099366,0.08880156476451943,167.06915435791015,164.0599858601888,162.09207661946616,True,True,True,True,True,False,dry_up,1,0,normal,False,False,,False,172.0,,0.017396607761189394,55.50389790551971,True,False,True,True,False,True,False,,Confirmed Uptrend,175.33,-0.0363,0.4065536760521709,0.9597340907832117,-0.22292186160430993,-0.039989265363134296,0.3270779586885582,0.5369009584664537,,False,,,1,0.608,0.854
SF,Stifel Financial Corporation,Financials,XLF,12568244224.0,2026-08-24,80.80000305175781,-0.0019762356043001583,-0.0379806511864168,-0.019060333161022847,-0.05038475312930002,0.09073413643821837,False,-0.052669393736547,0.14769493020750013,-0.041637785508727654,0.01923218654494896,0.943043916479501,0.6994966105732099,1.039816554052979,1.3695618504224991,0.6994966105732099,84959884.37893295,0.19784180765504966,83.34550018310547,76.98299992879232,75.75551102956136,False,True,True,True,True,False,dry_up,1,2,normal,False,False,,False,45.0,,0.021245859846355113,47.007191533627356,True,False,False,True,False,True,False,,Confirmed Uptrend,73.54,0.0987,0.37448907967592876,0.9993134723312326,-0.05178905881737639,0.0002731712030199507,0.4937588628248279,0.5357294994675186,,False,,,1,0.608,0.854
INVH,Invitation Homes Inc.,Real Estate,XLRE,17654927360.0,2026-08-24,30.459999084472656,0.011623994255276271,0.025934608843531937,0.0280121480666482,-0.00481544097590636,0.007090293348528398,False,-0.007209714933432143,0.059683001864826224,0.037763782701154325,0.02642580341905565,0.995750210282224,0.7152778074136908,0.7298899721590202,1.0307564808521852,0.7152778074136908,114632873.82081985,0.6823518324043407,30.11250009536743,29.71194534301758,28.108766333262125,True,True,True,True,True,False,weak_rally,0,0,normal,False,False,,False,79.0,,0.01526591457146056,56.84399084752404,True,False,True,True,False,True,False,,Confirmed Uptrend,28.48,0.0696,0.36453186907504764,0.9852206799546813,-0.13491748091981293,0.09013433984378949,0.5113987459636774,0.5353567625133121,,False,,,1,0.608,0.854
INFY,Infosys Limited,Information Technology,XLK,48722984960.0,2026-08-24,11.819999694824219,-0.010050242024818412,0.017211687713843293,0.010256400642336239,-0.02200419278573562,-0.017878516723562332,False,-0.024357113026056254,0.03341025970363343,-0.02200671629870332,0.03561414149435782,0.9380951854737544,0.7866436028603033,0.8631089650050713,1.7056582727116614,0.7866436028603033,247286731.12730235,0.0,12.20799994468689,11.658848683039347,12.269211880366008,False,True,False,False,False,False,dry_up,0,0,normal,False,False,,False,19.0,,0.028704370129103117,48.204224255186,True,False,False,True,False,True,False,,Confirmed Uptrend,12.35,-0.0429,0.42474206300893075,0.9094630889501736,-0.42519325587471957,-0.25044624475135935,0.08153810231615155,0.5346112886048988,,False,,,1,0.608,0.854
E,ENI S.p.A.,Energy,XLE,80492920832.0,2026-08-24,55.220001220703125,-0.022135646767822648,-0.014456497880436237,0.09065771391971178,0.05582965932329165,-0.015476450600058977,False,0.05328948179141757,0.035937767571839085,0.008568915139556488,-0.08211222403024698,0.962859680730783,0.8635802120275048,1.0622642511691782,1.293869099850176,0.8635802120275048,22660731.40778122,0.38028282524365736,54.81800022125244,51.715500322977704,52.48786964416504,True,True,True,True,False,False,dry_up,3,1,normal,False,False,,False,,,0.01946757785696877,55.60290888943937,False,True,True,True,True,True,False,,Confirmed Uptrend,,,0.33528285380982176,0.9899607938878676,0.2864249854953149,0.11617429182180516,0.8058840614375289,0.534398296059638,,False,,,1,0.608,0.854
KMB,Kimberly-Clark Corporation,Consumer Staples,XLP,36284399616.0,2026-08-24,111.37000274658203,0.018845533199139064,0.03206374726208616,-0.0006281379512803609,-0.03254115459191742,0.05715049290581686,False,-0.03486872438541366,0.11235746699588978,-0.024512455901673835,0.06209783412240322,0.9706292907449006,0.7774425612393561,0.7690971776054439,1.196320340125671,0.7774425612393561,379724762.1708393,0.5976108696312958,109.8564998626709,106.9554266611735,101.95586605072022,True,True,True,True,True,False,weak_rally,1,0,normal,False,False,,False,40.0,,0.022236040537030523,55.63618995128618,True,False,False,True,False,True,False,,Confirmed Uptrend,109.37,0.0183,0.35881621940069325,0.9838065079008816,-0.2638387169371127,-0.06418816776710778,0.2711536336869921,0.533013844515442,,False,,,1,0.608,0.854
CSGP,"CoStar Group, Inc.",Real Estate,XLRE,11653483520.0,2026-08-24,32.84000015258789,0.017978978959448444,0.047527902806625555,0.1258141949501228,0.08986348580762615,-0.03054937761724641,False,0.08724142768015097,0.020077695586282696,0.13649357137202722,-0.011936525923844532,0.9736140112147351,0.720831028529696,0.7465319677084707,0.7430213363953517,0.720831028529696,215061974.27608967,0.9016371913850464,31.030499744415284,30.641833337148032,34.58058339754741,True,True,False,False,False,False,weak_rally,1,0,normal,False,False,,False,266.0,,0.04450147683445112,58.01658151458421,True,True,True,True,False,True,False,,Confirmed Uptrend,94.6,-0.6529,0.30239136539617534,0.9852206799546813,-0.7337085398235985,-0.4692178925041809,0.004055059142448731,0.5321618743343983,,False,,,1,0.608,0.854
SSB,SouthState Bank Corporation,Financials,XLF,10190697472.0,2026-08-24,106.91000366210938,0.0004679304835504272,-0.03528240429058094,0.022860457209144203,-0.009802622502793623,0.06333008141776508,False,-0.012184898003607891,0.1188597686741808,-0.00068185024530798,-0.00637542394930346,0.9580608223911901,1.3150537352493226,0.8204081924506086,1.0170524747001275,1.3150537352493226,90686405.84111786,0.18881413625135382,107.99675788879395,101.60442123413085,97.62795321146648,False,True,True,True,True,False,accumulation,2,1,normal,False,False,,False,21.0,,0.01700887462465684,51.90235020931417,True,False,False,True,False,True,False,,Confirmed Uptrend,105.36,0.0148,0.3857663987329587,0.9993134723312326,-0.047350911937825035,-0.025893466092338446,0.47013035827168503,0.5317358892438764,,False,,,1,0.608,0.854
BPYPP,Brookfield Property Partners L.,Real Estate,XLRE,0.0,2026-08-24,16.3700008392334,-0.003651823787457986,0.005528264667809202,0.018034882891996062,-0.01447410139327232,0.019322353053353947,False,-0.016845137973477198,0.07255384952626165,0.027691874048973553,0.03889271109646919,0.996348176212542,0.7232569756654535,1.2953685863127098,1.0084065291966675,0.7232569756654535,181099.27078342438,1.0,16.143250226974487,15.802600034077962,15.590347719192504,True,True,True,True,True,False,dry_up,2,1,normal,False,False,,False,,,0.008700594467224489,59.70883339156914,False,False,True,True,False,True,False,,Confirmed Uptrend,,,0.7247979676766799,0.9852206799546813,0.017023555385757616,-0.0337874055149151,0.517638858041038,0.5296059637912673,,False,,,1,0.608,0.854
BABA,Alibaba Group Holding Limited,Consumer Discretionary,XLY,293017616384.0,2026-08-24,118.47000122070312,-0.007290054833957393,-0.050036066951959945,0.030173923658288082,-0.002722697526404194,0.013278327554523628,False,-0.005122006330075091,0.0661941902918819,-0.03478891817341845,0.031462483188469115,0.8953294638989894,1.915153678561515,1.7475791466152417,1.3194749080661818,1.915153678561515,1550114234.4815063,0.5085994717534299,124.51450004577637,115.59717191060385,123.08631992340088,False,True,False,False,False,False,distribution,3,3,interest,False,False,surge,False,2.0,분산3일,0.03676036623006954,45.02584121113136,True,False,False,False,False,True,False,,Confirmed Uptrend,130.53,-0.0924,0.31835447805578754,0.9538536360667944,-0.18477301915443645,-0.31955678503494345,0.1864402339501005,0.529286474973376,,False,,,1,0.608,0.854
CSL,Carlisle Companies Incorporated,Industrials,XLI,14564190208.0,2026-08-24,362.5199890136719,-0.014033952798349403,0.008583490569121555,0.06791538200969605,0.03381356000421909,0.028305385594997512,False,0.03132635010811491,0.08200599791101815,0.0929725962299286,0.0413728662785644,0.9329061466521045,0.9067729884790642,0.8941086363952193,0.5698185658412795,0.9067729884790642,171199825.01023102,0.21933488661726944,368.9615417480469,354.1870178222656,349.4103096008301,False,True,True,False,True,False,dry_up,1,2,normal,False,False,,False,45.0,,0.031652363062529394,49.9538800902345,True,True,True,True,False,True,False,,Confirmed Uptrend,359.69,0.0079,0.3320345588163121,0.9597340907832117,-0.24377462973419317,-0.2270024090802517,0.17623549913720934,0.5292864749733759,,False,,,1,0.608,0.854
SCI,Service Corporation Internation,Consumer Discretionary,XLY,11775233024.0,2026-08-24,84.2300033569336,0.011285897839761194,0.02059862598790163,0.018131269661967098,-0.014380792549257504,0.106431644837923,False,-0.01675205361740606,0.16421220073692688,-0.04607216154127125,0.12628751728770937,0.9772595541367445,0.6323537009141149,0.629440526388652,0.8753345216764874,0.6323537009141149,85993003.03829765,0.6315810607711988,84.32350082397461,78.46496772766113,79.2575485865275,False,True,True,True,False,False,weak_rally,0,0,normal,False,False,,False,13.0,,0.02133615264171382,57.923629589050954,True,False,False,True,False,True,False,,Confirmed Uptrend,85.34,-0.013,0.5148644858600544,0.9538536360667944,-0.12271872943245576,-0.039466986909575175,0.4064344250625025,0.5283280085197017,,False,,,1,0.608,0.854
PINS,"Pinterest, Inc.",Communication Services,XLC,13449376768.0,2026-08-24,23.469999313354492,0.002991439998519807,0.017338518587844298,-0.0012766249636386728,-0.03316893341986238,0.05215655742656122,False,-0.03549499286587088,0.10710273604005738,-0.04271222840108668,0.0868566582316479,0.9175136584579839,0.9941081577356915,0.7062885966822682,1.2717727762428626,0.9941081577356915,275231010.3946738,0.7439011341750481,23.76849994659424,22.35316670735677,20.860250091552736,False,True,True,True,True,False,weak_rally,0,0,normal,False,False,,False,14.0,,0.03906202282542252,51.63319551321754,True,False,False,True,False,True,False,,Confirmed Uptrend,25.58,-0.0825,0.34758515240405413,0.9408024526034724,-0.4601287016858612,0.2180148011020122,0.392679207029893,0.5280617678381256,,False,,,1,0.608,0.854
PKX,POSCO Holdings Inc.,Materials,XLB,16083025920.0,2026-08-24,58.65999984741211,0.02302057361896681,-0.00694091500813121,0.10470812679967878,0.06943139931474351,-0.07540543856766713,False,0.06685849791115817,-0.027120858141931325,0.05955483430146158,-0.0863884078591225,0.8995552932215853,0.5866941099762274,0.7379255576021615,1.2638896935060868,0.5866941099762274,16081238.90473423,0.11650395543835738,55.94950008392334,56.39949995676677,62.15133345921834,True,True,False,False,False,False,weak_rally,0,0,normal,False,False,,False,,,0.025912029394517654,58.1933970927533,False,True,True,False,False,True,False,,Confirmed Uptrend,,,0.32432802830657526,1.0,-0.17416363097069598,-0.2863345479537226,0.20372269965203627,0.5273695420660277,,False,,,1,0.608,0.854
ENTG,"Entegris, Inc.",Information Technology,XLK,18131314688.0,2026-08-24,138.25,-0.037658384548240664,-0.15230852226170266,0.09493629162507178,0.05997160888582043,-0.07974055936432356,False,0.05742146640635859,-0.03168236950748449,0.059968873851497406,-0.029617306214914096,0.7519951582025126,0.9076875565180744,0.867497714775802,1.148049127578231,0.9076875565180744,371453249.7471832,0.7126437453595169,141.8260009765625,145.37224235534669,138.33026580810548,False,False,True,True,False,False,dry_up,1,1,normal,False,False,,False,45.0,,0.0611779999591312,45.64740662765837,True,True,True,False,False,True,False,,Confirmed Uptrend,178.62,-0.226,0.33899233938452555,0.9094630889501736,0.34183699612287,-0.12974990434599343,0.616402703980227,0.5268903088391906,,False,,,1,0.608,0.854
AIZ,"Assurant, Inc.",Financials,XLF,13833204736.0,2026-08-24,287.80999755859375,0.013272739403807021,0.02383413096710907,0.03951313841998583,0.006318287389708965,0.07312689054432475,False,0.003897227249023416,0.129168191039579,0.015587550393640015,0.0027791654723072767,0.9543720879681792,0.7305635556443959,0.9510979149586758,0.8115611922452814,0.7305635556443959,120905713.44653931,0.7676760411421996,284.16699981689453,272.33764419555666,250.6712750752767,True,True,True,True,True,False,weak_rally,2,0,normal,False,False,,False,13.0,,0.02741890060373506,58.934762631661165,True,True,True,True,False,True,False,,Confirmed Uptrend,301.57,-0.0456,0.25245820644322414,0.9993134723312326,0.11340544530559105,0.1687144023026148,0.7266558461897684,0.5251863684771033,,False,,,1,0.608,0.854
LYV,"Live Nation Entertainment, Inc.",Communication Services,XLC,40522280960.0,2026-08-24,184.58999633789062,0.015234786613623097,0.0008132395060667097,0.02892978047926209,-0.003927111387962534,0.032411938140621155,False,-0.006323522541427096,0.08632700463464871,-0.013759043488001943,0.06646086182311683,0.979465084165829,0.7943764229280299,0.7406695165548363,0.9906881736464163,0.7943764229280299,389532407.2262497,0.7142831722192812,182.95250091552734,177.73150049845378,168.55850067138672,True,True,True,True,True,False,weak_rally,1,0,normal,False,False,,False,38.0,,0.021085336349829474,54.06269820419569,True,False,False,True,False,True,False,,Confirmed Uptrend,183.11,0.0081,0.264183001380577,0.9408024526034724,-0.0719970709533101,0.028639590422606,0.5088239280609136,0.5246006389776359,,False,,,1,0.608,0.854
NVDA,NVIDIA Corporation,Information Technology,XLK,4862365925376.0,2026-08-24,208.47999572753906,-0.029061128249296964,-0.0734633979949485,0.060912938554312124,0.027034726100997997,-0.019174424823447334,False,0.02456382512501265,0.03204667612577872,0.02703207605338953,0.034247649897166665,0.9253439542992162,1.1628427435332709,0.9095691275939921,0.9694664699337309,1.1628427435332709,24559336285.87579,0.13503655054890795,213.77600021362304,208.33989334106445,202.07950604756672,False,True,False,True,True,False,distribution,0,1,normal,False,False,,False,65.0,,0.02820071263657182,44.65488427808695,True,True,True,True,False,True,False,,Confirmed Uptrend,223.21,-0.066,0.3752203745902923,0.9094630889501736,0.006896837382750043,-0.006862828477240401,0.5348611846713707,0.5239084132055378,,False,,,1,0.608,0.854
USB,U.S. Bancorp,Financials,XLF,98152669184.0,2026-08-24,62.41999816894531,0.00596291597798726,-0.0377679123462934,-0.016853102555270283,-0.048248006184060555,0.052887202679366974,False,-0.05053778750366966,0.10787153736790756,-0.03948135684880982,-0.016133730556556314,0.9541424627947469,0.9553409258983276,1.0013475406689325,1.5841188431080366,0.9553409258983276,407661754.9284523,0.4479134380786623,63.80549983978271,61.079129727681476,57.25636870066325,False,True,True,True,True,False,weak_rally,0,1,normal,False,False,,False,41.0,,0.01659265894167894,44.590460383303935,True,False,False,True,False,True,False,,Confirmed Uptrend,60.69,0.0285,0.37908700850090077,0.9993134723312326,0.22561007258743127,0.07288755214150044,0.7461149362446111,0.5211395101171459,,False,,,1,0.608,0.854
ELS,"Equity Lifestyle Properties, In",Real Estate,XLRE,13047244800.0,2026-08-24,65.73999786376953,0.00427740273774746,0.013099067377348339,0.010607144959896786,-0.02166464881277974,-0.000399598064042217,False,-0.024018385948101906,0.05180197007638099,0.020193677235030183,0.018792110728892197,0.9717663914408232,0.9634040546253162,0.7998465737978314,1.2186066079223667,0.9634040546253162,89388160.9051693,0.537634232179627,65.23250045776368,64.15557289123535,63.759761555989584,True,True,True,False,True,False,weak_rally,0,0,normal,False,False,,False,15.0,,0.01575470519272843,54.540068484456306,True,False,True,True,False,True,False,,Confirmed Uptrend,65.67,0.0011,0.37166600787522236,0.9852206799546813,-0.03661618680844403,-0.09158966722133444,0.41926614386678285,0.5209797657082003,,False,,,1,0.608,0.854
APO,"Apollo Global Management, Inc. ",Financials,XLF,72404828160.0,2026-08-24,132.7899932861328,0.0007535672837952756,-0.008838255851909227,0.07333300854902203,0.039058185068850726,-0.040182545510713985,False,0.036558357343123404,0.009941460197819163,0.04862901739345582,-0.10310238751885448,0.9287567448730427,0.3514411014826973,0.8290016488095426,1.2274740379535238,0.3514411014826973,505768213.49725723,0.4999964678539387,131.09898719787597,126.69642219543456,122.32607593536378,True,True,True,True,True,False,weak_rally,1,3,normal,False,False,,False,168.0,분산3일,0.03543780234046579,54.016454486819434,True,True,True,True,False,True,False,,Confirmed Uptrend,144.52,-0.0812,0.261838911979931,0.9993134723312326,-0.21214412725075127,-0.00549732565817862,0.3697202052473618,0.5186368477103301,,False,,,1,0.608,0.854
UHAL-B,U-Haul Holding Company Series N,Industrials,XLI,12234028032.0,2026-08-24,62.81999969482422,-0.003647891277072879,-0.02634837316633487,-0.02088534742519843,-0.05215148907607048,0.10974610250962424,False,-0.05443187916533221,0.16769974746267668,0.0020882757747646696,0.1238485140707748,0.9515298832027697,0.9038747910480714,0.843021906722958,0.8184907532918977,0.9038747910480714,22825114.890310477,0.47159023176475434,64.16249942779541,59.52315807342529,52.715938059488934,False,True,True,True,True,False,dry_up,1,2,normal,False,False,,False,,,0.02888148918619982,48.64438441267152,False,False,True,True,False,True,False,,Confirmed Uptrend,,,0.47696392787222436,0.9597340907832117,0.03155382234913162,0.22766502715213033,0.6910639945783715,0.5176251331203409,,False,,,1,0.608,0.854
KB,KB Financial Group Inc,Financials,XLF,41367322624.0,2026-08-24,118.72000122070312,0.006442880146906527,-0.013215828860076773,0.004229402764651891,-0.027838730088064922,0.10739664786590453,False,-0.03017761325296009,0.16522759857389713,-0.018884089587171582,0.0348024042436712,0.9573421431787732,0.7187772917973179,0.9962185110086023,0.8755795373739909,0.7187772917973179,26511108.1321579,0.9505302830153073,118.60499992370606,113.00633405049642,108.85466734568278,True,True,True,True,True,False,weak_rally,0,1,normal,False,False,,False,,,0.023467580894036798,52.07916427736009,False,False,False,True,False,True,False,,Confirmed Uptrend,,,0.395847290466377,0.9993134723312326,0.2738345091566958,-0.056985168529419705,0.6486627599050077,0.5175186368477103,,False,,,1,0.608,0.854
GD,General Dynamics Corporation,Industrials,XLI,103737040896.0,2026-08-24,383.7699890136719,-0.0013531955546255414,-0.018842423067836456,-0.013799726146428548,-0.04529213347313721,0.03528263414040533,False,-0.047589026206392604,0.08934761537291536,0.009340151733686408,0.04843878017754233,0.969189554336387,0.8571448467344128,0.8309102706531964,1.1326843625254934,0.8571448467344128,373024344.5703888,0.45679748822605964,388.6455017089844,368.7938293457031,355.22864659627277,False,True,True,True,True,False,dry_up,0,0,normal,False,False,,False,12.0,,0.016121990113898903,49.56808269940407,True,False,True,True,False,True,False,,Confirmed Uptrend,386.92,-0.0081,0.42643311812939205,0.9597340907832117,0.05772112582670075,0.02725207749753622,0.6063749693894404,0.5155484558040468,,False,,,1,0.608,0.854
GOOGL,Alphabet Inc.,Communication Services,XLC,4355446800384.0,2026-08-24,348.05999755859375,0.00939617819603078,0.011802318484284147,0.06583782508799874,0.03180234586355435,-0.062317190005280576,False,0.029319974665555026,-0.013349109355010103,0.02161773917344756,-0.03139243094699318,0.9216470361018955,0.9882885072752192,0.7873629475514464,1.3026647274654455,0.9882885072752192,9342254125.547943,0.6109883329029575,349.4719985961914,353.95692952473956,346.48051401774086,False,False,False,True,False,False,weak_rally,0,0,normal,False,False,,False,74.0,,0.023019433064605323,49.53083489304962,True,True,True,True,False,True,False,,Confirmed Uptrend,397.75,-0.1249,0.36299615253697204,0.9408024526034724,0.36555164126543427,-0.05584057601322323,0.685234832823632,0.5135250266240681,,False,,,1,0.608,0.854
CFR,"Cullen/Frost Bankers, Inc.",Financials,XLF,10445661184.0,2026-08-24,164.38999938964844,0.001218082375713303,-0.021895684977696894,0.0031119995828692293,-0.02892045115021946,0.08442919344023858,False,-0.03125673184651234,0.14106072772653788,-0.01997577445217824,0.013340557573972678,0.966545141226784,0.6076259726974798,0.7902096766051091,0.9592631380803258,0.6076259726974798,95259023.52500764,0.10869550795114541,166.4119987487793,156.395166015625,146.79592819213866,False,True,True,True,True,False,weak_rally,0,0,normal,False,False,,False,24.0,,0.017393313021608212,51.05945444365541,True,False,False,True,False,True,False,,Confirmed Uptrend,162.43,0.0121,0.361188436918983,0.9993134723312326,0.1407782425482349,0.07699656163024504,0.706312438422944,0.5131522896698616,,False,,,1,0.608,0.854
DELL,Dell Technologies Inc.,Information Technology,XLK,261926748160.0,2026-08-24,433.19000244140625,-0.020109447160884253,-0.09716345085430267,0.01471035751194849,-0.017692464454963086,0.06837795640794053,False,-0.02005575810668836,0.12417125599359657,-0.017694999093441188,0.12656869741386112,0.8759984507628438,0.7526881235001712,0.8429483567677309,0.8132169841746993,0.7526881235001712,2554494187.109436,0.33811644289348936,444.3529983520508,425.36988830566406,312.46134796142576,False,True,True,True,True,False,dry_up,2,1,normal,False,False,,False,53.0,,0.06528313395909702,48.122173057120065,True,False,False,False,False,True,False,,Confirmed Uptrend,400.11,0.0827,0.3032227699098305,0.9094630889501736,1.9485282833134656,2.3892743566484222,0.9910160427807486,0.5123535676251332,,False,,,1,0.608,0.854
AME,"AMETEK, Inc.",Industrials,XLI,55400660992.0,2026-08-24,242.3300018310547,0.011605087638826728,-0.04658298156032026,-0.00324939660249679,-0.035078708393985636,0.03407431707653252,False,-0.03740017319024391,0.0880761970483559,0.02013803072950382,0.04721510808381835,0.9373743313065012,1.3111260593369862,1.1335178623936435,1.0044035620698593,1.3111260593369862,345082518.7885979,0.9639070219486515,248.15349960327148,238.332172648112,231.7439163208008,False,True,True,True,True,False,accumulation,2,5,normal,False,False,,False,8.0,분산5일,0.020809881692865177,45.980207022025866,True,False,True,True,False,True,False,,Confirmed Uptrend,258.52,-0.0626,0.2999687218283143,0.9597340907832117,0.12915515301708402,-0.03667804104436978,0.5963700147500185,0.5115548455804048,,False,,,1,0.608,0.854
ED,"Consolidated Edison, Inc.",Utilities,XLU,40114458624.0,2026-08-24,107.70999908447266,0.012787970191485254,-0.003638916911079648,-0.026068250448531338,-0.05716888606835391,-0.020340244350182224,False,-0.05943720500674765,0.030819974663275795,0.029366065714509393,0.029357636875052995,0.9526571837978104,0.9015253000943269,1.1201813073539115,1.4302261390260282,0.9015253000943269,255744196.47023392,0.956522316023419,107.87375221252441,108.26158116658529,108.48148091634114,False,False,True,False,False,False,weak_rally,2,1,normal,False,False,,False,122.0,,0.017344329559054752,47.778176688657844,True,False,True,True,False,True,False,,Confirmed Uptrend,110.68,-0.0268,0.41494258067092926,0.9176635341809471,-0.02941211928079146,-0.06651677017903423,0.44250146645936916,0.5105431309904154,,False,,,1,0.608,0.854
CSX,CSX Corporation,Industrials,XLI,93364740096.0,2026-08-24,51.439998626708984,-0.002907569789401987,0.017002703924899443,-0.006949818835016441,-0.038660964765759864,0.046654446077469824,False,-0.04097381115745946,0.10131329103248632,0.016350783010482317,0.059955102621802814,0.9663723289325404,0.9498405409711306,0.9027641418340716,0.9529924248128456,0.9498405409711306,552654605.9581556,0.2781363811328576,50.55300025939941,48.97766660054525,45.84270683924357,True,True,True,True,True,False,dry_up,1,0,normal,False,False,,False,22.0,,0.015931187088626633,60.196552640244434,True,False,True,True,False,True,False,,Confirmed Uptrend,52.81,-0.0259,0.5404219056163243,0.9597340907832117,0.28019920916625574,0.17247133145465643,0.8229015963050919,0.5103301384451544,,False,,,1,0.608,0.854
FDX,FedEx Corporation,Industrials,XLI,72725053440.0,2026-08-24,334.04998779296875,0.02759321272061488,0.007722699429879354,0.07484146403852243,0.040518470936045325,-0.04384604024335692,False,0.03801512996808509,0.006086648845507137,0.10006118956257826,-0.03169544415131509,0.9843818529093229,0.9728435506783781,0.953455523331208,0.9038486154565164,0.9728435506783781,493109718.4174347,0.9682217386824417,321.3314971923828,321.0848754882812,310.17023442586265,True,True,True,True,True,True,weak_rally,1,3,normal,False,False,,False,7.0,분산3일,0.024093918213905604,60.98875134275155,True,True,True,True,False,True,False,,Confirmed Uptrend,339.35,-0.0156,0.39430978029798774,0.9597340907832117,0.504680764907937,-0.05694704268165118,0.7177518465998075,0.5096911608093717,,False,,,1,0.608,0.854
PEP,"Pepsico, Inc.",Consumer Staples,XLP,190638964736.0,2026-08-24,144.6699981689453,0.008293856125184185,0.046513255355008054,0.03490954372409005,0.0018616996285847343,-0.029854636307953486,False,-0.0005486385892985446,0.020808717979223346,0.010175898990956833,-0.025314468965571768,0.9891965686765491,0.8728295369591952,0.9093416387978585,1.3080226541907387,0.8728295369591952,962010827.7429482,0.1907864356415765,140.42600021362304,140.36637954711915,146.60115127563478,True,True,False,False,False,False,weak_rally,0,0,normal,False,False,,False,101.0,,0.016100697913807437,61.953649765804606,True,True,True,True,False,True,False,,Confirmed Uptrend,155.19,-0.0678,0.49079434453912985,0.9838065079008816,-0.18890113887759685,-0.23971253768093914,0.2111309676353841,0.5092651757188499,,False,,,1,0.608,0.854
ENSG,"The Ensign Group, Inc.",Health Care,XLV,10383598592.0,2026-08-24,179.3699951171875,-0.0006128850733791991,-0.011898879946203755,0.007300430951304504,-0.024865769274875826,0.175527472702925,False,-0.027211804964985986,0.23691638105909862,-0.057854109075155535,0.07101967662256281,0.9751549023401013,0.7543724710089235,0.7462501279263237,0.7637581635434035,0.7543724710089235,62317312.885958865,0.4810675058452504,180.65800018310546,169.51376978556314,180.95417760213215,False,True,True,False,False,False,dry_up,0,0,normal,False,False,,False,131.0,,0.021706906798532693,53.51473402130456,True,False,False,True,False,True,False,,Confirmed Uptrend,213.18,-0.1586,0.4929025373750912,0.9944216998611353,-0.1292019755631464,-0.2574780894883929,0.2453956592802674,0.5084664536741215,,False,,,1,0.608,0.854
VOD,Vodafone Group Plc,Communication Services,XLC,36338896896.0,2026-08-24,15.979999542236328,0.0012531017569896719,-0.013580321626059377,0.011392363881553402,-0.020904504345852892,0.009317891203065365,False,-0.023260070281757583,0.062026930306033234,-0.03056885777097218,0.04260517371051509,0.9732033780747139,0.5638600164464603,0.597311728057644,1.2846934905191234,0.5638600164464603,64882678.36376858,0.8571396133532545,16.003499841690065,15.038508399327595,14.96503050327301,False,True,True,True,True,False,weak_rally,0,0,normal,False,False,,False,24.0,,0.01787948420899099,54.26772262468433,True,False,False,True,False,True,False,,Confirmed Uptrend,15.27,0.0465,0.5302076417921545,0.9408024526034724,0.13095515512791378,-0.0888888711162128,0.5484548928488037,0.50814696485623,,False,,,1,0.608,0.854
PDD,PDD Holdings Inc.,Consumer Discretionary,XLY,126055989248.0,2026-08-24,87.06999969482422,-0.014822330836212871,0.0014952524702951386,0.026163833360353106,-0.0066047333100303085,0.032247239847064124,False,-0.008994702482077677,0.08615370539497635,-0.038546131888309465,0.05077180901197553,0.9362365558583249,2.160378231200097,1.193536458380147,1.063525331133464,2.160378231200097,556278329.8233681,0.15411513038784322,88.7819995880127,84.59933306376139,91.9988332748413,False,True,False,False,False,False,distribution,2,4,attention,False,False,,False,18.0,분산4일,0.029541106106115565,48.785592584828976,True,False,False,True,False,True,False,,Confirmed Uptrend,88.32,-0.0142,0.34810274626580323,0.9538536360667944,-0.42813654364645337,-0.28203795122991626,0.07195070418524657,0.5079872204472844,,False,,,1,0.608,0.854
VICI,VICI Properties Inc.,Real Estate,XLRE,29013393408.0,2026-08-24,26.780000686645508,0.010184853090627888,0.03158711984174589,0.00112152099609375,-0.030847367634963763,-0.06566705508727111,False,-0.033179012441445166,-0.016873912552271664,0.01061807345985133,-0.047728441057423354,0.9547685546473899,1.058616834578479,0.7591296691248665,2.2024091492318933,1.058616834578479,277765315.58934957,0.22916815678420713,26.43100004196167,26.71137259801229,27.22884079615275,True,True,False,False,False,False,accumulation,3,1,normal,False,False,,False,367.0,,0.016163456538087435,55.007568563566196,True,False,True,True,True,True,False,,Confirmed Uptrend,29.85,-0.1028,0.4305776903301117,0.9852206799546813,-0.2654588075512837,-0.1603848969564493,0.19468110915583195,0.5076677316293929,,False,,,1,0.608,0.854
GM,General Motors Company,Consumer Discretionary,XLY,80369565696.0,2026-08-24,86.9800033569336,-0.010804013930911682,0.030935172755547802,-0.0006893101787990297,-0.03260037340210575,0.03691976624829807,False,-0.034927800723481006,0.09107024250774032,-0.06370591426158856,0.05552818793918757,0.9632336701813701,0.8710732820681896,0.8586586939433031,1.36690568405738,0.8710732820681896,478392386.6600006,0.4960324068047024,87.39800071716309,82.24696057637533,79.24288787841797,False,True,True,True,True,False,dry_up,0,0,normal,False,False,,False,19.0,,0.02383962653936023,55.29859556774179,True,False,False,True,False,True,False,,Confirmed Uptrend,90.3,-0.0368,0.3904332099017475,0.9538536360667944,0.2553969558004583,-0.04270684302044403,0.6537253762963215,0.5059105431309905,,False,,,1,0.608,0.854
CFG,"Citizens Financial Group, Inc.",Financials,XLF,30284855296.0,2026-08-24,70.2300033569336,0.005296346168757404,-0.05490505094476772,-0.0058230262693913515,-0.03757015415166143,0.024358732726619037,False,-0.03988562488014591,0.07785324121531412,-0.028705150428891546,-0.04279204612342058,0.9397832222955135,0.7087535570784957,0.9270168118817605,1.5415099640959122,0.7087535570784957,233598022.71239433,0.3574755244755245,72.42597465515136,69.58759797414145,65.27154839833578,False,True,True,True,True,False,weak_rally,2,0,normal,False,False,,False,27.0,,0.020212175716023708,42.914449442529666,True,False,False,True,False,True,False,,Confirmed Uptrend,73.92,-0.0499,0.3687809143207182,0.9993134723312326,0.2913592613171043,0.06423683035866756,0.7724524326140563,0.5042066027689031,,False,,,1,0.608,0.854
NLY,Annaly Capital Management Inc.,Financials,XLF,17124390912.0,2026-08-24,23.25,0.00388601697672053,-0.005134823916306486,0.030128503073560964,-0.0027666676921918043,0.052232275300768016,False,-0.005165870709833653,0.10718240808611323,0.006418913201329035,-0.01674572484720671,0.9793597398549981,0.7969729813281472,0.7984083552501882,0.8849351588940906,0.7969729813281472,159490330.1245636,0.6039601155741884,23.102000045776368,22.321074708302817,21.70816272099813,True,True,True,True,True,False,weak_rally,0,1,normal,False,False,,False,20.0,,0.014568358156171994,55.378875193058036,True,False,True,True,False,True,False,,Confirmed Uptrend,22.57,0.0301,0.35033324262885257,0.9993134723312326,0.06024324735036979,-0.03423525014421347,0.551223568137682,0.5040468583599574,,False,,,1,0.608,0.854
ICLR,ICON plc,Health Care,XLV,12619727872.0,2026-08-24,173.47999572753906,0.007257736927413383,0.023782820016974293,0.0278468834117489,-0.004975428222183109,0.11530996821774253,False,-0.007369317272915676,0.17355417179234411,-0.038636649056391636,0.016155682646782354,0.9624943988038139,0.5402972600189314,0.6608838884365865,0.7537812693585628,0.5402972600189314,131017689.78355026,0.8417137135323893,167.51849975585938,161.5558334350586,136.20949980417888,True,True,True,True,True,False,weak_rally,0,0,normal,False,False,,False,19.0,,0.03938493141140473,57.93565033389426,True,False,False,True,False,True,False,,Confirmed Uptrend,180.24,-0.0375,0.3370173548233995,0.9944216998611353,-0.19745619697727346,0.4548777328914875,0.5388909580678045,0.5024494142705005,,False,,,1,0.608,0.854
MGA,"Magna International, Inc.",Consumer Discretionary,XLY,18674604032.0,2026-08-24,67.80000305175781,-0.07186858015981523,-0.048954942052881756,0.01672222971605475,-0.015744837516875165,0.000670172777155198,False,-0.018112816884847227,0.05292760695700083,-0.047392347326697726,0.018628064173039194,0.9281314198401848,1.5760463357324075,0.8547296467826311,1.3828791594902963,1.5760463357324075,90071481.76573333,0.09583467112562108,69.59564094543457,66.61587053934733,62.4738704363505,False,True,True,True,True,False,distribution,0,1,interest,False,False,,False,14.0,,0.03134113018269288,47.40281087592382,True,False,False,True,False,True,False,,Confirmed Uptrend,69.54,-0.0251,0.2577783464646231,0.9538536360667944,0.28354600773054384,-0.04126284274177516,0.6716878235464967,0.5020234291799788,,False,,,1,0.608,0.854
ITW,Illinois Tool Works Inc.,Industrials,XLI,82555518976.0,2026-08-24,283.95001220703125,0.005880490317974552,-0.01159143200506585,-0.0030545435531751375,-0.03489007760170515,0.08209969459666655,False,-0.037211996217096366,0.13860957677840458,0.020337455746492816,0.09585078163259975,0.9550316332980313,0.6654682569909272,0.7689173271528792,0.669054692775152,0.6654682569909272,351178850.8957275,0.40849152062168614,289.8815032958984,272.93665339152017,266.6271989186605,False,True,True,False,True,False,weak_rally,0,0,normal,False,False,,False,19.0,,0.01591074819029457,49.09293930760021,True,False,True,True,False,True,False,,Confirmed Uptrend,295.16,-0.038,0.3783816557844261,0.9597340907832117,-0.05424784245126002,-0.10234179012325673,0.39406741726606415,0.5003194888178913,,False,,,1,0.608,0.854
AXP,American Express Company,Financials,XLF,227072933888.0,2026-08-24,337.3299865722656,0.003958293369838106,0.0033312368628317657,0.005784226837705964,-0.026333556328773766,0.02365146527120454,False,-0.028676060729851627,0.07710903853038586,-0.017365051574774526,-0.043452949391203144,0.9329589837073594,0.9445237035370877,1.1260198600391036,1.2895435311065093,0.9445237035370877,862325910.9194641,0.0305219921576977,339.7409957885742,337.3321375528971,323.7254023234049,False,False,True,True,True,False,weak_rally,2,1,normal,False,False,,False,85.0,,0.01865489476028965,47.429598355341994,True,False,False,True,False,True,False,,Confirmed Uptrend,331.99,0.0161,0.4457083096775771,0.9993134723312326,-0.09001302281504664,-0.061790271473887826,0.4058965904107795,0.49856230031948884,,False,,,1,0.608,0.854
ALL,Allstate Corporation (The),Financials,XLF,67979714560.0,2026-08-24,260.19000244140625,0.025056142159998407,0.008097622194756626,-0.004133603619545845,-0.035934679962028704,0.14215051009136048,False,-0.03825408541118891,0.20179639214951206,-0.02705461178043922,0.06727801292188151,0.9457672069187527,0.8885681678790323,0.9462016343962454,0.7070763809380807,0.8885681678790323,478889366.6976532,0.9541355305114038,263.2695007324219,244.46183369954426,227.76429506937663,False,True,True,True,True,False,weak_rally,0,4,normal,False,False,,False,44.0,분산4일,0.02590690738824204,52.42391257112019,True,False,False,True,False,True,False,,Confirmed Uptrend,222.56,0.1691,0.3022858546353491,0.9993134723312326,0.09222784957789787,0.1703620275949953,0.7172404366916677,0.4975505857294995,,False,,,1,0.608,0.854
FTNT,"Fortinet, Inc.",Information Technology,XLK,118652403712.0,2026-08-24,151.99000549316406,-0.009901563859440965,-0.024767407501978256,-0.0025593869087244814,-0.03441073283152696,0.009887773024138014,False,-0.03673380468295806,0.06262657274410577,-0.03441322433202154,0.06489276212244799,0.9031434521168771,0.6369803949054232,0.7631995563934962,1.2614624327531772,0.6369803949054232,849616892.2380912,0.4605392839306471,158.50849990844728,154.15599950154623,123.66724967956543,False,False,True,True,True,False,dry_up,0,0,normal,False,False,,False,18.0,,0.03710886796305392,44.160008855545136,True,False,False,True,False,True,False,,Confirmed Uptrend,153.22,-0.008,0.31911851336411545,0.9094630889501736,0.6670930149234513,0.8514210014767154,0.9489061636853404,0.4967518636847711,,False,,,1,0.608,0.854
SNY,Sanofi,Health Care,XLV,103225606144.0,2026-08-24,45.689998626708984,-0.003489636919015715,0.028822309923323797,0.0384090596979314,0.005249465296310429,-0.0016338895655048091,False,0.002830976591124079,0.05050322086582382,-0.02875765895425031,-0.09039152756687552,0.9965103630809843,0.5558960269422459,0.7818865492859293,1.4127822858260324,0.5558960269422459,135651850.3772463,0.8043471049707263,44.063500022888185,43.563499959309894,43.61328395207723,True,True,True,False,False,False,dry_up,0,0,normal,False,False,,False,40.0,,0.014554591828513399,62.685235565774285,True,True,False,True,False,True,False,,Confirmed Uptrend,42.95,0.0638,0.3520351171320994,0.9944216998611353,-0.2309366022996363,-0.10989910924384327,0.2554851275392527,0.49664536741214055,,False,,,1,0.608,0.854
PEN,"Penumbra, Inc.",Health Care,XLV,12632860672.0,2026-08-24,323.75,-0.004397542001321808,-0.010453321781856317,0.013333781638980025,-0.019025082027313567,-0.019716731404718746,False,-0.021385169588751474,0.031476048973706705,-0.052211009574509415,-0.10686675240744903,0.9895466782181437,0.547419483240197,0.7615333331056625,2.734249354926013,0.547419483240197,85332037.32015991,0.24899499950975587,324.2584976196289,320.1231669108073,325.1477498372396,False,True,True,False,False,False,dry_up,0,0,normal,False,False,,False,143.0,,0.006474554163937535,51.35197986388164,True,False,False,True,False,True,False,,Confirmed Uptrend,359.03,-0.0983,0.29427097528526747,0.9944216998611353,0.07862454028003607,-0.13683341924063785,0.47545836109639905,0.4961128860489883,,False,,,1,0.608,0.854
BBDO,Banco Bradesco Sa,Financials,XLF,36363251712.0,2026-08-24,3.200000047683716,0.019108261393313564,0.06666668256123853,-0.014474878854063511,-0.045945726478711646,0.06231547031085749,False,-0.048241046759201156,0.11779217210355108,-0.037157870695794126,-0.007323523272905086,0.9310920565377094,0.6001897750852424,0.6165813373929908,1.225251798561151,0.6001897750852424,305203.6856458187,0.7272733183924538,3.1460912227630615,3.0520442287127176,3.1485687216122944,True,True,True,False,False,False,weak_rally,1,1,normal,False,False,,False,,,0.034598207383948885,55.888719841679375,False,False,False,True,False,True,False,,Confirmed Uptrend,,,0.2366913727145886,0.9993134723312326,0.13469344379714498,-0.1534371587789538,0.4994775418154482,0.4944621938232162,,False,,,1,0.608,0.854
EPD,Enterprise Products Partners L.,Energy,XLE,82321866752.0,2026-08-24,38.36000061035156,0.009208163753590126,-0.0064750063726487506,0.021299337160760157,-0.011313891187562208,0.0065509968890851145,False,-0.013692530788661283,0.05911554203047742,-0.055569175033770124,-0.06157566622172728,0.9861182289371352,0.7730184355994758,0.8109820250457053,1.5386227941559554,0.7730184355994758,130038425.5490715,0.6964305177111717,38.10722103118896,37.28390954335531,37.17297019958496,True,True,False,True,True,False,weak_rally,1,0,normal,False,False,,False,19.0,,0.014877844735288824,54.43292226538782,True,False,False,True,False,True,False,,Confirmed Uptrend,38.06,0.0078,0.41410515679096244,0.9899607938878676,0.09346733793392725,-0.007448536623889113,0.5977543523944576,0.49387646432374865,,False,,,1,0.608,0.854
CRWV,"CoreWeave, Inc.",Information Technology,XLK,39155585024.0,2026-08-24,86.25,-0.01821284578157878,-0.18632075471698117,0.21839241255160946,0.1794853962415086,-0.1316967240784398,False,0.17664772041354748,-0.0863518117146731,0.1794823528269347,-0.08440333811826473,0.7312420706364875,0.5737413224451738,0.7423412726505284,0.8543732381403072,0.5737413224451738,3011670411.6411285,0.7601017252839349,88.4515007019043,92.5240000406901,95.83587481180827,False,False,False,True,False,False,dry_up,2,3,normal,False,False,,False,8.0,분산3일,0.08997515881777304,46.7912006314573,True,True,True,False,False,True,False,,Confirmed Uptrend,107.73,-0.1994,0.26097114614671374,0.9094630889501736,-0.32651053413171494,-0.273127124500831,0.10701816131622559,0.49366347177848785,,False,,,1,0.608,0.854
IP,International Paper Company,Materials,XLB,21620178944.0,2026-08-24,41.040000915527344,-0.010846004934557563,0.01937413379316899,-0.021283625780736393,-0.05253704917900348,0.1446789696848989,False,-0.05481651166493229,0.20445689406266832,-0.061287193823583275,0.13108168661939135,0.9414234948314592,0.8480583019495974,0.7548952752730111,0.8546365698701865,0.8480583019495974,176982403.7271347,0.12562753902073978,41.15510597229004,37.90031906763713,35.86917230288188,False,True,True,False,True,False,dry_up,0,0,normal,False,False,,False,21.0,,0.028607972935315223,54.82534653491918,True,False,False,True,False,True,False,,Confirmed Uptrend,41.69,-0.0155,0.39912735124208076,1.0,-0.22512679126392998,-0.11492886734956731,0.2531558775122015,0.4930777422790203,,False,,,1,0.608,0.854
LMT,Lockheed Martin Corporation,Industrials,XLI,134490996736.0,2026-08-24,564.1400146484375,0.0010114223908492814,-0.04985343091721528,-0.027344802330280138,-0.058404673723099654,-0.009000282812997584,False,-0.06067001953035711,0.04275213661749366,-0.004522741649248041,0.0035931255685686114,0.9268252964393585,0.9224871647692485,1.0337644543759823,1.5018956975228162,0.9224871647692485,645787920.5757751,0.625418469829346,586.7484954833984,544.6426666259765,560.9100845336914,False,True,True,False,False,False,weak_rally,0,1,normal,False,False,,False,13.0,,0.026328317317642062,46.22457184544422,True,False,False,True,False,True,False,,Confirmed Uptrend,577.6,-0.0233,0.459851335575904,0.9597340907832117,0.1381192976064114,-0.18028495212386197,0.48586242048373224,0.490468583599574,,False,,,1,0.608,0.854
BP,BP p.l.c.,Energy,XLE,116447387648.0,2026-08-24,43.7400016784668,-0.02278812960937282,0.020770203874877824,0.04650380001995136,0.013085715668384346,-8.012587754369083e-05,False,0.010648374047906861,0.052138125878732344,-0.03226173637713481,-0.06775797291429253,0.9689854291069687,0.885135673626693,1.0859972058262923,1.2734998838747824,0.885135673626693,366516679.15673906,0.23147635809042003,42.869264793396,41.175818252563474,42.49575370152791,True,True,False,True,False,False,dry_up,4,1,normal,False,False,,False,16.0,,0.02169619325218376,56.3609105443347,True,True,False,True,True,True,False,,Confirmed Uptrend,44.67,-0.0208,0.33753140079845195,0.9899607938878676,0.13717428025325273,0.059974581858770026,0.6901140706064592,0.4902023429179979,,False,,,1,0.608,0.854
XYZ,"Block, Inc.",Financials,XLF,48352501760.0,2026-08-24,81.37999725341797,-0.009493748465485119,0.014713221322655512,0.0017232815525574097,-0.030264823143491992,0.13529375899597373,False,-0.03259786947001542,0.1945815648080229,-0.021332529543062195,0.06087074906346168,0.9614839064303069,0.8231273531818061,0.8244246232859862,0.5830120507366183,0.8231273531818061,401580022.35797197,0.12881276153332885,81.22699890136718,77.40316594441732,71.87183284759521,True,True,True,True,True,False,dry_up,2,0,normal,False,False,,False,28.0,,0.033974652853898696,53.17081448589927,True,False,False,True,False,True,False,,Confirmed Uptrend,81.81,-0.0053,0.3367492959027234,0.9993134723312326,-0.11419701067688626,0.3964564982789067,0.5964511113768772,0.48940362087326944,,False,,,1,0.608,0.854
PBR-A,Petroleo Brasileiro S.A. Petrob,Energy,XLE,117417713664.0,2026-08-24,16.770000457763672,-0.026132338765068153,0.026315807904547572,0.045511190808577906,0.012124803521420313,-0.010793941810991248,False,0.00968977372030122,0.040864808377047535,-0.033179636450361816,-0.07774664274884902,0.9738676612349318,1.0053277178805604,1.0392766879567528,1.3787582916054255,1.0053277178805604,115695106.01121235,0.7547215984338113,16.489500093460084,15.949667739868165,17.005681037902832,True,True,False,True,False,False,distribution,3,4,normal,False,False,,False,116.0,분산4일,0.026748447547589073,55.525336319726804,True,True,False,True,False,True,False,,Confirmed Uptrend,16.44,0.02,0.3547586590975176,0.9899607938878676,0.29646422414392437,0.034577587887099526,0.7528680528267071,0.48935037273695425,,False,,,1,0.608,0.854
IBM,International Business Machines,Information Technology,XLK,210708348928.0,2026-08-24,231.0399932861328,-0.019687710174157935,0.009569530802750359,0.07590790477086484,0.04155085693648064,-0.1839788201164253,False,0.03904503219313127,-0.141364206173473,0.041548169433042625,-0.13953305366350943,0.760125960095066,0.6079138606801379,0.70721828601367,1.60772389946887,0.6079138606801379,1483952256.5807,0.14178892030897117,231.7002326965332,252.98250834147134,245.22849210103354,False,False,False,False,False,False,dry_up,0,0,normal,False,False,,False,54.0,,0.02615342158285611,46.51320512630995,True,True,True,False,False,True,False,,Confirmed Uptrend,282.81,-0.1831,0.8090896509773399,0.9094630889501736,-0.224686029376442,-0.1125876655081528,0.25677948437580084,0.48897763578274767,,False,,,1,0.608,0.854
WELL,Welltower Inc.,Real Estate,XLRE,168930902016.0,2026-08-24,240.00999450683594,0.0033023713824160694,0.02001696300038769,-0.029894287042414813,-0.06087274554866717,0.10222124670671517,False,-0.0631321535225412,0.15978192535825175,-0.02069194786052797,0.12338321217932968,0.9557505341627165,0.5367544216000045,0.7470928391270011,0.8189291126992084,0.5367544216000045,733176642.287014,0.35879412959398127,235.20985260009766,227.02057622273762,217.17595354715982,True,True,True,True,True,False,weak_rally,2,1,normal,False,False,,False,65.0,,0.019464094592474314,58.00038421822309,True,False,False,True,False,True,False,,Confirmed Uptrend,217.79,0.102,0.3434091640098418,0.9852206799546813,0.29847131438315233,0.11275641181015184,0.8105972333749067,0.4882854100106496,,False,,,1,0.608,0.854
OKE,"ONEOK, Inc.",Energy,XLE,57213280256.0,2026-08-24,93.0199966430664,-0.0033216027205211773,-0.024129280939167885,0.05219210049692169,0.018592371219504855,0.017102727720861077,False,0.016141781360939467,0.07021830995162137,-0.027001568161363787,-0.05173811103910786,0.9582775001082672,0.7852702085295783,0.916722514501011,1.019763167972968,0.7852702085295783,344961687.19354135,0.48044480815623697,91.16218566894531,89.07382494608561,87.81185366312663,True,True,True,True,True,False,dry_up,1,0,normal,False,False,,False,16.0,,0.024864089175409165,54.46113754307631,True,True,False,True,False,True,False,,Confirmed Uptrend,89.74,0.0366,0.3695752978339783,0.9899607938878676,0.11545247400272496,-0.008330548086872502,0.6076012141714078,0.4873269435569756,,False,,,1,0.608,0.854
GSAT,"Globalstar, Inc.",Communication Services,XLC,10738420736.0,2026-08-24,82.11000061035156,-0.003035454081438904,-0.011080310519945624,0.03897256584371278,0.005794976958065856,-0.024275073442814543,False,0.0033751758286129085,0.026679659209691398,-0.004132918914887651,0.00790431380767398,0.9754098397799965,0.5232681650234148,0.7301649527599644,1.0471052960868759,0.5232681650234148,78309049.8752983,0.16911442964691628,82.47449951171875,81.18166643778483,77.35608317057292,False,True,False,True,True,False,dry_up,0,1,normal,False,False,,False,15.0,,0.00927327764398798,50.94233914855063,True,True,False,True,False,True,False,,Confirmed Uptrend,84.18,-0.0246,0.2838889616812374,0.9408024526034724,1.611564877399013,0.1927171760549269,0.9377405705238819,0.4871139510117146,,False,,,1,0.608,0.854
RF,Regions Financial Corporation,Financials,XLF,26412097536.0,2026-08-24,30.6299991607666,0.007234439804616244,-0.03375399294702208,-0.003578419361437768,-0.03539722444448312,0.021892475854452087,False,-0.03771792293596132,0.07525819040117288,-0.026512205725268023,-0.04509663007328091,0.9453702999458643,1.2832324570863205,1.0208429006199382,1.3683961094688661,1.2832324570863205,240535049.0493347,0.24298915484823205,31.28050003051758,30.267250092824302,28.539205503463744,False,True,True,True,True,False,accumulation,1,1,normal,False,False,,False,151.0,,0.016941839440097577,44.87047015051874,True,False,False,True,False,True,False,,Confirmed Uptrend,27.98,0.0947,0.3759383938937461,0.9993134723312326,0.06072144772603916,0.006410895294890029,0.5916976189255836,0.48674121405750803,,False,,,1,0.608,0.854
OTIS,Otis Worldwide Corporation,Industrials,XLI,27389157376.0,2026-08-24,72.19000244140625,0.009791643566287922,0.023100977029639536,-0.007684448686898326,-0.03937213562747177,-0.0018324159764570025,False,-0.041683271042189385,0.0502943269220566,0.015598916046108968,0.010852080094370553,0.9683676668092971,0.8237162924990633,1.0054194428657526,1.1323103385597242,0.8237162924990633,228813020.83815613,0.7523851044504996,72.2742359161377,71.76560503641764,74.63720258076985,False,True,True,False,False,False,weak_rally,0,2,normal,False,False,,False,45.0,,0.019284313381892133,50.434103482838076,True,False,True,True,False,True,False,,Confirmed Uptrend,72.83,-0.0088,0.39123524873220245,0.9597340907832117,-0.29050445819606596,-0.265870761560993,0.12647428997739088,0.48663471778487755,,False,,,1,0.608,0.854
BRK-A,Berkshire Hathaway Inc.,Financials,XLF,1102296383488.0,2026-08-24,755631.0,0.016316072629455336,0.01101284452769602,0.013127480424756088,-0.019224795409387596,0.00237789085220963,False,-0.021584402488541765,0.054724506230148906,-0.010190811397563615,-0.06333195660876734,0.9518981122805692,1.2617114303560275,0.876951905059338,1.2871428571428571,1.2617114303560275,122736143.1,1.0,764719.25,745682.9333333333,732955.0083333333,False,True,True,True,True,False,accumulation,1,4,normal,False,False,,False,10.0,분산4일,0.015083325818327425,49.82243035763599,True,False,False,True,False,True,False,,Confirmed Uptrend,793815.0,-0.0481,0.23929086784031994,0.9993134723312326,-0.13549864669417522,-0.07544082890395876,0.3573969349575439,0.4863152289669862,,False,,,1,0.608,0.854
AA,Alcoa Corporation,Materials,XLB,11943750656.0,2026-08-24,49.38999938964844,-0.0474445353301306,-0.044865591489071655,0.12263712412295691,0.08678786862151866,-0.3085455903164199,False,0.08417320999603994,-0.27243615657350917,0.07675101067348722,-0.3167591607447724,0.7195847922099186,1.1023746996563248,0.9910883138986001,1.4256337093567888,1.1023746996563248,262525562.88062438,0.19225053525155972,48.75686073303223,54.369815572102866,59.86098515192668,True,False,False,False,False,False,distribution,2,4,normal,False,False,,False,9.0,분산4일,0.04938879938025832,48.826078735959904,True,True,True,False,False,True,False,,Confirmed Uptrend,54.08,-0.0867,0.3143411135955699,1.0,0.2828645942311139,-0.31833033334864025,0.49830642451578366,0.4850372736954207,,False,,,1,0.608,0.854
RTX,RTX Corporation,Industrials,XLI,290064498688.0,2026-08-24,209.22000122070312,-0.003287134626117849,-0.05603680835204594,-0.03893858951769602,-0.06962823563452913,0.0983380814357262,False,-0.07186657913176142,0.15569597173693683,-0.01638856163446145,0.11229552235186313,0.9278460070242263,0.7887850500333661,1.0592458426262847,0.8179007553385982,0.7887850500333661,1062114658.4950317,0.46890291262135925,218.5113899230957,199.02377471923828,193.51577072143556,False,True,True,True,True,False,dry_up,1,1,normal,False,False,,False,14.0,,0.02125350530055356,44.6142150554317,True,False,False,True,False,True,False,,Confirmed Uptrend,217.21,-0.0368,0.4608395130146003,0.9597340907832117,0.17126693401305015,-0.027914095380946358,0.6303533739955466,0.48301384451544194,,False,,,1,0.608,0.854
UNM,Unum Group,Financials,XLF,13631213568.0,2026-08-24,89.48999786376953,0.019596687780425004,-0.022074136436515124,0.03552418143798808,0.002456710070256829,-0.053963376906643656,False,4.494034101010236e-05,-0.0045590397854310405,0.011690403835078689,-0.11597983074433882,0.9588556317159802,0.7385917098951613,0.7797626799892089,1.42176166926586,0.7385917098951613,129112210.4281868,0.9153838479280252,89.37899894714356,88.57070299784343,82.70991802215576,True,True,True,True,True,False,weak_rally,0,1,normal,False,False,,False,44.0,,0.02398511895957383,51.04189531145181,True,True,True,True,False,True,False,,Confirmed Uptrend,90.05,-0.0062,0.25688491099711486,0.9993134723312326,0.08331584072444942,0.1313010694838337,0.6974075276349285,0.4822151224707135,,False,,,1,0.608,0.854
GOOG,Alphabet Inc.,Communication Services,XLC,4361806151680.0,2026-08-24,344.5899963378906,0.008310157535890594,0.00919602875561032,0.05517955908235517,0.02148443106581932,-0.06851514824782634,False,0.01902688331837732,-0.01987074007598144,0.011401669370055378,-0.03779479772007921,0.9180497954830408,0.9230198747413227,0.8276725291188095,1.1712495588319702,0.9230198747413227,6211799634.600754,0.5874711868319764,347.7195022583008,352.100298055013,344.48589884440105,False,False,False,True,False,False,weak_rally,0,0,normal,False,False,,False,78.0,,0.021910086167659878,48.28565367973573,True,True,True,True,False,True,False,,Confirmed Uptrend,382.99,-0.1003,0.3755555334733238,0.9408024526034724,0.35686962021700896,-0.05835982662825634,0.6811797736811832,0.48093716719914803,,False,,,1,0.608,0.854
GIL,"Gildan Activewear, Inc.",Consumer Discretionary,XLY,10255924224.0,2026-08-24,54.95000076293945,-0.02171973376848635,-0.01250721605751981,0.08900890360441305,0.05423350059148002,-0.10895543112703798,False,0.05169716319282447,-0.062422913044721584,0.020335923699283942,-0.09296486597178355,0.8906078816203845,0.6746933363538842,0.5364606359255987,1.295329912771965,0.6746933363538842,76853651.67059231,0.2430950870530116,55.73461208343506,54.55460529327392,56.22821283340454,False,True,False,False,False,False,dry_up,0,1,normal,False,False,,False,13.0,,0.027249690525730497,48.76753174650714,True,True,True,False,False,True,False,,Confirmed Uptrend,57.84,-0.0499,0.6096842690188659,0.9538536360667944,-0.20922648966298685,-0.34524496592986964,0.15822680858576366,0.47955271565495217,,False,,,1,0.608,0.854
DKNG,DraftKings Inc.,Consumer Discretionary,XLY,11649104896.0,2026-08-24,25.969999313354492,-0.0076423676865260415,0.026482217252896234,0.07714635652909707,0.04274976112181239,-0.1661902045160658,False,0.04024105198376238,-0.12264662573117502,0.009221429697024108,-0.1512267668525159,0.8955172177018791,0.502293325929324,0.6050107277510133,1.7205981943955866,0.502293325929324,308210231.4492319,0.538461743663069,24.49700002670288,25.31975008646647,24.6003333568573,True,True,True,True,False,False,dry_up,0,0,normal,False,False,,False,51.0,,0.0522773542879877,56.453722161539254,True,True,True,False,False,True,False,,Confirmed Uptrend,28.79,-0.098,0.32101465899440723,0.9538536360667944,-0.5753113158768851,-0.03085560816818178,0.21452996417852646,0.47838125665601705,,False,,,1,0.608,0.854
PNFP,"Pinnacle Financial Partners, In",Financials,XLF,15889730560.0,2026-08-24,101.33999633789062,-0.008996731655786738,-0.05598511617752189,-0.012047986663115351,-0.04359633241815497,0.046903825420540946,False,-0.04589730501003175,0.10157569357237195,-0.034786836214189876,-0.02172487369832221,0.9338561154832135,0.7050194496249685,0.894083682792529,1.1823853828861315,0.7050194496249685,105076886.21574554,0.0049234053428343786,105.1232421875,100.26156692504883,95.78809051513672,False,True,True,True,True,False,dry_up,0,0,normal,False,False,,False,18.0,,0.02155780071687369,43.344521473542464,True,False,False,True,False,True,False,,Confirmed Uptrend,104.25,-0.0279,0.4005806597910126,0.9993134723312326,-0.043098100000954376,0.0006053170437538835,0.5012436714447615,0.4761448349307774,,False,,,1,0.608,0.854
HSBC,"HSBC Holdings, plc.",Financials,XLF,364982501376.0,2026-08-24,104.08999633789062,-0.0005761419789646061,0.0027937695337851842,0.005988318892322431,-0.026135981561047683,0.1112292724575632,False,-0.02847896129920413,0.16926037215848422,-0.0171656569330505,0.03838378508824447,0.9697070753808418,1.0934359840614212,0.8250252852817235,0.5378675613038579,1.0934359840614212,128592316.08653107,0.670731026526112,103.72486305236816,98.35581537882487,92.2898634592692,True,True,True,True,True,False,distribution,0,1,normal,False,False,,False,95.0,,0.014497323840877005,57.57660101470765,True,False,False,True,False,True,False,,Confirmed Uptrend,89.34,0.1651,0.3350638890304935,0.9993134723312326,0.40320066429801904,0.12355965680465308,0.8477946159584949,0.4742279020234292,,False,,,1,0.608,0.854
BBIO,"BridgeBio Pharma, Inc.",Health Care,XLV,15686526976.0,2026-08-24,81.06999969482422,-0.005276077364120058,0.014770313107909105,-0.03625776215136589,-0.06703301532959549,0.15675276864158194,False,-0.06927760256155391,0.21716121621415008,-0.09859485670794965,0.05391409811470482,0.8990795313417768,0.4951233472409394,0.9686979136011532,0.939772269924721,0.4951233472409394,185643530.84547845,0.5986829226668808,82.41149978637695,76.87991695404052,73.78454173405966,False,True,True,True,True,False,dry_up,4,2,normal,False,False,,False,32.0,,0.035068447764863266,48.73299273806266,True,False,False,False,False,True,False,,Confirmed Uptrend,90.17,-0.1009,0.5517497112446247,0.9944216998611353,0.42291927217200076,0.13651827863953625,0.8588920970653728,0.4730564430244941,,False,,,1,0.608,0.854
NVT,nVent Electric plc,Industrials,XLI,24877457408.0,2026-08-24,153.35000610351562,0.009014412518030479,-0.1346425128738763,0.027195478598497136,-0.005606031676666845,-0.10040796262399254,False,-0.007998403584257519,-0.053429074913747154,0.05129725443850752,-0.08897614311183488,0.8329884770137045,1.1092132221923374,0.9273605333029051,1.38704235935972,1.1092132221923374,362692276.2226227,0.5856005859375,159.30350189208986,161.78937479654948,149.57788435618082,False,False,False,True,False,False,accumulation,1,1,normal,False,False,,False,16.0,,0.048482939965192706,43.8033903650947,True,False,True,False,False,True,False,,Confirmed Uptrend,153.83,-0.0031,0.30230618487483524,0.9597340907832117,0.476793045756992,0.21660984346356038,0.8998468048270718,0.4722044728434505,,False,,,1,0.608,0.854
TSM,Taiwan Semiconductor Manufactur,Information Technology,XLK,2096632168448.0,2026-08-24,410.1199951171875,-0.0210765409537218,-0.048379251559177994,0.02763787336317569,-0.005177763937196045,-0.06122312097089633,False,-0.007571166196680745,-0.012197905370361584,-0.005180330867232796,-0.010091288923745334,0.8587641368331577,0.8999669853004528,0.8890834019762902,1.2711567478206862,0.8999669853004528,4843778519.259064,0.5461536139830778,413.90600128173827,424.8013209025065,398.1650848388672,False,False,True,True,False,False,dry_up,0,1,normal,False,False,,False,45.0,,0.02741531660047672,45.8166916292684,True,False,False,False,False,True,False,,Confirmed Uptrend,462.12,-0.1125,0.4414204430278914,0.9094630889501736,0.526256005366539,0.00661506393030642,0.7880557881008924,0.4720979765708201,,False,,,1,0.608,0.854
CL,Colgate-Palmolive Company,Consumer Staples,XLP,73057288192.0,2026-08-24,92.55000305175781,0.01613967052207399,0.025939518800947692,0.006196995803667171,-0.025933968345167147,0.003635189330716493,False,-0.028277434098683996,0.056047463898139416,-0.017850438270811453,0.008332085157671143,0.9784566686164743,0.8743595376314905,0.9627692228812367,1.0393008591786812,0.8743595376314905,422023777.76916426,1.0,91.98049964904786,90.87985509236654,88.57016932169596,True,True,True,False,True,False,weak_rally,1,1,normal,False,False,,False,133.0,,0.019641871745672067,53.32905307800989,True,False,False,True,False,True,False,,Confirmed Uptrend,94.18,-0.0173,0.3759916879977054,0.9838065079008816,-0.08288483423396653,-0.1311830411637086,0.35501597444089456,0.47193823216187436,,False,,,1,0.608,0.854
RKT,"Rocket Companies, Inc.",Financials,XLF,36499644416.0,2026-08-24,14.09000015258789,0.011485990230212684,-0.0282758515456627,0.04447741969234986,0.011124043895797131,0.01120853020337087,False,0.008691421781461317,0.06401630308076744,0.020437573034554513,-0.05508020070070996,0.8889589787682619,0.6509770281904038,0.7388180096452023,0.8308188249800221,0.6509770281904038,380773032.01788485,0.9354853595358367,13.978000020980835,14.021166674296062,14.361083324750265,True,True,True,False,False,False,weak_rally,2,1,normal,False,False,,False,34.0,,0.0514295774133104,50.07838586343778,True,True,True,False,False,True,False,,Confirmed Uptrend,14.63,-0.0369,0.3604340666955097,0.9993134723312326,-0.36853043296357446,-0.29855121009556096,0.08630047894847745,0.47151224707135253,,False,,,1,0.608,0.854
NOC,Northrop Grumman Corporation,Industrials,XLI,77066346496.0,2026-08-24,549.280029296875,-0.003175870473398734,-0.03668885033724012,0.0031045913911651457,-0.02892762277558203,-0.041810207636017616,False,-0.03126388621795395,0.008228797591143922,0.026641106601280384,-0.02963374062698554,0.932342084461283,0.6370935524824981,1.1673844736779166,1.1933652309970997,0.6370935524824981,388383546.50599366,0.4929117156894574,562.8134979248047,542.3784993489584,589.7588353474935,False,True,True,False,False,False,dry_up,1,2,normal,False,False,,False,36.0,,0.023230419322371635,45.85032530210432,True,False,True,True,False,True,False,,Confirmed Uptrend,549.01,0.0005,0.3635376889326331,0.9597340907832117,-0.2155207873398186,-0.3103087635521008,0.16203880564714995,0.47082002129925454,,False,,,1,0.608,0.854
APG,APi Group Corporation,Industrials,XLI,17190488064.0,2026-08-24,40.720001220703125,-0.010689956956757563,-0.08944543584109299,0.019784645867506834,-0.012780213730120393,-0.07998971589773429,False,-0.015155325565595179,-0.0319445376020463,0.04371253637313677,-0.06829842575707912,0.910554564158907,0.8342867771363562,0.9204352144545074,1.2904499944024332,0.8342867771363562,115440751.73177795,0.35135344120997797,41.64000015258789,41.499000231424965,42.497500069936116,False,False,True,False,False,True,dry_up,0,1,normal,False,False,,False,88.0,,0.025663065937302568,43.569664922817886,True,False,True,True,False,True,False,,Confirmed Uptrend,46.75,-0.129,0.2813602157335886,0.9597340907832117,-0.05019789790469753,-0.17594442466370597,0.3442435632399925,0.4707135250266241,,False,,,1,0.608,0.854
CHKP,Check Point Software Technologi,Information Technology,XLK,12980052992.0,2026-08-24,130.5,-0.0003830183882721494,0.02747813404511379,-0.016949152542372836,-0.048340988999719614,0.021615902149525246,False,-0.05063054661576338,0.07496717334360659,-0.04834344455611117,0.07725968065782451,0.9343452546061234,0.5318641078877295,0.6822354939699531,1.1131060101092862,0.5318641078877295,150095200.60640106,0.4228824052597618,129.72749938964844,130.5635004679362,134.28950017293295,True,False,True,False,False,False,dry_up,1,0,normal,False,False,,False,19.0,,0.029551121336420703,50.34127932771634,True,False,False,True,False,True,False,,Confirmed Uptrend,137.64,-0.0519,0.3069992032139898,0.9094630889501736,-0.4104776885222845,-0.224830933158348,0.0996561366341483,0.46932907348242814,,False,,,1,0.608,0.854
HEI-A,Heico Corporation,Industrials,XLI,35951718400.0,2026-08-24,259.2300109863281,-0.006781567102191133,-0.04201771936707943,-0.0007324124260720266,-0.03264209926208306,-0.004251280113509726,False,-0.03496942619691301,0.04774914380711204,0.02271407259229563,0.008402477559143584,0.9426888984773061,0.8972058813017777,0.9466801523934782,0.9515975190197442,0.8972058813017777,59251054.60001831,0.13254488595887517,264.49649810791016,254.90587158203124,236.85034726460773,False,True,True,True,True,False,dry_up,2,3,normal,False,False,,False,41.0,분산3일,0.024863472604285456,47.26551476312471,True,False,True,True,False,True,False,,Confirmed Uptrend,257.34,0.0073,0.3503961825260382,0.9597340907832117,-0.09953685995821904,-0.1003197581975529,0.3636857961308253,0.468370607028754,,False,,,1,0.608,0.854
FANG,"Diamondback Energy, Inc.",Energy,XLE,57092534272.0,2026-08-24,205.60000610351562,-0.024297622852730294,-0.0033447438318549017,0.055833923903991334,0.02211790000651792,0.040018899234587346,False,0.01965882822197762,0.09433121976844872,-0.02363384808207558,-0.030372980954310957,0.9743152399810057,1.2383424883737757,1.0523546309924414,0.7760408860390812,1.2383424883737757,362945351.336998,0.2846499771450031,199.47296066284179,192.6125801086426,191.93412806193035,True,True,True,True,True,False,distribution,1,2,normal,False,False,,False,112.0,,0.027991440948773528,57.06812409191555,True,True,False,True,False,True,False,,Confirmed Uptrend,180.38,0.1398,0.32296334896066997,0.9899607938878676,0.28501678287590315,0.09414138703669073,0.792031345213078,0.4681576144834931,,False,,,1,0.608,0.854
PKG,Packaging Corporation of Americ,Materials,XLB,21904011264.0,2026-08-24,248.8800048828125,-0.015467338530661734,-0.01616791049592603,-0.01382886358084856,-0.045320340459678254,0.07606039590324287,False,-0.04761716533089455,0.132254891194725,-0.05413713387938668,0.06327821139022949,0.9667871342258981,1.029361019215595,0.9212136998679332,0.900061027889763,1.029361019215595,137504739.0651703,0.1111860641252209,252.84699935913085,237.83243153889973,225.33018468221027,False,True,True,True,True,False,distribution,0,2,normal,False,False,,False,19.0,,0.020969658644422292,50.825660675673376,True,False,False,True,False,True,False,,Confirmed Uptrend,253.24,-0.0172,0.5546174661765073,1.0,0.054172277939493974,0.049040292648632855,0.6231931796825614,0.4673056443024495,,False,,,1,0.608,0.854
LTM,LATAM Airlines Group S.A.,Industrials,XLI,15445169152.0,2026-08-24,53.15999984741211,0.031231826075257985,0.016637959775334776,0.016249253523344276,-0.016202710125342357,-0.004510825318983613,False,-0.018569587916273167,0.04747604451872345,0.04009419074933018,0.008139634109775917,0.905159207590007,0.8185296371223976,1.0601140109344314,0.8140539573402176,0.8185296371223976,38078626.325302124,0.7757579120398949,53.38049964904785,53.528499857584634,51.66240955988566,False,False,True,False,False,False,weak_rally,0,3,normal,False,False,,False,88.0,분산3일,0.032527152372870974,50.60250549900398,False,False,True,True,False,True,False,,Confirmed Uptrend,55.52,-0.0425,0.337232631206649,0.9597340907832117,-0.07041913199605465,-0.1854400249364152,0.3241621249138633,0.4673056443024495,,False,,,1,0.608,0.854
ASND,Ascendis Pharma A/S,Health Care,XLV,15998747648.0,2026-08-24,251.9499969482422,-0.00529036429945684,0.018391281988719754,-0.005800652005857665,-0.037548494367163565,0.1263447467772698,False,-0.039864017206040714,0.18516521337034764,-0.07010778344626534,0.026209437441004235,0.9089761296117403,0.6073313657477186,0.817757789996056,0.836938226350366,0.6073313657477186,135840973.50481033,0.5280177034894664,250.76350021362305,246.60699971516928,239.92695808410645,True,True,True,True,True,False,dry_up,2,2,normal,False,False,,False,41.0,,0.032677813474722595,49.87125937140443,True,False,False,True,False,True,False,,Confirmed Uptrend,261.58,-0.0368,0.45334639214576367,0.9944216998611353,0.12007735287560051,-0.007463807883666185,0.613371148052599,0.4669329073482428,,False,,,1,0.608,0.854
HUM,Humana Inc.,Health Care,XLV,43692417024.0,2026-08-24,386.6099853515625,0.020402186362779684,0.0059847201675207184,0.014325046681126219,-0.01806547112611967,0.013073308104890158,False,-0.0204278673763022,0.06597846422713571,-0.05128386186606104,-0.07699184235428558,0.9442869734549554,1.0169374483070466,0.8104423443791143,1.3099053915514332,1.0169374483070466,537153224.9923279,0.707550694409715,377.46399841308596,376.64796193440753,297.7896516164144,True,True,True,True,True,False,accumulation,1,0,normal,False,False,,False,70.0,,0.03430622487935482,53.79195071589525,True,False,False,True,False,True,False,,Confirmed Uptrend,304.13,0.2712,0.3092726225870309,0.9944216998611353,0.14090185412182255,0.9888199001423306,0.8040787502918683,0.46549520766773167,,False,,,1,0.608,0.854
LYG,Lloyds Banking Group Plc,Financials,XLF,89543049216.0,2026-08-24,6.039999961853027,0.0033222559783854244,-0.017886200294088384,-0.0013238366522283496,-0.03321463749405851,0.08865841322950918,False,-0.03554058698249829,0.14551080767611113,-0.02430951482490462,0.017292535227549477,0.972624786594257,1.0955455065587256,0.925843062620514,0.7064614724739724,1.0955455065587256,83626442.06225142,0.3518534870988821,6.084382128715515,5.801964871088663,5.480194135506948,False,True,True,True,True,False,accumulation,1,1,normal,False,False,,False,50.0,,0.01568810201780307,51.15302638642064,True,False,False,True,False,True,False,,Confirmed Uptrend,5.35,0.1295,0.3219707242919352,0.9993134723312326,0.15309275391806199,-0.006043083322820109,0.6407380704242196,0.46400425985090527,,False,,,1,0.608,0.854
IBN,ICICI Bank Limited,Financials,XLF,107563286528.0,2026-08-24,29.639999389648438,-0.00902709659448675,0.008163257626945475,-6.177265911222474e-05,-0.03199287508511106,0.04906960517705827,False,-0.03432176396191955,0.10385457562388445,-0.02307649868317807,-0.019701069397103366,0.9724409394618299,0.6994694258850447,0.674188945768493,0.929629148345399,0.6994694258850447,155164704.05618858,0.7954535602507304,29.88307132720947,28.697325229644775,27.665173292160034,False,True,True,False,True,False,dry_up,0,0,normal,False,False,,False,35.0,,0.013254280650085616,50.89174742934378,True,False,False,True,False,True,False,,Confirmed Uptrend,29.83,-0.0064,0.40336679917324364,0.9993134723312326,-0.24682718468282783,-0.11411916736102479,0.2441664531046226,0.46347177848775295,,False,,,1,0.608,0.854
NMR,Nomura Holdings Inc,Financials,XLF,28290693120.0,2026-08-24,9.760000228881836,0.004115222299809096,-0.005096859184111735,-0.0030643241152283895,-0.03489954584033672,0.08251973264815304,False,-0.03722144167647856,0.13905155024020477,-0.026009942971225053,0.011556269512177586,0.9721115802753935,0.7352715191497593,0.852122977609394,0.7775610465441448,0.7352715191497593,7712668.230516243,0.7333392673219485,9.744000005722047,9.296166674296062,8.646083331108093,True,True,True,True,True,False,weak_rally,0,1,normal,False,False,,False,,,0.01679596035182876,53.54114458980125,False,False,False,True,False,True,False,,Confirmed Uptrend,,,0.417653977539522,0.9993134723312326,0.1574294668956846,-0.005354488647483557,0.6454403079849425,0.4634185303514377,,False,,,1,0.608,0.854
HBAN,Huntington Bancshares Incorpora,Financials,XLF,34427871232.0,2026-08-24,17.040000915527344,0.0005872124767252185,-0.05069636817458778,-0.006992944810711221,-0.03870271359643751,-0.03706134912084069,False,-0.04101545954632768,0.013225653066795573,-0.029848141952159013,-0.10018579793500304,0.9181035240219572,0.9009504915951564,0.9250135728560068,1.886049492930036,0.9009504915951564,394661321.55445594,0.16883245562320723,17.423000240325926,17.373328717549644,16.611596496899924,False,False,True,True,True,False,weak_rally,1,1,normal,False,False,,False,23.0,,0.019932103957019033,40.75340773503898,True,False,False,True,False,True,False,,Confirmed Uptrend,18.27,-0.0673,0.4061634622147916,0.9993134723312326,-0.08034655576892036,-0.048322860689622105,0.43000028474939206,0.46288604898828545,,False,,,1,0.608,0.854
NGG,"National Grid Transco, PLC Nati",Utilities,XLU,80398516224.0,2026-08-24,80.41999816894531,0.008274774511509708,-0.010702457089231676,-0.009727877409598351,-0.041350311387478245,-0.04916391543031973,False,-0.04365668758978358,0.0004910612612736287,0.04663650126108676,-0.0009282514428087252,0.9574949424261838,0.6967757187509134,1.130309066024515,1.1013830203706954,0.6967757187509134,62711532.688884735,0.9850713976633492,80.47550048828126,81.50083363850912,83.11692288716634,False,False,False,False,False,False,weak_rally,2,1,normal,False,False,,False,123.0,,0.014042333694333872,46.766319203625144,True,False,True,True,False,True,False,,Confirmed Uptrend,91.32,-0.1194,0.4237223125597394,0.9176635341809471,0.020233347128152834,-0.1514797602643878,0.42010467387652123,0.4617678381256657,,False,,,1,0.608,0.854
SW,Smurfit WestRock plc,Materials,XLB,24112318464.0,2026-08-24,48.689998626708984,-0.014172925118240975,0.01840613319684148,-0.019085795124521465,-0.05040940201400801,0.10933225633747568,False,-0.052693983319508586,0.16726428923523762,-0.059179196208398954,0.09615484581226008,0.9672045308105988,0.9757733704827588,0.9249583129464112,0.7648643133904514,0.9757733704827588,231731344.54058456,0.010169061948001231,48.088708114624026,45.0917251586914,42.27097495396932,True,True,True,True,True,False,dry_up,2,1,normal,False,False,,False,19.0,,0.029068998112245503,55.15575771877719,True,False,False,True,False,True,False,,Confirmed Uptrend,50.34,-0.0328,0.3924340854617216,1.0,-0.03525077529548415,-0.025342495279521038,0.4812497081318732,0.46144834930777423,,False,,,1,0.608,0.854
BALL,Ball Corporation,Materials,XLB,17279399936.0,2026-08-24,64.41999816894531,0.013052335498754397,0.052958447983129986,-0.003865780223882065,-0.03567540899095012,0.1020710991554743,False,-0.03799543820956919,0.15962393673610697,-0.04458127665399991,0.08897994164285139,0.9630736845082799,0.8524361257803444,0.8750277693815695,0.6417234246396377,0.8524361257803444,119949538.44156647,0.7559766519067974,63.468499946594235,60.71416657765706,60.294992764790855,True,True,True,False,True,False,weak_rally,0,0,normal,False,False,,False,44.0,,0.018123259746292083,60.24845907378539,True,False,False,True,False,True,False,,Confirmed Uptrend,58.2,0.1069,0.3970983571903101,1.0,0.04534238986005623,-0.12072125109175225,0.45873559879949655,0.46070287539936106,,False,,,1,0.608,0.854
IONQ,"IonQ, Inc.",Information Technology,XLK,13601956864.0,2026-08-24,41.060001373291016,-0.08470796222378307,-0.12339877797753451,0.14309586487644932,0.10659329887177704,-0.31754882243090854,False,0.1039309911691142,-0.28190955940201334,0.10659044353996561,-0.2803781381380316,0.6711343767322173,0.833334179685988,0.8349235667988465,1.0864544317290428,0.833334179685988,847233789.7161633,0.039370965658725894,41.34549989700317,47.46383333206177,44.51700002352397,False,False,False,True,False,False,dry_up,1,0,normal,False,False,,False,11.0,,0.07121112625926845,47.141855433809255,True,True,True,False,False,True,False,,Confirmed Uptrend,44.43,-0.0758,0.30115996716100385,0.9094630889501736,-0.24842662476577704,-0.019918832502288986,0.3282903077001931,0.46001064962726307,,False,,,1,0.608,0.854
CCI,Crown Castle Inc.,Real Estate,XLRE,33343100928.0,2026-08-24,76.4000015258789,0.011786509925436839,0.02632991698267917,0.03062193924951573,-0.0022889884506598346,-0.19060430737168232,False,-0.004689340697314082,-0.14833569251371326,0.04039833013825045,-0.1750644112280898,0.8386664217810205,0.6645573321776178,0.6200934405857896,1.674864631871521,0.6645573321776178,272330517.75536424,0.7384634345307612,75.48750038146973,80.17359174092611,82.99791940053304,True,False,False,False,False,False,weak_rally,0,0,normal,False,False,,False,18.0,,0.028515325132247946,50.72477136392709,True,False,True,False,False,True,False,,Confirmed Uptrend,79.09,-0.034,0.3827261646979176,0.9852206799546813,-0.3503873066975848,-0.19639480064631631,0.13510037416070117,0.4584664536741214,,False,,,1,0.608,0.854
WY,Weyerhaeuser Company,Real Estate,XLRE,18047696896.0,2026-08-24,24.389999389648438,-0.0016373686053073877,0.012873732015139971,0.020075263291491785,-0.012498876614136623,-0.03378131638871518,False,-0.014874665307109014,0.016676977098761814,0.029751609321083228,-0.015230515918600807,0.9438854197222505,0.7740926253040991,0.8724729650056359,0.9124852662773123,0.7740926253040991,138763209.9611393,0.1669582998122821,24.78600025177002,24.33507719039917,24.069685856501263,False,True,True,False,True,False,dry_up,1,0,normal,False,False,,False,10.0,,0.023484435909643442,48.61544274863978,True,False,True,True,False,True,False,,Confirmed Uptrend,25.29,-0.0356,0.298142469462147,0.9852206799546813,-0.18177955047563787,-0.10974662709504501,0.2995474762661382,0.45793397231096916,,False,,,1,0.608,0.854
SYY,Sysco Corporation,Consumer Staples,XLP,40807825408.0,2026-08-24,83.86000061035156,-0.0028537201917236965,0.02455714323398528,-0.002735114015404272,-0.034580848431326694,0.021641197452516137,False,-0.03690351100857181,0.07499378962894232,-0.02656907664948316,0.026422359300935616,0.9828879619116874,0.4840019171399437,0.6073117642713629,0.9502874047072856,0.4840019171399437,303300991.8746765,0.07947190517332849,83.88699989318847,81.37222747802734,78.79265333811442,False,True,True,False,True,False,dry_up,1,0,normal,False,False,,False,40.0,,0.018312840680822406,54.088463944947485,True,False,False,True,False,True,False,,Confirmed Uptrend,82.27,0.0193,0.40388046335101896,0.9838065079008816,-0.08799477978471748,-0.13417841855223311,0.3488200554691816,0.45782747603833873,,False,,,1,0.608,0.854
NBIS,Nebius Group N.V.,Communication Services,XLC,48344756224.0,2026-08-24,210.91000366210938,-0.037511983925245906,-0.2155105119063957,0.12257823174776639,0.08673085686096305,-0.08529576605058065,False,0.08411633539775476,-0.037527682620074554,0.0760040675689031,-0.05512883993977713,0.7356726843141843,0.5819151775054195,0.960533918215359,0.6757667293227366,0.5819151775054195,6250337646.490965,0.7637481410081647,214.62500076293946,225.18400039672852,186.68270880381266,False,False,True,True,False,False,dry_up,2,2,normal,False,False,,False,8.0,,0.11060180670459006,47.652630018050495,True,True,True,False,False,True,False,,Confirmed Uptrend,259.2,-0.1863,0.2476797766283898,0.9408024526034724,1.413571823849483,0.7144016793053516,0.9735123837510606,0.4574547390841321,,False,,,1,0.608,0.854
WSM,"Williams-Sonoma, Inc.",Consumer Discretionary,XLY,26923939840.0,2026-08-24,237.77000427246094,0.0007997408870354938,-0.011022352203090002,0.014420431296616965,-0.017973132434710992,0.05119248273630039,False,-0.02033575083878658,0.10608831502086491,-0.04954899417200198,0.07005704066427221,0.9443562055176722,1.1568829005409442,0.9053255868553618,0.7580157114339912,1.1568829005409442,214349660.34158325,0.030993552861804254,241.67250137329103,227.79569676717122,206.10032844543457,False,True,True,True,True,False,accumulation,2,1,normal,False,False,,False,14.0,,0.025348627234782182,50.84892972319557,True,False,False,True,False,True,False,,Confirmed Uptrend,248.88,-0.0446,0.36797789857619784,0.9538536360667944,-0.008179435764177567,0.039290609466130944,0.5656822310684366,0.4571352502662407,,False,,,1,0.608,0.854
MCK,McKesson Corporation,Health Care,XLV,100240793600.0,2026-08-24,873.7899780273438,0.01733607310517793,0.016129402029068318,0.027915653644335015,-0.004908854034593069,0.06987549099708712,False,-0.007302903253449289,0.1257469954871695,-0.03857232704276181,-0.025239537992760352,0.968972087230788,0.5774766395676258,0.8263222142730677,0.7427792536475399,0.5774766395676258,899933320.4615784,0.8835723778721836,865.7955017089844,812.7176676432292,827.1749552408854,True,True,True,False,False,False,weak_rally,1,2,normal,False,False,,False,19.0,,0.03274976930440069,55.713704219199876,True,False,False,True,False,True,False,,Confirmed Uptrend,889.5,-0.0177,0.2919432415040131,0.9944216998611353,0.017336194419802498,-0.1846726153692132,0.39431890792913155,0.4568690095846645,,False,,,1,0.608,0.854
BRK-B,Berkshire Hathaway Inc. New,Financials,XLF,1103317041152.0,2026-08-24,504.32000732421875,0.01714331788640755,0.01222326275736485,0.014361025692145368,-0.018030641035558737,0.0006066129410673415,False,-0.020393121082035948,0.05286072787143259,-0.008985657590357632,-0.06498712022567577,0.9525896709679034,0.730859611611066,0.8291841783005617,1.026730619821446,0.730859611611066,2225240356.4594297,0.9778505309208906,510.1469955444336,497.34733225504556,488.696332804362,False,True,True,True,True,False,weak_rally,0,5,normal,False,False,,False,19.0,분산5일,0.01599465766040353,50.12125076472546,True,False,False,True,False,True,False,,Confirmed Uptrend,512.37,-0.0157,0.2576365041250845,0.9993134723312326,-0.13829229161430834,-0.07983601574750021,0.35270563177347614,0.4558572949946752,,False,,,1,0.608,0.854
VTR,"Ventas, Inc.",Real Estate,XLRE,47965581312.0,2026-08-24,93.47000122070312,0.004405799192625404,0.025227630777130416,-0.06632703375452631,-0.09614208262694701,0.08019984955505888,False,-0.09831663754065256,0.13661051720046458,-0.057470292467894035,0.10093901783738657,0.9297722307339003,0.6115452030616942,0.8979435376023526,1.0195172522709948,0.6115452030616942,322064224.8206711,0.4707532494028239,92.21499938964844,89.61434860229492,87.2708984375,True,True,True,True,True,False,weak_rally,1,1,normal,False,False,,False,35.0,,0.021714360341934556,54.285359965818635,True,False,False,True,False,True,False,,Confirmed Uptrend,92.21,0.0137,0.26294677665381855,0.9852206799546813,0.2689355488888361,0.07923752793398009,0.7728237458213026,0.45580404685835996,,False,,,1,0.608,0.854
GGG,Graco Inc.,Industrials,XLI,12855894016.0,2026-08-24,80.16000366210938,-0.005952328015526698,-0.017044749695058092,-0.00348084001490212,-0.035302761106540514,0.04652375031956213,False,-0.03762368686351214,0.1011757700237097,0.01990115680522231,0.059822746010693706,0.9595403732777583,1.2629985750964803,1.0932448056508377,0.5832952708011366,1.2629985750964803,115794276.03629151,0.012348295398352619,81.79500045776368,77.11257044474284,79.7680658976237,False,True,True,False,False,False,distribution,1,4,normal,False,False,,False,22.0,분산4일,0.017732399706071444,49.26129535359013,True,False,True,True,False,True,False,,Confirmed Uptrend,77.75,0.031,0.41889826965290267,0.9597340907832117,-0.19006101788412877,-0.2078544283785162,0.2258247196642235,0.4554845580404686,,False,,,1,0.608,0.854
PM,Philip Morris International Inc,Consumer Staples,XLP,297414623232.0,2026-08-24,191.4600067138672,0.01715991637700265,0.03761111142810658,-0.02146579203532717,-0.052713398304920944,0.02930277656778446,False,-0.05499243651967756,0.08305547507017286,-0.04485210401378614,0.03411979371438134,0.956487028352137,0.9375084740021036,1.0473177012318515,1.0818733601502641,0.9375084740021036,944748369.9397491,0.5325481373182208,189.66450119018555,184.28779017130535,176.19753341674806,True,True,True,True,True,False,weak_rally,2,1,normal,False,False,,False,19.0,,0.02260822429141706,54.450207220181056,True,False,False,True,False,True,False,,Confirmed Uptrend,200.17,-0.0435,0.4086076539960002,0.9838065079008816,-0.025015002973814426,-0.03666356949361771,0.4793628447603265,0.4554845580404686,,False,,,1,0.608,0.854
PCAR,PACCAR Inc.,Industrials,XLI,69838102528.0,2026-08-24,129.94000244140625,-0.008318677768795357,-0.006878583932088844,-0.023650574883435915,-0.05482841431844532,0.067981181357045,False,-0.05710236410240266,0.12375376038294972,-0.0007418340683097435,0.08155285340437302,0.9426529891596126,0.48003312007432175,0.7445094663992377,0.6575066810340838,0.48003312007432175,456230715.99396974,0.22910417089866356,131.68754959106445,124.48096911112468,120.79845434824625,False,True,True,True,True,False,dry_up,0,0,normal,False,False,,False,14.0,,0.022691429085741205,51.32852927267628,True,False,False,True,False,True,False,,Confirmed Uptrend,135.6,-0.0417,0.3942893669539757,0.9597340907832117,0.17860762767232852,-0.0333706830901398,0.6322894420620412,0.45527156549520764,,False,,,1,0.608,0.854
WMG,Warner Music Group Corp.,Communication Services,XLC,13541138432.0,2026-08-24,27.760000228881836,0.02322156607458714,0.06050640002436625,0.012877689094996425,-0.019466610133875295,-0.055888937417371,False,-0.021825635440842484,-0.006585157756934357,-0.029145156574807762,-0.024752174725948817,0.9577244586861489,0.43419349023131937,0.7995324291265101,1.3932293590499534,0.43419349023131937,64467747.270971775,0.8345158461222825,26.35272159576416,27.565752506256104,28.018236494064332,True,True,False,False,False,False,weak_rally,2,3,normal,False,False,,False,18.0,분산3일,0.030871986979000086,57.902572386199424,True,False,False,True,False,True,False,,Confirmed Uptrend,28.99,-0.0423,0.27464178945526974,0.9408024526034724,-0.2933214400220584,-0.1392386944380254,0.19781859185730638,0.45484558040468587,,False,,,1,0.608,0.854
SBAC,SBA Communications Corporation,Real Estate,XLRE,19195283456.0,2026-08-24,185.07000732421875,0.013582403395960174,0.023265365076001077,0.07958319692508664,0.04510878571063248,-0.1180511488940863,False,0.042594401091500034,-0.07199363135186865,0.08982403008427142,-0.10111827703058329,0.9099411845731268,0.8735432220061644,0.661920515131074,0.9217394323930378,0.8735432220061644,203090315.45002443,0.9235312333107444,181.34794082641602,185.64290568033854,192.5462266286214,True,False,False,False,False,False,weak_rally,0,0,normal,False,False,,False,18.0,,0.026807620567918813,54.586235357659305,True,True,True,True,False,True,False,,Confirmed Uptrend,185.01,0.0003,0.31761525076314473,0.9852206799546813,-0.3191953981693435,-0.1910526401929219,0.14749221210412716,0.45484558040468587,,False,,,1,0.608,0.854
FCNCA,"First Citizens BancShares, Inc.",Financials,XLF,24906831872.0,2026-08-24,2183.050048828125,-0.00022440176301297132,-0.028970049014257926,0.021376810228465493,-0.01123889207313955,-0.006091212754730457,False,-0.013617712111550384,0.04581312540106097,-0.0021313493878073464,-0.07124587687495165,0.9527435918855127,1.0132779664851843,0.9491193495916409,1.0028694213365372,1.0132779664851843,116479883.13218994,0.09096377992229603,2216.3804931640625,2128.3358357747397,2029.2365061442058,False,True,True,True,True,False,distribution,0,1,normal,False,False,,False,22.0,,0.020989309710405628,49.29599494241146,True,False,False,True,False,True,False,,Confirmed Uptrend,2212.77,-0.0134,0.45062324836268924,0.9993134723312326,-0.047444570350842374,0.011813509823641155,0.5103832157318344,0.45436634717784874,,False,,,1,0.608,0.854
COST,Costco Wholesale Corporation,Consumer Staples,XLP,422143066112.0,2026-08-24,971.4000244140625,0.024964689074517654,0.018772967398072993,0.020828524105448443,-0.011769669734259525,-0.03887038531869913,False,-0.014147212796335018,0.01132214459164671,-0.003568593692708011,-0.034372410631931305,0.9860790240261154,1.177145922015596,1.1287410903513833,1.0669707515121385,1.177145922015596,1784844383.0312805,0.8660879119137731,954.0825012207031,950.2443206787109,977.0557754516601,True,True,False,False,False,False,accumulation,3,1,normal,False,False,,False,66.0,,0.01851339104903542,57.67045765948899,True,False,False,True,True,True,False,,Confirmed Uptrend,1092.58,-0.1109,0.36945109861794917,0.9838065079008816,-0.17494206755042085,-0.12625039159149665,0.29019220583964056,0.4526624068157615,,False,,,1,0.608,0.854
PBR,Petroleo Brasileiro S.A. Petrob,Energy,XLE,125020700672.0,2026-08-24,18.600000381469727,-0.02872058736379013,0.019178103094231513,0.03333335452609587,0.00033584299849120924,-0.01713499144609243,False,-0.0020708242231339824,0.03419261368241333,-0.044440902905837354,-0.08365850940803043,0.9587629251138535,1.2158376596442846,1.159475766359308,1.2313411625978907,1.2158376596442846,301903139.85395086,0.6000011737571379,18.46599998474121,17.838492552439373,18.88580010732015,True,True,False,True,False,False,distribution,4,3,normal,False,False,,False,116.0,분산3일,0.02801459997706787,53.50833920113979,True,True,False,True,False,True,False,,Confirmed Uptrend,17.92,0.0382,0.36118360969598956,0.9899607938878676,0.38202212887195297,0.08282380313198145,0.8175168714014796,0.4523961661341853,,False,,,1,0.608,0.854
AIT,Applied Industrial Technologies,Industrials,XLI,12758802432.0,2026-08-24,338.75,-0.00840113330076886,-0.05582808085023239,-0.02884609243484637,-0.05985802301813459,0.025330620572851403,False,-0.06211987227157534,0.07887588341251672,-0.006059257529555273,0.03836029859097545,0.9359027174344696,0.7391568870601304,0.9620352752344674,0.9427497842356246,0.7391568870601304,92806715.73583984,0.2882258119316101,350.43590545654297,334.803146870931,310.13161010742186,False,True,True,True,True,False,dry_up,2,4,normal,False,False,,False,6.0,분산4일,0.02392092434347815,43.00311964342208,True,False,False,True,False,True,False,,Confirmed Uptrend,361.95,-0.0641,0.3491551616400856,0.9597340907832117,0.14699584612331384,0.14560505683213565,0.7474391348174472,0.4519701810436635,,False,,,1,0.608,0.854
WBS,Webster Financial Corporation,Financials,XLF,12512222208.0,2026-08-20,77.56999969482422,0.0,-0.018349747024058116,0.006226532361341741,-0.013420290181238914,0.03821600911857814,True,0.004103482533522218,0.07295443998820406,-0.009675230630281861,-0.03259820018219017,0.9810294674871716,0.0,2.6933604003003357,0.1935205190407786,0.0,791117288.6217308,0.5,77.19650001525879,74.86866671244303,72.65827204386393,True,True,True,True,True,False,dry_up,2,6,normal,False,False,,False,14.0,분산6일,0.010299464871716674,55.2935308197694,True,False,False,True,False,True,False,,Confirmed Uptrend,76.58,0.0129,0.2695923874208026,0.9775146310275542,0.16285305669580974,0.09452637411177345,0.734487593468988,0.45186368477103306,,False,,,1,0.608,0.854
ONTO,Onto Innovation Inc.,Information Technology,XLK,12862691328.0,2026-08-24,282.9100036621094,-0.03552307430931256,-0.1943558471586958,0.07845087539839612,0.0440126226921973,-0.10163580717366916,False,0.04150087528698099,-0.054721040496990336,0.04400992883668908,-0.05270511016686097,0.7475491994629487,0.5751642402912787,0.748025915520695,0.9173669126981165,0.5751642402912787,358043778.13832855,0.778984870190326,291.8785003662109,298.7923324584961,272.82458318074544,False,False,True,True,False,False,dry_up,2,1,normal,False,False,,False,36.0,,0.08462267711970664,45.79476178332423,True,True,True,False,False,True,False,,Confirmed Uptrend,307.58,-0.0802,0.3060860629057321,0.9094630889501736,1.199027793047918,0.17440134393380435,0.9281313036396668,0.4510649627263046,,False,,,1,0.608,0.854
ERIC,Ericsson,Information Technology,XLK,32212924416.0,2026-08-24,10.15999984741211,-0.0058708823922705156,-0.000983306667336814,0.0506721579371443,0.01712096509951011,-0.19335814736035872,False,0.014673915236940838,-0.15123334473529637,0.017118340632281903,-0.14942323944695868,0.8273615690831827,0.47305847926007355,0.43619438124729776,1.5600951905059826,0.47305847926007355,104751597.08026505,0.3684184108818953,10.086500072479248,10.876833407084147,11.331886061032613,True,False,False,False,False,False,dry_up,1,0,normal,False,False,,False,56.0,,0.01627529992601783,48.22197937748982,True,True,True,False,False,True,False,,Confirmed Uptrend,13.16,-0.228,0.6976294394192473,0.9094630889501736,0.0676860595807709,-0.2142632617926301,0.41621363038389914,0.4508519701810437,,False,,,1,0.608,0.854
ASX,"ASE Technology Holding Co., Ltd",Information Technology,XLK,77332340736.0,2026-08-24,36.2400016784668,-0.007395142576798297,-0.09195685750380389,-0.008481465528443088,-0.04014370127042588,-0.041277037869043465,False,-0.04245298040681911,0.008789810782217744,-0.040146177978198305,0.010941186263324854,0.8112713103807999,0.7784575302136919,0.9114567927028193,1.3968482970140341,0.7784575302136919,302202791.2640535,0.467007730082258,36.886499881744385,38.45277274449666,32.91551275253296,False,False,True,True,False,False,dry_up,0,1,normal,False,False,,False,41.0,,0.04950133376805562,45.14141286219651,True,False,False,False,False,True,False,,Confirmed Uptrend,41.43,-0.1253,0.36209127652960404,0.9094630889501736,2.287010615038061,0.45578101914766567,0.9763222907519092,0.4496272630457934,,False,,,1,0.608,0.854
SNDK,Sandisk Corporation,Information Technology,XLK,179903873024.0,2026-08-24,1493.1199951171875,-0.06450802201163175,-0.1643842429314364,0.16811529844545925,0.13081378499174634,-0.23511890405897662,False,0.1280932062089808,-0.1951749498831309,0.13081086716405244,-0.19345855578309545,0.6394518180373394,0.8267570815783811,0.8059252276340055,0.8908953702266118,0.8267570815783811,23165891674.666077,0.7622468561733489,1391.875994873047,1657.6149963378907,1322.5429972330728,True,False,True,True,False,False,dry_up,3,1,normal,False,False,,False,78.0,,0.08999865606142982,49.652613588819165,True,True,True,False,True,True,False,,Confirmed Uptrend,1187.0,0.2579,0.3456778370638797,0.9094630889501736,25.8579688994119,0.979965737248019,0.9961661341853035,0.4463258785942492,,False,,,1,0.608,0.854
TER,"Teradyne, Inc.",Information Technology,XLK,57558986752.0,2026-08-24,364.8999938964844,-0.028849727523357238,-0.17655823930507464,0.09000210852706392,0.055194989426828656,-0.07785562046645444,False,0.05265633882138343,-0.029698994508422283,0.05519226671756994,-0.02762970141069576,0.7541749269559265,0.7593932294817721,0.7774859222597512,0.6982641489611447,0.7593932294817721,1304806385.553636,0.844761934119991,381.1884994506836,384.48249867757164,361.452109781901,False,False,True,True,False,False,dry_up,0,1,normal,False,False,,False,45.0,,0.07083934906457581,45.86882377049473,True,True,True,False,False,True,False,,Confirmed Uptrend,437.92,-0.1667,0.38446363816552626,0.9094630889501736,1.730358765099035,0.009603504099526594,0.831681217360601,0.446272630457934,,False,,,1,0.608,0.854
LULU,lululemon athletica inc.,Consumer Discretionary,XLY,13498155008.0,2026-08-24,122.77999877929688,0.014124052934525233,0.06082599831921276,0.04200964840295529,0.008735076132111663,-0.028722123322603155,False,0.006308201537921665,0.022000373551611663,-0.02369955508370447,-0.011291702091809075,0.9548918730038702,1.0455391054778558,1.0994468143680027,0.9308286204227361,1.0455391054778558,315806933.6269913,0.7767540955287479,121.41750068664551,118.61666666666666,133.58133328755696,True,True,False,False,False,False,accumulation,3,5,normal,False,False,,False,169.0,분산5일,0.033480269263142834,54.36222105963426,True,True,False,True,False,True,False,,Confirmed Uptrend,215.11,-0.4292,0.33918520762366094,0.9538536360667944,-0.5094636503397021,-0.410600937321954,0.026924535716116246,0.4460596379126731,,False,,,1,0.608,0.854
AER,AerCap Holdings N.V.,Industrials,XLI,23719073792.0,2026-08-24,147.55999755859375,0.008681415891358402,-0.019209035880822567,-0.02274523071892076,-0.05395198057705164,0.034130070248327815,False,-0.05622803893721595,0.08813486178660423,0.00018475279301011227,0.04727156975476765,0.9530815046252653,0.7221803881300185,0.9023066893535331,0.8101020631578948,0.7221803881300185,161902947.389682,0.6159993489583333,150.62547225952147,146.56017201741537,143.1510144551595,False,True,True,False,True,False,weak_rally,0,3,normal,False,False,,False,17.0,분산3일,0.02189047709331499,46.01986318661915,True,False,True,True,False,True,False,,Confirmed Uptrend,152.46,-0.0321,0.3538713210465079,0.9597340907832117,0.09634081712480502,-0.054103991036188015,0.5528156589385682,0.44456869009584665,,False,,,1,0.608,0.854
PSO,"Pearson, Plc",Communication Services,XLC,10171038720.0,2026-08-24,16.639999389648438,0.02211294151223453,0.030340543819948218,0.0008009480140918068,-0.031157703735883113,0.05333552951767517,False,-0.03348860191739156,0.1083432769258923,-0.040720850952738585,0.08807451279716072,0.9497396807149269,0.5499215634674606,0.6686460443239698,0.695316794488652,0.5499215634674606,12102657.398049355,0.7774874655744651,16.463411569595337,16.012077029546102,14.941074220339457,True,True,True,True,True,False,weak_rally,1,1,normal,False,False,,False,,,0.01612361027749629,57.40544516310922,False,False,False,True,False,True,False,,Confirmed Uptrend,,,0.42055826376112676,0.9408024526034724,-0.04472878076295095,0.22182075878315088,0.6290337314129835,0.44398296059637915,,False,,,1,0.608,0.854
AEG,Aegon Ltd. New York Registry Sh,Financials,XLF,13958133760.0,2026-08-24,9.1899995803833,0.02224692039566767,-0.02648305202465373,0.0032750800732455065,-0.028762578321376187,0.06890525301575079,False,-0.031099238837471566,0.12472608931482676,-0.019816447446470598,-0.001165726967842895,0.9643231729155686,0.7765441183939867,0.9307016771400605,0.6442189386778805,0.7765441183939867,41604254.77285872,0.42856948228882835,9.339999914169312,8.830690224965414,8.183789424101512,False,True,True,True,True,False,weak_rally,0,1,normal,False,False,,False,,,0.015311654717520782,49.76152568084277,False,False,False,True,False,True,False,,Confirmed Uptrend,,,0.27706770499873296,0.9993134723312326,-0.0044042673692488155,0.17297154133674342,0.643648437010587,0.4432907348242811,,False,,,1,0.608,0.854
ORLY,"O'Reilly Automotive, Inc.",Consumer Discretionary,XLY,72924413952.0,2026-08-24,90.68000030517578,0.017618670004159398,0.004987220785774404,0.0009935309738775544,-0.030971270542198948,-0.02995366642907571,False,-0.03330261725572736,0.02070451626392633,-0.062129193193218635,-0.012545346304077443,0.9695285094481157,0.6942609163984101,0.8894053818066736,1.384924737684062,0.6942609163984101,515193370.2110542,0.659574053632881,91.09900093078613,88.9200003306071,90.56491661071777,False,True,True,False,False,False,weak_rally,0,1,normal,False,False,,False,40.0,,0.02270148114172598,51.61928014461341,True,False,False,True,False,True,False,,Confirmed Uptrend,89.55,0.0126,0.5042528280725024,0.9538536360667944,-0.2772577145969316,-0.1579880236986444,0.18911596703741038,0.4428115015974441,,False,,,1,0.608,0.854
SNA,Snap-On Incorporated,Industrials,XLI,21229328384.0,2026-08-24,394.489990234375,0.002796145161235275,-0.01067349124364414,-0.025728859749145627,-0.056840333157631706,-0.00542019387451198,False,-0.059109442548078484,0.046519186521890576,-0.002868883124486188,0.007218709496873865,0.9466446804582597,0.7663524126192827,0.9343903668338709,1.0289589805363597,0.7663524126192827,129982690.3515503,0.3646954452890296,405.01312866210935,396.32569681803386,381.66547876993815,False,False,True,True,True,False,weak_rally,0,1,normal,False,False,,False,45.0,,0.01616865582819101,42.47365876311172,True,False,False,True,False,True,False,,Confirmed Uptrend,384.86,0.025,0.4062038856440923,0.9597340907832117,0.09188257979543235,-0.023949144827312363,0.580283496494735,0.4401490947816826,,False,,,1,0.608,0.854
PFG,Principal Financial Group Inc,Financials,XLF,24343697408.0,2026-08-24,111.88999938964844,0.010293448213529954,-0.0095600762979966,0.005391306219653114,-0.026713929783254597,-0.016826929448650385,False,-0.02905551905934578,0.03451676342783916,-0.017748928673811504,-0.08127782474797096,0.9695000072717561,0.5632358823926358,0.6638099919549628,1.13137100843992,0.5632358823926358,139180962.27755052,0.6949141583727376,113.47049942016602,110.59483337402344,102.39690685272217,False,True,True,True,True,False,weak_rally,0,0,normal,False,False,,False,19.0,,0.018532226362791754,48.329785923364255,True,False,False,True,False,True,False,,Confirmed Uptrend,114.09,-0.0193,0.4720252803309895,0.9993134723312326,0.22642925324112428,0.10268590220903961,0.768481887091171,0.4395633652822151,,False,,,1,0.608,0.854
NOK,Nokia Corporation Sponsored,Information Technology,XLK,51024363520.0,2026-08-24,9.960000038146973,-0.02448579814553775,-0.07606676392729461,0.0732758970627756,0.039002897327979014,-0.3186753661274285,False,0.03650320261677331,-0.2830949339547667,0.039000216399016185,-0.28156604065619606,0.6720647937412194,0.6016315919266374,0.9523299287885877,1.4265270912849632,0.6016315919266374,784019485.778718,0.7647043423951052,9.752500009536742,11.894666639963786,11.303416653474171,True,False,False,True,False,False,dry_up,2,1,normal,False,False,,False,62.0,,0.048372058661256566,45.52179247748216,True,True,True,False,False,True,False,,Confirmed Uptrend,16.46,-0.3949,0.3596171395815453,0.9094630889501736,0.8257291651939902,0.1042643206036562,0.8852678637531108,0.4386581469648563,,False,,,1,0.608,0.854
KHC,The Kraft Heinz Company,Consumer Staples,XLP,30652352512.0,2026-08-24,25.670000076293945,0.0035183797050946097,0.03717172025430071,-0.020976325380009375,-0.05223956182502565,0.021544977044359648,False,-0.05451974002365123,0.07489254435666726,-0.044374335283600796,0.026325688592472973,0.9293989607643481,0.7722182913124167,0.7319761276655364,1.0032156973188486,0.7722182913124167,373291126.0370331,0.2095460560790827,25.664499855041505,24.7225243250529,23.55949633916219,True,True,True,True,True,False,weak_rally,0,0,normal,False,False,,False,14.0,,0.02862846539658909,52.85341473405064,True,False,False,True,False,True,False,,Confirmed Uptrend,26.64,-0.0364,0.3156189597732411,0.9838065079008816,-0.1526663685014661,-0.005261509603218584,0.4199839401342878,0.4386581469648562,,False,,,1,0.608,0.854
URI,"United Rentals, Inc.",Industrials,XLI,67175829504.0,2026-08-24,1083.56005859375,-0.013609298994976538,-0.06976175841956866,-0.03766272091199385,-0.06839310943672461,-0.020877483201503177,False,-0.07063442447372081,0.030254679890357794,-0.015082756468701497,-0.008435007693405994,0.9302382415804313,0.8967939800960114,0.9823726303254751,1.2644656430792907,0.8967939800960114,500743060.13942873,0.05498234790580822,1119.35009765625,1088.8517954508463,963.9913269042969,False,False,True,True,True,False,dry_up,1,1,normal,False,False,,False,22.0,,0.026470616361145307,44.6650253406024,True,False,False,True,False,True,False,,Confirmed Uptrend,1137.75,-0.0476,0.4132631481813751,0.9597340907832117,0.09800861203351463,0.19047591934830055,0.7281167244707932,0.43849840255591055,,False,,,1,0.608,0.854
RDY,Dr. Reddy's Laboratories Ltd,Health Care,XLV,9871050752.0,2026-08-24,12.220000267028809,0.003284069035370152,0.009083452805129566,0.03823277755000509,0.00507881237943808,-0.11215714455826165,False,0.0026607342411471002,-0.06579182775109704,-0.02892253876191131,-0.19108894516906738,0.8001666451954185,0.7938338473647841,0.9953431263021401,1.686605986726263,0.7938338473647841,31553691.049812794,0.7500019868233873,12.118499994277954,12.91491068204244,13.201101994514465,True,False,False,False,False,False,weak_rally,1,1,normal,False,False,,False,,,0.018178627476725537,46.34863988991055,False,True,False,False,False,True,False,,Confirmed Uptrend,,,0.9524187581242739,0.9944216998611353,-0.2995536129821651,-0.2580244891973995,0.12111940681006646,0.43631522896698616,,False,,,1,0.608,0.854
ZION,Zions Bancorporation N.A.,Financials,XLF,10171948032.0,2026-08-24,67.87000274658203,-0.003962381060828468,-0.0518301060291827,-0.002830925113371463,-0.03467359998631514,-0.008797880028544536,False,-0.036996039416375415,0.04296510936842912,-0.025781915915289444,-0.07377511137085513,0.9320150319175229,1.0230609359982923,1.1243834751902693,1.1977218738875552,1.0230609359982923,95651847.93321419,0.1879230714088214,69.96056747436523,68.23739223480224,63.49358364741008,False,False,True,True,True,False,distribution,1,3,normal,False,False,,False,43.0,분산3일,0.01912944604813747,40.93694223457953,True,False,False,True,False,True,False,,Confirmed Uptrend,68.03,-0.0024,0.38427807995532776,0.9993134723312326,0.1277860746487407,0.08151541762108283,0.6990214871891248,0.436261980830671,,False,,,1,0.608,0.854
IBKR,"Interactive Brokers Group, Inc.",Financials,XLF,149250588672.0,2026-08-24,93.05000305175781,-0.008735481738910256,-0.013569370873005582,0.008453521589566693,-0.023749500366466503,0.009630518955378031,False,-0.026098221642433805,0.062355884241172,-0.014757193705425053,-0.0565547670509815,0.9552407304543864,0.8032416185406699,0.8166802261299475,0.9125391153426259,0.8032416185406699,412378790.6151962,0.2445436524462361,90.11950035095215,91.08519999186198,83.20237201054891,True,True,True,True,False,False,dry_up,1,0,normal,False,False,,False,37.0,,0.03009903512496523,54.444161331723656,True,False,False,True,False,True,False,,Confirmed Uptrend,93.25,-0.0021,0.32851776236730135,0.9993134723312326,0.25499603015655525,0.1804380609456102,0.812828074012062,0.43610223642172524,,False,,,1,0.608,0.854
EQIX,"Equinix, Inc.",Real Estate,XLRE,100574085120.0,2026-08-24,1055.199951171875,-0.009564632046908272,-0.03404499924124427,0.012850510133838755,-0.019492921187227452,-0.02039410824396215,False,-0.021851883193504174,0.030763297865743278,0.0224583227776618,-0.0015862816664484747,0.950088626378512,1.0169281633400713,0.7968001217723554,0.7782317052540066,1.0169281633400713,650814918.7173828,0.5526240194453651,1052.4016021728517,1050.1844797770182,1037.1083882649739,True,True,True,True,True,True,distribution,1,2,normal,False,False,,False,8.0,,0.025791014542118063,50.04151810742428,True,False,True,True,False,True,False,,Confirmed Uptrend,1064.09,-0.0084,0.3433174483226622,0.9852206799546813,0.21419196632271542,0.06421747138612655,0.7328820624967965,0.43546325878594255,,False,,,1,0.608,0.854
CTVA,"Corteva, Inc.",Materials,XLB,52642820096.0,2026-08-24,82.80999755859375,0.012470921037399885,0.08946185016776931,-0.054464537254320544,-0.0846583921173707,0.06620004066930885,False,-0.08686057517389056,0.12187960418941901,-0.09311188516555269,0.05353498422870073,0.914926478887415,1.7431965707444728,1.005860707990503,1.0750164252269507,1.7431965707444728,421988956.1015488,0.5283020349407839,79.57299995422363,81.11283365885417,80.85279439290365,True,True,False,True,False,False,accumulation,2,1,interest,True,False,surge,False,19.0,,0.023634151838525276,57.372613970496644,True,False,False,True,False,True,False,,Confirmed Uptrend,88.95,-0.069,0.2528311892024374,1.0,0.05040510440511392,0.07715460247385186,0.6425673005188135,0.43482428115015975,,False,,,1,0.608,0.854
OKTA,"Okta, Inc.",Information Technology,XLK,24668477440.0,2026-08-24,130.97000122070312,-0.03085687574203677,-0.08566045658973742,-0.04700568870958355,-0.07743772754275291,0.07433497440992043,False,-0.07965728250179105,0.13043936398767886,-0.077440108021116,0.1328501729635112,0.8452404246542252,0.9187093877282428,1.0603654960033533,0.8788922279576922,0.9187093877282428,365919760.7292557,0.3029009684338237,143.15750122070312,135.62066764831542,107.11945883433025,False,False,True,True,True,False,dry_up,2,4,normal,False,False,,False,45.0,분산4일,0.05116765627405537,39.10273124162965,True,False,False,False,False,True,False,,Confirmed Uptrend,117.81,0.1117,0.373866915945017,0.9094630889501736,0.31229342877981425,0.8303324966368346,0.8836673443702199,0.434185303514377,,False,,,1,0.608,0.854
PSA,Public Storage,Real Estate,XLRE,60537368576.0,2026-08-24,324.9700012207031,0.007690195235287023,0.002035101190459354,0.002931955555961485,-0.029094745817709544,-0.026425504713492476,False,-0.03143060718556778,0.024416927179339742,0.012445681645916862,-0.0077334772137237495,0.9833570370088545,0.7359076658489718,0.6751386680365087,0.8945491944854442,0.7359076658489718,294594233.34680635,0.9848510244776465,325.42199859619143,319.73386840820314,306.064121500651,False,True,True,True,True,False,weak_rally,0,0,normal,False,False,,False,51.0,,0.016493818600373845,52.24158789437327,True,False,True,True,False,True,False,,Confirmed Uptrend,320.89,0.0127,0.40217567153291106,0.9852206799546813,-0.0036690718617398144,-0.01059378015506729,0.5181985614460713,0.43397231096911604,,False,,,1,0.608,0.854
MCD,McDonald's Corporation,Consumer Discretionary,XLY,192291307520.0,2026-08-24,272.5400085449219,0.005868227592755071,0.026400067027648966,0.006908763529088757,-0.025244929551916262,-0.07755220738479007,False,-0.027590053035773887,-0.029379736456481176,-0.056586975629026814,-0.060998084229321625,0.9465495623160418,0.9097313298352797,0.8785921682439392,1.6808498352526668,0.9097313298352797,1224102745.2932878,0.6813217523502912,271.15850219726565,273.25198618570965,286.07524083455405,True,False,False,False,False,False,weak_rally,1,1,normal,False,False,,False,40.0,,0.018505790138317036,52.262082129908435,True,False,False,True,False,True,False,,Confirmed Uptrend,269.76,0.0103,0.45958083035589925,0.9538536360667944,-0.26349543921429286,-0.26402893652188364,0.1420856184472046,0.43343982960596383,,False,,,1,0.608,0.854
PNC,"PNC Financial Services Group, I",Financials,XLF,99698130944.0,2026-08-24,243.67999267578125,0.0022621140209899693,-0.04270284912849265,-0.023874406058480124,-0.0550450978757856,0.011975171172664556,False,-0.057318526349606436,0.06482297990911046,-0.04634105699289215,-0.054363816088434325,0.9482818676040418,1.2450375167777863,1.2011293309261455,1.2654793612157809,1.2450375167777863,363198546.4288269,0.3076457763607264,251.12799987792968,243.46735051472982,227.66812388102213,False,True,True,True,True,False,accumulation,2,1,normal,False,False,,False,50.0,,0.017526832143403708,40.04679488332795,True,False,False,True,False,True,False,,Confirmed Uptrend,232.09,0.0499,0.3702095031354582,0.9993134723312326,0.1367795915839265,0.0607573710193694,0.6903243295575564,0.4332800851970181,,False,,,1,0.608,0.854
ARMK,Aramark,Consumer Discretionary,XLY,14980464640.0,2026-08-24,59.279998779296875,-0.00819812070794701,-0.038870347195257726,0.02551476698353561,-0.007233073001545964,0.049882529097256434,False,-0.009621530476746298,0.10470995241157932,-0.03915426809265099,0.06872357877463409,0.9520406030267987,0.8783541179533442,0.8854260503979602,0.47165645365262526,0.8783541179533442,163209269.13067704,0.20512732732439,58.4784496307373,56.36154365539551,50.36457144419352,True,True,True,True,True,False,dry_up,3,2,normal,False,False,,False,9.0,,0.025662727692514407,55.28262343870829,True,False,False,True,False,True,False,,Confirmed Uptrend,60.35,-0.0177,0.14101385737242253,0.9538536360667944,0.2445684924899436,0.2977140328607726,0.8287833797474842,0.43322683706070286,,False,,,1,0.608,0.854
MS,Morgan Stanley,Financials,XLF,330780246016.0,2026-08-24,214.0800018310547,-0.0005602013020405971,-0.018926743759409947,0.003255336312409929,-0.028781691603215975,-0.024381208994693093,False,-0.03111830613544586,0.02656798100073443,-0.0198357367819888,-0.08833689129981415,0.9418440328584645,0.7330076078463224,0.8779570357923673,1.1616194860639566,0.7330076078463224,999541033.7788346,0.27898584800590037,213.89448165893555,215.13271789550782,196.3408078511556,True,False,True,True,False,False,dry_up,0,2,normal,False,False,,False,28.0,,0.02118120209984705,49.33822808735355,True,False,False,True,False,True,False,,Confirmed Uptrend,227.3,-0.0582,0.3456547549053561,0.9993134723312326,0.2882958462803691,0.18753363932517475,0.8342148035513944,0.43296059637912676,,False,,,1,0.608,0.854
CAH,"Cardinal Health, Inc.",Health Care,XLV,53874372608.0,2026-08-24,232.3699951171875,0.012461333618594805,-0.013960827012627464,0.013167599447583278,-0.019185957510325813,0.01490071372750923,False,-0.021545658027998016,0.06790130142315598,-0.05236644271437341,-0.07532689838279738,0.9671605778321786,0.6926568226170928,0.747262269421284,1.052803372585293,0.6926568226170928,472629462.4871063,1.0,233.7504997253418,227.1624979654948,216.2014933268229,False,True,True,True,True,False,weak_rally,1,1,normal,False,False,,False,43.0,,0.0294327262050165,50.40726017982573,True,False,False,True,False,True,False,,Confirmed Uptrend,228.41,0.0173,0.31034502552684706,0.9944216998611353,0.2931022723808405,-0.06399016940028968,0.6521143781358026,0.4328541001064963,,False,,,1,0.608,0.854
BPOP,"Popular, Inc.",Financials,XLF,11190081536.0,2026-08-24,168.42999267578125,-0.00378550080269513,-0.047934038837761705,-0.01738528045424026,-0.04876319000626039,0.022226981570632853,False,-0.051051731866115224,0.07561016482075034,-0.040001286062605,-0.044784052533874186,0.9469275161604024,0.6512166440165661,1.0345441525658525,1.0810277893774038,0.6512166440165661,70187262.79944459,0.11692372702302979,174.1270004272461,167.13033345540364,153.99218947092692,False,True,True,True,True,False,dry_up,1,2,normal,False,False,,False,32.0,,0.019355189981580378,40.8424027918939,True,False,False,True,False,True,False,,Confirmed Uptrend,169.39,-0.0057,0.32466663837924853,0.9993134723312326,0.25641971943121966,0.1285706209968318,0.7923862568553417,0.4325878594249201,,False,,,1,0.608,0.854
ISRG,"Intuitive Surgical, Inc.",Health Care,XLV,126590377984.0,2026-08-24,373.57000732421875,-0.013832766474344393,-0.0429379751097958,0.04691315579376876,0.013481999453567983,-0.12796709312456533,False,0.011043704430087953,-0.08242741034654089,-0.0208036276180813,-0.20549334352988824,0.8630871679724695,0.5338216614981454,0.8450764329906943,1.513889035638704,0.5338216614981454,1077113956.072995,0.008506280917836076,379.5174987792969,392.21766510009763,426.3444155375163,False,False,False,False,False,False,dry_up,0,1,normal,False,False,,False,158.0,,0.029413117081489852,45.22663173152402,True,True,False,False,False,True,False,,Confirmed Uptrend,592.85,-0.3699,0.4617565581029132,0.9944216998611353,-0.38899102653992046,-0.3699892997670534,0.06561559971069461,0.42912673056443024,,False,,,1,0.608,0.854
PG,Procter & Gamble Company (The),Consumer Staples,XLP,336459300864.0,2026-08-24,146.60000610351562,0.013270759779736796,0.02431533751436099,-0.013658068442488625,-0.04515499933528422,-0.04035316063439731,False,-0.0474522219939707,0.009761935136737288,-0.03723097978384915,-0.03586212516345855,0.9669026597834558,0.7167911327857318,1.216385790788024,1.3677409234507898,0.7167911327857318,1414767420.2023194,0.8908693916042921,145.2855010986328,146.34372787475587,145.30894215901694,True,True,True,False,False,False,weak_rally,3,2,normal,False,False,,False,19.0,,0.01618401046102804,53.23641304686329,True,False,False,True,False,True,False,,Confirmed Uptrend,148.88,-0.0153,0.45833731775432757,0.9838065079008816,-0.18676559299602857,-0.1678314526257293,0.2518152773743828,0.4290202342917998,,False,,,1,0.608,0.854
C,"Citigroup, Inc.",Financials,XLF,222171627520.0,2026-08-24,131.72000122070312,0.0005317685337213884,-0.049021684755013895,-0.005336618304295437,-0.03709927868860374,-0.07581146731266375,False,-0.039415882277167524,-0.02754809069712838,-0.028229937701407692,-0.13639569214671154,0.9088329883431173,0.9548525284841481,0.9923773091151821,1.7869750172929013,0.9548525284841481,1223611578.2653701,0.43692720853365385,134.36687316894532,135.6760326385498,127.50387261708578,False,False,True,True,False,False,weak_rally,1,1,normal,False,False,,False,43.0,,0.02134666573683663,44.08368734615192,True,False,False,True,False,True,False,,Confirmed Uptrend,144.24,-0.0868,0.31996735568157725,0.9993134723312326,0.23391281017725163,0.10162030651550014,0.7701967618299135,0.4288072417465389,,False,,,1,0.608,0.854
RIVN,"Rivian Automotive, Inc.",Consumer Discretionary,XLY,22028949504.0,2026-08-24,16.600000381469727,-0.021803120026858025,0.11634166168291138,0.007281604524675522,-0.024883994515811025,0.029586486768555798,False,-0.02722998635855689,0.08335400130878212,-0.05623764601347858,0.04806330641907719,0.8242304312085431,0.958269590772273,1.0681958143961952,0.7972196885208238,0.958269590772273,359013322.84769094,0.051283138088546475,15.897249984741212,16.472333351771038,15.89308332602183,True,True,True,True,False,False,dry_up,2,1,normal,False,False,surge,False,1.0,,0.03898451447973859,53.75462785260187,True,False,False,False,False,True,False,,Confirmed Uptrend,16.97,-0.0218,0.4760434107169358,0.9538536360667944,0.11176588039734203,-0.027362285095254513,0.5875689805402265,0.42779552715654956,,False,,,1,0.608,0.854
ACGL,Arch Capital Group Ltd.,Financials,XLF,34280728576.0,2026-08-24,101.13999938964844,0.017607405279673083,0.03404561817987806,-0.026376568504186904,-0.05746735858040908,0.06971316010255846,False,-0.05973495943595475,0.12557618727787,-0.048785629297947275,-0.0004107813957706652,0.9498497013623786,0.7207637688589931,0.9023518977051485,0.8755527567237854,0.7207637688589931,166217704.2842346,0.7892156312760157,99.79150009155273,97.35683314005534,96.32383308410644,True,True,True,False,True,False,weak_rally,1,0,normal,False,False,,False,17.0,,0.017401626576837276,56.90646969531294,True,False,False,True,False,True,False,,Confirmed Uptrend,101.14,0.0,0.4133087162276498,0.9993134723312326,-0.0600258522740823,-0.038026999638148706,0.4513487439704316,0.42758253461128864,,False,,,1,0.608,0.854
FTV,Fortive Corporation,Industrials,XLI,17882429440.0,2026-08-24,60.459999084472656,0.006324854224980303,-0.0029683427933296924,-0.03909725295711797,-0.06978183246243763,-0.025213567711757645,False,-0.07201980642732353,0.025692154483734964,-0.01655094790048306,-0.012826194220409648,0.9433609383548696,0.7199863190461586,0.7444736211742519,1.204392617351644,0.7199863190461586,159789698.51981658,0.584902401105545,60.626999855041504,60.96145610809326,59.572734673817955,False,False,True,True,False,False,weak_rally,0,0,normal,False,False,,False,19.0,,0.018229276847426402,48.62089276156661,True,False,False,True,False,True,False,,Confirmed Uptrend,64.09,-0.0566,0.30518020876037666,0.9597340907832117,0.11473645341407424,0.0030978094064102457,0.6210170109286817,0.4274760383386581,,False,,,1,0.608,0.854
TRV,"The Travelers Companies, Inc.",Financials,XLF,78082146304.0,2026-08-24,370.54998779296875,0.01917047548852846,0.016570129394326782,-0.0507237556063882,-0.08103706513042397,0.17522727242445146,False,-0.08324796058990247,0.23660050359075813,-0.07257243794346735,0.09818646225919947,0.9328583320432648,0.8314855505055065,0.9699813047855067,0.5644594526717621,0.8314855505055065,701798516.2708282,0.7335017243132073,374.7669967651367,343.1676701863607,321.04884668986,False,True,True,True,True,False,weak_rally,0,2,normal,False,False,,False,17.0,,0.01903541131004531,54.06105791367922,True,False,False,True,False,True,False,,Confirmed Uptrend,375.99,-0.0145,0.470376787278229,0.9993134723312326,0.21734035409654173,0.17399344595627908,0.7944451088596927,0.4257720979765708,,False,,,1,0.608,0.854
EXR,Extra Space Storage Inc,Real Estate,XLRE,32673325056.0,2026-08-24,146.25,-0.003814437489996214,-0.004356997701053467,-0.013756783184935117,-0.04525056181245479,-0.05167920509241053,False,-0.047547554561273464,-0.00215558295453111,-0.004401365032311255,-0.033472033003541735,0.9568203739616088,0.7122252992806879,0.6593058651021718,1.194835154139117,0.7122252992806879,163758854.22531128,0.46896671472318396,148.46649856567382,146.72061411539713,142.46990718841553,False,False,True,True,True,False,dry_up,0,0,normal,False,False,,False,18.0,,0.016590965187156595,45.63661062184146,True,False,False,True,False,True,False,,Confirmed Uptrend,152.85,-0.0432,0.39790464968344175,0.9852206799546813,-0.05412052270683976,-0.07750689227814467,0.4147304277505367,0.42539936102236425,,False,,,1,0.608,0.854
HEI,Heico Corporation,Industrials,XLI,49796927488.0,2026-08-24,352.6700134277344,-0.006675290277567747,-0.05012385642304684,-0.012543694652976667,-0.04407621092758962,0.002423805278760849,False,-0.04637602899932469,0.05477281841990789,0.010625654335738366,0.01516238848150131,0.9412816632995816,1.4254679694919754,1.0618660045236816,0.7775058077134466,1.4254679694919754,154165859.84520262,0.20043445484843675,363.3080032348633,349.00921732584635,318.2188896179199,False,True,True,True,True,False,distribution,1,3,normal,False,False,,False,60.0,분산3일,0.023800066993813155,45.12311587400399,True,False,True,True,False,True,False,,Confirmed Uptrend,344.94,0.0224,0.3363496920030382,0.9597340907832117,-0.03282360043864385,-0.07219860487205942,0.4367369997665055,0.42507987220447285,,False,,,1,0.608,0.854
GE,GE Aerospace,Industrials,XLI,373595144192.0,2026-08-24,341.8399963378906,-0.018744435143159377,-0.07468261073784588,-0.05467213244803293,-0.08485935815818912,-0.008623736636340307,False,-0.08706105771870476,0.043148346952809336,-0.032491271225649876,0.00397445681195685,0.8967000557244795,0.7456449391592815,1.2393153533234833,1.269143501556665,0.7456449391592815,1295371199.0408797,0.163520853726416,363.3050003051758,353.78940633138023,326.0356305440267,False,False,True,True,True,False,dry_up,2,2,normal,False,False,,False,5.0,,0.02754628877114496,39.47492438794787,True,False,False,False,False,True,False,,Confirmed Uptrend,369.43,-0.0747,0.2781725328793197,0.9597340907832117,0.1255085970631027,-0.038861960167748566,0.5901740957783055,0.4227369542066028,,False,,,1,0.608,0.854
SPGI,S&P Global Inc.,Financials,XLF,121436962816.0,2026-08-24,435.4200134277344,0.009575934524303609,0.06062897893563801,-0.010026540434179054,-0.04163943718329011,0.07320253530061627,False,-0.04394511778963084,0.12924778614932397,-0.032811915890413657,0.0028498514147194953,0.95198742572775,0.863939731245133,0.8854024666831285,0.6408986290211026,0.863939731245133,892618959.4010086,0.5228705757840962,417.4235015869141,414.3704905192057,408.44774932861327,True,True,True,True,True,False,weak_rally,2,0,normal,False,False,,False,40.0,,0.021701052800042323,59.76760657533888,True,False,False,True,False,True,False,,Confirmed Uptrend,386.15,0.1276,0.5102770628927393,0.9993134723312326,-0.30016543878869295,0.027587349285930873,0.3436938830135598,0.4223109691160809,,False,,,1,0.608,0.854
FTS,Fortis Inc.,Utilities,XLU,29020579840.0,2026-08-24,55.31999969482422,0.007650239658870239,-0.011776588740985083,-0.04346892330638075,-0.07401390193448798,-0.047171347404871056,False,-0.07624169413596993,0.0025876860431552906,0.010974980128975576,0.001165399033450587,0.9479151503274835,0.9758227737739443,0.9642420717979802,1.1226061222850103,0.9758227737739443,44425376.41507874,0.9682532954689951,56.034932899475095,56.36445604960124,56.04840195973714,False,False,True,False,False,False,weak_rally,2,1,normal,False,False,,False,,,0.014871125553906876,41.63140696877266,False,False,True,True,False,True,False,,Confirmed Uptrend,,,0.3899822104665552,0.9176635341809471,0.0023815399391646785,-0.045340373923394295,0.49159362844760324,0.4197550585729499,,False,,,1,0.608,0.854
IHG,Intercontinental Hotels Group,Consumer Discretionary,XLY,24115339264.0,2026-08-24,162.52999877929688,0.016384185211599123,0.018339656308790975,0.023063963216604977,-0.009605615067935447,-0.0434329846614967,False,-0.01198836454090535,0.006521275196107235,-0.04145052399750204,-0.026266562555939288,0.9371671236261082,0.9356927881627919,0.740564736673956,1.011909706714307,0.9356927881627919,43063096.64332123,0.2222222222222222,159.3010284423828,161.9830805460612,150.9710012435913,True,True,True,True,False,False,weak_rally,2,2,normal,False,False,,False,,,0.01924304911042739,56.389471223538,False,False,False,True,False,True,False,,Confirmed Uptrend,,,0.27946712429413206,0.9538536360667944,0.12226375668666956,0.013233152083988786,0.6402136759438019,0.4184238551650692,,False,,,1,0.608,0.854
EXEL,"Exelixis, Inc.",Health Care,XLV,13329359872.0,2026-08-24,54.54999923706055,0.008690780142244225,0.042622315658326304,-0.022576636897082558,-0.05378877047437369,-0.01724170979279538,False,-0.05606522149506976,0.034080322243666084,-0.085798658527653,-0.10461176738328715,0.9553415182976536,0.8780966611978208,0.7333194662719187,1.6793968363403313,0.8780966611978208,148336572.00284863,0.8285704165099917,53.67700023651123,53.83033332824707,49.41883325576782,True,True,True,True,False,False,weak_rally,0,1,normal,False,False,,False,40.0,,0.031386687180883735,53.23606897833676,True,False,False,True,False,True,False,,Confirmed Uptrend,54.77,-0.004,0.2544743999274409,0.9944216998611353,0.21678018855607029,0.1557148191492268,0.7848577107287875,0.4183173588924388,,False,,,1,0.608,0.854
BNS,Bank Nova Scotia Halifax Pfd 3,Financials,XLF,106999832576.0,2026-08-24,86.86000061035156,-0.008107789048155234,-0.04915159210474995,-0.00023016394680674956,-0.03215588912118328,0.02186960517797165,False,-0.03448438580916868,0.07523412536225083,-0.023241014252107894,-0.04511800148618361,0.9488748060042684,1.0913126506839985,0.8649506683671754,0.8478591708336598,1.0913126506839985,171409995.13819504,0.6872591876892623,88.55599975585938,86.09638760884603,79.71868216196695,False,True,True,True,True,False,distribution,1,2,normal,False,False,,False,35.0,,0.016430376950711142,45.105075284011605,True,False,False,True,False,True,False,,Confirmed Uptrend,86.29,0.0066,0.28954825310032134,0.9993134723312326,0.31950122845061757,0.06288219080783164,0.7803741607011669,0.4174653887113951,,False,,,1,0.608,0.854
HII,"Huntington Ingalls Industries, ",Industrials,XLI,12863444992.0,2026-08-24,294.6300048828125,-0.011971855057270053,-0.0744800896143506,0.022133581553555937,-0.010506286783543928,-0.05639907723396387,False,-0.012886869367153109,-0.007121938317513843,0.04611658671121388,-0.044408002399607516,0.8906321062156746,0.5965895575708345,0.7924252306759306,0.7812362644542489,0.5965895575708345,177140324.21200562,0.7353585637590112,316.02350158691405,296.4856684366862,335.06453704833984,False,False,False,False,False,False,dry_up,0,1,normal,False,False,,False,16.0,,0.027734534230097516,40.201045583486135,True,False,True,False,False,True,False,,Confirmed Uptrend,326.45,-0.0975,0.2559165933040664,0.9597340907832117,-0.06643895864344529,-0.39236343456887146,0.2585713553501563,0.4173056443024495,,False,,,1,0.608,0.854
ORI,Old Republic International Corp,Financials,XLF,10523970560.0,2026-08-24,41.970001220703125,0.009379494287495627,-0.012702825738681423,-0.025539783652547388,-0.05665729484220994,0.058687301161989947,False,-0.05892684459707764,0.11397453112305689,-0.04796810401012375,-0.010713851540094632,0.9412424551935619,0.8756830673329424,0.9291287702632591,0.866422615313846,0.8756830673329424,47930457.55632172,0.2307695780344994,42.87150001525879,40.971682167053224,40.34823878606161,False,True,True,True,True,False,weak_rally,0,0,normal,False,False,,False,36.0,,0.016695587764341022,46.776926812511384,False,False,False,True,False,True,False,,Confirmed Uptrend,41.87,0.0024,0.4248722436262942,0.9993134723312326,-0.004787725981863278,-0.05126429822648704,0.4794284510202571,0.41671991480298193,,False,,,1,0.608,0.854
TCOM,Trip.com Group Limited,Consumer Discretionary,XLY,29602441216.0,2026-08-24,46.02000045776367,-0.0019518575449267717,0.02608700163764066,0.027920482180455952,-0.004904179688478338,-0.06402194840419395,False,-0.007298240153153168,-0.015142894390518857,-0.03690025746933778,-0.047225013053517007,0.9708860543525131,0.6617686474709117,0.8141052912787353,1.0889666454508855,0.6617686474709117,120528283.31426963,0.4444478695447785,46.03249988555908,44.91066672007243,48.254250081380206,False,True,False,False,False,False,dry_up,1,0,normal,False,False,,False,18.0,,0.019331653772376636,54.058879968789775,True,False,False,True,False,True,False,,Confirmed Uptrend,46.0,0.0004,0.6085707056864165,0.9538536360667944,-0.416485228899912,-0.24262605897723433,0.08772308691120945,0.41656017039403626,,False,,,1,0.608,0.854
CASY,"Caseys General Stores, Inc.",Consumer Staples,XLP,32231278592.0,2026-08-24,854.2100219726562,0.022100212929982543,-0.01816069656166963,0.0017231751199708878,-0.030264926177358653,-0.10077631587490488,False,-0.03259797225599703,-0.05381666446877653,-0.022217337637508328,-0.0965680537350706,0.9549908785304113,0.6966784579225577,0.9601474818770085,1.5246620917303684,0.6966784579225577,246972860.83286744,0.905070465900662,849.6979095458985,830.9376057942708,796.7305908203125,True,True,True,True,True,False,weak_rally,2,1,normal,False,False,,False,51.0,,0.030204647475479122,52.72700000678246,True,False,False,True,False,True,False,,Confirmed Uptrend,914.91,-0.0663,0.42120100302788704,0.9838065079008816,0.440595702976337,0.17907620366636512,0.8817069017557647,0.41645367412140577,,False,,,1,0.608,0.854
IDXX,"IDEXX Laboratories, Inc.",Health Care,XLV,44101120000.0,2026-08-24,559.510009765625,0.004632569844996048,0.024574671299954165,0.005951092207746367,-0.02617201948311254,-0.03339400375494794,False,-0.028514912519101654,0.01708451614180606,-0.05911616944329057,-0.11932807564299985,0.9391533513398106,0.5985489202093695,0.7825514025046485,1.3797284478750116,0.5985489202093695,364853207.93066406,0.6607614691657524,568.467007446289,560.4186686197917,565.6126663208008,False,False,True,False,False,False,weak_rally,0,1,normal,False,False,,False,45.0,,0.03157483906112794,48.541941026604185,True,False,False,True,False,True,False,,Confirmed Uptrend,562.09,-0.0046,0.37434145376304623,0.9944216998611353,-0.2685627584480068,-0.19757739838151123,0.16719687003468248,0.41453674121405754,,False,,,1,0.608,0.854
HIG,"The Hartford Insurance Group, I",Financials,XLF,38901903360.0,2026-08-24,138.97999572753906,0.02116083390792034,0.01660441008113578,-0.008277463016708508,-0.03994621318620206,0.043261162366335704,False,-0.04225596745112603,0.09774280177949413,-0.031103095497284627,-0.025128745737853286,0.9540088050172174,0.6712243271926206,1.067428210787348,0.7923861443809385,0.6712243271926206,207781271.02590102,0.748218596188557,140.4650001525879,136.04233309427897,135.575826327006,False,True,True,False,True,False,weak_rally,0,2,normal,False,False,,False,17.0,,0.017320049887267115,50.04618433013893,True,False,False,True,False,True,False,,Confirmed Uptrend,143.05,-0.0285,0.35440561079328053,0.9993134723312326,-0.08683269831727569,-0.07315859229323896,0.3975980819280951,0.4143237486687966,,False,,,1,0.608,0.854
WMS,"Advanced Drainage Systems, Inc.",Industrials,XLI,10613852160.0,2026-08-24,140.4600067138672,-0.02275091568130716,-0.05081760528982371,-0.01906554704233754,-0.05038980051535147,0.0023783929762977163,False,-0.052674428979298304,0.054725034576380116,0.003950775353460223,0.01511639908939788,0.894877680337521,0.7065240631814403,0.641388164535106,0.7753087009755422,0.7065240631814403,103532042.6523697,0.07583098787109166,144.37099914550782,143.6696657816569,143.26419423421223,False,False,True,False,True,False,dry_up,2,1,normal,False,False,,False,44.0,,0.03825136849474106,44.68059963202332,True,False,True,False,False,True,False,,Confirmed Uptrend,141.4,-0.0066,0.3272538280629173,0.9597340907832117,-0.1366222696515249,-0.22467328566138467,0.25409281691183594,0.4136847710330139,,False,,,1,0.608,0.854
EWBC,"East West Bancorp, Inc.",Financials,XLF,17946509312.0,2026-08-24,128.91000366210938,-0.008155709383996679,-0.04877509151388648,-0.0014468434263890106,-0.033333716283672654,-0.03969673149592967,False,-0.035659379285306936,0.010452644603959227,-0.024429690456971742,-0.10264842054010026,0.9437042306163679,1.0944776108917997,1.1350140023612068,1.201016126875792,1.0944776108917997,79905072.57962799,0.14223045077014065,132.24715347290038,129.8267059326172,122.04290568033854,False,False,True,True,True,False,distribution,1,4,normal,False,False,,False,85.0,분산4일,0.01883208318372493,40.495151141277056,True,False,False,True,False,True,False,,Confirmed Uptrend,120.57,0.0691,0.3584503864837911,0.9993134723312326,0.12810256278210685,0.04312600284480794,0.6706962122635869,0.4128860489882854,,False,,,1,0.608,0.854
CNC,Centene Corporation,Health Care,XLV,30736369664.0,2026-08-24,65.6500015258789,0.009689401958461685,0.019251634734791745,0.024500618757213655,-0.008214836356478572,-0.004151501235896582,False,-0.010600931847249306,0.04785413338078781,-0.04176646951247942,-0.09268531626998777,0.9553259656535145,0.7291697401278773,0.6768110687320883,0.9500906348718179,0.7291697401278773,307959743.20648766,0.7077943631688721,64.73749942779541,64.61033318837484,54.37599999109904,True,True,True,True,True,False,weak_rally,0,0,normal,False,False,,False,45.0,,0.036633660522648125,52.01048816945079,True,False,False,True,False,True,False,,Confirmed Uptrend,61.02,0.0759,0.33593325380602906,0.9944216998611353,0.8722993123993843,0.3439910063771954,0.9453426958933442,0.4126198083067093,,False,,,1,0.608,0.854
FTI,TechnipFMC plc,Energy,XLE,28570978304.0,2026-08-24,75.8499984741211,-0.020658470460500178,-0.04902201983451404,0.011427866842613543,-0.020870135103511656,0.03616468025970376,False,-0.023225783726975147,0.09027572408933793,-0.06469766510223007,-0.03396633378483771,0.950977980165486,0.6205404732424934,0.7244003077669577,0.8671739296592514,0.6205404732424934,249259222.54930192,0.6031111309020202,73.88878517150879,70.94389419555664,70.64497804641724,True,True,True,True,True,False,dry_up,2,0,normal,False,False,,False,127.0,,0.03235370490191412,54.73191051883037,True,False,False,True,False,True,False,,Confirmed Uptrend,63.36,0.1972,0.32484257048747706,0.9899607938878676,0.8539008930639578,0.09892844977623949,0.8822914353077855,0.4125665601703941,,False,,,1,0.608,0.854
ROST,"Ross Stores, Inc.",Consumer Discretionary,XLY,80538509312.0,2026-08-24,241.52000427246094,0.01037487891559441,0.026521614780427916,-0.007520040210215795,-0.03921297721900863,-0.026443599395423956,False,-0.04152449554645243,0.024397887549036934,-0.07010589796519084,-0.008972288082822244,0.9462837766540823,0.9355926234238275,1.6459179332402323,1.2198868679592612,0.9355926234238275,676490862.3699684,0.9487574990759432,246.72350158691407,233.77322006225586,226.32350362141926,False,True,True,True,True,False,weak_rally,2,5,normal,False,False,,False,119.0,분산5일,0.02568258923226669,51.11988497187599,True,False,False,True,False,True,False,,Confirmed Uptrend,212.65,0.1358,0.32193233307499536,0.9538536360667944,0.40818766235893644,0.09139837541655749,0.8331063311179832,0.4124600638977635,,False,,,1,0.608,0.854
MPLX,MPLX LP,Energy,XLE,59311185920.0,2026-08-24,58.459999084472656,0.0008560047456114273,-0.010494291255355614,0.019893358321098953,-0.012674972799464057,0.01555672509249617,False,-0.015050337829803473,0.06859157129974824,-0.056869332301195286,-0.053179475153819156,0.9753086490466343,0.4465535870859159,0.7140400227295302,0.8796419500360135,0.4465535870859159,86956811.66488838,0.4829736732931167,58.57266349792481,56.59706192016601,55.62926394144694,False,True,True,True,True,False,weak_rally,0,1,normal,False,False,,False,14.0,,0.016847942520028397,52.74982742788214,True,False,False,True,False,True,False,,Confirmed Uptrend,59.43,-0.0163,0.3074757453441956,0.9899607938878676,0.04932324276529654,-0.06586172794888345,0.5085922559555336,0.4122470713525027,,False,,,1,0.608,0.854
EME,"EMCOR Group, Inc.",Industrials,XLI,35174555648.0,2026-08-24,764.9000244140625,-0.015090997884179558,-0.11320049632550011,0.029821641755721995,-0.0030637299845485133,-0.09107066422254695,False,-0.005462218312132117,-0.043604160042953644,0.05398503702168722,-0.07952018835770736,0.8807834764042006,0.7306432806524581,0.7748754804944551,0.8676281370780264,0.7306432806524581,329987708.56525266,0.41962832847951803,800.5880004882813,800.640473429362,806.5561686197917,False,False,False,True,False,False,dry_up,0,0,normal,False,False,,False,17.0,,0.0333506226183061,42.22134064060189,True,False,True,False,False,True,False,,Confirmed Uptrend,802.37,-0.0467,0.2612137941727124,0.9597340907832117,0.039335522932717915,-0.15092444026965113,0.43357514251707074,0.41214057507987223,,False,,,1,0.608,0.854
PHM,"PulteGroup, Inc.",Consumer Discretionary,XLY,24090808320.0,2026-08-24,129.61000061035156,0.004728686901950052,0.008716593270338802,-0.007504370587494313,-0.03919780797552508,0.009584683575362352,False,-0.04150936279803319,0.062307655225951164,-0.07009121647000705,0.027702553574702637,0.9396114130518949,0.7734952693942257,0.8750218512555913,0.9382594156507525,0.7734952693942257,185506433.33925095,0.004079395626638765,130.12799911499025,127.20015996297201,123.44118614196778,False,True,True,False,True,False,weak_rally,1,0,normal,False,False,,False,40.0,,0.0290100857488878,50.97383333028225,True,False,False,True,False,True,False,,Confirmed Uptrend,137.61,-0.0581,0.369054186616856,0.9538536360667944,-0.11943290584418587,-0.15288740292420655,0.30909956547242773,0.4121405750798722,,False,,,1,0.608,0.854
BKR,Baker Hughes Company,Energy,XLE,60046856192.0,2026-08-24,61.98500061035156,-0.005694570763031814,-0.04491526728801365,0.026787151312343438,-0.006001319816960282,-0.055395107087213735,False,-0.008392740716929858,-0.006065538403904003,-0.050494403458132164,-0.11932905530363558,0.9550847327119864,0.7109034139924317,0.7718673285257895,1.282549874602488,0.7109034139924317,452974190.4677658,0.638108334329786,62.3324520111084,59.937920252482094,61.20996430714925,False,True,False,True,False,False,dry_up,0,0,normal,False,False,,False,18.0,,0.024555110670971533,51.53671712851525,True,False,False,True,False,True,False,,Confirmed Uptrend,58.5,0.0595,0.41050077800431467,0.9899607938878676,0.13394023161055935,-0.17126048608634392,0.48818620332245594,0.41192758253461126,,False,,,1,0.608,0.854
NVO,Novo Nordisk A/S,Health Care,XLV,208182853632.0,2026-08-24,46.91999816894531,0.003851015918158174,0.04545447977449757,-0.043294518966728535,-0.07384506686169712,0.04188665619040899,False,-0.0760732652565973,0.09629651554259211,-0.1051764596888698,-0.050740084343042224,0.9207432062996049,0.6712381108669575,0.8602158265389543,1.2671079193189372,0.6712381108669575,662202209.9305404,0.4829921733895244,46.637447929382326,46.350187110900876,43.00324789683024,True,True,True,True,True,False,weak_rally,1,1,normal,False,False,,False,73.0,,0.024761644042268903,51.32386441086196,True,False,False,True,False,True,False,,Confirmed Uptrend,45.49,0.0315,0.2916168442633171,0.9944216998611353,-0.22437007592996117,0.17192204880706874,0.4755255619529253,0.41187433439829607,,False,,,1,0.608,0.854
DOC,"Healthpeak Properties, Inc.",Real Estate,XLRE,15050032128.0,2026-08-24,21.6299991607666,0.010747642352160192,0.051020371280519505,-0.03478497262627178,-0.06560725650289045,0.03172287384835881,False,-0.06785527390988288,0.08560195572639784,-0.02562902606631623,0.051531314212687196,0.9525260187410026,0.7317759825240135,0.8148789707572646,0.7578397451181517,0.7317759825240135,117295703.40267238,0.6249980131713494,21.247804355621337,20.959621524810792,19.069207747777302,True,True,True,True,True,False,weak_rally,1,0,normal,False,False,,False,74.0,,0.021277423138976424,56.81131164851743,True,False,False,True,False,True,False,,Confirmed Uptrend,19.28,0.1221,0.34846351603830333,0.9852206799546813,0.16627638194025018,0.2143948557715769,0.7828451020257072,0.4091586794462194,,False,,,1,0.608,0.854
ES,Eversource Energy (D/B/A),Utilities,XLU,26923567104.0,2026-08-24,71.25,0.014812717975912104,-0.009178189799719627,-0.046057066929471646,-0.07651939817310804,0.0035616941532181645,False,-0.07874116250333685,0.055970130623428815,0.008239524364203499,0.054472114419629625,0.9450855627647493,0.7192537487745329,0.7626647808586708,0.769180352156818,0.7192537487745329,168424115.5314331,0.9561376504129244,72.26249961853027,71.9858336130778,70.44064909617106,False,False,True,False,True,False,weak_rally,0,0,normal,False,False,,False,131.0,,0.017674198007225094,44.19608729857673,True,False,True,True,False,True,False,,Confirmed Uptrend,71.74,-0.0068,0.35039083519768344,0.9176635341809471,0.018673763365488316,-0.06016407611411234,0.4916647018958615,0.40809371671991485,,False,,,1,0.608,0.854
GL,Globe Life Inc.,Financials,XLF,14150757376.0,2026-08-24,173.1300048828125,0.011982715862852489,-0.035003615467977256,-0.007111259213729126,-0.03881724985674828,0.012571689796446295,False,-0.04112972024851935,0.06545065018862006,-0.029963733213390964,-0.0538064016269989,0.9307063805311571,0.8733260060738113,0.9081943241431362,0.8946259926767797,0.8733260060738113,107474448.63433532,0.3422343041687654,179.66650009155273,174.37753143310547,160.70708669026692,False,False,True,True,True,False,weak_rally,0,1,normal,False,False,,False,35.0,,0.021076218323449303,41.12359078256471,True,False,False,True,False,True,False,,Confirmed Uptrend,176.98,-0.0218,0.3439657635219873,0.9993134723312326,0.06553759792817293,0.12181612730358893,0.6809551633607263,0.4048455804046859,,False,,,1,0.608,0.854
ASML,ASML Holding N.V. - New York Re,Information Technology,XLK,625698930688.0,2026-08-24,1740.1300048828125,-0.013397517095283584,-0.07593249001929725,0.05263249225985156,0.019018699919232107,-0.11587422947605497,False,0.016567084373829255,-0.0697030278985804,0.019016070555297304,-0.06771904860523725,0.8758145668445229,0.742921060210724,0.8085253544830264,0.8924382867949343,0.742921060210724,2471544663.192383,0.3650115117050449,1730.95048828125,1767.6312906901042,1600.0924641927083,True,False,True,True,False,False,dry_up,0,0,normal,False,False,,False,44.0,,0.03216919224602766,48.2290996030531,True,True,True,False,False,True,False,,Confirmed Uptrend,1926.76,-0.0969,0.4229536737768295,0.9094630889501736,1.0432473911658753,0.08856203799433349,0.8842384377509354,0.4044728434504793,,False,,,1,0.608,0.854
EG,"Everest Group, Ltd.",Financials,XLF,14479604736.0,2026-08-24,376.7900085449219,0.01818626987712313,0.03187735134328751,-0.03223400603845794,-0.06313775012249101,0.08650995854645838,False,-0.06539170881420375,0.14325015545560782,-0.05450825118424285,0.01528492027249806,0.9450463933000025,0.7462052845601996,0.763399195396205,0.6672792844777842,0.7462052845601996,118744205.99822235,0.8116891695510873,372.4524978637695,359.66678212483725,347.8552480061849,True,True,True,True,True,False,weak_rally,0,0,normal,False,False,,False,79.0,,0.018750509464188592,56.17846880922603,True,False,False,True,False,True,False,,Confirmed Uptrend,354.64,0.0625,0.3424428324927549,0.9993134723312326,-0.04721122109719278,0.060221086916870226,0.5500052963386923,0.40378061767838125,,False,,,1,0.608,0.854
CYTK,"Cytokinetics, Incorporated",Health Care,XLV,10471985152.0,2026-08-24,77.08999633789062,0.0032535139499574317,0.016080052025087888,-0.04378573912714312,-0.07432060085187941,0.07265140928083214,False,-0.07654765517894002,0.12866787898617504,-0.10563590658420874,-0.022710406882152423,0.8834516897849439,0.6425576027657851,0.7997527050797121,0.9668423631454396,0.6425576027657851,145974767.18515778,0.5871553211519684,77.27049865722657,78.2516663869222,72.76741654078165,False,False,False,True,False,False,weak_rally,0,1,normal,False,False,,False,36.0,,0.03275390291979203,47.725774437807225,True,False,False,False,False,True,False,,Confirmed Uptrend,86.49,-0.1087,0.33652212871346987,0.9944216998611353,0.8050733613033807,0.08655059752365202,0.87141514752866,0.40372736954206606,,False,,,1,0.608,0.854
BEP,Brookfield Renewable Partners L,Utilities,XLU,16019028992.0,2026-08-24,32.349998474121094,-0.012816660902519872,-0.060685256560000234,0.006847102355815871,-0.025304621694317353,-0.11870324286887723,False,-0.027649601567283244,-0.07267977926260549,0.0641548968963861,-0.07399529063597632,0.9051482080262977,0.495235387116798,0.9184613499076106,0.9480821537649853,0.495235387116798,29722977.45431938,0.5068481697280067,33.22949981689453,33.94300012588501,33.38752589225769,False,False,False,True,False,False,dry_up,2,1,normal,False,False,,False,,,0.03016120141558714,43.34840957811644,False,False,True,True,False,True,False,,Confirmed Uptrend,,,0.23439179194901408,0.9176635341809471,0.1635863928863952,-0.023110063154169302,0.6316149277021293,0.40271565495207673,,False,,,1,0.608,0.854
SLB,SLB Limited,Energy,XLE,73598664704.0,2026-08-24,54.0,0.0024132368793921,0.002599320238803271,0.047933267595874574,0.014469535948971268,-0.07058113784284681,False,0.012028865051698201,-0.022044620680662264,-0.030939858262786002,-0.1334872458360935,0.9611961499940587,1.3978760666387025,0.8355418057605091,1.042312345888955,1.3978760666387025,516924118.74246293,0.948551887232174,51.84500007629394,50.661415354410806,51.34763294855754,True,True,False,True,False,False,accumulation,1,0,normal,False,False,,False,21.0,,0.026236786413445044,61.7027460981538,True,True,False,True,False,True,False,,Confirmed Uptrend,52.42,0.0301,0.4314673098104314,0.9899607938878676,0.3549281164622542,-0.05531618560064977,0.6835199580848895,0.4026624068157615,,False,,,1,0.608,0.854
WFC,Wells Fargo & Company,Financials,XLF,261424726016.0,2026-08-24,84.72000122070312,0.010496241904232928,-0.03221384127634874,-0.02364622863768362,-0.054824206861684655,-0.0033315107877118777,False,-0.057098166768190795,0.04871694572777585,-0.046118131337335666,-0.06866708432038648,0.9526594054871759,0.6375491043706244,0.8673161175481185,1.1325947730597277,0.6375491043706244,1074508063.040245,0.4229618531750605,86.64544448852538,84.7392946879069,81.44287726084391,False,False,True,True,True,False,weak_rally,2,2,normal,False,False,,False,28.0,,0.0199067714032784,44.30705825569444,True,False,False,True,False,True,False,,Confirmed Uptrend,87.01,-0.0263,0.3531043773289748,0.9993134723312326,-0.04157679128695624,-0.06356029938903185,0.43863479751470735,0.4019701810436635,,False,,,1,0.608,0.854
FISV,"Fiserv, Inc.",Financials,XLF,28763719680.0,2026-08-24,52.959999084472656,0.007227030052964656,0.014365064415851503,0.012425878304670013,-0.019903993216340732,-0.03797477152394313,False,-0.022261966241181597,0.012264529520591871,-0.010876265339561875,-0.10103934187577823,0.9494442496138799,0.532616472047846,0.6648290775025758,0.9442622852657517,0.532616472047846,456613156.6934708,0.5204066936290633,53.396500205993654,52.06666692097982,55.097083473205565,False,True,False,False,False,False,weak_rally,1,1,normal,False,False,,False,14.0,,0.041918437342248344,51.17154819148663,True,False,False,True,False,True,False,,Confirmed Uptrend,55.78,-0.0506,0.34463157829653585,0.9993134723312326,-0.6886541132417533,-0.1974813782369612,0.07307557818364058,0.4018104366347178,,False,,,1,0.608,0.854
BUD,Anheuser-Busch Inbev SA Sponsor,Consumer Staples,XLP,166996770816.0,2026-08-24,79.30000305175781,0.004815064516334955,0.02720215267525905,-0.019413869685945717,-0.0507270001458513,-0.07095345265226827,False,-0.0530108173549545,-0.022436378676437108,-0.04284922123382151,-0.06660562298500228,0.9169750228206933,1.3617709136134406,0.9219396851241826,1.4408971669725688,1.3617709136134406,160280273.8177452,0.3008891979663901,81.6995002746582,81.21600023905437,77.7136074701945,False,False,False,True,True,False,accumulation,1,2,normal,False,False,,False,17.0,,0.018879479623359993,44.63925779222054,True,False,False,True,False,True,False,,Confirmed Uptrend,86.14,-0.0794,0.30293016970296516,0.9838065079008816,0.11793499050665268,-0.04841569846499816,0.5739593263968381,0.40095846645367417,,False,,,1,0.608,0.854
LRCX,Lam Research Corporation,Information Technology,XLK,366649442304.0,2026-08-24,310.1700134277344,-0.012197409465814046,-0.09792340410877864,0.06364675082643712,0.02968123934075484,-0.1747616165792525,False,0.027203971226462675,-0.13166565781333084,0.02967858246437438,-0.12981382188753454,0.7157824822631053,0.8106511254589412,0.8191768664553892,0.9539318732688854,0.8106511254589412,3133274805.1434813,0.9083578696784471,308.8254989624023,334.9593785603841,294.40436197916665,True,False,True,True,False,False,dry_up,0,1,normal,False,False,,False,37.0,,0.05389441254919123,47.20316216932003,True,True,True,False,False,True,False,,Confirmed Uptrend,391.26,-0.2073,0.34246929691618555,0.9094630889501736,1.6528777354279502,0.15945113876949213,0.9264546992192171,0.40095846645367406,,False,,,1,0.608,0.854
XYL,Xylem Inc.,Industrials,XLI,27310952448.0,2026-08-24,114.18000030517578,0.006700777186562812,-0.02800715826456901,-0.04976700378396626,-0.0801108653357201,0.009183420401299047,False,-0.08232398910152394,0.06188543711141126,-0.027471050240802097,0.022007903319513078,0.9112529730586784,0.9046215524213567,0.9609907379983089,0.906986567405729,0.9046215524213567,210879674.39499283,0.4046467114460993,119.02150039672851,116.48933385213216,117.43665377298991,False,False,True,False,False,False,weak_rally,0,1,normal,False,False,,False,19.0,,0.024015902275174864,41.35509745637479,True,False,False,True,False,True,False,,Confirmed Uptrend,124.97,-0.0863,0.29069390048719357,0.9597340907832117,-0.2640891550267781,-0.1292760034941446,0.2189677265039039,0.39984025559105435,,False,,,1,0.608,0.854
IREN,IREN LIMITED,Financials,XLF,13151535104.0,2026-08-24,39.810001373291016,-0.04942692554991801,-0.11336302849910107,0.09699642791294538,0.061965958687068445,-0.32339017239577106,False,0.05941101808272786,-0.2880559588922986,0.07174779600001813,-0.36774463089711773,0.6542317563117412,0.6761235133160141,0.9029947649577327,0.9150782310235013,0.6761235133160141,1893180536.1580415,0.12727436664524272,40.0979998588562,45.994166660308835,46.142875003814694,False,False,False,True,False,False,dry_up,2,1,normal,False,False,,False,7.0,,0.0859888133154408,46.60917014066867,True,True,True,False,False,True,False,,Confirmed Uptrend,44.76,-0.1106,0.30171656226087523,0.9993134723312326,0.6097147329835386,-0.19611459535141673,0.6200183378608487,0.39845580404685843,,False,,,1,0.608,0.854
LOW,"Lowe's Companies, Inc.",Consumer Discretionary,XLY,116520534016.0,2026-08-24,216.97999572753906,0.004118651509701365,0.00542142709874982,0.025667655861261185,-0.007085066335822177,-0.048057629701944826,False,-0.009473879894225545,0.001655119925434434,-0.039011020398567964,-0.030974200849948952,0.9596526165750081,0.8742408693279685,1.3327667710101592,0.9180808465636269,0.8742408693279685,632957673.5737168,0.3501133058419724,216.91449966430665,214.35844345092772,223.8173018137614,True,True,True,False,False,True,weak_rally,1,3,normal,False,False,surge,False,3.0,분산3일,0.025278830852402893,51.397474513549845,True,False,False,True,False,True,False,,Confirmed Uptrend,220.0,-0.0137,0.38487047737914515,0.9538536360667944,-0.2948888911921943,-0.2971328543635493,0.11367833569675329,0.3984558040468584,,False,,,1,0.608,0.854
FER,Ferrovial N.V.,Industrials,XLI,46933983232.0,2026-08-24,62.7400016784668,-0.0015118549755710475,-0.018460521343566016,-0.001908987125669892,-0.033781102313535705,-0.10213160427852519,False,-0.03610568896736044,-0.055242729334485485,0.021509891132096337,-0.09072168842878281,0.8866591264041628,0.7775258650682482,0.8868646522933956,1.1300424738288861,0.7775258650682482,100337311.34094143,0.5500044504914614,64.59725036621094,65.7905834197998,66.37738841374716,False,False,False,False,False,False,dry_up,0,0,normal,False,False,,False,169.0,,0.016792654254178193,39.82415777063281,True,False,True,False,False,True,False,,Confirmed Uptrend,65.83,-0.047,0.30019205185366027,0.9597340907832117,-0.002475052124188415,-0.19063529858563055,0.37294311276645425,0.39834930777422795,,False,,,1,0.608,0.854
BN,Brookfield Corporation,Financials,XLF,94994817024.0,2026-08-24,41.970001220703125,0.006716301348466791,-0.0182455854806286,-0.0026140828318687026,-0.03446368214565432,-0.10026265392775224,False,-0.0367866266084893,-0.05327617784339911,-0.025570064507785317,-0.15924400647443226,0.918782857712628,0.6519231179017246,0.7396785741919422,1.4770157601670477,0.6519231179017246,194418765.71010286,0.8358204706297648,43.20799961090088,43.57623570760091,43.37218472162883,False,False,False,False,False,False,weak_rally,2,2,normal,False,False,,False,13.0,,0.023537229387495116,41.675577360416455,True,False,False,True,False,True,False,,Confirmed Uptrend,44.54,-0.0577,0.2920500785171449,0.9993134723312326,-0.16552883001297958,-0.12713181813531593,0.29875017796837006,0.39653887113951014,,False,,,1,0.608,0.854
CHT,"Chunghwa Telecom Co., Ltd.",Communication Services,XLC,33054480384.0,2026-08-24,43.16999816894531,-0.0048410072383394676,0.01600368236330585,0.002089051394277064,-0.029910733457566896,-0.059759210034621146,False,-0.03224463167402958,-0.010657545438724436,-0.03948618913823776,-0.028750088851502875,0.9698212574971662,1.0310176123272181,1.1420104932712958,1.0663423208773999,1.0310176123272181,7407330.104792786,0.17116640318922263,42.65150032043457,42.79580415089925,42.098488839467365,True,True,True,True,False,False,distribution,5,2,normal,False,False,,False,,,0.008893411807108984,58.57212251146824,False,False,False,True,False,True,False,,Confirmed Uptrend,,,0.4177359436025376,0.9408024526034724,-0.16920352670990058,-0.047597307408568934,0.36603942070583684,0.3949946751863685,,False,,,1,0.608,0.854
DLR,"Digital Realty Trust, Inc.",Real Estate,XLRE,70934233088.0,2026-08-24,188.5500030517578,-0.010859259880670491,-0.04729422685642426,-0.03683077062421125,-0.06758772587989226,0.0005690613994322469,False,-0.06983097855635279,0.05282121529681327,-0.02769423032774132,0.01977936785429879,0.9420435113741449,0.838451946284185,0.8251077408155754,0.8785589791273493,0.838451946284185,400962772.52875745,0.7180767342642125,193.26749954223632,186.57906850179037,186.88291702270507,False,True,True,True,False,False,dry_up,0,0,normal,False,False,,False,21.0,,0.024146679244882965,46.69955448493865,True,False,False,True,False,True,False,,Confirmed Uptrend,199.08,-0.0529,0.5071172046593768,0.9852206799546813,0.06386786841614955,0.05257598002986552,0.6338810772639001,0.3946219382321619,,False,,,1,0.608,0.854
BCS,Barclays PLC,Financials,XLF,92721143808.0,2026-08-24,26.969999313354492,0.005218016774004575,-0.029856113182894273,-0.04506565995941203,-0.07555964987619579,0.06209227804471107,False,-0.07778372322572391,0.11755732419354192,-0.06704456986212726,-0.007532084400539096,0.954934340040588,0.6785818593333669,0.711826121184136,0.8693818138130769,0.6785818593333669,99580706.46209268,0.6985446346212976,27.430921459197997,26.65759210586548,24.501637093226115,False,True,True,True,True,False,weak_rally,0,0,normal,False,False,,False,162.0,,0.014918674973971575,46.581958554741156,True,False,False,True,False,True,False,,Confirmed Uptrend,25.01,0.0785,0.32101429998050995,0.9993134723312326,0.18827239265739681,0.021034954028134045,0.6904610092657453,0.39318423855165074,,False,,,1,0.608,0.854
ALLY,Ally Financial Inc.,Financials,XLF,13180973056.0,2026-08-24,42.45000076293945,-0.011180981570560578,-0.02659939993526994,-0.021407305755776873,-0.05265677967212301,-0.05267082292481917,False,-0.054935954103339846,-0.0031989854858530675,-0.04393073983537532,-0.11477200880394878,0.9046545756786405,0.8994668299728712,0.9460623388432408,1.4191637839698883,0.8994668299728712,116357979.1375349,0.02762591626236612,43.70346622467041,44.135727945963545,42.49285287857056,False,False,True,True,False,False,dry_up,0,1,normal,False,False,,False,52.0,,0.01948341669673771,40.53506447383592,True,False,False,True,False,True,False,,Confirmed Uptrend,43.05,-0.014,0.36152291545452603,0.9993134723312326,-0.029717564754648484,-0.006888324874779417,0.5023496380835226,0.39307774227902026,,False,,,1,0.608,0.854
TMUS,"T-Mobile US, Inc.",Communication Services,XLC,185261129728.0,2026-08-24,182.6199951171875,-0.002294570500168014,0.013879636174614962,0.030528684602193934,-0.0023792651903331574,-0.052756566767156676,False,-0.0047794002438601435,-0.0032892070805202733,-0.012226475608747234,-0.021516498558552533,0.9334491703481889,0.8671577498406949,0.9527258986982867,0.7309448795750203,0.8671577498406949,830268069.4655212,0.2852937084591806,179.34450073242186,181.87216720581054,190.43646176656088,True,True,False,False,False,False,dry_up,0,1,normal,False,False,,False,107.0,,0.025290619338262658,52.16574581633894,True,False,False,True,False,True,False,,Confirmed Uptrend,207.34,-0.1192,0.4851178184000342,0.9408024526034724,-0.39539880385726167,-0.2401525332599792,0.09691183589323037,0.39164004259850904,,False,,,1,0.608,0.854
TTWO,"Take-Two Interactive Software, ",Communication Services,XLC,45421289472.0,2026-08-24,233.5,-0.025540419171590778,-0.033566493894558125,-0.042836634879972246,-0.0734018044218323,0.06118943031977442,False,-0.07563106924376506,0.11660732756095982,-0.08254797298750671,0.09618743508006755,0.9036027889435694,1.1704647878082557,0.9799929551442986,0.7025768869512301,1.1704647878082557,562104742.1536102,0.08179428278928094,242.69499816894532,236.94566650390624,224.88033332824708,False,False,True,True,True,False,distribution,1,3,normal,False,False,,False,10.0,분산3일,0.03979450644758288,43.21441160160074,True,False,False,True,False,True,False,,Confirmed Uptrend,253.57,-0.0791,0.3570844844488264,0.9408024526034724,-0.1352194246373395,0.08796061399571475,0.5075594129606533,0.39073482428115014,,False,,,1,0.608,0.854
CTRE,"CareTrust REIT, Inc.",Real Estate,XLRE,9907915776.0,2026-08-24,39.650001525878906,0.0017685621926701867,0.009933856877721636,-0.07704836194445142,-0.10652104583950184,0.05001891642155276,False,-0.1086706304287578,0.10485346221420722,-0.06829332225298157,0.07017862947489562,0.9135944730839717,0.6309580709101259,1.4230629872989973,0.8850281039067294,0.6309580709101259,92569091.08600998,0.30435095090667846,40.37150001525879,39.89092890421549,39.403467718760176,False,False,False,False,True,False,weak_rally,2,3,normal,False,False,,False,40.0,분산3일,0.021862736326018543,44.41608348100002,True,False,False,True,False,True,False,,Confirmed Uptrend,40.44,-0.0195,0.39670356097609555,0.9852206799546813,0.10788271903748137,0.0011756435572987112,0.6150368180963933,0.38993610223642183,,False,,,1,0.608,0.854
NVR,"NVR, Inc.",Consumer Discretionary,XLY,16462739456.0,2026-08-24,6397.58984375,0.0061461064880756755,0.015679064905716356,0.013633725549538234,-0.01873471624815204,-0.048371959211731874,False,-0.021095502388779996,0.0013243753628999766,-0.050286090198001676,-0.03129417127454803,0.9368788619017471,0.7823207118111197,0.9433633991117623,0.9600059826503141,0.7823207118111197,207168248.54785156,0.3722066506905574,6327.117504882813,6402.996321614583,6413.517081705729,True,False,True,False,False,False,weak_rally,0,1,normal,False,False,,False,45.0,,0.024166744879249222,51.70542197920687,True,False,False,True,False,True,False,,Confirmed Uptrend,6490.93,-0.0144,0.43351903411946674,0.9538536360667944,-0.3139512638815529,-0.20978078451381899,0.140051140990814,0.3872736954206603,,False,,,1,0.608,0.854
MLI,"Mueller Industries, Inc.",Industrials,XLI,14688657408.0,2026-08-24,63.45000076293945,0.003638081901222945,-0.04772619873273953,-0.011220156249814206,-0.04279493717554328,-0.09726534230040862,False,-0.045097837811561625,-0.05012233930105037,0.011980247807360067,-0.08579358705422713,0.9096122609313189,1.0117109248714802,0.971911930024356,1.1070451675849402,1.0117109248714802,73045363.67894001,0.39069785597183876,66.41250038146973,64.21663042704265,63.001220830281575,False,False,False,True,True,False,accumulation,2,0,normal,False,False,,False,86.0,,0.02628053691320129,44.42545118823134,True,False,True,True,False,True,False,,Confirmed Uptrend,67.18,-0.0556,0.42438049125614086,0.9597340907832117,0.21211435205842855,-0.0012732192207927095,0.6749426229974999,0.3863152289669862,,False,,,1,0.608,0.854
HAL,Halliburton Company,Energy,XLE,26941577216.0,2026-08-24,34.630001068115234,-0.020090522960019452,-0.00287931112695472,0.07780889875166919,0.043391146333889186,-0.16051701752869152,False,0.04088089411330609,-0.11667717109872877,-0.0033128287013122204,-0.21733597107485236,0.8744950101638567,1.421995858552891,1.0590462051737966,0.9911718284837464,1.421995858552891,341835912.8305313,0.4084525203898518,33.2419997215271,35.04764521916707,36.81068825721741,True,False,False,False,False,False,distribution,2,1,normal,False,False,,False,106.0,,0.02682439374271329,54.059439506919894,True,True,False,False,False,True,False,,Confirmed Uptrend,37.35,-0.0729,0.3397910007932279,0.9899607938878676,0.3645084758565471,-0.12247350573652294,0.6283630896448036,0.385356762513312,,False,,,1,0.608,0.854
CRDO,Credo Technology Group Holding ,Information Technology,XLK,38599061504.0,2026-08-24,222.61000061035156,-0.03452316633131791,-0.2128916100509245,0.06952052110663542,0.03536744207396314,-0.18960261375233844,False,0.03287649375633772,-0.14728168801331665,0.035364770525529554,-0.14546315530304177,0.7358522038036008,0.8568336303366578,0.9220669707539815,0.8775333089506863,0.8568336303366578,1145237731.8279252,0.918941602615072,233.4417510986328,238.72083333333333,193.8599584579468,False,False,True,True,False,False,dry_up,1,1,normal,False,False,,False,50.0,,0.09768878409825553,45.50898104044417,True,True,True,False,False,True,False,,Confirmed Uptrend,264.76,-0.1592,0.32940896519243845,0.9094630889501736,0.6355778626327919,0.5783963362688396,0.9410117715398678,0.38434504792332275,,False,,,1,0.608,0.854
MAA,Mid-America Apartment Communiti,Real Estate,XLRE,15791686656.0,2026-08-24,133.16000366210938,0.01408884424577117,0.015558332984215273,-0.002247887282075478,-0.03410918034582355,-0.059876088117731485,False,-0.03643297769008602,-0.010780527180064503,0.007216703265156887,-0.04182629110767111,0.9473359002274339,0.6721275335330971,0.7488801774473834,0.8755405155686963,0.6721275335330971,135303467.13069916,0.5789515952398335,133.09500122070312,133.96992734273275,129.48827508290609,True,False,True,True,False,False,weak_rally,0,0,normal,False,False,,False,47.0,,0.018731475931754064,50.60908657020285,True,False,True,True,False,True,False,,Confirmed Uptrend,134.88,-0.0127,0.355468105953175,0.9852206799546813,-0.1540043959364542,-0.055490992429921504,0.36544691417083824,0.38210862619808306,,False,,,1,0.608,0.854
FSLR,"First Solar, Inc.",Information Technology,XLK,22675881984.0,2026-08-24,208.30999755859375,-0.0278607488086281,-0.043791637721546595,0.012048757253447562,-0.02026907163274405,-0.25958671860124305,False,-0.022626166330306785,-0.22092053330744432,-0.020271599622827874,-0.21925904501269555,0.7616174550141614,0.5644113039576328,0.6163145817997564,1.6311530457482601,0.5644113039576328,605162261.2864716,0.033827334137670736,223.96949996948243,238.79133529663085,223.55158500671388,False,False,False,True,False,False,dry_up,0,1,normal,False,False,,False,9.0,,0.0592455033781616,39.61547603856009,True,False,False,False,False,True,False,,Confirmed Uptrend,240.91,-0.1353,0.27659570889956675,0.9094630889501736,-0.10139187460241739,-0.23059704393314717,0.27506996292562913,0.38157614483493085,,False,,,1,0.608,0.854
TIGO,Millicom International Cellular,Communication Services,XLC,15996857344.0,2026-08-24,92.97000122070312,-0.007578982516649568,-0.01368556000733967,-0.02526731077913169,-0.056393522865501367,-0.01924554919245569,False,-0.0586637072186138,0.031971837468952824,-0.06570757499804292,0.013099711660451652,0.8912856235901967,0.4614000688119541,0.8319397012753718,0.9753359703964442,0.4614000688119541,134396926.85388643,0.5159833895376383,94.18250045776367,91.98124440511067,84.86989981333414,False,True,True,True,True,False,dry_up,1,1,normal,False,False,,False,12.0,,0.047665907529474555,49.064424012257646,True,False,False,False,False,True,False,,Confirmed Uptrend,104.31,-0.1087,0.2556505680172617,0.9408024526034724,0.9018947490738962,0.33830795010276615,0.9468418444926621,0.3815761448349308,,False,,,1,0.608,0.854
TFC,Truist Financial Corporation,Financials,XLF,63329091584.0,2026-08-24,50.810001373291016,0.00773508961739533,-0.0327431457448224,-0.015472913180910597,-0.04691189050052991,-0.024109210201330833,False,-0.04920488632638942,0.02685418423370889,-0.038132934117072304,-0.08808272310645293,0.9568738763345515,0.6468748602497247,0.8289221245827106,1.015890805595633,0.6468748602497247,330679076.4188196,0.3095262964291715,51.75668888092041,50.46094977060954,48.76172717412313,False,True,True,True,True,False,weak_rally,0,0,normal,False,False,,False,41.0,,0.016367429245311135,45.647422609052995,True,False,False,True,False,True,False,,Confirmed Uptrend,50.17,0.0127,0.5114593045896196,0.9993134723312326,0.03168202966631317,-0.04074314259702583,0.5225896248711509,0.38040468583599574,,False,,,1,0.608,0.854
TD,Toronto Dominion Bank (The),Financials,XLF,198113951744.0,2026-08-24,116.55000305175781,-0.005121625832745336,-0.06265074405313409,-0.025908887877871045,-0.05701461243461736,-0.02724537826008766,False,-0.05928330253365688,0.023554237838827152,-0.04832871287804641,-0.09101330290689558,0.9338942323857276,0.5636765788692056,1.0385130037343455,1.1637741650582172,0.5636765788692056,248053960.95032883,0.7566013895112489,120.48500022888183,118.90193125406901,109.84096209208171,False,False,True,True,True,False,dry_up,0,2,normal,False,False,,False,31.0,,0.017215110878380114,38.41230422734766,True,False,False,True,False,True,False,,Confirmed Uptrend,120.53,-0.033,0.28918399039064485,0.9993134723312326,0.4038942826606542,0.16508804413161027,0.8644135016771739,0.3802981895633653,,False,,,1,0.608,0.854
CM,Canadian Imperial Bank of Comme,Financials,XLF,108212527104.0,2026-08-24,114.93000030517578,-0.013391686730204078,-0.06901577038222617,-0.028076107355807345,-0.059112625930386464,-0.0029198170843938165,False,-0.06137626850429123,0.04915013907921839,-0.050446051312179274,-0.06828237877262588,0.928802345961788,0.6758337805627689,1.1998289181374537,1.03405014522325,0.6758337805627689,114274125.25575066,0.4076095069079329,119.06199951171875,115.57909762064615,109.66000518798828,False,False,True,True,True,False,dry_up,3,3,normal,False,False,,False,50.0,분산3일,0.02008676064250557,40.400042544356154,True,False,False,True,False,True,False,,Confirmed Uptrend,111.1,0.0345,0.2833992032509753,0.9993134723312326,0.3876984191201216,0.10435373528220615,0.832857801848593,0.38024494142705006,,False,,,1,0.608,0.854
BE,Bloom Energy Corporation,Industrials,XLI,60616675328.0,2026-08-24,204.02000427246094,0.012757544617283179,-0.12120950614130754,0.0841747912275177,0.0495537562877566,-0.2098882962747609,False,0.047028677695131194,-0.16862673829551433,0.10961351086168936,-0.19984772897741487,0.5899089219949186,0.8975409893632958,0.7101315963550577,0.6820136822351689,0.8975409893632958,3458760481.161316,0.7540645041467133,212.67450103759765,246.11116739908854,228.09566745758056,False,False,False,True,False,False,weak_rally,0,0,normal,False,False,,False,38.0,,0.09656091215106088,43.687630086127626,True,True,True,False,False,True,False,,Confirmed Uptrend,302.7,-0.326,0.36289489387628077,0.9597340907832117,2.508370416820992,0.059647967579549155,0.8785669132596401,0.3797124600638978,,False,,,1,0.608,0.854
UAL,"United Airlines Holdings, Inc.",Industrials,XLI,39380045824.0,2026-08-24,113.56999969482422,0.003534519151283888,-0.07107804915399274,-0.058057560070645775,-0.0881366786665646,-0.02794147584274187,False,-0.0903304934552831,0.022821788344626226,-0.0359561334051538,-0.015588768013275578,0.8343986421684498,0.7798725813743612,0.9993880567275992,1.0920552732964934,0.7798725813743612,381648125.5572311,0.26589549490748804,123.1309986114502,120.98116658528646,107.79241650899252,False,False,True,True,True,False,weak_rally,1,1,normal,False,False,,False,39.0,,0.03157900828312193,38.49056666901478,True,False,False,False,False,True,False,,Confirmed Uptrend,135.19,-0.1599,0.31993802528784615,0.9597340907832117,0.03517498170253197,0.01374536160843376,0.5811707756003941,0.37944621938232165,,False,,,1,0.608,0.854
LEN-B,Lennar Corporation,Consumer Discretionary,XLY,19440236544.0,2026-08-24,86.7699966430664,0.014972497500076898,0.02323105566524819,0.04165658420387497,0.008393286358586272,-0.09457171255390884,False,0.0059672340624779,-0.04728804164716982,-0.024030355028958672,-0.0783230191331854,0.9499236761342338,0.7598748841577881,1.141995975382045,0.9165364333652924,0.7598748841577881,6754404.486727143,0.44369520327680173,84.54799995422363,85.31463559468587,86.09448305765788,True,True,True,False,False,False,weak_rally,1,3,normal,False,False,,False,,분산3일,0.03193739989787195,54.748916464021356,False,True,False,True,False,True,False,,Confirmed Uptrend,,,0.32553975783314826,0.9538536360667944,-0.41444957039053343,-0.28476979961155946,0.07430729015393552,0.3793929712460064,,False,,,1,0.608,0.854
NTES,"NetEase, Inc.",Communication Services,XLC,85326143488.0,2026-08-24,122.96499633789062,-0.0406101420411491,-0.011535411337513235,-0.006504001995712105,-0.03822938422902877,-0.05645409809509572,False,-0.040543268942746624,-0.007179832502051786,-0.04772272904162578,-0.025335974390761407,0.9162816626986613,0.9047365305788077,1.3351557760461947,1.0433135580696045,0.9047365305788077,107377239.73781586,0.03309276535821158,127.77675018310546,126.03133303324381,120.26595935821533,False,False,True,True,True,False,dry_up,4,4,normal,False,False,surge,False,1.0,분산4일,0.034081999150582735,45.7444876799038,True,False,False,True,False,True,False,,Confirmed Uptrend,128.17,-0.0406,0.28952717122245814,0.9408024526034724,-0.20997683229140285,-0.04093270454619646,0.33585712414504,0.379073482428115,,False,,,1,0.608,0.854
JCI,Johnson Controls International ,Industrials,XLI,88838045696.0,2026-08-24,142.99000549316406,-0.00041941668866685156,-0.07101086802108914,-0.002789552257388861,-0.03463354829284615,-0.040336764482318155,False,-0.03695608408164286,0.009779187535820855,0.020608664710623392,-0.02814157327887934,0.9239468245577381,0.6513397666457418,0.9200231215798818,0.6637617406291371,0.6513397666457418,541230300.9811935,0.8111129321209176,148.58699951171874,144.6282160441081,140.98021844228109,False,False,True,True,True,False,dry_up,0,2,normal,False,False,,False,45.0,,0.026520333239269,42.06393832754305,True,False,True,True,False,True,False,,Confirmed Uptrend,144.82,-0.0126,0.3220635969525077,0.9597340907832117,0.17112106769410618,-0.07252312125686733,0.5866871686228949,0.37848775292864756,,False,,,1,0.608,0.854
LAMR,Lamar Advertising Company,Real Estate,XLRE,16231958528.0,2026-08-24,152.67999267578125,0.012668225437393543,0.001968682132537314,-0.05161819078101515,-0.08190293823952155,-0.024025392249435007,False,-0.08411175053018816,0.02694237936324373,-0.042621922677658186,-0.005287284076438081,0.9291060121373902,0.640048709460775,0.7921828577436352,1.0392907566275713,0.640048709460775,116043955.03906555,0.8835906213667485,156.42300033569336,155.41909154256186,145.5312547047933,False,False,True,True,True,False,weak_rally,1,2,normal,False,False,,False,18.0,,0.0225167517457891,43.39777288178686,True,False,False,True,False,True,False,,Confirmed Uptrend,164.33,-0.0709,0.3155272579254556,0.9852206799546813,0.1638105718536389,0.13459165688949093,0.7549403450023634,0.37843450479233226,,False,,,1,0.608,0.854
AM,Antero Midstream Corporation,Energy,XLE,10428587008.0,2026-08-24,22.139999389648438,0.0,-0.0004514776096641304,0.018271672604526668,-0.01424487310439504,0.009481052331990147,False,-0.016616461175594788,0.06219861210659139,-0.05836896117924395,-0.05884392651311865,0.9647014942242919,0.6766177084003229,0.9246079265980414,0.7130080178338716,0.6766177084003229,57707162.777945325,0.7878796636129816,21.951249885559083,21.898333009084066,21.83006304105123,True,True,True,True,True,False,dry_up,0,3,normal,False,False,,False,40.0,분산3일,0.024567679938374103,50.744164266242215,True,False,False,True,False,True,False,,Confirmed Uptrend,22.95,-0.0353,0.3319639130934553,0.9899607938878676,0.13147438706058368,-0.0269337216646659,0.6066045912991975,0.37742279020234293,,False,,,1,0.608,0.854
RCL,Royal Caribbean Cruises Ltd.,Consumer Discretionary,XLY,85129994240.0,2026-08-24,293.0,0.003424657534246478,-0.029126241081680715,-0.03947026031881584,-0.07014292855207238,-0.019288613722064696,False,-0.0723800337705981,0.031926524004696866,-0.10004133489229416,-0.0016889000055974046,0.8948750472905002,0.9134989136355718,0.9161917803533255,1.139241985169672,0.9134989136355718,547894101.9510864,0.3769286430465016,310.85149841308595,300.2646809895833,284.9249340057373,False,False,True,False,True,False,weak_rally,0,1,normal,False,False,,False,43.0,,0.0271123907497486,41.41959710245334,True,False,False,False,False,True,False,,Confirmed Uptrend,309.53,-0.0534,0.4016611822710539,0.9538536360667944,-0.2186109283906531,-0.09962800104408986,0.27640760166977046,0.3759318423855165,,False,,,1,0.608,0.854
FITB,Fifth Third Bancorp,Financials,XLF,51221372928.0,2026-08-24,54.900001525878906,0.0014593548248822419,-0.04687494825985561,-0.036842078493352526,-0.06759867265399999,-0.0024272734349701786,False,-0.06984189899406301,0.04966840455791277,-0.05901026356247607,-0.06782212331348159,0.9247094915542395,0.8298656649120796,1.0508050222900307,1.0782631997083867,0.8298656649120796,315576334.9991749,0.19230825661152479,56.82949981689453,55.5144292195638,51.552508703867595,False,False,True,True,True,False,weak_rally,2,3,normal,False,False,,False,37.0,분산3일,0.018657303628314015,38.04143957493666,True,False,False,True,False,True,False,,Confirmed Uptrend,57.49,-0.0451,0.38681771653812974,0.9993134723312326,0.17756018748860014,0.05681103985995106,0.7125848980312426,0.37566560170394037,,False,,,1,0.608,0.854
CDW,CDW Corporation,Information Technology,XLK,18883235840.0,2026-08-24,132.50999450683594,-0.034535559148736295,-0.020620905262319744,-0.04006084503231,-0.07071465407960675,-0.010929570677609801,False,-0.07295038380699448,0.04072209664060544,-0.07071705190545019,0.042941571874621776,0.860454509784649,0.801051815255639,0.9632535384315579,0.9441508426274383,0.801051815255639,280676931.0848808,0.23421017760413113,140.28049850463867,136.0616662343343,128.23847668965658,False,False,True,True,True,False,dry_up,2,1,normal,False,False,,False,14.0,,0.060340446847282556,44.47668905661749,True,False,False,False,False,True,False,,Confirmed Uptrend,154.0,-0.1395,0.3113284478741529,0.9094630889501736,-0.2932354496526003,0.00933954342902621,0.33264560660162995,0.3751863684771033,,False,,,1,0.608,0.854
IR,Ingersoll Rand Inc.,Industrials,XLI,32629663744.0,2026-08-24,79.98999786376953,-0.006458877886762915,-0.02818612275103871,-0.05493883731266902,-0.08511754631637547,0.0534959338550165,False,-0.08731862471252749,0.10851205796849461,-0.032764233965244416,0.06688353053467533,0.8889875574205067,0.9182662761950939,0.9423347263070523,0.5040733914224679,0.9182662761950939,356637895.47416383,0.20799967447916667,84.45475578308105,80.08699340820313,80.07339547475179,False,False,True,False,True,False,dry_up,1,0,normal,False,False,,False,22.0,,0.026384860198650186,41.000839932104405,True,False,False,False,False,True,False,,Confirmed Uptrend,84.29,-0.051,0.3994276543059858,0.9597340907832117,-0.07229426564162866,-0.1742738424852026,0.3301204489928414,0.37460063897763585,,False,,,1,0.608,0.854
CB,Chubb Limited,Financials,XLF,135292297216.0,2026-08-24,345.8299865722656,0.014193954299256406,0.014580770504865948,-0.03644372393185713,-0.06721303877860019,0.019624322079536904,False,-0.06945719289948193,0.0728715881106261,-0.05862107758844193,-0.04721609736984511,0.9513892340364941,1.454980725954335,1.155771868020697,0.9176195957535316,1.454980725954335,585850432.1952317,0.7735808315999337,348.16199798583983,341.10665028889974,333.12375869750974,False,True,True,True,True,False,accumulation,3,3,normal,False,False,,False,18.0,분산3일,0.015548527711260718,49.655251497929285,True,False,False,True,False,True,False,,Confirmed Uptrend,361.9,-0.0444,0.5046819900688866,0.9993134723312326,0.10425840103408435,-0.0027389417027887664,0.6075684110414424,0.3744408945686901,,False,,,1,0.608,0.854
IRM,Iron Mountain Incorporated (Del,Real Estate,XLRE,36393218048.0,2026-08-24,121.19000244140625,-0.006802116247290657,-0.0670515155067598,-0.0456728523500356,-0.07614745274665957,-0.06042520800968809,False,-0.07837011192522614,-0.011358323450503693,-0.036620187278737726,-0.04238595376155396,0.9107921589134219,0.9006068695699937,0.747950247623065,1.2479303839649107,0.9006068695699937,213925670.13683778,0.8743466581451782,124.1199993133545,124.71970329284667,119.16986541748047,False,False,False,True,False,False,dry_up,0,0,normal,False,False,,False,38.0,,0.034850831233727744,44.08243962381812,True,False,False,True,False,True,False,,Confirmed Uptrend,126.31,-0.0405,0.31568016420066874,0.9852206799546813,0.24647593273801705,0.07598863244282783,0.7557296703171539,0.3742279020234292,,False,,,1,0.608,0.854
OGE,OGE Energy Corp,Utilities,XLU,9781622784.0,2026-08-24,45.959999084472656,0.007452875066821907,-0.02935584866825569,-0.06737012534624875,-0.09715186509662155,-0.05574240312810941,False,-0.0993239906158514,-0.0064309710901118144,-0.014286632218046824,-0.007840464087817134,0.920120087737272,1.1637171555591876,0.9354011336640563,1.0886253004474356,1.1637171555591876,66492527.5627491,0.8272702682082689,47.04249992370605,47.67854665120443,47.493322944641115,False,False,False,False,False,False,accumulation,2,1,normal,False,False,,False,99.0,,0.018727469992221444,37.67990204509339,True,False,False,True,False,True,False,,Confirmed Uptrend,47.43,-0.031,0.35310734482354666,0.9176635341809471,-0.019640096833227205,-0.029940089418654336,0.49281691183589327,0.37417465388711396,,False,,,1,0.608,0.854
HD,"Home Depot, Inc. (The)",Consumer Discretionary,XLY,331002839040.0,2026-08-24,337.42999267578125,0.005422983235472634,-0.001331869896199822,0.003987016431585388,-0.028073376280174478,-0.002395276130874757,False,-0.030411694919362686,0.04970207283917749,-0.059324477144101606,0.015507603134071735,0.9428052484778089,0.831241346839609,1.1276791609668528,0.6948077956615114,0.831241346839609,1351607506.5047212,0.3210675433094708,342.5519958496094,335.9161102294922,331.2953348795573,False,True,True,False,True,False,weak_rally,1,4,normal,False,False,,False,45.0,분산4일,0.025377778764304793,47.58740783871162,True,False,False,True,False,True,False,,Confirmed Uptrend,334.28,0.0094,0.365325161499192,0.9538536360667944,-0.2688283741294708,-0.1770848983205101,0.18103865188247822,0.3736421725239617,,False,,,1,0.608,0.854
KRYS,"Krystal Biotech, Inc.",Health Care,XLV,10056134656.0,2026-08-24,341.7200012207031,-0.014022694730958296,0.017841688375660025,-0.02870787872563485,-0.059724222897667656,0.02431697430057489,False,-0.061986394055363325,0.077809302062533,-0.09153331734198678,-0.06674777063959814,0.9036625855777386,0.7714180773634216,0.7512068989678989,0.9872407064274431,0.7714180773634216,102832632.23611756,0.48943487041183037,336.8529983520508,339.07141571044923,305.97329063415526,True,True,True,True,False,False,dry_up,1,0,normal,False,False,,False,26.0,,0.02915419101849782,51.88925261116119,True,False,False,True,False,True,False,,Confirmed Uptrend,354.86,-0.037,0.32948814040021007,0.9944216998611353,0.9570065979813711,0.12133109185589896,0.8993527076819691,0.37199148029818957,,False,,,1,0.608,0.854
ASTS,"AST SpaceMobile, Inc.",Information Technology,XLK,22891587584.0,2026-08-24,62.349998474121094,-0.09176988946435649,-0.12355919301295881,0.06965169831576112,0.0354944303914293,-0.38401460432728707,False,0.03300317655778828,-0.3518463463479604,0.03549175851532915,-0.35046407437856386,0.7016655193096832,1.0178951214256688,0.8184636174524992,0.9670726805877305,1.0178951214256688,783784416.1446441,0.008420449042429909,66.32049942016602,75.05216643015544,81.13604151407877,False,False,False,False,False,False,distribution,0,1,normal,False,False,,False,57.0,,0.07536372302435604,43.18431389434733,True,True,True,False,False,True,False,,Confirmed Uptrend,118.17,-0.4724,0.4377041958654247,0.9094630889501736,0.06286388560347755,-0.38467880946053,0.361671137232122,0.3712992545260916,,False,,,1,0.608,0.854
MSCI,MSCI Inc.,Financials,XLF,41601847296.0,2026-08-24,571.3599853515625,0.013966521595022652,0.037553557330630705,0.0041563264454542725,-0.027909472855679573,-0.07006417714821,False,-0.03024818582343436,-0.021500663039170864,-0.018955483971006437,-0.1310251596536579,0.8998233546883484,0.6190799374428281,0.9431121663409426,0.9894796260894435,0.6190799374428281,374639279.17456055,0.8858036319795042,567.32509765625,585.878505452474,574.6814997355143,True,False,False,True,False,False,weak_rally,2,0,normal,False,False,,False,59.0,,0.021915454294571746,50.03222355276636,True,False,False,False,False,True,False,,Confirmed Uptrend,629.13,-0.0918,0.6579625618831756,0.9993134723312326,-0.16517309675548664,-0.05684695811764817,0.35881954292027585,0.3698083067092652,,False,,,1,0.608,0.854
MTB,M&T Bank Corporation,Financials,XLF,35695546368.0,2026-08-24,241.7899932861328,0.006033107141283578,-0.04377919519693918,-0.02613986436713822,-0.057238213134325644,0.02294482812229859,False,-0.05950636528155784,0.07636549906810797,-0.048554373178299914,-0.044113263671569425,0.9515919428980542,0.5924762817947816,1.1043156486908452,0.8112519964088267,0.5924762817947816,238227739.7186943,0.2532291896665931,249.2384994506836,239.5201665242513,224.3906105041504,False,True,True,True,True,False,weak_rally,0,2,normal,False,False,,False,19.0,,0.0165196435108701,42.470927415114886,True,False,False,True,False,True,False,,Confirmed Uptrend,252.61,-0.0428,0.3651827792676104,0.9993134723312326,0.13619002035102779,0.046699702502133844,0.6794589761550859,0.3694355697550586,,False,,,1,0.608,0.854
DOV,Dover Corporation,Industrials,XLI,27558266880.0,2026-08-24,203.6199951171875,0.008419160873901266,-0.013803487609171605,-0.010833183969917948,-0.042420322110490405,-0.10191982684314338,False,-0.044724124017620936,-0.05501989236551186,0.01237629987717015,-0.09050721977191689,0.8825033540833381,0.7611603871336741,0.8549221728201449,1.0223050371013414,0.7611603871336741,201210586.78025818,0.7940441482715536,205.77250061035156,212.60883305867512,213.44934488932293,False,False,False,False,False,False,weak_rally,0,0,normal,False,False,,False,45.0,,0.0172134558341473,43.837580336844965,True,False,True,False,False,True,False,,Confirmed Uptrend,223.57,-0.0892,0.5363105081118182,0.9597340907832117,-0.02032223371355779,-0.19115740785496127,0.36011435535585135,0.36879659211927585,,False,,,1,0.608,0.854
TDY,Teledyne Technologies Incorpora,Information Technology,XLK,30371991552.0,2026-08-24,625.2100219726562,-0.017197205095579093,-0.0768674178057156,-0.040573929948333864,-0.07121135461651729,-0.03387112823912297,False,-0.07344588935233343,0.01658247505473276,-0.07121375116072914,0.01875046940596481,0.9043975596885079,0.6975072579214806,0.8385023010644952,1.0210485935112223,0.6975072579214806,213556603.80023193,0.35350139267928987,665.0829986572265,641.6991668701172,638.1740000406901,False,False,True,False,True,False,dry_up,1,0,normal,False,False,,False,23.0,,0.023180198919484186,35.627458452816796,True,False,False,True,False,True,False,,Confirmed Uptrend,650.5,-0.0389,0.3079157475429584,0.9094630889501736,0.027737857129505272,-0.10471729434678478,0.458680926916221,0.3658679446219383,,False,,,1,0.608,0.854
O,Realty Income Corporation,Real Estate,XLRE,59558297600.0,2026-08-24,63.16999816894531,0.009105426656837112,0.012339689490986183,-0.031498966090723446,-0.06242618226054797,-0.008124047860058825,False,-0.06468185288436945,0.04367413069429271,-0.02231184875598513,0.01091935627955265,0.9648185402114444,0.7059019859465281,0.9142121599474371,0.7096913679809804,0.7059019859465281,347354176.41841966,0.6338638810486804,63.06284294128418,62.49824625651042,62.18708693186442,True,True,True,False,True,False,weak_rally,2,1,normal,False,False,,False,122.0,,0.014914397876861545,51.34198400194705,True,False,False,True,False,True,False,,Confirmed Uptrend,65.56,-0.0365,0.5488337588402789,0.9852206799546813,-0.016190686088994433,-0.07663040793027553,0.4476679594289066,0.36512247071352505,,False,,,1,0.608,0.854
MFC,Manulife Financial Corporation,Financials,XLF,74022576128.0,2026-08-24,42.81999969482422,0.00729243438087801,-0.023787736345428523,-0.020021239118531153,-0.05131497440478294,0.045906801336197844,False,-0.05359737703058798,0.10052660246146905,-0.042576575112703074,-0.022656538898461198,0.9644374926700642,0.4772039448138384,1.4315173864984698,0.5381553999960947,0.4772039448138384,136627812.4443535,0.7768572113141402,43.66026706695557,41.52864449818929,38.8479185740153,False,True,True,True,True,False,weak_rally,2,4,normal,False,False,,False,12.0,분산4일,0.020892296293600662,48.05514990994889,True,False,False,True,False,True,False,,Confirmed Uptrend,44.21,-0.0315,0.3452968585329584,0.9993134723312326,0.25974586942595446,0.13841945797349675,0.7989972265409213,0.3643769968051118,,False,,,1,0.608,0.854
WCC,"WESCO International, Inc.",Industrials,XLI,16729643008.0,2026-08-24,337.010009765625,-0.03474252269544831,-0.09639098700425397,-0.003312321003797525,-0.03513962342565913,-0.054946504991794654,False,-0.03746094166892644,-0.005593509214211645,0.020073629890809297,-0.042936971186025796,0.9008553976670409,0.8096801322084833,0.876824130929412,0.6907606339643455,0.8096801322084833,222270991.4411133,0.08669792250949845,353.9349990844727,345.91491038004557,327.1593636830648,False,False,False,True,True,False,dry_up,1,0,normal,False,False,,False,79.0,,0.036355433354331494,44.322113949213474,True,False,True,True,False,True,False,,Confirmed Uptrend,348.61,-0.0333,0.27954004629252893,0.9597340907832117,0.34984509434757904,0.0696163686554574,0.7978887541075099,0.36363152289669864,,False,,,1,0.608,0.854
GLPI,"Gaming and Leisure Properties, ",Real Estate,XLRE,13053901824.0,2026-08-24,43.93000030517578,0.00872562743449734,0.039763320832562954,-0.024644773263512443,-0.05579086488706897,-0.10007289039436096,False,-0.058062499150441815,-0.05307650439600631,-0.015392637646362561,-0.08279484709929119,0.9254265678429466,1.2128744411884556,1.217105918412473,1.161603850054626,1.2128744411884556,120689522.09431382,0.2758631273403313,43.829000091552736,44.6712428410848,45.41592165629069,True,False,False,False,False,False,accumulation,5,3,normal,False,False,,False,121.0,분산3일,0.019698548981017718,50.75419400856791,True,False,False,True,False,True,False,,Confirmed Uptrend,48.18,-0.0882,0.32007579221205734,0.9852206799546813,-0.1319640764894956,-0.10345819971903747,0.3388911858673182,0.3628860489882854,,False,,,1,0.608,0.854
GEV,GE Vernova Inc.,Industrials,XLI,263747485696.0,2026-08-24,942.0999755859375,-0.015415164734646769,-0.12687676034667517,-0.054657506585546134,-0.08484519934446633,0.0018849886361163026,False,-0.08704693296909449,0.05420586345956013,-0.032476302186750905,0.014616724674416659,0.8018827667400942,0.8519515195149246,1.0040705646253394,0.7982071770615649,0.8519515195149246,2194722724.360181,0.7027135768250704,997.0525054931641,1019.2462168375652,994.4205754597982,False,False,False,True,False,False,dry_up,0,2,normal,False,False,,False,85.0,,0.04319173809770923,39.190409470518524,True,False,False,False,False,True,False,,Confirmed Uptrend,1126.98,-0.1641,0.3982078776667539,0.9597340907832117,0.4276845012538806,0.12202947000031927,0.8533597580769164,0.36261980830670926,,False,,,1,0.608,0.854
KR,Kroger Company (The),Consumer Staples,XLP,35374256128.0,2026-08-24,59.08000183105469,0.02037997019133697,0.05368293477105768,0.02596364103208537,-0.006798532881661545,-0.1058252948233035,False,-0.009188035799220673,-0.05912931339780325,0.001443797379774292,-0.10164066131706562,0.9192608622877608,0.7539211479790267,1.053283890375088,0.8743329106673539,0.7539211479790267,353747553.8868645,0.8873013024688589,57.04983196258545,58.47354927062988,63.556552982330324,True,True,False,False,False,False,weak_rally,1,0,normal,False,False,,False,118.0,,0.022296181112956153,59.645493529505494,True,False,True,True,False,True,False,,Confirmed Uptrend,70.71,-0.1645,0.5088899900406597,0.9838065079008816,-0.31199934260186757,-0.23064587439161677,0.13025895109713942,0.3612886048988286,,False,,,1,0.608,0.854
BMO,Bank Of Montreal,Financials,XLF,125689765888.0,2026-08-24,172.35000610351562,-0.01192447778250938,-0.06978623035929143,-0.0277521699512685,-0.05879903284328758,0.004084437336703717,False,-0.06106342987801561,0.05652017272942356,-0.050129569698818766,-0.061737281016682743,0.9275604562083177,1.1616994102331397,1.2245117982344342,0.8820435942677208,1.1616994102331397,155108168.5120468,0.38362173858711024,179.71084518432616,174.50126469930012,159.68534838358562,False,False,True,True,True,False,distribution,1,3,normal,False,False,,False,17.0,분산3일,0.018952295622727926,38.100821727898285,True,False,False,True,False,True,False,,Confirmed Uptrend,178.62,-0.0351,0.25105627716468815,0.9993134723312326,0.354651600394293,0.1569827350199482,0.8456045514342827,0.3610756123535676,,False,,,1,0.608,0.854
NUE,Nucor Corporation,Materials,XLB,58595471360.0,2026-08-24,244.63999938964844,0.004145608039213933,-0.1028311355408924,-0.012991209605317189,-0.04450943535138574,-0.09400781723677754,False,-0.046808211146141976,-0.04669469834285889,-0.05333371775732254,-0.10476981469669389,0.8904419017448137,0.881077380144985,1.474519328726238,1.332532885471241,0.881077380144985,430919723.35662156,0.08363895680521598,263.229500579834,248.8590296427409,222.83835525512694,False,False,True,True,True,False,weak_rally,1,3,normal,False,False,,False,13.0,분산3일,0.038207736855103584,41.00370805882304,True,False,False,False,False,True,False,,Confirmed Uptrend,274.74,-0.1096,0.28121496501374393,1.0,0.4897993713564901,0.27897787231841886,0.910501899278445,0.3608626198083067,,False,,,1,0.608,0.854
PBA,Pembina Pipeline Corp.,Energy,XLE,28449615872.0,2026-08-24,48.72999954223633,0.0,0.0014385469593860556,-0.023642562788686594,-0.054820658074518414,-0.024175869888116153,False,-0.057094626518907066,0.02678404341568852,-0.09712850450793042,-0.09022283817188947,0.9486081478578771,0.7568639657264162,1.0846410922381875,1.1604960368192279,0.7568639657264162,42797475.56233158,0.8100537467127555,48.78000030517578,48.38925399780273,46.57599407831828,False,True,True,True,True,False,dry_up,1,2,normal,False,False,,False,51.0,,0.019165378764125527,49.2874118582333,False,False,False,True,False,True,False,,Confirmed Uptrend,48.31,0.0087,0.3467200305770697,0.9899607938878676,0.1812169951964293,0.0942347507771304,0.7456124105175035,0.36017039403620876,,False,,,1,0.608,0.854
PUK,Prudential Public Limited Compa,Financials,XLF,37636923392.0,2026-08-24,28.5,0.012073869120391212,0.010996788225238197,-0.030282388844210306,-0.06124845406651158,0.054895923543813785,False,-0.0635069581385801,0.10998515852939073,-0.05260155269977285,-0.014256689313935866,0.919948367369882,0.49814148105106304,1.0431625843295302,0.5566921404572106,0.49814148105106304,33679536.16106415,0.7777783664646294,28.514499950408936,27.857999960581463,28.88170442581177,False,True,False,False,False,False,weak_rally,1,2,normal,False,False,,False,,,0.019824575362050144,52.08091317403591,False,False,False,True,False,True,False,,Confirmed Uptrend,,,0.2777238007052066,0.9993134723312326,-0.058225055584653185,-0.10257214066264952,0.3917162984857027,0.35894568690095846,,False,,,1,0.608,0.854
JAZZ,Jazz Pharmaceuticals plc,Health Care,XLV,15884065792.0,2026-08-24,254.47000122070312,0.000747217407261136,0.02460138748323426,-0.003758334896468707,-0.035571394723237004,0.03852657658687164,False,-0.0378916741855424,0.09276096439658499,-0.06819756816842693,-0.05380144314066515,0.9726703079660189,0.5456847810291181,0.620022653460034,0.6432543386554173,0.5456847810291181,195615159.80579528,0.9460103229781183,253.37050094604493,243.13283360799153,222.9585833231608,True,True,True,True,True,False,weak_rally,0,1,normal,False,False,,False,14.0,,0.026688528154803815,55.26959747156379,True,False,False,True,False,True,False,,Confirmed Uptrend,261.62,-0.0273,0.3422861679404305,0.9944216998611353,0.7917482888929201,0.34606381694382393,0.9406349911442938,0.35851970181043663,,False,,,1,0.608,0.854
AEE,Ameren Corporation,Utilities,XLU,30334744576.0,2026-08-24,107.16000366210938,0.00970513931355299,-0.021101649153511426,-0.044153036493562725,-0.0746761692839435,-0.04586338112153476,False,-0.07690236816340956,0.003963957512176819,0.010251928539049215,0.0025397181016399983,0.9056795464714404,0.7901728299905096,0.9126909579967581,0.7603889050741806,0.7901728299905096,174383177.55290833,0.9364610492366585,108.94199981689454,110.27323252360026,110.01380316416423,False,False,True,False,False,False,weak_rally,1,1,normal,False,False,,False,40.0,,0.01747632916656038,40.965601246436115,True,False,True,True,False,True,False,,Confirmed Uptrend,118.32,-0.0943,0.46165678904409985,0.9176635341809471,-0.01924198191394977,-0.04668687826710183,0.47854914489757566,0.3579339723109692,,False,,,1,0.608,0.854
DAL,"Delta Air Lines, Inc.",Industrials,XLI,57502560256.0,2026-08-24,82.4800033569336,0.0008494077383034426,-0.05833991545386663,-0.0483442356124687,-0.07873353052697452,-0.026103338116540975,False,-0.08094996796644183,0.024755918100822116,-0.02601489870629703,-0.01372727163353904,0.8828064782470834,0.8613645707230432,1.0736346240522452,0.8764122190343341,0.8613645707230432,417038367.52940637,0.15402585922646816,88.2604995727539,86.25190760294596,77.03983640670776,False,False,True,True,True,False,weak_rally,1,2,normal,False,False,,False,45.0,,0.02696326707532519,39.23036848455928,True,False,False,False,False,True,False,,Confirmed Uptrend,83.97,-0.0178,0.2983171853626665,0.9597340907832117,0.2646875572041105,0.17748867662047907,0.8186089422699083,0.3564962726304579,,False,,,1,0.608,0.854
HDB,HDFC Bank Limited,Financials,XLF,122880720896.0,2026-08-24,23.540000915527344,-0.002542350210701372,0.016846708571212954,0.013781292490771424,-0.018591861573123314,-0.0470879058113981,False,-0.020952991401989585,0.002675485159913782,-0.009552047566688038,-0.10955507405631804,0.859124132965591,1.0211375557765245,1.0417128268985476,0.7353408342544722,1.0211375557765245,175414238.17528152,0.7586217102342422,23.560000228881837,24.422000058492024,25.223666683832803,False,False,False,False,False,False,distribution,1,2,normal,False,False,,False,211.0,,0.014322123831115271,45.342724927929915,True,False,False,False,False,True,False,,Confirmed Uptrend,36.63,-0.3574,0.8947838899121502,0.9993134723312326,-0.47597325206436214,-0.34722754862282845,0.041651090874920985,0.3564430244941427,,False,,,1,0.608,0.854
VRSK,"Verisk Analytics, Inc.",Industrials,XLI,25360900096.0,2026-08-24,189.5500030517578,0.010933349609375087,0.0793190315560317,-0.08279299480864488,-0.11208223491149816,0.006563540963476111,False,-0.11421844006269222,0.05912874118699163,-0.061271952223672654,0.019354731024892047,0.8892798896527868,0.3982018698128143,0.6795940602298758,0.9248304347285589,0.3982018698128143,298474312.331385,0.39819104498222113,189.63199996948242,186.83067321777344,184.62258211771646,False,True,True,False,True,False,weak_rally,0,0,normal,False,False,,False,18.0,,0.036262574585761286,51.64014227501385,True,False,False,False,False,True,False,,Confirmed Uptrend,213.15,-0.1107,0.3170254066860146,0.9597340907832117,-0.3643858743063826,0.023817696762538088,0.3191095317011498,0.35633652822151224,,False,,,1,0.608,0.854
SNX,TD SYNNEX Corporation,Information Technology,XLK,20445452288.0,2026-08-24,243.64999389648438,-0.025945492560166095,-0.07666367520082529,-0.005063520340783945,-0.03683490158284808,-0.15080397670997625,False,-0.03915214122551203,-0.10645689162628036,-0.03683738682828375,-0.1045512947277778,0.8414249601678819,0.6503464086096254,0.9364030564960985,1.3149372653331504,0.6503464086096254,170843719.94623566,0.009154149167000364,254.6139991760254,259.9893068949381,229.74544321695964,False,False,True,True,False,False,dry_up,1,2,normal,False,False,,False,5.0,,0.028953994707328002,39.67139818840751,True,False,False,False,False,True,False,,Confirmed Uptrend,263.88,-0.0767,0.4224200331981183,0.9094630889501736,0.44555866894907603,0.4249298028986628,0.9140872358237515,0.3558572949946752,,False,,,1,0.608,0.854
DHI,"D.R. Horton, Inc.",Consumer Discretionary,XLY,40014065664.0,2026-08-24,148.97000122070312,0.004179272609903917,0.0042470331560306995,0.011946860781171464,-0.020367714237326973,-0.06746471730961634,False,-0.02272457161466923,-0.01876545307519717,-0.05186658115256648,-0.050729565423448086,0.894962335194993,0.8017199297012564,0.8824829644463489,0.9014736580957275,0.8017199297012564,317511633.0024353,0.223302025618994,148.09467697143555,150.5481844584147,147.1936102549235,True,False,True,False,False,False,weak_rally,0,0,normal,False,False,,False,45.0,,0.029718874947302985,50.45685291790441,True,False,False,False,False,True,False,,Confirmed Uptrend,157.34,-0.0532,0.30806782622878776,0.9538536360667944,-0.22179939903160295,-0.17673064874507538,0.2167587546200589,0.3555378061767838,,False,,,1,0.608,0.854
EVRG,"Evergy, Inc.",Utilities,XLU,19134885888.0,2026-08-24,81.38999938964844,0.005808220851931445,-0.022166170567357146,-0.04392361677468437,-0.07445407564215856,-0.04477595777798671,False,-0.07668080884766271,0.005108168751823738,0.010494406385703314,0.003682306144827452,0.9312333172889495,1.3083088481541785,1.011676393244726,0.7280059269922514,1.3083088481541785,160625489.59802628,0.8761064336882474,82.67240104675292,83.57026863098145,82.17572129567465,False,False,True,True,False,False,accumulation,2,2,normal,False,False,,False,65.0,,0.01711229446748025,39.95071807253457,True,False,True,True,False,True,False,,Confirmed Uptrend,81.79,-0.0048,0.3648209217481196,0.9176635341809471,0.058990450240163694,-0.008214348928667348,0.5708079479250312,0.35516506922257723,,False,,,1,0.608,0.854
BIP,Brookfield Infrastructure Partn,Utilities,XLU,32938213376.0,2026-08-24,38.560001373291016,-0.010012821104217196,-0.008995077756197234,-0.045780709752701654,-0.07625186593079536,-0.03138541803881212,False,-0.07847427390593886,0.0191979950972041,0.008531611258294935,0.017752144436036454,0.9047396137882961,0.701479259603051,0.7932795688039952,0.6555698022809375,0.701479259603051,36680237.043507,0.24721079026400167,39.79899997711182,38.711499977111814,37.63605292638143,False,False,True,True,True,False,dry_up,0,0,normal,False,False,,False,,,0.026524164909277777,45.07224893415528,False,False,True,True,False,True,False,,Confirmed Uptrend,,,0.25587157002007943,0.9176635341809471,0.20118382444985627,-0.007089993180281362,0.664918305399418,0.3546325878594249,,False,,,1,0.608,0.854
WMB,"Williams Companies, Inc. (The)",Energy,XLE,87493296128.0,2026-08-24,70.97000122070312,0.006809524350692486,-0.03376440885745213,0.0025427363024133065,-0.029471536103636176,-0.03785285406846761,False,-0.03180649096710719,0.012392813802598601,-0.07291405265941986,-0.1029741193361926,0.9108059918947472,0.8686503977868798,0.9451007257756171,0.9843998491524999,0.8686503977868798,455679472.56749725,0.7248694121731267,71.98549957275391,72.92870890299479,73.08442306518555,False,False,False,True,False,False,weak_rally,0,3,normal,False,False,,False,40.0,분산3일,0.028080276420611696,44.434378031033354,True,False,False,True,False,True,False,,Confirmed Uptrend,77.92,-0.0892,0.327597412373465,0.9899607938878676,0.12363943197072391,-0.0549320350976471,0.5695056181055054,0.3540468583599574,,False,,,1,0.608,0.854
PPL,PPL Corporation,Utilities,XLU,26490255360.0,2026-08-24,35.040000915527344,0.01919720264419089,-0.025312929849787946,-0.026936891175188493,-0.058009788425523734,-0.047574229274194635,False,-0.060276084271219554,0.00216376470114521,0.028447983633572926,0.0007420790730716664,0.9465154101093186,1.0085421628570603,1.0492157654829581,0.5643173090149338,1.0085421628570603,297893003.1148163,0.9545472935872612,35.36600036621094,35.68089694976807,36.51420790354411,False,False,True,False,False,False,accumulation,2,1,normal,False,False,,False,38.0,,0.019916022539933246,45.27988483444261,True,False,True,True,False,True,False,,Confirmed Uptrend,36.35,-0.036,0.37930782975353017,0.9176635341809471,-0.13427781523916216,-0.09311519345654229,0.3469739682105779,0.3523961661341853,,False,,,1,0.608,0.854
UI,Ubiquiti Inc.,Information Technology,XLK,33681752064.0,2026-08-24,553.1099853515625,-0.010536698834414104,-0.05235835052921989,0.025018069284252764,-0.007713909615936876,-0.08364044800106385,False,-0.010101210265930138,-0.035785919829450896,-0.0077164700019820565,-0.033729607891675895,0.936395327774644,1.809517172010179,2.032899284789967,0.6408223691327233,1.809517172010179,75160162.10757446,0.5054114229880025,563.9679931640625,556.8759979248047,693.8607945760091,False,False,False,False,False,False,distribution,3,4,interest,False,False,surge,False,3.0,분산4일,0.05162300738402182,44.84779847442446,True,False,False,True,False,True,False,,Confirmed Uptrend,590.68,-0.0636,0.38150390467119366,0.9094630889501736,0.1511218131935388,-0.3342559846682789,0.4290180132465417,0.3512779552715655,,False,,,1,0.608,0.854
MOH,Molina Healthcare Inc,Health Care,XLV,10211363840.0,2026-08-24,198.5,-0.008937008068973462,-0.02245640506953095,-0.004912751897576673,-0.036688947639647806,-0.009717407126326849,False,-0.03900653842695356,0.04199756232551799,-0.06927731478680232,-0.09775639701059657,0.8172760046500104,0.8264733100185453,0.8507048325534896,0.8968298167821618,0.8264733100185453,133994676.76574707,0.0472491572781384,199.0214988708496,207.2254992167155,184.41508369445802,False,False,True,True,False,False,dry_up,1,0,normal,False,False,,False,40.0,,0.03624864532262055,45.112966090797904,True,False,False,False,False,True,False,,Confirmed Uptrend,229.74,-0.136,0.4006029567762433,0.9944216998611353,-0.02765881337925402,0.1617045987887915,0.6205687014858223,0.3507454739084132,,False,,,1,0.608,0.854
SO,Southern Company (The),Utilities,XLU,108755320832.0,2026-08-24,90.0999984741211,0.013042455597851443,-0.02372957438163592,-0.05841649616313227,-0.08848415282588351,-0.06122835073657418,False,-0.09067713164068847,-0.01220340824714361,-0.004823379736201172,-0.013604712372696337,0.9271685590150472,1.4908579816889873,1.0424766215052435,0.9228772051551052,1.4908579816889873,531239862.0043434,0.7385141291981862,92.21341209411621,93.24863344828287,93.48316186269125,False,False,False,False,False,False,accumulation,1,2,normal,False,False,,False,40.0,,0.016785064992258535,38.51064797548944,True,False,False,True,False,True,False,,Confirmed Uptrend,96.36,-0.065,0.39286309126196245,0.9176635341809471,-0.10421311939037192,-0.053648446635447766,0.40350173412379764,0.3500532481363152,,False,,,1,0.608,0.854
SYK,Stryker Corporation,Health Care,XLV,124860604416.0,2026-08-24,327.80999755859375,-0.004978037904599941,-0.011667858184531643,-0.02651895508331481,-0.05760519831822419,0.03651492811650048,False,-0.05987246755076425,0.09064426274246418,-0.08948597838352679,-0.05563425023726276,0.9306174522600248,0.7740780859050347,1.0420701099048348,0.7992889177884798,0.7740780859050347,819102467.7585418,0.10177980710991008,338.63500061035154,322.74157969156903,324.376198832194,False,True,True,False,False,False,dry_up,1,2,normal,False,False,,False,40.0,,0.02743312410912762,46.409225133414964,True,False,False,True,False,True,False,,Confirmed Uptrend,331.82,-0.0121,0.3685603901986214,0.9944216998611353,-0.2625474536170529,-0.20723286719709166,0.1691384052895047,0.34989350372736955,,False,,,1,0.608,0.854
PRI,"Primerica, Inc.",Financials,XLF,9977634816.0,2026-08-24,299.9800109863281,0.014062617669906352,-0.02815747025694182,-0.04294922991438599,-0.07351080395056575,0.04066119270838975,False,-0.07573980653497603,0.09500705537215981,-0.06497685188381053,-0.027558277069908543,0.922745775911336,0.7751931092958054,0.8762466953890469,0.7072263327641813,0.7751931092958054,56369819.48641968,0.5380207751591646,312.2778259277344,296.1759595235189,279.8601589202881,False,True,True,True,True,False,weak_rally,0,1,normal,False,False,,False,12.0,,0.021623875610349282,41.86404218232547,True,False,False,True,False,True,False,,Confirmed Uptrend,325.09,-0.0773,0.3334629493595928,0.9993134723312326,0.02653721383105956,0.146760752988365,0.6612341038651882,0.3497337593184238,,False,,,1,0.608,0.854
PAC,Grupo Aeroportuario Del Pacific,Industrials,XLI,12932720640.0,2026-08-24,205.41000366210938,-0.03190682084722596,-0.0013612658659801768,-0.05021501084667268,-0.08054456615528482,-0.13849377192268275,False,-0.08275664649796877,-0.0935038179557992,-0.02792956919343126,-0.12754593857290497,0.8069217694536974,0.7522582756332348,0.8695648019910963,1.5282065011176722,0.7522582756332348,27025621.099510193,0.16352918431425903,213.85500106811523,228.7111671447754,236.7218334197998,False,False,False,False,False,False,dry_up,1,0,normal,False,False,,False,,,0.026989183639359135,35.666015753121386,False,False,False,False,False,True,False,,Confirmed Uptrend,,,0.41376925968854494,0.9597340907832117,-0.2564850908041675,-0.2883612537991853,0.13848388033691547,0.3495740149094782,,False,,,1,0.608,0.854
EIX,Edison International,Utilities,XLU,28232333312.0,2026-08-24,73.97000122070312,0.033244936507320855,0.037447378045792235,-0.059384514308122416,-0.0894212591748319,-0.002740857215180803,False,-0.09161198344367705,0.049338444668770354,-0.005846495606391833,0.047849836281282254,0.9202538411079346,0.5040896233748208,0.8258134175628119,0.5561057572060227,0.5040896233748208,256688596.05711976,0.9593105739112078,72.23500137329101,73.3003485361735,71.59360230763754,True,True,True,False,False,False,weak_rally,2,2,normal,False,False,,False,45.0,,0.03300566578198559,52.9412995160083,True,False,False,True,False,True,False,,Confirmed Uptrend,71.05,0.0411,0.22952693224816903,0.9176635341809471,0.330228142893187,0.005000360761842515,0.7350204165314107,0.34920127795527156,,False,,,1,0.608,0.854
MU,"Micron Technology, Inc.",Information Technology,XLK,929524482048.0,2026-08-24,910.4299926757812,-0.058286305998766164,-0.10014332327572895,0.011364119451263921,-0.020931846844631008,-0.11871486311999557,False,-0.02328734699833268,-0.0726920063515456,-0.02093437312456259,-0.07071440144351893,0.7503296041078656,0.7771355179245337,0.7357469130698835,0.9197143475438216,0.7771355179245337,33768928362.66803,0.4672944492969309,896.7540008544922,965.3895548502604,744.986094156901,True,False,True,True,False,False,dry_up,0,0,normal,False,False,,False,68.0,,0.062238643065996156,48.504206185245145,True,False,False,False,False,True,False,,Confirmed Uptrend,724.55,0.2565,0.36489363452353984,0.9094630889501736,5.7767625207180195,1.010766297044809,0.9963763931364007,0.3480830670926518,,False,,,1,0.608,0.854
NEE,"NextEra Energy, Inc.",Utilities,XLU,181313224704.0,2026-08-24,84.0999984741211,0.005379521100223439,-0.02458829409147556,-0.05324781334497286,-0.08348052194389521,-0.0445651110722155,False,-0.08568553879024443,0.0053300263862192665,0.0006394945359491366,0.003903849048416008,0.9366298877003099,0.6905844133055442,1.092800399715791,0.7650938398086089,0.6905844133055442,955849252.0076122,0.910053849817944,86.0525001525879,86.74780069986979,89.25898246765136,False,False,False,False,False,False,weak_rally,0,4,normal,False,False,,False,34.0,분산4일,0.016506701445405475,35.59825830654913,True,False,True,True,False,True,False,,Confirmed Uptrend,88.47,-0.0494,0.40098182376275515,0.9176635341809471,0.03292033093176783,-0.11075224733388211,0.4580556172512572,0.3472843450479234,,False,,,1,0.608,0.854
DUK,Duke Energy Corporation (Holdin,Utilities,XLU,97784758272.0,2026-08-24,121.97000122070312,0.01768880078075097,-0.013028002803824101,-0.04492445262767686,-0.07542295172877778,-0.045064874916218134,False,-0.07764735395480571,0.004804163656795701,0.009436604886886357,0.003378732316314581,0.9427090360326106,0.6935175727597845,0.8623944013048281,0.6961423732258986,0.6935175727597845,595485149.7546676,0.8914036365644926,123.42372245788575,124.06895739237467,125.14264316558838,False,False,False,False,False,False,weak_rally,2,1,normal,False,False,,False,36.0,,0.017858996265491117,44.96739368046746,True,False,True,True,False,True,False,,Confirmed Uptrend,128.47,-0.0506,0.3496439623392986,0.9176635341809471,-0.08229159818606113,-0.053665923581450725,0.421685374701725,0.3470181043663472,,False,,,1,0.608,0.854
TSN,"Tyson Foods, Inc.",Consumer Staples,XLP,20409419776.0,2026-08-24,57.869998931884766,-0.010430927071245932,-0.012625860275730871,-0.04677977590868154,-0.07721902883226939,0.00247166720508063,False,-0.07943910994961889,0.05482317981261775,-0.06956110063226328,0.007163117883962844,0.9458973298989835,0.7088399271962089,0.9448562329804653,0.8246067034561166,0.7088399271962089,191149789.7229294,0.052044335534227305,58.39050025939942,57.9435001373291,60.73611125946045,False,False,False,False,False,False,dry_up,3,1,normal,False,False,,False,15.0,,0.022865291500404394,48.29234850123607,True,False,False,True,True,True,False,,Confirmed Uptrend,59.61,-0.0292,0.346044434434315,0.9838065079008816,-0.11230304938084212,-0.14789340837746223,0.32191192131804797,0.34531416400425985,,False,,,1,0.608,0.854
CPNG,"Coupang, Inc.",Consumer Discretionary,XLY,29349300224.0,2026-08-24,16.440000534057617,-0.0006079166211570008,0.04580154292611183,0.032015079668023194,-0.0009403352896458772,-0.08141684481728173,False,-0.0033439322059566345,-0.033446194670436635,-0.033063865594279984,-0.06493207592177352,0.8580376129949774,0.4324258776582261,0.7344655658301886,0.7257163968423487,0.4324258776582261,297500082.6906538,0.5681835915486853,16.16750020980835,16.810333426793417,17.801250068346658,True,False,True,False,False,False,dry_up,1,0,normal,False,False,,False,46.0,,0.033137819607884735,50.566134905659595,True,False,False,False,False,True,False,,Confirmed Uptrend,18.83,-0.1269,0.3408754736682931,0.9538536360667944,-0.5327648844278763,-0.23367409067560696,0.06652474756966395,0.34424920127795533,,False,,,1,0.608,0.854
MFG,"Mizuho Financial Group, Inc. Sp",Financials,XLF,127182094336.0,2026-08-24,10.229999542236328,-0.004863831909887817,-0.055401697663577165,-0.03216652435234957,-0.06307242333412755,0.03572484501405615,False,-0.06532653919289699,0.08981291957566917,-0.05444232266659521,-0.032171027588995815,0.9308462015732589,0.8911912680884336,0.9441717466529621,0.6293032818949373,0.8911912680884336,34528987.92665024,0.42856364354709064,10.460999965667725,10.10683331489563,9.24300000667572,False,True,True,True,True,False,dry_up,0,2,normal,False,False,,False,,,0.023530226802700237,46.33332518885796,False,False,False,True,False,True,False,,Confirmed Uptrend,,,0.30786676311881594,0.9993134723312326,0.3954652879946998,0.06254002014991822,0.8036914911186666,0.3426517571884984,,False,,,1,0.608,0.854
XEL,Xcel Energy Inc.,Utilities,XLU,48817876992.0,2026-08-24,77.33000183105469,0.013499328153344647,-0.023734342572243494,-0.04187829626760864,-0.07247406850826899,-0.04055164283840684,False,-0.07470556533221295,0.009553087708507046,0.012656142589973607,0.008120919468019405,0.9404110260751225,1.091929293367654,1.1226837644318626,0.5764845493974085,1.091929293367654,391518662.0412819,0.9166661850128601,78.23000068664551,78.96799227396647,79.24933986663818,False,False,False,False,False,False,accumulation,2,3,normal,False,False,,False,148.0,분산3일,0.01886164830266518,43.36132393904779,True,False,True,True,False,True,False,,Confirmed Uptrend,75.38,0.0259,0.36177894130603644,0.9176635341809471,-0.021100098901524755,-0.08642141456971941,0.4357185081409851,0.342545260915868,,False,,,1,0.608,0.854
PWR,"Quanta Services, Inc.",Industrials,XLI,100144136192.0,2026-08-24,616.780029296875,-0.03528638378790838,-0.14610066123743248,-0.005642612746967646,-0.03739550178778339,-0.1298435501867734,False,-0.03971139270526958,-0.08440186056782095,0.017688660950936352,-0.11878579170480608,0.8334562102291037,1.2505982676942715,1.0413710636330908,0.9278653716212525,1.2505982676942715,841088614.6148437,0.282501220703125,662.6605041503906,674.570346069336,654.734120686849,False,False,False,True,False,False,distribution,1,2,normal,False,False,,False,70.0,,0.044325828359670326,39.703171528420484,True,False,True,False,False,True,False,,Confirmed Uptrend,773.6,-0.2027,0.26005739804923234,0.9597340907832117,0.4088370515042081,0.047329088432682465,0.8000952201967049,0.34254526091586796,,False,,,1,0.608,0.854
AON,Aon plc,Financials,XLF,76481822720.0,2026-08-24,359.1000061035156,0.01123601395776852,0.034214632915864795,-0.019749561481844813,-0.05105197227044922,0.03501068665789653,False,-0.05333500764236676,0.08906146613037214,-0.042311150448654744,-0.032838370031641695,0.9440239106951102,0.5499600747963617,0.6400213227153002,0.42907204397562765,0.5499600747963617,411019117.2329941,0.4980890084433734,357.9575714111328,345.7736638387044,333.4182983398438,True,True,True,True,True,False,weak_rally,0,0,normal,False,False,,False,40.0,,0.020172456303695994,54.26483156807965,True,False,False,True,False,True,False,,Confirmed Uptrend,327.94,0.095,0.42605976421922437,0.9993134723312326,-0.1779283991131908,0.05653159427413801,0.4531233021817498,0.3425452609158679,,False,,,1,0.608,0.854
ELAN,Elanco Animal Health Incorporat,Health Care,XLV,13170485248.0,2026-08-24,24.420000076293945,0.018773499200258392,0.0343074733165083,-0.03896103018745156,-0.06964995970469401,-0.021329847795469647,False,-0.07188825093687157,0.029778691715278027,-0.10112327106578067,-0.10833645808025982,0.922902529147258,0.45665540322169335,0.524582811255939,1.1434861499138085,0.45665540322169335,207199377.01293296,0.7647043423951052,24.28099994659424,24.441166591644286,23.76699995994568,True,False,True,False,False,False,weak_rally,0,1,normal,False,False,,False,13.0,,0.050397798901385495,51.67143258000987,True,False,False,True,False,True,False,,Confirmed Uptrend,26.22,-0.0686,0.244876708802841,0.9944216998611353,0.21155935957556427,-0.07545928689052572,0.6001795060167546,0.34206602768903094,,False,,,1,0.608,0.854
TOL,"Toll Brothers, Inc.",Consumer Discretionary,XLY,13636484096.0,2026-08-24,147.4499969482422,0.002447485344445832,0.013750429989432655,-0.023574582399131128,-0.05475484850784251,-0.03289087905108723,False,-0.05702897528078443,0.017613915243376965,-0.08514803956722738,-0.015535269746005054,0.895857796497255,0.5964004319900112,1.3239592287444544,0.9155420761998166,0.5964004319900112,133865697.88316497,0.2883197451661766,149.5879997253418,149.55308456420897,144.09422245025635,False,False,True,False,True,False,weak_rally,2,4,normal,False,False,,False,45.0,분산4일,0.03149735520970018,47.85305716768733,True,False,False,False,False,True,False,,Confirmed Uptrend,155.4,-0.0511,0.3484750595610853,0.9538536360667944,-0.023887784201362505,-0.12794146121911665,0.39843114474950597,0.34201277955271564,,False,,,1,0.608,0.854
BA,Boeing Company (The),Industrials,XLI,170830577664.0,2026-08-24,210.4600067138672,-0.01746027211792489,-0.06855494774767912,-0.0049172259391622175,-0.03669327881132778,-0.08473517282161913,False,-0.03901085917844416,-0.03693781384702166,0.01843106799549643,-0.0731041869131075,0.8762230091787787,1.1623048205471684,1.0451120007197354,0.7282741565559238,1.1623048205471684,1365441010.0805008,0.3817808096755936,226.01299972534179,220.9999994913737,219.78375015258788,False,False,True,False,True,False,distribution,0,4,normal,False,False,,False,11.0,분산4일,0.024507547979626378,37.11633875271924,True,False,True,False,False,True,False,,Confirmed Uptrend,234.42,-0.1022,0.28440855199515347,0.9597340907832117,-0.2059510083256071,-0.16479104518443832,0.23768669593890418,0.34094781682641107,,False,,,1,0.608,0.854
FE,FirstEnergy Corp.,Utilities,XLU,27954096128.0,2026-08-24,46.56999969482422,0.013272424336441047,-0.017924894705663386,-0.04639741815885878,-0.07684888094115494,-0.028688663673790527,False,-0.07906985258222499,0.022035580544797373,0.00787980099948471,0.020585704439294972,0.9421410429526873,0.7373664117605181,0.8297971997833152,0.5210006662800802,0.7373664117605181,217591191.77168998,0.8749987451689003,47.391724586486816,47.19365456899007,47.523141320546465,False,False,True,False,False,False,weak_rally,0,0,normal,False,False,,False,19.0,,0.0191055559973363,42.723969988371174,True,False,True,True,False,True,False,,Confirmed Uptrend,49.16,-0.0527,0.4207994230125829,0.9176635341809471,0.0059312814410612535,-0.08149121725059294,0.4615862819132881,0.33956336528221515,,False,,,1,0.608,0.854
RY,Royal Bank Of Canada,Financials,XLF,291148136448.0,2026-08-24,204.02000427246094,-0.005895782684147699,-0.05629306643004328,-0.026203953884385567,-0.05730025607621081,-0.007252947688188405,False,-0.05956825895685869,0.04459072183924673,-0.048616987601746375,-0.0723314554745913,0.9420574287277226,1.3179603714636365,1.2192086229495571,0.8308842614805335,1.3179603714636365,273758199.28637695,0.6230329535658395,210.4309989929199,205.30358454386393,188.31535733540852,False,False,True,True,True,False,distribution,3,2,normal,False,False,,False,21.0,,0.017088664905133135,39.394989995196106,True,False,False,True,False,True,False,,Confirmed Uptrend,207.84,-0.0184,0.29288270220223606,0.9993134723312326,0.3148661568755433,0.13363129593680112,0.8240348988854909,0.3394568690095847,,False,,,1,0.608,0.854
PLD,"Prologis, Inc.",Real Estate,XLRE,138078535680.0,2026-08-24,143.36000061035156,0.011001392983216896,0.01948517698980612,-0.026483729743065676,-0.05757109783140768,-0.0544249105101412,False,-0.059838449104918756,-0.005044675798056786,-0.017249038308585374,-0.03627045426522968,0.9553512124666932,0.6219498566513721,0.6349215882141699,0.8057177435452207,0.6219498566513721,659071092.7088951,0.9230799327047224,141.78299942016602,142.7074851989746,139.89389572143554,True,True,False,True,False,False,weak_rally,0,0,normal,False,False,,False,22.0,,0.014493971697251527,53.84241993873005,True,False,False,True,False,True,False,,Confirmed Uptrend,145.12,-0.0121,0.5100975204468603,0.9852206799546813,0.19616897140751655,-0.021625444884252887,0.6497931010917292,0.33924387646432375,,False,,,1,0.608,0.854
STX,Seagate Technology Holdings PLC,Information Technology,XLK,194341502976.0,2026-08-24,794.6500244140625,-0.06511761833639707,-0.2011881482864919,-0.02734423443046552,-0.058404123958072374,-0.1170696681188701,False,-0.06066947108798737,-0.07096089525956117,-0.05840655354865576,-0.06897959853197155,0.7268624685824794,0.616116971889196,0.7647141679006102,1.299741570142391,0.616116971889196,4382526401.159228,0.4236772374135314,850.9884979248047,888.9278188069661,728.9164863586426,False,False,True,True,False,False,dry_up,0,1,normal,False,False,,False,38.0,,0.0828675702560706,43.24681730768598,True,False,False,False,False,True,False,,Confirmed Uptrend,965.0,-0.1765,0.3533085776813851,0.9094630889501736,3.725023694530174,0.9251053234030977,0.9923213339939518,0.33828541001064966,,False,,,1,0.608,0.854
ZTS,Zoetis Inc.,Health Care,XLV,32402143232.0,2026-08-24,77.16999816894531,-0.007204492008275776,0.05755785772209299,0.00325013008256847,-0.02878673158212941,-0.0798751339047864,False,-0.031123333988879343,-0.031823971858290556,-0.06164242704190681,-0.16167689873572222,0.9719568099742262,0.595673883478587,0.6529750965773522,1.0501391060377767,0.595673883478587,515628768.90318525,0.4009885614390047,75.65499992370606,76.10584831237793,91.58120969136556,True,True,False,False,False,False,dry_up,1,1,normal,False,False,,False,12.0,,0.04291037023982702,53.58705825623375,True,False,False,True,False,True,False,,Confirmed Uptrend,77.27,-0.0013,0.26230502537498274,0.9944216998611353,-0.5801748544246432,-0.4434983143164517,0.013243808124469654,0.3373269435569755,,False,,,1,0.608,0.854
AZO,"AutoZone, Inc.",Consumer Discretionary,XLY,49241350144.0,2026-08-24,3009.43994140625,0.01740732300557557,-0.0032656931283467916,-0.02140309051929279,-0.052652699041101814,-0.05873409161902732,False,-0.0549318832897423,-0.009578892842151854,-0.08311348212174918,-0.04184226110663947,0.9351459791274799,1.3008747445476438,1.4183875583932188,1.0110026222427888,1.3008747445476438,593960202.1403077,0.7664963785078902,3044.285510253906,3055.3026611328123,3261.587410481771,False,False,False,False,False,False,accumulation,4,5,normal,False,False,,False,36.0,분산5일,0.02602454363108866,47.05574027959147,True,False,False,True,False,True,False,,Confirmed Uptrend,3159.28,-0.0474,0.43207825997863725,0.9538536360667944,-0.3905118967097745,-0.29054794420669317,0.0811613219205777,0.33546325878594246,,False,,,1,0.608,0.854
AIG,"American International Group, I",Financials,XLF,41663606784.0,2026-08-24,77.37999725341797,0.016552738588708316,0.020709665550520118,-0.02248618401142677,-0.05370120602750095,-0.003216965277085704,False,-0.05597786771593005,0.04883747308401398,-0.04498478646964288,-0.06856004772241642,0.9546015245989156,0.9003447724542253,0.8597132017856203,0.7192697567566027,0.9003447724542253,235017990.283815,0.6612871469882483,77.80449981689453,77.00394477844239,76.45468832651774,False,True,False,False,True,False,weak_rally,1,1,normal,False,False,,False,40.0,,0.017760217245770447,49.782369567724196,True,False,False,True,False,True,False,,Confirmed Uptrend,75.57,0.024,0.4763586754334164,0.9993134723312326,-0.16624993683732903,-0.08053837727591562,0.33431173224445165,0.3350372736954207,,False,,,1,0.608,0.854
TEL,TE Connectivity plc,Information Technology,XLK,59637899264.0,2026-08-24,202.41000366210938,-0.005454012318442891,-0.06522977378661743,-0.02109858645640006,-0.052357918729292185,-0.05722066970092765,False,-0.05463781217786723,-0.007986436344604497,-0.05236036392083954,-0.00587083839252045,0.9291707675708935,0.7800163729361015,1.034254977090125,0.8646840914426519,0.7800163729361015,457990085.4813309,0.605236247898918,210.02218170166014,206.52682825724284,208.088498433431,False,False,True,False,False,False,dry_up,1,1,normal,False,False,,False,168.0,,0.02746089953296078,43.99711207514573,True,False,False,True,False,True,False,,Confirmed Uptrend,227.51,-0.1103,0.28810913287631496,0.9094630889501736,-0.12904846332476883,-0.19084337614904967,0.281394133023526,0.3346645367412141,,False,,,1,0.608,0.854
JD,"JD.com, Inc.",Consumer Discretionary,XLY,44579999744.0,2026-08-24,29.200000762939453,-0.005788221703652563,0.024561430278577268,-0.05654280959164004,-0.08667029882823685,0.0030000475397065074,False,-0.08886764152042537,0.05537915345551836,-0.11603728797819879,0.020999750552535,0.872423056407825,0.5286940549736675,0.6943657128276074,0.8716072655645003,0.5286940549736675,295702300.0167074,0.573333740234375,31.18150043487549,29.208666833241782,29.197565921147664,False,False,False,True,True,False,dry_up,0,4,normal,False,False,,False,18.0,분산4일,0.02799658319590439,41.33395126958478,True,False,False,False,False,True,False,,Confirmed Uptrend,32.2,-0.0932,0.2375162581928817,0.9538536360667944,-0.1469763761646865,0.054766373208408714,0.47473122504883447,0.33386581469648563,,False,,,1,0.608,0.854
UDR,"UDR, Inc.",Real Estate,XLRE,14018618368.0,2026-08-24,38.38999938964844,0.0164151158160053,0.03088071050884511,-0.018658415253127503,-0.049995669696108025,-0.046865943258611376,False,-0.05228124638332432,0.0029090391379356095,-0.009349493559842048,-0.02856635952276898,0.9378155457873956,0.8015231340381168,0.8915276844568891,0.626634068627451,0.8015231340381168,129653036.94409561,0.7202787129267525,37.96015796661377,38.617013168334964,37.00965010325114,True,False,True,True,False,False,weak_rally,0,1,normal,False,False,,False,141.0,,0.01662464460716268,52.58840070166927,True,False,False,True,False,True,False,,Confirmed Uptrend,36.42,0.0541,0.3413558946131137,0.9852206799546813,-0.09121487553408703,-0.011087852202746218,0.4514660607199604,0.3338125665601704,,False,,,1,0.608,0.854
ATO,Atmos Energy Corporation,Utilities,XLU,28840407040.0,2026-08-24,167.82000732421875,0.011878210118807964,-0.00628668740183258,-0.05267711207336134,-0.08292804491880235,-0.032709807113720735,False,-0.08513439094710196,0.017804443198426778,0.0012426790228781126,0.01636056945238651,0.9405676304199524,0.727571884640524,0.8762894968362491,0.568375744096291,0.727571884640524,183810059.59493104,0.9226836558124901,170.39866485595704,171.55761337280273,176.8322956085205,False,False,False,False,False,False,weak_rally,2,4,normal,False,False,,False,122.0,분산4일,0.016226115420344307,41.109601794185416,True,False,True,True,False,True,False,,Confirmed Uptrend,184.63,-0.091,0.4187265520148337,0.9176635341809471,-0.06551650689345179,-0.08891143228626697,0.3985101911807418,0.33370607028753996,,False,,,1,0.608,0.854
D,"Dominion Energy, Inc.",Utilities,XLU,60836806656.0,2026-08-24,66.61000061035156,0.0001501822291236632,-0.031408988485571165,-0.052084761741282626,-0.08235461015431422,-0.03731444891098645,False,-0.0845623357859352,0.012959335789025639,0.001868744793028121,0.011522335390249827,0.9291393268509556,1.5910894274781624,0.9922222487232605,0.5943916216422612,1.5910894274781624,239617357.87878647,0.476191629529161,68.37250022888183,68.64366696675619,65.54329042434692,False,False,True,True,False,False,accumulation,1,2,interest,True,False,surge,False,34.0,,0.017028781603032526,35.984406604278604,True,False,True,True,False,True,False,,Confirmed Uptrend,69.83,-0.0461,0.37946839778141633,0.9176635341809471,0.03108231267201056,0.037982435467573294,0.5958535932525785,0.3331203407880724,,False,,,1,0.608,0.854
FHN,First Horizon Corporation,Financials,XLF,12169200640.0,2026-08-24,24.530000686645508,-0.004060027508258401,-0.05726363354746167,-0.03728410018281503,-0.06802657923169364,-0.04741982719713189,False,-0.07026877608876692,0.002326230030814891,-0.059442111615406135,-0.10986523667839154,0.9355454358899152,0.7514945437139852,0.7609614046992185,1.0861138659664797,0.7514945437139852,125872555.70089102,0.010640542821894682,25.560999965667726,25.247493012746176,24.333466068903604,False,False,True,True,True,False,dry_up,1,0,normal,False,False,,False,26.0,,0.02020850315791099,36.73019171518923,True,False,False,True,False,True,False,,Confirmed Uptrend,25.8,-0.0492,0.2895347526722814,0.9993134723312326,0.01645564686637213,-0.012655299135244658,0.5340365504319649,0.3328541001064963,,False,,,1,0.608,0.854
NVS,Novartis AG,Health Care,XLV,296796618752.0,2026-08-24,158.02000427246094,-0.005287651609362287,0.03981050867382385,0.012234985937106702,-0.020088789803610507,-0.010484118529208608,False,-0.022446318233876217,0.04119081138537317,-0.05323873260894518,-0.0984549455497381,0.9857152185078425,0.5335875907632086,0.9753667577948207,0.6090676378024908,0.5335875907632086,233661945.2920456,0.739643901910506,155.57300186157227,153.30949961344402,151.9466239929199,True,True,True,False,True,False,dry_up,1,1,normal,False,False,,False,40.0,,0.01789554882288862,55.56775628130488,True,False,False,True,False,True,False,,Confirmed Uptrend,155.41,0.0168,0.3296167674808986,0.9944216998611353,0.0714060368985121,-0.10912866634690177,0.4909876817412995,0.33051118210862623,,False,,,1,0.608,0.854
MUFG,"Mitsubishi UFJ Financial Group,",Financials,XLF,253165797376.0,2026-08-24,21.959999084472656,-0.0036298469932606325,-0.04646120583024205,-0.049350704682738944,-0.07970785994492158,0.054081909969561526,False,-0.0819219532849651,0.10912863518325233,-0.0712309893628037,-0.015017341068974455,0.9506492953172611,0.6914277037228652,0.9720789592620326,0.5288138538092175,0.6914277037228652,68384492.72660637,0.7894694574110325,22.361000061035156,21.313166681925455,19.536250003178914,False,True,True,True,True,False,dry_up,0,2,normal,False,False,,False,29.0,,0.0213049870940041,48.0198119216112,True,False,False,True,False,True,False,,Confirmed Uptrend,22.5,-0.024,0.29250710407730846,0.9993134723312326,0.2726679895154309,0.10434898176021679,0.7920040092714402,0.33003194888178916,,False,,,1,0.608,0.854
PNR,Pentair plc.,Industrials,XLI,10444224512.0,2026-08-24,63.310001373291016,-0.01692546780685833,-0.0123244480442386,0.002057630064692839,-0.02994115140747633,-0.1554716776884011,False,-0.03227497644263355,-0.11136835132090073,0.02556957971963425,-0.14473959586414176,0.8288138195156222,0.6972681288826754,0.8262930282088973,0.8416377057735408,0.6972681288826754,193580377.55023518,0.09385154020127799,66.28899993896485,69.68393802642822,76.80926281611124,False,False,False,False,False,False,dry_up,0,0,normal,False,False,,False,30.0,,0.030185942321403297,40.31020433829627,True,False,True,False,False,True,False,,Confirmed Uptrend,76.2,-0.1691,0.44540614334080136,0.9597340907832117,-0.4815693122672732,-0.42759081674356925,0.03291566292505965,0.3292332268370607,,False,,,1,0.608,0.854
GS,"Goldman Sachs Group, Inc. (The)",Financials,XLF,300429672448.0,2026-08-24,1036.280029296875,-0.0028866137281879922,-0.014296476262178448,-0.011400123440975407,-0.042969157460888474,-0.03556257292662168,False,-0.04527163894742503,0.014802699005082687,-0.03415388430772004,-0.0987852724663828,0.899494021725713,1.0080913321582055,1.1306510745265763,0.7681867961529195,1.0080913321582055,2030799773.2895508,0.3567242277792452,1032.4530059814454,1051.5020029703776,970.4912785847981,True,False,True,True,False,False,distribution,1,3,normal,False,False,,False,29.0,분산3일,0.022331274057230524,49.19186904238138,True,False,False,False,False,True,False,,Confirmed Uptrend,1140.0,-0.091,0.396270761979921,0.9993134723312326,0.28630314964435377,0.10308935122755636,0.798426588759233,0.32912673056443026,,False,,,1,0.608,0.854
AAPL,Apple Inc.,Information Technology,XLK,4537070911488.0,2026-08-24,310.3399963378906,0.0032002269754076718,0.015543702532552661,-0.07806938925078921,-0.10750946860427202,0.012673408937499575,False,-0.10965667518749556,0.06555768135101969,-0.10751177148881719,0.06783012169970482,0.9133370719852762,0.6578842993223906,0.8654927480865359,0.7762798834810215,0.6578842993223906,16382229872.1177,0.10914361333417355,312.88634033203124,309.22887064615884,290.04317334493004,False,True,True,True,True,False,weak_rally,1,0,normal,False,False,,False,70.0,,0.019408476415414225,48.348408811519406,True,False,False,True,False,True,False,,Confirmed Uptrend,298.61,0.0393,0.37512893422304755,0.9094630889501736,0.26318965035135133,0.1503298378625979,0.8041145148155109,0.3279552715654952,,False,,,1,0.608,0.854
UMC,United Microelectronics Corpora,Information Technology,XLK,47725502464.0,2026-08-24,19.049999237060547,0.03871314495995093,-0.0245776463240569,-0.0015723630380225506,-0.03345522766813158,-0.09650775188339167,False,-0.035780598330479974,-0.04932518566687183,-0.03345772163410676,-0.04729774797449804,0.6920797066953264,1.0716029457579257,0.898825900853403,0.8408631590914198,1.0716029457579257,260349853.27064592,0.388887564339964,18.80300016403198,21.45771245956421,16.755657998720803,True,False,True,True,False,False,accumulation,1,1,normal,False,False,,False,61.0,,0.04334458881237785,46.82143439925492,True,False,False,False,False,True,False,,Confirmed Uptrend,21.84,-0.1276,0.42107780413772083,0.9094630889501736,1.501866277290869,0.7475233438212052,0.9750060651620509,0.32790202342918,,False,,,1,0.608,0.854
VSAT,"ViaSat, Inc.",Information Technology,XLK,10597529600.0,2026-08-24,72.2750015258789,-0.03272215812205803,-0.11220982342839725,-0.03466009250041857,-0.06548636418346421,-0.04192453290372977,False,-0.06773467244035924,0.00810850197944113,-0.0654887754998128,0.010258424480911188,0.8047545205501795,0.6903019241044647,0.813864419181513,0.8356671800046352,0.6903019241044647,165670564.71819574,0.16025666105872688,79.36125030517579,73.76008370717366,66.4161252339681,False,False,True,True,True,False,dry_up,0,0,normal,False,False,,False,14.0,,0.07018827175280694,42.39759977204791,True,False,False,False,False,True,False,,Confirmed Uptrend,86.16,-0.1612,0.46788924024266515,0.9094630889501736,1.2912466777080271,0.4561968013343525,0.9645557624734471,0.3268903088391907,,False,,,1,0.608,0.854
WM,"Waste Management, Inc.",Industrials,XLI,90555482112.0,2026-08-24,226.4600067138672,0.010711457562369242,0.010891895343590141,-0.048087379050522294,-0.07848487618488942,-0.0023692886228082743,False,-0.08070191185170095,0.049729417478224125,-0.02575201534671767,0.010308384987460562,0.9348194291594105,0.7849833011511544,0.8979941082026194,0.49198026838495235,0.7849833011511544,464934941.14265364,0.514735176605844,226.91100158691407,226.17650858561197,226.47591082255045,False,True,True,False,False,False,weak_rally,0,2,normal,False,False,,False,40.0,,0.016912794630260162,48.10963959206919,True,False,False,True,False,True,False,,Confirmed Uptrend,225.53,0.0041,0.4373374143417736,0.9597340907832117,-0.10129179610582117,-0.040845995943975644,0.41756470929934564,0.3264643237486688,,False,,,1,0.608,0.854
RKLB,Rocket Lab Corporation,Industrials,XLI,40581976064.0,2026-08-24,68.27999877929688,-0.05911534978045907,-0.16812868840040196,0.020017871063920945,-0.012554436131399171,-0.4266325451727637,False,-0.014930091155994085,-0.3966898998870104,0.04395123388861921,-0.41934631654311827,0.6249885471789187,0.7677404043267332,0.8101717529677128,0.9108280421277646,0.7677404043267332,1390169263.2884414,0.0366668701171875,74.13999977111817,87.19600009918213,86.92816670735677,False,False,False,True,False,False,dry_up,0,1,normal,False,False,,False,72.0,,0.07870953057545838,38.423261341675456,True,False,True,False,False,True,False,,Confirmed Uptrend,117.35,-0.4182,0.41317788664151484,0.9597340907832117,0.30908447999375244,-0.16382463570856043,0.5814281890508164,0.3263045793397231,,False,,,1,0.608,0.854
COHR,Coherent Corp.,Information Technology,XLK,51431624704.0,2026-08-24,275.489990234375,-0.04845951682677885,-0.21561986994795368,0.015406703451384951,-0.017018354982648254,-0.2696826745515689,False,-0.01938327044687005,-0.23154372467250472,-0.017020891360524426,-0.22990489171506168,0.6474804529494742,0.8684889886762394,0.8798051964727107,1.0655805906247027,0.8684889886762394,2468436378.4452515,0.7430709973887395,304.66750183105466,337.2401667277018,321.95775095621747,False,False,False,True,False,False,dry_up,3,3,normal,False,False,,False,5.0,분산3일,0.12408540472162463,42.52596154989662,True,False,False,False,False,True,False,,Confirmed Uptrend,351.22,-0.2156,0.2737597770207267,0.9094630889501736,1.773909113846389,0.042244010939695764,0.8623576110665003,0.32582534611288605,,False,,,1,0.608,0.854
ONB,Old National Bancorp,Financials,XLF,10191664128.0,2026-08-24,25.770000457763672,-0.0015497485085766982,-0.04802361476602113,-0.0242332220123489,-0.05539245573288232,0.006002537516648365,False,-0.05766504851259602,0.05853844077349635,-0.04669161438573621,-0.05994491991317741,0.944301927197854,1.213351725019276,0.9475578828054199,0.5771236978649174,1.213351725019276,95651582.25715275,0.20000203450520834,26.62899990081787,25.826051712036133,24.36669348080953,False,False,True,True,True,False,distribution,0,1,normal,False,False,,False,40.0,,0.01645047194374693,39.378808387178815,True,False,False,True,False,True,False,,Confirmed Uptrend,25.88,-0.0043,0.3854215173911712,0.9993134723312326,0.07618096789444961,0.020870612539916733,0.6162382327313731,0.3249733759318424,,False,,,1,0.608,0.854
FIS,Fidelity National Information S,Financials,XLF,23140679680.0,2026-08-24,41.400001525878906,0.0014514120239368378,0.005586673965584099,-0.04077845986458528,-0.07140935326360975,0.04049681548001138,False,-0.07364341164255317,0.09483409396447207,-0.06285604459830008,-0.02771187871883596,0.8844264112647738,0.7358313629242889,0.7770100538315324,0.5131566248179743,0.7358313629242889,286152332.9636196,0.13978604887733087,43.015499877929685,41.27287305196126,43.677837181091306,False,True,False,False,False,False,weak_rally,0,0,normal,False,False,,False,15.0,,0.034454797247531484,46.29640080668199,True,False,False,False,False,True,False,,Confirmed Uptrend,44.78,-0.0755,0.3145389962984672,0.9993134723312326,-0.4758583783522671,-0.1804005899967427,0.10746852095470776,0.32465388711395105,,False,,,1,0.608,0.854
VMC,Vulcan Materials Company (Holdi,Materials,XLB,34800963584.0,2026-08-24,275.94000244140625,-0.00036228843797958543,-0.007945322680469213,-0.028251522668913842,-0.05928243969314029,-0.04901429563824844,False,-0.06154567371903641,0.0006484945633793426,-0.06797028834753749,-0.060310757053117614,0.8833201890394662,0.8011056824827647,0.7570048754831614,0.9477165983320445,0.8011056824827647,287821038.3307007,0.2896776135123951,279.4713851928711,286.35149739583335,282.0961675008138,False,False,True,False,False,False,dry_up,0,0,normal,False,False,,False,45.0,,0.02251903555818893,46.02615236843815,True,False,False,False,False,True,False,,Confirmed Uptrend,302.28,-0.0871,0.32672227006646676,1.0,-0.17002565528821345,-0.17007760832370777,0.2644392430222161,0.32465388711395105,,False,,,1,0.608,0.854
LFUS,"Littelfuse, Inc.",Information Technology,XLK,11229548544.0,2026-08-24,403.3699951171875,-0.021564096535804156,-0.1434066312224822,0.002876845867345157,-0.02914809568450516,-0.15863317766205098,False,-0.03148382870009392,-0.11469495252498318,-0.029150600764130452,-0.11280692436284145,0.8263122530464636,0.6416335556259463,0.7985768776338785,0.9919939924954176,0.6416335556259463,142930157.3499878,0.5555549622335725,439.4036361694336,440.69791005452475,412.66222966512044,False,False,False,True,False,False,dry_up,0,1,normal,False,False,,False,17.0,,0.0418000697392353,37.78034796301757,True,False,False,False,False,True,False,,Confirmed Uptrend,441.15,-0.0856,0.27027014890895146,0.9094630889501736,0.38665461919521493,0.011288578491033707,0.760224610320457,0.32247071352502665,,False,,,1,0.608,0.854
LIN,Linde plc,Materials,XLB,221177708544.0,2026-08-24,490.0299987792969,0.005045411772923725,0.03309934571180495,-0.03350950771670047,-0.06437252110995806,-0.08367339457761236,False,-0.06662350911649273,-0.03582058695648849,-0.07301336112025847,-0.09455815140844093,0.8964400439921172,0.9513551326136495,0.9842991164902037,1.1829031153062972,0.9513551326136495,1118110779.3612854,0.7750394989278863,488.1014999389648,506.79383341471356,501.9584648132324,True,False,False,False,False,False,weak_rally,2,1,normal,False,False,,False,131.0,,0.016936272370450825,47.73017140198198,True,False,False,False,False,True,False,,Confirmed Uptrend,477.88,0.0254,0.2986797524374725,1.0,-0.08126118847771113,-0.04924762337228905,0.4274389070179335,0.32076677316293933,,False,,,1,0.608,0.854
WIT,Wipro Limited,Information Technology,XLK,19586854912.0,2026-08-24,1.8799999952316284,-0.005291000285156167,-0.01570679157803201,-0.01570679157803201,-0.047138300441251224,-0.14762673647075042,False,-0.049430751556664765,-0.10311372816160846,-0.04714075910092819,-0.10120100153218425,0.7666741824210686,0.9695912207470306,1.03316395892504,1.1304238203935921,0.9695912207470306,11421154.484069895,0.36363636363636365,1.959500002861023,2.013742180665334,2.052330623070399,False,False,False,False,False,False,dry_up,1,0,normal,False,False,,False,,,0.02982522677098965,42.175219139550684,False,False,False,False,False,True,False,,Confirmed Uptrend,,,0.7886842852843302,0.9094630889501736,-0.4318744111693401,-0.2156227381103436,0.09707289014937953,0.32044728434504793,,False,,,1,0.608,0.854
CNA,CNA Financial Corporation,Financials,XLF,14194784256.0,2026-08-24,49.650001525878906,0.013679093301436795,-0.006999969482421875,-0.07490336930364705,-0.10444454940960712,0.07713315612920524,False,-0.1065991297569665,0.1333836735730649,-0.09619553007829929,0.006522804454113906,0.9061966109209662,0.69010501439316,0.7191262004187433,0.4452574835555243,0.69010501439316,21228155.033311844,0.2984607763631497,51.30276374816894,48.80816497802734,46.98919604619344,False,True,True,True,True,False,weak_rally,0,0,normal,False,False,,False,,,0.018753848625017912,44.05188304278517,False,False,False,True,False,True,False,,Confirmed Uptrend,,,0.40808871701816485,0.9993134723312326,-0.005455201981906854,0.06357778101346079,0.5831530869681594,0.31884984025559104,,False,,,1,0.608,0.854
BAP,Credicorp Ltd.,Financials,XLF,31825405952.0,2026-08-24,379.739990234375,0.002031794102941298,0.0038595523416238287,-0.028773115120559245,-0.05978737609389906,-0.006435570866824558,False,-0.06204939531389464,0.04545078406945424,-0.05112701664320496,-0.07156766094663203,0.9439928421343627,0.7046177407825264,0.9188068801549403,0.7161855200873892,0.7046177407825264,108535978.40289307,0.6891164673451855,383.778498840332,377.1121668497721,347.7958318074544,False,True,True,True,True,False,weak_rally,3,3,normal,False,False,,False,17.0,분산3일,0.032388703336408614,49.00596211099119,True,False,False,True,False,True,False,,Confirmed Uptrend,402.27,-0.056,0.3468571800475182,0.9993134723312326,0.37801976300090123,0.08476281421739729,0.8170854191226302,0.3187433439829606,,False,,,1,0.608,0.854
SIRI,SiriusXM Holdings Inc.,Communication Services,XLC,9970682880.0,2026-08-24,28.450000762939453,-0.0083652759376307,-0.023343577666249837,-0.08042408520469824,-0.10978897187564263,0.0029390049610975577,False,-0.11193069429487956,0.05531492308474695,-0.11857597379416807,0.03601591193644782,0.8809193361990193,0.7164171265452908,0.6616234702529231,0.8502109981941641,0.7164171265452908,127828786.80304775,0.1463448673694396,29.405214500427245,29.06740837097168,26.80201881726583,False,False,True,True,True,False,dry_up,1,1,normal,False,False,,False,18.0,,0.02510206596908076,43.60173272716344,True,False,False,False,False,True,False,,Confirmed Uptrend,32.3,-0.1191,0.2892615404479824,0.9408024526034724,0.17960147352850675,0.31917109446502967,0.8041771596817642,0.3169861554845581,,False,,,1,0.608,0.854
KMI,"Kinder Morgan, Inc.",Energy,XLE,71658496000.0,2026-08-24,31.0,0.0006455925777664184,-0.04113831598293172,-0.014495882062532939,-0.04596605899014916,-0.038317146310679506,False,-0.04826133035347857,0.01190427508842462,-0.08867025244647397,-0.1034069867611147,0.9427465560276882,1.2567632751155327,1.1767790738624746,0.9022235366980469,1.2567632751155327,329887109.32925034,0.7839996337890625,31.626057624816895,31.696621290842693,31.99285585085551,False,False,False,False,False,False,accumulation,3,3,normal,False,False,,False,106.0,분산3일,0.023352530694776965,42.53913037184134,True,False,False,True,False,True,False,,Confirmed Uptrend,33.09,-0.0632,0.3040794782141718,0.9899607938878676,0.07410323719681222,-0.0683686299406614,0.5250719561713736,0.3162406815761448,,False,,,1,0.608,0.854
SMFG,Sumitomo Mitsui Financial Group,Financials,XLF,164424302592.0,2026-08-24,25.0,-0.001995977588157949,-0.047256089250542144,-0.0508732021573749,-0.08118173939348705,0.011588786026746734,False,-0.08339228678705435,0.06441641678959087,-0.07271844481054945,-0.05472487215513833,0.9433962264150944,0.739841329833593,0.7984274431123962,0.7478732840924174,0.739841329833593,38050885.23262024,0.9993392210432683,25.476999759674072,24.834166526794434,22.84233331680298,False,True,True,True,True,False,dry_up,0,0,normal,False,False,,False,,,0.021342860630580357,46.32470216776338,False,False,False,True,False,True,False,,Confirmed Uptrend,,,0.3041092743901694,0.9993134723312326,0.3440267816802567,0.041082578708096174,0.7742329136127295,0.31538871139510116,,False,,,1,0.608,0.854
EXC,Exelon Corporation,Utilities,XLU,46883397632.0,2026-08-24,44.34000015258789,0.01279126059628477,-0.02699143187345754,-0.059597057950225296,-0.08962701564486708,-0.06093723620102398,False,-0.09181724489260956,-0.011897091001355387,-0.006071136822539569,-0.01329882967347773,0.92606514543533,0.689683915377859,0.7657765182538844,0.7365887674006394,0.689683915377859,321794951.8994274,0.8790315634036793,45.465500068664554,45.99914970397949,46.38704725901286,False,False,True,False,False,False,weak_rally,0,0,normal,False,False,,False,40.0,,0.019548633487764373,39.8386795076887,True,False,False,True,False,True,False,,Confirmed Uptrend,47.4,-0.0646,0.3698239075022245,0.9176635341809471,-0.06986036751106406,-0.07781859437826666,0.4040370629808705,0.3145899893503727,,False,,,1,0.608,0.854
RYAAY,Ryanair Holdings plc,Industrials,XLI,30372937728.0,2026-08-24,56.59000015258789,0.014157722694065011,-0.013079874398398528,-0.015312355131779976,-0.04675645956362695,-0.08159947455243588,False,-0.049049829334440465,-0.033638361775269354,0.007792030920836357,-0.0699286408738592,0.8438711931527035,0.6552197606794602,1.5646016673008432,0.6476351012706743,0.6552197606794602,64600871.16936989,0.6876191638764881,58.45349941253662,60.47516638437907,59.754333114624025,False,False,False,False,False,False,weak_rally,1,3,normal,False,False,,False,28.0,분산3일,0.02042573785569563,41.89954369981043,True,False,True,False,False,True,False,,Confirmed Uptrend,66.63,-0.1507,0.36077232811090165,0.9597340907832117,-0.2458262725265976,-0.19172670312354834,0.19220173924928668,0.3138445154419595,,False,,,1,0.608,0.854
ETR,Entergy Corporation,Utilities,XLU,50218881024.0,2026-08-24,105.79000091552734,0.011183312351648045,-0.025156614559418977,-0.0645084139620199,-0.09438153695670193,-0.06658009326278103,False,-0.09656032749545918,-0.017834631805581647,-0.011262037742971076,-0.019227947386863176,0.9148244086411116,0.5700235560864985,0.7535445608660758,0.7956470749225182,0.5700235560864985,260601135.55312386,0.8993896482103481,107.13327217102051,110.35880762736002,110.01748797098796,False,False,False,True,False,False,weak_rally,0,0,normal,False,False,,False,102.0,,0.02026851236815468,40.6423694117634,True,False,False,True,False,True,False,,Confirmed Uptrend,108.64,-0.0262,0.31075920269213947,0.9176635341809471,0.1263371374516742,0.02119980589966919,0.6491757644097431,0.3126198083067092,,False,,,1,0.608,0.854
SPG,"Simon Property Group, Inc.",Real Estate,XLRE,87155924992.0,2026-08-24,220.72999572753906,0.011177802539981352,-0.004240548784999909,-0.04722235303609856,-0.0776474731110759,-0.009825970239427217,False,-0.07986652345180234,0.041883329782178125,-0.03818438639476074,0.009184758044282093,0.9325306234617519,0.7589350121809645,0.7374301341887044,0.4873148143000884,0.7589350121809645,300442322.0823364,0.7088906337633203,224.13999862670897,220.3354850769043,207.49767684936523,False,True,True,True,True,False,weak_rally,1,1,normal,False,False,,False,36.0,,0.016652533622570662,46.64682912190979,True,False,False,True,False,True,False,,Confirmed Uptrend,226.06,-0.0236,0.42778996864018937,0.9852206799546813,0.18066201960506034,0.07889633511672622,0.732827390613521,0.31102236421725243,,False,,,1,0.608,0.854
EBAY,eBay Inc.,Consumer Discretionary,XLY,50620440576.0,2026-08-24,107.08000183105469,0.028330016858229445,0.060828207263147194,-0.05414713632180157,-0.08435112677264034,-0.0584054437423146,False,-0.08655404906632613,-0.009233082172690033,-0.11379268603732229,-0.04150771535964126,0.9117847377811455,0.8197262567505155,1.036874505113591,1.0745782,0.8197262567505155,501998306.4419975,0.9194443267070741,107.78500022888184,109.79016672770182,105.05516338348389,False,False,False,True,False,False,weak_rally,2,1,normal,False,False,,False,26.0,,0.03393992426994474,49.13958738282924,True,False,False,True,False,True,False,,Confirmed Uptrend,112.06,-0.0444,0.27564954865867486,0.9538536360667944,-0.046636902024723925,0.1991619229386017,0.6209345475047411,0.3087859424920128,,False,,,1,0.608,0.854
EMA,Emera Incorporated,Utilities,XLU,16484951040.0,2026-08-24,50.38999938964844,0.0061900468701963085,-0.015050829946447353,-0.06346776323369108,-0.09337411740614732,-0.057790515763119665,False,-0.09555533165452945,-0.008586041156380286,-0.010162155182929289,-0.009992476937043304,0.9232770170882039,0.4467511069920708,0.5446524559777571,0.6995337701612904,0.4467511069920708,31526149.266586304,0.9626159561345341,51.810424423217775,52.210958353678386,51.8915005048116,False,False,False,True,False,False,weak_rally,1,0,normal,False,False,,False,,,0.01697473252129333,37.72863053403362,False,False,False,True,False,True,False,,Confirmed Uptrend,,,0.33158775637310606,0.9176635341809471,-0.020316777054330215,-0.004068492052565764,0.5179445649883537,0.3083067092651757,,False,,,1,0.608,0.854
GSK,GSK plc,Health Care,XLV,103558127616.0,2026-08-24,51.779998779296875,-0.012020627169422538,0.029832936285146383,0.005157890940741705,-0.026939891394554438,-0.04731539009591612,False,-0.0292809370388174,0.002436121091877963,-0.05985806460328669,-0.13201181042867727,0.9727817369685505,0.7565297469716823,0.8189151519529817,0.7429312024526132,0.7565297469716823,196691040.95620117,0.6892093695007466,51.40351123809815,51.24975662231445,52.0803529103597,True,True,True,False,False,True,dry_up,0,0,normal,False,False,,False,19.0,,0.021061944239924385,52.34360279358414,True,False,False,True,False,True,False,,Confirmed Uptrend,53.23,-0.0272,0.3329300892343002,0.9944216998611353,0.1183584405635918,-0.19674593654415462,0.4580968489632275,0.307667731629393,,False,,,1,0.608,0.854
MDGL,"Madrigal Pharmaceuticals, Inc.",Health Care,XLV,10774371328.0,2026-08-24,511.9700012207031,-0.009230926779072002,-0.02457750303216366,-0.07125623361323696,-0.10091387797679585,0.04043619819045041,False,-0.1030769526226123,0.09477031109237899,-0.13132954544953146,-0.05206159242698216,0.9055004936571586,0.37651355039721623,0.6038980217262246,0.7689330981749596,0.37651355039721623,196429468.1468094,0.48804147279357407,515.4565002441407,516.1348337809245,507.8830004374186,False,False,True,True,False,False,dry_up,1,0,normal,False,False,,False,39.0,,0.035330611551983776,46.9052653419764,True,False,False,True,False,True,False,,Confirmed Uptrend,527.28,-0.029,0.2544550240399424,0.9944216998611353,0.1378269430654211,0.14252981241604856,0.7405960374274602,0.3071884984025559,,False,,,1,0.608,0.854
WTFC,Wintrust Financial Corporation,Financials,XLF,10761836544.0,2026-08-24,151.99000549316406,-0.0044540033008237945,-0.05572813647211616,-0.04009583991807952,-0.07074853147106375,-0.05681678040958027,False,-0.07298417969421656,-0.007561454970538173,-0.062189135933369166,-0.11864618232740187,0.9137782420091785,0.6510225485515438,0.8641996596040865,0.9871828825028359,0.6510225485515438,90750639.13102874,0.0703713541342888,158.9507568359375,157.9688636779785,150.31888236999512,False,False,True,True,True,False,dry_up,2,2,normal,False,False,,False,38.0,,0.02104440510636766,32.4617788931149,True,False,False,True,False,True,False,,Confirmed Uptrend,160.17,-0.0511,0.34884948763228935,0.9993134723312326,0.060329108308400325,-0.02019845270432019,0.5616629364496307,0.30628328008519706,,False,,,1,0.608,0.854
PPG,"PPG Industries, Inc.",Materials,XLB,24568594432.0,2026-08-24,113.2300033569336,-0.0035201435021802174,-0.0018511907612230871,-0.038286184918209565,-0.06899666432005958,-0.07125691480019514,False,-0.07123652728896845,-0.02275568835700026,-0.07759479878508202,-0.08228916310652223,0.9090739419943358,0.6326014541970434,0.691670758315897,1.011101432054681,0.6326014541970434,200898577.6000206,0.09836113415686586,114.46621131896973,115.91693216959635,110.85017007191976,False,False,True,False,False,False,dry_up,0,0,normal,False,False,,False,42.0,,0.020676985018204155,46.3820141775111,True,False,False,True,False,True,False,,Confirmed Uptrend,120.23,-0.0582,0.3498801846089195,1.0,-0.09801780375792579,-0.14437498027052031,0.3334517890804303,0.3051650692225772,,False,,,1,0.608,0.854
META,"Meta Platforms, Inc.",Communication Services,XLC,1418222239744.0,2026-08-24,559.02001953125,0.016584823990333897,-0.017487656087682435,-0.05868283609624125,-0.08874198770592845,-0.05123540656741843,False,-0.09093434620630725,-0.0016886081894154081,-0.09773673799471183,-0.019945170527896905,0.8205075832358872,0.7376997879395283,0.9706094040093874,0.9627350242223994,0.7376997879395283,9946299830.321095,0.8412722120407224,574.7419982910156,593.6272349039714,607.6656616210937,False,False,False,False,False,False,weak_rally,0,2,normal,False,False,,False,31.0,,0.030521507625736653,42.308818768749425,True,False,False,False,False,True,False,,Confirmed Uptrend,669.21,-0.1647,0.3664104459626218,0.9408024526034724,-0.31271907575845725,-0.14049717543774676,0.1858472718160747,0.3050053248136315,,False,,,1,0.608,0.854
GLW,Corning Incorporated,Information Technology,XLK,118844932096.0,2026-08-24,145.5500030517578,-0.02863049513468241,-0.15969056399727577,0.015276244643431802,-0.01714464783970049,-0.20539692988449343,False,-0.019509259461086503,-0.1639008218108179,-0.017147183891704554,-0.16211773156495646,0.5692440129140831,0.7574949921500951,0.7206360350627743,0.8547913826175368,0.7574949921500951,1981121230.3851967,0.8235299774644095,152.5474994659424,175.24799969991048,167.66041711171468,False,False,False,True,False,False,dry_up,0,0,normal,False,False,,False,41.0,,0.06651126070453416,42.16686741547511,True,False,False,False,False,True,False,,Confirmed Uptrend,228.01,-0.3617,0.39666688556433205,0.9094630889501736,0.9435098121018499,-0.0693886720284903,0.735768965733258,0.30463258785942493,,False,,,1,0.608,0.854
KEY,KeyCorp,Financials,XLF,24217270272.0,2026-08-24,21.8700008392334,0.0,-0.050781251293503527,-0.02843178068151575,-0.059456941513103545,-0.05601340462906801,False,-0.061719755712185354,-0.006716124949643798,-0.050793538408057226,-0.11789547101652031,0.9116298894493089,1.185354996891138,1.1915669323122111,0.8949003786298563,1.185354996891138,215191419.72327384,0.2682942714390718,22.62400016784668,22.664096450805665,21.664447895685832,False,False,True,True,False,False,distribution,2,3,normal,False,False,,False,48.0,분산3일,0.01949831263380267,36.583500075203496,True,False,False,True,False,True,False,,Confirmed Uptrend,22.42,-0.0245,0.3325405589003602,0.9993134723312326,0.10647904704975586,0.01001841896752409,0.624192763948449,0.30425985090521834,,False,,,1,0.608,0.854
BNT,Brookfield Wealth Solutions Ltd,Financials,XLF,11850213376.0,2026-08-24,42.040000915527344,0.005501065168183716,-0.019132050470063944,-0.01890309422258074,-0.050232535313674664,-0.09755652925350133,False,-0.052517542135558704,-0.0504287327462013,-0.04148416560493162,-0.15671527900853777,0.9217276990341899,0.8080380452422279,0.8319151037918237,0.9414520547945205,0.8080380452422279,618383.0497108459,0.8085108109862996,43.593499755859376,43.75223191579183,43.819712448120114,False,False,False,False,False,False,weak_rally,1,0,normal,False,False,,False,,,0.019991181915504277,39.74024076736366,False,False,False,True,False,True,False,,Confirmed Uptrend,,,0.29413970068557943,0.9993134723312326,-0.1493993006807467,-0.11960697846921586,0.31370339364325456,0.30372736954206603,,False,,,1,0.608,0.854
YPF,YPF Sociedad Anonima,Energy,XLE,20602347520.0,2026-08-24,51.279998779296875,0.001953858411973819,-0.026945008787194857,0.007465564676353953,-0.024705908777456043,-0.12287831778318026,False,-0.027052329069419567,-0.07707288675993695,-0.06836174297586217,-0.18224478161487723,0.917516538545438,1.035848758374547,0.8740583439656509,0.9895982947146857,1.035848758374547,56224276.61883469,0.6891180342255375,50.41500015258789,50.332166862487796,46.68500000635783,True,True,True,True,True,False,accumulation,2,2,normal,False,False,,False,5.0,,0.03848617939483614,54.07389138194226,True,False,False,True,False,True,False,,Confirmed Uptrend,52.7,-0.0269,0.31423116473578017,0.9899607938878676,0.38062535016247945,0.25842638611247293,0.8794949684782423,0.30362087326943554,,False,,,1,0.608,0.854
MO,"Altria Group, Inc.",Consumer Staples,XLP,114093604864.0,2026-08-24,68.47000122070312,0.036011575347114855,0.07051285492162163,-0.06063929490954312,-0.09063597077317753,-0.06201959464987106,False,-0.09282377261691144,-0.013035972845161559,-0.08308938641451347,-0.05762995556737516,0.9139082073427527,0.9418919019608821,0.9682546107274767,1.0504701016603668,0.9418919019608821,724395517.6291656,0.8719205342814298,67.46450004577636,70.07631187438965,68.4599389076233,True,False,False,False,False,False,weak_rally,3,2,normal,False,False,,False,40.0,,0.02294019563366045,51.548704676941604,True,False,False,True,False,True,False,,Confirmed Uptrend,73.79,-0.0721,0.26001764957973483,0.9838065079008816,-0.020361082992216395,0.003070026850735097,0.5230509188862882,0.3031416400425985,,False,,,1,0.608,0.854
GNRC,Generac Holdlings Inc.,Industrials,XLI,11630602240.0,2026-08-24,203.55999755859375,-0.011748704821541889,-0.0799548132944915,0.03047486320271897,-0.0024313679070211425,-0.2375562848182451,False,-0.004831377608745968,-0.19773961660341222,0.05465358544122023,-0.227867316288065,0.6887730651454346,0.7543293061994448,0.7037256934450667,0.5596683347104728,0.7543293061994448,243814338.24868163,0.8298456070198823,209.0090003967285,238.2416674296061,232.24608408610027,False,False,False,False,False,False,dry_up,0,0,normal,False,False,,False,45.0,,0.04179182253457986,40.19906714163501,True,False,True,False,False,True,False,,Confirmed Uptrend,279.15,-0.2708,0.41064579650890637,0.9597340907832117,-0.09817001174402629,-0.18414225550838936,0.30554703205708655,0.3028221512247071,,False,,,1,0.608,0.854
UTHR,United Therapeutics Corporation,Health Care,XLV,25783056384.0,2026-08-24,512.8800048828125,-0.00046770782011762435,0.008653228841679406,-0.028525964103781276,-0.0595481173690805,-0.0936282430662081,False,-0.0618107122118875,-0.046295301884412,-0.091363169381942,-0.1742073166703637,0.9098456515456771,0.6102353396133898,0.7454617650259042,1.182519015931336,0.6102353396133898,276799975.9880371,0.7695801693634954,518.9205047607422,534.9376688639323,546.8342503865559,False,False,False,True,False,False,dry_up,0,0,normal,False,False,,False,100.0,,0.03093190136845601,44.140028574655226,True,False,False,True,False,True,False,,Confirmed Uptrend,592.98,-0.1351,0.2812991605868773,0.9944216998611353,0.4470906826667975,0.023041665533909406,0.7894893304402795,0.3014376996805112,,False,,,1,0.608,0.854
CPT,Camden Property Trust,Real Estate,XLRE,10980228096.0,2026-08-24,109.1500015258789,0.014499537513590344,0.008220943765810063,-0.03270112488272614,-0.06358995242566334,-0.0722882748393362,False,-0.06584282318229095,-0.023840908529907168,-0.023525411122677364,-0.054476784129056544,0.9283041318770477,0.7713658602981247,0.9070229520575288,0.6985964325333239,0.7713658602981247,106802369.86453323,0.8588245325865489,110.35100021362305,111.62899996439616,106.56273040771484,False,False,True,True,False,False,weak_rally,0,2,normal,False,False,,False,27.0,,0.017727904730037814,46.190705573852036,True,False,False,True,False,True,False,,Confirmed Uptrend,114.57,-0.0473,0.3296030332384822,0.9852206799546813,-0.06787816324682461,-0.014928969474299225,0.46538438320434183,0.2970181043663472,,False,,,1,0.608,0.854
EGP,"EastGroup Properties, Inc.",Real Estate,XLRE,11239160832.0,2026-08-24,202.36000061035156,0.006766172190803887,-0.005846241334143687,-0.040220052527173644,-0.07086877758959387,-0.03032416313738706,False,-0.07310413651751224,0.020314671314931143,-0.03111566266672061,-0.011706987465418206,0.9059002425777175,0.5596898521969301,0.68596295768884,0.4089155136542854,0.5596898521969301,99356393.77642441,0.6201306904597946,204.1754997253418,205.62540766398112,199.58960456848143,False,False,True,True,False,False,weak_rally,0,0,normal,False,False,,False,32.0,,0.018097169160273784,42.72943538250094,True,False,False,True,False,True,False,,Confirmed Uptrend,210.43,-0.0384,0.6128041602309814,0.9852206799546813,0.14485252911932078,0.039243885668414524,0.6820476898281822,0.29579339723109693,,False,,,1,0.608,0.854
RPM,RPM International Inc.,Materials,XLB,13666736128.0,2026-08-24,106.36000061035156,-0.020896591185313507,-0.05230332861982745,-0.013083381986034093,-0.04459866438455484,-0.041596801660319205,False,-0.04689722550681774,0.008453348146777229,-0.05342212272982916,-0.05298137316362839,0.9062713024642762,1.4579578441481007,1.216180343289544,0.5746789301964627,1.4579578441481007,112572983.85885926,0.23102894994251197,112.29500045776368,108.22401428222656,104.56645113627116,False,False,True,False,True,False,distribution,0,4,normal,False,False,,False,60.0,분산4일,0.028700831717950227,40.87975175529195,True,False,False,True,False,True,False,,Confirmed Uptrend,106.35,0.0001,0.36609556181897895,1.0,-0.25313925984109376,-0.14388067237092694,0.2183697527805778,0.29488817891373803,,False,,,1,0.608,0.854
HWM,Howmet Aerospace Inc.,Industrials,XLI,112934346752.0,2026-08-24,263.2900085449219,-0.03088186232716761,-0.0893400214737694,-0.0851660525526371,-0.11437951362453203,-0.04046636548613025,False,-0.11651019184652867,0.009642818451865764,-0.06370069061170258,-0.028272821223996547,0.8996754281090207,1.0982793483243056,1.0031857721527313,0.8940633771987689,1.0982793483243056,619245636.4083359,0.20829360454850443,282.3685638427734,273.8827835083008,261.2080857594808,False,False,True,True,True,False,distribution,1,3,normal,False,False,,False,127.0,분산3일,0.033986779363512624,35.46009733289539,True,False,False,False,False,True,False,,Confirmed Uptrend,257.86,0.0211,0.27634689199704876,0.9597340907832117,0.4225557085175875,0.03420461890933679,0.7909447415329769,0.2932374866879659,,False,,,1,0.608,0.854
WEC,"WEC Energy Group, Inc.",Utilities,XLU,35654438912.0,2026-08-24,107.58000183105469,0.014809920414930788,-0.02633718969116794,-0.04658426648883107,-0.07702976262938954,-0.07496271404778665,False,-0.07925029909458026,-0.026655013469090605,0.007682317623059598,-0.028035816315141737,0.913065015688369,1.0369971098201596,0.9543367235580921,0.5374977441480546,1.0369971098201596,282792335.98847044,0.8578294870939772,108.50939636230468,111.60555953979492,112.2268476486206,False,False,False,False,False,False,accumulation,3,2,normal,False,False,,False,100.0,,0.01812110186996539,43.3602881902586,True,False,True,True,False,True,False,,Confirmed Uptrend,113.79,-0.0546,0.31766804235433704,0.9176635341809471,-0.0692323994401346,-0.07376852448560911,0.40936461020655723,0.2925452609158679,,False,,,1,0.608,0.854
TROW,"T. Rowe Price Group, Inc.",Financials,XLF,23944294400.0,2026-08-24,112.30000305175781,0.007084574481150296,0.016657649669886698,-0.05796490299289736,-0.08804698041423087,0.011713571006334522,False,-0.0902410110043178,0.06454771834480422,-0.07964692201153967,-0.054608267326019866,0.922912580293452,0.869556999646184,0.6763493307924097,0.6395891313932037,0.869556999646184,218569786.1207939,0.9835171514686587,113.66550064086914,112.24819424947103,103.46096700032552,False,True,True,True,True,False,weak_rally,0,0,normal,False,False,,False,39.0,,0.018324643432817103,47.167284706351616,True,False,False,True,False,True,False,,Confirmed Uptrend,114.38,-0.0182,0.35017979139460215,0.9993134723312326,-0.0023243349424265647,0.18111124593656425,0.6509011179261133,0.29132055378061766,,False,,,1,0.608,0.854
PNW,Pinnacle West Capital Corporati,Utilities,XLU,12238691328.0,2026-08-24,97.70999908447266,0.003594889810260238,-0.026889796625468976,-0.06435330105618042,-0.09423137728292086,-0.07194038031028649,False,-0.09641052908471537,-0.023474846101035785,-0.011098096109793065,-0.024860160383641805,0.9015127368583177,0.7138161613713239,0.8679880496010395,0.6796064798672227,0.7138161613713239,121044283.99560738,0.7334713252075948,100.40731544494629,102.77988217671712,101.3381856282552,False,False,False,True,False,False,weak_rally,0,1,normal,False,False,,False,40.0,,0.01721339421277229,33.8157074362927,True,False,False,True,False,True,False,,Confirmed Uptrend,107.11,-0.0877,0.4078219926221828,0.9176635341809471,0.0187659814954233,-0.013144291868277924,0.5374608327211221,0.29004259850905223,,False,,,1,0.608,0.854
KEP,Korea Electric Power Corporatio,Utilities,XLU,15342941184.0,2026-08-24,11.3100004196167,0.004440514184592459,-0.04233700103595994,-0.07371004223738398,-0.1032893289460709,-0.1086630107976625,False,-0.10544668859124573,-0.06211522181337348,-0.020987404946926858,-0.06344572023778483,0.8316176545867456,0.7713773434209702,0.920257595125852,0.9469849990624414,0.7713773434209702,12248903.62110567,0.6296332925959154,11.831500053405762,12.146333328882854,13.560583329200744,False,False,False,False,False,False,weak_rally,0,4,normal,False,False,,False,,분산4일,0.025041044914782148,40.32022018257089,False,False,False,False,False,True,False,,Confirmed Uptrend,,,0.37490168835499027,0.9176635341809471,-0.25980716083589783,-0.49413954005813376,0.10716030821274196,0.28945686900958467,,False,,,1,0.608,0.854
GWW,"W.W. Grainger, Inc.",Industrials,XLI,65258917888.0,2026-08-24,1321.9000244140625,0.007361484371438909,0.0032025761422436183,-0.05323163133386566,-0.08346485667416259,-0.028440201222064365,False,-0.08566991120894552,0.02229701831103803,-0.031016970668558463,-0.016093831086003152,0.9446884265645321,0.54747177435447,0.7191285655540497,0.4741482441363224,0.54747177435447,375872576.10842896,0.6414038307145314,1320.526837158203,1332.1505208333333,1239.5886800130208,True,False,True,True,False,False,weak_rally,0,0,normal,False,False,,False,42.0,,0.01610024170246204,49.339005989189474,True,False,False,True,False,True,False,,Confirmed Uptrend,1339.95,-0.0135,0.34861615786167865,0.9597340907832117,0.19060307101282015,0.13958192495714083,0.7718296287437427,0.2887113951011715,,False,,,1,0.608,0.854
HLT,Hilton Worldwide Holdings Inc.,Consumer Discretionary,XLY,72131051520.0,2026-08-24,330.07000732421875,0.010531801702175159,0.012572933772862172,-0.0019033145727268552,-0.033775610902651354,-0.06897523680303796,False,-0.0361002107680376,-0.020354855576379283,-0.06484336345098762,-0.052267192495122905,0.9428938871320588,0.4552891897955655,0.8640399474641773,0.614173840219079,0.4552891897955655,701508538.1684479,0.4671492337804936,322.284716796875,330.71007944742837,322.51873881022135,True,False,True,True,False,False,weak_rally,3,2,normal,False,False,,False,133.0,,0.021663209355828685,54.493435003275216,True,False,False,True,False,True,False,,Confirmed Uptrend,324.68,0.0166,0.2851980089018837,0.9538536360667944,0.029044919100835287,-0.0416997932452452,0.5185345657287022,0.2864217252396166,,False,,,1,0.608,0.854
OHI,"Omega Healthcare Investors, Inc",Real Estate,XLRE,15968462848.0,2026-08-24,46.59000015258789,-0.0004291022849552961,0.00042947085880906677,-0.08124013172717282,-0.11057895952329777,0.005227826766725174,False,-0.11271878134346036,0.05772327274092026,-0.07252485480258275,0.024527578632068225,0.9130753816240321,0.630191333666234,0.9375032144982014,0.5240078881600795,0.630191333666234,92612687.36241265,0.10769221740329708,47.806478881835936,47.14561042785645,46.32709747950236,False,False,False,True,True,False,dry_up,0,3,normal,False,False,,False,132.0,분산3일,0.01773833637863057,40.988131097654296,True,False,False,True,False,True,False,,Confirmed Uptrend,45.75,0.0184,0.3794266715616581,0.9852206799546813,0.08681246983757451,0.024824019850228085,0.627982892256525,0.2864217252396166,,False,,,1,0.608,0.854
RS,"Reliance, Inc.",Materials,XLB,20733255680.0,2026-08-24,382.489990234375,-0.013921534997380136,-0.1063735338254087,-0.05127272906189906,-0.08156850817539751,-0.09912298677386755,False,-0.08377812505772086,-0.05207699449436698,-0.09005053735937663,-0.10982422273648562,0.8936264661745913,1.1604478217782581,1.4515986330514532,1.1419206793439631,1.1604478217782581,142945266.68190306,0.11362515455656944,411.3372116088867,397.5349716186523,364.0705253601074,False,False,True,True,True,False,distribution,1,3,normal,False,False,,False,59.0,분산3일,0.03397473249152998,37.79012682775275,True,False,False,False,False,True,False,,Confirmed Uptrend,379.65,0.0075,0.2786356099926128,1.0,0.22828366757084506,0.16962843182232823,0.7963866441145149,0.2863152289669862,,False,,,1,0.608,0.854
FFIV,"F5, Inc.",Information Technology,XLK,22876442624.0,2026-08-24,379.0400085449219,-0.014533438023364154,-0.04171512272727795,-0.07088926246666205,-0.1005586253473737,-0.07237812042223624,False,-0.10272255468100766,-0.023935446068021227,-0.10056094616711153,-0.02185386145360224,0.8789129526545183,0.4460918893483426,0.6367260017810978,0.9888869944407328,0.4460918893483426,267535458.0667526,0.1236697009232738,400.2170043945313,402.41816864013674,360.1457509358724,False,False,True,True,False,False,dry_up,0,0,normal,False,False,,False,20.0,,0.03140358071083637,39.33355604892307,True,False,False,False,False,True,False,,Confirmed Uptrend,407.96,-0.0709,0.3439803166698531,0.9094630889501736,0.06177322226937054,0.3367653865913858,0.7269506187604289,0.2859957401490948,,False,,,1,0.608,0.854
LVS,Las Vegas Sands Corp.,Consumer Discretionary,XLY,31666110464.0,2026-08-24,46.970001220703125,-0.0012757295375512845,0.03389832500951795,-0.010260956182344239,-0.04186636731578397,-0.09976803746039808,False,-0.044171501960170945,-0.05275573129917199,-0.07267397157868238,-0.0836125965826876,0.9328979523059875,0.7964430134197705,0.8068621218651004,0.871911896548244,0.7964430134197705,224083657.33465654,0.6666666666666666,46.5679573059082,47.226369539896645,50.048424243927,True,False,False,False,False,False,dry_up,0,0,normal,False,False,,False,15.0,,0.02235468346285908,53.949672828424006,True,False,False,True,False,True,False,,Confirmed Uptrend,46.98,-0.0002,0.32893953379362495,0.9538536360667944,-0.25632990316163784,-0.2359030141720414,0.1591468908213881,0.28296059637912674,,False,,,1,0.608,0.854
AEP,American Electric Power Company,Utilities,XLU,69563826176.0,2026-08-24,121.9800033569336,0.008599312837216155,-0.03595981558728789,-0.07995584431547642,-0.10933568335786248,-0.07795352111140152,False,-0.11147849632546392,-0.0298020077635468,-0.027588706029182508,-0.0311783462328985,0.8862116015378729,0.9880322477704974,0.9219927272449329,0.8189927447404582,0.9880322477704974,493290456.14881516,0.8687812641325099,125.66471252441406,129.31114908854167,129.7879124323527,False,False,False,False,False,False,weak_rally,0,1,normal,False,False,,False,39.0,,0.020793975682938226,34.97621372178766,True,False,False,False,False,True,False,,Confirmed Uptrend,136.93,-0.1092,0.34782888095938014,0.9176635341809471,0.04276418914818181,-0.05012811059225286,0.5213499399178783,0.28200212992545265,,False,,,1,0.608,0.854
FICO,Fair Isaac Corporation,Information Technology,XLK,24253497344.0,2026-08-24,1166.4000244140625,-0.0053467892043658205,0.09581832842545124,-0.08915555312370926,-0.11824161717458781,-0.051582979299688136,False,-0.12036300371910891,-0.002054332016494853,-0.11824389236707555,7.391691963620772e-05,0.8494771329744811,0.724109249342773,0.6969084105150948,0.9315077282047689,0.724109249342773,458670295.015741,0.4088854120673437,1117.5349975585937,1179.0703267415365,1149.1396616617837,True,False,False,False,False,False,dry_up,1,0,normal,False,False,,False,18.0,,0.04113543164752623,53.31922360973593,True,False,False,False,False,True,False,,Confirmed Uptrend,1373.08,-0.1505,0.2457674669766491,0.9094630889501736,-0.22701235980976164,-0.11312780073188489,0.25442836559543947,0.28189563365282216,,False,,,1,0.608,0.854
UNH,UnitedHealth Group Incorporated,Health Care,XLV,376335040512.0,2026-08-24,398.760009765625,0.022173296605743742,0.007936946279743395,-0.0452064079604666,-0.07569590336077414,-0.046882691292177925,False,-0.07791964890359859,0.002891416481255682,-0.10696468324562303,-0.13161757980147715,0.9138535675212685,1.0734526222592489,1.0518906724518298,0.9209629123753924,1.0734526222592489,1766321459.1105835,0.9060195872682756,405.05649719238284,410.0287348429362,367.967005666097,False,False,True,True,False,False,accumulation,2,3,normal,False,False,,False,26.0,분산3일,0.02399224384813868,45.58984695269305,True,False,False,True,False,True,False,,Confirmed Uptrend,426.09,-0.0641,0.35962015966763944,0.9944216998611353,0.21145901058045036,0.3874124140928825,0.8206240567676388,0.2779552715654952,,False,,,1,0.608,0.854
F,Ford Motor Company,Consumer Discretionary,XLY,58537906176.0,2026-08-24,13.930000305175781,-0.03331016983477142,-0.008540917005696147,-0.04081291448677027,-0.07144270764375982,-0.07738085630999358,False,-0.07367668577675968,-0.029199437011126372,-0.10129932119170293,-0.060823658111343826,0.9215227158335086,1.1094222339378037,0.9009778746496006,0.9056448714334437,1.1094222339378037,685483187.2999834,0.24193645143874104,14.184169626235962,14.242511860529582,13.231091960271199,False,False,False,True,False,False,distribution,0,1,normal,False,False,,False,18.0,,0.02956051932265851,47.73417976520438,True,False,False,True,False,True,False,,Confirmed Uptrend,15.12,-0.0785,0.24602991670586827,0.9538536360667944,0.11712011513223008,-0.020036264247897728,0.5973830391872114,0.2778487752928647,,False,,,1,0.608,0.854
IX,ORIX Corporation,Financials,XLF,44027899904.0,2026-08-24,39.11000061035156,0.016108051567886195,-0.02541740420171834,-0.027598224183548625,-0.05865000303731682,-0.026198563366430005,False,-0.0609147586167792,0.024655719956403033,-0.0499791671696409,-0.09003511088252703,0.946744113052442,0.7645599950860422,1.3228697588910987,0.5268774737566684,0.7645599950860422,10507410.37951889,0.7430689561188335,39.729000663757326,39.407000350952146,36.037250153223674,False,False,True,True,True,False,weak_rally,2,4,normal,False,False,,False,,분산4일,0.021806442010164982,47.640432957031045,False,False,False,True,False,True,False,,Confirmed Uptrend,,,0.30910661860010374,0.9993134723312326,0.3478962738715392,0.05046408964361104,0.7825478236603964,0.2777422790202343,,False,,,1,0.608,0.854
HUBB,Hubbell Inc,Industrials,XLI,24966031360.0,2026-08-24,466.760009765625,-0.006956979388899165,-0.07443977580018324,-0.06265559929480347,-0.09258788835924625,-0.04141568010238472,False,-0.09477099416403834,0.008643928313701421,-0.04066205950478263,-0.02923419952345696,0.8653478875945615,1.0100037763578733,0.8972822351519606,0.6102916409945934,1.0100037763578733,293365962.8843155,0.18744637116303547,491.53500213623045,491.628835550944,495.16780853271484,False,False,True,False,False,False,distribution,0,3,normal,False,False,,False,130.0,분산3일,0.027810204003708303,39.203401844883004,True,False,False,False,False,True,False,,Confirmed Uptrend,521.26,-0.1046,0.35057277518693075,0.9597340907832117,-0.021229167850345232,-0.13135297735546525,0.3988680642166829,0.27768903088391905,,False,,,1,0.608,0.854
SLF,Sun Life Financial Inc.,Financials,XLF,45979164672.0,2026-08-24,79.05000305175781,0.0008862964275637708,-0.02056741483762703,-0.04678641310912679,-0.07722545408649506,0.004637388777661844,False,-0.07944551974558722,0.057102000641687134,-0.06872571790303328,-0.061220577736393555,0.9402878950720935,0.647722021352828,1.1244958427263008,0.4627260872400078,0.647722021352828,63640618.27785568,0.5111177044038486,81.27599983215332,78.99083340962729,73.03539479573568,False,True,True,True,True,False,weak_rally,1,4,normal,False,False,,False,125.0,분산4일,0.01757476151438767,42.05827688343799,True,False,False,True,False,True,False,,Confirmed Uptrend,63.63,0.2424,0.30551405873137266,0.9993134723312326,0.21558176402220885,0.19391512479297224,0.799551462757627,0.2772630457933973,,False,,,1,0.608,0.854
FMS,Fresenius Medical Care AG,Health Care,XLV,13782736896.0,2026-08-24,23.530000686645508,0.004268048662706914,0.0012766249636386728,-0.053880181237227265,-0.08409269638480787,0.013821947449788041,False,-0.08629624042562789,0.06676619934240291,-0.1150774166471129,-0.07630975921484551,0.9155642018725858,0.6139360920916157,0.7732359342868921,0.6256226806879042,0.6139360920916157,20143750.753196716,0.7777836646462933,24.156500148773194,23.56550022761027,22.595099290211994,False,False,True,True,True,False,weak_rally,0,1,normal,False,False,,False,,,0.016908521809021523,43.9690900036948,False,False,False,True,False,True,False,,Confirmed Uptrend,,,0.3310410492200094,0.9944216998611353,-0.13850626828387524,-0.04436141605564348,0.38677897182689513,0.27492012779552716,,False,,,1,0.608,0.854
TT,Trane Technologies plc,Industrials,XLI,100569186304.0,2026-08-24,452.9599914550781,-0.0010365463870829483,-0.047042025424123834,-0.06285431603631375,-0.09278025946414292,-0.05119800086234716,False,-0.09496290245113637,-0.0016492490673002402,-0.04086543887035943,-0.03914083188322415,0.8996941150099195,1.0564456321939806,0.7614197431628223,0.6490098308255239,1.0564456321939806,549873587.5096664,0.850906137856212,466.9554977416992,471.266318766276,461.13967819213866,False,False,True,True,False,False,distribution,0,1,normal,False,False,,False,79.0,,0.02338388582102871,40.03025759310724,True,False,False,False,False,True,False,,Confirmed Uptrend,491.42,-0.0783,0.3472566806644926,0.9597340907832117,-0.024276994245611916,-0.03485385881165315,0.4817084963523603,0.2729499467518637,,False,,,1,0.608,0.854
FLUT,Flutter Entertainment plc,Consumer Discretionary,XLY,18123575296.0,2026-08-24,102.58000183105469,-0.0002923572665279872,0.06421830563960995,-0.030801158537728135,-0.061750657848489876,-0.10766345541955291,False,-0.06400795368895384,-0.0610634672183773,-0.09191890729397734,-0.09164970464322919,0.9126334558584213,0.3125996856486789,0.46662374164677334,0.9543810951392332,0.3125996856486789,350128596.75625306,0.2932330611413706,99.96599998474122,103.30016682942708,103.78049996693929,True,False,True,False,False,False,dry_up,0,0,normal,False,False,,False,40.0,,0.0522811406865809,52.86061058135494,True,False,False,True,False,True,False,,Confirmed Uptrend,104.19,-0.0155,0.2685614337534594,0.9538536360667944,-0.7080329836275955,-0.1941736067883717,0.07477405135740035,0.27145899893503733,,False,,,1,0.608,0.854
CMS,CMS Energy Corporation,Utilities,XLU,22574417920.0,2026-08-24,68.41999816894531,0.002197180800566745,-0.04173674080179801,-0.07133212554696,-0.10098734644770624,-0.08746395225156023,False,-0.10315024433872355,-0.03980909678644151,-0.018474141826234858,-0.04117123903842468,0.8751701946933607,1.0100846072276484,0.9680134925784057,0.6985368612855033,1.0100846072276484,278444276.305011,0.6341424836479684,70.77714118957519,72.70089696248372,73.82897555033365,False,False,False,False,False,False,accumulation,4,2,normal,False,False,,False,100.0,,0.018615924059887275,33.00275022046206,True,False,False,False,False,True,False,,Confirmed Uptrend,76.37,-0.104,0.3762714181467519,0.9176635341809471,-0.1068202055701194,-0.09367579999809672,0.3640899124680369,0.2703940362087327,,False,,,1,0.608,0.854
TPL,Texas Pacific Land Corporation,Energy,XLE,27767726080.0,2026-08-24,373.45001220703125,-0.02656136495757422,0.03508967366687221,-0.058418595117249006,-0.08848618475394088,-0.025986368533306048,False,-0.09067915868021303,0.024878996120646146,-0.12928710454425518,-0.09191079634804744,0.8533269347114637,0.817818922111621,1.1592811316950418,0.8620451728755969,0.817818922111621,157070587.10610962,0.23500160319348554,372.26100006103513,387.4008341471354,419.65350774129234,True,False,False,False,False,False,dry_up,2,2,normal,False,False,,False,36.0,,0.05334333911546364,48.264048509712204,True,False,False,False,False,True,False,,Confirmed Uptrend,407.2,-0.0829,0.29931214346086493,0.9899607938878676,0.22360586236784163,-0.2317196198873811,0.5005317979646113,0.26991480298189563,,False,,,1,0.608,0.854
HST,"Host Hotels & Resorts, Inc.",Real Estate,XLRE,17434345472.0,2026-08-24,23.190000534057617,-0.0008616351229594477,0.016659407146528693,-0.07128549572465925,-0.1009422056590189,-0.0464955144913487,False,-0.10310521215241952,0.0032988125978352656,-0.06247578998091696,-0.02818881875253365,0.9079874589964867,0.7471740638621357,0.8882791228121184,0.7224497021451906,0.7471740638621357,245451684.52577534,0.48148217918770253,23.743999862670897,23.666116333007814,21.666273482640584,False,False,True,True,True,False,dry_up,2,1,normal,False,False,,False,45.0,,0.024748949486610917,45.383266138570384,True,False,False,True,False,True,False,,Confirmed Uptrend,24.09,-0.0372,0.29553873963218746,0.9852206799546813,0.3966899909738322,0.1952230498305867,0.8733427870131497,0.26986155484558044,,False,,,1,0.608,0.854
WMT,Walmart Inc.,Consumer Staples,XLP,884938375168.0,2026-08-24,106.48999786376953,0.02690454192510594,-0.06634359603341133,-0.044702534514050596,-0.07520812014292166,-0.14618067468672324,False,-0.0774330392235032,-0.10159214950843232,-0.06753350391526747,-0.14218489965943315,0.8818980019352924,1.2392639512098664,1.6008003895403826,1.0647667517852586,1.2392639512098664,2983519647.6933026,0.9595362976726682,111.70373840332032,113.77866490681966,119.775954246521,False,False,False,False,False,False,accumulation,2,2,normal,False,False,,False,149.0,,0.02675739897931267,38.32857562147934,True,False,False,False,False,True,False,,Confirmed Uptrend,117.96,-0.0972,0.19914574284325837,0.9838065079008816,-0.04366525508618524,-0.19753535353724616,0.33446777491130053,0.26916932907348246,,False,,,1,0.608,0.854
LNT,Alliant Energy Corporation,Utilities,XLU,18280849408.0,2026-08-24,68.41999816894531,0.00825224806302649,-0.02743426221801204,-0.06749241085234081,-0.09727024565047404,-0.08499690341020327,False,-0.09944208636275553,-0.03721321264455002,-0.014415877979218283,-0.03857903745951008,0.8835099674277627,0.6702461892074262,0.7133814491233947,0.627469598702878,0.6702461892074262,185839783.63108292,0.9024367550870402,70.04473609924317,72.51519877115885,71.86592019399008,False,False,False,False,False,False,weak_rally,2,1,normal,False,False,,False,38.0,,0.018979421661485092,36.97454888564533,True,False,False,False,False,True,False,,Confirmed Uptrend,75.71,-0.0963,0.35903191230355413,0.9176635341809471,-0.01322741774537961,-0.03552493013905389,0.49176561708040756,0.2679446219382322,,False,,,1,0.608,0.854
HRL,Hormel Foods Corporation,Consumer Staples,XLP,13763377152.0,2026-08-24,24.09000015258789,0.008794011691855896,0.0029142253742795443,-0.07523989028315303,-0.10477032423942978,-0.03857022237117602,False,-0.10692412081840752,0.011637982779524103,-0.09734103734070465,-0.034070842956763436,0.9196091625854927,1.064647105235661,1.0602765651355186,0.80101821978544,1.064647105235661,90075732.06220932,0.6212120336387018,24.742000007629393,24.553772481282554,22.933895444869997,False,False,True,False,True,False,accumulation,5,1,normal,False,False,,False,58.0,,0.01830931953180411,42.66634099983703,True,False,False,True,True,True,False,,Confirmed Uptrend,23.07,0.0441,0.5221049972314652,0.9838065079008816,-0.2161820202813982,-0.05152559862225792,0.3211415033628903,0.267199148029819,,False,,,1,0.608,0.854
KEYS,Keysight Technologies Inc.,Information Technology,XLK,54529290240.0,2026-08-24,310.6600036621094,-0.01730301185023808,-0.13980338110942025,-0.0096276112094702,-0.041253246995440196,-0.11940977882977066,False,-0.04355985672100937,-0.07342321225258663,-0.041255720840262744,-0.07144716673624918,0.8321101588615948,0.7443461777984696,1.6567750774290875,0.6506079174509726,0.7443461777984696,459901525.2523926,0.5465167712635272,331.04600219726564,332.9943339029948,326.8402488708496,False,False,False,True,False,False,dry_up,1,3,normal,False,False,,False,5.0,분산3일,0.04324509115467244,39.4622233900447,True,False,False,False,False,True,False,,Confirmed Uptrend,361.15,-0.1398,0.3366787158820002,0.9094630889501736,0.6880429262232979,0.19482041157620777,0.913344609409259,0.26698615548455806,,False,,,1,0.608,0.854
ADI,"Analog Devices, Inc.",Information Technology,XLK,178960646144.0,2026-08-24,371.1700134277344,-0.00514616561420056,-0.048964808371768975,-0.0019360595669226655,-0.03380731024849104,-0.1319506871823085,False,-0.036131833849713635,-0.08661903739051158,-0.033809803305990815,-0.08467113368761381,0.8331911741807101,1.178223399788098,1.28383770910636,0.6240898765144455,1.178223399788098,1501457164.5032654,0.8281701764289542,375.9635009765625,391.8021606445312,376.7255335489909,False,False,False,True,False,False,distribution,1,3,normal,False,False,,False,45.0,분산3일,0.03139109346336989,44.265522530062654,True,False,False,False,False,True,False,,Confirmed Uptrend,434.46,-0.1457,0.4384185690996019,0.9094630889501736,0.2981422401877136,-0.032522642359521514,0.6898277266178037,0.2654419595314164,,False,,,1,0.608,0.854
SNPS,"Synopsys, Inc.",Information Technology,XLK,74439507968.0,2026-08-24,394.510009765625,-0.008444932748881584,-0.045278523304308815,0.014190646725701361,-0.01819557927768578,-0.1666588702486358,False,-0.02055766250597091,-0.12313976633002821,-0.018198112617981765,-0.12126974783171207,0.8491756450301993,0.9822577294092164,0.9124727121926579,0.5196386331737719,0.9822577294092164,598712351.0535705,0.8121853360804301,400.7325012207031,428.86383361816405,441.8929178873698,False,False,False,False,False,False,dry_up,0,0,normal,False,False,,False,83.0,,0.02683981903728728,41.687731771347686,True,False,False,False,False,True,False,,Confirmed Uptrend,500.82,-0.2123,0.4207254449050102,0.9094630889501736,-0.46888094453487006,-0.18475740557870568,0.10640629182256696,0.26506922257720983,,False,,,1,0.608,0.854
ALGN,"Align Technology, Inc.",Health Care,XLV,12114922496.0,2026-08-24,159.63999938964844,-0.01790220613642679,-0.06730546871921561,-0.05004465045751394,-0.08037964589721303,-0.1282776815205623,False,-0.08259212301482222,-0.08275421842520891,-0.11148997693936857,-0.2057763197181679,0.8473910499859594,0.802480069739851,0.9155617467903389,1.2247086821595732,0.802480069739851,162930479.8893799,0.15281306121113197,171.2875015258789,173.75650075276693,173.78491694132487,False,False,True,False,False,False,dry_up,2,0,normal,False,False,,False,18.0,,0.03903425825370868,39.070967728863664,True,False,False,False,False,True,False,,Confirmed Uptrend,180.08,-0.1135,0.337857530621235,0.9944216998611353,0.010014909053221555,-0.15356415455578087,0.4085702733024665,0.2635250266240682,,False,,,1,0.608,0.854
MTSI,MACOM Technology Solutions Hold,Information Technology,XLK,19183810560.0,2026-08-24,257.42999267578125,-0.03443229128750058,-0.21402621550629897,-0.021476334897608695,-0.05272360450119029,-0.33791819653393784,False,-0.05500261816127516,-0.3033426718430402,-0.0527260487491622,-0.3018569594790659,0.6496491857153155,0.9928356337762508,0.9492337519698937,1.13426837816816,0.9928356337762508,432516655.13581544,0.5224656398482095,279.7620002746582,318.76999893188474,299.6203328450521,False,False,False,True,False,False,dry_up,0,2,normal,False,False,,False,57.0,,0.07654232905280091,39.80875201850029,True,False,False,False,False,True,False,,Confirmed Uptrend,382.35,-0.3267,0.2737208024932239,0.9094630889501736,0.837839401080386,-0.0011093759199318765,0.7998605866976474,0.26331203407880727,,False,,,1,0.608,0.854
BURL,"Burlington Stores, Inc.",Consumer Discretionary,XLY,23192944640.0,2026-08-24,330.6400146484375,0.012679983609303225,-0.01843547971665993,-0.07645036275691164,-0.10594214260487789,-0.06918051877334719,False,-0.10809311995382453,-0.020570857871270554,-0.1346894694068812,-0.052476158427869235,0.8883635038006966,0.8774407517303461,1.2571030228993747,0.9705581507834476,0.8774407517303461,273523276.9333679,0.9481154482857896,355.79650421142577,339.2248357137044,327.9719184875488,False,False,True,True,True,False,weak_rally,2,5,normal,False,False,,False,10.0,분산5일,0.03049713924748029,37.200906150748395,True,False,False,False,False,True,False,,Confirmed Uptrend,371.5,-0.11,0.38636186110256787,0.9538536360667944,0.08025962840821532,0.03244664377616058,0.6311641124646199,0.26272630457933976,,False,,,1,0.608,0.854
DD,"DuPont de Nemours, Inc.",Materials,XLB,18497658880.0,2026-08-24,136.6699981689453,-0.012000315478465584,-0.04473340901402223,-0.02350677612961205,-0.05468920750101447,-0.0625658218789037,False,-0.056963492196978716,-0.013610725390772349,-0.06341947622685884,-0.07370130895673721,0.9273936533706632,0.5791166974469565,0.6145443219458405,0.6002506786489104,0.5791166974469565,246423094.52083206,0.2581657158587172,141.43000030517578,140.06933314005533,139.88308410644532,False,False,False,False,True,False,dry_up,0,0,normal,False,False,,False,69.0,,0.026150069296872202,41.84511356230594,True,False,False,True,False,True,False,,Confirmed Uptrend,151.2,-0.0961,0.2909455434416262,1.0,0.2749426410128446,-0.15133740235391435,0.5751830653841554,0.2614483493077742,,False,,,1,0.608,0.854
BWA,BorgWarner Inc.,Consumer Discretionary,XLY,13074026496.0,2026-08-24,64.36000061035156,-0.05045733594775359,-0.07925609148200496,0.010678396700957826,-0.02159567235891091,-0.1712376886396294,False,-0.023949575441871263,-0.1279577017719724,-0.053055055796511486,-0.15636483244256005,0.8637766576986384,0.9358936903498893,0.9097857234999764,0.7600069069261077,0.9358936903498893,152366143.4778366,0.06580571184250163,66.31350078582764,67.65100021362305,62.1426472345988,False,False,True,True,False,False,dry_up,1,1,normal,False,False,,False,13.0,,0.04167494911733095,44.81015228351105,True,False,False,False,False,True,False,,Confirmed Uptrend,66.78,-0.0362,0.2581220965634572,0.9538536360667944,0.3266278499302713,0.022257734349863334,0.7503504126018691,0.26128860489882855,,False,,,1,0.608,0.854
PFGC,Performance Food Group Company,Consumer Staples,XLP,17969508352.0,2026-08-24,105.77999877929688,0.007620455294169437,0.010508200906708565,-0.07454071780385585,-0.10409347848736361,-0.020226936201711565,False,-0.10624890346194193,0.03093920003929229,-0.09665857461523575,-0.01564171234384215,0.9068152369961991,0.7300598966512563,0.7962094892200438,0.6298358363612505,0.7300598966512563,197467080.26724395,0.3058815081649383,110.18800086975098,108.01883366902669,98.70216687520345,False,False,True,True,True,False,weak_rally,2,3,normal,False,False,,False,27.0,분산3일,0.030337899361395994,42.52216570516037,True,False,False,True,False,True,False,,Confirmed Uptrend,113.17,-0.0653,0.2522177445607178,0.9838065079008816,-0.04892578411772619,0.06916134495098492,0.554895924097202,0.26091586794462196,,False,,,1,0.608,0.854
DTE,DTE Energy Company,Utilities,XLU,29521453056.0,2026-08-24,135.66000366210938,0.003253974541000737,-0.03889472526935578,-0.07858447599795415,-0.10800810704769948,-0.09599199144901527,False,-0.11015411397702124,-0.0487824909661555,-0.026139282072828895,-0.050131903416892776,0.8784563238756437,1.0739872024429424,0.8368110321118734,0.7572359179271632,1.0739872024429424,188508772.7074936,0.6915077989601387,139.95749893188477,145.12055104573568,144.8707191467285,False,False,False,False,False,False,accumulation,2,0,normal,False,False,,False,45.0,,0.017331303391579993,32.70481704764991,True,False,False,False,False,True,False,,Confirmed Uptrend,146.39,-0.0733,0.41970265350583036,0.9176635341809471,-0.06294532608784098,-0.04372136041191188,0.44303383392276463,0.26001064962726306,,False,,,1,0.608,0.854
CSCO,"Cisco Systems, Inc.",Information Technology,XLK,457166979072.0,2026-08-24,110.2300033569336,-0.007294646541023964,-0.023649230583343228,-0.03788073971764783,-0.06860416623150267,-0.12466767004947898,False,-0.07084497349556096,-0.07895568336066727,-0.06860656950301702,-0.07699143655855623,0.8898127688156067,0.5520936740710546,0.7151970692234284,0.8761866445380532,0.5520936740710546,2649983127.3595676,0.4843756208823085,115.84850006103515,117.04093538920084,103.28373317718506,False,False,False,True,False,False,dry_up,1,2,normal,False,False,,False,8.0,,0.03592487987691166,41.23218228855561,True,False,False,False,False,True,False,,Confirmed Uptrend,123.88,-0.1102,0.2645308450021198,0.9094630889501736,0.47913986907487804,0.3614558987590686,0.9171019345873697,0.25708200212992544,,False,,,1,0.608,0.854
TFII,TFI International Inc.,Industrials,XLI,11097703424.0,2026-08-24,135.82000732421875,-0.039122734633962875,-0.0672343468518386,-0.06889688167120933,-0.09862986739732449,-0.17309895991613122,False,-0.10079843705107638,-0.1299161731688223,-0.047049785271881306,-0.16259088175191427,0.8495246399462785,0.6303387684497732,0.5516236989306116,1.0859672399469291,0.6303387684497732,47281408.1426239,0.3149720140028876,140.70250091552734,147.1519442240397,135.994265238444,False,False,False,True,False,False,dry_up,0,0,normal,False,False,,False,19.0,,0.0292193581210669,40.18619837281719,False,False,False,False,False,True,False,,Confirmed Uptrend,147.76,-0.0808,0.3135640340950391,0.9597340907832117,0.4156051378102963,0.2091714100408859,0.8821000837163213,0.25702875399361025,,False,,,1,0.608,0.854
TSEM,Tower Semiconductor Ltd.,Information Technology,XLK,24829573120.0,2026-08-24,211.10000610351562,-0.0516195265888465,-0.19956016642163965,-0.0584719692153719,-0.08853785445298457,-0.2124060960219496,False,-0.09073070406923411,-0.17127602367917538,-0.0885402062897992,-0.1695086620105638,0.6662458640904958,0.9246124422671836,0.6798179991242149,1.2798459220631948,0.9246124422671836,478017412.9481888,0.1681515434618885,232.64600219726563,244.3395009358724,222.03133436838786,False,False,False,True,False,False,dry_up,0,0,normal,False,False,,False,14.0,,0.08840426031739147,41.234392070923434,True,False,False,False,False,True,False,,Confirmed Uptrend,239.53,-0.1187,0.33029812531706093,0.9094630889501736,2.972797537013797,0.6822899555550532,0.9861363493988939,0.2561767838125666,,False,,,1,0.608,0.854
WYNN,"Wynn Resorts, Limited",Consumer Discretionary,XLY,10307059712.0,2026-08-24,99.41000366210938,-0.008675659431371163,-0.032882549112881576,-0.00046770607315993473,-0.032385845796996104,-0.10858394012164863,False,-0.03471378924159019,-0.06203202187403223,-0.06349828452681372,-0.09258670823912396,0.9289957041177884,0.9852036202152075,0.9429127145578834,0.6341072492876316,0.9852036202152075,155489047.98143616,0.19607878336370138,100.73081893920899,100.52870190938314,101.14423872629801,False,False,True,False,False,True,dry_up,0,3,normal,False,False,,False,13.0,분산3일,0.031208743170690226,46.93272284120276,True,False,False,True,False,True,False,,Confirmed Uptrend,100.9,-0.0148,0.4024467562453891,0.9538536360667944,-0.25136935894195833,-0.1676941342304209,0.2026137716195976,0.25553780617678384,,False,,,1,0.608,0.854
ACGLO,Arch Capital Group Ltd. - Depos,Financials,XLF,0.0,2026-08-24,19.0,-0.003147925898402737,-0.018595072262501566,-0.025890755318891956,-0.056997058904004305,-0.04056336451418996,False,-0.059265791234367704,0.009540753898258814,-0.048310997660724664,-0.10345824232583645,0.9693877362350982,1.2313174220487373,0.9937792064767687,0.2240682041753197,1.2313174220487373,455317.6262355804,0.21243061464284269,19.352199840545655,19.24734919865926,19.513478978474936,False,False,False,False,False,False,distribution,1,2,normal,False,False,,False,,,0.008098881943781572,31.806296162761484,False,False,False,True,False,True,False,,Confirmed Uptrend,,,0.5083506070102081,0.9993134723312326,-0.16535724388508488,-0.12513035190449295,0.30066984446988204,0.25463258785942494,,False,,,1,0.608,0.854
L,Loews Corporation,Financials,XLF,23871248384.0,2026-08-24,111.44999694824219,0.014750023583532723,-0.00771959931852606,-0.05928407707315764,-0.08932402920962557,0.0010279687157550566,False,-0.09151498740008035,0.05330408787114993,-0.08093573378620433,-0.06459338599365572,0.933940293310711,0.5555852547534542,0.7880927730036926,0.4355860430399176,0.5555852547534542,78256102.45899658,0.4324669879087416,114.14993553161621,112.28170216878256,110.18275000254313,False,False,True,True,True,False,weak_rally,0,1,normal,False,False,,False,138.0,,0.017425707394349718,40.761588906304844,True,False,False,True,False,True,False,,Confirmed Uptrend,109.24,0.0202,0.4586719912537927,0.9993134723312326,0.04263553458197866,-0.0025915257490031207,0.5675665886453332,0.25463258785942494,,False,,,1,0.608,0.854
TPR,"Tapestry, Inc.",Consumer Discretionary,XLY,30785552384.0,2026-08-24,132.16000366210938,0.015287743114056562,0.02433730650804722,-0.10357450839228266,-0.13220013086290372,-0.1238645429342512,False,-0.13428793518842164,-0.07811061499096439,-0.16010316446467077,-0.1081415346802882,0.8020391105787172,1.2059907503769487,1.1323050318940184,1.3409113500061491,1.2059907503769487,457783432.2442978,0.7086338437894506,146.13300018310548,144.37563552856446,143.41715888977052,False,False,True,False,True,False,accumulation,5,4,normal,False,False,,False,129.0,분산4일,0.046356141169261414,37.678074334324954,True,False,False,False,False,True,False,,Confirmed Uptrend,154.15,-0.1426,0.15561876210364703,0.9538536360667944,0.24878541439308188,-0.13892292175675902,0.5691536678569191,0.2546325878594249,,False,,,1,0.608,0.854
CINF,Cincinnati Financial Corporatio,Financials,XLF,27269978112.0,2026-08-24,171.2100067138672,0.017351081729319873,0.0008769388367497744,-0.07067247090928319,-0.10034875661105958,-0.014119245219092025,False,-0.1025131908593302,0.037365849524121586,-0.09206201066667608,-0.07874763996180667,0.8915794813426081,0.6939616233401656,0.7111970361363289,0.6492239058640691,0.6939616233401656,104589626.51584092,0.7862092552155955,174.57399978637696,174.64422302246095,168.25610122680663,False,False,True,True,False,False,weak_rally,0,0,normal,False,False,,False,40.0,,0.018118931209253415,43.23006464831573,True,False,False,False,False,True,False,,Confirmed Uptrend,184.08,-0.0699,0.49781842803149146,0.9993134723312326,0.03945082343698281,0.05553833306626621,0.614408547037752,0.2533013844515442,,False,,,1,0.608,0.854
CIEN,Ciena Corporation,Information Technology,XLK,53372530688.0,2026-08-24,371.95001220703125,-0.06023395190175651,-0.164495219177746,-0.014101245690252395,-0.04558402457074917,-0.194777948067701,False,-0.04788021505511286,-0.15272729089438764,-0.04558648724090908,-0.1509203716405466,0.758215129766272,0.8019930937186639,0.8385509591916986,0.8409945518623417,0.8019930937186639,880985648.8289856,0.3982338817001038,397.3060028076172,436.8531661987305,453.6608334859212,False,False,False,True,False,False,dry_up,3,2,normal,False,False,,False,8.0,,0.07980525457202217,41.434756396171416,True,False,False,False,False,True,False,,Confirmed Uptrend,432.05,-0.1391,0.2796413233387686,0.9094630889501736,2.8069788497084676,0.04145906296300805,0.8683487382754438,0.2528753993610224,,False,,,1,0.608,0.854
TDG,Transdigm Group Incorporated,Industrials,XLI,70161973248.0,2026-08-24,1199.0799560546875,-0.0010580410355988112,-0.031296951023059516,-0.06778519451797282,-0.09755367983334762,-0.08100144388253583,False,-0.09972483864288417,-0.03300910048690986,-0.04591201385802479,-0.06932301056056844,0.8892019701579548,1.010943284428694,0.8530672671008278,0.7335604476961521,1.010943284428694,565958103.935675,0.7082935542484062,1242.9025024414063,1260.147334798177,1232.7604970296225,False,False,True,False,False,False,distribution,2,2,normal,False,False,,False,45.0,,0.023803068994679627,41.001162253187346,True,False,False,False,False,True,False,,Confirmed Uptrend,1328.31,-0.0973,0.35108097182665504,0.9597340907832117,-0.1929238600717731,-0.12352384510995351,0.28012961792326574,0.25207667731629396,,False,,,1,0.608,0.854
AFL,AFLAC Incorporated,Financials,XLF,64885395456.0,2026-08-24,118.19999694824219,0.018350971474267563,-0.01805847899843005,-0.06135200073963909,-0.09132591771453613,-0.01674651451322784,False,-0.09351205964305243,0.03460137782709016,-0.08295606181595405,-0.08120268133059394,0.9169840727189735,0.6678781481543754,1.0406839250948723,0.573712593078256,0.6678781481543754,246712164.4322281,0.9134151094201032,122.38621025085449,119.92687212626139,115.67103964487711,False,False,True,True,True,False,weak_rally,1,2,normal,False,False,,False,26.0,,0.017888313039666422,41.083559204715904,True,False,False,True,False,True,False,,Confirmed Uptrend,124.1,-0.0475,0.2803239271855786,0.9993134723312326,0.0031535494676151465,0.03225541711969071,0.5684921380692852,0.2514909478168264,,False,,,1,0.608,0.854
CR,Crane Company,Industrials,XLI,12326394880.0,2026-08-24,206.3300018310547,-0.009980335850034106,-0.05608671353781791,-0.08880939937083443,-0.11790651717547096,-0.025484051016385845,False,-0.12002870992341808,0.025407545882007998,-0.06742952371770883,-0.013100114767911286,0.9111906006291656,0.7871241990745207,1.0006610566503766,0.5184439896206572,0.7871241990745207,96944281.9991974,0.14973205306308127,216.48100051879882,212.48500086466473,195.88793411254883,False,False,True,True,True,False,dry_up,0,2,normal,False,False,,False,20.0,,0.030360860200108603,38.29062749452073,True,False,False,True,False,True,False,,Confirmed Uptrend,226.44,-0.0888,0.27908843673562145,0.9597340907832117,0.02467732346345075,0.03789692335658912,0.5928607632422704,0.2511182108626198,,False,,,1,0.608,0.854
SMTC,Semtech Corporation,Information Technology,XLK,10975070208.0,2026-08-24,120.91000366210938,-0.02562650309959147,-0.21599012640989446,-0.0050196922136915845,-0.036792473022626115,-0.28753372689808887,False,-0.03910981474243347,-0.2503270024599513,-0.036794958377539655,-0.2487282272854625,0.6919819528333728,1.1159542265488016,1.1827251792761173,0.8815459006670074,1.1159542265488016,306768959.8207275,0.7260447303749276,127.6020004272461,141.24199994405112,122.17950026194255,False,False,False,True,False,False,distribution,2,4,normal,False,False,,False,5.0,분산4일,0.09413140774201119,44.23056496626423,True,False,False,False,False,True,False,,Confirmed Uptrend,154.22,-0.216,0.2983249474703034,0.9094630889501736,1.1687848148984874,0.33230128767594946,0.9530486978410301,0.2508519701810437,,False,,,1,0.608,0.854
ADM,Archer-Daniels-Midland Company,Consumer Staples,XLP,38204690432.0,2026-08-24,78.16000366210938,-0.026650053652788608,-0.03240163416888264,-0.054500872210723084,-0.08469356678688478,-0.03913799385026706,False,-0.08689566521810121,0.011040560890632767,-0.07709766790561523,-0.03464127154026764,0.9007795991637756,0.8351573308462492,0.8605258982956785,0.5371139573398476,0.8351573308462492,329341369.63092196,0.2617015814735008,79.54647178649903,79.77910079956055,75.9910317738851,False,False,True,True,False,False,dry_up,0,1,normal,False,False,,False,70.0,,0.032830874490989544,43.61369294045147,True,False,False,True,False,True,False,,Confirmed Uptrend,81.83,-0.0448,0.3035619330600766,0.9838065079008816,0.22301349112402402,0.17368400890768254,0.7968016948283816,0.25074547390841323,,False,,,1,0.608,0.854
LI,Li Auto Inc.,Consumer Discretionary,XLY,13407517696.0,2026-08-24,12.479999542236328,-0.04367820997452698,0.005640587887582926,-0.011093529682433267,-0.042672354183837524,-0.12708670221741325,False,-0.04497554973727791,-0.08150104328147523,-0.07345404293388358,-0.11142151839755587,0.867872005766082,1.114036549467625,0.9904084002362068,0.7839616556000124,1.114036549467625,39434008.8677372,0.04877929642069614,12.838500022888184,12.955999994277954,15.373416622479757,False,False,False,False,False,False,distribution,2,2,normal,False,False,,False,70.0,,0.025881418454358495,46.324917228775234,False,False,False,False,False,True,False,,Confirmed Uptrend,20.02,-0.3766,0.3064445639073984,0.9538536360667944,-0.5605237593932367,-0.39590562443828314,0.02007050394947407,0.24968051118210863,,False,,,1,0.608,0.854
CI,The Cigna Group,Health Care,XLV,73817759744.0,2026-08-24,280.45001220703125,0.01059422124589049,0.018595960790568578,-0.036320449473125516,-0.06709370085240685,-0.08319955515129873,False,-0.06933814208353994,-0.035322002481000925,-0.0986534892676052,-0.16470576930750913,0.9210181024861454,0.9275403559291665,0.7403716264003857,0.8739066684688203,0.9275403559291665,523132457.94775695,0.7316575391544682,280.1234985351563,284.23183390299477,279.70367736816405,True,False,False,False,False,False,weak_rally,1,0,normal,False,False,,False,40.0,,0.024649174948920778,49.62282182574066,True,False,False,True,False,True,False,,Confirmed Uptrend,282.79,-0.0083,0.33365611377910914,0.9944216998611353,-0.16336445647186293,-0.05002064797671013,0.3690486522811274,0.2495740149094782,,False,,,1,0.608,0.854
AVGO,Broadcom Inc.,Information Technology,XLK,1852030844928.0,2026-08-24,358.760009765625,-0.02629936794780574,-0.0857986992293267,-0.06382754390993073,-0.09372240917906294,-0.10175800795679435,False,-0.09590278548646824,-0.05484962290270656,-0.09372474763822203,-0.052833966791281495,0.8386945987826072,0.9345823085788487,1.1571824089323903,0.8949129380235169,0.9345823085788487,7809669575.919232,0.006750106049561181,394.8420013427734,393.4530258178711,383.59925130208336,False,False,False,True,True,False,dry_up,0,4,normal,False,False,,False,57.0,분산4일,0.03783667620453363,35.418693252302376,True,False,False,False,False,True,False,,Confirmed Uptrend,480.81,-0.2538,0.3368226553783062,0.9094630889501736,0.1300694045478037,0.0659470716979198,0.6898764757137243,0.2485090521831736,,False,,,1,0.608,0.854
WRB,W.R. Berkley Corporation,Financials,XLF,26916546560.0,2026-08-24,69.69999694824219,0.016034963536275537,-0.0007168896309364126,-0.07926024097599815,-0.10866229277200579,0.003635465734481036,False,-0.11080672582256401,0.056047754736381794,-0.10045212334832554,-0.06215682074918305,0.9150584038829482,0.8018032466118462,0.9701713341682756,0.5301111726667939,0.8018032466118462,117350807.36840744,0.4717946711530185,71.28299942016602,70.11213467915853,68.16518532435099,False,False,True,False,True,False,weak_rally,0,1,normal,False,False,,False,26.0,,0.018451524945431612,44.09046039481941,True,False,False,True,False,True,False,,Confirmed Uptrend,71.61,-0.0267,0.49458928111469597,0.9993134723312326,-0.09020513653997941,-0.01489056009791101,0.4497675875462006,0.2469116080937167,,False,,,1,0.608,0.854
Q,"Qnity Electronics, Inc.",Information Technology,XLK,27461113856.0,2026-08-24,126.23999786376953,-0.020484225007932455,-0.10315428537730764,-0.05061294498872082,-0.08092979303652315,-0.1840437995688775,False,-0.083140946577559,-0.1414325790112302,-0.08093216450434382,-0.13960157231523618,0.7187428735052116,0.7705480129611338,1.0626601036022638,1.0521557792358676,0.7705480129611338,271021804.55570334,0.8677294475628083,134.1779998779297,143.9123331705729,138.36089846293132,False,False,False,True,False,False,dry_up,1,1,normal,False,False,,False,39.0,,0.05185589505983832,40.55811432956362,True,False,False,False,False,True,False,,Confirmed Uptrend,158.23,-0.2022,0.3507267178709827,0.9094630889501736,,0.11317901088138282,,0.24669861554845582,,False,,,1,0.608,0.854
MAS,Masco Corporation,Industrials,XLI,14094957568.0,2026-08-24,73.20999908447266,0.0032889935556343897,-0.005396335181207301,-0.093998908732847,-0.12293030954572515,-0.03901969232382896,False,-0.12504041575642544,0.011165040410978655,-0.07274079801538258,-0.026807764054504024,0.888378062930561,0.46289731884231233,0.5422310207216376,0.6306508712438161,0.46289731884231233,207465914.23362884,0.3696675609809012,74.5227439880371,75.21284891764323,70.14189624786377,False,False,True,True,False,False,weak_rally,0,0,normal,False,False,,False,19.0,,0.028422648615917118,45.02332350536013,True,False,False,False,False,True,False,,Confirmed Uptrend,81.25,-0.099,0.29544818272926743,0.9597340907832117,-0.05438478389917445,-0.008855724192042946,0.4794746943215276,0.2455271565495208,,False,,,1,0.608,0.854
SRE,DBA Sempra,Utilities,XLU,57885790208.0,2026-08-24,84.56999969482422,0.020267828659021436,-0.015941385939756025,-0.0732054827964469,-0.10280088163961165,-0.10318293548537716,False,-0.10495941642024753,-0.05634896361813324,-0.020454126956065855,-0.05768764214912292,0.8871289003508097,0.920335017879304,0.9836591326006167,0.6573851245159513,0.920335017879304,352012385.39802474,0.8690165963302047,86.34650039672852,89.94736137390137,91.67429968516032,False,False,False,False,False,False,weak_rally,3,1,normal,False,False,,False,186.0,,0.023602613797402878,41.11262886417055,True,False,False,False,True,True,False,,Confirmed Uptrend,91.93,-0.08,0.22285839792941806,0.9176635341809471,0.0031353335705408547,-0.07455384998315073,0.46263210948044625,0.24510117145899896,,False,,,1,0.608,0.854
PODD,Insulet Corporation,Health Care,XLV,11452913664.0,2026-08-24,145.4199981689453,-0.01849355713713985,0.04094489152224057,-0.11866667776396778,-0.14681036085787436,-0.06051432386810918,False,-0.14886301502669697,-0.011452093156148702,-0.1756733715524832,-0.14403732077081555,0.8523033778606429,0.8917503451985513,0.7525680631650027,1.0722826915206882,0.8917503451985513,259034909.63412857,0.035060337368230075,151.07249908447267,153.4624994913737,173.39308293660483,False,False,False,False,False,False,dry_up,0,1,normal,False,False,,False,40.0,,0.05794054687396359,44.52855359545661,True,False,False,False,False,True,False,,Confirmed Uptrend,158.25,-0.0811,0.25850044911873743,0.9944216998611353,-0.576390825599249,-0.39862458811267854,0.017293400078590832,0.24398296059637914,,False,,,1,0.608,0.854
JBL,Jabil Inc.,Information Technology,XLK,33013170176.0,2026-08-24,304.8900146484375,-0.026563574067316797,-0.17572791215188477,-0.02097690485530246,-0.05224012279589074,-0.22011933855775,False,-0.05452029964489935,-0.1793920705306169,-0.05224256829138563,-0.1776420173875406,0.7907991977579777,0.9915613446698914,0.9032876571603187,0.8848278601867084,0.9915613446698914,355713018.59035647,0.47005408192632386,332.7257736206055,344.12070515950523,325.47089729309084,False,False,False,True,False,False,dry_up,2,1,normal,False,False,,False,59.0,,0.048824040465408024,38.44374435164171,True,False,False,False,False,True,False,,Confirmed Uptrend,364.48,-0.1635,0.2647951447696838,0.9094630889501736,0.29796080433289074,0.09924494231096848,0.8016460792856207,0.2421725239616614,,False,,,1,0.608,0.854
GGB,Gerdau S.A.,Materials,XLB,9737375744.0,2026-08-24,4.329999923706055,0.0,-0.08844330519393495,-0.09410508306335563,-0.12303309340337276,-0.09500787746445516,False,-0.12514295233058048,-0.047746984151897265,-0.1311321829504425,-0.10575799552206,0.8512592882852184,1.2528131949343657,1.1177436840408208,1.0543882895427892,1.2528131949343657,57099248.89981089,0.08888884179384096,4.752141427993775,4.546766726175944,4.294989067316055,False,False,False,True,True,False,distribution,0,4,normal,False,False,,False,23.0,분산4일,0.042509555888367516,36.30509818605096,True,False,False,False,False,True,False,,Confirmed Uptrend,4.72,-0.0827,0.306108266625459,1.0,0.42934872921617506,0.07599349736854832,0.8261021794718468,0.24158679446219383,,False,,,1,0.608,0.854
QXO,"QXO, Inc.",Industrials,XLI,13802811392.0,2026-08-24,13.40999984741211,-0.025436073811618498,-0.04077251169444873,-0.050955432498048236,-0.08126134386652284,-0.22043919046216343,False,-0.083471699742934,-0.17972862588067795,-0.028687363854171144,-0.21053270162819981,0.744999991522895,0.7271362881733168,0.8136793699595719,0.9265886867709192,0.7271362881733168,267544443.4321621,0.13401984823786425,14.42699999809265,15.346499999364218,17.63891668319702,False,False,False,False,False,False,dry_up,0,2,normal,False,False,,False,39.0,,0.05979012784620532,41.76713905579921,True,False,False,False,False,True,False,,Confirmed Uptrend,17.82,-0.2475,0.3232519420800651,0.9597340907832117,-0.38211211385967514,-0.4920188679754054,0.05689110613748839,0.241160809371672,,False,,,1,0.608,0.854
LUV,Southwest Airlines Company,Industrials,XLI,21999693824.0,2026-08-24,40.709999084472656,0.008172313215167204,-0.06089964204322762,-0.1029088116730742,-0.13155569188696836,-0.11406644182646497,False,-0.1336450466419451,-0.06780083317393237,-0.08185975997883932,-0.10280819129064966,0.7815319440433931,1.2730691546991224,1.016740836237769,1.026449975114208,1.2730691546991224,204289615.64377862,0.5280873351963927,44.628999900817874,46.19182192484538,43.02530333201091,False,False,True,False,False,False,accumulation,1,0,normal,False,False,,False,40.0,,0.030266351199481834,33.36397908857214,True,False,False,False,False,True,False,,Confirmed Uptrend,51.91,-0.2158,0.31084163118482483,0.9597340907832117,0.25743988509768845,-0.1793500117828689,0.5434007050394948,0.2409478168264111,,False,,,1,0.608,0.854
AMD,"Advanced Micro Devices, Inc.",Information Technology,XLK,776410431488.0,2026-08-24,456.7449951171875,-0.034875868743396765,-0.09734190688302868,-0.07718964773732151,-0.10665781994254953,-0.09872064805407688,False,-0.10880707547256718,-0.05165364466648159,-0.10666012502459532,-0.04963117271577855,0.7862577959279564,0.640783385849384,0.690161517216432,0.905408415675904,0.640783385849384,12393910020.54486,0.32812471884637945,479.2052520751953,507.77608388264974,404.5496257781982,False,False,True,True,False,False,dry_up,0,0,normal,False,False,,False,75.0,,0.04758672012403984,42.45523546943804,True,False,False,False,False,True,False,,Confirmed Uptrend,421.39,0.0839,0.34071845525672617,0.9094630889501736,1.7121547237880899,1.4387815679851208,0.9854563678506546,0.24078807241746542,,False,,,1,0.608,0.854
ALAB,"Astera Labs, Inc.",Information Technology,XLK,53347295232.0,2026-08-24,277.5299987792969,-0.026108019825020534,-0.13317928869082485,-0.017662432494762403,-0.049031491729881305,-0.27206300387877635,False,-0.05131938809355785,-0.23404836059595846,-0.04903394550457563,-0.2324148691003911,0.5745724920122124,0.7810257432289422,0.7886755772935476,0.899892486957726,0.7810257432289422,1467151637.7263274,0.8296726731131596,307.288500213623,348.32924880981443,261.7987910588582,False,False,True,True,False,False,dry_up,0,2,normal,False,False,,False,45.0,,0.0910097455460973,39.022657933886414,True,False,False,False,False,True,False,,Confirmed Uptrend,417.07,-0.3346,0.36776388194423903,0.9094630889501736,0.3971619106985853,1.0886309180747769,0.9157310371142358,0.2387113951011715,,False,,,1,0.608,0.854
KNX,Knight-Swift Transportation Hol,Industrials,XLI,11316424704.0,2026-08-24,69.12000274658203,-0.03463681257528828,-0.05054945262240518,-0.022762625957004623,-0.053968820331692924,-0.19198606243107197,False,-0.056244838177778034,-0.14978960618843207,0.00016694939879857706,-0.18171799744848371,0.8476821433714232,0.9752991940487413,0.8459459631833706,0.582648638914252,0.9752991940487413,236075340.67575377,0.20850034246158958,70.4150001525879,74.44470570882162,67.96699212392171,False,False,True,True,False,False,dry_up,0,0,normal,False,False,,False,45.0,,0.031699522779688044,43.4705975690846,True,False,True,False,False,True,False,,Confirmed Uptrend,74.15,-0.0678,0.32790279451195953,0.9597340907832117,0.46323446771512145,0.1315577726397843,0.8691704111211722,0.23833865814696487,,False,,,1,0.608,0.854
ROK,"Rockwell Automation, Inc.",Industrials,XLI,53420396544.0,2026-08-24,429.69000244140625,-0.016907624137207033,-0.03353577025961152,-0.07507806446760312,-0.10461366601978761,-0.09213717692709245,False,-0.10676783949638902,-0.04472636863908863,-0.05337600130224929,-0.08060025407321714,0.8705938961582919,0.6815977788233675,0.7173008213763807,0.7779783909198567,0.6815977788233675,397384551.82960814,0.29617412707994945,447.9720230102539,458.4464497884115,428.29431533813477,False,False,False,True,False,False,dry_up,0,0,normal,False,False,,False,45.0,,0.024301446012788996,39.530854748204156,True,False,False,False,False,True,False,,Confirmed Uptrend,472.34,-0.0903,0.32505281097073574,0.9597340907832117,0.1698306567403296,0.09860135155288496,0.7381221347092424,0.23812566560170395,,False,,,1,0.608,0.854
NYT,New York Times Company (The),Communication Services,XLC,12121897984.0,2026-08-24,67.48999786376953,0.027401360259787344,0.03401258365069881,-0.0674313209562919,-0.09721110654265852,-0.12057590148805786,False,-0.0993830895353085,-0.07465023267690973,-0.10612226073892483,-0.09157251349090911,0.8687089167576026,0.9142842557348694,0.6932412088469402,0.9659989750527848,0.9142842557348694,162422110.41604462,0.9456528950292737,68.23050041198731,71.67105115254721,75.61439113616943,False,False,False,False,False,False,weak_rally,0,0,normal,False,False,,False,128.0,,0.034079112607221594,46.96399229165833,True,False,False,False,False,True,False,,Confirmed Uptrend,75.05,-0.1007,0.27382816290655926,0.9408024526034724,0.03384939543516019,-0.12065737702312818,0.4501776266707671,0.2380724174653887,,False,,,1,0.608,0.854
MNST,Monster Beverage Corporation,Consumer Staples,XLP,94260420608.0,2026-08-24,48.91999816894531,0.02364505611572021,0.07469239184952059,-0.4767354873595153,-0.4935546159898927,-0.4916882801228021,False,-0.49310048766657344,-0.4738241467230929,-0.49660098859340274,-0.4792892732369921,0.48949366593848725,1.3156528549334716,1.3878524539420114,2.9081826416591365,1.3156528549334716,533809917.37777025,0.805824271873426,66.26550045013428,82.2560001373291,80.09808336893717,False,False,False,False,False,False,accumulation,8,2,normal,False,True,acc,False,39.0,,0.22419255942847177,42.85478613471016,True,False,False,False,False,True,False,,Confirmed Uptrend,96.38,-0.4924,0.2712353590436371,0.9838065079008816,0.2422798313348573,0.037718605001960004,0.7246272915207326,0.2361554845580405,,False,,,1,0.608,0.854
DDOG,"Datadog, Inc.",Information Technology,XLK,95386656768.0,2026-08-24,225.77000427246094,-0.04180456263836008,-0.08713408706763992,-0.10358928084914132,-0.1322144315897894,-0.07101025291248886,False,-0.13430220150977157,-0.022496145184618954,-0.13221667072836152,-0.02041149107386131,0.7835155615292744,0.516203174570693,0.6264153172256933,0.8373237652404961,0.516203174570693,1349406643.336773,0.011287369822388397,251.83500213623046,248.42533416748046,197.4752504984538,False,False,True,True,True,False,dry_up,0,1,normal,False,False,,False,18.0,,0.07456546283388261,40.22839901593117,True,False,False,False,False,True,False,,Confirmed Uptrend,264.2,-0.1455,0.2496121681297351,0.9094630889501736,0.6259871595453976,1.2098734499927417,0.9501677173919234,0.23487752928647498,,False,,,1,0.608,0.854
ARW,"Arrow Electronics, Inc.",Information Technology,XLK,11074078720.0,2026-08-24,201.83999633789062,-0.04273184493626048,-0.08404431031568504,-0.05341649682440719,-0.08364381884112648,-0.12706712100086648,False,-0.08584844281812831,-0.08148043948609818,-0.08364618330597329,-0.07952157705481067,0.859515371818213,0.6030905314252931,0.9029043968421738,0.8702112291369294,0.6030905314252931,134835983.16519013,0.012976012637201863,212.20850067138673,214.52200037638346,192.95858370463054,False,False,False,True,False,False,dry_up,2,1,normal,False,False,,False,14.0,,0.04433143881480133,42.858367000882886,True,False,False,False,False,True,False,,Confirmed Uptrend,227.67,-0.1135,0.29007012280665156,0.9094630889501736,0.45364338182218855,0.22129340713830215,0.8964170553495869,0.23439829605963794,,False,,,1,0.608,0.854
FMX,Fomento Economico Mexicano S.A.,Consumer Staples,XLP,43603820544.0,2026-08-24,121.98999786376953,0.010855133868752365,0.04016029274809396,-0.07688230421465903,-0.10636029084365217,-0.07124807431913849,False,-0.10851026218679882,-0.022746386204486324,-0.09894419867962134,-0.06690162344696893,0.923117695785341,0.5298485075746213,0.8341832908354583,0.812269584274817,0.5298485075746213,65197681.88518524,0.9943707087926008,121.48499984741211,124.11621704101563,118.11637948354085,True,False,False,True,False,False,weak_rally,1,0,normal,False,False,,False,17.0,,0.01925614701980127,49.90823392572423,True,False,False,True,False,True,False,,Confirmed Uptrend,126.76,-0.0376,0.3241683833138051,0.9838065079008816,0.2801308413228727,0.07958078053525375,0.7783834207513967,0.2343982960596379,,False,,,1,0.608,0.854
MPWR,"Monolithic Power Systems, Inc.",Information Technology,XLK,70060859392.0,2026-08-24,1285.030029296875,-0.023741148771126652,-0.09248650191081043,-0.040363479800757385,-0.07100762478929068,-0.21961851316187153,False,-0.07324264967039218,-0.17886509081249224,-0.07101002185918459,-0.177113913816625,0.778913319549574,1.0827803897200596,0.8974312092742153,0.9770671979080463,1.0827803897200596,1112998969.7965941,0.5884583978257425,1349.6230102539062,1405.636875406901,1377.723403930664,False,False,False,True,False,False,distribution,0,2,normal,False,False,,False,16.0,,0.04847523425620857,42.52085192347057,True,False,False,False,False,True,False,,Confirmed Uptrend,1426.03,-0.0989,0.4008154556831742,0.9094630889501736,0.39212258307015957,0.033194857514336595,0.7798253916727889,0.23429179978700745,,False,,,1,0.608,0.854
VTRS,Viatris Inc.,Health Care,XLV,20449544192.0,2026-08-24,16.540000915527344,0.013480467206926194,0.026743785409402143,-0.05532587338022499,-0.08549222313215188,-0.015235507254592995,False,-0.087692400108628,0.03619129356577333,-0.1164295980521991,-0.10278392205971987,0.9330374747191196,0.4801627466003182,0.6079611095106481,0.5420316876439981,0.4801627466003182,172327335.6963764,0.8974382800579053,16.650444746017456,16.376947450637818,15.446682167053222,False,True,False,True,True,False,weak_rally,0,3,normal,False,False,,False,72.0,분산3일,0.030887055122986652,51.17334584406205,True,False,False,True,False,True,False,,Confirmed Uptrend,16.67,-0.0079,0.35769467890210566,0.9944216998611353,0.42596254605326145,0.008737152419622918,0.769224969104691,0.23418530351437697,,False,,,1,0.608,0.854
SNN,"Smith & Nephew SNATS, Inc.",Health Care,XLV,13263339520.0,2026-08-24,29.6200008392334,0.012303506751042859,-0.0020215453276770656,-0.04820051283896276,-0.07859439726357653,-0.06915571080298244,False,-0.08081116943809008,-0.02054475436825809,-0.10976512244091774,-0.15191046338591574,0.9069198094800484,0.6937139752166707,0.7460675366800043,0.7932469882724482,0.6937139752166707,46740782.18400707,0.6567181174809408,30.42900037765503,30.313833459218344,31.103317419687908,False,False,False,False,False,False,weak_rally,0,1,normal,False,False,,False,18.0,,0.01886997793136796,45.39275452132307,False,False,False,True,False,True,False,,Confirmed Uptrend,32.66,-0.0931,0.3559452083431429,0.9944216998611353,-0.2800012598914393,-0.21228314385273828,0.15460570751681446,0.23301384451544196,,False,,,1,0.608,0.854
AZN,AstraZeneca PLC,Health Care,XLV,263090765824.0,2026-08-24,166.7100067138672,0.004398186559339656,0.06259167163249213,-0.017271826729091777,-0.04865335920742808,-0.11848764983872206,False,-0.05094216530472406,-0.07245292743920406,-0.08083697584755245,-0.19685665020002374,0.8542660103914586,0.6348807292873843,0.8163053804143112,0.7523741788837822,0.6348807292873843,706852559.5011269,0.8808387676975168,162.81550064086915,173.41716639200845,182.4484167734782,True,False,False,False,False,False,weak_rally,0,2,normal,False,False,,False,40.0,,0.020555365139053566,52.374585539178824,True,False,False,False,False,True,False,,Confirmed Uptrend,188.41,-0.1152,0.3747647754887491,0.9944216998611353,-0.09591497507790492,-0.24132616873530488,0.27552328395778874,0.23189563365282218,,False,,,1,0.608,0.854
MOG-A,Moog Inc.,Industrials,XLI,12351444992.0,2026-08-24,379.79998779296875,-0.02400171276116858,-0.14724508592858598,-0.08948566303930094,-0.11856118566548113,-0.09647695838488823,False,-0.12068180337319845,-0.04929278405685955,-0.06812165501379419,-0.08499518452776522,0.852754914071414,0.8850408804867692,0.9521854605814525,0.8573444187470379,0.8850408804867692,129221787.9336029,0.2556188269134504,410.28404998779297,402.7550725301107,356.0901796976725,False,False,True,True,True,False,dry_up,0,2,normal,False,False,,False,17.0,,0.0438801482559593,40.066481553635604,True,False,False,False,False,True,False,,Confirmed Uptrend,418.96,-0.0935,0.22037094036750457,0.9597340907832117,0.8162340505835122,0.09385881675516816,0.8775946649353903,0.23093716719914803,,False,,,1,0.608,0.854
RL,Ralph Lauren Corporation,Consumer Discretionary,XLY,22636445696.0,2026-08-24,370.82000732421875,-0.004750500633588506,-0.022382722018982726,-0.02400377706633816,-0.0551703376695446,-0.08902755075251079,False,-0.057443464834051716,-0.041454350210232915,-0.08555016918780445,-0.07267936255496776,0.8973480259462988,0.927871713410047,0.8045077181749496,0.5529569405531841,0.927871713410047,236795237.11387634,0.3905774723105858,383.91700134277346,386.35733591715496,369.88776346842445,False,False,True,True,False,False,dry_up,0,0,normal,False,False,,False,40.0,,0.03491216088559688,40.49838157296812,True,False,False,False,False,True,False,,Confirmed Uptrend,411.16,-0.0981,0.4098572262267713,0.9538536360667944,0.12527499909824935,-0.055023535129490875,0.5703630554748765,0.23056443024494142,,False,,,1,0.608,0.854
YMM,Full Truck Alliance Co. Ltd.,Information Technology,XLK,9925535744.0,2026-08-24,8.430000305175781,-0.038768544451660114,-0.0463800724360941,-0.09452202736604687,-0.12343672339236833,-0.031324976312590125,False,-0.1255456112426412,0.019261593237612784,-0.12343898517997454,0.021435301156832898,0.867283958187858,0.8289584147181206,1.3477017938533056,0.3994964853962217,0.8289584147181206,65467922.60945225,0.12225856213527217,9.211000108718872,8.742019979159037,8.619095671176911,False,False,True,False,True,False,dry_up,1,3,normal,False,False,,False,28.0,분산3일,0.03430774947867098,35.23598234852932,True,False,False,False,False,True,False,,Confirmed Uptrend,9.2,-0.0837,0.38595854762663545,0.9094630889501736,-0.3388506170225758,-0.0866003063063866,0.21839412732853816,0.22838125665601708,,False,,,1,0.608,0.854
CGNX,Cognex Corporation,Information Technology,XLK,10857204736.0,2026-08-24,58.540000915527344,-0.0330360087504894,-0.11978719213450162,-0.04352796026747219,-0.07407105366387212,-0.09028335512031971,False,-0.07629870836633834,-0.04277573574142479,-0.07407344282923056,-0.040734330495222015,0.8094748889879859,0.6461762852918669,0.8129163205124281,0.5308763501304279,0.6461762852918669,157290213.0887394,0.19333394368489584,63.652701187133786,64.3646681467692,59.875256601969404,False,False,False,True,False,False,dry_up,2,3,normal,False,False,,False,14.0,분산3일,0.05102005965255704,40.362522511527466,True,False,False,False,False,True,False,,Confirmed Uptrend,71.42,-0.1803,0.28016004915377885,0.9094630889501736,0.24125865718795447,0.012226759275770993,0.7039642810362601,0.22779552715654952,,False,,,1,0.608,0.854
FTAI,FTAI Aviation Ltd.,Industrials,XLI,21140836352.0,2026-08-24,198.4199981689453,-0.05379112514761264,-0.12755571138847943,-0.07139508473246092,-0.10104829515281355,-0.20580799484402812,False,-0.10321104640982603,-0.16433335358394507,-0.04960660534560968,-0.19571557596555056,0.7171063094906953,0.7316617758940522,0.7119982092847366,0.9788006716411752,0.7316617758940522,359065542.81844634,0.03725041208902747,213.63622131347657,230.58656056722006,239.29744656880698,False,False,False,False,False,False,dry_up,0,0,normal,False,False,,False,75.0,,0.05856499031813616,41.1835004145653,True,False,False,False,False,True,False,,Confirmed Uptrend,284.45,-0.3024,0.2965984018972612,0.9597340907832117,0.26458932590944273,-0.2996114976207559,0.49379257715284774,0.2267838125665602,,False,,,1,0.608,0.854
UPS,"United Parcel Service, Inc.",Industrials,XLI,88587657216.0,2026-08-24,102.72000122070312,0.00696009283015675,0.0068614448213109025,-0.07607106717003465,-0.10557495909243031,-0.07423489197225208,False,-0.10772681983321974,-0.025889182751706263,-0.054392303492500904,-0.062470470783625,0.8864914136781189,0.7936851020047613,0.7263732894308753,0.5716582863743777,0.7936851020047613,553472768.653949,0.8706491455813918,103.2523208618164,106.69110870361328,102.29608364105225,False,False,True,False,False,False,weak_rally,0,0,normal,False,False,,False,135.0,,0.018812210442787004,44.209624416505754,True,False,False,False,False,True,False,,Confirmed Uptrend,112.58,-0.0875,0.3421854825980309,0.9597340907832117,0.1889642976682877,-0.06778081122392965,0.6012198663955852,0.22209797657082003,,False,,,1,0.608,0.854
REG,Regency Centers Corporation,Real Estate,XLRE,15009009664.0,2026-08-24,76.69000244140625,0.008282998988097034,0.004190122866514434,-0.06861785460007852,-0.09835975051858781,-0.07528587111665852,False,-0.10052897003552574,-0.02699504658734997,-0.059782843842546396,-0.05753193239887677,0.9275520338454262,0.6129479398389333,0.8708334816126283,0.5460275035980191,0.6129479398389333,106470785.60052948,0.5000050193243989,77.75350074768066,78.91232020060221,77.98074277242024,False,False,False,False,False,False,weak_rally,1,1,normal,False,False,,False,40.0,,0.015768492601208606,40.78086424540095,True,False,False,True,False,True,False,,Confirmed Uptrend,81.81,-0.0626,0.4446052790267112,0.9852206799546813,0.021407169210658328,-0.011070295133686403,0.5404481955431025,0.22140575079872205,,False,,,1,0.608,0.854
PEG,Public Service Enterprise Group,Utilities,XLU,38211284992.0,2026-08-24,73.52999877929688,0.012670405745929036,-0.027509612673775274,-0.07170812234347335,-0.10135133651031036,-0.1003898676828,False,-0.10351335869247591,-0.0534100350106439,-0.018871539634989443,-0.05475288275300405,0.8797558885907601,0.5801494805973905,0.7693644691910112,0.24868312191604894,0.5801494805973905,210405098.6520279,0.9480948379790304,75.74850044250488,78.43663940429687,79.21054719289144,False,False,False,False,False,False,weak_rally,0,1,normal,False,False,,False,36.0,,0.0167708238406258,33.64654086883368,True,False,False,False,False,True,False,,Confirmed Uptrend,81.62,-0.0991,0.3694895886879455,0.9176635341809471,-0.15792883160538418,-0.1363074744909133,0.29855632058225556,0.2210862619808307,,False,,,1,0.608,0.854
AEIS,"Advanced Energy Industries, Inc",Information Technology,XLK,11583884288.0,2026-08-24,274.6700134277344,-0.03870775836288287,-0.21186890160527516,-0.05885894062815955,-0.08891246867861824,-0.22200027070333483,False,-0.09110441702577521,-0.18137122953502938,-0.08891481954881941,-0.17962539720595216,0.7077406194980448,1.2181495289215702,0.7920055124315059,1.0285712493356054,1.2181495289215702,215969920.9711426,0.4211913191535364,307.6626258850098,318.1052645365397,330.13924573262534,False,False,False,False,False,False,distribution,0,1,normal,False,False,,False,14.0,,0.06716660886807897,39.50410521057398,True,False,False,False,False,True,False,,Confirmed Uptrend,341.27,-0.1952,0.3038396256714195,0.9094630889501736,0.749528599798376,-0.15158487707153268,0.6611778373853171,0.21964856230031948,,False,,,1,0.608,0.854
CAT,"Caterpillar, Inc.",Industrials,XLI,375294951424.0,2026-08-24,811.02001953125,-0.020388941158395513,-0.08011115854020723,-0.07129443898511445,-0.1009508633336671,-0.12754130413050635,False,-0.10311384899792131,-0.08197938561393703,-0.049503598079650435,-0.11645428920751433,0.7630054431187431,0.8074925879535902,0.9445165899097592,0.7756080775625126,0.8074925879535902,2613724109.3361816,0.30400536473369555,838.2505065917969,902.2902069091797,846.6574111938477,False,False,False,True,False,False,dry_up,0,1,normal,False,False,,False,41.0,,0.03371591479775618,39.819055656825356,True,False,False,False,False,True,False,,Confirmed Uptrend,1055.05,-0.2313,0.35241944231786776,0.9597340907832117,0.825410040258673,0.08326971366432234,0.8718465998075094,0.21730564430244945,,False,,,1,0.608,0.854
WPC,W. P. Carey Inc. REIT,Real Estate,XLRE,16766613504.0,2026-08-24,71.58000183105469,0.005337147459272273,0.0008389987528627518,-0.06075314668730003,-0.0907461869135745,-0.07534302719324049,False,-0.09293372359278973,-0.02705518749349034,-0.05184353198834879,-0.057590185836739693,0.9333680995217626,0.7416445407390314,0.760856220028645,0.2916307845520402,0.7416445407390314,87349939.82055894,0.29924030230661125,72.14150009155273,72.76434020996093,71.77703240712484,False,False,False,False,False,False,weak_rally,1,1,normal,False,False,,False,249.0,,0.014333618404024988,45.59059182976506,True,False,False,True,False,True,False,,Confirmed Uptrend,62.44,0.1463,0.585746409287214,0.9852206799546813,0.035462412605137494,-0.00970344441091886,0.552845500674856,0.2170394036208733,,False,,,1,0.608,0.854
AUR,"Aurora Innovation, Inc.",Consumer Discretionary,XLY,12649759744.0,2026-08-24,5.690000057220459,-0.08814098302429085,-0.18364415659989508,-0.08373590623707605,-0.11299503627855101,-0.0813634852541546,False,-0.11512904535815005,-0.033390048540932415,-0.14151558599039182,-0.06487775877515312,0.7869986227122616,1.345711590964262,1.4459977299082585,0.8168763928992339,1.345711590964262,192228536.82750165,0.11864432806387999,6.571249961853027,6.461916661262512,5.907874993483225,False,False,False,True,True,False,distribution,2,5,normal,False,False,,False,8.0,분산5일,0.07017323147798028,36.64276719297049,True,False,False,False,False,True,False,,Confirmed Uptrend,6.87,-0.1718,0.2798819615667168,0.9538536360667944,-0.13478932588110026,0.15309781718946414,0.5401554731680648,0.21682641107561235,,False,,,1,0.608,0.854
CDNS,"Cadence Design Systems, Inc.",Information Technology,XLK,93639122944.0,2026-08-24,315.9200134277344,-0.009717182912336697,-0.02334061200258697,-0.06700916365555554,-0.09680243002267541,-0.20650201498525533,False,-0.0989753962335036,-0.16506361714766682,-0.09680476053448694,-0.16328300671410167,0.8008111873960314,0.8810546384297465,0.859027193415182,1.0055990148792477,0.8810546384297465,733882449.9007752,0.7610212537047861,328.8240005493164,359.665500386556,337.8757504781087,False,False,False,True,False,False,dry_up,1,0,normal,False,False,,False,58.0,,0.028327703608785157,35.380380560380345,True,False,False,False,False,True,False,,Confirmed Uptrend,414.16,-0.2372,0.5364243382163817,0.9094630889501736,-0.2015353781885515,0.07106794804605432,0.44579954781796544,0.21570820021299258,,False,,,1,0.608,0.854
TME,Tencent Music Entertainment Gro,Communication Services,XLC,15472237568.0,2026-08-24,8.65999984741211,-0.015909129578219106,-0.023675314639954648,-0.07181136996492155,-0.10145128711771756,-0.09861020656530084,False,-0.10361306883279164,-0.05153743565411251,-0.11032058778300002,-0.06888239041846911,0.8747474930405855,0.9137458015057085,1.0958936284679874,0.7952176400348493,0.9137458015057085,96173438.05118847,0.26329692404268673,9.17649998664856,8.977333307266235,9.479998850822449,False,False,False,False,False,False,dry_up,4,4,normal,False,False,,False,10.0,분산4일,0.04470471146584622,42.647507191555526,True,False,False,False,False,True,False,,Confirmed Uptrend,9.9,-0.1253,0.2104890756386165,0.9408024526034724,-0.6903146211436093,-0.4318787407750201,0.008962088465941126,0.2156017039403621,,False,,,1,0.608,0.854
BTSG,"BrightSpring Health Services, I",Health Care,XLV,11718589440.0,2026-08-24,59.4900016784668,0.01053172681894221,-0.014739969756615623,-0.17352043756557667,-0.19991247143277635,-0.09101224440838951,False,-0.20183736939870534,-0.04354268940378314,-0.22697906229864606,-0.17182388786788805,0.8159374391772686,0.7597492698338749,0.7097797685735973,1.051998456268652,0.7597492698338749,178066767.1750532,0.6560857560369118,62.08824996948242,65.17641671498616,56.563125133514404,False,False,True,True,False,False,weak_rally,0,1,normal,False,False,,False,45.0,,0.03910501999690761,41.38404312085541,True,False,False,False,False,True,False,,Confirmed Uptrend,66.25,-0.102,0.24689323220032836,0.9944216998611353,1.5885770641056953,0.6748010195694745,0.9737335770788129,0.21304579339723112,,False,,,1,0.608,0.854
EQR,Equity Residential,Real Estate,XLRE,25674684416.0,2026-08-21,63.65999984741211,0.0,-0.035015936494572575,-0.06807199352031956,-0.0928026101445033,-0.05629719492578711,False,-0.0706844851195868,-0.023875811862118623,-0.08729766555281082,-0.0479371696391413,0.9074839410221169,0.0,1.0795363477076874,0.25384866743864265,0.0,214015132.3086775,0.5,66.71550006866455,66.33683497111002,63.653706614176436,False,False,True,True,True,False,dry_up,1,3,normal,False,False,,False,67.0,분산3일,0.01708294323112906,36.158587802654296,True,False,False,True,False,True,False,,Confirmed Uptrend,64.76,-0.017,0.2810484397424349,0.979787078365459,-0.023343122826340212,0.06496843431694033,0.5724487878218381,0.21160809371671993,,False,,,1,0.608,0.854
CRH,CRH PLC,Materials,XLB,63208681472.0,2026-08-24,95.79000091552734,0.0075733798570982724,-0.0027069456321657803,-0.06500192243977598,-0.09485928619121653,-0.1157452420525954,False,-0.09703692733256797,-0.06956730443763837,-0.10321857049110605,-0.12624902744942357,0.8507200677898987,0.8240314176365643,0.8631523854992383,0.8472742015060768,0.8240314176365643,457194903.36949956,0.5730336436527395,97.36357536315919,102.70779813130697,105.40756034851074,False,False,False,False,False,False,weak_rally,0,2,normal,False,False,,False,41.0,,0.026105470968326373,44.002458916509234,True,False,False,False,False,True,False,,Confirmed Uptrend,112.6,-0.1493,0.32095784863231713,1.0,-0.2271886157328985,-0.23945340324341713,0.17497941261895406,0.20990415335463258,,False,,,1,0.608,0.854
BTI,British American Tobacco  Indus,Consumer Staples,XLP,130817548288.0,2026-08-24,56.709999084472656,0.008895214519548444,0.01758477570942052,-0.06757646548790308,-0.09735161616305332,-0.09725198425936565,False,-0.09952326110933618,-0.050108283670562304,-0.08986076326377035,-0.09302722865792934,0.8978783917270112,1.3231295617133858,1.0245567935991327,0.7115033021696522,1.3231295617133858,247925984.20560685,0.3999972256772815,58.27700004577637,59.583892822265625,59.12706572214763,False,False,False,False,False,False,accumulation,4,3,normal,False,False,,False,27.0,분산3일,0.020574611403355238,42.740899945860804,True,False,False,False,False,True,False,,Confirmed Uptrend,63.16,-0.1021,0.40082206568057205,0.9838065079008816,-0.07479019736262627,-0.07242472868606686,0.4074340093283901,0.20942492012779554,,False,,,1,0.608,0.854
NKE,"Nike, Inc.",Consumer Discretionary,XLY,61876731904.0,2026-08-24,40.75,-0.00024529739806000705,0.042466099793612155,-0.032985273131966086,-0.06386502694754437,-0.1454187676514932,False,-0.06611723591359442,-0.10079045383172214,-0.09396529146457577,-0.1300825685951308,0.9015486573489593,0.7788962809986754,0.9227133354303211,0.7269151464077048,0.7788962809986754,994213386.5562226,0.11278294689260351,41.42049980163574,42.719333203633624,44.923482990264894,False,False,False,False,False,False,dry_up,2,4,normal,False,False,,False,37.0,분산4일,0.02631901733505423,45.94385788540974,True,False,False,True,False,True,False,,Confirmed Uptrend,43.06,-0.0536,0.345655309627984,0.9538536360667944,-0.5215762238750256,-0.3833411475323527,0.02883326784097316,0.20867944621938234,,False,,,1,0.608,0.854
MLM,"Martin Marietta Materials, Inc.",Materials,XLB,31532505088.0,2026-08-24,533.1099853515625,-0.0033836790855086285,-0.010303323190267166,-0.06803846293375904,-0.09779886060981313,-0.09142819470196872,False,-0.09996942954891541,-0.04398036163499963,-0.10613099693380157,-0.10222083469025911,0.8476324979841435,0.693762364411248,1.0258893025496778,0.7421399599649956,0.693762364411248,337745381.7217102,0.26498926688363716,544.3440002441406,568.057666015625,580.7866689046224,False,False,False,False,False,False,dry_up,1,2,normal,False,False,,False,45.0,,0.023691155954472555,43.829536474073464,True,False,False,False,False,True,False,,Confirmed Uptrend,609.12,-0.1248,0.3362639367703187,1.0,-0.2033470936405395,-0.24602584546495532,0.19169124053920145,0.20846645367412142,,False,,,1,0.608,0.854
ABEV,Ambev S.A.,Consumer Staples,XLP,48058191872.0,2026-08-24,2.9200000762939453,0.013888875091518038,0.050359750483805366,-0.04885988931941432,-0.07923271782541341,-0.12346068454162662,False,-0.0814479542905111,-0.07768566612922734,-0.07159150072610032,-0.11935858260587895,0.9010277896959713,0.7105028493036971,1.1506177390080776,0.6926451191880657,0.7105028493036971,110679129.44309044,0.6483003236680139,2.9414999723434447,3.0594438155492147,3.0392437100410463,False,False,False,False,False,False,weak_rally,2,1,normal,False,False,,False,17.0,,0.022389918505639043,46.99682894729712,True,False,False,True,False,True,False,,Confirmed Uptrend,3.12,-0.0641,0.2957988047750874,0.9838065079008816,0.1920013105660454,-0.09937654892165249,0.5777961536052121,0.20638977635782751,,False,,,1,0.608,0.854
STLD,"Steel Dynamics, Inc.",Materials,XLB,36012617728.0,2026-08-24,229.27000427246094,0.002580075282389016,-0.11190734033092464,-0.08390937643944729,-0.11316296704393669,-0.20772245007126167,False,-0.11529657210575373,-0.16634778632699654,-0.12135321058624238,-0.2171336670134173,0.812667869830691,1.6454900869274287,1.549304968292655,1.1100691931642501,1.6454900869274287,313383334.6340767,0.10513794433004914,252.84550018310546,249.67869084676107,226.95344721476238,False,False,True,True,True,False,accumulation,2,2,interest,True,False,surge,False,86.0,,0.044869109743054525,38.19848297506929,True,False,False,False,False,True,False,,Confirmed Uptrend,219.71,0.0435,0.2813324178562135,1.0,0.6915013924987767,0.16430155504200727,0.9012067679235505,0.20612353567625133,,False,,,1,0.608,0.854
AAL,"American Airlines Group, Inc.",Industrials,XLI,10108280832.0,2026-08-24,13.630000114440918,-0.013748160968082956,-0.055440067485509226,-0.08829429509465014,-0.11740786176277962,-0.10326525908755269,False,-0.1195312542054543,-0.056435586359365075,-0.06690233320472017,-0.09186974947600224,0.7509642094165857,0.9795462042355375,1.2127702396944988,0.733224094927613,0.9795462042355375,822818364.0813957,0.15387578555784237,15.023500108718872,15.435000054041545,13.629583382606507,False,False,True,True,False,False,dry_up,1,2,normal,False,False,,False,34.0,,0.03642122765661092,36.569220376839475,True,False,False,False,False,True,False,,Confirmed Uptrend,17.2,-0.2076,0.3932919335555722,0.9597340907832117,-0.020072248848118424,0.028720825750160994,0.5509611430979595,0.2054845580404686,,False,,,1,0.608,0.854
FNF,"Fidelity National Financial, In",Financials,XLF,13885837312.0,2026-08-24,47.43000030517578,0.002748437002370485,-0.03460209090129107,-0.0882352962744517,-0.11735074695633241,-0.02929948454373066,False,-0.11947427680919132,0.021392861120993034,-0.109220607447582,-0.09293275437442727,0.876709827041198,1.1254020865895984,0.9260412311873739,0.5134875824895472,1.1254020865895984,78641671.74157715,0.5729164183137433,49.898999977111814,48.7894484202067,48.32533356348674,False,False,True,False,True,False,accumulation,2,0,normal,False,False,,False,40.0,,0.02582752595725623,40.00287875046361,True,False,False,False,False,True,False,,Confirmed Uptrend,46.71,0.0154,0.3365871898611175,0.9993134723312326,-0.20189796470173482,-0.05030096081773605,0.3341859869129179,0.2053248136315229,,False,,,1,0.608,0.854
MKL,Markel Group Inc.,Financials,XLF,23322114048.0,2026-08-24,1817.300048828125,0.012073854028074926,0.010060081229137818,-0.09809171797483052,-0.12689242280315438,-0.04284714794091682,False,-0.1289929967271014,0.0071377057374069075,-0.11885017228939754,-0.1055923146885287,0.8911173023678713,0.8325156120370519,0.9357686604485828,0.6536443640747438,0.8325156120370519,128132682.93430176,0.8632055836826362,1861.6169982910155,1887.3676656087239,1891.5712463378907,False,False,False,False,False,False,weak_rally,1,2,normal,False,False,,False,40.0,,0.017038620416178853,39.83424314286234,True,False,False,False,False,True,False,,Confirmed Uptrend,1920.06,-0.0535,0.3051786159746656,0.9993134723312326,-0.13839815288470358,-0.11336157891243015,0.32394890456908876,0.20473908413205538,,False,,,1,0.608,0.854
CCL,Carnival Corporation Ltd.,Consumer Discretionary,XLY,38089940992.0,2026-08-24,25.709999084472656,-0.0007773205643024639,-0.07284531161592533,-0.04702604363259533,-0.0774574324704812,-0.11414807806557947,False,-0.07967694002223713,-0.0678867326563295,-0.10712064996604609,-0.09825069944902298,0.8363965656190099,1.1428838987818728,1.0301872158541638,0.6890279898016783,1.1428838987818728,490548716.2245544,0.18857029506138392,27.719997501373292,27.616751925150552,26.76757861773173,False,False,True,False,True,False,distribution,0,2,normal,False,False,,False,95.0,,0.0328583496721873,38.38607995278781,True,False,False,False,False,True,False,,Confirmed Uptrend,27.71,-0.0723,0.35126812509877076,0.9538536360667944,-0.2265295840942203,-0.2000348543087681,0.194154208880764,0.2018104366347178,,False,,,1,0.608,0.854
MOG-B,Moog Inc.,Industrials,XLI,12656325632.0,2026-08-24,387.6199951171875,-0.023873107128225213,-0.13862223307291666,-0.09396083600921479,-0.12289345260123286,-0.06598542646886763,False,-0.12500364748455317,-0.017208910063007288,-0.07270183196592317,-0.05411617287089454,0.8613777669270833,1.2760055478502081,2.751733703190014,0.4536290322580645,1.2760055478502081,59529.32432250977,0.5,408.5966506958008,402.0432632446289,358.4608283996582,False,False,True,True,True,False,distribution,2,4,normal,False,False,,False,,분산4일,0.02876071507414561,42.57975688577974,False,False,False,False,False,True,False,,Confirmed Uptrend,,,0.20721333046824456,0.9597340907832117,0.7625760194974207,0.07800970573143262,0.8635262225715148,0.19856230031948882,,False,,,1,0.608,0.854
FRT,Federal Realty Investment Trust,Real Estate,XLRE,10785703936.0,2026-08-24,117.54000091552734,0.006852861627523632,-0.0040670711844768,-0.07543456733326404,-0.10495878465269548,-0.0832534708307584,False,-0.10711212782244839,-0.035378733768587356,-0.06666421932520172,-0.0656525050941753,0.924565432666736,0.614189899798756,0.7103302025766298,0.4630822485584412,0.614189899798756,103929827.51168594,0.40963936636333,119.89649963378906,121.51042493184407,115.29341100056966,False,False,True,True,False,False,weak_rally,0,0,normal,False,False,,False,26.0,,0.015961135913891308,39.081912653699035,True,False,False,True,False,True,False,,Confirmed Uptrend,126.02,-0.0673,0.3953122022212671,0.9852206799546813,0.16182915421230315,0.08260215734603293,0.7253261804286049,0.19653887113951013,,False,,,1,0.608,0.854
JBHT,"J.B. Hunt Transport Services, I",Industrials,XLI,25521383424.0,2026-08-24,259.8800048828125,-0.05652570932731038,-0.08289512171061275,-0.07346832415859217,-0.10305532966882203,-0.1322345923894399,False,-0.10521325228331813,-0.08691776881918811,-0.05172849057767814,-0.1212072187505695,0.8723512405558218,1.4591434085083095,0.875762550764711,0.6749160588167188,1.4591434085083095,236771515.08850098,0.16340019299808134,272.50829925537107,278.7240249633789,255.07398274739583,False,False,True,True,False,False,distribution,3,1,normal,False,False,,False,27.0,,0.032899916807358334,38.12196775386563,True,False,False,False,True,True,False,,Confirmed Uptrend,297.91,-0.1276,0.32072702514788193,0.9597340907832117,0.7213311382316185,0.19478543609719012,0.9148437580085766,0.1951011714589989,,False,,,1,0.608,0.854
VIK,Viking Holdings Ltd,Consumer Discretionary,XLY,46556495872.0,2026-08-24,91.47000122070312,-0.014225667440459389,-0.08401761804895003,-0.11314716150867621,-0.1414670997292201,-0.053846224760680794,False,-0.14353260903215104,-0.004435769669008716,-0.1690721653860039,-0.03686667725163617,0.8449103954902992,1.389393249222715,1.8025433910497002,0.5653472714867955,1.389393249222715,314447823.5904449,0.14413103068310898,101.37900047302246,98.57433369954427,88.40600045522054,False,False,True,True,True,False,distribution,3,6,normal,False,False,,False,44.0,분산6일,0.044902302904867894,36.27746289106866,True,False,False,False,False,True,False,,Confirmed Uptrend,100.05,-0.0858,0.17938978824594298,0.9538536360667944,0.47024037993707,0.21026205915933027,0.8979271383255596,0.19494142705005327,,False,,,1,0.608,0.854
CNP,"CenterPoint Energy, Inc (Holdin",Utilities,XLU,27692599296.0,2026-08-24,39.099998474121094,0.008511684613388804,-0.03190588873552347,-0.10625613641635034,-0.13479612625811133,-0.10901456548567201,False,-0.13687768498414488,-0.062485135543622006,-0.055385960014882274,-0.06381510920246858,0.873305174099469,0.9339599565735452,0.913442215838351,0.6229460404199778,0.9339599565735452,257963737.6350193,0.9225346815529599,40.712477684020996,42.25324961344401,42.33349962234497,False,False,False,False,False,False,weak_rally,0,1,normal,False,False,,False,35.0,,0.022553558484436177,31.315719573091428,True,False,False,False,False,True,False,,Confirmed Uptrend,43.74,-0.1061,0.347289203946648,0.9176635341809471,0.014147858773981836,-0.04040512489580328,0.5088979629028492,0.1948349307774228,,False,,,1,0.608,0.854
ECHO,EchoStar Corporation,Communication Services,XLC,24370415616.0,2026-08-24,85.31999969482422,-0.01716389708182897,-0.07772135202005759,-0.015803468773784135,-0.047231890436858937,-0.35819107550385454,False,-0.04952411638791776,-0.32467424994002925,-0.05663637425265777,-0.3370242308737246,0.7052988247818777,0.5374598278758328,0.5774996470120416,0.7202216592934453,0.5374598278758328,381829175.1913212,0.24596765510261215,88.26349983215331,99.41016680399576,110.58116645812989,False,False,False,False,False,False,dry_up,0,0,normal,False,False,,False,100.0,,0.04124806542587789,38.94122313949979,True,False,False,False,False,True,False,,Confirmed Uptrend,117.07,-0.2712,0.4021129806692311,0.9408024526034724,1.7184297646991462,-0.2484940681327279,0.6274186328612189,0.19440894568690098,,False,,,1,0.608,0.854
FIX,"Comfort Systems USA, Inc.",Industrials,XLI,60875276288.0,2026-08-24,1609.68994140625,-0.027736027416844555,-0.14431904684994323,-0.06928752880381106,-0.0990080399657356,-0.15792933249461028,False,-0.10117569978952323,-0.11395435084824423,-0.047449598419928796,-0.14722848201189298,0.779344646434463,1.0183773970886085,0.9444613790160337,0.6746869044377892,1.0183773970886085,751665776.3336182,0.5538867333668344,1705.6603759765626,1787.9967692057292,1714.2465159098308,False,False,False,True,False,False,distribution,0,1,normal,False,False,,False,45.0,,0.0524630162830361,41.169661740076755,True,False,False,False,False,True,False,,Confirmed Uptrend,1966.39,-0.1814,0.3221748348823484,0.9597340907832117,1.1282064030049908,0.12759936628287138,0.9057588856047792,0.19158679446219382,,False,,,1,0.608,0.854
AMAT,"Applied Materials, Inc.",Information Technology,XLK,403069403136.0,2026-08-24,484.19000244140625,-0.016513659331050645,-0.09452890379357692,-0.062261338490344764,-0.09220621751463276,-0.1546366750168745,False,-0.09439024156574927,-0.11048974277569623,-0.0922085598860064,-0.10859274645680805,0.6704118210638251,1.09203489459474,0.8970876759121271,0.7459594396918492,1.09203489459474,4102033197.353555,0.6546362288043055,511.7400329589844,547.1391810099284,466.51465403238933,False,False,True,True,False,False,distribution,2,4,normal,False,False,,False,36.0,분산4일,0.05409373813113675,41.81854375499301,True,False,False,False,False,True,False,,Confirmed Uptrend,602.4,-0.1962,0.3678158517499823,0.9094630889501736,1.8666448112088805,0.3203396463785968,0.9643892410289704,0.19121405750798723,,False,,,1,0.608,0.854
INTC,Intel Corporation,Information Technology,XLK,454968770560.0,2026-08-24,87.26000213623047,-0.031197930144494346,-0.15682670849895697,-0.04810729923423085,-0.07850416025587714,-0.2809093989400041,False,-0.08072114952792853,-0.24335673595820584,-0.07850653798253449,-0.24174309578380493,0.6191287116835942,0.8561155759831223,0.898757047515953,0.8821952044197183,0.8561155759831223,10701367023.420261,0.5623343087614492,95.47849922180175,107.95266634623209,91.55108311971028,False,False,False,True,False,False,dry_up,2,1,normal,False,False,,False,45.0,,0.06092629455734855,37.225970262743964,True,False,False,False,False,True,False,,Confirmed Uptrend,133.99,-0.3488,0.38410770497205665,0.9094630889501736,2.3418635080253183,0.9437396313077084,0.9880396143354234,0.191160809371672,,False,,,1,0.608,0.854
VRT,"Vertiv Holdings, LLC",Industrials,XLI,93001588736.0,2026-08-24,254.97000122070312,-0.026646347245868784,-0.12809900623500758,-0.11345620372159526,-0.14176627327397073,-0.1748292720426481,False,-0.14383106280746716,-0.13173684640984207,-0.09265463255482231,-0.16434318230775036,0.7122863093841043,0.6128108455487011,0.7463421771997424,0.936682528077688,0.6128108455487011,1663273948.5642867,0.6099203701731075,267.44300003051757,295.8203758239746,297.2081621805827,False,False,False,True,False,False,dry_up,0,0,normal,False,False,,False,116.0,,0.05361920018499419,39.71556874135598,True,False,False,False,False,True,False,,Confirmed Uptrend,264.23,-0.0351,0.3194314767864575,0.9597340907832117,0.9534872583008713,0.08729661774182396,0.879967652469062,0.19052183173588927,,False,,,1,0.608,0.854
BG,Bunge Limited,Consumer Staples,XLP,20408815616.0,2026-08-24,110.16000366210938,-0.02608077917358098,-0.035292045653162796,-0.05655664711093056,-0.08668369447298585,-0.1471401061917046,False,-0.08888100493713869,-0.10260168486389876,-0.07910431116302241,-0.14314882119214578,0.8717039485544119,1.1199342183193035,0.9001238928816677,0.6892626867502558,1.1199342183193035,158609452.41763002,0.28061360989581696,110.3886043548584,115.11985041300456,118.72540505727132,False,False,False,False,False,False,distribution,0,2,normal,False,False,,False,113.0,,0.02986999201838646,44.760601890198615,True,False,False,False,False,True,False,,Confirmed Uptrend,124.29,-0.1137,0.31240681846947344,0.9838065079008816,0.2634207692017063,-0.07427449741707592,0.6266944582073317,0.18722044728434506,,False,,,1,0.608,0.854
TLN,Talen Energy Corporation,Utilities,XLU,15968311296.0,2026-08-24,305.5350036621094,-0.0283819501224013,-0.14396785787420951,-0.11967327278530593,-0.14778481220488437,-0.14591817541294616,False,-0.14983512198093885,-0.10131594188309767,-0.06956677390007238,-0.10259082953580057,0.6973774469717718,0.8973645518713186,1.4147541065509002,0.7675756886032743,0.8973645518713186,309807414.90469205,0.11024615698313264,336.52124938964846,366.6542505900065,355.4989588419596,False,False,False,False,False,False,dry_up,3,3,normal,False,False,,False,40.0,분산3일,0.05736869987480593,34.879924300799104,True,False,False,False,False,True,False,,Confirmed Uptrend,404.09,-0.2439,0.32950298929158167,0.9176635341809471,-0.14448136198002626,-0.10122619024041402,0.3313899756824019,0.18594249201277957,,False,,,1,0.608,0.854
NI,NiSource Inc,Utilities,XLU,21301485568.0,2026-08-24,40.83000183105469,0.005169938569473453,-0.03634640405126799,-0.10273744825898623,-0.1313898006336376,-0.15020658820982025,False,-0.13347955449961757,-0.10582830604333338,-0.05166699491625981,-0.10709679238369463,0.8374816163640728,0.8999312052610883,0.9173302095575607,0.6928252262884719,0.8999312052610883,269793521.7523384,0.8607671952562146,42.83336696624756,45.23667017618815,45.95810581843058,False,False,False,False,False,False,weak_rally,2,2,normal,False,False,,False,36.0,,0.02268114439044261,28.09764458858254,True,False,False,False,False,True,False,,Confirmed Uptrend,47.5,-0.1405,0.3703587065989518,0.9176635341809471,-0.04229493948970264,-0.06603834009719323,0.43436947942116144,0.18530351437699683,,False,,,1,0.608,0.854
NIO,NIO Inc.,Consumer Discretionary,XLY,12227655680.0,2026-08-24,4.360000133514404,-0.05831532921227944,-0.05217386436822857,-0.056277004001097364,-0.08641298122755692,-0.1964913408902087,False,-0.0886109429896702,-0.15453016126412555,-0.11578824410734234,-0.1820716833162248,0.8368522267929032,1.910315926969365,1.1494456797047639,0.860561484091196,1.910315926969365,126572776.64126714,0.10025048878775855,4.647500038146973,4.926500026384989,5.432250014940897,False,False,False,False,False,False,distribution,2,3,interest,False,False,,False,110.0,분산3일,0.03129096110354114,37.168891320336904,True,False,False,False,False,True,False,,Confirmed Uptrend,5.96,-0.2685,0.322432392156031,0.9538536360667944,-0.3105586406644395,-0.2203168136561886,0.13708017973381628,0.18477103301384454,,False,,,1,0.608,0.854
MDLN,Medline Inc.,Health Care,XLV,69987926016.0,2026-08-24,34.70000076293945,0.012843037447836103,-0.0051605590499916865,-0.12594458196251657,-0.15385585919568456,-0.09923755339175622,False,-0.15589156288729666,-0.05219754406014021,-0.18248052394169811,-0.17931794306613025,0.8034267623588379,0.7622607861615783,0.8729656289054093,0.8934391172639574,0.7622607861615783,274294044.6663132,0.5756558256558256,36.40125026702881,37.47258338928223,40.0198748588562,False,False,False,False,False,False,weak_rally,1,1,normal,False,False,,False,,,0.054867862203337996,43.738534786294565,True,False,False,False,False,True,False,,Confirmed Uptrend,,,0.2949190720620009,0.9944216998611353,,-0.28292025020903033,,0.184185303514377,,False,,,1,0.608,0.854
HON,Honeywell International Inc.,Industrials,XLI,77032267776.0,2026-08-24,214.77000427246094,-0.005233856674239812,-0.06397904933985532,-0.12344080184878004,-0.1514320324801458,-0.0965185959724224,False,-0.15347356755763497,-0.04933659606064944,-0.1028735059985636,-0.08503735123668554,0.8658484214217278,0.8348334348361081,0.8668437820317387,0.6981132499015413,0.8348334348361081,720742758.4207375,0.42930550924745525,234.92840728759765,232.60254185994467,233.45327949523926,False,False,False,False,False,False,dry_up,0,2,normal,False,False,,False,40.0,,0.02685062201856797,32.73181618271437,True,False,False,False,False,True,False,,Confirmed Uptrend,242.81,-0.1155,0.37621762677120096,0.9597340907832117,-0.021645746302260793,-0.11459893583586866,0.409301965340304,0.18381256656017042,,False,,,1,0.608,0.854
AMX,"America Movil, S.A.B. de C.V.",Communication Services,XLC,76075982848.0,2026-08-24,23.799999237060547,0.0004202741130068244,0.0050675223960423565,-0.07393001826750112,-0.10350228046511623,-0.16073341155595255,False,-0.10565912777891351,-0.11690486574925607,-0.11235133639975725,-0.13305441738365975,0.8679273840477195,1.7670409294583418,1.4041565385826473,0.8377281781905613,1.7670409294583418,69543718.07596722,0.9387704260768698,24.093499851226806,25.240454959869385,25.2938054561615,False,False,False,False,False,False,accumulation,3,1,interest,True,False,surge,False,123.0,,0.020093042667436077,40.308227364219015,True,False,False,False,True,True,False,,Confirmed Uptrend,25.12,-0.0525,0.309998121014401,0.9408024526034724,0.15297876979680192,0.017632229054993065,0.665655464625583,0.18312034078807243,,False,,,1,0.608,0.854
SPXC,"SPX Technologies, Inc.",Industrials,XLI,10995239936.0,2026-08-24,200.89999389648438,-0.030405420581794407,-0.07687364155203114,-0.08331816691232319,-0.11259063665499291,-0.1706890926297765,False,-0.11472561866315922,-0.12738045674203669,-0.06180944679233846,-0.16015039039740286,0.8153077834127597,0.9344003383125367,0.7810163876403097,0.7660865820641791,0.9344003383125367,100201564.96661988,0.12003284175956043,210.66249923706056,221.6771672566732,214.85866737365723,False,False,True,False,False,False,dry_up,0,0,normal,False,False,,False,50.0,,0.03674891692758224,39.73516270242288,True,False,False,False,False,True,False,,Confirmed Uptrend,233.49,-0.1396,0.28438803774981536,0.9597340907832117,0.004975345040398649,-0.14766499416210777,0.4096106336812971,0.1830670926517572,,False,,,1,0.608,0.854
AS,"Amer Sports, Inc.",Consumer Discretionary,XLY,20660498432.0,2026-08-24,31.239999771118164,-0.04259887378169058,-0.04083512238771703,-0.11199546617053191,-0.14035218156470552,-0.1542017311739894,False,-0.14242037320379386,-0.11003208510575824,-0.16799309603884227,-0.13902314999148957,0.8479913040641954,1.6177690350236635,1.7096018375307096,0.9202555947874544,1.6177690350236635,220228245.3920497,0.0663252212949141,34.57049970626831,34.73616641362508,34.601083262761435,False,False,False,False,False,False,distribution,4,5,interest,False,False,,False,95.0,분산5일,0.04399828474686537,34.226967222673025,True,False,False,False,False,True,False,,Confirmed Uptrend,35.07,-0.1092,0.2933809819353554,0.9538536360667944,-0.22433597902525027,-0.2304523003980059,0.1830895309038515,0.18210862619808307,,False,,,1,0.608,0.854
ROL,"Rollins, Inc.",Industrials,XLI,18269091840.0,2026-08-24,37.2599983215332,0.009482483759631677,0.034425259522790075,-0.041680275792428834,-0.07228237143577798,-0.2329919151009494,False,-0.07451432945589331,-0.19293688438010492,-0.019194577931467505,-0.22324494355537217,0.7934212906594005,0.6535646313346026,0.7272933167840755,0.3424348622476567,0.6535646313346026,193439345.1603775,0.2295069665057408,37.14452934265137,41.915436617533366,47.96572465896607,True,False,False,False,False,False,weak_rally,0,0,normal,False,False,,False,133.0,,0.021720652282608315,39.864993201930154,True,False,False,False,False,True,False,,Confirmed Uptrend,64.86,-0.4256,0.6915301435335693,0.9597340907832117,-0.429018112408328,-0.40957358870827765,0.04596014647508728,0.18056443024494143,,False,,,1,0.608,0.854
H,Hyatt Hotels Corporation,Consumer Discretionary,XLY,16389769216.0,2026-08-24,180.08999633789062,-0.003210283040531836,-0.00831503146957091,-0.05800814291638745,-0.08808883955400026,-0.12272181021263617,False,-0.09028276943688951,-0.07690820598278703,-0.11741021727793621,-0.10697829463201591,0.8911376099823545,0.7180818251336863,0.697367112267826,0.6429235884229612,0.7180818251336863,162309708.65212098,0.5027478400845102,178.58800048828124,187.5534996032715,173.14150924682616,True,False,True,True,False,False,dry_up,1,0,normal,False,False,,False,52.0,,0.02561815448184619,48.274642013843135,True,False,False,False,False,True,False,,Confirmed Uptrend,194.08,-0.0721,0.2791456445692753,0.9538536360667944,0.16774183741262183,0.07859148425345142,0.7247008707636409,0.17955271565495207,,False,,,1,0.608,0.854
LHX,"L3Harris Technologies, Inc.",Industrials,XLI,51614875648.0,2026-08-24,262.8299865722656,-0.01462161831599218,-0.05585896270492863,-0.13394629940188651,-0.16160205719179854,-0.18849821577598647,False,-0.16361912462145922,-0.1461196156841882,-0.1136255010805125,-0.17818582799840832,0.8392565549157056,0.8875191157840735,0.9278859110321281,0.9433782672812121,0.8875191157840735,493096788.60715944,0.30295785329914404,282.947998046875,292.2151870727539,313.90900192260744,False,False,False,False,False,False,dry_up,2,3,normal,False,False,,False,22.0,분산3일,0.024608517297732273,33.00003599784631,True,False,False,False,False,True,False,,Confirmed Uptrend,299.67,-0.1229,0.3075678407927267,0.9597340907832117,-0.06008664334945035,-0.21761733286587537,0.31140990813984615,0.17768903088391907,,False,,,1,0.608,0.854
LOGI,Logitech International S.A. - R,Information Technology,XLK,14673941504.0,2026-08-24,97.20999908447266,0.012287830054936721,-0.03866696554497018,-0.0984047545945308,-0.12719546320099473,-0.1473741071867426,False,-0.1292953080524034,-0.10284790596095328,-0.1271977152899615,-0.10093461243111168,0.8705892521608418,0.7037207658900722,0.7207703626841039,0.8108432076067676,0.7037207658900722,115745298.73256683,0.6767361991471706,102.78349990844727,104.86900011698405,101.16400006612142,False,False,False,True,False,False,weak_rally,0,0,normal,False,False,,False,19.0,,0.0318199135036293,41.718229739070246,True,False,False,False,False,True,False,,Confirmed Uptrend,111.66,-0.1294,0.27943491437148316,0.9094630889501736,-0.08419102116412625,0.08715317768010666,0.5464935390362942,0.17635782747603834,,False,,,1,0.608,0.854
KIM,Kimco Realty Corporation (HC),Real Estate,XLRE,17183451136.0,2026-08-24,24.219999313354492,0.008326346868414713,-0.005747179535684377,-0.08188020910268068,-0.11119859725995695,-0.0934272884697317,False,-0.11333692831895115,-0.04608385294935724,-0.07317100389690778,-0.0760216537324776,0.9181197908973193,0.6804742982614636,0.6454327759203571,0.26617905908190065,0.6804742982614636,106407543.90706062,0.6333303663390257,24.688999938964844,24.986984952290854,24.011479902267457,False,False,True,True,False,False,weak_rally,0,0,normal,False,False,,False,44.0,,0.016367811392757736,40.257166801586855,True,False,False,True,False,True,False,,Confirmed Uptrend,24.69,-0.019,0.5118166598990441,0.9852206799546813,0.07865947239495319,0.04694728895951261,0.6413822874488163,0.17523961661341853,,False,,,1,0.608,0.854
ESLT,Elbit Systems Ltd.,Industrials,XLI,37886205952.0,2026-08-24,730.4000244140625,-0.01474376111018394,-0.06698686914623997,-0.10144423692087146,-0.13013788551019556,-0.2280989466171217,False,-0.13223065130773115,-0.18778839316217,-0.08036082092781127,-0.21828979629465273,0.8451160717388007,1.0321597763752943,1.0894018450868217,0.8985455635127095,1.0321597763752943,69499206.36156006,0.25023596035865975,797.6620086669922,794.0894958496094,827.1966486612956,False,False,False,True,False,False,distribution,1,3,normal,False,False,,False,50.0,분산3일,0.03327646682954009,36.00306360934962,True,False,False,False,False,True,False,,Confirmed Uptrend,912.02,-0.1991,0.29702481431699285,0.9597340907832117,0.5269278535503725,0.012952337605903308,0.7963652309602319,0.1744408945686901,,False,,,1,0.608,0.854
ZTO,ZTO Express (Cayman) Inc.,Industrials,XLI,18267611136.0,2026-08-24,21.280000686645508,-0.004211518439562134,-0.07114793416075582,-0.10813075681929074,-0.13661088426709633,-0.08882480697318873,False,-0.13868807694082252,-0.041241018656845596,-0.08720423112325704,-0.07724579124399089,0.8643379350635355,0.8287516739889088,1.0070590022928307,0.5039229467015603,0.8287516739889088,49202060.52554445,0.7894794960598304,23.164500045776368,23.02666670481364,23.655875555674235,False,False,False,False,False,False,dry_up,1,1,normal,False,False,,False,138.0,,0.027638282355272787,27.49546412777096,False,False,False,False,False,True,False,,Confirmed Uptrend,22.43,-0.0513,0.20025724958885294,0.9597340907832117,0.08620717307312997,-0.1140189283895271,0.49485981787428884,0.17417465388711398,,False,,,1,0.608,0.854
ALNY,"Alnylam Pharmaceuticals, Inc.",Health Care,XLV,27439505408.0,2026-08-24,236.00999450683594,-0.0008890301955040147,0.05080137174200061,-0.15226293218027165,-0.17933378356161345,-0.21394560146660868,False,-0.1813081909537122,-0.17289592584858215,-0.20709654191576143,-0.2838281135282895,0.7295517604538978,0.8734576599363049,0.759182538595235,1.0828550647911381,0.8734576599363049,541240727.2510246,0.7999990129094986,230.23249893188478,270.53933334350586,290.80416679382324,True,False,False,False,False,False,dry_up,0,0,normal,False,False,,False,240.0,,0.04222733068294219,46.56253162593887,True,False,False,False,False,True,False,,Confirmed Uptrend,482.13,-0.5105,0.2391368800473638,0.9944216998611353,-0.5055365181188836,-0.24199627490326614,0.06697260141349598,0.17252396166134187,,False,,,1,0.608,0.854
TU,Telus Corporation,Communication Services,XLC,14926495744.0,2026-08-24,9.829999923706055,-0.007070676517319963,0.014447920473203535,-0.05480766497420031,-0.08499056271403127,-0.20314849625238718,False,-0.08719194661485496,-0.1615349694969782,-0.09402234217630212,-0.1768683506680101,0.8274410630482273,0.37683501693561944,0.547261247002969,0.7125664511721251,0.37683501693561944,93996308.83499822,0.2999990463202266,9.89650011062622,10.683307870229084,11.529250288009644,False,False,False,False,False,False,dry_up,0,0,normal,False,False,,False,18.0,,0.023761091678662784,44.6743341971378,True,False,False,False,False,True,False,,Confirmed Uptrend,11.13,-0.1168,0.2471826103791083,0.9408024526034724,-0.44914976112594507,-0.2750659588084393,0.06702180610844397,0.1713525026624068,,False,,,1,0.608,0.854
ITUB,Itau Unibanco Banco Holding SA,Financials,XLF,93245038592.0,2026-08-24,7.519999980926514,0.005347588469388986,0.021739109308372973,-0.10123559864500742,-0.12993590969604607,-0.07446350630043364,False,-0.13202916141895849,-0.026129735877038374,-0.12192169293742716,-0.13513609532657456,0.872698184533925,0.7024400434882069,1.0378876245036657,0.573166860150202,0.7024400434882069,159498000.25641555,0.6818177877383641,7.802260613441467,7.9603829701741535,8.128722500801086,False,False,False,False,False,False,weak_rally,2,4,normal,False,False,,False,40.0,분산4일,0.030205165619341494,42.074757488253034,True,False,False,False,False,True,False,,Confirmed Uptrend,8.22,-0.0856,0.25319568157497624,0.9993134723312326,0.18078774696604638,-0.15396874903947455,0.5277183031214228,0.16980830670926517,,False,,,1,0.608,0.854
CLS,"Celestica, Inc.",Information Technology,XLK,38109663232.0,2026-08-24,294.57000732421875,-0.006676717417814504,-0.13463568564634731,-0.07437777663556344,-0.10393574053162169,-0.264191956021372,False,-0.10609154500151685,-0.2257662674445855,-0.1039380526374225,-0.22411511330815115,0.7301276450899189,0.5023583462988505,0.6656294660183841,0.897458949617587,0.5023583462988505,1081997112.1938171,0.6934263713891083,328.1709976196289,351.3034973144531,344.5759983062744,False,False,False,True,False,False,dry_up,2,0,normal,False,False,,False,19.0,,0.07112788599335566,40.552775829609864,True,False,False,False,False,True,False,,Confirmed Uptrend,350.2,-0.1589,0.2918434103339443,0.9094630889501736,0.4320742129315358,-0.054769752673801575,0.7066160951746367,0.1695953141640043,,False,,,1,0.608,0.854
MGM,MGM Resorts International,Consumer Discretionary,XLY,11403289600.0,2026-08-24,43.689998626708984,-0.0011431881536124733,-0.0020557367541648164,-0.056371504392216165,-0.08650446393059708,-0.1082116669619756,False,-0.08870220559820463,-0.06164030770305717,-0.11587678529699008,-0.09220775431574568,0.8792513550850668,0.6566431743478883,0.7004510293932952,0.4132549919171734,0.6566431743478883,106662912.5302927,0.07518671913541296,44.33600006103516,46.19533322652181,41.90758333206177,False,False,True,True,False,False,dry_up,0,0,normal,False,False,,False,58.0,,0.018302645639758978,41.97799158340818,True,False,False,False,False,True,False,,Confirmed Uptrend,50.69,-0.1381,0.3983600929143152,0.9538536360667944,0.06956048693179784,0.2214058003722177,0.7216558746647076,0.16650692225772099,,False,,,1,0.608,0.854
R,"Ryder System, Inc.",Industrials,XLI,9832904704.0,2026-08-24,244.92999267578125,-0.01523805293631686,-0.07093096332269155,-0.0846932867301462,-0.11392184466851607,-0.15448240514039124,False,-0.11605362397759511,-0.11032741655044231,-0.06321683196791716,-0.1437377518562395,0.8772682725921119,0.823032015284738,0.9529456485473025,0.5977016981337238,0.823032015284738,77698197.94236755,0.16099135540062937,257.9960662841797,263.35664494832355,241.3171527862549,False,False,True,True,False,False,dry_up,3,0,normal,False,False,,False,84.0,,0.023857567515509385,33.90138641743289,True,False,False,False,True,True,False,,Confirmed Uptrend,240.66,0.0178,0.34395011211212906,0.9597340907832117,0.2793339273723163,0.12348944698066022,0.8024488447717164,0.1644834930777423,,False,,,1,0.608,0.854
MCHP,Microchip Technology Incorporat,Information Technology,XLK,40340094976.0,2026-08-24,74.20999908447266,-0.01871075590779958,-0.06981708293786171,-0.04163695650353294,-0.07224043546498404,-0.225768901530513,False,-0.07447249437714187,-0.18533666744485788,-0.07224282935386894,-0.18359929192789348,0.7268667988054305,0.952560627282602,0.8014313642503239,0.5706226994548956,0.952560627282602,833212903.7856789,0.5862058292813525,77.03136253356934,84.96226323445639,81.67870664596558,False,False,False,True,False,False,dry_up,0,1,normal,False,False,,False,79.0,,0.05117460320582723,41.5977233672091,True,False,False,False,False,True,False,,Confirmed Uptrend,91.89,-0.1924,0.3294141354928327,0.9094630889501736,0.04241209426698633,-0.04954876525262164,0.5207027614996043,0.16421725239616614,,False,,,1,0.608,0.854
MAR,Marriott International,Consumer Discretionary,XLY,98311028736.0,2026-08-24,360.20001220703125,0.010690528359365237,0.012233210038429254,-0.057766423499842845,-0.08785483898171709,-0.12348177162181861,False,-0.09004933183704333,-0.077707854428118,-0.11718374070521054,-0.10775189420572295,0.8966363509292234,0.5368049102947047,0.7428853892433734,0.5239279531000909,0.5368049102947047,634882806.6467835,0.4796584306299052,358.81337585449216,372.07273356119794,359.1459335327148,True,False,False,True,False,False,weak_rally,1,1,normal,False,False,,False,45.0,,0.020975907785421296,49.378076504636766,True,False,False,False,False,True,False,,Confirmed Uptrend,395.4,-0.089,0.29868632028553593,0.9538536360667944,0.22208817676534132,0.007813363995289535,0.6909416662395426,0.1641640042598509,,False,,,1,0.608,0.854
FLEX,Flex Ltd.,Information Technology,XLK,41676812288.0,2026-08-24,106.6500015258789,-0.03440466751795379,-0.17961537287785456,-0.0811579063816037,-0.11049935988585691,-0.32368100592041715,False,-0.11263937321154238,-0.28836198045210837,-0.11050165505561504,-0.2868443198152588,0.6580489708532381,0.6345031561706095,0.6756760383343008,0.932197734745814,0.6345031561706095,500848229.41480905,0.505095150944402,117.98949966430663,134.04683367411295,112.47291688919067,False,False,False,True,False,False,dry_up,0,0,normal,False,False,,False,59.0,,0.05810395236151142,36.1551135153631,True,False,False,False,False,True,False,,Confirmed Uptrend,150.78,-0.2927,0.35523883703161346,0.9094630889501736,1.0403324149513193,0.7198034668663782,0.9662378340822243,0.16363152289669863,,False,,,1,0.608,0.854
VST,Vistra Corp.,Utilities,XLU,49967071232.0,2026-08-24,135.66000366210938,-0.004037904886923571,-0.07152143525144727,-0.13636362311724004,-0.16394218832760943,-0.10549338739942571,False,-0.1659536257311761,-0.05878007295968257,-0.08720710677195176,-0.06011530267987597,0.8028169433785857,0.9843362359418383,0.9133961159497035,0.48973989204145213,0.9843362359418383,699612110.1424682,0.42751230912349963,143.95599975585938,152.67995936075846,154.12722447713216,False,False,False,False,False,False,dry_up,0,1,normal,False,False,,False,45.0,,0.03399412491163634,36.69348480656431,True,False,False,False,False,True,False,,Confirmed Uptrend,163.52,-0.1704,0.3145909709451492,0.9176635341809471,-0.2657588653275086,-0.10312013971541623,0.23535995170650312,0.16315228966986156,,False,,,1,0.608,0.854
MOD,Modine Manufacturing Company,Consumer Discretionary,XLY,10677729280.0,2026-08-24,188.3699951171875,-0.04709630667511844,-0.13093427858275664,-0.18242187453433867,-0.20852965814705615,-0.33129952700456977,False,-0.21043382437478642,-0.29637835926694356,-0.23397841001825015,-0.3192991188809807,0.633453267680738,0.83268082508816,0.8406859698942566,1.1106537548193485,0.83268082508816,337480581.2517334,0.3789738136450547,197.63199996948242,239.8815004984538,238.81516698201497,False,False,False,False,False,False,dry_up,2,0,normal,False,False,,False,62.0,,0.06359444977633079,39.56742205974211,True,False,False,False,False,True,False,,Confirmed Uptrend,295.88,-0.3634,0.29043862229540335,0.9538536360667944,0.5248226919694516,-0.001758026680381941,0.7771904346984219,0.15814696485623006,,False,,,1,0.608,0.854
MUSA,Murphy USA Inc.,Consumer Discretionary,XLY,11225743360.0,2026-08-24,567.9000244140625,-0.0020559560249142628,-0.029879725394044376,-0.0686247639898867,-0.09836643927033295,-0.11908472358310107,False,-0.10053564269507576,-0.07308118182906065,-0.12735735346180077,-0.10327593733841234,0.912920512948064,0.6536965812665986,0.7579557999329806,0.4773094564802262,0.6536965812665986,164706735.9666687,0.2634504138217428,573.0708770751953,572.9993352254231,542.0788363138835,False,False,True,True,True,False,dry_up,0,0,normal,False,False,,False,51.0,,0.038052330982710575,47.675447373844264,True,False,False,True,False,True,False,,Confirmed Uptrend,611.46,-0.0712,0.32751323288674833,0.9538536360667944,0.3641964426591686,0.4402052764262925,0.8909801643573492,0.15276890308839192,,False,,,1,0.608,0.854
AKAM,"Akamai Technologies, Inc.",Information Technology,XLK,16745496576.0,2026-08-24,105.66000366210938,-0.043108083551613774,-0.14076601924664744,-0.06371284811014455,-0.09361137596885549,-0.231167740017443,False,-0.09579201940653448,-0.19101744642982,-0.09361371471451252,-0.18929218591291908,0.7873323849840322,0.7739697114089835,0.8511065407869269,0.6903973917372421,0.7739697114089835,413946980.1244919,0.09583467112562108,116.26399955749511,123.90866686503092,119.86425031026205,False,False,False,True,False,False,dry_up,0,1,normal,False,False,,False,65.0,,0.05840161951692345,36.7310323228226,True,False,False,False,False,True,False,,Confirmed Uptrend,143.55,-0.2639,0.3034391417774219,0.9094630889501736,0.28592405033627744,0.07309786604165525,0.7760596379126731,0.1519701810436635,,False,,,1,0.608,0.854
JEF,Jefferies Financial Group Inc.,Financials,XLF,11105203200.0,2026-08-24,51.90999984741211,-0.008026026542069298,-0.04154357471083914,-0.07017461624078836,-0.09986679997304126,-0.15517018910231573,False,-0.10203239374113826,-0.11105111826638625,-0.09157561469481046,-0.2105521348846352,0.8325645756457565,0.585602406797515,0.9409137685342839,0.5764169293195874,0.585602406797515,108819679.23923302,0.23076877932550244,54.5270601272583,55.018748410542806,49.95876302719116,False,False,True,True,False,False,dry_up,1,3,normal,False,False,,False,14.0,분산3일,0.026643105488498717,38.405292177929965,True,False,False,False,False,True,False,,Confirmed Uptrend,55.3,-0.0613,0.6263692945487948,0.9993134723312326,-0.17845082892744024,0.027401778198984594,0.43075635133518997,0.15085197018104365,,False,,,1,0.608,0.854
TXN,Texas Instruments Incorporated,Information Technology,XLK,251818901504.0,2026-08-24,258.94000244140625,-0.020502281776678233,-0.08472659471360178,-0.0685165595426448,-0.09826169012382191,-0.15565451241255035,False,-0.10043114556026578,-0.11156073411975331,-0.09826401687031916,-0.10966602182920637,0.7832725158587154,0.9373739583404543,0.9314591042635013,0.5051550943094395,0.9373739583404543,1880972132.6749206,0.45861456616778407,274.8153274536133,289.488596089681,264.04323031107583,False,False,False,True,False,False,dry_up,0,1,normal,False,False,,False,45.0,,0.034649500757829556,36.38000561589301,True,False,False,False,False,True,False,,Confirmed Uptrend,321.22,-0.1939,0.48998197317271536,0.9094630889501736,0.20943822711896276,0.174055069733549,0.7897374041106422,0.1505324813631523,,False,,,1,0.608,0.854
LSCC,Lattice Semiconductor Corporati,Information Technology,XLK,17615173632.0,2026-08-24,114.1500015258789,-0.030079028312449796,-0.13959445917442903,-0.0712716774487494,-0.10092882864315034,-0.22985761915467728,False,-0.10309186731976794,-0.1896389078639824,-0.10093114850765628,-0.1879107074342885,0.7351709820627913,0.5472099315381567,0.6544940175303259,0.7041317408005365,0.5472099315381567,238393826.3995262,0.4347833722282494,125.02999992370606,134.8945004781087,122.70916709899902,False,False,False,True,False,False,dry_up,0,2,normal,False,False,,False,14.0,,0.058944980164481554,37.32821496165771,True,False,False,False,False,True,False,,Confirmed Uptrend,138.0,-0.1728,0.35259751331695544,0.9094630889501736,0.7754421612308662,0.20793465764214458,0.9212499359313868,0.14829605963791267,,False,,,1,0.608,0.854
QCOM,QUALCOMM Incorporated,Information Technology,XLK,154990493696.0,2026-08-24,158.52999877929688,-0.013810271979490696,-0.022505821071167387,-0.0676899256721778,-0.09746145321475219,-0.24715297780651746,False,-0.09963283390855027,-0.20783747227827376,-0.09746378202609274,-0.20614808265421425,0.7011189171260354,0.9424549706628655,0.8384087356724165,0.6932442826703773,0.9424549706628655,1769045827.5518708,0.5740953987998191,160.02949981689454,185.41878967285157,171.61437873840333,False,False,False,True,False,False,dry_up,0,0,normal,False,False,,False,45.0,,0.03406521143744639,41.52889294520971,True,False,False,False,False,True,False,,Confirmed Uptrend,226.11,-0.2989,0.403439594056767,0.9094630889501736,-0.0590412274196187,0.10343930979028504,0.5729702209085784,0.14542066027689032,,False,,,1,0.608,0.854
SARO,"StandardAero, Inc.",Industrials,XLI,9744753664.0,2026-08-24,24.56999969482422,-0.019553063909043322,-0.10295727483257955,-0.16796481125936358,-0.19453425335816554,-0.08741458121866363,False,-0.19647209055969395,-0.03975714747793313,-0.14844221207757136,-0.07581764464798724,0.792325040744128,1.2171601539471237,0.837420544757138,0.3994916710829293,1.2171601539471237,94630228.41797256,0.09216616595148483,28.130499839782715,27.685000038146974,27.021500031153362,False,False,True,False,True,False,distribution,0,3,normal,False,False,,False,123.0,분산3일,0.04346181529909431,30.373695896801166,True,False,False,False,False,True,False,,Confirmed Uptrend,31.9,-0.2298,0.335030750946369,0.9597340907832117,-0.091395247304917,-0.16065309586271503,0.32388079251450796,0.1442492012779553,,False,,,1,0.608,0.854
XPO,"XPO, Inc.",Industrials,XLI,23595884544.0,2026-08-24,191.99000549316406,-0.029078587237112097,-0.09005165887165967,-0.07785778910990027,-0.10730462550655562,-0.18713817628042384,False,-0.1094523249134367,-0.14468855161294125,-0.05622094848652759,-0.17680850541740623,0.840844409203924,1.0023463297022936,0.9338740916722089,0.47388356889549993,1.0023463297022936,195806729.4693474,0.2721028902946213,201.82049942016602,208.2664998372396,206.2318333943685,False,False,False,False,False,False,distribution,0,2,normal,False,False,,False,89.0,,0.03310253251293241,36.854495504042454,True,False,False,False,False,True,False,,Confirmed Uptrend,222.12,-0.1356,0.3626001278322784,0.9597340907832117,0.4165187011901812,-0.02738108312851173,0.7289611772678865,0.14403620873269435,,False,,,1,0.608,0.854
TS,Tenaris S.A.,Energy,XLE,28941324288.0,2026-08-24,53.41999816894531,0.014432174776592754,-0.0003742600725605838,-0.05300481628354348,-0.08324528452585733,-0.16927352916904082,False,-0.08545086732032026,-0.12589096910889208,-0.124280795988024,-0.22549981337167946,0.8490146173480214,1.026210254833908,1.0815689863674314,0.5556481723359394,1.026210254833908,90104288.08649293,0.8719970703125,54.470499992370605,56.984333229064944,57.55801537831624,False,False,False,True,False,False,accumulation,3,4,normal,False,False,,False,108.0,분산4일,0.025137717370116563,43.13742478005501,True,False,False,False,False,True,False,,Confirmed Uptrend,54.99,-0.0285,0.33780429315884897,0.9899607938878676,0.39423295330814323,0.008400108828643837,0.7585316043350248,0.14318423855165072,,False,,,1,0.608,0.854
AMRZ,Amrize Ltd,Materials,XLB,27073476608.0,2026-08-24,45.18000030517578,-0.010945709208836085,-0.009644862713959035,-0.09349600247558187,-0.12244346263169992,-0.1658442828944735,False,-0.12455474012754231,-0.1222826392397951,-0.1305479976207624,-0.17575295747186825,0.8104677558655016,0.7874360034149729,1.0134702490228251,0.671132752883187,0.7874360034149729,184825757.37106818,0.24381695935125924,47.75252914428711,50.6530881245931,52.62685254414876,False,False,False,False,False,False,dry_up,3,3,normal,False,False,,False,129.0,분산3일,0.034401111801588065,39.6017218749396,True,False,False,False,False,True,False,,Confirmed Uptrend,62.92,-0.282,0.3192654614934343,1.0,-0.1441834243584904,-0.2819346556765766,0.22638738446293416,0.14036208732694355,,False,,,1,0.608,0.854
GFS,GlobalFoundries Inc.,Information Technology,XLK,27429556224.0,2026-08-24,45.95000076293945,-0.04370444344359914,-0.1401571492561019,-0.1359533565390496,-0.16354502282283734,-0.45067678189473415,False,-0.16555741575069982,-0.42198978522536335,-0.16354718111939281,-0.42075710326267435,0.513172961559563,0.8141673559511095,0.7342529144418859,0.9612967484516566,0.8141673559511095,227422297.87369043,0.29024236317939744,50.31600017547608,65.53731447855631,61.27936210632324,False,False,False,True,False,False,dry_up,0,0,normal,False,False,,False,62.0,,0.06409606874609747,34.4696089893266,True,False,False,False,False,True,False,,Confirmed Uptrend,89.83,-0.4885,0.33167961346621033,0.9094630889501736,0.3988329470875249,0.06680333265147254,0.8103024608042462,0.1391373801916933,,False,,,1,0.608,0.854
NRG,"NRG Energy, Inc.",Utilities,XLU,28333371392.0,2026-08-24,111.77999877929688,-0.011758481335672144,-0.08654084930615036,-0.17819206638709217,-0.20443492078068293,-0.1259444735043458,False,-0.20634893837010337,-0.08029916460239983,-0.13141634433246818,-0.08160386699323308,0.7510496897937775,1.4232094187403597,0.9155496132539318,0.5642678732161556,1.4232094187403597,404033900.16722107,0.149206664454547,121.78702659606934,130.87836710611978,140.1566589355469,False,False,False,False,False,False,distribution,0,1,normal,False,False,,False,40.0,,0.045708401663376905,37.72807517239319,True,False,False,False,False,True,False,,Confirmed Uptrend,148.83,-0.249,0.252712917917296,0.9176635341809471,-0.17045170815795918,-0.2638385932996331,0.21438326129173715,0.1387646432374867,,False,,,1,0.608,0.854
DOCN,"DigitalOcean Holdings, Inc.",Information Technology,XLK,13736700928.0,2026-08-24,111.54000091552734,-0.03545484690211875,-0.17548786278820305,-0.07204655784179281,-0.10167896472247351,-0.3847959178496936,False,-0.10384019867728056,-0.3526684619658843,-0.10168128265141063,-0.3512879432649725,0.6152573503573472,0.8553362599542882,0.836839414087047,0.7688909972024129,0.8553362599542882,384977797.65344083,0.6310589958639706,122.43949966430664,140.54866587320964,121.99883267084758,False,False,False,True,False,False,dry_up,0,0,normal,False,False,,False,76.0,,0.0869287507014596,40.329839852739,True,False,False,False,False,True,False,,Confirmed Uptrend,152.77,-0.2699,0.324488054887352,0.9094630889501736,2.5042244352540024,0.9156671720318512,0.9869773852032826,0.13658146964856233,,False,,,1,0.608,0.854
DECK,Deckers Outdoor Corporation,Consumer Discretionary,XLY,13193297920.0,2026-08-24,92.08000183105469,0.004363018374208272,0.021862181859499508,-0.05781235374814975,-0.08789930253595946,-0.22400497499249983,False,-0.09009368841823318,-0.18348062436588464,-0.11722677458875086,-0.21007907336983378,0.8089255938668864,1.2137513435987415,1.0526002939717578,0.6043187088264702,1.2137513435987415,215405071.54748535,0.5550678412142519,95.53600006103515,102.63083343505859,102.85199998219808,False,False,False,False,False,False,accumulation,2,4,normal,False,False,,False,45.0,분산4일,0.030043758700635637,41.70600250694645,True,False,False,False,False,True,False,,Confirmed Uptrend,109.11,-0.1561,0.31676348559372025,0.9538536360667944,-0.21961714122144438,-0.25342671440062703,0.17544366802776878,0.1365814696485623,,False,,,1,0.608,0.854
KLAC,KLA Corporation,Information Technology,XLK,238813249536.0,2026-08-24,181.57000732421875,-0.013152878399339096,-0.1175640932562988,-0.10614072416187814,-0.1346843994718191,-0.27351282198425575,False,-0.13676622699677266,-0.23557389173484367,-0.13468663223715727,-0.2339436536328502,0.6024833141287971,0.8429941483462136,0.8571930978579121,0.8383347085369495,0.8429941483462136,2181423282.156433,0.8075730809775258,191.86053237915038,216.98716201782227,192.07176043192547,False,False,True,True,False,False,dry_up,0,1,normal,False,False,,False,44.0,,0.052057625745258,38.78506082426463,True,False,False,False,False,True,False,,Confirmed Uptrend,268.86,-0.3247,0.44794236403084214,0.9094630889501736,1.0615287717431623,0.3015808471139534,0.9485676536080596,0.13503727369542065,,False,,,1,0.608,0.854
TRP,TC Energy Corporation,Energy,XLE,70246342656.0,2026-08-24,62.060001373291016,0.0006449679979376732,-0.0192793525527849,-0.09189340505009236,-0.12089204107002038,-0.12912149272135276,False,-0.12300705106774745,-0.0836420955025341,-0.16024241922051108,-0.1880653980566901,0.8791614193635967,0.5652850302815975,0.864489076088614,0.5960320078101846,0.5652850302815975,147239664.83664933,0.8508787193318254,64.36149978637695,66.88375447591146,65.2781940460205,False,False,False,True,False,False,weak_rally,1,2,normal,False,False,,False,95.0,,0.02410108064148837,34.796074481811104,True,False,False,False,False,True,False,,Confirmed Uptrend,63.32,-0.02,0.3597979684899934,0.9899607938878676,0.18803003882097635,0.047135933710541034,0.7123965078334558,0.1349307774227902,,False,,,1,0.608,0.854
NBIX,"Neurocrine Biosciences, Inc.",Health Care,XLV,16771737600.0,2026-08-24,153.0399932861328,0.0030804610300327884,-0.009385799439921794,-0.13247553931657308,-0.16017826299862137,-0.09344026851887777,False,-0.1621987558766843,-0.046097510848290724,-0.18858904374955587,-0.17403605360457408,0.8250134408955947,0.8221191673381112,0.7497508231033134,0.5362984870117306,0.8221191673381112,239510945.30890885,0.46519816894244687,162.13150024414062,165.9931671142578,151.4690835952759,False,False,False,True,False,False,weak_rally,0,2,normal,False,False,,False,17.0,,0.02786853545914524,37.46488377106168,True,False,False,False,False,True,False,,Confirmed Uptrend,185.5,-0.175,0.2744385731891598,0.9944216998611353,0.10527907605192866,0.2576937256792995,0.7455930475588435,0.13418530351437702,,False,,,1,0.608,0.854
CVS,CVS Health Corporation,Health Care,XLV,133245091840.0,2026-08-24,94.11000061035156,0.011717953199543718,0.0010637003706923664,-0.12104230056422749,-0.14911012271704127,-0.09167284795604391,False,-0.1511572439825668,-0.044237791278008864,-0.1778953335321264,-0.17242576184736869,0.8561720641827154,1.0381032707954794,0.8243140697501466,0.4883803170823352,1.0381032707954794,803287229.2138779,0.9591287892911742,98.25650024414062,100.28046277364095,90.1430477142334,False,False,True,True,False,False,accumulation,2,0,normal,False,False,,False,50.0,,0.03144262043787353,38.205701662994855,True,False,False,False,False,True,False,,Confirmed Uptrend,99.86,-0.0576,0.2911753423712564,0.9944216998611353,0.32381502184487077,0.30463616179026354,0.8672805863559481,0.13301384451544196,,False,,,1,0.608,0.854
MKSI,MKS Inc.,Information Technology,XLK,20091000832.0,2026-08-24,269.05999755859375,-0.03600726710049429,-0.16112737497440532,-0.14773523232508368,-0.1749506670855555,-0.24901175062413927,False,-0.17693561963888704,-0.20979331474063445,-0.17495279595223923,-0.20810809620501525,0.6049010902487416,1.1560808049499323,0.8451414748012015,0.8635151761278724,1.1560808049499323,481035005.9643799,0.4790662621374925,295.8509994506836,336.3949274698893,301.1799730936686,False,False,False,True,False,False,distribution,0,1,normal,False,False,,False,37.0,,0.0629838197627691,37.23135702740711,True,False,False,False,False,True,False,,Confirmed Uptrend,411.05,-0.3454,0.33394795895721724,0.9094630889501736,1.831652724062676,0.19275473034605728,0.9426585342240295,0.13274760383386583,,False,,,1,0.608,0.854
LGN,Legence Corp.,Industrials,XLI,10500335616.0,2026-08-24,56.380001068115234,-0.05036210068320801,-0.1950314058945677,-0.16634624637270956,-0.19296737422545696,-0.36159070723286746,False,-0.19490898111761001,-0.3282514187198584,-0.14678566971837836,-0.3534779411049169,0.6392290591710602,0.7821719625303462,0.7177702065120962,0.9137507172252496,0.7821719625303462,82934572.8878868,0.09584648572229466,63.03575057983399,73.59525057474772,72.16175028483073,False,False,False,True,False,False,dry_up,3,1,normal,False,False,,False,88.0,,0.07190364940556944,37.141886163685434,True,False,False,False,True,True,False,,Confirmed Uptrend,73.77,-0.2357,0.2580158548002692,0.9597340907832117,,0.24592036900550207,,0.13242811501597446,,False,,,1,0.608,0.854
WDC,Western Digital Corporation,Information Technology,XLK,187796635648.0,2026-08-24,435.3800048828125,-0.05236809470386117,-0.18773904040861822,-0.12560252020076434,-0.15352472051783073,-0.2071691178754015,False,-0.1555612208824877,-0.16576555777588242,-0.1535269046696739,-0.16398644432200593,0.5834394439758709,0.9001148348673123,0.7865294281060194,0.7183960713615746,0.9001148348673123,4171872201.650659,0.5770494318390271,483.43949737548826,545.2096232096354,459.0455766042074,False,False,False,True,False,False,dry_up,3,1,normal,False,False,,False,39.0,,0.09225272326669359,40.7630386733425,True,False,False,False,True,True,False,,Confirmed Uptrend,651.88,-0.3321,0.37450688521648295,0.9094630889501736,4.938604830895237,0.7040244250210237,0.9897708906391485,0.13120340788072415,,False,,,1,0.608,0.854
CARR,Carrier Global Corporation,Industrials,XLI,50951532544.0,2026-08-24,59.970001220703125,-0.006625769724345254,-0.041400257284739284,-0.13500649593462122,-0.1626283983891208,-0.1682040655179139,False,-0.16464299658633808,-0.12476565546055629,-0.11471057371493443,-0.15763378410270457,0.7919164833309305,0.5975712606997233,0.6984829347095532,0.639155156956067,0.5975712606997233,412973887.91048205,0.3127753896206471,62.523999977111814,67.0385466893514,63.8511235555013,False,False,False,False,False,False,dry_up,0,0,normal,False,False,,False,52.0,,0.023212803599153484,33.54299205754285,True,False,False,False,False,True,False,,Confirmed Uptrend,70.98,-0.1552,0.3128738274336408,0.9597340907832117,-0.08482860644983048,0.004207963824182981,0.47662651700238623,0.13104366347177848,,False,,,1,0.608,0.854
SANM,Sanmina Corporation,Information Technology,XLK,9945525248.0,2026-08-24,185.41000366210938,-0.018423398479452624,-0.1456941219879131,-0.1124461030191074,-0.1407884281929901,-0.27643569680538493,False,-0.14285557028410079,-0.23864940619962016,-0.14079064520816298,-0.23702572703224378,0.713609415885913,0.6493239306942391,0.7813631789719836,0.8278210420057309,0.6493239306942391,150251768.031662,0.7027901118087336,195.8314987182617,221.59433314005534,198.97999986012778,False,False,False,True,False,False,dry_up,0,0,normal,False,False,,False,79.0,,0.05545239492336981,40.319802313305075,True,False,False,False,False,True,False,,Confirmed Uptrend,217.82,-0.1488,0.28446808955789554,0.9094630889501736,0.5967669407785348,0.294814856099348,0.9194803893093688,0.1306709265175719,,False,,,1,0.608,0.854
DY,"Dycom Industries, Inc.",Industrials,XLI,12044716032.0,2026-08-24,380.95001220703125,-0.03053823546817358,-0.11998429320109916,-0.10197774715220942,-0.13065435911929402,-0.209644330881681,False,-0.13274588235402973,-0.16837003243527737,-0.08090684926721337,-0.1996006633253008,0.7516772324048514,1.2662695603439376,1.028846437473268,0.5627075649244717,1.2662695603439376,175152215.0562744,0.20656282368529694,405.26600494384763,437.8236679077148,416.19233525594075,False,False,False,False,False,False,distribution,0,2,normal,False,False,,False,60.0,,0.042244033270928315,38.60877319714317,True,False,False,False,False,True,False,,Confirmed Uptrend,535.2,-0.2882,0.2910525126493238,0.9597340907832117,0.394508486045827,-0.06070217663159916,0.688885775628869,0.12790202342918,,False,,,1,0.608,0.854
TJX,"TJX Companies, Inc. (The)",Consumer Discretionary,XLY,173814185984.0,2026-08-24,140.7100067138672,0.0012809217685472163,-0.06721908504723695,-0.09736561799464105,-0.12618950942810214,-0.1918135603310651,False,-0.12829177446268092,-0.14960809560852617,-0.1542858071427451,-0.1773099559406972,0.8381567002393339,1.15086759434703,1.5403053318645217,0.6491236608816111,1.15086759434703,960923797.866085,0.83607240830144,153.63247833251953,155.77224731445312,155.8608055114746,False,False,False,False,False,False,accumulation,2,5,normal,False,False,,False,40.0,분산5일,0.024011142965089684,26.732652686263236,True,False,False,False,False,True,False,,Confirmed Uptrend,154.94,-0.0918,0.31323855214302937,0.9538536360667944,-0.03735635333842646,-0.0986692468791931,0.4139385966410962,0.12635782747603835,,False,,,1,0.608,0.854
CMI,Cummins Inc.,Industrials,XLI,87512670208.0,2026-08-24,571.6199951171875,-0.027327793627056396,-0.10514113146914872,-0.1331021216149696,-0.1607848365974789,-0.15661059083704232,False,-0.16280387014484987,-0.1125667412886987,-0.112761515784496,-0.14589298207280832,0.7885590084997189,1.2319117101050074,0.9363752336404112,0.5501553249525908,1.2319117101050074,629855991.6997315,0.1465501649199078,624.3642303466797,655.9304026285807,631.8680969238281,False,False,False,True,False,False,distribution,0,1,normal,False,False,,False,46.0,,0.02967520260295049,29.525921914615296,True,False,False,False,False,True,False,,Confirmed Uptrend,715.12,-0.2007,0.37115452579020275,0.9597340907832117,0.4572594229191249,0.0427449729870506,0.8108049865313538,0.12577209797657085,,False,,,1,0.608,0.854
BBD,Banco Bradesco Sa,Financials,XLF,38160269312.0,2026-08-24,3.1500000953674316,0.012861801164264719,0.019417534907683054,-0.1336224174936682,-0.16128851782885212,-0.09810908588972489,False,-0.16330633959008334,-0.051010145236065285,-0.1535630919769312,-0.15723161336510894,0.8454730689660976,0.6036529127089848,0.8429554602774031,0.36731350501467896,0.6036529127089848,95701441.60190904,0.7070726044947934,3.30776960849762,3.39406236410141,3.51243415872256,False,False,False,False,False,False,weak_rally,0,4,normal,False,False,,False,37.0,분산4일,0.029682539129893964,39.20439369255658,True,False,False,False,False,True,False,,Confirmed Uptrend,3.41,-0.075,0.3033726259030228,0.9993134723312326,0.1043008310107243,-0.15406530793205175,0.4727468634854465,0.12566560170394037,,False,,,1,0.608,0.854
ENLT,Enlight Renewable Energy Ltd.,Utilities,XLU,11808144384.0,2026-08-24,77.63500213623047,-0.028591042105438058,-0.0706846865523475,-0.1499507217809728,-0.17709540915045052,-0.20564903073635266,False,-0.17907520175628777,-0.16416608798331034,-0.10156755687782681,-0.16535181540833366,0.8050082970850081,1.2093179402055318,0.8254373367441394,0.6293754388434206,1.2093179402055318,17057029.30179596,0.19370852143685405,83.3847499847412,88.00274988810222,84.59270826975505,False,False,False,True,False,False,distribution,1,2,normal,False,False,,False,,,0.041121908229524114,39.38607202688672,False,False,False,False,False,True,False,,Confirmed Uptrend,,,0.36370584906878745,0.9176635341809471,1.8431897772393993,0.11493300783597404,0.9139072742079696,0.12417465388711395,,False,,,1,0.608,0.854
RMBS,"Rambus, Inc.",Information Technology,XLK,9873259520.0,2026-08-24,87.06999969482422,-0.045703619756453095,-0.13457907597044816,-0.09697156867539247,-0.12580804331532536,-0.41910636782282684,False,-0.12791122610367278,-0.3887706872211524,-0.12581029898423823,-0.38746716121128244,0.5940911650193921,0.7541502068479775,0.8753874358837188,0.8052563052595092,0.7541502068479775,220752867.4606964,0.2803419359788347,94.47799987792969,115.16550013224284,114.04841690063476,False,False,False,False,False,False,dry_up,1,2,normal,False,False,,False,45.0,,0.0610182200567043,36.76370249205756,True,False,False,False,False,True,False,,Confirmed Uptrend,141.17,-0.3832,0.3614442459543643,0.9094630889501736,0.15946566607747004,-0.07426251755172097,0.5796338122818108,0.12305644302449416,,False,,,1,0.608,0.854
DTM,"DT Midstream, Inc.",Energy,XLE,14077948928.0,2026-08-24,125.73999786376953,-0.00812494128399277,-0.06859260841652204,-0.10441593069814181,-0.13301468396714888,-0.13099486846846065,False,-0.13510052859256227,-0.08561330349493312,-0.17182243185552049,-0.1898119776068864,0.8341514746028833,1.0150589019234428,1.034312058457362,0.5535656038333667,1.0150589019234428,135829862.50304413,0.42300805608743675,133.94800033569337,140.5110954284668,139.48270072937012,False,False,False,False,False,False,distribution,2,5,normal,False,False,,False,37.0,분산5일,0.02830957195011594,28.819818565885427,True,False,False,False,False,True,False,,Confirmed Uptrend,143.78,-0.1255,0.33758632483172635,0.9899607938878676,0.23340950593737708,-0.017252454351247337,0.6675288878258245,0.12241746538871139,,False,,,1,0.608,0.854
RBLX,Roblox Corporation,Communication Services,XLC,25488842752.0,2026-08-24,38.7599983215332,0.010164175149985688,0.021882362501435715,-0.1995043414439378,-0.2250666293593564,-0.14098633137234462,False,-0.2269310099622487,-0.09612654493210837,-0.232715760632079,-0.11265607891710816,0.6688524212465798,0.5055603223865792,0.6135241614637179,0.619570782492489,0.5055603223865792,632414099.1859148,0.2605598470327922,39.131499671936034,46.148999786376955,49.97099994023641,False,False,False,False,False,False,weak_rally,0,1,normal,False,False,,False,45.0,,0.0463472943451441,41.33746127185255,True,False,False,False,False,True,False,,Confirmed Uptrend,51.53,-0.2478,0.30728885214346785,0.9408024526034724,-0.6478073434175791,-0.30034378520311567,0.030692795270882096,0.12135250266240682,,False,,,1,0.608,0.854
ENB,Enbridge Inc,Energy,XLE,118924099584.0,2026-08-24,50.08000183105469,-0.007530663105677737,-0.009885329812167276,-0.08276543158122729,-0.11205555186268934,-0.1333117822914317,False,-0.11419182120954252,-0.08805121220203083,-0.15180146640697456,-0.19197207512550485,0.8928760065297163,0.5773404436869423,0.7668087348742673,0.4156924491253447,0.5773404436869423,281517281.3982239,0.46390973873784436,51.685923957824706,53.72935021718343,53.359674294789635,False,False,False,False,False,False,dry_up,1,1,normal,False,False,,False,66.0,,0.020190166343844136,35.536038679931494,True,False,False,False,False,True,False,,Confirmed Uptrend,56.02,-0.106,0.3890102117830672,0.9899607938878676,0.03548308235123421,0.01044766365111216,0.5769163918835034,0.11906283280085196,,False,,,1,0.608,0.854
VIV,Telefonica Brasil S.A.,Communication Services,XLC,20643616768.0,2026-08-24,11.449999809265137,0.0017497378438651179,0.0043859817901739095,-0.1849953745199724,-0.21102097836459255,-0.1566417150019973,False,-0.21291915082658108,-0.11259949083336973,-0.21880874998026623,-0.12882777676469437,0.8144274503855816,0.4654769206732119,0.764544204802033,0.6315834829759516,0.4654769206732119,22122420.940012455,0.6885240263151312,11.961499977111817,12.866518497467041,13.835746566454569,False,False,False,False,False,False,weak_rally,2,2,normal,False,False,,False,,,0.023362451039412806,33.75916455725772,False,False,False,False,False,True,False,,Confirmed Uptrend,,,0.3512821735812805,0.9408024526034724,0.008878531575262194,-0.16547374815922278,0.40047108939422416,0.11826411075612353,,False,,,1,0.608,0.854
SGI,Somnigroup International Inc.,Consumer Discretionary,XLY,13743177728.0,2026-08-24,64.30999755859375,-0.006181448486141106,-0.008213859196027795,-0.11567657575883472,-0.1439157420043794,-0.1406984628470469,False,-0.14597536021868995,-0.0958236432111359,-0.17144207459134786,-0.12527755383995343,0.8204100609834732,0.6484254228674642,0.9631495412018937,0.4750252065810345,0.6484254228674642,207557641.65731812,0.3337427329779973,66.03646755218506,70.53039976755778,72.37831474939982,False,False,False,False,False,False,dry_up,1,2,normal,False,False,,False,88.0,,0.03402901795656275,41.736274976105776,True,False,False,False,False,True,False,,Confirmed Uptrend,84.57,-0.2396,0.31172475605605415,0.9538536360667944,-0.23898648690081348,-0.24139421417142393,0.16921494592609043,0.11815761448349309,,False,,,1,0.608,0.854
RDDT,"Reddit, Inc.",Communication Services,XLC,27080247296.0,2026-08-24,152.6999969482422,-0.0038488901019737565,-0.07173254134807183,-0.1480220912331388,-0.1752283657065805,-0.150533060224184,False,-0.1772126501561213,-0.10617182722161356,-0.18336943530010297,-0.12251765868270137,0.7512175615619349,0.38636609604363853,0.6875410645420871,0.539194621555131,0.38636609604363853,1457278923.3651612,0.6889761296155568,159.6489990234375,172.90799992879232,160.5379997253418,False,False,True,True,False,False,dry_up,1,1,normal,False,False,,False,37.0,,0.0589105755430057,43.654452626220795,True,False,False,False,False,True,False,,Confirmed Uptrend,197.76,-0.2279,0.2886580119195073,0.9408024526034724,-0.3435470537296206,0.08799488586280502,0.3751511734522447,0.1159744408945687,,False,,,1,0.608,0.854
TTMI,"TTM Technologies, Inc.",Information Technology,XLK,11988450304.0,2026-08-24,107.12000274658203,-0.030939009775825976,-0.24017586896793197,-0.13410392418289896,-0.16175464852885446,-0.4484977793005792,False,-0.16377134884523847,-0.41969698980741943,-0.16175681144509513,-0.4184594181602861,0.48367725721838484,0.9275597566794236,0.844735737875026,0.8383432668449817,0.9275597566794236,429238798.78484344,0.7953977023590283,124.65700073242188,154.8641674041748,141.72100035349527,False,False,False,True,False,False,dry_up,0,2,normal,False,False,,False,79.0,,0.09782748763619226,33.3766907948593,True,False,False,False,False,True,False,,Confirmed Uptrend,158.22,-0.323,0.31197718003634506,0.9094630889501736,1.7412080268258237,0.12974759640047573,0.9179459317854356,0.11458998935037273,,False,,,1,0.608,0.854
CX,"Cemex, S.A.B. de C.V. Sponsored",Materials,XLB,17055697920.0,2026-08-24,11.029999732971191,-0.007200713427382821,-0.007200713427382821,-0.09590164709719118,-0.12477228762314307,-0.1608955780816248,False,-0.12687796229388326,-0.11707550100595676,-0.1328553151163091,-0.17086303677398096,0.841984687922101,0.6653804147985223,1.0497987780917868,0.460488154477455,0.6653804147985223,84758832.77418347,0.23870327086387716,11.305999946594238,12.10559762318929,11.952928288777668,False,False,False,False,False,False,dry_up,2,2,normal,False,False,,False,27.0,,0.025020055755302358,39.829140296007985,True,False,False,False,False,True,False,,Confirmed Uptrend,13.1,-0.158,0.32008261961850926,1.0,0.17243028738398603,-0.09816420798902836,0.5690169881487303,0.11373801916932907,,False,,,1,0.608,0.854
ONON,On Holding AG,Consumer Discretionary,XLY,12079869952.0,2026-08-24,29.510000228881836,-0.016988681582446152,-0.05748959654306307,-0.20372371464212713,-0.22915126499668348,-0.27459903339951963,False,-0.2310058185412237,-0.23671682775635916,-0.25393695455442056,-0.2615810858968697,0.7590020426486674,0.8140907865290312,0.8806047036778976,0.845348790706545,0.8140907865290312,288991787.6597482,0.2510130367550391,34.265999984741214,36.31283353169759,36.5180000782013,False,False,False,False,False,False,dry_up,3,4,normal,False,False,,False,121.0,분산4일,0.05756644421160414,31.51917829257542,True,False,False,False,False,True,False,,Confirmed Uptrend,46.76,-0.3689,0.17562783212210495,0.9538536360667944,-0.31648779837020824,-0.30640104691527204,0.09957162301458486,0.11368477103301385,,False,,,1,0.608,0.854
ARM,Arm Holdings plc,Information Technology,XLK,255988580352.0,2026-08-24,238.77999877929688,-0.018658591189636198,-0.12028882134438346,-0.10344305629097228,-0.13207287643140564,-0.32751035159197106,False,-0.13416098691317213,-0.29239130388339485,-0.13207511593523114,-0.29088223630284205,0.5433486629549191,0.6308768681154969,0.7830533099805927,0.7056318185986985,0.6308768681154969,1339680355.1736693,0.7887931317976634,259.39799880981445,310.81149876912434,246.19070822397867,False,False,False,True,False,False,dry_up,0,1,normal,False,False,,False,45.0,,0.06964480687296776,37.80877528783075,True,False,False,False,False,True,False,,Confirmed Uptrend,439.46,-0.4567,0.36001799822334585,0.9094630889501736,0.6595328875764814,0.9295992090402185,0.9497526666780567,0.11070287539936102,,False,,,1,0.608,0.854
TXT,Textron Inc.,Industrials,XLI,14663604224.0,2026-08-24,82.12999725341797,-0.009885469861269147,-0.062977800072612,-0.14563612191825193,-0.17291858772881408,-0.1554430795521844,False,-0.17490842917902338,-0.11133825972034217,-0.1255896097359518,-0.14471063430904396,0.8543638780817481,0.719211241981039,0.7663157612925666,0.34016631392723234,0.719211241981039,151278452.2598049,0.07386198615439968,87.15549964904785,89.86974309285482,90.38755098978679,False,False,False,False,False,False,dry_up,0,1,normal,False,False,,False,20.0,,0.02342975049393467,32.81087296879558,True,False,False,False,False,True,False,,Confirmed Uptrend,96.13,-0.1456,0.30926469246316635,0.9597340907832117,0.023377557331665466,-0.11141718548240642,0.45249594232116314,0.10830670926517573,,False,,,1,0.608,0.854
STLA,Stellantis N.V.,Consumer Discretionary,XLY,16689645568.0,2026-08-24,5.21999979019165,-0.03512015944165803,0.01953123181010552,-0.08421053247988963,-0.11345450624594766,-0.26977445538205636,False,-0.11558740990548455,-0.23164029852155,-0.14196028226814517,-0.256669926655717,0.741477246942722,1.0965162532078339,1.0275147429946492,0.5983167836834207,1.0965162532078339,131284510.74182138,0.4999985098869004,5.5100000381469725,6.001000014940898,6.731583336989085,False,False,False,False,False,False,distribution,1,3,normal,False,False,,False,18.0,분산3일,0.0395456900515805,40.72704365963649,True,False,False,False,False,True,False,,Confirmed Uptrend,6.01,-0.1314,0.26913622424231654,0.9538536360667944,-0.4978933222618026,-0.3122569618198001,0.04632052530567847,0.10537806176783814,,False,,,1,0.608,0.854
RTO,Rentokil Initial plc,Industrials,XLI,11755873280.0,2026-08-24,23.799999237060547,0.006342478687092479,0.010615711596566602,-0.16265994900689607,-0.18939879166996076,-0.2413287220364676,False,-0.19134898406939538,-0.20170905968329822,-0.14301287828727594,-0.23168769281611667,0.7835383807186344,0.513455741840252,0.6797805098662015,0.6606481050677403,0.513455741840252,43645740.54237194,0.2539675811832808,24.39022045135498,27.66298573811849,29.82934422492981,False,False,False,False,False,False,weak_rally,1,0,normal,False,False,,False,113.0,,0.01614171626314259,34.778502067201,False,False,False,False,False,True,False,,Confirmed Uptrend,31.89,-0.2538,0.25261012830184554,0.9597340907832117,0.01078843826416609,-0.15793956242648532,0.4070820590798039,0.1038338658146965,,False,,,1,0.608,0.854
ODFL,"Old Dominion Freight Line, Inc.",Industrials,XLI,44118392832.0,2026-08-24,201.47999572753906,-0.02416818648550334,-0.04944334145297269,-0.11152272376613037,-0.13989453527896745,-0.21619776145486447,False,-0.1419638279505967,-0.1752656991179674,-0.09067578606353388,-0.20623737346564985,0.8198575614548894,0.8781901852605696,0.7205940948894086,0.3395918428955791,0.8781901852605696,370897975.7759415,0.2053865925281139,212.32450103759766,223.40592727661132,212.5168431599935,False,False,False,True,False,False,dry_up,1,1,normal,False,False,,False,45.0,,0.031323567337392645,35.58319243648846,True,False,False,False,False,True,False,,Confirmed Uptrend,221.04,-0.0885,0.3649182339878057,0.9597340907832117,0.3321708631140745,0.10684810895420149,0.8170252800510271,0.10298189563365283,,False,,,1,0.608,0.854
WSO-B,"Watsco, Inc.",Industrials,XLI,13081969664.0,2026-08-24,309.2799987792969,0.0,-0.059453178211508195,-0.19667532784598218,-0.22232795486484824,-0.14093087762880174,False,-0.22419892433305277,-0.09606819525898558,-0.1778263827538339,-0.1300140144870814,0.8033246721540178,0.2235597592433362,1.8503869303525364,0.12195121951219512,0.2235597592433362,76719.1778930664,0.5,320.87699432373046,349.1862823486328,370.4769755045573,False,False,False,False,False,False,dry_up,1,1,normal,False,False,,False,,,0.009272687267883275,23.977182277445422,False,False,False,False,False,True,False,,Confirmed Uptrend,,,0.27668504604364413,0.9597340907832117,-0.22147068168049722,-0.14145658739359745,0.2425335861907935,0.09866879659211927,,False,,,1,0.608,0.854
EVR,Evercore Inc.,Financials,XLF,12400057344.0,2026-08-24,290.1099853515625,-0.006098287736971519,-0.04310972900575183,-0.14701126739432935,-0.17424982058124472,-0.21255950229581888,False,-0.1762364592726079,-0.17143744120238302,-0.16664378212950426,-0.2641793509187236,0.7756121771040986,0.8407181394588064,0.8276920827176816,0.5856101465379494,0.8407181394588064,182646288.3534607,0.35702749480525114,307.09299926757814,333.7901662190755,325.9475774129232,False,False,False,False,False,False,dry_up,2,1,normal,False,False,,False,158.0,,0.03468388892639108,35.54127906099623,True,False,False,False,False,True,False,,Confirmed Uptrend,372.1,-0.2203,0.28894324582866066,0.9993134723312326,-0.04289513369729814,0.027264448921785034,0.5278704731965398,0.09856230031948883,,False,,,1,0.608,0.854
CRS,Carpenter Technology Corporatio,Industrials,XLI,25819623424.0,2026-08-24,477.1000061035156,-0.031032939249703184,-0.12035841696155702,-0.17776819284185152,-0.20402458282116032,-0.18241815172676845,False,-0.2059395876259481,-0.13972203587852505,-0.15847561697139412,-0.17202849982062396,0.7704481325854108,1.0694802316695662,0.8980156628124802,0.5065536395019196,1.0694802316695662,378148214.96781313,0.32524303806636184,533.7769989013672,553.7518315633138,484.3231948852539,False,False,True,True,False,False,distribution,0,2,normal,False,False,,False,39.0,,0.04796387392070808,32.624194331601885,True,False,False,False,False,True,False,,Confirmed Uptrend,607.03,-0.214,0.29107532158749333,0.9597340907832117,1.1337062645057756,0.4409152363937101,0.961352673512042,0.09856230031948882,,False,,,1,0.608,0.854
GME,GameStop Corporation,Consumer Discretionary,XLY,9745573888.0,2026-08-24,18.040000915527344,-0.009335429845807486,-0.019565147307958775,-0.16171001246335315,-0.18847918952132414,-0.21606373272748192,False,-0.19043159435407664,-0.17512467108393026,-0.21457263946138427,-0.20199531864664222,0.7905346694469492,0.6893109930068763,0.7130059283847178,0.6055993389507636,0.6893109930068763,137678864.61151773,0.29673062338452966,19.26599998474121,20.969666798909504,22.25400012334188,False,False,False,False,False,False,dry_up,0,0,normal,False,False,,False,78.0,,0.02296364262608,28.10018571958335,True,False,False,False,False,True,False,,Confirmed Uptrend,26.53,-0.32,0.27192805628577843,0.9538536360667944,-0.2017433403232033,-0.17737686821586962,0.23259127641762484,0.0976038338658147,,False,,,1,0.608,0.854
SFD,"Smithfield Foods, Inc.",Consumer Staples,XLP,10246148096.0,2026-08-24,22.309999465942383,0.0026966052108936545,-0.013268515537847025,-0.14893280311460577,-0.17610999575721764,-0.1797058755200729,False,-0.17809215912896315,-0.13686811800087273,-0.1692727389277776,-0.1758669945291479,0.8274091114519567,0.8759064580796717,0.9370078953454908,0.474856648212621,0.8759064580796717,36776346.897520065,0.31706658975241675,24.035984802246094,24.79180990854899,25.207424942652384,False,False,False,False,False,False,weak_rally,3,4,normal,False,False,,False,95.0,분산4일,0.026040073517514136,29.360272171773232,False,False,False,False,False,True,False,,Confirmed Uptrend,28.4,-0.2145,0.32559148503822194,0.9838065079008816,-0.10026883442972367,-0.019702267084301672,0.43759147574219925,0.09664536741214058,,False,,,1,0.608,0.854
BIDU,"Baidu, Inc.",Communication Services,XLC,37687013376.0,2026-08-24,92.18000030517578,-0.011050303501917491,-0.11467539499078827,-0.12451325383565648,-0.1524702377772733,-0.2348037603824391,False,-0.15450927507896506,-0.19484334863607533,-0.16083594591992534,-0.20956760473337277,0.7815838426065127,0.6955557096740661,1.9447699018500983,0.5612963088913513,0.6955557096740661,317547246.0072365,0.27397381966399287,103.92100028991699,111.45649998982748,117.64741694132486,False,False,False,False,False,False,dry_up,3,6,normal,False,False,,False,70.0,분산6일,0.038170667329868825,28.66926130750052,True,False,False,False,False,True,False,,Confirmed Uptrend,150.5,-0.3875,0.2528764335807327,0.9408024526034724,0.022822778869926008,-0.2775454753957176,0.3553658744938579,0.09637912673056444,,False,,,1,0.608,0.854
MTZ,"MasTec, Inc.",Industrials,XLI,20789784576.0,2026-08-24,255.36000061035156,-0.04093746246335739,-0.1557789231173572,-0.24178273068842826,-0.2659949396285064,-0.31345428650072404,False,-0.2677608524783429,-0.2776011968307541,-0.2239921708157293,-0.30472981323119375,0.5951199114165927,1.0459950590250178,0.8090430593875506,0.7518922862177969,1.0459950590250178,476080775.41510165,0.1935899417231861,278.6034996032715,339.4313331604004,348.7671657562256,False,False,False,False,False,False,distribution,4,1,normal,False,False,,False,78.0,,0.059688850865218294,35.70046858787916,True,False,False,False,True,True,False,,Confirmed Uptrend,417.41,-0.3882,0.27582862259547075,0.9597340907832117,0.6548058209271737,0.11436892428284517,0.8769037490104958,0.0959531416400426,,False,,,1,0.608,0.854
AMKR,"Amkor Technology, Inc.",Information Technology,XLK,12390325248.0,2026-08-24,47.900001525878906,-0.046955767498368384,-0.21859702900420785,-0.21100309260044225,-0.2361981900325788,-0.39372262704877126,False,-0.23803578966747396,-0.3620613456659154,-0.2362001608628811,-0.36070085851119205,0.5120256543377939,0.8628719035995704,0.8463774580214521,0.783113017087389,0.8628719035995704,287751513.80911905,0.4387982311357479,52.604999732971194,66.78243446350098,63.15853207906087,False,False,False,True,False,False,dry_up,0,1,normal,False,False,,False,41.0,,0.07206978868398137,36.90480248117474,True,False,False,False,False,True,False,,Confirmed Uptrend,85.62,-0.4406,0.2889430253694211,0.9094630889501736,1.4013788447344564,0.2715959359603104,0.9502934627234572,0.09584664536741215,,False,,,1,0.608,0.854
SBS,Companhia de saneamento Basico ,Utilities,XLU,19112226816.0,2026-08-24,4.630000114440918,0.00433839053086249,0.010917072394709626,-0.18485911014628076,-0.21088906533136798,-0.18417043205521855,False,-0.2127875551575451,-0.14156582455450062,-0.13846286335960012,-0.14278361307656118,0.764026428739086,1.323129301729194,1.0936589917169162,0.3840545635875655,1.323129301729194,47062071.66216674,0.7419360792963738,5.034499979019165,5.43149999777476,5.785580110549927,False,False,False,False,False,False,accumulation,3,6,normal,False,False,,False,,분산6일,0.037257003216392345,31.222813553877174,False,False,False,False,False,True,False,,Confirmed Uptrend,,,0.24072583035361028,0.9176635341809471,0.12483717208359923,-0.11874840793070562,0.5147692675676137,0.09483493077742279,,False,,,1,0.608,0.854
STM,STMicroelectronics N.V.,Information Technology,XLK,46737338368.0,2026-08-24,49.349998474121094,-0.023932018716461556,-0.11543291514114107,-0.07670724472021284,-0.10619082153717452,-0.39043497563566365,False,-0.10834120059961638,-0.358602005086886,-0.10619312782421164,-0.35723414043843416,0.6182660819694429,0.7813100886619927,1.0469155310192948,0.5010844818486233,0.7813100886619927,474602558.82906264,0.3018848912164127,52.630499839782715,64.49252300262451,55.03798352877299,False,False,False,True,False,False,dry_up,0,2,normal,False,False,,False,57.0,,0.04232161875416324,36.68426221134922,True,False,False,False,False,True,False,,Confirmed Uptrend,79.42,-0.3786,0.44919274789498553,0.9094630889501736,0.7120604387910967,0.39844852784349527,0.93976115220994,0.09478168264110756,,False,,,1,0.608,0.854
WSO,"Watsco, Inc.",Industrials,XLI,12739534848.0,2026-08-24,310.79998779296875,-0.0036545958822694624,-0.003398953403396132,-0.14702090743500917,-0.1742591527857822,-0.21386102247941274,False,-0.17624576902517497,-0.17280692994062963,-0.12700688740323618,-0.20387093972067516,0.7522168484619294,0.5227782821866284,0.6273039766501051,0.4745688357411758,0.5227782821866284,181648637.54897767,0.19289534837574576,320.34550018310546,361.03611145019534,377.4186177571615,False,False,False,False,False,False,dry_up,0,1,normal,False,False,,False,82.0,,0.02765923545748834,35.922681066768874,True,False,False,False,False,True,False,,Confirmed Uptrend,452.97,-0.3139,0.27170522276674924,0.9597340907832117,-0.21547562334637982,-0.17883075803676995,0.21976251900702193,0.09350372736954207,,False,,,1,0.608,0.854
NVMI,Nova Ltd.,Information Technology,XLK,12432073728.0,2026-08-24,362.75,-0.0377728602966938,-0.1379310519886685,-0.1541923244961768,-0.18120156444795776,-0.37523031731205814,False,-0.18317147822217006,-0.34260332246517666,-0.18120367718551234,-0.3412013385451437,0.5989432599312504,0.9297273951373186,0.9138233276593581,0.7004458732870239,0.9297273951373186,222331146.4989563,0.5073718441013612,393.7519989013672,463.7509999593099,473.9724978129069,False,False,False,False,False,False,dry_up,0,1,normal,False,False,,False,44.0,,0.05291325602109383,35.08421475189604,True,False,False,False,False,True,False,,Confirmed Uptrend,583.1,-0.3779,0.3742199671199868,0.9094630889501736,0.507063188186258,-0.09084256953127612,0.6904942679947378,0.09238551650692226,,False,,,1,0.608,0.854
RBC,RBC Bearings Incorporated,Industrials,XLI,17440890880.0,2026-08-24,495.8999938964844,-0.019243341756554178,-0.11068469882923093,-0.1522641866548805,-0.1793349979769906,-0.2131677525975909,False,-0.1813094024473767,-0.1720774558166871,-0.13237319319697494,-0.2031688599163185,0.7642281167867229,1.479398716668167,1.2524400027496874,0.4854234003278678,1.479398716668167,138586920.5956894,0.11832639769590365,549.571501159668,584.6940007527669,579.3944994608561,False,False,False,False,False,False,distribution,1,3,normal,False,False,,False,45.0,분산3일,0.030540291076317356,24.35990686280573,True,False,False,False,False,True,False,,Confirmed Uptrend,639.18,-0.2242,0.29270031704211824,0.9597340907832117,0.2962404477571474,-0.02827765720590536,0.6896065332900514,0.09169329073482428,,False,,,1,0.608,0.854
FN,Fabrinet,Information Technology,XLK,15600627712.0,2026-08-24,421.1400146484375,-0.035564610121475604,-0.29643489153560143,-0.10551801517128467,-0.1340815754941359,-0.3028435878500102,False,-0.13616485332872075,-0.26643638164751393,-0.13408380981493495,-0.26487196181943085,0.662607387464333,1.086958393220478,1.5776033470308606,0.5427018042782333,1.086958393220478,516968729.8965576,0.5048081961509279,497.7210006713867,535.7043334960938,578.2285013834636,False,False,False,False,False,False,distribution,1,5,normal,False,False,,False,5.0,분산5일,0.09883718029256741,37.34014095772306,True,False,False,False,False,True,False,,Confirmed Uptrend,598.58,-0.2964,0.24127481341464954,0.9094630889501736,0.4617117507174122,-0.24174815685366835,0.5826927041510767,0.09004259850905219,,False,,,1,0.608,0.854
WWD,"Woodward, Inc.",Industrials,XLI,21494517760.0,2026-08-24,333.1499938964844,-0.02945293824364703,-0.09976665110567562,-0.20562602001329022,-0.2309928239077238,-0.17212433898394852,False,-0.23284294692075935,-0.12889065515726283,-0.18698709100933952,-0.1616038755493795,0.7640143661863008,0.8322553672616614,0.7966873482272138,0.45652287419476645,0.8322553672616614,244915833.12643892,0.1294737977722038,363.3140441894531,387.44402669270835,378.3366828918457,False,False,True,False,False,False,dry_up,0,1,normal,False,False,,False,47.0,,0.03349790075926444,30.134073277457347,True,False,False,False,False,True,False,,Confirmed Uptrend,421.17,-0.209,0.29562202081048516,0.9597340907832117,0.44217143624065347,-0.019170817706708587,0.7451814138376815,0.08998935037273696,,False,,,1,0.608,0.854
XPEV,XPeng Inc.,Consumer Discretionary,XLY,12435717120.0,2026-08-24,11.149999618530273,-0.085315832457176,-0.08606559075004683,-0.1275430476133479,-0.15540328092297595,-0.25678869404048277,False,-0.15743526173574163,-0.21797638908778405,-0.182560245875946,-0.2434511245998211,0.7694961901072446,3.4654563968920233,1.4155949046148142,0.5648329303904741,3.4654563968920233,91136892.2875146,0.05556091321336183,12.105499935150146,13.341166591644287,15.240833298365276,False,False,False,False,False,False,distribution,3,2,attention,False,False,,False,109.0,,0.036271620090742876,35.3233400941171,True,False,False,False,False,True,False,,Confirmed Uptrend,18.77,-0.406,0.3082791277273183,0.9538536360667944,-0.5389559211261659,-0.3549905248161773,0.02882233346431805,0.08855165069222579,,False,,,1,0.608,0.854
NXT,Nextpower Inc.,Industrials,XLI,13800626176.0,2026-08-24,84.72000122070312,-0.016941274997709366,-0.1450196351626326,-0.1832642583729348,-0.2093451420793413,-0.3177082484774064,False,-0.21124734636752562,-0.2820773110650412,-0.16410064037095717,-0.30903783362937,0.6563879787183232,0.6893808971175995,0.8894181831923876,0.6508621704863973,0.6893808971175995,267135077.78474426,0.30326581173053374,96.20000038146972,110.84566688537598,115.17004172007243,False,False,False,False,False,False,dry_up,0,2,normal,False,False,,False,59.0,,0.05379989615460716,33.15797776428825,True,False,False,False,False,True,False,,Confirmed Uptrend,156.4,-0.4583,0.33970323983128803,0.9597340907832117,0.3287390847959255,-0.2145671715176326,0.555038982191773,0.08775292864749734,,False,,,1,0.608,0.854
APTV,Aptiv PLC,Consumer Discretionary,XLY,11950211072.0,2026-08-24,47.34000015258789,-0.019469731782844835,-0.0539568487917762,-0.17597912055857523,-0.20229264111731649,-0.3286010775761746,False,-0.20421181273003963,-0.29353899023563823,-0.2279419365722849,-0.31655224344460553,0.6956649232856286,0.5717362096354914,0.6379996381798769,0.6597073220369323,0.5717362096354914,222536551.73015785,0.23522962250540996,50.82949981689453,58.74549986521403,60.62083314259847,False,False,False,False,False,False,dry_up,1,0,normal,False,False,,False,56.0,,0.03578957412550875,35.866198683432756,True,False,False,False,False,True,False,,Confirmed Uptrend,76.82,-0.3838,0.2554529207137922,0.9538536360667944,-0.3531619163725934,-0.3242232813146554,0.08184677065714464,0.084185303514377,,False,,,1,0.608,0.854
ON,ON Semiconductor Corporation,Information Technology,XLK,31761436672.0,2026-08-24,71.93000030517578,-0.030723606083077448,-0.13732306698742214,-0.19216083147375407,-0.21795762024393817,-0.40212883501982655,False,-0.21983910412203167,-0.3709065462957909,-0.21795963814020347,-0.3695649226818738,0.5467882830597519,0.8634124705753099,0.7868523262035894,0.6985250920953506,0.8634124705753099,784945173.7640762,0.38697390806143267,79.74249992370605,96.86433347066243,89.9639998435974,False,False,False,True,False,False,dry_up,0,1,normal,False,False,,False,45.0,,0.048181752902442074,33.15612794077322,True,False,False,False,False,True,False,,Confirmed Uptrend,121.62,-0.4086,0.5865251257862419,0.9094630889501736,0.5129399820990512,0.147889164601402,0.8815513146879432,0.08354632587859426,,False,,,1,0.608,0.854
BWXT,"BWX Technologies, Inc.",Industrials,XLI,15455390720.0,2026-08-24,149.52000427246094,-0.04630689222708828,-0.12699238708700278,-0.15166990581914197,-0.17875969435576078,-0.2585739372058047,False,-0.18073548292567454,-0.21985486200027438,-0.13176496835175866,-0.24915205642060356,0.7131224611375472,1.741510410081535,1.1229120742531047,0.5126526277989784,1.741510410081535,162550072.63448793,0.04680430746080697,166.2372039794922,180.85947189331054,195.6936139424642,False,False,False,False,False,False,distribution,1,4,interest,False,False,,False,45.0,분산4일,0.037496807441604635,29.304518735300405,True,False,False,False,False,True,False,,Confirmed Uptrend,205.08,-0.2709,0.2951101750971073,0.9597340907832117,-0.0983754397505806,-0.18968315980049932,0.3014974401029654,0.08349307774227901,,False,,,1,0.608,0.854
CW,Curtiss-Wright Corporation,Industrials,XLI,26745403392.0,2026-08-24,614.969970703125,-0.031528086803164546,-0.11651132180346713,-0.17323856718080566,-0.19963960203614728,-0.21696555370722537,False,-0.201565156487433,-0.17607358735218426,-0.1538397096681522,-0.20701492265458543,0.7757230414272542,2.3835573824878735,1.5841845255785478,0.43747457194322686,2.3835573824878735,241483529.86557618,0.17854455034227812,699.1649963378907,731.5769266764323,720.7651860555013,False,False,False,False,False,False,distribution,2,7,attention,False,False,,False,100.0,분산7일,0.04573045961532561,29.305442844269905,True,False,False,False,False,True,False,,Confirmed Uptrend,680.89,-0.0968,0.25875741681837927,0.9597340907832117,0.31964502268124506,-0.013788664179598675,0.7107283319950112,0.08242811501597444,,False,,,1,0.608,0.854
CHRW,"C.H. Robinson Worldwide, Inc.",Industrials,XLI,17413384192.0,2026-08-24,142.86000061035156,0.00868457025442293,-0.013261487671872185,-0.18113037307938984,-0.20727939830495268,-0.2795016625779293,False,-0.2091865724818649,-0.24187548417388205,-0.1619166862968492,-0.27034572676479784,0.6821698111901527,0.5160550715223213,0.5383076376296563,0.5668137969196717,0.5160550715223213,321191764.0382881,0.5846502528209863,149.47000122070312,176.36733652750652,174.53829027811688,False,False,False,False,False,False,weak_rally,0,0,normal,False,False,,False,26.0,,0.029836897031066775,31.941908131859392,True,False,False,False,False,True,False,,Confirmed Uptrend,208.5,-0.3148,0.29820215812524403,0.9597340907832117,0.3124363132724439,-0.026505020762463416,0.6981535710421258,0.08061767838125666,,False,,,1,0.608,0.854
DKS,Dick's Sporting Goods Inc,Consumer Discretionary,XLY,17534441472.0,2026-08-24,179.3300018310547,-0.021284691302856484,-0.08617001217266285,-0.12777239052821088,-0.15562530021333387,-0.22386281511074735,False,-0.1576567468789406,-0.1833310405487878,-0.18277512641007765,-0.20993436230609663,0.7498014098924701,2.23346636747476,1.513858451460704,0.3420094717494584,2.23346636747476,342726880.0190643,0.3687378640776699,198.47450103759766,213.42764841715496,211.0773235321045,False,False,False,False,False,False,distribution,1,6,attention,False,False,,False,40.0,분산6일,0.04034860603206372,30.864691250019106,True,False,False,False,False,True,False,,Confirmed Uptrend,239.17,-0.2502,0.2693980930816303,0.9538536360667944,-0.19721842308299542,-0.09351655765602995,0.2997030633339598,0.07891373801916933,,False,,,1,0.608,0.854
DVA,DaVita Inc.,Health Care,XLV,15410176000.0,2026-08-24,176.5,0.015418205976613475,-0.0011318446615523614,-0.25309973414799636,-0.276950556367633,-0.16539237027244524,False,-0.27869011154581014,-0.12180712663972892,-0.30141098446809145,-0.23959140517388167,0.7324866993782436,1.0557179021928862,0.5979218353609745,0.43416756508065124,1.0557179021928862,205715684.0625824,0.885416225151528,196.71850128173827,210.60933354695638,187.0685832977295,False,False,False,True,False,False,accumulation,2,1,normal,False,False,,False,34.0,,0.04436666132804596,28.279598372382168,True,False,False,False,False,True,False,,Confirmed Uptrend,234.31,-0.2467,0.2554686925561851,0.9944216998611353,0.4557463792385841,0.42963858237806085,0.9183634882939524,0.07880724174653889,,False,,,1,0.608,0.854
STRL,"Sterling Infrastructure, Inc.",Industrials,XLI,18312458240.0,2026-08-24,496.6600036621094,-0.03898917202003205,-0.17756546454697297,-0.21740226613801528,-0.24239301828153004,-0.42913163146854627,False,-0.24421571403170006,-0.3993194945572447,-0.199039651088174,-0.4218771606827808,0.5324685110287959,0.7850588099197084,0.6868911015476639,0.6501544357084348,0.7850588099197084,471027417.16111755,0.4144319269137304,547.4500045776367,705.1068344116211,625.4451667785645,False,False,False,True,False,False,dry_up,0,0,normal,False,False,,False,45.0,,0.06298504014395478,36.3277631030924,True,False,False,False,False,True,False,,Confirmed Uptrend,861.88,-0.4237,0.28734543525891826,0.9597340907832117,1.0222328259830378,0.39688241438082694,0.9536685403176666,0.07465388711395102,,False,,,1,0.608,0.854
ULS,UL Solutions Inc.,Industrials,XLI,18471243776.0,2026-08-24,74.16000366210938,-0.011990326748702818,-0.03825699552447115,-0.17654890436944226,-0.20284422997900775,-0.2736662179106486,False,-0.20476207454657647,-0.23573529837020446,-0.15722771951650916,-0.26443612653873283,0.7280581505766537,0.5047210597397153,0.4945129779855167,0.4765644866791898,0.5047210597397153,78821406.54342651,0.1168393480392493,80.55050048828124,88.8209997812907,89.4583028793335,False,False,False,False,False,False,dry_up,0,0,normal,False,False,,False,40.0,,0.02953583884095288,27.382249501252275,True,False,False,False,False,True,False,,Confirmed Uptrend,99.05,-0.2513,0.32399320402010834,0.9597340907832117,0.1224802013953239,0.00605821716939392,0.6310577300917463,0.0725772097976571,,False,,,1,0.608,0.854
NXPI,NXP Semiconductors N.V.,Information Technology,XLK,57785942016.0,2026-08-24,222.44000244140625,-0.013832218261028428,-0.04417324993715388,-0.16897675763945574,-0.19551388517858925,-0.28896299722909513,False,-0.19744936552385983,-0.25183091276952374,-0.19551596098620327,-0.25023534487937815,0.6904917715978978,0.6875359620534957,0.7227142788133446,0.4886610770644603,0.6875359620534957,1015028071.5214081,0.7317482888629638,233.34700088500978,271.73817977905276,254.98188323974608,False,False,False,True,False,False,dry_up,0,1,normal,False,False,,False,45.0,,0.031260428018298946,34.4723509760707,True,False,False,False,False,True,False,,Confirmed Uptrend,312.21,-0.2875,0.3710785920307684,0.9094630889501736,0.0409730075032515,0.0791283987579563,0.6357132687521712,0.06900958466453674,,False,,,1,0.608,0.854
DRS,"Leonardo DRS, Inc.",Industrials,XLI,12284393472.0,2026-08-24,39.0099983215332,-0.041523400730378635,-0.1398015516187019,-0.19323263622601305,-0.21899519897463982,-0.24180854547145636,False,-0.2208741865843663,-0.20221394066697163,-0.17430291295343114,-0.23217361374272216,0.7943076661496459,0.9516321618217037,0.8708289383030315,0.38064132874957357,0.9516321618217037,36169334.216307834,0.04519660772206597,44.50539627075195,45.13580487569173,44.60219497680664,False,False,False,True,False,False,dry_up,0,1,normal,False,False,,False,116.0,,0.03805285138546359,27.075742412671673,False,False,False,False,False,True,False,,Confirmed Uptrend,47.13,-0.1722,0.3778794539971715,0.9597340907832117,0.003641804526623549,0.16313581315696268,0.6466631357742052,0.06847710330138444,,False,,,1,0.608,0.854
LII,"Lennox International, Inc.",Industrials,XLI,14373094400.0,2026-08-24,399.1000061035156,-0.009357830216606855,-0.04092470761413314,-0.270850417639501,-0.29413440595160123,-0.25421903361998555,False,-0.2958326192066387,-0.2152725347401151,-0.25374189238404765,-0.2447418116693253,0.6965703771715843,0.476321062656654,0.6127138217049033,0.46002455633428246,0.476321062656654,280859468.4838196,0.40766985521486576,429.07249755859374,500.9745402018229,496.76976725260414,False,False,False,False,False,False,dry_up,0,0,normal,False,False,,False,79.0,,0.030883773296989558,29.51498622857858,True,False,False,False,False,True,False,,Confirmed Uptrend,533.61,-0.2521,0.2616673978842065,0.9597340907832117,-0.18483903656823386,-0.0993118752978015,0.3067782884283542,0.06331203407880724,,False,,,1,0.608,0.854
RRX,Regal Rexnord Corporation,Industrials,XLI,13662072832.0,2026-08-24,162.72000122070312,-0.020643953065193732,-0.06761404287691641,-0.22833971172487488,-0.25298119759797066,-0.25636060089857915,False,-0.25477841967919646,-0.21752593987912183,-0.21023372929004125,-0.24691059351806277,0.6831521035847488,0.7444949531137084,0.8530129356879878,0.3777045327462284,0.7444949531137084,271468817.06517184,0.41068521834823124,182.27050094604493,203.86465428670246,201.64507776896158,False,False,False,False,False,False,dry_up,1,3,normal,False,False,,False,14.0,분산3일,0.05396650546860345,31.145434148965407,True,False,False,False,False,True,False,,Confirmed Uptrend,220.04,-0.2605,0.2882992126130672,0.9597340907832117,0.2697880408859328,-0.10123161819660154,0.6081832419287785,0.06219382321618744,,False,,,1,0.608,0.854
RBA,"RB Global, Inc.",Industrials,XLI,20444561408.0,2026-08-24,84.06999969482422,-0.03390021905358509,0.023870406404863154,-0.2774387555018033,-0.3005123579267095,-0.23642879472681333,False,-0.3021952267271151,-0.19655324623269932,-0.26048481683247104,-0.22672549829832866,0.7210738685605592,0.9925841970917909,1.1066710918221325,0.37396638902146206,0.9925841970917909,207165612.45654258,0.1115434320964687,95.54749946594238,105.1074993133545,103.37761306762695,False,False,False,False,False,False,dry_up,3,4,normal,False,False,,False,41.0,분산4일,0.05079524598577802,29.514678100842744,True,False,False,False,False,True,False,,Confirmed Uptrend,115.5,-0.2721,0.26594286211664037,0.9597340907832117,-0.17705278607656671,0.045346319677445734,0.4469492519633471,0.06203407880724175,,False,,,1,0.608,0.854
HUT,Hut 8 Corp.,Financials,XLF,12118504448.0,2026-08-24,79.55999755859375,-0.0160772080379058,-0.09631989173955136,-0.23931541883254726,-0.2636064166272094,-0.3406994109689272,False,-0.26537807592715623,-0.3062691280712102,-0.25682344757633857,-0.38391918021117544,0.6393442301325518,0.8980723296949911,1.1804320735046567,0.5403362338283004,0.8980723296949911,472721691.2035187,0.512437631545485,91.20200004577637,105.49358329772949,89.05445833206177,False,False,False,True,False,False,dry_up,2,3,normal,False,False,,False,40.0,분산3일,0.10533919134004786,40.11723318714436,True,False,False,False,False,True,False,,Confirmed Uptrend,123.02,-0.3533,0.281756967468884,0.9993134723312326,3.3783394617141553,0.8700178618313794,0.9897599562624934,0.061448349307774236,,False,,,1,0.608,0.854
APP,Applovin Corporation,Information Technology,XLK,132998455296.0,2026-08-24,298.5899963378906,-0.023481678823163432,-0.04291946335313224,-0.27654886150796154,-0.2996508809845302,-0.3986386316627837,False,-0.30133582237718914,-0.3672340760168721,-0.2996526880884778,-0.3658846203824204,0.52884292535487,0.619843169842334,0.6584334858483624,0.5172863825235019,0.619843169842334,2583670167.5516067,0.11473645662006579,348.8145004272461,445.9673344930013,452.11266810099283,False,False,False,False,False,False,dry_up,1,2,normal,False,False,,False,48.0,,0.06372760366245983,28.255291243883434,True,False,False,False,False,True,False,,Confirmed Uptrend,520.86,-0.4267,0.33794925349171523,0.9094630889501736,-0.20373157371527917,-0.053981040554099025,0.3284269874083819,0.05505857294994676,,False,,,1,0.608,0.854
