ticker,name,sector,sector_etf,market_cap,date,close,daily_return,return_5d,return_20d,rs_spy_20d,rs_spy_50d,rs_spy_near_high,rs_qqq_20d,rs_qqq_50d,rs_sector_20d,rs_sector_50d,close_to_50d_high,volume_ratio,volume_trend,updown_vol_ratio_20d,capped_volume_ratio,avg_dollar_volume_20d,close_position,ma20,ma60,ma120,above_ma20,above_ma60,ma60_rising,ma120_rising,ma_aligned,golden_cross_recent,vp_signal,accumulation_days_10d,distribution_days_10d,volume_strength,surge_today,sustained_accumulation,signal_type,triggered_today,days_since_trigger,warnings,atr_ratio,rsi_14,liquidity_ok,rs_positive,rs_sector_positive,near_50d_high,volume_quality,not_overheated,passed_hard_filters,grade,market_state,trigger_price,ext_from_trigger,base_stability,sector_etf_to_52w_high,mom_12_1,mom_6_1,score_3m,score,next_earnings_date,earnings_within_20d,verdict,verdict_reason,top_pick_rank,regime_trend,regime_breadth,regime_vix_ratio
NTRA,"Natera, Inc.",Health Care,XLV,46408658944.0,2026-09-23,390.7900085449219,0.05436540335667006,0.11406012288288547,0.19245089432836981,0.1827734983140319,0.3938155946863904,True,0.13513737592356612,0.37367364320856145,0.2294249794419807,0.36412717736575395,1.0,1.2257859943606706,1.6583360923850825,2.9745167132735415,1.2257859943606706,476425671.3747467,0.5888909781968724,340.42075500488284,303.271418762207,257.2702096303304,True,True,True,True,True,False,accumulation,5,1,normal,False,False,surge,False,2.0,,0.03214001710371252,79.67979377016373,True,True,True,True,True,True,True,A,Uptrend Under Pressure,369.39,0.0579,0.546902974226314,0.9645151837456468,0.5759901617393499,0.41663423846853376,0.9276327201763579,0.9820974576271188,2026-11-06,False,진입 검토,surge D+2,2,0,0.348,0.838
DT,"Dynatrace, Inc.",Information Technology,XLK,15843594240.0,2026-09-23,58.5099983215332,0.03741128969094332,0.06054015340656549,0.1928644083917741,0.18318365648297696,0.2771506369905179,True,0.13553101500008702,0.25869460431430924,0.09821285283889525,0.2163114869913263,1.0,1.1334159301726285,1.2576018355776737,2.9029792581838216,1.1334159301726285,364169304.19669724,0.5744667035961618,53.23549957275391,48.40283323923747,43.589749844868976,True,True,True,True,True,False,accumulation,6,1,normal,False,True,acc,True,0.0,,0.03222282985124338,70.91578931435629,True,True,True,True,True,True,True,A,Uptrend Under Pressure,58.51,0.0,0.3942511681228154,0.9878468725697951,-0.12382784910921596,0.09831572618520279,0.49591901268476024,0.9615466101694916,2026-11-04,False,진입 검토,acc D+0,3,0,0.348,0.838
SAIL,"SailPoint, Inc.",Information Technology,XLK,11661281280.0,2026-09-23,21.40999984741211,0.0018717363878282267,0.051571670215309284,0.19809730508835122,0.19217205733687548,0.3758208462894497,True,0.1476171333741605,0.36623360647282754,0.08721221131524692,0.41654611810237574,1.0,1.298223600832103,1.2181541133541895,1.5914198978612677,1.298223600832103,101810135.17916107,0.7082116892781498,19.419999885559083,17.580416695276895,15.595624987284342,True,True,True,True,True,False,accumulation,6,3,normal,False,True,acc,True,0.0,분산3일,0.061705146781849636,63.80283474982016,True,True,True,True,False,True,True,A,Uptrend Under Pressure,21.41,0.0,0.23534036248630255,0.9878468725697951,-0.32041419083635736,0.2557714292047648,0.42644555672003176,0.9590042372881357,,False,진입 검토,acc D+0,4,0,0.348,0.838
TWLO,Twilio Inc.,Information Technology,XLK,36186927104.0,2026-09-23,290.70001220703125,0.09261074522490387,0.20044601837985887,0.3059886652127435,0.2953898476315644,0.29646321414646737,True,0.2432181094136352,0.27772809649411867,0.2023609118593921,0.23470407809047766,1.0,2.098881139591562,1.5241019074497786,1.2562961165879862,2.098881139591562,481009458.02096254,0.5395340231138138,238.36800155639648,220.95833409627278,198.6982500712077,True,True,True,True,True,False,accumulation,3,2,attention,True,False,surge,True,0.0,,0.04429479907244803,75.26054963907822,True,True,True,True,False,True,True,A,Uptrend Under Pressure,290.7,0.0,0.42966418232294634,0.9878468725697951,0.8185707437486962,0.5134065765884377,0.9619177116837122,0.9478813559322035,2026-10-30,False,진입 검토,surge D+0,5,0,0.348,0.838
SMCI,"Super Micro Computer, Inc.",Information Technology,XLK,24115425280.0,2026-09-23,41.439998626708984,-0.0024073732935566694,0.12455903236499033,0.07748308926610026,0.07215434491051864,0.46390672720832704,True,0.03208483059855527,0.45370567167063536,0.08478289378612724,0.38873619710860297,0.9975926267064433,1.0867833587353475,1.2252547344597666,1.475057213571628,1.0867833587353475,1456910264.5199704,0.33684151351004066,38.54499969482422,33.26783316930135,32.6612498442332,True,True,True,True,True,False,distribution,3,3,normal,False,False,surge,False,4.0,분산3일,0.05750137531229317,59.96055754244287,True,True,True,True,False,True,True,A,Uptrend Under Pressure,40.35,0.027,0.4709064005177574,0.9878468725697951,-0.34998425484159235,0.3500703608825393,0.425317119005457,0.9442796610169492,2026-11-04,False,진입 검토,surge D+4,0,0,0.348,0.838
META,"Meta Platforms, Inc.",Communication Services,XLC,1458039816192.0,2026-09-23,744.0999755859375,0.010181917253030193,0.10600942844711492,0.30532407950191964,0.2988685365888626,0.09949274703272026,True,0.25032605605584757,0.09183106588370427,0.3238780009775215,0.11958397583811253,1.0,1.3619174257822837,1.3566698068019043,2.559013483717027,1.3619174257822837,14526912049.506805,0.18819036751199933,641.6266326904297,613.2970408121745,612.8196085611979,True,True,True,True,True,False,accumulation,4,3,normal,False,False,surge,False,2.0,분산3일,0.03695952913025916,76.97405789688415,True,True,True,True,False,True,True,A,Uptrend Under Pressure,741.25,0.0038,0.29435153704541756,0.9459199931884106,-0.36547368523279955,-0.1947011040190465,0.10728018503126016,0.9366525423728813,2026-10-29,False,대기,단기 이벤트성(3M 0.11) — 신호 재발생 또는 중기 추세 형성 대기,0,0,0.348,0.838
INTC,Intel Corporation,Information Technology,XLK,473159270400.0,2026-09-23,122.5999984741211,-0.010172792911525064,0.2132607102577262,0.401463120364683,0.39453211720872083,0.11127534037857978,True,0.34241441149383056,0.10353155366445832,0.2935126697957877,0.10204605774585729,0.9898272070884749,0.8195602473685841,1.3694670851307829,1.967946926422532,0.8195602473685841,10706888429.136646,0.6569641656198053,101.0395004272461,101.08816655476888,101.22799990971883,True,True,False,True,False,False,dry_up,4,3,normal,False,False,surge,False,2.0,분산3일,0.054585184826885416,70.25971337460517,True,True,True,True,False,True,True,B,Uptrend Under Pressure,121.78,0.0067,0.33867965472502976,0.9878468725697951,1.628287130993694,0.6900292607853749,0.9829939286617759,0.9359110169491525,2026-10-23,False,진입 검토,surge D+2 · 클러스터 대표(24종목 중),0,0,0.348,0.838
ARM,Arm Holdings plc,Information Technology,XLK,258359541760.0,2026-09-23,332.55999755859375,-0.001920812199850186,0.36306255997305237,0.37671800347624473,0.36990937848404326,0.15528679808534496,True,0.31871189585681914,0.14723632289441202,0.28223463642777435,0.03101635794452884,0.9980791878001498,1.4123165382602954,1.6446131323601327,3.1001196352095244,1.4123165382602954,1346606837.7882447,0.6441280176915044,262.5154998779297,271.66349970499675,268.96495780944826,True,True,False,True,False,False,distribution,5,2,normal,False,False,surge,False,1.0,과열,0.05496064224510542,71.06681661915931,True,True,True,True,False,False,True,B,Uptrend Under Pressure,333.2,-0.0019,0.29135702912640526,0.9878468725697951,0.4316494804663431,0.5097893775711226,0.9156544758049945,0.9342690677966102,2026-11-05,False,진입 검토,surge D+1 · 클러스터 대표(24종목 중),0,0,0.348,0.838
AMD,"Advanced Micro Devices, Inc.",Information Technology,XLK,768438632448.0,2026-09-23,614.6099853515625,-0.014684954218497137,0.1992389958079268,0.2826286463245864,0.2762853447660767,0.09522875970513822,True,0.22858686354365387,0.08759679163191625,0.23884364466976904,0.06608902815172879,0.9853150457815029,0.7741106232212042,1.4215770970979629,2.1861487311006367,0.7741106232212042,11061075892.385498,0.3927720500639772,512.989501953125,506.9691680908203,458.72000109354656,True,True,True,True,True,True,dry_up,6,1,normal,False,True,acc,True,0.0,,0.04228810588523869,71.00438492046516,True,True,True,True,True,True,True,A,Uptrend Under Pressure,614.61,0.0,0.407216255633128,0.9878468725697951,1.4761414602950467,0.897863940520651,0.9863756279137004,0.9232521186440678,2026-11-04,False,스킵,상관 클러스터 중복 — 대표: INTC·ARM,0,0,0.348,0.838
SMTC,Semtech Corporation,Information Technology,XLK,12408576000.0,2026-09-23,169.3300018310547,-0.04532893672811367,0.12205949057020815,0.40046312713924026,0.38909759724675963,0.24714307101979416,False,0.3331517857713828,0.22912067600702835,0.28933900226331155,0.18773338028274966,0.9152973071948902,0.962850710084053,1.2192461966900134,3.09776927656874,0.962850710084053,606212799.976413,0.4552165251464377,152.63100090026856,138.68033345540366,134.2220837275187,True,True,True,True,True,False,dry_up,3,1,normal,False,False,surge,False,2.0,,0.07118390570644925,58.054942608943094,True,True,True,True,True,True,True,A,Uptrend Under Pressure,185.0,-0.0847,0.3448103027515936,0.9878468725697951,0.7524760355989981,0.38441920692476694,0.9457672292291568,0.9213453389830508,2026-11-24,False,스킵,상관 클러스터 중복 — 대표: INTC·ARM,0,0,0.348,0.838
FRO,Frontline Plc,Energy,XLE,9746429952.0,2026-09-23,47.560001373291016,-0.04517165103324994,-0.01601345869887827,0.15241470098666676,0.143062220740112,0.33826626774971613,False,0.09702546735942641,0.3189270564995399,0.15919748722096405,0.24346286608540502,0.9249319927439144,1.3561397801821986,1.4688857859838058,2.6233248454395923,1.3561397801821986,170246361.75431195,0.6000005172462842,44.863915824890135,39.28434238433838,36.29240058263143,True,True,True,True,True,False,distribution,7,2,normal,False,True,acc,True,0.0,,0.038171116759877576,62.02597630521339,True,True,True,True,False,True,True,A,Uptrend Under Pressure,47.56,0.0,0.28524525534931583,0.9516263576747145,0.7414386604969945,0.15002141252296397,0.9006279137002638,0.919385593220339,,False,진입 검토,acc D+0,0,0,0.348,0.838
SNX,TD SYNNEX Corporation,Information Technology,XLK,20217571328.0,2026-09-23,287.8900146484375,0.02968639228606773,0.09680738570005976,0.18157201666398848,0.17198290873585198,0.11717954156019394,True,0.1247813766084791,0.10103524226844152,0.08781649123442303,0.06396087515043547,1.0,3.3644533650628956,2.079397206259337,2.634366407863808,3.3644533650628956,204149804.73538208,0.37417583574994556,261.34300231933594,254.91050338745117,247.1700804392497,True,True,False,True,True,False,accumulation,5,2,attention,True,False,surge,True,0.0,어닝스20일내,0.03286471232100039,70.45357629253667,True,True,True,True,False,True,True,B,Uptrend Under Pressure,287.89,0.0,0.2711199020383069,0.9878468725697951,0.44866358477077584,0.37155001217225836,0.9110178526254924,0.9185911016949153,2026-09-24,True,진입 검토,surge D+0 · 어닝스 2026-09-24 갭 주의,0,0,0.348,0.838
TMO,Thermo Fisher Scientific Inc,Health Care,XLV,228171055104.0,2026-09-23,665.2999877929688,0.009927709530623385,0.03727836822909847,0.05814803913612265,0.04956058478876102,0.2252192480448505,True,0.0072896034516969355,0.20751367297602363,0.09095782262314445,0.1991219504655275,1.0,1.105462935065185,1.55441512993411,1.4812253589537032,1.105462935065185,1324097449.8566437,0.6067493970279312,626.4872619628907,583.0050888061523,530.9266014099121,True,True,True,True,True,False,accumulation,7,1,normal,False,True,acc,True,0.0,어닝스20일내,0.022637511805212236,71.41893636206038,True,True,True,True,True,True,True,A,Uptrend Under Pressure,665.3,0.0,0.4186496771809656,0.9645151837456468,0.13105915673806878,0.12471125806855254,0.7214050811318709,0.9185911016949152,2026-10-21,True,진입 검토,acc D+0 · 어닝스 2026-10-21 갭 주의 — 발표 전 매집은 선취 거래 해석,1,0,0.348,0.838
COIN,"Coinbase Global, Inc.",Financials,XLF,49633001472.0,2026-09-23,198.1300048828125,-0.014621785121167297,0.20436454621958866,0.05861295686073986,0.05337753565105818,0.1983026711668614,True,0.014009765104744165,0.18995244510918852,0.1277965879885259,0.25924432968721667,0.9853782148788327,0.7027636574271311,1.1979723778195344,1.1452719042553545,0.7027636574271311,1871981252.9844055,0.28103897535344075,183.30600051879884,167.57333323160807,174.39591649373372,True,True,True,True,False,False,dry_up,3,2,normal,False,False,surge,False,3.0,,0.06356937823805467,58.86369355759335,True,True,True,True,False,True,True,A,Uptrend Under Pressure,194.25,0.02,0.2790406524503996,0.9346486837235032,-0.5316291737224881,-0.15401037556445696,0.09796266849770519,0.9055084745762713,2026-10-30,False,대기,단기 이벤트성(3M 0.10) — 신호 재발생 또는 중기 추세 형성 대기,0,0,0.348,0.838
MSTR,Strategy Inc,Information Technology,XLK,52814626816.0,2026-09-23,162.1999969482422,-0.030658010079937847,0.2854651811376554,0.2788771947216597,0.2725524461471862,0.6235991811826909,False,0.22499347416179138,0.6122853282504215,0.21772595999344846,0.632463257342786,0.9626112578530693,0.8040237468626424,1.226475650552232,1.0494956908772144,0.8040237468626424,3678853017.990706,0.047369385227458274,138.11000061035156,111.76283340454101,129.13358332316082,True,True,True,True,False,False,dry_up,2,0,normal,False,False,surge,False,2.0,,0.06297031498890607,66.24656919420906,True,True,True,True,False,True,True,A,Uptrend Under Pressure,168.5,-0.0374,0.24888745823562197,0.9878468725697951,-0.6837763024142198,-0.23196021281144785,0.040270499801235954,0.8926377118644068,2026-10-30,False,대기,단기 이벤트성(3M 0.04) — 신호 재발생 또는 중기 추세 형성 대기,0,0,0.348,0.838
MPC,Marathon Petroleum Corporation,Energy,XLE,104837505024.0,2026-09-23,388.3800048828125,-0.0347929813363298,-0.054668463770032205,0.07133404130210685,0.06263957528205255,0.2767708118962484,False,0.0198418384903134,0.25832026805130837,0.07763960975889295,0.18632377678043377,0.9140718574056533,1.3743950016003204,1.5799439850151031,3.5429373393727177,1.3743950016003204,1203980041.781427,0.43704430754237583,390.6915008544922,337.6510363260905,290.78704427083335,False,True,True,True,True,False,distribution,5,3,normal,False,False,surge,False,2.0,분산3일,0.0411802027123473,53.78153260239007,True,True,True,True,False,True,True,A,Uptrend Under Pressure,424.89,-0.0859,0.33490989729348014,0.9516263576747145,0.6999363551455424,0.3330268614069005,0.9372601279317697,0.8923728813559322,2026-11-03,False,진입 검토,surge D+2,0,0,0.348,0.838
VLO,Valero Energy Corporation,Energy,XLE,103342923776.0,2026-09-23,375.8399963378906,-0.044320678319482165,-0.05339515351293023,0.08624276398234287,0.077427305463452,0.24149260526956362,False,0.03403399384204131,0.22355186482243905,0.09263608095438092,0.1535446946354937,0.909407659330254,2.027282701562382,1.5491608582220318,2.082270275899256,2.027282701562382,1337863141.4776611,0.47222225901519915,377.0820007324219,329.8492197672526,286.94060173034666,False,True,True,True,True,False,distribution,6,4,attention,False,True,acc,True,0.0,분산4일,0.04333341743159838,53.055840875322616,True,True,True,True,False,True,True,A,Uptrend Under Pressure,375.84,0.0,0.2817652418336244,0.9516263576747145,0.8832478149406893,0.26540108319115086,0.94818311589751,0.8861758474576271,2026-10-22,False,진입 검토,acc D+0,0,0,0.348,0.838
QCOM,QUALCOMM Incorporated,Information Technology,XLK,182082945024.0,2026-09-23,197.24000549316406,-0.005194929929397962,0.06708509738663926,0.2351363780864384,0.2290279518209417,0.08761984221072061,True,0.1830956162956845,0.08004089595131991,0.15169175371038635,-0.0008427424208865553,0.994805070070602,0.6682330286064647,1.469072766807371,1.604123028438154,0.6682330286064647,2582677102.99677,0.628231699883103,177.49691848754884,171.0634666442871,178.80363051096597,True,True,False,True,False,False,dry_up,5,2,normal,False,False,acc,False,1.0,,0.04929201654294586,66.84743859666256,True,True,True,True,False,True,True,B,Uptrend Under Pressure,198.27,-0.0052,0.27865326627252596,0.9878468725697951,-0.17847859880505268,0.055258193103599584,0.4082649705467818,0.8823093220338983,2026-11-05,False,진입 검토,acc D+1,0,0,0.348,0.838
ASX,"ASE Technology Holding Co., Ltd",Information Technology,XLK,96205438976.0,2026-09-23,43.93000030517578,0.004573536817586321,0.18345909399909677,0.21219642026888352,0.20235877843230954,0.05417510959595018,True,0.15393386021399014,0.03894128383911144,0.11601090579891182,0.003957761884132216,1.0,0.8259813970115297,1.3190877711759474,2.5685291276901157,0.8259813970115297,262826532.4120308,0.4642849033383136,38.95850048065186,38.76526498794556,35.84139738082886,True,True,True,True,True,True,weak_rally,4,2,normal,False,False,surge,False,2.0,,0.03874671633476654,66.62289675765444,True,True,True,True,False,True,True,A,Uptrend Under Pressure,41.63,0.0552,0.4309646033907915,0.9878468725697951,1.7662587581007032,0.4521293545357694,0.977501716598605,0.8742584745762714,2026-10-29,False,스킵,상관 클러스터 중복 — 대표: INTC·ARM,0,0,0.348,0.838
ARW,"Arrow Electronics, Inc.",Information Technology,XLK,10406595584.0,2026-09-23,226.82000732421875,0.03523505707734098,0.06573323954707,0.12376145184084475,0.1146415084982415,0.09408926683303598,True,0.06974939737468122,0.07827864381448446,0.03459308640147318,0.04197054325457761,0.9939527184816903,0.7787685585383023,1.0090023190403574,1.792302313207834,0.7787685585383023,117870171.39731446,0.6573217706552413,213.0165008544922,210.80300064086913,204.96208356221516,True,True,False,True,True,False,weak_rally,2,2,normal,False,False,surge,False,2.0,,0.03621183923767679,61.150462317373474,True,True,True,True,False,True,True,B,Uptrend Under Pressure,219.31,0.0342,0.3370532222114246,0.9878468725697951,0.48912200098407177,0.2866538054984862,0.9087158035488417,0.8719809322033899,2026-10-29,False,진입 검토,surge D+2,0,0,0.348,0.838
RVTY,"Revvity, Inc.",Health Care,XLV,14357821440.0,2026-09-23,142.11000061035156,-0.010307094959849383,0.013695685394882418,0.15536585862074448,0.1459894281039842,0.24564206215189288,False,0.0998347816453371,0.22764135813462194,0.19119005548887968,0.21910975650523068,0.9685136287622723,1.1020101385117367,1.353836554000005,1.0839473506755222,1.1020101385117367,273672840.45224154,0.41260153146196,132.16100006103517,119.87314592997232,107.80667349497477,True,True,True,True,True,False,distribution,5,3,normal,False,False,surge,False,4.0,분산3일,0.035053327685918144,66.62239080762309,True,True,True,True,False,True,True,A,Uptrend Under Pressure,145.73,-0.0248,0.23913821054028747,0.9645151837456468,0.24004950220246024,0.22360433267513624,0.8271204510136967,0.868220338983051,2026-10-26,False,진입 검토,surge D+4,0,0,0.348,0.838
BE,Bloom Energy Corporation,Industrials,XLI,60760993792.0,2026-09-23,275.19000244140625,-0.0048457539645095915,0.019146780379553974,0.2655323352655987,0.2592735843343468,0.10433514320529724,False,0.21221088188885706,0.09663971840897512,0.41560778291329026,0.24640346780623656,0.9801609661971855,0.5064558531697142,1.5024510637449795,1.1008690323017605,0.5064558531697142,4116388110.1946564,0.3587427090424959,250.53000106811524,233.917333984375,245.70500068664552,True,True,False,True,False,False,dry_up,3,2,normal,False,False,acc,False,4.0,,0.06673182806585509,60.00856285521284,True,True,True,True,False,True,True,B,Uptrend Under Pressure,280.76,-0.0198,0.5471007437891308,0.9144666488821164,1.0486107421829058,0.19343973718614915,0.9354875140038308,0.8573622881355932,2026-10-28,False,스킵,acc D+4 관찰 종료 — 신호 재발생 전까지 관망,0,0,0.348,0.838
AVTR,"Avantor, Inc.",Health Care,XLV,9834257408.0,2026-09-23,14.760000228881836,-0.02251656582771544,-0.04404140997292594,0.0350631130417034,0.026663005588742017,0.3604166584404369,False,-0.014685777299698888,0.34075735312888833,0.06715710686701581,0.3314396419400494,0.9306431619415391,1.2727215014643682,1.3239998204340293,1.1491343576139292,1.2727215014643682,124909915.96789512,0.09523798711177515,14.946499967575074,13.126166661580404,10.843666656812031,False,True,True,True,True,False,distribution,4,5,normal,False,False,acc,False,3.0,분산5일,0.03304296849162379,52.12264085627761,True,True,True,True,False,True,True,A,Uptrend Under Pressure,15.86,-0.0694,0.5784171835546255,0.9645151837456468,-0.005563877809481421,0.6264184637481145,0.6806593545589246,0.8494703389830509,2026-10-28,False,스킵,acc D+3 관찰 종료 — 신호 재발생 전까지 관망,0,0,0.348,0.838
SANM,Sanmina Corporation,Information Technology,XLK,10543672320.0,2026-09-23,221.88999938964844,0.05929249103244749,0.15802932353657662,0.1967531147565269,0.18704080385301225,0.07020277562438149,False,0.13923281602151127,0.05473733495902966,0.10179299764047034,0.019221923945687225,1.0,1.4484764290016283,1.1979215415083686,3.4102329360780064,1.4484764290016283,122173257.99576187,0.7524667248736189,199.71049957275392,203.5269994099935,210.8658332824707,True,True,False,True,False,False,accumulation,4,0,normal,False,False,surge,False,2.0,,0.049323014339340054,61.541437401853855,True,True,True,True,True,True,True,B,Uptrend Under Pressure,199.56,0.1119,0.41731151086010637,0.9878468725697951,0.37259628663758093,0.22730482344432845,0.8802040041921144,0.841896186440678,2026-11-03,False,스킵,상관 클러스터 중복 — 대표: INTC·ARM,0,0,0.348,0.838
MTD,"Mettler-Toledo International, I",Health Care,XLV,28154171392.0,2026-09-23,1492.3399658203125,0.04327341723498668,0.1217227438623747,0.0668029296036976,0.05814523605159083,0.1177147001191241,True,0.015528508467406166,0.1015626672808625,0.09988107353920328,0.09390726060628607,1.0,1.1802375673428638,1.5786624264481977,0.838362437471578,1.1802375673428638,277698042.29303586,0.3305096884574066,1368.3704833984375,1361.2746683756511,1282.440581258138,True,True,True,True,True,False,accumulation,4,4,normal,False,False,surge,False,4.0,분산4일,0.027811551556712083,69.30879883267085,True,True,True,True,False,True,True,A,Uptrend Under Pressure,1378.69,0.0824,0.2430846860727229,0.9645151837456468,-0.052285296606629394,-0.038693244292093976,0.4465171117776734,0.8396186440677965,2026-11-06,False,진입 검토,surge D+4,0,0,0.348,0.838
HOOD,"Robinhood Markets, Inc.",Financials,XLF,94232813568.0,2026-09-23,122.69999694824219,-0.01247487365599853,0.17506223999085813,0.09465608847348128,0.08924241422572177,0.056401154671481546,True,0.048534269252753726,0.04903975202977384,0.16619524973721123,0.11012617755389686,0.9838036862356475,0.8264854944992871,1.0841050889569137,0.9276931846627027,0.8264854944992871,2637629107.6281214,0.09438151391034356,113.61499977111816,105.16249987284343,94.4181250890096,True,True,True,True,True,False,dry_up,2,2,normal,False,False,surge,False,3.0,,0.058709418197761265,61.15013805681188,True,True,True,True,False,True,True,A,Uptrend Under Pressure,119.82,0.024,0.3249188290074158,0.9346486837235032,-0.2812755644527175,0.2800141484328811,0.4494488815004879,0.8377118644067797,2026-11-05,False,스킵,상관 클러스터 중복 — 대표: COIN·MSTR,0,0,0.348,0.838
ETN,"Eaton Corporation, PLC",Industrials,XLI,156090187776.0,2026-09-23,438.760009765625,0.0076476520815214055,0.11814479253373911,0.07362907810511876,0.06491598659690734,0.06267484592580419,False,0.022026567493922622,0.0473181909529754,0.12677527162086344,0.15463622883843042,0.953909074521053,0.8550062431147746,1.244684931318082,1.4858547725245317,0.8550062431147746,857673520.3035339,0.36038032510863777,410.1259994506836,414.9830362955729,408.15961303710935,True,True,True,True,False,False,weak_rally,3,3,normal,False,False,surge,False,2.0,분산3일,0.03430773194896999,59.401285988728944,True,True,True,True,False,True,True,A,Uptrend Under Pressure,424.77,0.0329,0.3406433855819175,0.9144666488821164,-0.027021262837663595,9.398890138845317e-06,0.5000370423909508,0.8373940677966102,2026-11-03,False,스킵,상관 클러스터 중복 — 대표: INTC·ARM,0,0,0.348,0.838
CRBG,Corebridge Financial Inc.,Financials,XLF,14505311232.0,2026-09-23,33.88999938964844,-0.02614942147593491,-0.02530920496202471,0.0680122921566122,0.059344783961063685,0.07795321546748224,False,0.016679744666217466,0.06237577362791025,0.1360540742474221,0.1345704707825821,0.9716169252250458,0.9128873351076431,1.3644274992935483,1.359571935325374,0.9128873351076431,129535452.7184887,0.2926826242564462,33.64734926223755,32.23002157211304,29.41393674214681,True,True,True,True,True,False,dry_up,6,1,normal,False,True,acc,True,0.0,,0.025208941427093144,53.37274639613864,True,True,True,True,True,True,True,A,Uptrend Under Pressure,33.89,0.0,0.42467693587492444,0.9346486837235032,-0.1384236536625677,0.1602358513489046,0.5116909399732572,0.8359110169491526,2026-11-03,False,진입 검토,acc D+0,0,0,0.348,0.838
LITE,Lumentum Holdings Inc.,Information Technology,XLK,82053971968.0,2026-09-23,937.0,-0.009168085132062354,0.01914289223252319,0.058081560830422374,0.05284876766532465,0.12325246648615695,False,0.01350075871068146,0.11542521862909894,0.03912550870196885,0.13069569506518897,0.9474408163003332,0.7351923334710303,1.1922249211096396,1.5121616374548121,0.7351923334710303,4080821569.060449,0.3511990950615775,912.9200042724609,837.272417195638,866.0042088826498,True,True,True,True,False,False,dry_up,3,2,normal,False,False,surge,False,3.0,,0.06674913190308641,54.0689274286427,True,True,True,True,False,True,True,A,Uptrend Under Pressure,930.91,0.0065,0.4285123501543279,0.9878468725697951,3.366098364829555,-0.11667282911370813,0.7198989917241877,0.8307203389830509,2026-11-06,False,스킵,상관 클러스터 중복 — 대표: INTC·ARM,0,0,0.348,0.838
TEM,"Tempus AI, Inc.",Health Care,XLV,11376410624.0,2026-09-23,76.58999633789062,-0.00777310641972162,0.09461190512640338,0.11436043353785319,0.10884931050543245,0.27510156253084395,False,0.06740839900978735,0.2662161727626178,0.19336268912580712,0.30444652954603524,0.9530860596835871,0.7990680268855941,1.2888003296733408,0.7693945338577008,0.7990680268855941,463227301.275354,0.22727160132969368,67.70550022125244,58.406500053405765,54.23212490081787,True,True,True,True,True,False,dry_up,1,1,normal,False,False,surge,False,4.0,,0.05621773128694271,65.32623847841404,True,True,True,True,False,True,True,A,Uptrend Under Pressure,80.36,-0.0469,0.38955791393288425,0.9645151837456468,-0.33247717508300434,0.15637286752617796,0.393362184236204,0.8306673728813558,2026-11-04,False,진입 검토,surge D+4,0,0,0.348,0.838
BIIB,Biogen Inc.,Health Care,XLV,32010903552.0,2026-09-23,227.52999877929688,0.038617753102813124,0.052551236094628084,0.043141407815701305,0.03467574054973621,0.059447789027873954,True,-0.006995754695574674,0.04413776807442504,0.07548588370276343,0.03688144078927369,1.0,1.7305901055877966,1.5057614164123103,1.1835968084568307,1.7305901055877966,188643695.25157318,0.7776114201338097,218.45199890136718,210.78033294677735,200.61841672261556,True,True,True,True,True,False,accumulation,5,2,interest,True,False,surge,True,0.0,,0.027202062635810466,63.24680294703376,True,True,True,True,False,True,True,A,Uptrend Under Pressure,227.53,0.0,0.46523174418258934,0.9645151837456468,0.30774466032032266,0.007761385240952601,0.7266515485526364,0.824364406779661,2026-10-28,False,진입 검토,surge D+0,0,0,0.348,0.838
ILMN,"Illumina, Inc.",Health Care,XLV,32258129920.0,2026-09-23,255.3800048828125,0.06934091387122399,0.14885965448784755,0.14407312734629008,0.13478834356579905,0.3078818788746789,True,0.08908482002690588,0.28898175073473475,0.17954717276643462,0.2800238586500836,1.0,0.6236106085397336,2.449773746848799,0.49235007910030243,0.6236106085397336,848806588.1927826,0.9138956982773818,221.46050033569335,203.24066594441732,174.28966598510743,True,True,True,True,True,False,weak_rally,5,1,normal,False,False,surge+acc,False,3.0,,0.04354854781426296,71.30804341059891,True,True,True,True,True,True,True,A,Uptrend Under Pressure,245.18,0.0416,0.26306215429350494,0.9645151837456468,0.8355803118550369,0.5130623735189048,0.9640526182646092,0.8171080508474575,2026-10-30,False,진입 검토,surge+acc D+3,0,0,0.348,0.838
DOCN,"DigitalOcean Holdings, Inc.",Information Technology,XLK,13014881280.0,2026-09-23,141.2100067138672,-0.03386697334576916,0.19821814630634682,0.26600327734271634,0.2557289632149251,0.11450358858691723,False,0.20515456442578617,0.09839795934244422,0.16554828959009726,0.06141239555392142,0.9661330266542308,0.7778725981645002,1.5533623655041755,0.8969407567476426,0.7778725981645002,345757498.6739372,0.3531619908573356,121.62350044250488,125.35633303324381,129.99624945322674,True,True,False,True,False,False,dry_up,3,3,normal,False,False,surge,False,1.0,분산3일,0.07181289308105714,60.40602882719238,True,True,True,True,False,True,True,B,Uptrend Under Pressure,146.16,-0.0339,0.3461911509150252,0.9878468725697951,1.7183272218663914,0.14766317293061215,0.9277095153771096,0.8128177966101695,2026-11-04,False,스킵,상관 클러스터 중복 — 대표: INTC·ARM,0,0,0.348,0.838
WAT,Waters Corporation,Health Care,XLV,40710803456.0,2026-09-23,420.57000732421875,-0.00790244856907818,0.008343549394334904,0.023907504136868596,0.015597930596596532,0.09678853135373489,False,-0.025305207147328757,0.08093890141403182,0.05565559823993382,0.073426821414879,0.978707079329582,1.1810712601609812,1.258089594993351,1.4305059569190244,1.1810712601609812,261274796.363208,0.057000732421875,413.9725051879883,396.16883595784503,368.13150177001955,True,True,True,True,True,False,distribution,6,2,normal,False,True,acc,True,0.0,,0.02501366091244591,57.32902359583818,True,True,True,True,False,True,True,A,Uptrend Under Pressure,420.57,0.0,0.45870248756403614,0.9645151837456468,0.17344961562102368,0.161707733302356,0.7709605724404611,0.8038135593220339,2026-10-30,False,진입 검토,acc D+0,0,0,0.348,0.838
DHR,Danaher Corporation,Health Care,XLV,150129704960.0,2026-09-23,221.55999755859375,0.026501118039997662,0.05827281673994689,0.029984644739626365,0.02162575185502935,0.07736673959151363,True,-0.01952015598107648,0.0617977728821395,0.061921171519427,0.0544187158398044,1.0,0.8754830560546072,1.4899417668705324,0.9371298752504513,0.8754830560546072,759962359.3286835,0.48592574508101855,210.27999954223634,202.97683283487956,191.9197821299235,True,True,True,True,True,False,weak_rally,4,3,normal,False,False,surge,False,3.0,"분산3일,어닝스20일내",0.025747622821683185,66.31160604369863,True,True,True,True,False,True,True,A,Uptrend Under Pressure,212.5,0.0426,0.5647840252765048,0.9645151837456468,-0.019499194539012943,-0.012530810301841222,0.4943532940623757,0.8033898305084746,2026-10-21,True,진입 검토,surge D+3 · 어닝스 2026-10-21 갭 주의,0,0,0.348,0.838
UNM,Unum Group,Financials,XLF,14757359616.0,2026-09-23,94.45999908447266,0.009619512071013636,-0.014810160717799725,0.05553694646712315,0.04697068257540882,0.0343219210481549,False,0.004804009374256513,0.019374992612550823,0.12278393924778563,0.08864753318206509,0.9781505579681113,0.9163628820150971,1.5734257162936107,1.3955317389333366,0.9163628820150971,184295511.28354684,0.6497758938662458,93.85750007629395,90.50301373799643,86.27130889892578,True,True,True,True,True,False,weak_rally,5,2,normal,False,False,acc,False,3.0,,0.02455688456056276,54.76707885056135,True,True,True,True,False,True,True,A,Uptrend Under Pressure,95.62,-0.0121,0.43451338240249004,0.9346486837235032,0.01396475037345124,0.035059645550357565,0.5635999783166492,0.802436440677966,2026-11-04,False,스킵,acc D+3 관찰 종료 — 신호 재발생 전까지 관망,0,0,0.348,0.838
UMC,United Microelectronics Corpora,Information Technology,XLK,49857220608.0,2026-09-23,24.68000030517578,-0.042297250028162425,0.09542829795849372,0.25918366453241504,0.2529563112571185,0.011178229442786236,False,0.2061297036100902,0.0041319572416052,0.19273960302626092,-0.02485462257017168,0.9577027499718376,0.8976370005712986,1.2950370933966298,2.5755937763484518,0.8976370005712986,269059254.44819796,0.27461126582954004,21.95550012588501,21.193203481038413,18.978633777300516,True,True,False,True,True,False,dry_up,3,1,normal,False,False,surge,False,3.0,,0.04015684795781876,64.89535951801895,True,True,True,True,True,True,True,B,Uptrend Under Pressure,24.61,0.0028,0.43758141280497537,0.9878468725697951,1.313018222394553,0.827865005095324,0.9812746196378881,0.7985169491525425,2026-10-28,False,스킵,상관 클러스터 중복 — 대표: INTC·ARM,0,0,0.348,0.838
EQH,"Equitable Holdings, Inc.",Financials,XLF,13673749504.0,2026-09-23,52.27000045776367,-0.029701104619366925,-0.03149899433923531,0.06608202649670258,0.057430183470506435,0.07106803055205191,False,0.014842254580507142,0.05559008613596328,0.13400083367760396,0.12732365581989602,0.9672464761699311,0.8896028730714464,1.5241196949497775,0.9865615870111382,0.8896028730714464,165356051.13173828,0.18556709139531224,52.118000221252444,49.74228432973226,45.50465440750122,True,True,True,True,True,False,dry_up,6,2,normal,False,True,acc,True,0.0,,0.02562245461175981,52.067763836710625,True,True,True,True,False,True,True,A,Uptrend Under Pressure,52.27,0.0,0.41811866320209395,0.9346486837235032,-0.20403387781230642,0.11127870110854676,0.43338332550323444,0.7985169491525423,2026-11-04,False,진입 검토,acc D+0,0,0,0.348,0.838
ALAB,"Astera Labs, Inc.",Information Technology,XLK,51521609728.0,2026-09-23,360.4599914550781,-0.008254003385599007,0.3391039500073125,0.27528745529387955,0.2689804599481149,-0.026801750805936497,True,0.22155498343639457,-0.033583364145568395,0.19575601932027387,-0.07712957735807169,0.991745996614401,0.836667679943319,1.3254716275336758,1.5749569439082811,0.836667679943319,1182092978.0366836,0.550680627109611,296.6734992980957,321.33424886067706,292.8622491836548,True,True,False,True,False,False,dry_up,5,1,normal,False,False,surge,False,2.0,,0.06601866530893222,63.60357869242357,True,True,True,True,True,True,True,B,Uptrend Under Pressure,340.74,0.0579,0.327019982806157,0.9878468725697951,0.013114810952431277,0.9450411674303327,0.7032145567561707,0.7927966101694917,2026-11-04,False,스킵,상관 클러스터 중복 — 대표: INTC·ARM,0,0,0.348,0.838
TSM,Taiwan Semiconductor Manufactur,Information Technology,XLK,2154046423040.0,2026-09-23,446.57000732421875,-0.012013258132259397,0.06906541707173997,0.07272949328998202,0.06742425807155428,0.04037397078331262,True,0.027531520809640053,0.03312425161837118,0.005165505350694044,-0.015478288369381477,0.9879867418677406,1.0125404491703933,1.1302572237929402,1.7362108619592527,1.0125404491703933,4291801961.6259675,0.46168355619363266,426.5579574584961,421.09874420166017,412.469216410319,True,True,False,True,True,False,distribution,6,2,normal,False,True,acc,True,0.0,어닝스20일내,0.02366208295612811,60.955470013602394,True,True,True,True,False,True,True,B,Uptrend Under Pressure,446.57,0.0,0.42355289993974893,0.9878468725697951,0.31338633825791007,0.021973754315051774,0.7406589931697445,0.7896716101694916,2026-10-15,True,스킵,상관 클러스터 중복 — 대표: INTC·ARM,0,0,0.348,0.838
WST,"West Pharmaceutical Services, I",Health Care,XLV,24005873664.0,2026-09-23,375.8699951171875,0.03894631097747947,0.02978080854023979,0.06382312726569173,0.055189616451345014,0.01772467983845427,True,0.01269192624601434,0.003017597210563716,0.09680887706925367,-0.003952961829311152,1.0,1.5217015143349586,1.3682128259800812,1.006459750863603,1.5217015143349586,202946634.29673463,0.9758266163475128,350.04950256347655,351.06969858805337,327.41612904866537,True,True,True,True,False,False,accumulation,5,3,interest,True,False,surge,True,0.0,분산3일,0.02289735277007319,69.64512653822123,True,True,True,True,False,True,True,A,Uptrend Under Pressure,375.87,0.0,0.3332130798547598,0.9645151837456468,0.19470265887755556,0.25040994893019186,0.81045679592353,0.783209745762712,2026-10-22,False,진입 검토,surge D+0,0,0,0.348,0.838
SNDK,Sandisk Corporation,Information Technology,XLK,229394644992.0,2026-09-23,1816.5699462890625,-0.03734424883133258,0.1951354180035103,0.2267738557160366,0.22070678670646693,0.00940753080834611,False,0.17508543723114678,0.0023735975047016744,0.12008983236843362,0.00590428549832045,0.9626557511686674,0.7125230162638125,1.064593868159423,1.3434570120027778,0.7125230162638125,17751007674.998962,0.13089712766049688,1636.433740234375,1561.3140767415364,1493.4787038167317,True,True,False,True,True,False,dry_up,2,0,normal,False,False,surge,False,3.0,,0.05858540763036265,60.056572649502314,True,True,True,True,False,True,True,B,Uptrend Under Pressure,1791.82,0.0138,0.5670203830804228,0.9878468725697951,11.567283609285584,0.8137785865278051,0.9936440677966102,0.7821504237288136,2026-11-07,False,스킵,상관 클러스터 중복 — 대표: INTC·ARM,0,0,0.348,0.838
TER,"Teradyne, Inc.",Information Technology,XLK,54692683776.0,2026-09-23,389.1400146484375,0.019919290069997597,0.1691152396356448,0.06642921665498736,0.05777455598936454,0.11035274528146033,False,0.01517275751953484,0.09430709964225703,-0.018189943354589455,0.05745928442755899,0.8781423518188928,0.7846058918967245,1.1591093514966195,1.8435666259168704,0.7846058918967245,917342408.0606079,0.5316651784911698,359.1284698486328,369.38648885091146,371.6571901957194,True,True,False,True,False,False,weak_rally,6,1,normal,False,True,acc,True,0.0,,0.050045800377562,56.69560842885723,True,True,False,False,True,True,True,B,Uptrend Under Pressure,389.14,0.0,0.3792193541223848,0.9878468725697951,1.699240756178924,0.05583950371022661,0.8677478226301905,0.7768008474576271,2026-10-22,False,스킵,상관 클러스터 중복 — 대표: INTC·ARM,0,0,0.348,0.838
STX,Seagate Technology Holdings PLC,Information Technology,XLK,187747778560.0,2026-09-23,923.8599853515625,0.05303587858085779,0.1970044289059958,0.16259983259016875,0.15316469438893066,0.044778108227872426,False,0.10672106456751718,0.029680078014084676,0.07034971441576943,-0.004991598023951105,0.9286985250731672,0.8752433696423746,1.255778456734632,1.2201916907815644,0.8752433696423746,3085645838.1684813,0.9271401860448861,837.6449981689453,851.378998819987,803.4464057922363,True,True,False,True,False,False,weak_rally,3,3,normal,False,False,surge,False,2.0,분산3일,0.053467731887153466,60.05128784373314,True,True,True,True,False,True,True,B,Uptrend Under Pressure,858.79,0.0758,0.48228058179029865,0.9878468725697951,2.330156789044098,0.8004800993501562,0.9887427270427523,0.7727224576271187,2026-10-28,False,스킵,상관 클러스터 중복 — 대표: INTC·ARM,0,0,0.348,0.838
NTAP,"NetApp, Inc.",Information Technology,XLK,36360245248.0,2026-09-23,196.3300018310547,-0.009184921127882939,0.033696674575239616,0.050679659583488856,0.042152815251063736,0.16567575508743593,False,0.00018018132949459975,0.1488306397168222,-0.032689802584825345,0.11014689258669064,0.9480876960356107,0.6563322962211728,0.9580408946606587,1.4495015482995848,0.6563322962211728,478487412.3779961,0.7119114510097865,189.73850021362304,181.5703908284505,155.5385243097941,True,True,True,True,True,False,dry_up,2,0,normal,False,False,surge,False,2.0,,0.046461491723568976,56.62754270191798,True,True,False,True,False,True,True,A,Uptrend Under Pressure,197.79,-0.0074,0.3069115202006912,0.9878468725697951,0.3436908611084042,0.633592568617755,0.90090979726067,0.7661546610169492,2026-12-02,False,스킵,점수 후순위 (후보 내 하위 34%) — 우선순위 미달,0,0,0.348,0.838
AUR,"Aurora Innovation, Inc.",Consumer Discretionary,XLY,11283394560.0,2026-09-23,6.320000171661377,-0.021671805829548307,-0.006289302046118661,0.09532065728820815,0.08990369638346474,0.007036962525803769,False,0.049170837380273724,1.9548238197941714e-05,0.18490268466744886,0.09310664394676982,0.8741355677715856,1.685757508841623,1.2658674130291185,0.861303838981567,1.685757508841623,199577988.6763143,0.7760002136230468,6.200000047683716,6.34991668065389,6.243708348274231,True,False,True,True,False,False,distribution,2,3,interest,False,False,surge,False,2.0,분산3일,0.05351493484872983,49.94688334844986,True,True,True,False,False,True,True,B,Uptrend Under Pressure,6.51,-0.0292,0.45956577233150364,0.8941366305950827,-0.17575264935748558,0.15059730488680456,0.47290394275595393,0.7514300847457628,2026-10-29,False,스킵,점수 후순위 (후보 내 하위 33%) — 우선순위 미달,0,0,0.348,0.838
ECHO,EchoStar Corporation,Communication Services,XLC,25110018048.0,2026-09-23,92.72000122070312,-0.027684557180695513,0.006731843179739405,0.0867323201165906,0.0779128885799385,-0.028579598748300628,False,0.034500020131459586,-0.04261754082699243,0.08085296864177316,-0.013788791691779378,0.9601325620142107,1.0877364328405694,1.4817402991337705,1.5911584838251602,1.0877364328405694,279709434.71509856,0.13026968880262382,90.45,91.27316665649414,107.10299994150797,True,True,False,False,False,False,distribution,4,2,normal,False,False,surge,False,1.0,,0.0319703059229181,53.354538950757046,True,True,True,True,False,True,True,B,Uptrend Under Pressure,95.36,-0.0277,0.5059960938145549,0.9459199931884106,0.029745933616673437,-0.32313651891435735,0.33743449821112353,0.7377648305084746,2026-11-05,False,스킵,점수 후순위 (후보 내 하위 31%) — 우선순위 미달,0,0,0.348,0.838
BRK-A,Berkshire Hathaway Inc.,Financials,XLF,1079845453824.0,2026-09-23,765020.0,0.0170703820893936,-0.011378541659936015,0.012425376936626487,0.004208987184913138,-0.00033731898214706124,False,-0.03623546163587488,-0.014783388671723463,0.07692578333328459,0.0521678885055632,0.9637258051309184,1.1743612729717616,1.489914836396235,1.1247619047619049,1.1743612729717616,170149267.0,1.0,761531.95,756524.5333333333,738438.6833333333,True,True,True,True,True,False,accumulation,7,3,normal,False,True,acc,True,0.0,분산3일,0.012701535347348528,52.41832383678435,True,True,True,True,False,True,True,A,Uptrend Under Pressure,765020.0,0.0,0.3750058847922498,0.9346486837235032,-0.1367567859634512,-0.11843515538267135,0.295181778757544,0.7305084745762713,2026-11-08,False,스킵,점수 후순위 (후보 내 하위 30%) — 우선순위 미달,0,0,0.348,0.838
ISRG,"Intuitive Surgical, Inc.",Health Care,XLV,135020658688.0,2026-09-23,398.29998779296875,-0.008340610368287482,0.05605043993423631,0.06619905234331891,0.057546259587899495,-0.047779837772888856,False,0.014953655740148175,-0.061540318267515826,0.09925847197803428,-0.06806222639380488,0.9899833497034827,0.7061788413132685,1.1869575339380392,1.6775643006411824,0.7061788413132685,890362161.010788,0.26817593225764214,374.1834991455078,379.8871653238932,408.97074864705405,True,True,False,False,False,False,dry_up,7,0,normal,False,True,acc,True,0.0,어닝스20일내,0.030284069941943593,62.295141371098374,True,True,True,True,True,True,True,B,Uptrend Under Pressure,398.3,0.0,0.6554102879612372,0.9645151837456468,-0.2577458946307982,-0.32350751985945114,0.10481460735065593,0.708103813559322,2026-10-21,True,스킵,점수 후순위 (후보 내 하위 28%) — 우선순위 미달,0,0,0.348,0.838
PFG,Principal Financial Group Inc,Financials,XLF,23585767424.0,2026-09-23,113.91999816894531,-0.02189407594257442,-0.03759402276236923,0.025884625542391904,0.01755900657257592,-0.016616914447204034,False,-0.02342311337321812,-0.030827728610019145,0.09124250452383675,0.03503324107753958,0.9612690584377104,0.8190986675560564,1.234108329578531,0.8723080686375415,0.8190986675560564,167399289.69429168,0.5919389802366073,114.18136253356934,112.32938957214355,106.17395184834798,False,True,True,True,True,False,dry_up,3,3,normal,False,False,surge,False,2.0,분산3일,0.027737261476436435,49.21857524845175,True,True,True,True,False,True,True,A,Uptrend Under Pressure,117.67,-0.0319,0.26424647663269946,0.9346486837235032,0.19623116601254997,0.10111558487106187,0.7539011961981859,0.6958156779661018,2026-10-27,False,스킵,점수 후순위 (후보 내 하위 27%) — 우선순위 미달,0,0,0.348,0.838
GFL,GFL Environmental Inc. Subordin,Industrials,XLI,15262052352.0,2026-09-23,41.900001525878906,-0.02011218029494677,-0.006638188176175008,0.009638590985033835,0.0014448175367582916,0.041407904772294835,False,-0.03888830453900616,0.02635857718081347,0.059617162757845676,0.13152889659417855,0.9581523431165387,0.9998225514434039,1.2962710453321022,0.6767391066047536,0.9998225514434039,119331087.4480915,0.4771798419034896,42.25599994659424,40.845496304829915,39.3309739112854,False,True,True,True,True,False,dry_up,2,3,normal,False,False,surge,False,3.0,분산3일,0.03291339019560149,49.75331781527717,True,True,True,True,False,True,True,A,Uptrend Under Pressure,43.23,-0.0308,0.241260604365223,0.9144666488821164,-0.23966811168898638,-0.13356571323801403,0.2040403310324889,0.6911546610169492,2026-11-05,False,스킵,점수 후순위 (후보 내 하위 25%) — 우선순위 미달,0,0,0.348,0.838
IONQ,"IonQ, Inc.",Information Technology,XLK,15925882880.0,2026-09-23,42.540000915527344,0.0441826009548727,0.15472314710452162,0.01165283441990983,0.006649656750647992,0.05755815820829069,False,-0.03097175757255677,0.05018869312850738,-0.04616341337774699,0.014199572621509171,0.908198137851138,3.3018046588990884,1.372118603480215,1.5534302575583718,3.3018046588990884,865812047.8422016,0.2071478067867433,39.090500068664554,40.40516659418742,45.71116666793823,True,True,False,True,False,False,accumulation,2,1,attention,True,False,surge,True,0.0,,0.06000233765176321,57.1852329282289,True,True,False,True,False,True,True,B,Uptrend Under Pressure,42.54,0.0,0.41769184548347,0.9878468725697951,-0.5055811890427793,0.07150624803760319,0.3053982508763688,0.6876059322033898,2026-11-05,False,스킵,점수 후순위 (후보 내 하위 24%) — 우선순위 미달,0,0,0.348,0.838
VRSN,"VeriSign, Inc.",Information Technology,XLK,26060511232.0,2026-09-23,293.2799987792969,-0.04834834918099251,-0.01338898895100682,0.008562846594470708,0.0003778034046293399,0.059114336195535966,False,-0.039912344749363116,0.04380913395038277,-0.07146472538389737,0.008661700382793347,0.9516516508190075,0.8437391760372294,1.2806964940542864,2.0348369552727186,0.8437391760372294,215817077.1313919,0.1498090053237886,293.8544982910156,281.96390965779625,279.7288832346598,False,True,True,True,True,False,dry_up,5,0,normal,False,False,surge,False,1.0,,0.026749178510395943,51.03911045194494,True,True,False,True,True,True,True,A,Uptrend Under Pressure,308.18,-0.0483,0.4143012253140144,0.9878468725697951,-0.13112457799457933,0.004154811323846541,0.4111081999204944,0.6751059322033899,2026-10-23,False,스킵,점수 후순위 (후보 내 하위 22%) — 우선순위 미달,0,0,0.348,0.838
ADI,"Analog Devices, Inc.",Information Technology,XLK,175480553472.0,2026-09-23,385.2300109863281,0.005822482993023792,0.06608552505730869,0.04104241001752085,0.03259377727517676,-0.025701020249193296,False,-0.008993867040517856,-0.039780560505345175,-0.04156235445652656,-0.07211333846468282,0.9838414439298736,0.9216313136134839,1.2007107487653692,3.1373183955246087,0.9216313136134839,1275600957.847194,0.5632922569216421,366.32945709228517,374.8143885294596,384.36144205729164,True,True,False,True,False,False,weak_rally,2,1,normal,False,False,surge,False,2.0,,0.028385626942120108,60.38759813498211,True,True,False,True,False,True,True,B,Uptrend Under Pressure,375.72,0.0253,0.3022012746778577,0.9878468725697951,0.3196489004492471,0.02302989887398943,0.74363322612121,0.635063559322034,2026-11-24,False,스킵,상관 클러스터 중복 — 대표: INTC·ARM,0,0,0.348,0.838
COHR,Coherent Corp.,Information Technology,XLK,54408069120.0,2026-09-23,300.6000061035156,-0.031540990634027044,0.03680203392984693,0.04324283619642588,0.038083428656517926,-0.05520254124180468,False,-0.0007127567985115713,-0.06178624713612879,0.0045662953637448656,-0.09353419449308964,0.7928678876166233,0.9060276721852345,1.1934967052878263,1.3722461348617458,0.9060276721852345,1838400733.9970536,0.15412234868310165,290.5540023803711,302.6916681925456,328.7489181518555,True,False,False,True,False,False,dry_up,5,2,normal,False,False,acc,False,2.0,,0.06862716745757064,50.79983619577142,True,True,True,False,False,True,True,B,Uptrend Under Pressure,321.52,-0.0651,0.47261327993818475,0.9878468725697951,1.0824169317277703,-0.13675540058320168,0.6840166600411983,0.6276483050847458,2026-11-05,False,스킵,상관 클러스터 중복 — 대표: INTC·ARM,0,0,0.348,0.838
BAP,Credicorp Ltd.,Financials,XLF,29097650176.0,2026-09-23,385.3800048828125,-0.011770126736730502,0.033467447547860685,0.014852306297676199,0.00661622067702794,-0.03629626819323306,False,-0.03392517930931793,-0.050222697111846126,0.07950732945291183,0.014320270121146006,0.9580133129685562,0.6735151862311736,1.0448446273569316,0.6083441885946045,0.6735151862311736,130631952.26018067,0.0,378.6969985961914,384.1894994099935,358.2897521972656,True,True,True,True,False,False,dry_up,3,3,normal,False,False,surge,False,4.0,분산3일,0.023290578527370476,54.52513457943806,True,True,True,True,False,True,True,A,Uptrend Under Pressure,381.14,0.0111,0.3992182994855325,0.9346486837235032,0.29917988529450956,0.02725337033362618,0.7399786780383795,0.6091101694915254,2026-11-10,False,스킵,점수 후순위 (후보 내 하위 18%) — 우선순위 미달,0,0,0.348,0.838
MTSI,MACOM Technology Solutions Hold,Information Technology,XLK,20148940800.0,2026-09-23,275.8399963378906,-0.011715772223458987,0.149237527821924,0.07151460274986587,0.06281867137417874,-0.08755845039508547,False,0.02001372149948133,-0.10074409237567516,-0.013508073117071584,-0.13102408921175446,0.8421823874635768,0.8436097672758194,1.233103894960215,2.0647924846986303,0.8436097672758194,352138347.0912552,0.6896538848002607,266.3619972229004,283.201665242513,306.7079158782959,True,False,False,True,False,False,dry_up,5,2,normal,False,False,acc,False,1.0,,0.051129512972555,51.809578674317244,True,True,False,False,False,True,True,B,Uptrend Under Pressure,279.11,-0.0117,0.3777264515806596,0.9878468725697951,0.8029393923216146,-0.007217941941323525,0.7928417838169924,0.5995233050847458,2026-11-05,False,스킵,상관 클러스터 중복 — 대표: INTC·ARM,0,0,0.348,0.838
WMB,"Williams Companies, Inc. (The)",Energy,XLE,91798724608.0,2026-09-23,71.11000061035156,-0.007536649044345145,-0.0072594815441179295,0.009248828060199887,0.0010582177528075665,-0.06373334540929865,False,-0.03925933404289006,-0.07726328265420257,0.015188980552255593,-0.13005890845985235,0.9427006149052316,0.6178432555449891,1.07648578936282,1.1922569611145242,0.6178432555449891,611617555.7218742,0.24358836417700222,72.91887054443359,72.68232116699218,72.63025601704915,False,False,False,False,True,False,dry_up,2,2,normal,False,False,surge,False,2.0,,0.0256915642324951,43.728631799482685,True,True,True,True,False,True,True,B,Uptrend Under Pressure,72.05,-0.013,0.37199509923672797,0.9516263576747145,0.0313028106155937,-0.1763347829657903,0.39845957862021614,0.5945444915254238,2026-11-03,False,스킵,점수 후순위 (후보 내 하위 15%) — 우선순위 미달,0,0,0.348,0.838
KMI,"Kinder Morgan, Inc.",Energy,XLE,71792107520.0,2026-09-23,31.3700008392334,-0.011034000053516402,0.019499524619549957,0.011935510943012817,0.003723096723740049,-0.044106593913668335,False,-0.036701782891693124,-0.05792015625058544,0.017891476488874236,-0.11182252512207369,0.9543657395377543,0.843988264904564,1.3458829284556135,0.8795362252550274,0.843988264904564,408454033.61708355,0.2800018310546875,31.463500022888184,31.69433873494466,31.76113446553548,False,False,False,False,False,False,dry_up,3,4,normal,False,False,surge,False,2.0,분산4일,0.022576161808200157,48.72745236998883,True,True,True,True,False,True,True,B,Uptrend Under Pressure,31.84,-0.0148,0.3321495692899107,0.9516263576747145,0.010298113328035319,-0.20078110620574463,0.35977015648151495,0.5836334745762712,2026-10-29,False,스킵,점수 후순위 (후보 내 하위 13%) — 우선순위 미달,0,0,0.348,0.838
LUV,Southwest Airlines Company,Industrials,XLI,18849191936.0,2026-09-23,41.040000915527344,-0.01747664673775806,0.04480657308874725,0.012827935640026933,0.004608278902637153,-0.16252959219656293,False,-0.03585225136498926,-0.17463183038531682,0.0629643845900496,-0.09005687192349598,0.8341538495176807,1.0027084154196715,1.4870530567525901,1.6675076909883666,1.0027084154196715,222611890.19999886,0.0566061274921427,39.50673198699951,44.1068364461263,42.72406352361043,True,False,False,True,False,False,distribution,7,3,normal,False,True,acc,True,0.0,분산3일,0.028280082996307954,51.555420902879106,True,True,True,False,False,True,True,B,Uptrend Under Pressure,41.04,0.0,0.46386354514415795,0.9144666488821164,0.08140244082592774,-0.1419335151758071,0.46634111524700955,0.5774364406779662,2026-10-22,False,스킵,점수 후순위 (후보 내 하위 12%) — 우선순위 미달,0,0,0.348,0.838
RBC,RBC Bearings Incorporated,Industrials,XLI,15647898624.0,2026-09-23,500.260009765625,0.01563263814600635,0.034214753887472416,0.008792127289379836,0.0006052233603721646,-0.16709801374981903,False,-0.03969408411690678,-0.17913423393331684,0.05872879788394436,-0.0950206339380193,0.8403353073478101,1.182114353892471,1.490758366371153,1.5341148825065274,1.182114353892471,155603876.7107849,0.3272422072541062,493.09300384521487,546.5251678466797,570.1669169108073,True,False,False,False,False,False,accumulation,6,2,normal,False,True,acc,True,0.0,,0.026400556037579508,46.920381616061924,True,True,True,False,False,True,True,B,Uptrend Under Pressure,500.26,0.0,0.3360803709753714,0.9144666488821164,0.14390694585234765,-0.19646904814963317,0.46975895341693474,0.5636652542372881,2026-10-30,False,스킵,점수 후순위 (후보 내 하위 10%) — 우선순위 미달,0,0,0.348,0.838
TXN,Texas Instruments Incorporated,Information Technology,XLK,238275461120.0,2026-09-23,272.6199951171875,0.0064606639035189595,0.034885938188203625,0.05283074282381994,0.04428644126571335,-0.10673776542836266,False,0.0022278757011762185,-0.11964624819631975,-0.030709403768799826,-0.14928976634641933,0.8967953853227403,0.9277149851063675,1.4265264893947978,1.9731178164847154,0.9277149851063675,1569812765.1796386,0.9555556632015424,261.6070037841797,276.42828369140625,275.75445721944175,True,False,False,True,False,False,weak_rally,2,3,normal,False,False,surge,False,2.0,분산3일,0.03039288747909007,56.03201415505933,True,True,False,False,False,True,True,B,Uptrend Under Pressure,266.64,0.0224,0.3824642487610846,0.9878468725697951,0.299775391363275,0.20867556208113425,0.848461385566116,0.5584216101694915,2026-10-28,False,스킵,상관 클러스터 중복 — 대표: INTC·ARM,0,0,0.348,0.838
DVA,DaVita Inc.,Health Care,XLV,11229437952.0,2026-09-23,183.13999938964844,0.004387424963392839,-0.04064952726527482,0.03762039314248411,0.029199531952515567,-0.24335128285678653,False,-0.012251409363116528,-0.2542855712982136,0.06979368003768749,-0.25946797933034427,0.7600431369804936,0.7656705356846429,1.4682475863889048,2.3638254779481356,0.7656705356846429,129862212.33904724,0.1788626627189573,182.35299987792968,203.82716725667316,192.10958353678384,True,False,False,True,False,False,weak_rally,5,1,normal,False,False,surge,False,2.0,,0.029731345544705075,45.781749611533186,True,True,True,False,True,True,True,B,Uptrend Under Pressure,183.86,-0.0039,0.5127750843237356,0.9645151837456468,0.14799718202003787,-0.02509489343284599,0.6172409743052293,0.5544491525423729,2026-10-29,False,스킵,점수 후순위 (후보 내 하위 7%) — 우선순위 미달,0,0,0.348,0.838
NOK,Nokia Corporation Sponsored,Information Technology,XLK,56770260992.0,2026-09-23,10.630000114440918,-0.01756003565085018,0.04832344719207349,0.027053113299637443,0.02197377281169932,-0.11256568393199085,False,-0.016220348128553108,-0.1187496617606375,-0.017416718178801083,-0.157109866706731,0.9448888990614149,0.7421690859660737,1.3163374759916096,1.5857470246144225,0.7421690859660737,889793528.8333668,0.1692318075513444,10.369000053405761,10.448833322525024,11.694500001271566,True,True,False,True,False,False,dry_up,6,2,normal,False,True,acc,True,0.0,,0.05110199879291824,52.76075715479935,True,True,False,True,False,True,True,B,Uptrend Under Pressure,10.63,0.0,0.31866483047042826,0.9878468725697951,0.808787038549001,0.03021745189657854,0.8299221206317082,0.5481991525423728,2026-10-22,False,스킵,상관 클러스터 중복 — 대표: INTC·ARM,0,0,0.348,0.838
NXPI,NXP Semiconductors N.V.,Information Technology,XLK,56646160384.0,2026-09-23,235.44000244140625,0.013037299305334704,0.04483965291362768,0.06320561903674493,0.054577119641905814,-0.17315132423448354,False,0.01210409770401566,-0.1851000683655344,-0.021157754542373564,-0.21253960714688103,0.8331259579995296,1.1616694985398641,1.3034815692141974,1.460678428714143,1.1616694985398641,779441353.798996,0.7681170408701613,225.70844802856445,244.65610631306967,258.9966229756673,True,False,False,True,False,False,accumulation,6,3,normal,False,True,acc,True,0.0,분산3일,0.03279251212544948,54.65022525261157,True,True,False,False,False,True,True,B,Uptrend Under Pressure,235.44,0.0,0.35785500441287993,0.9878468725697951,-0.12322166903913745,0.004274958864277423,0.423045788009107,0.5066737288135593,2026-10-27,False,스킵,상관 클러스터 중복 — 대표: INTC·ARM,0,0,0.348,0.838
STM,STMicroelectronics N.V.,Information Technology,XLK,44727738368.0,2026-09-23,52.459999084472656,0.017850177582518167,0.09665294581947981,0.06487551933890101,0.05623346778304206,-0.25297495656201685,False,0.01369373653615491,-0.26377017383108214,-0.01962035770004511,-0.288560710782812,0.7493456610711248,1.1198907008222014,1.1689124021850055,2.111104136020324,1.1198907008222014,387122567.73730356,0.8016513553219796,50.21788787841797,56.23798859914144,57.86052827835083,True,False,False,True,False,False,accumulation,3,2,normal,False,False,surge,False,2.0,,0.029674383636301798,53.60926175535932,True,True,False,False,False,True,True,B,Uptrend Under Pressure,50.09,0.0473,0.5941569427393781,0.9878468725697951,0.580007113677764,0.36876132216590074,0.9253062773300567,0.4978813559322034,2026-10-29,False,스킵,상관 클러스터 중복 — 대표: INTC·ARM,0,0,0.348,0.838
GFS,GlobalFoundries Inc.,Information Technology,XLK,24521441280.0,2026-09-23,46.41999816894531,-0.04426603951797059,0.08584791038468564,0.010228452626815487,0.0020298921263195435,-0.2933863724042517,False,-0.03832679378884052,-0.3035976065552144,-0.06993128206911758,-0.327047063035133,0.7322921378119729,0.8053563843218807,1.1346495413766062,1.2626859623464874,0.8053563843218807,183895922.05732268,0.04516100451856154,45.34699954986572,53.46516666412354,61.42778962453206,True,False,False,True,False,False,dry_up,2,2,normal,False,False,surge,False,2.0,,0.04310026965146762,47.204148686374616,True,True,False,False,False,True,True,B,Uptrend Under Pressure,47.82,-0.0293,0.3923733849888418,0.9878468725697951,0.2573074581822441,-0.06552668628880587,0.6436946622818113,0.4089512711864407,2026-11-10,False,스킵,상관 클러스터 중복 — 대표: INTC·ARM,0,0,0.348,0.838
OKTA,"Okta, Inc.",Information Technology,XLK,30251012096.0,2026-09-23,205.36000061035156,0.07332879655583469,0.07828828511959185,0.5679926601229137,0.5552675357662156,0.4325103848543732,True,0.4926292412920126,0.4118092571203886,0.44357538073051295,0.3642704203150904,1.0,1.1507830516411934,0.939259032052416,1.7713396615548873,1.1507830516411934,823886307.0710106,0.8357145679241093,172.9927490234375,153.08158391316732,122.89783356984456,True,True,True,True,True,False,accumulation,2,2,normal,False,False,,False,6.0,,0.047723159762839154,71.08777349168504,True,True,True,True,False,True,False,,Uptrend Under Pressure,186.45,0.1014,0.25039523806802405,0.9878468725697951,0.24421419354746932,0.4225543010175379,0.8504417982725596,0.9817266949152543,,False,,,0,0,0.348,0.838
SWKS,"Skyworks Solutions, Inc.",Information Technology,XLK,10083181568.0,2026-09-23,91.44999694824219,0.030538642660696835,0.016111077202690893,0.36778336992840965,0.35668305427132085,0.5283113169034219,True,0.30204273631487233,0.5062257752396324,0.2592523225500867,0.4555077189866945,1.0,0.6116451338948768,1.145531013101052,1.755394411202394,0.6116451338948768,654700693.6051849,0.6029585015405122,77.82499961853027,68.58750019073486,68.15687764485678,True,True,True,True,True,False,weak_rally,4,3,normal,False,False,,False,5.0,분산3일,0.06383653404013918,66.88327303263598,True,True,True,True,False,True,False,,Uptrend Under Pressure,90.0,0.0161,0.18476419244095663,0.9878468725697951,-0.2452487112728825,0.06103006555860779,0.38135864262223984,0.9810911016949153,,False,,,0,0,0.348,0.838
CRWD,"CrowdStrike Holdings, Inc.",Information Technology,XLK,236528943104.0,2026-09-23,262.489990234375,0.05269694729987062,0.08247756314960686,0.37659954015571206,0.36542767641976726,0.3596037639185734,True,0.31043516939963434,0.33995620570045526,0.267368946190063,0.29483682497124386,1.0,0.9942357883478695,1.0573434607917713,1.4245826158171642,0.9942357883478695,2996797626.3269987,0.9523152705263344,222.31600112915038,206.88745778401693,173.70958315531414,True,True,True,True,True,False,weak_rally,4,1,normal,False,False,,False,6.0,,0.04998367849379885,68.68763080261179,True,True,True,True,True,True,False,,Uptrend Under Pressure,235.38,0.1152,0.2564409908583769,0.9878468725697951,0.31337106588132446,0.5859079521411965,0.8857820461855372,0.965625,,False,,,0,0,0.348,0.838
ZS,"Zscaler, Inc.",Information Technology,XLK,30463647744.0,2026-09-23,214.4499969482422,0.03534008541916034,0.10603949467901974,0.21805066410313922,0.2081655118523269,0.4717635857114204,True,0.15950672783951747,0.4504952121595338,0.12140062635491389,0.4016537310388033,1.0,0.6889185569240449,0.8789530577359262,1.3313551940082449,0.6889185569240449,675341441.3823166,0.7908678548590566,182.34824905395507,166.0894999186198,152.7569995880127,True,True,True,True,True,False,weak_rally,3,1,normal,False,False,,False,6.0,,0.04795873606218133,70.41319409051894,True,True,True,True,True,True,False,,Uptrend Under Pressure,191.73,0.1185,0.23053634914760276,0.9878468725697951,-0.46907265080868565,0.02210724402696651,0.26581619746304797,0.9561440677966102,,False,,,0,0,0.348,0.838
HPE,Hewlett Packard Enterprise Comp,Information Technology,XLK,69176393728.0,2026-09-23,62.33000183105469,0.02130104993871984,0.10246393000124487,0.16930495731567552,0.16352210350263463,0.2315490911496041,True,0.12003791132461816,0.22296719146794275,0.0972606633535058,0.22612996183749923,1.0,0.5421785033283704,0.7580965725315351,1.7154512125798236,0.5421785033283704,1545517825.5940773,0.4999768514660429,56.41861267089844,51.87074019114176,43.929686864217125,True,True,True,True,True,False,weak_rally,2,2,normal,False,False,,False,8.0,,0.06732064675775391,61.16818661296953,True,True,True,True,False,True,False,,Uptrend Under Pressure,61.93,0.0064,0.22336100762976807,0.9878468725697951,0.8330739689000743,0.8774754602297541,0.9727349933143002,0.9445974576271186,,False,,,0,0,0.348,0.838
TEAM,Atlassian Corporation,Information Technology,XLK,49151963136.0,2026-09-23,195.0800018310547,-0.0030152621424425208,0.027764629578239663,0.1386213724752039,0.12938083268925515,0.9745484395731825,True,0.08389509628400171,0.946014350119653,0.04827390017880839,0.8804876097724494,0.9969847378575575,0.6468885038746983,1.0508449174118948,1.4660501649422388,0.6468885038746983,694608212.9552292,0.7685538309171975,186.22425003051757,137.97416674296062,109.93095842997234,True,True,True,True,True,False,dry_up,0,1,normal,False,False,,False,30.0,,0.04437299418735524,67.04911446160884,True,True,True,True,False,True,False,,Uptrend Under Pressure,151.87,0.2845,0.6351707576699084,0.9878468725697951,-0.12632107649678959,0.9711646050928386,0.5850854685410719,0.9415783898305086,,False,,,0,0,0.348,0.838
NET,"Cloudflare, Inc.",Information Technology,XLK,108643475456.0,2026-09-23,352.3299865722656,0.0018766830248007071,0.07670438145413927,0.25675041520124786,0.24655119314780127,0.2723072749377038,True,0.19634642842538108,0.253921233416587,0.15702962472104742,0.21169884637566816,1.0,0.904685258447743,1.0486828601338383,1.2529886155729901,0.904685258447743,988949673.3696334,0.10068035068670371,307.86450042724607,288.90183308919273,253.40891660054524,True,True,True,True,True,False,weak_rally,3,3,normal,False,False,,False,9.0,분산3일,0.051883794904435,65.56675789333826,True,True,True,True,False,True,False,,Uptrend Under Pressure,314.18,0.1214,0.2574532775796304,0.9878468725697951,0.11532281542954492,0.13416690889817207,0.7183739293845542,0.9381355932203391,,False,,,0,0,0.348,0.838
A,"Agilent Technologies, Inc.",Health Care,XLV,43298672640.0,2026-09-23,165.32000732421875,0.02087195771184125,0.10015307529019579,0.07749472212752262,0.06875025878820828,0.20044020116300643,True,0.02570641463288381,0.18309270671966793,0.11090438432400962,0.1748706998627898,1.0,1.2742232348477784,1.2759963691875438,1.9297098948534759,1.2742232348477784,389987081.605368,0.36155268320644585,152.47900009155273,144.21141713460287,132.73126544952393,True,True,True,True,True,False,accumulation,5,0,normal,False,False,,False,13.0,,0.027124881613985404,72.07682618926182,True,True,True,True,True,True,False,,Uptrend Under Pressure,151.39,0.092,0.330774346920327,0.9645151837456468,0.09072365018099071,0.21683507679369418,0.7348017780347657,0.933209745762712,,False,,,0,0,0.348,0.838
HALO,"Halozyme Therapeutics, Inc.",Health Care,XLV,12086402048.0,2026-09-23,112.44000244140625,0.008882956664627129,0.058258846507353024,0.03497793697631302,0.026578520774052095,0.43789983358332196,True,-0.01476685949420986,0.4171208232261234,0.06706928976449222,0.40727241738318964,0.9999111204347961,1.3402819845113303,1.9296965550624166,1.7753854041220796,1.3402819845113303,221243344.90401,0.05573463777146492,108.60099983215332,94.28166669209799,81.07516695658366,True,True,True,True,True,False,accumulation,4,1,normal,False,False,,False,31.0,,0.026588790261175218,68.12804043714672,True,True,True,True,True,True,False,,Uptrend Under Pressure,103.12,0.0904,0.8803010826414416,0.9645151837456468,0.19506088224422324,0.4690555826935199,0.8310117090094323,0.9319385593220342,,False,,,0,0,0.348,0.838
DE,Deere & Company,Industrials,XLI,176580362240.0,2026-09-23,709.47998046875,0.036145635076554994,0.037190812318851574,0.09379619580405896,0.08491943702420657,0.17912246859293646,True,0.04122438031254627,0.16208303551487524,0.1479406908391463,0.2811609550132006,1.0,1.235017119617048,1.0549037713461684,1.3603181527888966,1.235017119617048,887344788.0743408,0.40046272250814485,672.2954925537109,630.6036651611328,603.3121627807617,True,True,True,True,True,False,accumulation,2,1,normal,False,False,,False,13.0,,0.02377344939414154,67.83967364212863,True,True,True,True,False,True,False,,Uptrend Under Pressure,698.37,0.0159,0.3812648454283747,0.9144666488821164,0.20002084849861945,-0.023251392932736592,0.6556123739655234,0.9285487288135594,,False,,,0,0,0.348,0.838
CNH,CNH Industrial N.V.,Industrials,XLI,19024517120.0,2026-09-23,13.75,0.020029708229417187,-0.017857142857142905,0.16921766431864915,0.15972881876669565,0.2843532485563163,False,0.11302081928135976,0.2657931313417907,0.2270956312228034,0.39549815928643217,0.9548611364062928,0.6761036429299302,0.6934025936102942,3.80548557636834,0.6761036429299302,328543849.27695847,0.2173921156019032,13.129500007629394,11.520499992370606,11.038975962003072,True,True,True,True,True,False,weak_rally,0,0,normal,False,False,,False,12.0,,0.04519480915812703,62.89645895454922,True,True,True,True,False,True,False,,Uptrend Under Pressure,13.84,-0.0065,0.36276073019942484,0.9144666488821164,-0.06085076341368467,-0.0209336287969204,0.44857070579306857,0.9268008474576273,,False,,,0,0,0.348,0.838
RBRK,"Rubrik, Inc.",Information Technology,XLK,19150288896.0,2026-09-23,115.56999969482422,0.023105529669841696,0.11607915295819349,0.17880455544263985,0.16923790698710794,0.34166278645728987,True,0.1221469296189106,0.3222744923045673,0.08526862287517178,0.27775049518211814,1.0,0.7045278762216524,0.9157466332569161,1.1040786513609504,0.7045278762216524,393748870.9149151,0.9122518710329365,97.55450019836425,89.38816655476889,75.88016653060913,True,True,True,True,True,False,weak_rally,2,1,normal,False,False,,False,17.0,,0.05053092047463116,69.13772457352648,True,True,True,True,False,True,False,,Uptrend Under Pressure,107.02,0.0799,0.25847061584134506,0.9878468725697951,0.07243868941987319,0.6695374898495119,0.7529326731957645,0.9222457627118644,,False,,,0,0,0.348,0.838
GMAB,Genmab A/S,Health Care,XLV,20380878848.0,2026-09-23,34.75,0.0017296447294989914,0.017569500653357606,0.05239247481081022,0.04385173003910259,0.17438864964879452,True,0.001810672439720884,0.1574176247244672,0.08502379667207194,0.14937404910887397,1.0,1.2959046948812805,1.2792907201342616,1.8467990621577721,1.2959046948812805,65658553.87704392,0.13744115243598182,33.76500015258789,31.100166765848794,28.83554170926412,True,True,True,True,True,False,accumulation,5,0,normal,False,False,,False,22.0,,0.022291891131347153,64.53102424222283,True,True,True,True,True,True,False,,Uptrend Under Pressure,33.41,0.0401,0.30412821981683413,0.9645151837456468,0.01679950612913128,0.1120053940856982,0.6242094611687327,0.9132944915254239,,False,,,0,0,0.348,0.838
PLTR,Palantir Technologies Inc.,Information Technology,XLK,447882035200.0,2026-09-23,191.7899932861328,0.036758676636830634,0.10009175929097824,0.11034561471684756,0.10485434716368602,0.40093625924386544,True,0.0635627390230642,0.39117400573433625,0.003876384774140984,0.367102892011268,1.0,1.2574795719453142,1.0229249722703246,1.9235339330490617,1.2574795719453142,4943008265.358039,0.8154980926507228,177.46099929809571,156.21166585286457,146.39345773061117,True,True,True,True,True,False,accumulation,3,1,normal,False,False,,False,32.0,,0.035518020011878745,66.88183818591999,True,True,True,True,True,True,False,,Uptrend Under Pressure,172.01,0.115,0.5984056716460285,0.9878468725697951,-0.15036055032495022,-0.030272259283174563,0.35820353438618047,0.9113877118644068,,False,,,0,0,0.348,0.838
WCC,"WESCO International, Inc.",Industrials,XLI,16588663808.0,2026-09-23,365.8500061035156,0.029664261116614687,0.09385282380674087,0.08715624326375049,0.07833337135718965,0.07786970154181527,True,0.03490356799338734,0.06229346655732848,0.14097205103631927,0.17114601153770082,0.9793705290517889,0.7403403139383935,0.9986589709413762,2.0520105919003115,0.7403403139383935,168933233.71374816,0.6180776644831526,344.49297790527345,341.8796722412109,340.07848866780597,True,True,False,True,True,False,weak_rally,3,3,normal,False,False,,False,99.0,분산3일,0.034464306279306224,59.38879869758611,True,True,True,True,False,True,False,,Uptrend Under Pressure,348.11,0.051,0.39608566425158737,0.9144666488821164,0.4448950091084247,0.1267355129165042,0.8552934480141665,0.9101165254237289,,False,,,0,0,0.348,0.838
MRNA,"Moderna, Inc.",Health Care,XLV,56028766208.0,2026-09-23,182.11000061035156,-0.0024649263489268103,0.25058375715367087,0.1465717969584832,0.14090137108156942,1.6375762425457876,True,0.09826258121507236,1.6191966140933554,0.3518370624768066,1.5887685188758711,0.9975350736510732,1.0556693375449604,1.2207289705839988,0.8294150829740381,1.0556693375449604,2553768780.66362,0.07356929724995184,150.62950057983397,99.6693339029948,75.56570847829182,True,True,True,True,True,False,distribution,2,1,normal,False,False,,False,20.0,,0.062750134430246,71.85800938905368,True,True,True,True,False,True,False,,Uptrend Under Pressure,158.83,0.1466,1.0,0.9645151837456468,3.5299080699990872,1.3085464714478623,0.9980810234541577,0.9096927966101696,,False,,,0,0,0.348,0.838
BMNR,"BitMine Immersion Technologies,",Financials,XLF,15273691136.0,2026-09-23,27.459999084472656,-0.045201708416666486,0.20385794508558353,0.1063658107215435,0.10089422548013927,0.646524561510424,False,0.05975061856082409,0.6350509558605808,0.17867023855353925,0.7302612834483273,0.9547982915833335,0.8069728064233368,1.0616351281387657,1.3358588257862618,0.8069728064233368,1123884018.0705502,0.12748980975163454,25.111999893188475,20.005166578292847,19.716333301862083,True,True,True,True,True,False,dry_up,3,1,normal,False,False,,False,13.0,,0.06993289728588901,61.72264927521393,True,True,True,True,True,True,False,,Uptrend Under Pressure,26.45,0.0382,0.29330672229893456,0.9346486837235032,-0.6203707419847415,-0.009630067458347602,0.22185049329623074,0.9044491525423729,,False,,,0,0,0.348,0.838
DELL,Dell Technologies Inc.,Information Technology,XLK,294647398400.0,2026-09-23,549.8300170898438,0.0016578630911974201,-0.023895260811557684,0.21778519842711797,0.21176258325377972,0.17572360609069726,False,0.16647550457627713,0.1675307194949931,0.16854505570698675,0.19524787965170942,0.9344493444529895,0.7535724836430305,0.8586847165576412,2.3976593703223155,0.7535724836430305,5677404212.450058,0.26675378929891275,521.0350036621094,462.7247604370117,375.49559122721354,True,True,True,True,True,False,weak_rally,3,2,normal,False,False,,False,5.0,,0.060968141612988684,57.130772464913626,True,True,True,True,False,True,False,,Uptrend Under Pressure,563.29,-0.0239,0.3219006485343526,0.9878468725697951,1.800762508682248,1.0994634158129544,0.9929718839217954,0.9042372881355932,,False,,,0,0,0.348,0.838
WF,Woori Financial Group Inc.,Financials,XLF,17749510144.0,2026-09-23,77.43000030517578,-0.025670075301268414,-0.02579268954672198,0.11394041038041047,0.10490017020037623,0.1911348624639,False,0.060400390815788185,0.17392183895149183,0.1849082177941257,0.25369674887525795,0.9581735261040294,0.5186446719607105,0.8342178743291682,1.7764482718331833,0.5186446719607105,6175317.4259262085,0.5123122716817752,75.97600059509277,69.2411673227946,67.17975025177002,True,True,True,True,True,False,dry_up,2,1,normal,False,False,,False,,,0.032038136133898186,56.72331095934134,False,True,True,True,False,True,False,,Uptrend Under Pressure,,,0.3437647703549342,0.9346486837235032,0.021807121184900025,-0.1212581792132923,0.4308057171768277,0.8979343220338982,,False,,,0,0,0.348,0.838
CHT,"Chunghwa Telecom Co., Ltd.",Communication Services,XLC,33519925248.0,2026-09-23,46.20000076293945,0.006535930873366125,0.018294067678969794,0.07018769336371666,0.06150253058878774,0.08405858302584912,True,0.01875058819491837,0.06839291285995941,0.06439785029303824,0.10056441440311992,1.0,1.3082857819915152,1.2742962715973267,5.0,1.3082857819915152,10637254.84226036,0.8425216717429308,44.355499839782716,43.08903662363688,42.64394887288412,True,True,True,True,True,False,accumulation,7,2,normal,False,True,acc,False,,,0.012515444716963446,83.54913450382409,False,True,True,True,False,True,False,,Uptrend Under Pressure,,,0.46644864992059376,0.9459199931884106,-0.11922300885843129,-0.08844386949282868,0.3398115355426259,0.8933262711864407,,False,,,0,0,0.348,0.838
IREN,IREN LIMITED,Financials,XLF,13264110592.0,2026-09-23,47.04999923706055,-0.030895984007657362,0.10394182112148354,0.1146647774832179,0.10915214930320172,0.190895472762586,False,0.06769991984424384,0.18259686286385035,0.18751156846263295,0.25146042599252727,0.9691040159923426,0.7855269994441815,0.9736849124761652,1.517689414940018,0.7855269994441815,1728436845.2248147,0.01695024845061862,42.77775001525879,40.96991662979126,46.68379168510437,True,True,False,True,False,False,dry_up,3,0,normal,False,False,,False,28.0,,0.05946697321690988,58.36047210248843,True,True,True,True,True,True,False,,Uptrend Under Pressure,44.76,0.0512,0.5250492128190302,0.9346486837235032,-0.17695301513136075,-0.17384295832374652,0.20996801705756932,0.8913665254237289,,False,,,0,0,0.348,0.838
PBR-A,Petroleo Brasileiro S.A. Petrob,Energy,XLE,119129341952.0,2026-09-23,19.219999313354492,0.02561363650473991,-0.017884536889507086,0.18349751134455516,0.17389277696619287,0.21493432168834836,False,0.12661432502543213,0.1973773735170934,0.190463242189016,0.12886781215250553,0.9821154631104929,0.9527049395561941,0.837394830865616,1.3261933885730188,0.9527049395561941,139394185.49369383,0.3493949324153526,18.30299997329712,16.476071389516196,16.751094285647074,True,True,True,True,False,False,weak_rally,2,1,normal,False,False,,False,136.0,,0.027203812485818758,65.74758602545322,True,True,True,True,False,True,False,,Uptrend Under Pressure,15.92,0.2071,0.3117842177299217,0.9516263576747145,0.2865455974454607,-0.14871821858425993,0.5766108922698854,0.8790254237288135,,False,,,0,0,0.348,0.838
WBD,"Warner Bros. Discovery, Inc. - ",Communication Services,XLC,71528611840.0,2026-09-23,30.760000228881836,-0.0012986691288804364,0.097395628803427,0.0717769829679753,0.06307892223225409,0.10516427934678063,True,0.020263490771906145,0.08919361193963238,0.06597854165097083,0.12199146518775628,0.9987013308711196,3.2328627418430314,2.5420822407165704,1.2992925295375217,3.2328627418430314,1007460956.9236149,0.5714305177111717,28.561500072479248,27.371000067392984,27.214833370844524,True,True,True,True,True,False,distribution,4,2,attention,False,False,,False,8.0,,0.016835425356325488,75.24813564020721,True,True,True,True,False,True,False,,Uptrend Under Pressure,28.2,0.0908,0.16171127566726856,0.9459199931884106,0.26967584941868017,-0.1104685024967168,0.6077183694120197,0.8773305084745764,,False,,,0,0,0.348,0.838
DINO,HF Sinclair Corporation,Energy,XLE,18064617472.0,2026-09-23,106.13999938964844,-0.02882241284189957,-0.05443207670691819,0.11515023165929383,0.10610017311300401,0.27230223567820966,False,0.0615520636925333,0.25391626697915126,0.12171368979115926,0.18217175656942852,0.9101354560957533,1.7837908777323979,1.3550060970052433,1.2627631155351606,1.7837908777323979,291027019.9830284,0.4005103133113534,106.13800010681152,92.38219083150229,79.07755502065022,True,True,True,True,True,False,distribution,3,4,interest,False,False,,False,15.0,분산4일,0.04786130196463534,54.302214929046045,True,True,True,True,False,True,False,,Uptrend Under Pressure,101.61,0.0446,0.3196356670193911,0.9516263576747145,0.6448892440975145,0.4202510907724293,0.9389306494163565,0.8765360169491525,,False,,,0,0,0.348,0.838
PBR,Petroleo Brasileiro S.A. Petrob,Energy,XLE,124698492928.0,2026-09-23,21.139999389648438,0.02472129179005189,-0.028938955207534756,0.16989471584255034,0.1604003756444441,0.1845182812202173,False,0.11366532925142359,0.16740087355460198,0.1767803844889153,0.10060645806557322,0.9710610447924652,1.1678174057519957,0.8681904517233852,1.3763968900034023,1.1678174057519957,476902632.60123825,0.3555546136565931,20.26200008392334,18.393606233596802,18.671071044603984,True,True,True,True,False,False,accumulation,4,1,normal,False,False,,False,5.0,,0.02959860247718683,62.49638069550268,True,True,True,True,True,True,False,,Uptrend Under Pressure,21.77,-0.0289,0.3080386237685675,0.9516263576747145,0.32220119321910756,-0.14007146262195114,0.5972471179212895,0.8731991525423729,,False,,,0,0,0.348,0.838
MRVL,"Marvell Technology, Inc.",Information Technology,XLK,190219829248.0,2026-09-23,260.8999938964844,-0.005564840435258178,0.13577983662448045,0.08536479156690069,0.07999706787413396,0.1456447825804943,True,0.039634448281641754,0.13766149659897775,0.0475732709773764,0.1117499229053267,0.9944351595647418,0.6261946823861998,0.9178007461559377,1.133774589836945,0.6261946823861998,5002782953.547972,0.5360809606208379,231.1724998474121,222.46122283935546,211.42797336578369,True,True,False,True,True,False,dry_up,1,0,normal,False,False,,False,24.0,,0.05035042913183379,63.139398035603335,True,True,True,True,False,True,False,,Uptrend Under Pressure,237.27,0.0996,0.4392041972857823,0.9878468725697951,1.6353386414774502,1.1200648784756382,0.9908369773408985,0.8689618644067797,,False,,,0,0,0.348,0.838
P,"Everpure, Inc.",Information Technology,XLK,30897037312.0,2026-09-23,109.6500015258789,-0.03528067928056278,0.13076209286948637,0.09169652390087801,0.08283680511538005,0.4161761016000247,False,0.03922562626253612,0.39571101968299627,0.0050724504085688515,0.34871424723839684,0.9279789956628159,0.5403621478149354,2.618520980830903,4.010447273772558,0.5403621478149354,709739235.0971832,0.5204086240157695,99.5724998474121,90.48266677856445,81.8436666806539,True,True,True,True,True,False,dry_up,3,0,normal,False,False,,False,18.0,,0.05110416983605524,60.36491106494414,True,True,True,True,True,True,False,,Uptrend Under Pressure,108.9,0.0069,0.3245652409320566,0.9878468725697951,0.061959147728772646,0.43762405657234904,0.7374218495898233,0.8688029661016949,,False,,,0,0,0.348,0.838
KEYS,Keysight Technologies Inc.,Information Technology,XLK,54955810816.0,2026-09-23,353.3599853515625,0.033125710062574365,0.12764871671513345,0.13744924092608946,0.1282182136334733,0.07199294612552087,True,0.0827793016318048,0.05650163580602796,0.04719477507171366,0.020926816760320044,0.9784299912042786,1.2390899860996727,1.182843771651176,2.276243093922652,1.2390899860996727,374562446.6279602,0.9757790911973603,327.103498840332,326.9690002441406,333.94091542561847,True,True,False,True,False,False,accumulation,3,1,normal,False,False,,False,25.0,,0.030142290841839156,62.57776846395719,True,True,True,True,True,True,False,,Uptrend Under Pressure,361.15,-0.0216,0.3422558873237324,0.9878468725697951,0.5254518940871999,-0.06602814578643867,0.7110747714213437,0.8677436440677967,,False,,,0,0,0.348,0.838
FTNT,"Fortinet, Inc.",Information Technology,XLK,125413670912.0,2026-09-23,178.74000549316406,0.020030872859705173,0.03695544791102323,0.17599841458787968,0.1664545395114887,0.08310776924369923,True,0.11947566207951343,0.06745583923478393,0.08268514403894023,0.0315121671825489,1.0,0.7316357331600883,1.2321724639476994,1.2793682539216549,0.7316357331600883,773214752.1679115,0.8979933963756616,164.51349945068358,160.4638328552246,137.36308294932047,True,True,True,True,True,False,weak_rally,3,1,normal,False,False,,False,17.0,,0.038711465439699964,64.89709363992715,True,True,True,True,True,True,False,,Uptrend Under Pressure,172.78,0.0345,0.2556313427336833,0.9878468725697951,0.5670815727243557,0.5833229434059353,0.9346120487152615,0.8666843220338984,,False,,,0,0,0.348,0.838
MU,"Micron Technology, Inc.",Information Technology,XLK,1082783105024.0,2026-09-23,1071.8800048828125,-0.022150077123588074,0.1568507031509634,0.14889014495825537,0.14320825357998834,0.06494810317226807,True,0.10048324883060111,0.05752714216204269,0.0839145711149274,0.06037327900464318,0.9778499228764119,0.8485439941606419,1.0835789031051257,1.2640528964645028,0.8485439941606419,24797577753.73173,0.18497036272006012,979.6915008544922,943.3343994140625,846.3687375386556,True,True,False,True,True,False,dry_up,3,1,normal,False,False,,False,89.0,,0.043429699468910295,62.18948621621407,True,True,True,True,True,True,False,,Uptrend Under Pressure,724.55,0.4794,0.5723471091183002,0.9878468725697951,3.7985154328524944,0.965349593073807,0.9966020382349752,0.8660487288135592,,False,,,0,0,0.348,0.838
PANW,"Palo Alto Networks, Inc.",Information Technology,XLK,311435952128.0,2026-09-23,393.29998779296875,0.057940546216693756,0.04854832608938486,0.1208321306183675,0.11173596033145827,0.1589505016346826,True,0.06696086996316652,0.14220257252689894,0.031896201328881046,0.10374200753195084,0.9931817873559817,0.8755264945246772,1.0427931060398359,1.1186761587987006,0.8755264945246772,2537335240.8753233,0.9886009658108036,357.05749969482423,352.1768325805664,288.74341608683267,True,True,True,True,True,False,weak_rally,1,1,normal,False,False,,False,15.0,,0.04923540999559955,62.324343095809546,True,True,True,True,False,True,False,,Uptrend Under Pressure,382.13,0.0292,0.23716455599722397,0.9878468725697951,0.47769235807058563,0.8623222458443931,0.9313730981894401,0.8639830508474577,,False,,,0,0,0.348,0.838
TX,Ternium S.A. Ternium S.A.,Materials,XLB,10761586688.0,2026-09-23,55.9900016784668,-0.01495423067978996,-0.022008704306256788,0.015968083076920436,0.007722942312947234,0.21560152549324507,False,-0.03286303081219166,0.1980349355969908,0.07768911148492275,0.25063703359030787,0.9635174856372809,0.7524741934559273,0.8365128305919638,1.9235419459873588,0.7524741934559273,27715305.42929077,0.3522738602522032,56.72000007629394,51.25883331298828,47.888470045725505,False,True,True,True,True,False,dry_up,0,0,normal,False,False,,False,,,0.024660017415840074,51.490962901920696,False,True,True,True,False,True,False,,Uptrend Under Pressure,,,0.4053041009077241,0.9411475393682374,0.39435457150992836,0.27161060319658437,0.8895423006035199,0.8621822033898305,,False,,,0,0,0.348,0.838
VEEV,Veeva Systems Inc.,Health Care,XLV,46255738880.0,2026-09-23,270.75,0.0361256841667128,0.015490229384323762,0.08971260035343454,0.0808689822006099,0.33896992359201716,False,0.037337057282136765,0.31962054385048044,0.12350109984341606,0.3104497247773923,0.9477055468734144,0.7257861033344208,1.108798975977436,0.9714567172894256,0.7257861033344208,528944991.12889403,0.8503299380278674,267.89250030517576,228.85150019327799,196.6738338470459,True,True,True,True,True,False,weak_rally,0,1,normal,False,False,,False,17.0,,0.029321986285100084,61.022529646636706,True,True,True,True,False,True,False,,Uptrend Under Pressure,282.13,-0.0403,0.29456332961643966,0.9645151837456468,-0.2328531515939255,0.1425388747964813,0.4375393010733259,0.8588983050847459,,False,,,0,0,0.348,0.838
CRM,"Salesforce, Inc.",Information Technology,XLK,211955433472.0,2026-09-23,237.5800018310547,0.004906537818684997,-0.06904759826304019,0.13841942926373263,0.12918052835821014,0.3529079819979615,False,0.0837028591962985,0.33335718415120486,0.048087980782755446,0.2884600075242274,0.9000415046895096,0.6829604081229766,0.8287205686308473,1.1158329427234694,0.6829604081229766,4189622528.099462,0.4854653161435127,245.65131378173828,201.81527786254884,188.77500750223797,False,True,True,True,True,False,weak_rally,0,2,normal,False,False,,False,16.0,,0.03712206098874948,53.20423340333367,True,True,True,True,False,True,False,,Uptrend Under Pressure,255.55,-0.0703,0.2688771504335549,0.9878468725697951,-0.2673988652249558,-0.08045254990671735,0.23761699974702757,0.8588453389830509,,False,,,0,0,0.348,0.838
RGEN,Repligen Corporation,Health Care,XLV,10213718016.0,2026-09-23,184.52999877929688,0.02113879654422335,0.056086552345821605,0.016022485080630755,0.0077769028144234476,0.23967556054291128,True,-0.03281124356625098,0.22176107810786294,0.04752608998326502,0.21327034200188,1.0,1.003347684026547,1.0876243895516533,1.043408278312751,1.003347684026547,161915618.1304199,0.3897708123749085,174.042000579834,158.90183385213217,140.64916661580403,True,True,True,True,True,False,accumulation,2,2,normal,False,False,,False,23.0,,0.03368208990658934,66.2326009538165,True,True,True,True,False,True,False,,Uptrend Under Pressure,176.36,0.0463,0.43229544545945725,0.9645151837456468,0.2731586974233655,0.3290147573425275,0.8577346319251202,0.8586864406779661,,False,,,0,0,0.348,0.838
DOCU,"DocuSign, Inc.",Information Technology,XLK,12653898752.0,2026-09-23,69.48999786376953,0.013416919542654782,-0.03284621656883657,0.11077359875885762,0.10175905899995596,0.3562272054278841,False,0.0573857876558328,0.3366284416683307,0.022635795124209324,0.29162111434183746,0.9671537834311634,0.8555393577013679,0.9922032667016341,1.3690632861396366,0.8555393577013679,259804006.53074533,0.9514907208922975,66.45550022125244,58.167833455403645,52.5565416653951,True,True,True,True,True,False,weak_rally,1,1,normal,False,False,,False,11.0,,0.042486077409332766,61.15163378268476,True,True,True,True,False,True,False,,Uptrend Under Pressure,68.41,0.0158,0.4019255903427261,0.9878468725697951,-0.3699263847818224,0.08484239718252895,0.33967511112717286,0.8578389830508475,,False,,,0,0,0.348,0.838
GILD,"Gilead Sciences, Inc.",Health Care,XLV,181455044608.0,2026-09-23,151.3699951171875,0.005379898855793597,0.03465476390753075,0.03736222919152188,0.028943463144256665,0.12754310256514767,True,-0.01249716501749798,0.11124904003090119,0.06952751124900702,0.10352631705666648,1.0,0.9914955250355023,1.3945842363840066,1.0321992636196513,0.9914955250355023,866143142.3531463,0.31643157533918387,147.60274505615234,138.08098843892415,134.27304445902507,True,True,True,True,True,False,weak_rally,1,2,normal,False,False,,False,159.0,,0.02220723254093409,64.66040840639548,True,True,True,True,False,True,False,,Uptrend Under Pressure,140.75,0.0755,0.4312803642853686,0.9645151837456468,0.12187385140242912,-0.0857535858570988,0.5410718803079035,0.8496822033898305,,False,,,0,0,0.348,0.838
DDS,"Dillard's, Inc.",Consumer Discretionary,XLY,9775805440.0,2026-09-23,645.6599731445312,0.010248608131768977,0.0036217120183934526,0.004714949875817442,-0.003438865512069289,0.1958380926124601,False,-0.04357529758441214,0.1785571029832982,0.07181721612130532,0.28565280943961424,0.9832035979596642,1.579372319116922,1.2903229946112311,1.8758819006612333,1.579372319116922,119008237.14506836,0.1618269758871782,638.0129943847656,596.3543334960938,587.553450012207,True,True,True,True,True,False,accumulation,4,1,interest,True,False,surge,False,4.0,,0.033648845013044056,56.1160562282391,True,False,True,True,True,True,False,,Uptrend Under Pressure,647.49,-0.0028,0.5256729748223214,0.8941366305950827,-0.06754026525504164,-0.06624444946866881,0.4048941129702577,0.8490466101694917,,False,,,0,0,0.348,0.838
FFIV,"F5, Inc.",Information Technology,XLK,23054624768.0,2026-09-23,455.989990234375,0.013085945458762627,0.05827605149232151,0.20301282174631807,0.19324970987165924,0.054324492003271496,True,0.14519165877154672,0.039088507529590366,0.10755600861039505,0.004100028217262297,1.0,0.8857206107640665,1.3358174676931769,1.2456554376822384,0.8857206107640665,225075011.35845947,0.3921951372352425,410.32449798583986,408.0228342692057,380.7302505493164,True,True,True,True,True,True,weak_rally,5,4,normal,False,False,,False,40.0,분산4일,0.030689903622760802,69.10159334339588,True,True,True,True,False,True,False,,Uptrend Under Pressure,407.96,0.1177,0.3037591456481722,0.9878468725697951,0.005947408299375789,0.13324941162235526,0.6260552564056232,0.8445974576271186,,False,,,0,0,0.348,0.838
SHG,Shinhan Financial Group Co Ltd,Financials,XLF,37278330880.0,2026-09-23,79.83000183105469,-0.029894264881560773,-0.03388594354875718,0.06383263402301198,0.055199046056091605,0.06466204722280167,False,0.012700976074069725,0.04927667531478219,0.13160813510748048,0.1205812115121061,0.945069263376414,0.9296766210695318,1.0217001687045775,1.7586768525370362,0.9296766210695318,12383791.860813905,0.500003405971349,81.1205005645752,74.7053332010905,70.20049997965495,False,True,True,True,True,False,dry_up,0,2,normal,False,False,,False,,,0.032515526864012136,50.844221853308994,False,True,True,True,False,True,False,,Uptrend Under Pressure,,,0.3348934230239497,0.9346486837235032,0.2924098771267907,0.02512793534098723,0.7355173286111814,0.8391949152542374,,False,,,0,0,0.348,0.838
TEVA,Teva Pharmaceutical Industries ,Health Care,XLV,42008924160.0,2026-09-23,39.0099983215332,-0.026210759255187566,-0.006114692445013947,0.05632271863441907,0.04775007776862883,0.1798842401615799,False,0.005552014478953371,0.1628337987650359,0.08907590477566285,0.15475258297141892,0.9737892407448124,1.2138107979533614,1.1033630434291284,1.0143681643815734,1.2138107979533614,191169065.04226798,0.07692307692307693,37.67899932861328,35.30466658274333,34.3009166876475,True,True,True,True,True,False,distribution,3,2,normal,False,False,,False,37.0,,0.03466145115605224,59.24081559222195,True,True,True,True,False,True,False,,Uptrend Under Pressure,35.41,0.1017,0.3586940831190704,0.9645151837456468,0.7492699999457775,0.10800120587739359,0.87817841783817,0.8259004237288134,,False,,,0,0,0.348,0.838
UHS,"Universal Health Services, Inc.",Health Care,XLV,10038657024.0,2026-09-23,181.38999938964844,0.03805650502136748,0.025671434150109196,0.029496902868500152,0.021141968277919698,0.15700439500874475,True,-0.019984455207444185,0.14028458897935048,0.061418306334173334,0.1323600809030765,1.0,1.1922925719228912,1.4790880103881787,0.8442174436903708,1.1922925719228912,131195507.58707047,0.3310215940459903,174.25998077392578,165.8371561686198,164.24692980448404,True,True,True,False,True,False,accumulation,4,4,normal,False,False,,False,33.0,분산4일,0.033825389715131736,61.21166383036531,True,True,True,True,False,True,False,,Uptrend Under Pressure,171.46,0.0579,0.3700747069874179,0.9645151837456468,-0.1896500632310274,-0.19434421980084382,0.1883009287701926,0.8256885593220341,,False,,,0,0,0.348,0.838
NBIS,Nebius Group N.V.,Communication Services,XLC,56089174016.0,2026-09-23,226.61000061035156,-0.04027610834955375,0.08234229304688379,0.020903722864041185,0.015854794481777956,0.14041973443414046,False,-0.02211064250925643,0.1324728585635533,0.06862647368115016,0.06369857758443831,0.8160832850314177,0.7403373214573913,1.3045719073961524,1.5370913265433623,0.7403373214573913,3256444850.465287,0.021614085583863643,219.57199935913087,214.25550003051757,206.2952502568563,True,True,False,True,True,False,dry_up,4,0,normal,False,False,,False,29.0,,0.06912714218792894,52.27681782849185,True,True,True,False,True,True,False,,Uptrend Under Pressure,259.2,-0.1257,0.8197666608650711,0.9459199931884106,0.7139038535103979,0.5662563753072118,0.9527384265115103,0.8222457627118643,,False,,,0,0,0.348,0.838
NOW,"ServiceNow, Inc.",Information Technology,XLK,153001246720.0,2026-09-23,140.77999877929688,0.027591231965670593,0.006865909060153719,0.10850392739603842,0.1030217679959542,0.31147897464049334,False,0.06179864864851603,0.30234009331139733,0.012177794520228824,0.1728813743444224,0.9512804483664931,0.6865435110004372,0.8076652108895082,1.1061412201109337,0.6865435110004372,2184176024.2456846,0.8589991478857091,138.29449996948242,121.58616663614909,110.2534168879191,True,True,True,True,True,False,weak_rally,1,1,normal,False,False,,False,17.0,,0.04408092419711124,57.83231277803577,True,True,True,True,False,True,False,,Uptrend Under Pressure,144.71,-0.0272,0.3294881445885212,0.9878468725697951,-0.4148212693621498,0.04415233778148475,0.2976690397889487,0.821345338983051,,False,,,0,0,0.348,0.838
ITT,ITT Inc.,Industrials,XLI,17994016768.0,2026-09-23,211.94000244140625,0.03043567672375813,0.07045808657611174,0.0360125440035135,0.027604731395187487,0.0625858963570165,False,-0.013781979436209846,0.04723052678944906,0.08729666462879204,0.1545395817830726,0.9660213263724511,0.988596678367675,1.5184898340983721,1.519647198092602,0.988596678367675,152775338.81774902,0.7529620440104617,202.21308059692382,200.7353396097819,201.25455754597982,True,True,True,True,False,False,weak_rally,3,3,normal,False,False,,False,32.0,분산3일,0.028637827095659697,59.38895441377701,True,True,True,True,False,True,False,,Uptrend Under Pressure,214.0,-0.0096,0.2652264869342605,0.9144666488821164,-0.005856398423617515,-0.05316687818502919,0.4719688482526833,0.819279661016949,,False,,,0,0,0.348,0.838
CRCL,"Circle Internet Group, Inc.",Financials,XLF,26046367744.0,2026-09-23,91.72000122070312,-0.0303414232825997,0.1400870689866096,-0.003260111207425087,-0.008189536188010216,0.417093009888033,False,-0.04525636687626011,0.40721817003159666,0.0618799235424492,0.4891616119016502,0.8885013875623653,0.6726046700548424,1.0665786134352577,1.0228699896868596,0.6726046700548424,1457010649.2135253,0.03220379529951831,92.10849990844727,76.10700003306071,87.05816653569539,False,True,True,False,False,False,dry_up,3,2,normal,False,False,surge,False,3.0,,0.07911345970911145,53.56350888747968,True,False,True,False,False,True,False,,Uptrend Under Pressure,91.78,-0.0007,0.27531627008491005,0.9346486837235032,-0.44792199946556,-0.2601044796202211,0.049514835025839324,0.8181144067796611,,False,,,0,0,0.348,0.838
PSX,Phillips 66,Energy,XLE,98862555136.0,2026-09-23,256.4800109863281,-0.020133673404668095,-0.03189514937175919,0.060009934987445,0.051407370329397795,0.2656137261314404,False,0.009062009829993611,0.24732441271107386,0.06624885296471072,0.1759570641339312,0.9353415957796907,1.3440464128860339,1.4919268349264723,0.8844607268709853,1.3440464128860339,836771388.0158966,0.46696848233381716,255.8740005493164,223.26860122680665,196.93684501647948,True,True,True,True,True,False,distribution,2,5,normal,False,False,,False,15.0,분산5일,0.03547200009437304,56.05504853255112,True,True,True,True,False,True,False,,Uptrend Under Pressure,246.58,0.0401,0.31710584791775187,0.9516263576747145,0.6571399734736505,0.1877805629273659,0.9092777637237541,0.8122881355932204,,False,,,0,0,0.348,0.838
SUZ,Suzano S.A.,Materials,XLB,10739209216.0,2026-09-23,9.210000038146973,-0.004324320200327247,-0.002166793616601881,0.015435540025722894,0.007194721142026239,0.10532071345336846,False,-0.03336997791129481,0.0893477854256648,0.07712421593630037,0.13717775870537507,0.9766701739226817,0.8513999976808805,0.746076117344318,1.2273781126832781,0.8513999976808805,25646638.4560709,0.01754427058933758,9.13499994277954,8.506166625022889,8.605552609761556,True,True,True,False,False,False,dry_up,1,0,normal,False,False,,False,,,0.023119272379191085,58.87754001635566,False,True,True,True,False,True,False,,Uptrend Under Pressure,,,0.46630347254391963,0.9411475393682374,-0.20791812386677955,-0.23428450007518242,0.15307451844891762,0.8086334745762713,,False,,,0,0,0.348,0.838
HPQ,HP Inc.,Information Technology,XLK,27071766528.0,2026-09-23,32.15999984741211,-0.023975748019280707,-0.04908337854497835,0.1361979103141564,0.12697703825890394,0.27596783448433215,False,0.08158811451122938,0.25752889442121973,0.04604273519902735,0.21518502920831462,0.9064261629746639,0.8745173188912124,1.0408865665819222,0.805812627737979,0.8745173188912124,591363836.572678,0.4977573719341341,32.079673767089844,28.180446942647297,24.93882573445638,True,True,True,True,True,False,dry_up,2,2,normal,False,False,,False,7.0,,0.054221618916684804,52.45347113283779,True,True,True,True,False,True,False,,Uptrend Under Pressure,35.48,-0.0936,0.28966993817973635,0.9878468725697951,-0.055991554130433996,0.38544319441892716,0.627001192584294,0.808103813559322,,False,,,0,0,0.348,0.838
NVT,nVent Electric plc,Industrials,XLI,24400082944.0,2026-09-23,162.85000610351562,0.02138737838618976,0.10933244358379879,0.06194978560083797,0.05333147798625992,0.004384511965507931,False,0.010908624181531268,-0.010129792639932966,0.11451783723106757,0.09130158641258723,0.9189661979216671,0.5741399806236271,0.8029977628430328,2.8344040176283696,0.5741399806236271,400873229.4325226,0.6377191321797736,153.81650009155274,156.81586151123048,156.06108525594075,True,True,False,True,False,False,weak_rally,1,1,normal,False,False,,False,36.0,,0.040441257472482846,56.525946065828585,True,True,True,True,False,True,False,,Uptrend Under Pressure,153.83,0.0586,0.3195469054785503,0.9144666488821164,0.32865074823593066,0.07527838733885073,0.7951447363665933,0.8067796610169493,,False,,,0,0,0.348,0.838
ESTC,Elastic N.V.,Information Technology,XLK,10254513152.0,2026-09-23,91.27999877929688,0.0175008328039985,0.07186466479581077,0.09658819223764992,0.08768877486842763,0.42308814587427324,False,0.043882183262997865,0.40252317839066376,0.009575974029087497,0.35529702502972427,0.9136222143280192,0.5098374039148342,0.6703851606378333,0.8794687996169258,0.5098374039148342,269741711.72355956,0.9211744928963971,88.24250030517578,74.83000036875407,64.17425009409587,True,True,True,True,True,False,weak_rally,0,1,normal,False,False,,False,16.0,,0.042728890555440845,59.16064373855522,True,True,True,True,False,True,False,,Uptrend Under Pressure,99.91,-0.0864,0.2768834161916635,0.9878468725697951,-0.17158776883010007,0.3871632870020776,0.5225208702251454,0.804396186440678,,False,,,0,0,0.348,0.838
PAYC,"Paycom Software, Inc.",Industrials,XLI,10776624128.0,2026-09-23,221.67999267578125,-0.020155643151805847,-0.022402548748084117,-0.03457888080414795,-0.04241380510627257,0.47519663972799364,False,-0.08098052413100587,0.45387865530384675,0.013210862107366106,0.6028566888743132,0.9216696687925477,0.7251950303718411,1.2454652084579363,1.7632566040215298,0.7251950303718411,175445691.4663391,0.4122006712049446,228.6109992980957,190.2021832784017,160.15344835917156,False,True,True,True,True,False,dry_up,3,1,normal,False,False,,False,5.0,,0.034558823963230074,52.72064892104324,True,False,True,True,True,True,False,,Uptrend Under Pressure,226.76,-0.0224,0.812614927745837,0.9144666488821164,-0.08378138170883465,0.5490237204795321,0.6128717791189332,0.8038135593220339,,False,,,0,0,0.348,0.838
ING,"ING Group, N.V.",Financials,XLF,100762263552.0,2026-09-23,35.91999816894531,-0.026822045043606524,-0.023382290345144052,0.025406777638097955,0.017085036667305875,0.09646341677507686,False,-0.023877994172713413,0.08061848504803093,0.0907342135027216,0.15405288199532663,0.9637777764358159,1.3712574177358867,1.194383194160305,1.0707812417806797,1.3712574177358867,62132543.544439696,0.12499241393062431,36.320999717712404,34.40836143493652,31.698874362309773,False,True,True,True,True,False,distribution,3,6,normal,False,False,,False,33.0,분산6일,0.019199417527375733,49.50914143895593,True,True,True,True,False,True,False,,Uptrend Under Pressure,35.46,0.013,0.4092071226333624,0.9346486837235032,0.23056116319110065,0.20921017078349835,0.8213797838892704,0.8018008474576273,,False,,,0,0,0.348,0.838
CLS,"Celestica, Inc.",Information Technology,XLK,37757669376.0,2026-09-23,361.8399963378906,0.05063880008850452,0.1421356621517873,0.22836672893052246,0.21839785612977458,0.020282570494497776,False,0.16932696514548118,0.005538523931294614,0.13089813076903756,-0.028320250934730895,0.9749158084017365,1.0617731953601082,0.9444902558546631,3.1879450741831055,1.0617731953601082,684149466.2360932,0.552110306125211,319.15399780273435,328.2314971923828,352.1014979044596,True,True,False,True,False,False,accumulation,4,1,normal,False,False,,False,39.0,,0.0566351099795149,61.91858888961633,True,True,True,True,True,True,False,,Uptrend Under Pressure,350.2,0.0332,0.4087980781680667,0.9878468725697951,0.007897085364487744,-0.11783047845502248,0.42224982834013947,0.7989406779661017,,False,,,0,0,0.348,0.838
IQV,"IQVIA Holdings, Inc.",Health Care,XLV,42991874048.0,2026-09-23,267.8599853515625,-0.00748488029754979,-0.0067120109246292525,0.02928064633850025,0.020927466788811966,0.2561300613715223,False,-0.02019031766363244,0.23797779586205214,0.061195344381430594,0.22937436024924795,0.9861570950842452,0.6929249087239806,1.4983951126662072,0.8511616530466496,0.6929249087239806,424886767.82681274,0.044564592833478,264.04250183105466,237.14000040690104,205.44441655476888,True,True,True,True,True,False,dry_up,5,2,normal,False,False,,False,12.0,,0.02645703125025431,61.45916280161214,True,True,True,True,False,True,False,,Uptrend Under Pressure,271.62,-0.0138,0.6756397104801097,0.9645151837456468,0.19299591670887417,0.3285133521485719,0.8182917133461024,0.7967161016949152,,False,,,0,0,0.348,0.838
BBY,"Best Buy Co., Inc.",Consumer Discretionary,XLY,16892985344.0,2026-09-23,90.80000305175781,-0.025960074418105217,-0.015950639018594726,0.04884263533065458,0.0403306994621897,0.09373581733406566,False,-0.0015685488696172145,0.07793030199452544,0.11889207350640363,0.17588203204693853,0.960236943698036,1.061163135864906,0.8917976881638123,0.8942432377238029,1.061163135864906,400197334.61871874,0.10608435663692273,87.99504356384277,84.7028424580892,74.66838935216268,True,True,True,True,True,False,distribution,1,2,normal,False,False,,False,13.0,,0.03591947003166123,55.46529568550026,True,True,True,True,False,True,False,,Uptrend Under Pressure,86.1,0.0546,0.2872284484712137,0.8941366305950827,0.06547948872492948,0.17843194966755527,0.7039716670882874,0.7927966101694917,,False,,,0,0,0.348,0.838
SHEL,Shell PLC,Energy,XLE,251711602688.0,2026-09-23,95.41000366210938,0.015756450038593606,-0.003030232971581448,0.03459122098439216,0.029474600422940922,0.11372586946635077,False,-0.008999848177920211,0.1059650065390687,0.023366073471122517,0.03498409094571486,0.9642244224829589,0.8095717594116748,0.7554034485508423,1.5672129869839568,0.8095717594116748,609852644.7655678,0.9390689432637301,94.17399940490722,89.17206865946451,87.16722653706869,True,True,True,True,True,False,weak_rally,1,1,normal,False,False,,False,7.0,,0.018360609538187866,56.98667460598782,True,True,True,True,False,True,False,,Uptrend Under Pressure,96.45,-0.0108,0.29946130342210486,0.9516263576747145,0.17605905236377062,-0.11345103855286409,0.5610314047197427,0.7915254237288136,,False,,,0,0,0.348,0.838
NTR,Nutrien Ltd.,Materials,XLB,36043677696.0,2026-09-23,75.12999725341797,0.007915164081621517,-0.04560472448698327,0.011306990544336593,0.003099677114396071,0.08172333723204006,False,-0.037300094318571286,0.0660914135729671,0.0727448531428927,0.1129002697593311,0.9306329013916155,0.6974628253875227,0.970070751512494,1.1969946748267157,0.6974628253875227,206304790.6527756,0.28440039476723433,77.21999969482422,70.77316640218099,70.16591850916545,False,True,True,True,True,False,weak_rally,1,2,normal,False,False,,False,6.0,,0.03145120124270744,49.00130472062141,True,True,True,True,False,True,False,,Uptrend Under Pressure,77.0,-0.0243,0.31824207587664827,0.9411475393682374,0.1617183834221314,-0.10362020403678984,0.5569368653102525,0.788188559322034,,False,,,0,0,0.348,0.838
EMBJ,Embraer S.A.,Industrials,XLI,12734691328.0,2026-09-23,75.43000030517578,-0.020643941926654974,0.0182235210684778,-0.01088384222140426,-0.018911064816926837,0.13859316019926027,False,-0.058424355112093984,0.12213941389799188,0.03807883940010082,0.23712433555192503,0.9701607756292705,1.236902772206671,0.9982374939366376,1.1865657621080121,1.236902772206671,86324413.22641678,0.040050875229645136,74.22099990844727,70.73394234975179,65.92166474660237,True,True,True,True,True,False,distribution,1,4,normal,False,False,,False,26.0,분산4일,0.027942193172696875,56.441426756368465,True,False,True,True,False,True,False,,Uptrend Under Pressure,75.38,0.0007,0.42364907904608806,0.9144666488821164,0.13093761007054217,0.10838900591515621,0.7122908460120705,0.7877118644067796,,False,,,0,0,0.348,0.838
PFE,"Pfizer, Inc.",Health Care,XLV,162212708352.0,2026-09-23,28.18000030517578,0.015861591120693852,0.02286755301494714,0.007508079977714743,-0.000668403199884926,0.14001597366401253,False,-0.04091641545386837,0.12354166636466202,0.03874768043331933,0.11573351470218385,0.9710544404087641,0.9594429419535336,1.1298642719627658,1.1701526282590202,0.9594429419535336,953614926.4195583,0.8717966274110881,28.05149974822998,26.20220152537028,25.893616978327433,True,True,True,True,True,False,weak_rally,1,1,normal,False,False,,False,26.0,,0.016577108498180816,60.106509879184046,True,False,True,True,False,True,False,,Uptrend Under Pressure,26.79,0.0519,0.4043450582144992,0.9645151837456468,0.0745945662994596,-0.0741472671795893,0.520953344656861,0.7869173728813561,,False,,,0,0,0.348,0.838
ENTG,"Entegris, Inc.",Information Technology,XLK,20672311296.0,2026-09-23,150.92999267578125,0.05442219728482245,0.1642239539213759,0.09171784937273952,0.0828579575192876,0.07892807712791905,False,0.03924592675481153,0.06333654761682372,0.005092083744199227,0.027531581505913172,0.9213722906124493,0.8961654906912903,1.1616121212750876,2.235715322611453,0.8961654906912903,290114476.82325745,0.7202781639472208,137.41749801635743,140.7800973256429,141.8997714360555,True,True,False,True,False,False,weak_rally,2,2,normal,False,False,,False,65.0,,0.041580314143517864,59.59947325364651,True,True,True,True,False,True,False,,Uptrend Under Pressure,178.62,-0.155,0.42388002828672916,0.9878468725697951,0.32795174715837194,0.06800660405625703,0.7855986411766831,0.7863877118644068,,False,,,0,0,0.348,0.838
EXPD,Expeditors International of Was,Industrials,XLI,24652720128.0,2026-09-23,188.02999877929688,-0.021441557366934094,-0.03027331254234722,0.0010647763738089733,-0.007059415844966166,0.04279642816079243,False,-0.04705003049831502,0.027727035095209907,0.050618931912197684,0.13303757953242235,0.9697266874576528,1.013996209359965,1.4277248441292247,2.3295046918110143,1.013996209359965,177150058.1070099,0.5921995985087468,189.66500015258788,180.78700002034506,167.32237040201824,False,True,True,True,True,False,distribution,7,2,normal,False,True,acc,False,1.0,,0.019920834358442118,50.74632437455465,True,False,True,True,False,True,False,,Uptrend Under Pressure,192.15,-0.0214,0.4834413036137711,0.9144666488821164,0.35777641204564636,0.1467186588503253,0.847544360521846,0.7858050847457627,,False,,,0,0,0.348,0.838
NVDA,NVIDIA Corporation,Information Technology,XLK,5331174293504.0,2026-09-23,225.50999450683594,-0.014680826154739757,0.054277704261974646,0.05966828755963993,0.054427647161312764,0.04115241394669367,True,0.015020630905284493,0.03389727029548184,-0.0030289982987384834,0.0281944610375906,0.9800413779868288,0.6604454219273166,0.877371372155361,1.3809089809110056,0.6604454219273166,29101991857.64092,0.30222970547088757,221.02959594726562,212.92388610839845,209.35810305277508,True,True,True,True,True,False,dry_up,1,1,normal,False,False,,False,18.0,,0.024361694532206515,55.850551965343705,True,True,False,True,False,True,False,,Uptrend Under Pressure,227.73,-0.0097,0.30692900540674833,0.9878468725697951,-0.015154526305278915,0.016622424624688215,0.5215044631563731,0.78448093220339,,False,,,0,0,0.348,0.838
HMC,"Honda Motor Company, Ltd.",Consumer Discretionary,XLY,41473601536.0,2026-09-23,32.150001525878906,-0.01168144075246047,-0.0018626997919621857,-0.013501031747434555,-0.02150701440795555,0.12398697110500878,False,-0.06091575300948571,0.1077442980283001,0.05238463704525609,0.20840523152909984,0.9634402923267653,0.8976071561048171,1.3109355972164567,1.1191720295738699,0.8976071561048171,25555435.38525963,0.1428640629730548,32.06299982070923,30.501499938964844,27.939666668574016,True,True,True,True,True,False,dry_up,2,2,normal,False,False,,False,56.0,,0.021361913813441057,52.9953900719415,False,False,True,True,False,True,False,,Uptrend Under Pressure,28.02,0.1474,0.3571901881702515,0.8941366305950827,-0.1398405111220158,0.15149561359900843,0.5065899316974449,0.7838983050847459,,False,,,0,0,0.348,0.838
YPF,YPF Sociedad Anonima,Energy,XLE,20223232000.0,2026-09-23,53.93000030517578,0.014103046177060818,-0.06387780361374529,0.05167709806866805,0.043142158973375366,0.060412250515099686,False,0.0011296793005195482,0.04508829218245092,0.05786697133008922,-0.014707843996719983,0.9361221963862547,1.2106793669559002,0.8777840924077415,2.0781347964262156,1.2106793669559002,69360825.95008889,0.3501951878404655,53.41950016021728,50.81216684977213,48.888166745503746,True,True,True,True,True,False,accumulation,5,2,normal,False,False,,False,8.0,,0.03915128235810798,52.930749529412225,True,True,True,True,False,True,False,,Uptrend Under Pressure,56.06,-0.038,0.32508823637028655,0.9516263576747145,0.8431745285783745,0.06023824414397727,0.8579126160962741,0.7808262711864408,,False,,,0,0,0.348,0.838
GH,"Guardant Health, Inc.",Health Care,XLV,21339875328.0,2026-09-23,176.30999755859375,0.014033487720303217,0.00375749322541008,0.08046332560450731,0.07169477041236028,0.08335624562802901,False,0.02853233625116558,0.06770072490073198,0.11396503469210617,0.06028064477398676,0.9629163936724112,0.7925557003947443,1.169865685961252,0.8755971045050311,0.7925557003947443,302800096.8326813,0.4131266624837618,167.3009994506836,161.6326665242513,134.4767499923706,True,True,True,True,True,False,weak_rally,2,2,normal,False,False,,False,5.0,,0.04758662818849313,58.94790459741653,True,True,True,True,False,True,False,,Uptrend Under Pressure,175.65,0.0038,0.3314113573219784,0.9645151837456468,1.4806867941582866,0.7151391962146287,0.9832017274402804,0.778072033898305,,False,,,0,0,0.348,0.838
BIO,"Bio-Rad Laboratories, Inc.",Health Care,XLV,10324144128.0,2026-09-23,378.8800048828125,0.004107858812461451,0.0023280552455358094,-0.007544019303071137,-0.015598346401724417,0.23921733207933826,False,-0.0552450562062875,0.22130947147827862,0.023228863736669103,0.21282187385230156,0.9706410012742891,0.6866557822528256,0.992274933551409,1.0526163206871868,0.6866557822528256,98122493.72842407,0.5554057174906386,381.09949951171876,344.0849985758463,313.680832417806,False,True,True,True,True,False,weak_rally,3,3,normal,False,False,,False,5.0,분산3일,0.025000368214017032,57.490904247145956,True,False,True,True,False,True,False,,Uptrend Under Pressure,378.0,0.0023,0.4465803350974957,0.9645151837456468,0.15003513309050032,0.22427164996323867,0.774452495392288,0.7772245762711866,,False,,,0,0,0.348,0.838
KB,KB Financial Group Inc,Financials,XLF,43814531072.0,2026-09-23,125.38999938964844,-0.029489145886899992,-0.03240988553847313,0.05618259855427099,0.04761109484013337,-0.009794156684027722,False,0.005418629078472792,-0.02410356613902853,0.12347072505496937,0.042214350031368975,0.9436333141335332,0.7732509990271044,0.8482738473331135,1.6068939497154595,0.7732509990271044,19027607.726010133,0.06849214851200586,127.01849975585938,120.52183354695639,113.12975050608317,False,True,True,True,True,False,dry_up,1,1,normal,False,False,,False,,,0.031068776019740167,49.93270531250788,False,True,True,True,False,True,False,,Uptrend Under Pressure,,,0.3666440904111521,0.9346486837235032,0.2097780928339663,-0.01830213952020654,0.6636876151928011,0.7746822033898305,,False,,,0,0,0.348,0.838
APA,APA Corporation,Energy,XLE,15117668352.0,2026-09-23,43.70000076293945,-0.002510856126533345,-0.07825351395092162,0.0172253653220924,0.008970021019972574,0.2354442120550957,False,-0.03166617811547445,0.21759087660122067,0.023212465451219133,0.14792477239511603,0.9217464860490784,1.0234207882855384,1.3828077411610074,0.9407629092706967,1.0234207882855384,241163228.9937212,0.7407417872972558,43.96399993896485,39.12607946395874,38.257291618982954,False,True,True,True,True,False,distribution,2,5,normal,False,False,,False,30.0,분산5일,0.0366132741660787,52.38379028472007,True,True,True,True,False,True,False,,Uptrend Under Pressure,41.02,0.0653,0.3449603541871047,0.9516263576747145,0.6439891197116112,-0.03785589580310644,0.7526977702287594,0.7745762711864407,,False,,,0,0,0.348,0.838
AME,"AMETEK, Inc.",Industrials,XLI,53915365376.0,2026-09-23,246.4499969482422,0.021639105058057995,0.05118362190744308,0.018483652871956968,0.010218096873088944,0.03498874222859283,False,-0.030468368432657322,0.020032177597273826,0.06890006801198689,0.12455423481482342,0.954700434668707,1.0604823916452255,1.1258814174440959,1.2160380261038868,1.0604823916452255,327348765.3709434,0.49284039097437693,237.18627243041993,240.35703455607097,234.88827768961588,True,True,True,True,False,False,accumulation,4,1,normal,False,False,,False,28.0,,0.02098471601910859,58.96238140980356,True,True,True,True,True,True,False,,Uptrend Under Pressure,258.14,-0.0453,0.28352650804054846,0.9144666488821164,0.10121801802298092,-0.03758894004763469,0.5806214086950237,0.7703919491525424,,False,,,0,0,0.348,0.838
NTNX,"Nutanix, Inc.",Information Technology,XLK,18535876608.0,2026-09-23,69.68000030517578,-0.005139928692830087,0.024856633247620996,0.04499100159372871,0.03651032385518094,0.22817780425066037,True,-0.005235059108275819,0.2104294752509912,-0.037927076222809,0.16967155487466057,0.9948600713071699,0.6508886756989446,1.1205056750318352,0.8489902765529457,0.6508886756989446,192761772.33405,0.5248226566600472,67.93600006103516,61.7630833307902,53.37762502034505,True,True,True,True,True,False,dry_up,1,1,normal,False,False,,False,17.0,,0.025921538835230653,63.018935121967,True,True,False,True,False,True,False,,Uptrend Under Pressure,69.84,-0.0023,0.36638317754683003,0.9878468725697951,-0.24573461005729502,0.4296691137039901,0.4819901702143038,0.7683792372881355,,False,,,0,0,0.348,0.838
JCI,Johnson Controls International ,Industrials,XLI,83737698304.0,2026-09-23,145.89999389648438,0.004959369451898565,0.057982969284896546,0.023207589307928655,0.014903695962126706,-0.010609706119067086,False,-0.02597148152900086,-0.024907330114634973,0.07385784613975188,0.07500980394504242,0.9453893579180458,0.9037236773301144,1.024086779419788,1.9788270332630198,0.9037236773301144,454958864.92952883,0.3072900523726645,141.83915176391602,143.97667236328124,142.19983304341633,True,True,False,True,False,False,weak_rally,3,3,normal,False,False,,False,65.0,분산3일,0.02388010208289447,55.100675355259284,True,True,True,True,False,True,False,,Uptrend Under Pressure,144.42,0.0103,0.2923441060361035,0.9144666488821164,0.13802972836956218,-0.08111470644972452,0.5551118499512124,0.7665254237288136,,False,,,0,0,0.348,0.838
SLF,Sun Life Financial Inc.,Financials,XLF,43635286016.0,2026-09-23,79.95999908447266,-0.018172928690644574,-0.007078103855264861,0.02036551038735368,0.012084682077897702,0.00046878383188930783,False,-0.028676959820319703,-0.013988934804526565,0.08537177316225186,0.05301633019681384,0.9594373909643582,0.41419440211069986,0.5186818670456118,1.5887943292405902,0.41419440211069986,80264338.70132256,0.043954324168730054,79.75780029296875,79.97230186462403,75.34185730616251,True,False,True,True,False,False,dry_up,0,1,normal,False,False,,False,145.0,,0.015945478371234657,49.93429624175782,True,True,True,True,False,True,False,,Uptrend Under Pressure,63.07,0.2677,0.34296900152539606,0.9346486837235032,0.15076047733414066,0.07796213573233834,0.7100538469878211,0.7657309322033898,,False,,,0,0,0.348,0.838
ANET,"Arista Networks, Inc.",Information Technology,XLK,246809067520.0,2026-09-23,203.47000122070312,-0.00949273179643606,0.05512344474528419,0.08142443699810831,0.07264808185745708,0.09323008944372613,False,0.02944725314249541,0.07743188234974352,-0.004384565646850858,0.04115229417908606,0.9666033312147417,0.7950322652844207,1.2571672891891852,1.2994316903318122,0.7950322652844207,976890954.7349548,0.4746951568620663,195.4199996948242,185.85733388264973,171.30191663106282,True,True,True,True,True,False,dry_up,1,2,normal,False,False,,False,33.0,,0.03825449606057363,57.997513915328994,True,True,False,True,False,True,False,,Uptrend Under Pressure,197.31,0.0312,0.37481242505487816,0.9878468725697951,0.08396380567251516,0.1852419876962328,0.7208024646742076,0.7611228813559323,,False,,,0,0,0.348,0.838
VTRS,Viatris Inc.,Health Care,XLV,18963234816.0,2026-09-23,17.1200008392334,0.0011696173869881754,0.028228302190472565,0.03506649888764901,0.026666363956682648,0.024281654636171712,False,-0.01468255418979958,0.009479817530916756,0.06716059769720606,0.002464348722362786,0.9657558322884925,0.8571176531493045,1.125859083281195,1.5687366229486652,0.8571176531493045,134387454.10776576,0.2148779611215849,16.773999977111817,16.695989465713502,15.997444073359171,True,True,True,True,True,True,weak_rally,2,2,normal,False,False,,False,7.0,,0.02355224502833226,58.56248509724542,True,True,True,True,False,True,False,,Uptrend Under Pressure,16.51,0.0369,0.49347885302109806,0.9645151837456468,0.4673499834450934,0.06395625904181057,0.8184453037476058,0.7601694915254238,,False,,,0,0,0.348,0.838
ULTA,"Ulta Beauty, Inc.",Consumer Discretionary,XLY,22965037056.0,2026-09-23,543.8099975585938,-0.02518550919925633,-0.0009369667819709715,0.009373353072670731,0.0011817321761926625,0.1182339696717265,False,-0.03914079415452598,0.10207443289810048,0.07678674180283251,0.20222014468406457,0.9622400673562852,0.4566591681279403,0.8679126103847328,0.7618734307163204,0.4566591681279403,382263515.3669373,0.02967941199948421,543.8554931640625,512.9734944661458,511.2087463378906,False,True,True,True,True,False,dry_up,0,1,normal,False,False,,False,35.0,,0.02949428895021509,52.35342667647053,True,True,True,True,False,True,False,,Uptrend Under Pressure,534.41,0.0176,0.3656146915354084,0.8941366305950827,-0.14037245204545046,-0.13744947572624588,0.2667512919663185,0.7586334745762713,,False,,,0,0,0.348,0.838
MUFG,"Mitsubishi UFJ Financial Group,",Financials,XLF,256068648960.0,2026-09-23,22.81999969482422,-0.025619145154361256,-0.03753687996686961,0.03916214235908799,0.030728769024766622,0.01234493184390173,False,-0.010783762210188175,-0.0022844083455468844,0.10536591601101875,0.06551624823382185,0.9457107537710845,0.9156372417470648,1.0125738116385927,1.1089923983291947,0.9156372417470648,64464681.057683185,0.22449027255529347,23.239999866485597,22.407000001271566,20.60391666094462,False,True,True,True,True,False,dry_up,2,2,normal,False,False,,False,49.0,,0.022802667240948885,47.46509271044863,True,True,True,True,False,True,False,,Uptrend Under Pressure,22.5,0.0142,0.3856768184191525,0.9346486837235032,0.19536611702663098,0.12938600447583948,0.770634418705504,0.7560911016949153,,False,,,0,0,0.348,0.838
WAB,Westinghouse Air Brake Technolo,Industrials,XLI,48296677376.0,2026-09-23,292.2200012207031,0.03119484856225574,0.05069756346563459,-0.018143921729311674,-0.026112224779528237,0.09144041833598937,False,-0.0653354888458183,0.0756680736794415,0.030459375447103865,0.18589110625969774,0.9566095009937766,1.0720131131944552,1.23696778020437,1.1066876713846494,1.0720131131944552,216009878.7879715,0.7317817500496797,284.6095001220703,283.12588551839195,273.4567403157552,True,True,True,True,True,False,accumulation,4,1,normal,False,False,,False,35.0,,0.020610696190733295,59.01889139492388,True,False,True,True,True,True,False,,Uptrend Under Pressure,296.16,-0.0133,0.5327623168891727,0.9144666488821164,0.36194763135207064,0.05348952345124092,0.7890860467637599,0.7505826271186441,,False,,,0,0,0.348,0.838
MT,Arcelor Mittal NY Registry Shar,Materials,XLB,56251510784.0,2026-09-23,71.91999816894531,-0.00854704630213643,-0.018826805257266765,-0.009911911161245568,-0.0179470215128279,0.06407595505786223,False,-0.057499138586654897,0.048699052735053705,0.05023688295497153,0.09474426285238602,0.9133858282975356,0.933930513374727,0.9607782739714177,1.1337665957821705,0.933930513374727,85386747.8130951,0.3009094998910084,74.51349983215331,70.45640920003255,66.46689526240031,False,True,True,True,True,False,dry_up,1,1,normal,False,False,,False,23.0,,0.028637985735529326,44.690065687002566,True,False,True,True,False,True,False,,Uptrend Under Pressure,74.59,-0.0358,0.37499373306444755,0.9411475393682374,0.7812817241683805,0.19871303020368236,0.9260841675400239,0.7504766949152543,,False,,,0,0,0.348,0.838
TM,Toyota Motor Corporation,Consumer Discretionary,XLY,232739405824.0,2026-09-23,190.36000061035156,-0.011116879946225677,-0.026142121954467634,-0.01780092354213647,-0.02577201021162434,0.06024937618693005,False,-0.06500897639655223,0.04492777154212013,0.04779756679852598,0.13988055542153943,0.9524190987183442,0.8034037312958502,0.8804552044778202,1.17325618772099,0.8034037312958502,64598815.12143402,0.034632863899384365,194.38899917602538,186.90066630045573,188.48674952189128,False,True,True,False,False,False,dry_up,2,0,normal,False,False,,False,14.0,,0.01793218033279601,46.12138995902137,True,False,True,True,False,True,False,,Uptrend Under Pressure,198.05,-0.0388,0.3622133641596177,0.8941366305950827,-0.14726945928219337,-0.20016190361795305,0.21733403201908136,0.7492055084745763,,False,,,0,0,0.348,0.838
VOD,Vodafone Group Plc,Communication Services,XLC,37068484608.0,2026-09-23,16.350000381469727,-0.039365455832777285,-0.07522623873013734,0.023153995609039857,0.014850537205633119,0.028672094151394267,False,-0.026022499320183745,0.013806811049395407,0.01761861045328761,0.04433461312815856,0.9247737612698627,1.0562983316129193,1.2964741395073354,1.635043978564628,1.0562983316129193,55021558.264587596,0.5906443897535443,16.765499973297118,15.755499935150146,15.375575145085653,False,True,True,True,True,False,distribution,3,4,normal,False,False,,False,44.0,분산4일,0.02394058701640068,44.87208462586877,True,True,True,True,False,True,False,,Uptrend Under Pressure,15.27,0.0707,0.36957989287266996,0.9459199931884106,0.2514760010663808,-0.041458436962800604,0.6655126305518413,0.7474576271186442,,False,,,0,0,0.348,0.838
PAYP,PayPay Corporation - American D,Information Technology,XLK,10245175296.0,2026-09-23,16.420000076293945,-0.07336339093878042,-0.07856339183534888,0.0802631764695918,0.07149624559795109,0.04729282254420264,False,0.028341807010186404,0.03215845233398107,-0.00545368232846144,-0.0025966762184378434,0.8790149790171232,0.7220958989168499,0.6528925878747589,2.8570772603031056,0.7220958989168499,13713045.067264557,0.31249950329415316,16.891999912261962,15.79416667620341,17.161083388328553,False,True,True,False,False,False,dry_up,3,1,normal,False,False,,False,,,0.05507221066899531,47.14510546658598,False,True,False,False,True,True,False,,Uptrend Under Pressure,,,0.3509773990245191,0.9878468725697951,,-0.45435371898445354,,0.7472457627118645,,False,,,0,0,0.348,0.838
BRK-B,Berkshire Hathaway Inc. New,Financials,XLF,1078981951488.0,2026-09-23,507.1700134277344,0.01027868680251709,-0.018557930483514284,0.005651185878261966,-0.002510227580624247,-0.006477330777722501,False,-0.042684060482645725,-0.020834671499039947,0.06972001668799122,0.04570538533422153,0.9579729322642554,1.1356117363363134,1.4374282145876436,1.6286156361166435,1.1356117363363134,2396084316.983142,0.5036248843612132,507.6635009765625,504.47033233642577,492.31949920654296,False,True,True,True,True,False,accumulation,3,2,normal,False,False,surge,False,2.0,,0.013164092595208177,49.6111516474686,True,False,True,True,False,True,False,,Uptrend Under Pressure,509.77,-0.0051,0.4177360358001154,0.9346486837235032,-0.13517568522210044,-0.11812570773919406,0.2973085540818908,0.7442796610169492,,False,,,0,0,0.348,0.838
MET,"MetLife, Inc.",Financials,XLF,60478337024.0,2026-09-23,97.19999694824219,0.005794676760456641,-0.010384893705803977,0.010289968539551886,0.0020909088035308,0.023234246056652363,False,-0.03826823455416417,0.008447544994405254,0.07465433062857829,0.07697750107446755,0.9724862422814875,1.0013515611954,1.2553005328534435,1.1023745350500715,1.0013515611954,284485337.9883255,0.823307548235915,96.7275001525879,94.71881090799967,87.22318178812662,True,True,True,True,True,False,accumulation,3,2,normal,False,False,,False,30.0,,0.01955468039036756,53.544956210828865,True,True,True,True,False,True,False,,Uptrend Under Pressure,97.03,0.0018,0.384175706225023,0.9346486837235032,0.05373826236265056,0.18037125462142667,0.6909625600809512,0.7436970338983051,,False,,,0,0,0.348,0.838
T,AT&T Inc.,Communication Services,XLC,177408262144.0,2026-09-23,25.299999237060547,0.007968081774949676,-0.02165511833231948,-0.018238308589611507,-0.023093658175833642,0.1612819460059074,False,-0.059603478642436425,0.15318969435766494,-0.020509042415085887,0.1600734178547596,0.9468562832041602,1.137167614883056,1.2481915261460088,1.3215864047701398,1.137167614883056,972796144.4559997,0.551914275357407,25.755500030517577,23.96960554122925,24.224017683664957,False,True,True,False,False,False,accumulation,6,2,normal,False,True,acc,False,3.0,,0.0254579516203751,49.40519430986978,True,False,False,True,False,True,False,,Uptrend Under Pressure,25.4,-0.0039,0.3647608791448577,0.9459199931884106,-0.1942073884889085,-0.2224307223051235,0.16816161324129955,0.7430614406779661,,False,,,0,0,0.348,0.838
EHC,Encompass Health Corporation,Health Care,XLV,11859123200.0,2026-09-23,122.20999908447266,0.005347166328837805,0.0017213039710872735,0.010668218119925799,0.0024660886801548543,0.080950154712913,False,-0.03790816502161387,0.0653294042713326,0.04200580434349521,0.057925803845936485,0.9713854340356023,1.1372463601643963,1.1501875742039358,0.9582588405492749,1.1372463601643963,102010362.67071381,0.10330771992071461,121.54999961853028,116.72000528971354,110.08733812967937,True,True,True,True,True,False,accumulation,2,1,normal,False,False,,False,18.0,,0.020854038249070398,54.986240953036635,True,True,True,True,False,True,False,,Uptrend Under Pressure,120.78,0.0118,0.8448886764880861,0.9645151837456468,-0.16037029749193943,0.05726733778027149,0.4265828846084348,0.742478813559322,,False,,,0,0,0.348,0.838
ESLT,Elbit Systems Ltd.,Industrials,XLI,32826144768.0,2026-09-23,742.489990234375,-0.010923300137690717,0.014677130487700696,0.016552526582965577,0.008302642737928911,-0.01731013784316382,False,-0.03230667778249208,-0.0315109342733193,0.0668733481762569,0.06772953261165982,0.8591048779819487,1.0161626667778458,0.9106829251523045,1.4450169270856619,1.0161626667778458,49335774.64760742,0.24124652787454828,722.4869964599609,763.101166788737,798.2842025756836,True,False,False,False,False,False,distribution,1,2,normal,False,False,,False,70.0,,0.018843935223205318,50.8035318371943,False,True,True,False,False,True,False,,Uptrend Under Pressure,912.02,-0.1859,0.8049531060809109,0.9144666488821164,0.3127593071663033,-0.2974463003741321,0.515227133099635,0.7422669491525424,,False,,,0,0,0.348,0.838
TAK,Takeda Pharmaceutical Company L,Health Care,XLV,57419182080.0,2026-09-23,18.809999465942383,-0.004235041095337122,0.005882283343053629,0.031249983661007175,0.02288082185389717,0.11024198369324623,False,-0.018315633841253343,0.09419793866358117,0.0632257445503206,0.08659371381849823,0.9874015863133863,1.1801612852182068,1.1915496442576305,0.7333476939278619,1.1801612852182068,40171289.46531057,0.14999475476124627,18.446999931335448,17.554499864578247,17.059916551907857,True,True,True,True,True,False,distribution,3,3,normal,False,False,,False,38.0,분산3일,0.015379355024109557,61.86062085527605,False,True,True,True,False,True,False,,Uptrend Under Pressure,17.75,0.0597,0.4623042171626797,0.9645151837456468,0.03773750396504827,-0.13100314788950562,0.43494091286906866,0.7408898305084746,,False,,,0,0,0.348,0.838
SJM,The J.M. Smucker Company,Consumer Staples,XLP,14010929152.0,2026-09-23,122.41000366210938,0.021104491713852314,0.005834073390890371,-0.027488670922163894,-0.03538113618398675,0.08802119684032927,False,-0.07423109547238094,0.07229826316305288,0.024996218920936508,0.1396582367707453,0.9249660499428458,0.7792648874721319,1.0387190316886175,1.2003412714228776,0.7792648874721319,194856574.0549469,0.651163038271145,125.74349899291992,119.47548535664876,109.71947415669759,False,True,True,True,True,False,weak_rally,1,2,normal,False,False,,False,17.0,,0.022232075655754663,48.35221858388395,True,False,True,True,False,True,False,,Uptrend Under Pressure,131.84,-0.0715,0.40475322508413064,0.9334307577070513,0.022900768496199042,0.10099448802286481,0.6204284268728995,0.7392478813559322,,False,,,0,0,0.348,0.838
ABBV,AbbVie Inc.,Health Care,XLV,453124259840.0,2026-09-23,265.0799865722656,0.0022685101369286365,0.00775539066710218,0.002117033047981831,-0.006015698813467862,0.047743762775892984,False,-0.046048349099441555,0.032602876053515306,0.03318947439541731,0.0254267115153326,0.9966537028824579,0.8161767988226065,1.0272188703231309,1.360834738405013,0.8161767988226065,1095696814.3491836,0.25708559525312463,259.6894981384277,255.1275957743327,233.62210604349772,True,True,True,True,True,False,weak_rally,3,1,normal,False,False,,False,55.0,,0.020775780308293076,60.34804651274005,True,False,True,True,True,True,False,,Uptrend Under Pressure,252.96,0.0479,0.43559567338584726,0.9645151837456468,0.05559115053508612,0.12085377766832273,0.6661866213725561,0.7391419491525424,,False,,,0,0,0.348,0.838
EMR,Emerson Electric Company,Industrials,XLI,85031034880.0,2026-09-23,154.58999633789062,0.01891639265816103,0.05163262814891589,-0.018912298329696764,-0.026874365580447424,0.11518447349689209,False,-0.0660669344776934,0.09906900482253223,0.02965296309272336,0.21168991613406862,0.9436321194501173,1.185745014448766,1.1613649188449089,0.8673779353448979,1.185745014448766,345848363.8371353,0.4351115280129619,151.30149993896484,149.32288665771483,144.6216854095459,True,True,True,True,True,False,accumulation,2,2,normal,False,False,,False,28.0,,0.02362707486498228,55.418371881420285,True,False,True,True,False,True,False,,Uptrend Under Pressure,163.25,-0.053,0.37558942672852025,0.9144666488821164,0.037561509502494816,0.04176796006380834,0.5919283726645224,0.7341631355932204,,False,,,0,0,0.348,0.838
MFC,Manulife Financial Corporation,Financials,XLF,70481248256.0,2026-09-23,43.599998474121094,-0.021983026394828853,-0.006154558111179598,0.018215758637456503,0.009952376747903502,0.036348012436858035,False,-0.0307233866978307,0.021371805067514904,0.0830850633069189,0.09078004081574043,0.9777976749253422,0.7891561236220727,0.9179901929043989,0.8648100599454275,0.7891561236220727,76063284.49931183,0.0,43.50499992370605,42.966987482706706,40.52309846878052,True,True,True,True,True,False,dry_up,0,1,normal,False,False,,False,32.0,,0.018201181191302,50.784621902556516,True,True,True,True,False,True,False,,Uptrend Under Pressure,44.21,-0.0138,0.31692091838725805,0.9346486837235032,0.18943316516087827,0.07490278001046247,0.7358723934805392,0.7325741525423729,,False,,,0,0,0.348,0.838
MSFT,Microsoft Corporation,Information Technology,XLK,3766905208832.0,2026-09-23,500.5899963378906,0.005200795859218177,0.020987168674511336,0.018059435515098254,0.01302457369249388,0.27264128216179095,False,-0.02483508974740911,0.2637730365573401,-0.05425884863910857,0.18901000213042485,0.9748017988807746,0.8959887390728598,1.1735815067610889,1.0588619903100107,0.8959887390728598,10773471853.283865,0.3463810547715804,499.40700073242186,456.6031255086263,430.52807744344074,True,True,True,True,True,False,weak_rally,2,2,normal,False,False,,False,36.0,,0.021712960931258823,56.30229305005023,True,True,False,True,False,True,False,,Uptrend Under Pressure,486.73,0.0285,0.6937288173069538,0.9878468725697951,-0.1726919999005897,0.12015792674395298,0.4597927433052655,0.7320444915254238,,False,,,0,0,0.348,0.838
EQNR,Equinor ASA,Energy,XLE,101580062720.0,2026-09-23,42.900001525878906,0.009649325281620103,-0.062295048614668724,0.01250891213960581,0.004291844453694793,0.16917431239727843,False,-0.036155941437971406,0.15227863956996424,0.018468252562358067,0.08634946309417724,0.9377049513853313,1.2292542843367051,1.0839219962192368,0.7978263968637389,1.2292542843367051,138211944.8596939,0.7755127461551337,43.38250026702881,39.67163200378418,38.33172219594319,False,True,True,True,True,False,accumulation,3,6,normal,False,False,,False,9.0,분산6일,0.02732267609679783,50.57723148705046,True,True,True,True,False,True,False,,Uptrend Under Pressure,45.23,-0.0515,0.3745243332710218,0.9516263576747145,0.6012714490929065,-0.05199339830861471,0.7359238914386904,0.7302966101694917,,False,,,0,0,0.348,0.838
CLH,"Clean Harbors, Inc.",Industrials,XLI,16641179648.0,2026-09-23,313.1499938964844,0.005522914494924036,-0.015870578619780695,-0.0018805264112167208,-0.009980815875112459,0.003790119157020877,False,-0.04985377134047142,-0.010715595911071851,0.0475278323757915,0.09065575624781785,0.9595820230758678,1.1422174713746822,1.2129955342564538,1.2810349988853857,1.1422174713746822,118890370.70575257,0.5124995231616292,315.9404998779297,311.2543329874674,303.28583374023435,False,True,True,True,True,False,accumulation,3,1,normal,False,False,,False,38.0,,0.020594858409252084,46.395354412911566,True,False,True,True,True,True,False,,Uptrend Under Pressure,326.34,-0.0404,0.5520973117359003,0.9144666488821164,0.1580418959023222,-0.05713931031202002,0.5980060351993062,0.7301377118644068,,False,,,0,0,0.348,0.838
MFG,"Mizuho Financial Group, Inc. Sp",Financials,XLF,129259462656.0,2026-09-23,10.739999771118164,-0.031559997894864966,-0.03677128802145668,0.04985339703840763,0.041333258281783136,-0.0034976989067874165,False,-0.0006063680384568171,-0.017898098122208994,0.1167382977021807,0.04884151618485366,0.9379912620109868,0.8062113486456948,0.8222509941085805,0.9271499147496788,0.8062113486456948,33581138.2385026,0.06250149011754047,10.938999891281128,10.547333240509033,9.754833308855693,False,True,True,True,True,False,dry_up,2,3,normal,False,False,,False,,분산3일,0.02450785748751439,47.48085057131663,False,True,True,True,False,True,False,,Uptrend Under Pressure,,,0.42905082603334077,0.9346486837235032,0.33089453888721065,0.13239302938226927,0.8309620179971812,0.728813559322034,,False,,,0,0,0.348,0.838
BBD,Banco Bradesco Sa,Financials,XLF,34732498944.0,2026-09-23,3.4600000381469727,-0.017045438382004785,-0.011428560529436416,0.09968765013177494,0.09076307895402769,-0.0649813235658292,False,0.046832669960149786,-0.07849322634794609,0.16974743128572523,-0.01587140824812039,0.9297563122629328,1.1511651312174591,0.899146076822942,1.8816978352194438,1.1511651312174591,98459304.46497484,0.09090974770973614,3.426664340496063,3.4211682875951133,3.4984582662582397,True,True,True,True,False,True,distribution,1,3,normal,False,False,,False,10.0,분산3일,0.03313016472086994,52.813527212974854,True,True,True,True,False,True,False,,Uptrend Under Pressure,3.55,-0.0254,0.3025098854277127,0.9346486837235032,-0.16236496323320915,-0.22995732675679814,0.18716797369086768,0.728760593220339,,False,,,0,0,0.348,0.838
AAPL,Apple Inc.,Information Technology,XLK,4624166158336.0,2026-09-23,337.0199890136719,-0.008035352424806796,0.01386837129080054,0.08751208664510779,0.08213374340142487,0.046408761173891255,False,0.04169127005370865,0.03911698930792107,-0.00019949709073052713,-0.014631875047302234,0.9918568460351399,0.7242124071757141,1.0603728012286968,1.3783594095321927,0.7242124071757141,14220614309.665752,0.2277872546022856,326.94799957275393,319.3410949707031,302.7370367685954,True,True,True,True,True,False,dry_up,2,1,normal,False,False,,False,9.0,,0.021469699155274642,62.94319322873466,True,True,False,True,False,True,False,,Uptrend Under Pressure,326.57,0.032,0.4581292040666629,0.9878468725697951,0.05368284329493411,0.05427990902990021,0.6174415453001337,0.7285487288135594,,False,,,0,0,0.348,0.838
FNV,Franco-Nevada Corporation,Materials,XLB,50754740224.0,2026-09-23,260.9100036621094,-0.0029424833201745493,-0.008286110099684052,-0.03252797600800372,-0.04037954453253978,0.2687265893558912,False,-0.07902819326385047,0.2503922921225563,0.026246870634729413,0.3052932436107061,0.9616338475357729,0.7701031859892788,0.8343898815891627,0.7610329550908059,0.7701031859892788,205299053.4826126,0.6895741280436213,264.1113868713379,235.1310587565104,234.13148078918456,False,True,True,True,True,False,dry_up,1,1,normal,False,False,,False,9.0,,0.028927067280293903,53.86093546706723,True,False,True,True,False,True,False,,Uptrend Under Pressure,264.99,-0.0154,0.4287373218438195,0.9411475393682374,0.07186780130950288,0.0021702995948227333,0.5900048787539302,0.7232521186440678,,False,,,0,0,0.348,0.838
PM,Philip Morris International Inc,Consumer Staples,XLP,291928276992.0,2026-09-23,190.83999633789062,0.017921915334554228,-0.016846140137957155,-0.003238328393580181,-0.011327598546278406,0.030832781030779355,False,-0.05114631243093881,0.01593627396310704,0.050555313870406904,0.07975568219322793,0.953389609250133,1.5914457473208463,1.2427231358038697,1.0190452039373727,1.5914457473208463,796938611.1635056,0.5135129562169222,189.54249954223633,188.41616668701172,180.09554545084634,True,True,True,True,True,False,accumulation,3,2,interest,True,False,surge,False,39.0,,0.023883144182355258,52.601947060902056,True,False,True,True,False,True,False,,Uptrend Under Pressure,200.17,-0.0466,0.4554761663425529,0.9334307577070513,0.028971898069632518,-0.007446965240439085,0.5397528098008746,0.7226165254237288,,False,,,0,0,0.348,0.838
PWR,"Quanta Services, Inc.",Industrials,XLI,91271970816.0,2026-09-23,634.9000244140625,-0.011997885363206673,0.03513499581953705,0.02937837520103259,0.02102440252777904,-0.04445314565444347,False,-0.020097286004975068,-0.058261699991468796,0.08033409486718757,0.03823763271518277,0.8789855139206479,0.8314359270014426,0.9494709845169872,1.4219914878648183,0.8314359270014426,561201019.205127,0.274143172100481,621.9760040283203,647.35751953125,664.8267181396484,True,False,False,True,False,False,dry_up,1,1,normal,False,False,,False,90.0,,0.0349152035309447,50.258620630142595,True,True,True,False,False,True,False,,Uptrend Under Pressure,773.6,-0.1793,0.5435680474122969,0.9144666488821164,0.4155972932395564,-0.03780802980971043,0.7211385566116151,0.7217690677966101,,False,,,0,0,0.348,0.838
TSLA,"Tesla, Inc.",Consumer Discretionary,XLY,1453236027392.0,2026-09-23,380.1199951171875,0.0032198501988798256,0.06155051768154007,0.08528192752944319,0.07991461364475261,-0.06283301805687858,False,0.03955507560571392,-0.06936355190388377,0.16207821925568955,0.007600550739317091,0.9636465125778828,0.8448271120276751,0.9681180252377016,1.2937624593030443,0.8448271120276751,14172293961.411194,0.2789022367294521,363.2134979248047,358.4871648152669,378.04808247884114,True,True,False,False,False,False,weak_rally,0,1,normal,False,False,,False,13.0,,0.03424013266414043,60.594144913776354,True,True,True,True,False,True,False,,Uptrend Under Pressure,376.37,0.01,0.4271680490223293,0.8941366305950827,-0.30383869556786125,-0.22258316729878547,0.11144790574970186,0.7188559322033898,,False,,,0,0,0.348,0.838
BNS,Bank Nova Scotia Halifax Pfd 3,Financials,XLF,111717957632.0,2026-09-23,92.25,-0.03251178315396053,-0.011042011071782709,0.062053872343699634,0.05343472000785465,0.020312518552019876,False,0.011007708137711347,0.005568039211106823,0.12971605065514002,0.07390231589679597,0.9674882168460395,0.6093786016214556,0.5891851988716977,0.7249243189728245,0.6093786016214556,188689643.61953276,0.04622929761316934,93.17949905395508,89.62658259073893,83.68702596028646,False,True,True,True,True,False,dry_up,1,1,normal,False,False,,False,18.0,,0.017696479564021365,50.465675394521824,True,True,True,True,False,True,False,,Uptrend Under Pressure,93.59,-0.0143,0.2797503683997332,0.9346486837235032,0.17017680182918027,0.08943561114506582,0.7302744750822161,0.7182203389830509,,False,,,0,0,0.348,0.838
TD,Toronto Dominion Bank (The),Financials,XLF,198112362496.0,2026-09-23,119.41000366210938,-0.03732664639829408,-0.016958899628648827,0.024538829133118778,0.016224132042659933,-0.036537299064966056,False,-0.024704225922016265,-0.050460244859885206,0.08981096903956343,0.014066579603142948,0.9568109033826461,0.805730868919839,0.8145899368699047,1.3469312497595411,0.805730868919839,223553404.2418228,0.003185394323146227,120.95099983215331,120.7227399190267,114.49717667897542,False,False,True,True,True,True,dry_up,2,1,normal,False,False,,False,51.0,,0.017712079673195,45.76335577041246,True,True,True,True,False,True,False,,Uptrend Under Pressure,120.53,-0.0093,0.324761863001276,0.9346486837235032,0.2994982816165894,0.0837675925579715,0.787228506378519,0.718167372881356,,False,,,0,0,0.348,0.838
DLR,"Digital Realty Trust, Inc.",Real Estate,XLRE,70090604544.0,2026-09-23,181.4499969482422,-0.02619011879384403,0.012160387258473015,-0.031057002398583666,-0.038920508684425315,-0.0005766381700694767,False,-0.07762791998551954,-0.015019249471399099,0.04100302605924799,0.08786639087499104,0.9127864406446603,0.7318485701007826,1.1308008307677746,1.6417404783593315,0.7318485701007826,395847728.1726929,0.1178961878917663,185.02105941772462,185.03612314860027,187.19359715779623,False,False,False,True,False,False,dry_up,2,2,normal,False,False,,False,41.0,,0.02669543049184617,44.85709236261048,True,False,True,True,False,True,False,,Uptrend Under Pressure,197.72,-0.0823,0.39965635462969556,0.917022007899457,-0.027135803220186383,-0.071697895428662,0.4324482309999638,0.7171080508474577,,False,,,0,0,0.348,0.838
ITUB,Itau Unibanco Banco Holding SA,Financials,XLF,83876446208.0,2026-09-23,8.180000305175781,-0.031952604755483005,-0.009685220519283777,0.08776600078766905,0.07893818036284239,-0.0596860461741735,False,0.03548401835737525,-0.07327447071475746,0.15706626796149736,-0.010298007401990494,0.9570633498163444,0.8048144284040435,0.9615361993844822,1.3329633751425098,0.8048144284040435,176243020.29604644,0.03030373089038523,8.047259163856506,8.055209271113078,8.132983136177064,True,True,True,True,False,False,dry_up,3,2,normal,False,False,,False,8.0,,0.031636399638756314,53.541107936238106,True,True,True,True,False,True,False,,Uptrend Under Pressure,8.3,-0.0145,0.3283249947178968,0.9346486837235032,-0.02358143000951074,-0.20676113749803826,0.32589263127461965,0.7156779661016949,,False,,,0,0,0.348,0.838
LOGI,Logitech International S.A. - R,Information Technology,XLK,14131257344.0,2026-09-23,104.6500015258789,-0.004471092165362456,0.051896490149468955,0.09442249795603908,0.08554065638914854,0.013000274993974381,False,0.041820580109716676,-0.0016385355228120124,0.007582123530528673,-0.03525564243234136,0.9527924503374097,1.0054390688934218,1.0168341472625675,1.4696826235637572,1.0054390688934218,71703479.24119759,0.09787383245838731,98.96443214416504,99.62182858784993,100.97972132364909,True,True,False,True,False,False,distribution,4,2,normal,False,False,,False,39.0,,0.02955242352584702,59.7429471544208,True,True,True,True,False,True,False,,Uptrend Under Pressure,109.84,-0.0472,0.38007883693871586,0.9878468725697951,-0.25051879970886615,-0.09811989847449787,0.23153391637454374,0.7153072033898304,,False,,,0,0,0.348,0.838
ARCC,Ares Capital Corporation,Financials,XLF,14410718208.0,2026-09-23,19.149999618530273,-0.014917742158457314,-0.01135783227523246,-0.021158336647285392,-0.02910217605958476,0.02477949840944138,False,-0.06820502004094608,0.009970466991565008,0.04120249163940315,0.07860391459986471,0.9720542446527948,1.2306989684658993,1.1770750632471934,1.1400531238915153,1.2306989684658993,86329684.12150812,0.04761991262568006,19.39617919921875,18.933623631795246,18.383303451538087,False,True,True,True,True,False,distribution,6,3,normal,False,True,acc,False,6.0,분산3일,0.013664519502633452,45.65768362918759,True,False,True,True,False,True,False,,Uptrend Under Pressure,19.32,-0.0088,0.4705502230022593,0.9346486837235032,-0.14350027737757165,-0.04593143378890141,0.3531675761627697,0.714989406779661,,False,,,0,0,0.348,0.838
RACE,Ferrari N.V.,Consumer Discretionary,XLY,74278215680.0,2026-09-23,413.04998779296875,-0.007401574156401303,0.015064322625957471,-0.026835393890588533,-0.034733160855459855,0.07787045727185182,False,-0.07360921730624381,0.06229421136635249,0.03815970796184276,0.1588250869113339,0.9461904515229882,1.3865077289676253,1.2514026956694297,0.8770997250042111,1.3865077289676253,144520398.34023744,0.35020228794642855,412.6040008544922,399.0133341471354,372.6408503214518,True,True,True,True,True,False,distribution,1,2,normal,False,False,,False,28.0,,0.018917627013174926,52.128608657930364,True,False,True,True,False,True,False,,Uptrend Under Pressure,407.21,0.0143,0.415872344532873,0.8941366305950827,-0.2084906146887584,0.1452658509833109,0.449045029091829,0.714353813559322,,False,,,0,0,0.348,0.838
W,Wayfair Inc.,Consumer Discretionary,XLY,13596819456.0,2026-09-23,99.5,-0.05192946266525322,-0.04040893377135335,-0.03575930181319187,-0.043584646348449385,0.12126859871400986,False,-0.08210420982159838,0.10506520868522173,0.02863979572433739,0.20548269283161158,0.857167457188831,1.7865715172168566,1.1445933655934435,0.8450228044945045,1.7865715172168566,240428796.1846756,0.22097351521974767,100.93199996948242,97.15799992879232,85.07158298492432,False,True,True,True,True,False,distribution,2,4,interest,False,False,,False,34.0,분산4일,0.046582930565564985,48.264142068554655,True,False,True,False,False,True,False,,Uptrend Under Pressure,116.08,-0.1428,0.7105372290594344,0.8941366305950827,-0.022829994999921333,0.13202357215151217,0.6015404213797839,0.713824152542373,,False,,,0,0,0.348,0.838
AES,The AES Corporation,Utilities,XLU,10516085760.0,2026-09-23,14.8100004196167,-0.0013485842341365295,0.0006756911319565351,0.004067825058759356,-0.004080738554689489,-0.01168323845026753,False,-0.04419131923379349,-0.025965348889947948,0.08374987904549847,0.15940215718222883,0.9973063999444107,1.4215091328238394,1.0714305730669427,0.9358867966164213,1.4215091328238394,111457718.64029904,0.28572207084468665,14.789499998092651,14.68881704012553,14.491194788614909,True,True,True,True,True,False,distribution,1,5,normal,False,False,,False,142.0,분산5일,0.003014372442807301,57.29143633753969,True,False,True,True,False,True,False,,Uptrend Under Pressure,16.87,-0.122,0.3995260454502843,0.8501929415105124,0.021379798439527642,-0.08254723785820917,0.4606745329044848,0.7129237288135594,,False,,,0,0,0.348,0.838
EGO,Eldorado Gold Corporation,Materials,XLB,11694735360.0,2026-09-23,42.84000015258789,0.011092783397486317,0.06540664332247714,-0.07457888298461879,-0.08208918523017406,0.43329788261171465,False,-0.11905798101249077,0.41258537479152757,-0.01835866897977878,0.47460773499230413,0.8913954386965309,0.8809655978195391,1.4169126464931026,1.4291626484860884,0.8809655978195391,136853417.81362668,0.27058886887629624,43.681976318359375,37.301890754699706,34.899025996526085,False,True,True,True,True,False,weak_rally,3,2,normal,False,False,surge,False,2.0,,0.04315059519797189,53.53219744684415,True,False,False,False,False,True,False,,Uptrend Under Pressure,43.22,-0.0088,0.45597466990940155,0.9411475393682374,0.4137000836588314,0.18722461214017794,0.8730331393878067,0.7121292372881356,,False,,,0,0,0.348,0.838
PKG,Packaging Corporation of Americ,Materials,XLB,20843655168.0,2026-09-23,240.97999572753906,0.011203886518813988,0.042255909043602324,-0.02547552054787594,-0.033384323634175206,0.0451844933181349,False,-0.07231470441252452,0.0300805904560566,0.0337277694791045,0.07530832009082133,0.9421577715227889,0.8067120099072171,1.1152686554583708,1.1029588219252795,0.8067120099072171,144501502.44224548,0.6875760123721866,234.70483016967773,239.31887766520182,227.65526123046874,True,True,True,True,False,False,weak_rally,4,3,normal,False,False,,False,39.0,분산3일,0.023736713861571654,54.85726537459621,True,False,True,True,False,True,False,,Uptrend Under Pressure,251.61,-0.0423,0.41064567750285014,0.9411475393682374,0.047810864287073374,0.03910270396117177,0.5994046113259368,0.7090572033898306,,False,,,0,0,0.348,0.838
DXCM,"DexCom, Inc.",Health Care,XLV,34362470400.0,2026-09-23,87.7300033569336,-0.016148871162736222,0.014806321039638082,-0.03656923227476949,-0.044388003778082386,0.11837802688903776,False,-0.08287521208526272,0.10221640835259316,-0.0066963281775256345,0.09455645844692073,0.9500758808340414,0.9088988065485074,1.4120508128220137,1.1881167365326197,0.9088988065485074,349464795.86934245,0.13780375531358688,87.76649971008301,82.3263333638509,74.44141670862834,False,True,True,True,True,False,dry_up,2,1,normal,False,False,,False,23.0,,0.02797136865786804,52.94562971221426,True,False,False,True,False,True,False,,Uptrend Under Pressure,89.88,-0.0239,0.6441599648476771,0.9645151837456468,0.17686467966315012,0.1954920173999306,0.7904846228903907,0.7085805084745763,,False,,,0,0,0.348,0.838
FAST,Fastenal Company,Industrials,XLI,56583106560.0,2026-09-23,50.9900016784668,0.026988924701028427,0.0319773696809158,-0.005655169807592841,-0.013724825960604647,0.06059995034246679,False,-0.05344699167381106,0.04527327957007343,0.04356633866724735,0.15238177666920527,0.9734631660690332,1.2625673805182487,1.123053450250101,0.7804748097084999,1.2625673805182487,308982935.1023523,0.9545462427044067,49.5204999923706,48.75065542856852,46.8701605796814,True,True,True,True,True,False,accumulation,4,2,normal,False,False,,False,56.0,,0.020928470757460255,60.90633443973494,True,False,True,True,False,True,False,,Uptrend Under Pressure,48.33,0.0549,0.3769133912368144,0.9144666488821164,-0.053751214448918505,-0.004829937039155463,0.47065339163745434,0.7083156779661017,,False,,,0,0,0.348,0.838
BP,BP p.l.c.,Energy,XLE,110404919296.0,2026-09-23,44.4900016784668,0.03225065553494888,-0.0196121500374703,0.03803082232624977,0.03289719105120259,0.06256604329653959,False,-0.005705169677995281,0.05516168138011901,0.026768355694408275,-0.01255867306197922,0.9474020985059481,0.8539700798533375,1.03821258108043,0.9125896736631299,0.8539700798533375,451055465.1219532,0.9148956029462492,44.37050037384033,42.441154861450194,42.803213055928545,True,True,True,True,False,False,weak_rally,1,3,normal,False,False,,False,15.0,분산3일,0.024837030805758522,52.02669789933878,True,True,True,True,False,True,False,,Uptrend Under Pressure,44.47,0.0004,0.3385218857036923,0.9516263576747145,0.15920917515077693,-0.14676989530710405,0.5130524737089373,0.704343220338983,,False,,,0,0,0.348,0.838
NUE,Nucor Corporation,Materials,XLB,56637243392.0,2026-09-23,246.97999572753906,0.018894397468551816,-0.04574612186703142,0.00956506026704007,0.0013718835610543323,0.031704607957963704,False,-0.038958301103787285,0.016795502167956,0.07089709894265939,0.06143992367437101,0.8989590321993006,1.1023006507737412,1.4020777938768099,0.8023866625696063,1.1023006507737412,305036631.5337868,0.6180051890201281,254.9260009765625,249.90066680908203,237.84889335632323,False,False,True,True,True,False,accumulation,1,2,normal,False,False,,False,33.0,,0.034233549183400235,43.66632785929296,True,True,True,False,False,True,False,,Uptrend Under Pressure,274.74,-0.101,0.3412062060957955,0.9411475393682374,0.5922099544803401,0.3025096567278547,0.9227801669618012,0.703760593220339,,False,,,0,0,0.348,0.838
CVX,Chevron Corporation,Energy,XLE,404364918784.0,2026-09-23,205.50999450683594,0.009034204126443512,-0.05629797274690784,0.01191589055385589,0.0037036355648514263,0.10740843873063444,False,-0.036720460253728104,0.09140534110130316,0.017871740619668897,0.02895911249904559,0.9437020272530922,0.8270551626236639,1.5932798305291889,0.7933274558129456,0.8270551626236639,2083641814.5063972,0.5767034986800297,208.6395004272461,194.1777432759603,189.1922639211019,False,True,True,True,True,False,weak_rally,2,4,normal,False,False,,False,15.0,분산4일,0.022741326166226837,49.398595209351406,True,True,True,True,False,True,False,,Uptrend Under Pressure,206.14,-0.0031,0.30844433732468624,0.9516263576747145,0.17414016629467421,-0.13070707105231993,0.5374941274258249,0.7023305084745763,,False,,,0,0,0.348,0.838
CACI,"CACI International, Inc.",Industrials,XLI,13768235008.0,2026-09-23,616.6799926757812,-0.02558187710954507,-0.030986849437093622,-0.03113905314095644,-0.03900189353981587,0.25576603145979027,False,-0.07770602707138141,0.23761902652628586,0.0168209662192651,0.36443707162837047,0.9067756398940231,0.5698400413378852,1.0271471669333019,0.688602106289912,0.5698400413378852,166248818.07720947,0.311582318025617,625.6344970703125,567.836164855957,540.0475824991862,False,True,True,True,True,False,dry_up,3,5,normal,False,False,,False,32.0,분산5일,0.02956385997499215,49.33600735090952,True,False,True,True,False,True,False,,Uptrend Under Pressure,628.79,-0.0193,0.7056189518328204,0.9144666488821164,0.11570520058429157,-0.06211398530815482,0.5652000289111344,0.701906779661017,,False,,,0,0,0.348,0.838
SMFG,Sumitomo Mitsui Financial Group,Financials,XLF,163632234496.0,2026-09-23,25.850000381469727,-0.030746145199792796,-0.03472741901905729,0.03400001525878915,0.025608535430073465,-0.0308178797867269,False,-0.015697778744275803,-0.04482347659087771,0.09987491598494636,0.020086399508128627,0.9379535878951736,0.7981360010640589,0.8505397166202623,1.0192138426758215,0.7981360010640589,35746397.97103691,0.20513322117453733,26.40650005340576,25.762333234151203,23.961083316802977,False,True,True,True,True,False,dry_up,1,3,normal,False,False,,False,,분산3일,0.023680573551689173,46.56377578992361,False,True,True,True,False,True,False,,Uptrend Under Pressure,,,0.3644911409926832,0.9346486837235032,0.27874584665664925,0.0949927529797161,0.7878275089443822,0.7018008474576272,,False,,,0,0,0.348,0.838
PG,Procter & Gamble Company (The),Consumer Staples,XLP,337321721856.0,2026-09-23,147.38999938964844,0.00896767211235927,0.004908987725450009,0.005388767075323209,-0.002770516710391746,-0.025904739573180513,False,-0.04293386648537312,-0.039981335892735004,0.05964799996207515,0.020325422122897674,0.9801338084156128,0.7847360280768152,0.9326045013218368,1.2848912522611693,0.7847360280768152,1218013528.6977172,0.1360418432248731,145.667000579834,146.18091150919597,145.1511464436849,True,True,False,True,False,False,weak_rally,2,2,normal,False,False,,False,39.0,,0.014601676063507195,55.625966775060206,True,False,True,True,False,True,False,,Uptrend Under Pressure,148.88,-0.01,0.3874306142091475,0.9334307577070513,-0.17950075543488864,-0.12929726258131835,0.2381256550178888,0.700688559322034,,False,,,0,0,0.348,0.838
RGA,"Reinsurance Group of America, I",Financials,XLF,16066821120.0,2026-09-23,246.75,0.006608718169617722,-0.0064825278080002935,0.004805117239840007,-0.0033494299058853816,0.013066996355272753,False,-0.04348946399119902,-0.0015727783481873647,0.06882004603144454,0.06627623768498392,0.9642061524323848,1.0940020853133905,1.1357656218290992,0.8569219117101521,1.0940020853133905,74416326.68477479,0.5203402260089272,247.75250015258788,239.79231745402018,223.46488342285156,False,True,True,True,True,False,accumulation,1,1,normal,False,False,,False,60.0,,0.01820958576873236,52.367273160892395,True,False,True,True,False,True,False,,Uptrend Under Pressure,214.43,0.1507,0.4632345115027882,0.9346486837235032,0.14002878894669446,0.04110034618710423,0.6672003180224785,0.7001588983050848,,False,,,0,0,0.348,0.838
ADM,Archer-Daniels-Midland Company,Consumer Staples,XLP,39178493952.0,2026-09-23,82.1500015258789,-0.014751688271237517,-0.05149519747191411,0.05104910026640397,0.042519257719285664,-0.019203028754581686,False,0.0005318653521733108,-0.033376471123671814,0.10777254872173514,0.027345193389350708,0.9325690196509099,0.6361529179195529,1.201671136806558,0.8374070780559698,0.6361529179195529,332440487.8089218,0.41924387813958364,84.08150024414063,81.58187662760416,78.46730728149414,False,True,True,True,True,False,dry_up,2,2,normal,False,False,,False,90.0,,0.032562389254872655,45.721353093477056,True,True,True,True,False,True,False,,Uptrend Under Pressure,81.83,0.0039,0.3182756564878661,0.9334307577070513,0.1524134922443321,0.02135794676862246,0.6587907918036934,0.6955508474576271,,False,,,0,0,0.348,0.838
FLS,Flowserve Corporation,Industrials,XLI,10053349376.0,2026-09-23,77.18000030517578,0.03361460021133844,0.08658315685726081,-0.040765583104882985,-0.04855029890913831,0.09888496284308324,False,-0.08686987106233757,0.08300503748876742,0.006717909087081475,0.1939798841469751,0.9321255731951,0.848801025957301,1.026447563158922,0.9555193926024488,0.848801025957301,127777396.66826591,0.7293855358484681,76.33249969482422,75.08733317057292,75.49236971537272,True,True,False,True,False,False,weak_rally,2,2,normal,False,False,,False,33.0,,0.03227382434336631,54.083969781116906,True,False,True,True,False,True,False,,Uptrend Under Pressure,78.67,-0.0189,0.3412776464751759,0.9144666488821164,0.2196283009885558,-0.08186665600352672,0.6069323479455024,0.6950741525423729,,False,,,0,0,0.348,0.838
EGP,"EastGroup Properties, Inc.",Real Estate,XLRE,10727776256.0,2026-09-23,202.60000610351562,0.00014809092270429147,0.02024375181485305,0.0011860322812817792,-0.006939143995991159,-0.06557430941026665,False,-0.04693460258989679,-0.07907764298699427,0.07564396650070071,0.017116811939908105,0.9069746695090356,1.4747596450785916,1.6739349074255316,2.0822779364812636,1.4747596450785916,94825573.3793579,0.431132376128015,199.6935012817383,205.6160006205241,202.1212423960368,True,False,False,True,False,False,accumulation,5,3,normal,False,False,surge,False,2.0,분산3일,0.01600929032344694,55.08631887523754,True,False,True,True,False,True,False,,Uptrend Under Pressure,202.37,0.0011,0.4975965570953065,0.917022007899457,0.07651585916360815,-0.05217795275252568,0.5493594376784359,0.6949152542372881,,False,,,0,0,0.348,0.838
EQIX,"Equinix, Inc.",Real Estate,XLRE,103281623040.0,2026-09-23,1037.6600341796875,-0.018538463012785722,0.030467391910468766,-0.016622363347068125,-0.02460301468189241,-0.023802425845262598,False,-0.06388706208246109,-0.03790940258333175,0.05651116530985245,0.06258525899592571,0.946028532731176,0.7344292291547591,0.9440658023104428,1.2129744159030411,0.7344292291547591,533878074.3215637,0.060447452824619746,1037.7064849853516,1038.740740966797,1050.6800501505534,False,False,False,True,False,False,dry_up,4,2,normal,False,False,,False,28.0,,0.02472355569481142,49.80247195721083,True,False,True,True,False,True,False,,Uptrend Under Pressure,1064.09,-0.0248,0.34147223878711275,0.917022007899457,0.18224911775431885,-0.05022930126492975,0.6239754616746774,0.6941737288135593,,False,,,0,0,0.348,0.838
IFF,International Flavors & Fragran,Materials,XLB,22027098112.0,2026-09-23,85.70999908447266,0.02523924221128704,0.02226591042896442,0.003562258091257764,-0.004582202567696481,0.11607092005921937,False,-0.044672586817702364,0.09994264139499132,0.06452962081908842,0.14823780282186227,0.9778094618296197,0.8651988412158759,1.2023820505272933,0.5573679796829512,0.8651988412158759,138656314.76610908,0.712762158301409,85.04616508483886,81.71944325764974,77.66782468159994,True,True,True,True,True,False,weak_rally,2,4,normal,False,False,,False,33.0,분산4일,0.018667663119193826,57.36070416463239,True,False,True,True,False,True,False,,Uptrend Under Pressure,87.66,-0.0222,0.6367557439732371,0.9411475393682374,0.1680092304928793,0.06165204576071681,0.710774818401937,0.6935381355932203,,False,,,0,0,0.348,0.838
DVN,Devon Energy Corporation,Energy,XLE,53360996352.0,2026-09-23,48.040000915527344,0.009455784019680946,-0.0640950866582064,0.0025114933319132504,-0.005624439792077274,0.07615951122760456,False,-0.04567284800858962,0.06060799010803519,0.00841199178171137,-7.612651983068819e-05,0.9359049133417936,1.1853016304495796,1.5237369998319052,0.9945464944779875,1.1853016304495796,602536891.1173713,0.5777785312985447,48.36853790283203,45.38052775065104,45.65241467158,False,True,True,False,False,False,accumulation,4,4,normal,False,False,,False,8.0,분산4일,0.029969809173950753,51.049215644178595,True,False,True,True,False,True,False,,Uptrend Under Pressure,49.7,-0.0334,0.3368341506446806,0.9516263576747145,0.266367797212834,-0.1294110709556875,0.5846129521882114,0.6924258474576271,,False,,,0,0,0.348,0.838
WSM,"Williams-Sonoma, Inc.",Consumer Discretionary,XLY,26880546816.0,2026-09-23,227.8300018310547,0.002949454825427411,0.028717210345854394,-0.04180511529122899,-0.04958139471903922,0.026950213612779494,False,-0.08785943955845721,0.012109813310479112,0.022190198281779816,0.1040804231294521,0.9048772854700183,0.7926908895614477,1.0648318195395827,1.306824686940966,0.7926908895614477,310935823.7523697,0.05843505873419469,227.02299880981445,231.04086405436198,213.58029899597167,True,False,False,True,False,False,weak_rally,1,3,normal,False,False,,False,34.0,분산3일,0.028189866518868727,49.28276099195532,True,False,True,True,False,True,False,,Uptrend Under Pressure,248.88,-0.0846,0.3690799340401612,0.8941366305950827,0.04469241490327325,0.11207445944074701,0.6519225904376422,0.6923728813559322,,False,,,0,0,0.348,0.838
AEG,Aegon Ltd. New York Registry Sh,Financials,XLF,13571937280.0,2026-09-23,8.75,-0.0374037565325116,-0.03421638027140561,-0.021865032461679368,-0.029803136648075546,-0.00010191619807697894,False,-0.06887774948929748,-0.014551387680166616,0.04045077308233047,0.05241565533228032,0.943238275547947,0.9028010911576065,0.7996087716173017,1.1305008266361822,0.9028010911576065,40184724.85697174,0.0,9.018958616256715,8.911807902654012,8.367080187797546,False,False,True,True,True,False,dry_up,1,2,normal,False,False,,False,,,0.016834912626743137,37.2176612238291,False,False,True,True,False,True,False,,Uptrend Under Pressure,,,0.3881066309883791,0.9346486837235032,0.0198838190731061,0.13507162205644696,0.6396877597484731,0.6923199152542374,,False,,,0,0,0.348,0.838
EL,"Estee Lauder Companies, Inc. (T",Consumer Staples,XLP,37011992576.0,2026-09-23,98.83000183105469,0.02584602021813387,0.026805213829139696,-0.04767398921493038,-0.05540263949726543,0.18938502283554692,False,-0.09344623409822639,0.1721972861580845,0.003721531100672415,0.24583274839011726,0.9336757957132858,0.6721325562296895,1.0158094486001654,0.8667042028836064,0.6721325562296895,307458878.9113182,0.37050332070914976,99.64199295043946,89.9653938293457,85.15943520863851,False,True,True,True,True,False,weak_rally,0,1,normal,False,False,,False,21.0,,0.03130918471184984,55.696468850258185,True,False,True,True,False,True,False,,Uptrend Under Pressure,101.59,-0.0272,0.5620359315917164,0.9334307577070513,0.00885904375822677,0.10181328951166346,0.6097620252249647,0.6916843220338983,,False,,,0,0,0.348,0.838
AIT,Applied Industrial Technologies,Industrials,XLI,11889695744.0,2026-09-23,333.4700012207031,0.040825200456444444,0.055886243705785876,-0.015586712263606972,-0.023575768477588133,-0.013110767953505409,False,-0.06290118814933399,-0.027372249243894475,0.03314317048309179,0.0722923060992251,0.9213150710710907,0.7726711623052711,1.374956960713886,1.1634890670041482,0.7726711623052711,99529702.59131622,0.7203234759542172,324.2975021362305,335.7629898071289,320.44667943318683,True,False,False,True,False,False,weak_rally,1,1,normal,False,False,,False,26.0,,0.023951616429935332,54.688712978235664,True,False,True,True,False,True,False,,Uptrend Under Pressure,361.95,-0.0787,0.2726483977358322,0.9144666488821164,0.135143831977536,0.11554870796699013,0.7192945683206244,0.6911016949152543,,False,,,0,0,0.348,0.838
HUBB,Hubbell Inc,Industrials,XLI,23933155328.0,2026-09-23,463.70001220703125,0.010614009060627483,0.05609584911734866,0.002039952414959245,-0.002915684284764186,-0.061092175110426306,False,-0.040179614099011496,-0.06763483980924667,0.04585196671239422,0.031168000680660723,0.8951482440403461,1.248362982556694,1.2153899213126422,1.6615244961676328,1.248362982556694,219745021.9351303,0.6243665831290793,454.40038146972654,476.333095296224,489.3087532043457,True,False,False,False,False,False,accumulation,3,2,normal,False,False,,False,151.0,,0.026188794506711976,51.659352975916,True,False,True,False,False,True,False,,Uptrend Under Pressure,519.65,-0.1077,0.39583487433430214,0.9144666488821164,-0.06952776565379881,-0.20987445790543247,0.2849707274764194,0.6891949152542374,,False,,,0,0,0.348,0.838
TSEM,Tower Semiconductor Ltd.,Information Technology,XLK,23177056256.0,2026-09-23,230.5,-0.014198987341639935,0.18132434280537746,0.09189954209177675,0.08303817570180239,-0.023218835099885204,False,0.039418886662253794,-0.037334245275290945,0.005259359486446513,-0.06974939624635768,0.8682386261158865,0.8090103139817452,1.8619791499147553,1.7557400066635123,0.8090103139817452,392065085.9938873,0.4976666868376932,212.6400016784668,227.28683522542318,233.13791783650717,True,True,False,True,False,False,dry_up,5,1,normal,False,False,,False,34.0,,0.05126123750472091,55.21917810498252,True,True,True,False,True,True,False,,Uptrend Under Pressure,239.53,-0.0377,0.46770768125808204,0.9878468725697951,1.855090315155918,0.10396383816809363,0.9046284919229519,0.6866525423728814,,False,,,0,0,0.348,0.838
XOM,ExxonMobil Holdings Corporation,Energy,XLE,661812215808.0,2026-09-23,161.22999572753906,0.018509113198331706,-0.04777941912788075,-0.017189925460281974,-0.02516597071584692,0.09295057658009087,False,-0.06442734510034587,0.07715640871092266,-0.011405383976379246,0.015525451993343875,0.9522205808721192,0.8394591107395951,1.2075721065036316,1.1079649333566182,0.8394591107395951,2426859187.401606,0.6703202903302393,162.17400131225585,154.64935073852538,151.6333206176758,False,True,True,True,True,False,weak_rally,2,1,normal,False,False,,False,88.0,,0.024485827223551034,49.9160748213441,True,False,False,True,False,True,False,,Uptrend Under Pressure,156.9,0.0276,0.26914614458372277,0.9516263576747145,0.2945354837638372,-0.11357177921821471,0.613275631527592,0.6859110169491527,,False,,,0,0,0.348,0.838
TRV,"The Travelers Companies, Inc.",Financials,XLF,76323856384.0,2026-09-23,360.3900146484375,-0.028938620141387483,-0.04651159223083523,-0.024093347808398557,-0.03201336798801713,0.030626092233013047,False,-0.07099896391199256,0.01573257201363809,0.03808049443765604,0.08475758862922178,0.9103826668313322,1.2022462005427286,1.2301105929649576,0.9026910836270657,1.2022462005427286,551640991.5874634,0.027329385629042163,370.08962097167966,364.3730260213216,332.2398399353027,False,False,True,True,True,False,distribution,2,2,normal,False,False,,False,37.0,,0.01947083892230509,40.577991697741254,True,False,True,True,False,True,False,,Uptrend Under Pressure,374.71,-0.0382,0.5732397428429136,0.9346486837235032,0.1416785620465968,0.0547041775719761,0.6805518412778722,0.6856991525423729,,False,,,0,0,0.348,0.838
SNOW,Snowflake Inc.,Information Technology,XLK,114873638912.0,2026-09-23,334.80999755859375,-0.01349484926534461,0.03662761214274157,0.037269963519401594,0.028851946258901418,0.2130008220516364,False,-0.012584996066505205,0.1954718147758725,-0.04503546439403161,0.15521755293324935,0.9392375134290785,0.7244427710397097,0.721359523813586,0.7250725382348645,0.7244427710397097,1853882092.6805725,0.10621678193134719,329.86399841308594,304.5696655273438,243.14166641235352,True,True,True,True,True,False,dry_up,0,0,normal,False,False,,False,12.0,,0.056020883942157505,54.47407811211935,True,True,False,True,False,True,False,,Uptrend Under Pressure,356.47,-0.0608,0.26511739021567166,0.9878468725697951,0.2412023490925368,0.6308531590634083,0.8582685844385819,0.6855402542372883,,False,,,0,0,0.348,0.838
BCH,Banco De Chile,Financials,XLF,20764061696.0,2026-09-23,41.79999923706055,0.004324851268506125,0.00844387135534208,-0.028810447306924836,-0.036692185625123774,0.02093355324970192,False,-0.07548934248623418,0.006180099370984404,0.033062874188070746,0.07455596915299578,0.9711895526930752,2.0135995493297107,0.9596334400946657,1.021958935679866,2.0135995493297107,12118809.974600602,0.0,41.76799983978272,41.118499819437666,39.56816660563151,True,True,True,True,True,False,accumulation,2,2,attention,True,False,surge,False,,,0.02124058937569245,52.29606325542913,False,False,True,True,False,True,False,,Uptrend Under Pressure,,,0.46043561863614674,0.9346486837235032,0.3116880392486894,-0.006527953947583098,0.714587474251021,0.6844279661016949,,False,,,0,0,0.348,0.838
ZBRA,Zebra Technologies Corporation,Information Technology,XLK,16726683648.0,2026-09-23,371.0199890136719,0.05751907674843926,0.08254304297989323,0.021249660005775883,0.012961656335024996,0.3539653032631376,False,-0.027835305641893404,0.33439922612570516,-0.059784586843551035,0.2894669615694483,0.9685688700943507,1.1439299694263605,1.2557734261747022,0.6898479217968808,1.1439299694263605,199342275.92995912,0.7283426599159973,352.5144973754883,322.2389986673991,278.30208218892415,True,True,True,True,True,False,accumulation,4,1,normal,False,False,,False,33.0,,0.03159435555570544,63.65845007521983,True,True,False,True,True,True,False,,Uptrend Under Pressure,368.99,0.0055,0.7459030808208859,0.9878468725697951,-0.005502004958859885,0.5281360501490704,0.6783329117126233,0.6827330508474577,,False,,,0,0,0.348,0.838
NMR,Nomura Holdings Inc,Financials,XLF,29751998464.0,2026-09-23,9.84000015258789,-0.02958581662498805,-0.07257299990625043,0.00819671330225158,1.4641485805766408e-05,-0.004435159051656701,False,-0.0402608803465474,-0.018822011082771928,0.0724277166108942,0.047854817891604284,0.9060773907610383,0.913449583451165,0.8899768975121348,0.8132389329886258,0.913449583451165,7517967.650661659,0.16667064031344125,10.339999914169312,9.860666656494141,9.08174998362859,False,False,True,True,True,False,dry_up,2,4,normal,False,False,,False,,분산4일,0.023954697923111144,41.04329009532962,False,True,True,True,False,True,False,,Uptrend Under Pressure,,,0.3213140194749424,0.9346486837235032,0.11857291073236365,0.061121955950544926,0.6747461241010444,0.6814088983050848,,False,,,0,0,0.348,0.838
SOLS,Solstice Advanced Materials Inc,Materials,XLB,10069335040.0,2026-09-23,57.97999954223633,0.005026883730814946,0.014345690990433813,0.0487219228781266,0.04021096665772328,-0.07455815450493375,False,-0.0016834594435081174,-0.0879316630368916,0.11243277824084874,-0.04788549525662711,0.898496833085917,0.4918394454291034,0.6581614299358663,1.5628462105436984,0.4918394454291034,193264969.30267677,0.10868933861290757,59.94605484008789,61.755364990234376,71.99705168406169,False,False,False,False,False,False,weak_rally,0,2,normal,False,False,,False,65.0,,0.03769773139803317,43.484208674023634,True,True,True,False,False,True,False,,Uptrend Under Pressure,85.46,-0.3215,0.30507471786054297,0.9411475393682374,,-0.3236593806232001,,0.6806673728813559,,False,,,0,0,0.348,0.838
HCA,"HCA Healthcare, Inc.",Health Care,XLV,89729048576.0,2026-09-23,436.4800109863281,0.024673121899444705,0.0317700505151608,0.018741973510358223,0.010474321097182271,0.08924611814265315,True,-0.030222463621803808,0.07350548319590522,0.050329901043923764,0.06604506239067032,1.0,0.8531378057486713,1.4085805271635874,0.3268811438784629,0.8531378057486713,640106353.9912872,0.21149438724935032,419.8395736694336,406.3731165568034,414.33432184855144,True,True,True,False,False,False,weak_rally,2,2,normal,False,False,,False,9.0,,0.03369580175847864,63.70904817521337,True,True,True,True,False,True,False,,Uptrend Under Pressure,421.05,0.0366,0.48614484893898885,0.9645151837456468,-0.07832312374572326,-0.2576847742785109,0.2561165118716346,0.6802436440677966,,False,,,0,0,0.348,0.838
SEIC,SEI Investments Company,Financials,XLF,13319729152.0,2026-09-23,104.83000183105469,-0.005219163377283564,-0.00935548919509166,-0.05345370807174099,-0.06113545275109078,0.06084108677030686,False,-0.0989481586872395,0.045510931348834216,0.006849620838636605,0.1165595630423728,0.9390845150078594,0.8299084372759021,1.5266257084072044,1.2185286060174398,0.8299084372759021,89942967.12453079,0.7810965102067154,108.09049987792969,103.09150009155273,94.96978289286295,False,True,True,True,True,False,dry_up,2,3,normal,False,False,,False,12.0,분산3일,0.02035267616648139,42.27782695135461,True,False,True,True,False,True,False,,Uptrend Under Pressure,111.46,-0.0595,0.4657842613706558,0.9346486837235032,0.09884164486989477,0.19675298973097766,0.7363214195366992,0.6792902542372882,,False,,,0,0,0.348,0.838
NDSN,Nordson Corporation,Industrials,XLI,17919600640.0,2026-09-23,321.4200134277344,0.022490877006347443,0.03935331747044257,-0.03457221281906386,-0.04240719123556125,0.09487286795925676,False,-0.0809741766334886,0.07905092116450252,0.01321786016736426,0.18962059200397952,0.9632067386759346,1.0171158893104948,1.18106935361399,0.7620520695860827,1.0171158893104948,116210067.64958496,0.806556273296774,316.9950866699219,305.5588795979818,293.5376561482747,True,True,True,True,True,False,accumulation,2,1,normal,False,False,,False,22.0,,0.017976752017307793,58.91876613891325,True,False,True,True,False,True,False,,Uptrend Under Pressure,333.7,-0.0368,0.4459321034220487,0.9144666488821164,0.28086910439043455,0.059435573634285976,0.764314625420115,0.6788665254237289,,False,,,0,0,0.348,0.838
TECK,Teck Resources Ltd,Materials,XLB,33419673600.0,2026-09-23,66.80000305175781,0.0005991748688940479,0.03325601663007349,-0.047138491247017855,-0.054871487390406815,0.11348224539478302,False,-0.09293647410643147,0.09739137552385713,0.010748752683441332,0.14557451856681203,0.9294271592708491,1.1733640334046014,0.7644859193202669,0.8635861699276334,1.1733640334046014,201407709.91832733,0.7872366904567368,67.76555938720703,63.47656389872233,62.17217181523641,False,True,True,True,True,False,accumulation,1,3,normal,False,False,,False,10.0,분산3일,0.0366007076883455,51.40787575318942,True,False,True,True,False,True,False,,Uptrend Under Pressure,71.87,-0.0706,0.42165151418988156,0.9411475393682374,0.520768764567302,0.2268209658719471,0.9015286762314336,0.6788665254237289,,False,,,0,0,0.348,0.838
GRMN,Garmin Ltd.,Consumer Discretionary,XLY,54791331840.0,2026-09-23,287.5799865722656,0.02593553236413637,0.03086348106924519,-0.008777340503168918,-0.01682165852075801,0.1534308576954404,False,-0.05641909951273205,0.13676269265459817,0.05742381119098883,0.24006053315368003,0.9218725650048625,0.7101647800412264,1.3375058806216056,0.4742079637701265,0.7101647800412264,229468816.9589737,0.8752409280190363,279.2700393676758,273.2395731608073,257.41258239746094,True,True,True,True,True,False,weak_rally,0,2,normal,False,False,,False,38.0,,0.0218605155690258,57.85235332993179,True,False,True,True,False,True,False,,Uptrend Under Pressure,293.69,-0.0208,0.651230033917879,0.8941366305950827,0.09161418605418792,0.0591457890821383,0.6545092334935492,0.6769597457627119,,False,,,0,0,0.348,0.838
RGLD,"Royal Gold, Inc.",Materials,XLB,22153793536.0,2026-09-23,252.77999877929688,0.01067529551968982,0.006450052132372708,-0.04159242168986965,-0.049370427243443205,0.2716821798033806,False,-0.08765696878362594,0.2533051714972119,0.01663175124691496,0.30833401872675936,0.9398423810610373,0.8006818743835157,1.3158246504579991,0.6421151098630407,0.8006818743835157,170802654.8142929,0.4590622532157246,257.2889999389648,226.5225840250651,229.74226099650065,False,True,True,True,False,False,weak_rally,1,3,normal,False,False,,False,168.0,분산3일,0.02859065016501337,54.32559481167462,True,False,True,True,False,True,False,,Uptrend Under Pressure,278.37,-0.0919,0.4685640749322682,0.9411475393682374,0.17169100957253902,-0.003564510949993105,0.6529480322359149,0.6766419491525424,,False,,,0,0,0.348,0.838
CEG,Constellation Energy Corporatio,Utilities,XLU,97353039872.0,2026-09-23,263.8800048828125,0.006752964900882841,0.01535261075640948,-0.034926628565918216,-0.042758730703356895,-0.0013167097585692344,False,-0.08131155787307154,-0.015748626326619553,0.04166085543126541,0.17156321342982284,0.8823943007999575,1.0078736297111663,1.3162184972407949,0.9422241051194631,1.0078736297111663,793841784.9057465,0.9428096997621433,276.86974868774416,267.23408762613934,274.55669225056965,False,False,True,False,False,False,accumulation,3,4,normal,False,False,,False,10.0,분산4일,0.040789636289080014,43.82971820092078,True,False,True,False,False,True,False,,Uptrend Under Pressure,299.05,-0.1176,0.2709246437587658,0.8501929415105124,-0.2871230877309209,-0.19354462115906335,0.1392549962054136,0.6761122881355932,,False,,,0,0,0.348,0.838
WMT,Walmart Inc.,Consumer Staples,XLP,834563735552.0,2026-09-23,110.52999877929688,0.0037231749227100153,0.028186035156249956,0.04887076921718059,0.043683528464281585,-0.04819716309912969,False,0.00467805105379715,-0.054829685116891014,0.09395369869673864,-0.01590003676234264,0.9550436152591143,0.8697936675092031,1.1041589210424443,0.9904851172089512,0.8697936675092031,2471332559.3147507,0.5976997886576693,106.67700004577637,109.91607869466146,116.91596037546793,True,True,False,False,False,False,weak_rally,0,1,normal,False,False,,False,170.0,,0.01662768432002472,57.74852917906998,True,True,True,True,False,True,False,,Uptrend Under Pressure,117.96,-0.063,0.5356773581924215,0.9334307577070513,-0.09527004335608569,-0.25224207760056716,0.2456497777456543,0.6758474576271187,,False,,,0,0,0.348,0.838
REGN,"Regeneron Pharmaceuticals, Inc.",Health Care,XLV,82269274112.0,2026-09-23,801.8200073242188,0.004572991332941756,0.03579597537431556,-0.032202767261051646,-0.04005697503375005,0.1783131598043508,False,-0.07871861522973733,0.16128542200248863,-0.0021944730610952146,0.15321496678941293,0.9410701263497822,1.0306153930042765,1.4246585562940193,0.7362810983856758,1.0306153930042765,562049524.1320709,0.5019133514024321,805.2914978027344,749.0137298583984,715.0238271077474,False,True,True,True,True,False,accumulation,3,1,normal,False,False,,False,28.0,,0.02442210932980414,53.258780835345014,True,False,False,True,True,True,False,,Uptrend Under Pressure,797.06,0.006,0.37214932674119905,0.9645151837456468,0.2173414675488179,-0.030702203798942285,0.657140146724007,0.6745762711864407,,False,,,0,0,0.348,0.838
MRK,"Merck & Company, Inc.",Health Care,XLV,364549275648.0,2026-09-23,148.0800018310547,-0.009498315511339839,0.029835237118239766,-0.011322966418948255,-0.019346625279662688,0.16889412984960983,False,-0.05884237340674703,0.15200250592467612,0.01933274356740511,0.14399656315361842,0.952087523324968,0.9688702715939463,1.3494864678823435,0.5806585582351734,0.9688702715939463,1470412435.8900657,0.25701969469271535,147.8446159362793,136.12641270955405,125.69594020843506,True,True,True,True,True,False,dry_up,1,1,normal,False,False,,False,19.0,,0.020286324153786714,57.9445026532946,True,False,True,True,False,True,False,,Uptrend Under Pressure,155.53,-0.0479,0.5510262489081861,0.9645151837456468,0.6463905723178196,0.13389192366412606,0.886180477756496,0.6745233050847458,,False,,,0,0,0.348,0.838
ACN,Accenture plc,Information Technology,XLK,116122124288.0,2026-09-23,183.52000427246094,-0.013916481271273318,-0.05108578043343481,-0.016136785109816976,-0.02412137717957652,0.2894972696253053,False,-0.06342482249787051,0.27086281644900145,-0.09420448759593836,0.2280699676782565,0.9411282270382613,0.8303551013510155,1.2155394949183658,0.9089679865006555,0.8303551013510155,898459104.8027954,0.16260315532349992,186.32799835205077,166.35122324625652,169.68571122487387,False,True,True,False,False,False,dry_up,2,2,normal,False,False,,False,172.0,,0.038839018128114224,51.006142662811676,True,False,False,True,False,True,False,,Uptrend Under Pressure,282.71,-0.3509,0.3532516060196315,0.9878468725697951,-0.3218317225199737,-0.1929150773149103,0.12304759495500704,0.6729872881355933,,False,,,0,0,0.348,0.838
LFUS,"Littelfuse, Inc.",Information Technology,XLK,10468855808.0,2026-09-23,422.42999267578125,0.03147429765569654,0.06763206293098167,0.047251897239050766,0.038752871086651375,0.011610717149646677,False,-0.0030828303143906055,-0.003008012944174965,-0.03584557841035618,-0.03657900642633116,0.8970690306146454,0.5541844990784418,1.231351722845272,2.1037659013341607,0.5541844990784418,82056249.58305359,0.855825458787175,411.79950256347655,421.98177744547525,426.5361910502116,True,True,False,True,False,False,weak_rally,2,2,normal,False,False,,False,37.0,,0.03531437984475243,52.98110024383253,True,True,False,False,False,True,False,,Uptrend Under Pressure,441.15,-0.0424,0.3301470570586897,0.9878468725697951,0.3611365128533326,0.06973692932122111,0.8020057099490441,0.6727224576271187,,False,,,0,0,0.348,0.838
SCCO,Southern Copper Corporation,Materials,XLB,176358064128.0,2026-09-23,201.94000244140625,0.019590048119962455,0.0662653946470404,-0.057456231311989514,-0.06510549330996707,0.1264624061463766,False,-0.10275830613198422,0.12299858001329178,-0.00019579991458518187,0.1571043283988116,0.9191625181905674,0.886656302922217,0.9397399018790668,0.9336556119600415,0.886656302922217,228001866.12013245,0.8627629455485629,201.87199935913085,189.7596878051758,185.7201961517334,True,True,True,True,True,False,weak_rally,1,2,normal,False,False,,False,9.0,,0.040105615931195444,54.00664547854614,True,False,False,True,False,True,False,,Uptrend Under Pressure,209.26,-0.035,0.4078564494567007,0.9411475393682374,0.7969445604381986,0.21316731428732316,0.930545516967222,0.6719279661016949,,False,,,0,0,0.348,0.838
SBS,Companhia de saneamento Basico ,Utilities,XLU,17091190784.0,2026-09-23,5.170000076293945,-0.04963234891296464,-0.013358720969806726,0.11663065842455889,0.10756858539939529,-0.15143447953613975,False,0.06296133577372576,-0.16369705257958955,0.20524561270080688,-0.00454112162019249,0.865996693130198,0.8906640268706291,0.7385835003314981,2.512530806289866,0.8906640268706291,48011968.37218466,0.0,5.122000026702881,5.316499988238017,5.689399989446004,True,False,False,False,False,False,dry_up,0,0,normal,False,False,,False,,,0.033434644428636834,50.275675868327454,False,True,True,False,False,True,False,,Uptrend Under Pressure,,,0.3844299238403006,0.8501929415105124,-0.18876244043936596,-0.32076022198984644,0.14212261934877668,0.6697563559322035,,False,,,0,0,0.348,0.838
MANH,"Manhattan Associates, Inc.",Information Technology,XLK,13013087232.0,2026-09-23,210.3699951171875,0.004872170928753361,0.0035779029552056585,-0.013181338095209494,-0.021189915245860447,0.29337650418478445,False,-0.060611424994628016,0.2746859924060614,-0.09148354976386563,0.23176440858347847,0.9401591002933307,0.6925673046928122,1.2598041182234991,0.8454909799393852,0.6925673046928122,136069584.14646608,0.5874532039817589,213.21850204467773,188.00233408610026,162.8761671702067,False,True,True,True,True,False,weak_rally,3,0,normal,False,False,,False,32.0,,0.033691249324302314,54.45644121036156,True,False,False,True,True,True,False,,Uptrend Under Pressure,190.63,0.1036,0.6846249902019642,0.9878468725697951,-0.15279409401181054,0.3146492536948271,0.5281025261103682,0.6691737288135593,,False,,,0,0,0.348,0.838
WDAY,"Workday, Inc.",Information Technology,XLK,47585447936.0,2026-09-23,192.3800048828125,0.002396867018841009,0.008968409976864988,-0.03399442240099104,-0.04183408990507753,0.2925013293618768,False,-0.08042415692020355,0.27382346468574403,-0.11064515483065185,0.2309309241381854,0.9297313289445265,0.5472754451289809,0.9902012539947895,1.048928528152801,0.5472754451289809,709967649.3029724,0.7601255879507821,193.8039993286133,170.97383232116698,148.88783283233641,False,True,True,True,True,False,weak_rally,1,1,normal,False,False,,False,16.0,,0.040236582495447946,52.66599490802675,True,False,False,True,False,True,False,,Uptrend Under Pressure,204.72,-0.0603,0.4945408477673267,0.9878468725697951,-0.26402968495442425,0.2457955195964987,0.4507607242239168,0.6685381355932204,,False,,,0,0,0.348,0.838
RNR,RenaissanceRe Holdings Ltd.,Financials,XLF,13614062592.0,2026-09-23,328.79998779296875,0.007692479641776551,0.00030415449414267215,-0.0006428873479751296,-0.008753220934773376,-0.0007471257341383764,False,-0.04867561770305917,-0.015187273329181572,0.06302495560602583,0.0517365575044908,0.974075271488639,1.124352417101671,1.343790114920626,0.7808306739549433,1.124352417101671,92537683.5592926,0.43011447685808335,328.46235809326174,323.34059549967446,311.27944107055663,True,True,True,True,True,False,accumulation,4,3,normal,False,False,,False,6.0,분산3일,0.01900293694458776,53.61382807370992,True,False,True,True,False,True,False,,Uptrend Under Pressure,330.21,-0.0043,0.475747305246392,0.9346486837235032,0.14732784251664421,-0.057032465980850655,0.591177586643056,0.668167372881356,,False,,,0,0,0.348,0.838
WTRG,"Essential Utilities, Inc.",Utilities,XLU,11677169664.0,2026-09-23,40.18000030517578,-0.00741104843016438,-0.03134038696738273,-0.02805998652952335,-0.035947815250413684,0.022689605186125616,False,-0.07477495157785807,0.00791077469874435,0.049072428923281786,0.19972521008485478,0.9566666739327567,1.1714808745578043,1.0605552211768716,0.7418204728922454,1.1714808745578043,105784503.59539795,0.4264717432036711,41.257999420166016,39.935037740071614,38.79921369552612,False,True,True,True,True,False,distribution,1,5,normal,False,False,,False,6.0,분산5일,0.01822157420562653,42.47479899310495,True,False,True,True,False,True,False,,Uptrend Under Pressure,41.61,-0.0344,0.5036325854722729,0.8501929415105124,-0.032557432378812035,-0.12663038722884035,0.380952983267681,0.6678495762711865,,False,,,0,0,0.348,0.838
TTE,TotalEnergies SE,Energy,XLE,195400679424.0,2026-09-23,91.66999816894531,0.020255979140037628,0.009136964602765918,0.03231976372247081,0.027214376761977244,0.10665896274850883,False,-0.011175600731938351,0.09894734469903788,0.02111926115332796,0.028416823159550963,0.9844286454588841,1.3606450376477748,0.9525397208277946,0.5859690337994089,1.3606450376477748,139486080.84526825,0.9704408874122904,90.0239990234375,86.16116663614909,87.37974999745687,True,True,True,True,False,False,accumulation,1,2,normal,False,False,,False,43.0,,0.017453918249232918,57.28505778892587,True,True,True,True,False,True,False,,Uptrend Under Pressure,86.23,0.0631,0.3537703811858426,0.9516263576747145,0.3284753322987142,-0.13204095267111216,0.6059457554840808,0.6674788135593221,,False,,,0,0,0.348,0.838
MPWR,"Monolithic Power Systems, Inc.",Information Technology,XLK,62302023680.0,2026-09-23,1355.469970703125,0.060883721841201055,0.18644855579081265,0.054815794028402864,0.04625538268606366,0.021610517596694523,False,0.004117518139419518,0.006847280943927281,-0.028881862657605617,-0.02705556275485832,0.9505199349634028,1.1056255478111774,1.4211213294372251,1.24885521603802,1.1056255478111774,823680629.0801392,0.7672505773590999,1231.1299926757813,1306.8008382161458,1405.5154897054038,True,True,False,True,False,False,accumulation,5,2,normal,False,False,,False,36.0,,0.03522183813389423,61.421970372701004,True,True,False,True,False,True,False,,Uptrend Under Pressure,1426.03,-0.0495,0.3318103118135757,0.9878468725697951,0.24345227752142984,0.04768369452228516,0.7364506161685519,0.6668432203389831,,False,,,0,0,0.348,0.838
PKX,POSCO Holdings Inc.,Materials,XLB,18557337600.0,2026-09-23,56.27000045776367,-0.030997059523335646,-0.07905070600620667,-0.04074325598133932,-0.0485281529825039,0.06926868158004962,False,-0.08684861706139557,0.053816739455673446,0.017532504580777486,0.1000866517501946,0.8913353319454272,1.3019527889420142,1.0775626818604522,0.8416806716701712,1.3019527889420142,12510222.55573616,0.2541453056751303,60.50499973297119,56.04049987792969,62.55416669845581,False,True,True,True,False,False,distribution,1,2,normal,False,False,,False,,,0.030483134324691043,41.00754352364835,False,False,True,False,False,True,False,,Uptrend Under Pressure,,,0.3780975113056535,0.9411475393682374,-0.018479033509455012,-0.15353253491671104,0.3651241371833327,0.6645127118644069,,False,,,0,0,0.348,0.838
GM,General Motors Company,Consumer Discretionary,XLY,78072258560.0,2026-09-23,83.7699966430664,-0.0021441371258983377,-0.018742017711598224,-0.034913420493684066,-0.042745629821906106,0.06494363389650748,False,-0.08129898462873231,0.04955419279515971,0.0295421712301025,0.1449273804472977,0.9296038835780014,0.6577175459153431,1.3650136410890588,0.7185288316607094,0.6577175459153431,612068597.488213,0.5595536487943022,85.48094215393067,83.56875139872233,80.94737567901612,False,True,True,True,True,False,dry_up,3,5,normal,False,False,,False,39.0,분산5일,0.03236264598426096,46.36254315440882,True,False,True,True,False,True,False,,Uptrend Under Pressure,90.11,-0.0704,0.3202066613758155,0.8941366305950827,0.28998443437674015,-0.006489198335871027,0.7073352968812114,0.6628177966101695,,False,,,0,0,0.348,0.838
APH,Amphenol Corporation,Information Technology,XLK,195489529856.0,2026-09-23,82.19000244140625,0.019790324418946792,0.06010915195660682,0.05840540960616547,0.049815866555635635,0.027246774032815058,False,0.007534603762732406,0.012402088152413171,-0.02557707634952522,-0.021687798570802053,0.9558461820615538,1.0875839571610468,1.2024721693906903,1.0966607592428093,1.0875839571610468,956630540.2227997,0.4045674032835312,80.1288459777832,80.26588325500488,75.84181461334228,True,True,False,True,False,False,accumulation,1,3,normal,False,False,,False,100.0,분산3일,0.03394854447777042,54.8987720443958,True,True,False,True,False,True,False,,Uptrend Under Pressure,73.96,0.1112,0.34057664047998265,0.9878468725697951,0.09492213715624609,0.02733448285619433,0.6291017671930903,0.6624470338983051,,False,,,0,0,0.348,0.838
OHI,"Omega Healthcare Investors, Inc",Real Estate,XLRE,14598272000.0,2026-09-23,46.16999816894531,-0.014093607437608568,-0.02036925265039702,-0.009014852592123201,-0.017057243068248074,-0.059675677744149946,False,-0.05664519590855677,-0.07326425211833831,0.06468444458043932,0.023537437459377974,0.9048441416531948,0.9818256649985532,1.2228760750733596,1.1491978410603592,0.9818256649985532,93019304.10233612,0.22834177374880602,46.78450050354004,47.777970695495604,46.60522985458374,False,False,True,True,False,False,dry_up,4,3,normal,False,False,,False,5.0,분산3일,0.020552926102728353,41.902577932572754,True,False,True,True,False,True,False,,Uptrend Under Pressure,47.13,-0.0204,0.4387991670500839,0.917022007899457,0.023291921642616176,-0.08750613241984184,0.4579324925011745,0.6615995762711865,,False,,,0,0,0.348,0.838
RBLX,Roblox Corporation,Communication Services,XLC,29496582144.0,2026-09-23,48.9900016784668,-0.017645824589246906,0.0328906043275059,0.25230069059479154,0.24610737739760413,-0.12150585131149272,False,0.19953673425289575,-0.12762753067380994,0.25709396377604654,-0.12032919703594158,0.85841951884415,1.6190146156496217,1.0310191800430646,1.929989389223816,1.6190146156496217,470440668.0113869,0.11875135600372887,44.817000198364255,45.627333132425946,47.58266658782959,True,True,False,False,False,False,distribution,2,1,interest,False,False,,False,7.0,,0.04895167577532721,60.60180273250033,True,True,True,False,False,True,False,,Uptrend Under Pressure,51.29,-0.0448,0.41464636722755627,0.9459199931884106,-0.7546324253242749,-0.39862610612367,0.0057244046113259376,0.6613877118644068,,False,,,0,0,0.348,0.838
KO,Coca-Cola Company (The),Consumer Staples,XLP,381507010560.0,2026-09-23,88.08999633789062,0.011133994039579598,-0.0069890965277955575,-0.036681764542551676,-0.044499622784509474,0.023740732153307853,False,-0.08298233564377955,0.00894671188870566,0.01530698865765645,0.07232704758366015,0.9633182354574483,0.825093348857418,1.1804752955418087,0.9758249941220033,0.825093348857418,1385595997.07753,0.34666035106658366,88.21666145324707,86.04143295288085,82.01250565846762,False,True,True,True,True,False,weak_rally,2,2,normal,False,False,,False,39.0,,0.013514437540567263,52.04538515228937,True,False,True,True,False,True,False,,Uptrend Under Pressure,87.75,0.0039,0.5686238869784689,0.9334307577070513,0.20304916675666118,0.042128516545788086,0.7138872827147555,0.6609110169491526,,False,,,0,0,0.348,0.838
TS,Tenaris S.A.,Energy,XLE,28204285952.0,2026-09-23,55.77000045776367,-0.0035733564155341346,-0.015360150799079375,0.04399105895485578,0.03551849630176229,-0.028087886599281298,False,-0.0061869408742784016,-0.042132934382834164,0.0501356943689526,-0.09693859044618569,0.9564397040695184,0.9909401957748313,0.9807141639157275,1.1155018280601514,0.9909401957748313,62080846.46262512,0.3742688492993,55.9689998626709,55.44849993387858,57.84129835764567,False,True,False,True,False,False,dry_up,0,2,normal,False,False,,False,128.0,,0.022983426250071125,49.8070224411396,True,True,True,True,False,True,False,,Uptrend Under Pressure,54.99,0.0143,0.3639894125373895,0.9516263576747145,0.3219112748186712,-0.1973031708076438,0.559319323479455,0.6585275423728814,,False,,,0,0,0.348,0.838
IEX,IDEX Corporation,Industrials,XLI,16855316480.0,2026-09-23,229.6699981689453,0.03208555893055043,0.03064980229446057,-0.01720229462306111,-0.02517823949605502,0.009297675374646985,False,-0.06443911975626371,-0.005287629081396128,0.03144761445818167,0.09663992343274419,0.954889381711366,1.0871290490976846,1.1954338245151308,0.7939020300813676,1.0871290490976846,123075548.6507103,0.8578055648580957,225.65450134277344,227.80648651123047,218.87300771077474,True,True,True,True,False,False,accumulation,2,3,normal,False,False,,False,37.0,분산3일,0.019786146696692666,55.42961260945511,True,False,True,True,False,True,False,,Uptrend Under Pressure,233.77,-0.0175,0.31265994312640355,0.9144666488821164,0.269869925674739,0.06817795688875283,0.7678959921939937,0.6585275423728814,,False,,,0,0,0.348,0.838
TTMI,"TTM Technologies, Inc.",Information Technology,XLK,12528087040.0,2026-09-23,125.81999969482422,0.014513813098530282,0.11879780116587413,0.17457054209083145,0.16503825498647173,-0.10179407757900805,False,0.11811641831764308,-0.1147740013045514,0.08137057054890895,-0.14458157911688563,0.8567926078677368,0.7044742836652909,0.9452128280802555,2.204565406604659,0.7044742836652909,225001125.40880507,0.5062829419564098,119.64300003051758,130.65716692606608,145.55025030771893,True,False,False,True,False,False,weak_rally,2,1,normal,False,False,,False,99.0,,0.057622004153088484,53.20714569759529,True,True,True,False,False,True,False,,Uptrend Under Pressure,158.22,-0.2048,0.4326313824838191,0.9878468725697951,0.8231973291651598,-0.0695315497326141,0.7407394022622962,0.6584216101694915,,False,,,0,0,0.348,0.838
BSBR,Banco Santander Brasil SA,Financials,XLF,43053281280.0,2026-09-23,5.699999809265137,-0.030612296202803035,-0.027303808976760324,-0.013840899245549543,-0.021844123694066075,0.05877885199853017,False,-0.06123928524197175,0.04347849781681057,0.04898611420099952,0.11438901366944454,0.9468438251370016,0.47255300475222317,0.6752103091229896,0.5991314740683846,0.47255300475222317,23168646.03190584,0.06666497124673765,5.85649995803833,5.5564093033472695,5.552664391199747,False,True,True,True,True,False,dry_up,1,3,normal,False,False,,False,,분산3일,0.025062663455660272,46.24960715834216,False,False,True,True,False,True,False,,Uptrend Under Pressure,,,0.4734065824688089,0.9346486837235032,-0.06961181145692008,-0.11920435582705102,0.35382259405153405,0.6577330508474577,,False,,,0,0,0.348,0.838
ROIV,Roivant Sciences Ltd.,Health Care,XLV,25021267968.0,2026-09-23,36.81999969482422,-0.05565534470959044,-0.06784810899179194,0.012651239734624564,0.004433016981861382,0.038456609648095386,False,-0.03602045462379766,0.02344993105797033,0.044050313110673534,0.01633737571633387,0.8806505258415395,0.8708045598656343,1.1433293563443414,0.6506262616752321,0.8708045598656343,405169675.8213459,0.02366914659250966,37.94450016021729,36.17549991607666,32.77137492497762,False,True,True,True,True,False,dry_up,1,1,normal,False,False,,False,10.0,,0.04952860648518669,45.4661709716894,True,True,True,False,False,True,False,,Uptrend Under Pressure,41.48,-0.1123,0.2461669143781929,0.9645151837456468,1.0748055021296845,0.10953616353828743,0.8982075096671606,0.6552436440677967,,False,,,0,0,0.348,0.838
TECH,Bio-Techne Corp,Health Care,XLV,11339526144.0,2026-09-23,72.5199966430664,0.0006898774875279123,0.002488254275477386,0.0017957902267444759,-0.006334334572215217,-0.009776695724724838,False,-0.046354151824625545,-0.02408635750707533,0.03285827086261439,-0.03086855522896459,1.0,1.302292263767444,1.5123122931217976,1.02391051490555,1.302292263767444,197860360.46472397,0.24996423632635545,72.33349990844727,71.89475275675456,62.610961723327634,True,True,True,True,True,False,accumulation,6,3,normal,False,True,acc,False,39.0,분산3일,0.0026101115151997176,64.47173879076406,True,False,True,True,False,True,False,,Uptrend Under Pressure,71.99,0.0074,0.6227767072054443,0.9645151837456468,0.1750228407416854,0.18949868958098803,0.7836886993603411,0.6545021186440678,,False,,,0,0,0.348,0.838
DRI,"Darden Restaurants, Inc.",Consumer Discretionary,XLY,24327456768.0,2026-09-23,213.69000244140625,0.011263096447448273,0.021853516789046346,-0.052624557748117695,-0.06031303143918221,0.05742952117266076,False,-0.09815886033786458,0.04214866609550394,0.010648153749088785,0.13684891213830208,0.9385541519482702,1.6589279302020485,1.2958982326527275,0.9266319610932255,1.6589279302020485,239510702.32235718,0.35584373377511264,213.3650001525879,209.51504720052083,203.9673147837321,True,True,True,True,True,False,accumulation,5,4,interest,True,False,surge,False,60.0,분산4일,0.023522056086992163,51.077070736507935,True,False,True,True,False,True,False,,Uptrend Under Pressure,212.01,0.0079,0.3057955450397927,0.8941366305950827,0.06392870914118576,-0.01934781621121573,0.565404213797839,0.6538135593220339,,False,,,0,0,0.348,0.838
LECO,"Lincoln Electric Holdings, Inc.",Industrials,XLI,15328654336.0,2026-09-23,265.3999938964844,0.027407813454338736,0.04619994307427322,-0.05966552196911046,-0.06729685435614852,0.028325940084486634,False,-0.10486141026072004,0.0134656592356166,-0.013117604109844638,0.11731484943681969,0.9147938727535204,0.6724586033215727,1.1173318101942822,1.4966634825327512,0.6724586033215727,122180520.09914398,0.624338652816276,268.42649841308594,266.3318328857422,263.55528818766277,False,False,False,True,True,False,weak_rally,2,1,normal,False,False,,False,36.0,,0.029421899515097716,48.910402290590156,True,False,False,True,False,True,False,,Uptrend Under Pressure,261.31,0.0157,0.2819916125752829,0.9144666488821164,0.02966441967546163,-0.04196802111760356,0.5134897546167467,0.6530190677966102,,False,,,0,0,0.348,0.838
EME,"EMCOR Group, Inc.",Industrials,XLI,32400484352.0,2026-09-23,751.7999877929688,-0.007799862755280773,0.022133956696507084,-0.01712646908480464,-0.025103029323819137,-0.04286890742487981,False,-0.06436693866861132,-0.056700355500266975,0.03152719347034427,0.039958967196729755,0.8716117593903985,0.5853397885977024,1.1950816194131115,1.1084083246324001,0.5853397885977024,280434034.0246307,0.1585449515597374,749.4089996337891,773.804541015625,810.0211578369141,True,False,False,True,False,False,dry_up,2,2,normal,False,False,,False,37.0,,0.03129090981272079,47.681055834470726,True,False,True,False,False,True,False,,Uptrend Under Pressure,802.37,-0.063,0.5242368145909928,0.9144666488821164,0.05841761591497652,-0.10875550678396062,0.4780754219218676,0.651906779661017,,False,,,0,0,0.348,0.838
TEL,TE Connectivity plc,Information Technology,XLK,59422588928.0,2026-09-23,214.38999938964844,0.0208561735030659,0.0643928176874684,0.059186776892399706,0.050590892615830496,0.05702856860861205,False,0.008278415700940345,0.04175350767461228,-0.024857709093286107,0.00667529173083703,0.9841653904860517,0.69872731397787,1.1203991516389908,0.8059895085732182,0.69872731397787,427129306.97836304,0.829827893556001,205.7645004272461,205.34177017211914,208.7654644012451,True,True,False,True,False,False,weak_rally,1,2,normal,False,False,,False,188.0,,0.02897257917114129,58.926884684317656,True,True,False,True,False,True,False,,Uptrend Under Pressure,227.51,-0.0577,0.35899340841273136,0.9878468725697951,-0.18186103804248144,-0.1279551818138358,0.23960464023707131,0.6517478813559322,,False,,,0,0,0.348,0.838
EXEL,"Exelixis, Inc.",Health Care,XLV,13538791424.0,2026-09-23,56.72999954223633,-0.008563468507748029,-0.002987732497076623,0.03996334254198697,0.03152346702674258,-0.014709809814585806,False,-0.010021070616319405,-0.028948183440159037,0.07220927679812261,-0.03569659347497045,0.959411441188472,0.6623226551017183,1.1513313521314328,0.7806859101677751,0.6623226551017183,123603252.06341323,0.195833717451911,57.04849987030029,55.462499936421715,51.980833276112875,False,True,True,True,True,False,dry_up,0,2,normal,False,False,,False,60.0,,0.030105013541642262,51.411872620193385,True,True,True,True,False,True,False,,Uptrend Under Pressure,54.77,0.0358,0.40008205542634384,0.9645151837456468,0.15934035100374833,0.11490343932128066,0.7374209461168733,0.6516949152542373,,False,,,0,0,0.348,0.838
CME,CME Group Inc.,Financials,XLF,102659883008.0,2026-09-23,270.79998779296875,-0.017166954623031527,-0.015594927485667265,-0.025428273667694623,-0.0333374601884584,0.08041045750675924,False,-0.07226972838890411,0.06479750619942592,0.03666052205306025,0.13715677435988516,0.9498034634489539,0.7024859546662218,0.9842214288290612,0.5861809662613996,0.7024859546662218,535673500.88446045,0.5029392700887633,277.4490478515625,261.0755869547526,268.57527720133464,False,True,True,False,False,False,dry_up,1,1,normal,False,False,surge,False,2.0,,0.020680996317600165,47.06978048629729,True,False,True,True,False,True,False,,Uptrend Under Pressure,276.01,-0.0189,0.375374429569467,0.9346486837235032,-0.06545217765805622,-0.23027186334064909,0.27651241371833324,0.6512182203389831,,False,,,0,0,0.348,0.838
SOLV,Solventum Corporation,Health Care,XLV,15500572672.0,2026-09-23,88.37000274658203,-0.005290337805970213,-0.01876521050216773,-0.031561613736087346,-0.039421024822898554,0.11096716723246458,False,-0.07810827787047692,0.09491264261589061,-0.001533439417699567,0.08730345087280944,0.9559714453988248,0.9153117825023874,1.2469801679662424,0.711443357535445,0.9153117825023874,84519097.39088936,0.32748858936435066,90.03799972534179,84.97799962361654,78.87166636784872,False,True,True,True,True,False,dry_up,2,2,normal,False,False,surge,False,2.0,,0.02487755555385901,49.23564465736188,True,False,False,True,False,True,False,,Uptrend Under Pressure,88.84,-0.0053,0.6035889064657955,0.9645151837456468,0.04446970869976763,0.1640431545132528,0.6775541180297062,0.6492584745762712,,False,,,0,0,0.348,0.838
E,ENI S.p.A.,Energy,XLE,78949376000.0,2026-09-23,54.83000183105469,0.026548326209880013,-0.020919969120881787,0.0046119584094099775,-0.0035410211459813157,0.09210858317178183,False,-0.0436733389070999,0.07632658290243066,0.010524819601197999,0.014743105787695665,0.9673003640561083,1.0046532475280927,1.0124327001650424,0.6535695453985463,1.0046532475280927,18217695.42920532,0.8585867148576427,54.2770637512207,52.2215758005778,52.53868897755941,True,True,True,True,False,False,accumulation,1,3,normal,False,False,,False,,분산3일,0.019656731835187586,52.86960169396953,False,False,True,True,False,True,False,,Uptrend Under Pressure,,,0.3831300342517936,0.9516263576747145,0.43001399619499003,-0.07655791357967479,0.6845063423801092,0.6491525423728813,,False,,,0,0,0.348,0.838
CHKP,Check Point Software Technologi,Information Technology,XLK,14182799360.0,2026-09-23,141.16000366210938,0.05147116321869172,0.024457584296259105,0.08168585181693011,0.07290737515099188,0.022870059781582297,False,0.029696103416227082,0.008088621554898978,-0.00414389360404932,-0.025856020912684352,1.0,1.016273783509785,1.1367392416140552,0.8263252362428009,1.016273783509785,154616565.50334626,0.901185723073954,135.0145004272461,132.84983355204264,131.45466690063478,True,True,True,False,True,False,accumulation,3,5,normal,False,False,,False,6.0,분산5일,0.03603812498191328,59.65066597244899,True,True,False,True,False,True,False,,Uptrend Under Pressure,138.5,0.0192,0.3382029537688489,0.9878468725697951,-0.4325975837855697,-0.26313608455266824,0.05442430703624734,0.6488347457627119,,False,,,0,0,0.348,0.838
DDOG,"Datadog, Inc.",Information Technology,XLK,85115133952.0,2026-09-23,251.49000549316406,0.02628036058439065,0.09215269391142722,0.11392125053806534,0.10488116585070828,-0.0594189842628462,False,0.06038215186501383,-0.07301126810022684,0.02553368663297495,-0.10422509236429,0.8727746341147239,0.7399227914511648,0.8933204309405014,1.2540430519249415,0.7399227914511648,833150448.4917634,0.4270039126880971,228.01849899291992,245.89933369954426,214.75583368937174,True,True,True,True,False,False,weak_rally,2,1,normal,False,False,,False,38.0,,0.04454791767845213,59.857586640022085,True,True,True,False,False,True,False,,Uptrend Under Pressure,264.2,-0.0481,0.4214514606945097,0.9878468725697951,0.4590786071871853,0.5565196192692792,0.9228903906617035,0.6472987288135594,,False,,,0,0,0.348,0.838
RS,"Reliance, Inc.",Materials,XLB,19607500800.0,2026-09-23,384.6300048828125,-5.1966759363253345e-05,-0.018801007952008897,0.005594955954602021,-0.0025660011674725203,-0.025773983789480925,False,-0.042737587792068044,-0.03985246965357825,0.06668580701307825,0.002304710390722109,0.8986262668927049,0.8494617157473666,1.263415454826101,0.8308487318813492,0.8494617157473666,119884329.5953064,0.07865139643732748,391.8824966430664,395.7785110473633,379.65727208455405,False,False,False,True,False,False,dry_up,0,1,normal,False,False,,False,79.0,,0.027974950652249028,42.63763440089762,True,False,True,False,False,True,False,,Uptrend Under Pressure,379.65,0.0131,0.42208451370445177,0.9411475393682374,0.17548210903625705,0.1422452695319587,0.7659002204473998,0.6471398305084747,,False,,,0,0,0.348,0.838
CVE,Cenovus Energy Inc,Energy,XLE,59292479488.0,2026-09-23,31.079999923706055,-0.015521057201609567,-0.08372636788168675,-0.0292724770028987,-0.037150465695549584,0.10085848760815974,False,-0.07592916535791883,0.08495004295745368,-0.023559049992117886,0.02287316294495101,0.9162736321183133,1.5674170868254287,1.0076355318401033,0.9114895598269738,1.5674170868254287,221442953.24771816,0.49305538998693993,32.38092222213745,29.768598620096842,28.600739590326945,False,True,True,True,True,False,distribution,1,1,interest,False,False,,False,6.0,,0.03062533355868898,44.31640393178628,True,False,False,True,False,True,False,,Uptrend Under Pressure,33.11,-0.0614,0.3549458936881111,0.9516263576747145,0.6859673349018305,0.14035378369683715,0.8910655559972533,0.6462394067796611,,False,,,0,0,0.348,0.838
PRU,"Prudential Financial, Inc.",Financials,XLF,40571998208.0,2026-09-23,117.58999633789062,-0.007930502413625584,-0.014416237162844792,-0.03034551337547331,-0.03821479378674797,-0.003422888239061894,False,-0.07695062770746164,-0.017824368539273605,0.03143001090155151,0.04892025612762918,0.9505915248548494,0.870387950700928,1.1337434321492648,0.885450531683753,0.870387950700928,191863692.46024626,0.21420539222327598,119.16699905395508,118.2492790222168,108.86766681671142,False,False,True,True,True,False,dry_up,1,2,normal,False,False,,False,31.0,,0.021510869679263446,45.01871880624784,True,False,True,True,False,True,False,,Uptrend Under Pressure,119.9,-0.0192,0.33494825630937775,0.9346486837235032,0.04654089372834558,0.11184115029363917,0.6525703805428065,0.6460275423728814,,False,,,0,0,0.348,0.838
COKE,"Coca-Cola Consolidated, Inc.",Consumer Staples,XLP,13017979904.0,2026-09-23,187.49000549316406,-0.012690829282669736,-0.056084172158283985,-0.026531674186994203,-0.03443190600460133,0.026578383027121788,False,-0.07332009547406249,0.011743356027891894,0.026004863247989007,0.07529937220455296,0.9343200638060258,0.8319534785404581,1.4376076835068519,0.7514190690992414,0.8319534785404581,110903965.20138931,0.1799308689255116,193.97400131225587,188.28279927571614,187.00381787618002,False,False,True,True,True,False,dry_up,4,2,normal,False,False,,False,6.0,,0.03147404329995036,43.87935608503016,True,False,True,True,False,True,False,,Uptrend Under Pressure,200.67,-0.0657,0.3590456433327951,0.9334307577070513,0.4448927129214095,-0.1407644909375838,0.6283826027248745,0.6442266949152542,,False,,,0,0,0.348,0.838
MOG-A,Moog Inc.,Industrials,XLI,11765838848.0,2026-09-23,374.9800109863281,0.015050612734822444,0.051247541782216244,-0.012690829282669736,-0.020703387182591237,-0.06829876252749878,False,-0.0601444918160946,-0.0817627251840699,0.036182403863568746,0.01232847221685196,0.8419327470369761,0.8087549222715987,1.4539032888945118,1.3002740456904496,0.8087549222715987,87213725.16582489,0.8904601006470165,368.8240036010742,395.32403564453125,366.7703928629557,True,False,False,True,False,False,weak_rally,3,3,normal,False,False,,False,37.0,분산3일,0.02786243546859449,49.05974742213127,True,False,True,False,False,True,False,,Uptrend Under Pressure,418.96,-0.105,0.7501814686605769,0.9144666488821164,0.7099408005463976,0.12173156331544055,0.883454699866286,0.6441737288135594,,False,,,0,0,0.348,0.838
GSAT,"Globalstar, Inc.",Communication Services,XLC,10565895168.0,2026-09-23,82.5,-0.00650290112685159,0.008187683660677125,0.004749718508701095,-0.003404379045798045,0.005859499510051602,False,-0.04354220005823006,-0.00867612005819085,-0.0006860973127175152,0.02117467485952118,0.9800427619495686,1.0044284723103394,1.2085146814794778,0.8867221334195001,1.0044284723103394,50037526.157058716,0.8348484673020579,82.06650047302246,81.50616658528646,80.98166662851969,True,True,True,True,True,False,distribution,2,1,normal,False,False,,False,35.0,,0.008251087799732819,53.79296989720695,True,False,False,True,False,True,False,,Uptrend Under Pressure,84.18,-0.02,0.668949002445209,0.9459199931884106,1.017101971421364,0.16024448937269797,0.9214963318998229,0.6426377118644069,,False,,,0,0,0.348,0.838
COP,ConocoPhillips,Energy,XLE,159165202432.0,2026-09-23,128.08999633789062,0.004391104555429903,-0.09297553299332229,-0.03944514079393302,-0.04724057271506832,0.11211634143916305,False,-0.08561289400186556,0.09604521017017431,-0.033791587198398254,0.03333350520121092,0.9070244670066777,0.7437958537187874,1.3554715158818473,0.9626379996364445,0.7437958537187874,908531182.85578,0.695446793016883,133.7604995727539,122.56052182515462,120.18546244303386,False,True,True,True,True,False,weak_rally,2,3,normal,False,False,,False,127.0,분산3일,0.028080138707047547,44.32199330679078,True,False,False,True,False,True,False,,Uptrend Under Pressure,125.15,0.0235,0.27946193627496935,0.9516263576747145,0.3010810300384681,-0.08194051146563941,0.6410501969571031,0.6413665254237289,,False,,,0,0,0.348,0.838
ONC,BeOne Medicines Ltd.,Health Care,XLV,40676466688.0,2026-09-23,365.0,-0.001832289778026297,0.05339105339105332,-0.018764478682121055,-0.02672774557075619,0.16876165125098508,False,-0.06592621957894407,0.151871941766897,0.011660493829757534,0.14386690636294097,0.9685294650200162,1.6810074605563696,1.1737067008419868,0.5019204155437865,1.6810074605563696,133566739.43704224,0.8323271292260572,358.32574768066405,337.89591420491536,316.40045700073244,True,True,True,True,True,False,distribution,2,4,interest,False,False,,False,24.0,분산4일,0.024006458737845526,58.54368102867136,True,False,True,True,False,True,False,,Uptrend Under Pressure,369.15,-0.0112,0.3668645330239395,0.9645151837456468,-0.03734785795141393,0.16363483791582256,0.6076235047522678,0.6411016949152541,,False,,,0,0,0.348,0.838
CIB,Grupo Cibest S.A.,Financials,XLF,22700226560.0,2026-09-23,95.6500015258789,-0.016654622937143704,-0.049865866041258866,-0.045103111726871536,-0.05285262609650332,0.17672517498015528,False,-0.09099892231415496,0.15972038505848518,0.015732223660396505,0.2385302224642094,0.9275601142189581,1.0939498164798838,0.7807472839050288,0.5680272446130107,1.0939498164798838,35794075.251615144,0.17557249685505288,98.5676986694336,90.63256060282389,80.15559151967366,False,True,True,True,True,False,distribution,2,1,normal,False,False,,False,,,0.034034244818052645,46.65552185103637,False,False,True,True,False,True,False,,Uptrend Under Pressure,,,0.4004926226612522,0.9346486837235032,0.7390430959501906,0.26963049991768684,0.9326153734957177,0.6386122881355932,,False,,,0,0,0.348,0.838
BEKE,KE Holdings Inc,Real Estate,XLRE,18963238912.0,2026-09-23,16.59000015258789,0.001207028251781983,0.023442386772201118,-0.06324104967722621,-0.07084336468689778,0.004800943077676534,False,-0.10826508512853794,-0.009719379350557666,0.006425459896080676,0.09371985611009515,0.9055677090035602,1.0231442593969893,1.0904540671285587,1.2593231786938164,1.0231442593969893,87832824.27131501,0.6969684709418259,17.135500192642212,16.699666659037273,16.609925691286723,False,False,True,True,True,False,accumulation,3,2,normal,False,False,,False,16.0,,0.024369261016642267,45.94181959164434,True,False,True,True,False,True,False,,Uptrend Under Pressure,18.32,-0.0944,0.35398617584819303,0.917022007899457,-0.21271230083826076,0.0008832052287393033,0.34182537674822017,0.6375,,False,,,0,0,0.348,0.838
STLD,"Steel Dynamics, Inc.",Materials,XLB,33340981248.0,2026-09-23,234.2899932861328,0.018696411540789937,-0.02060867782548803,0.02189553330188887,0.013602288013482067,-0.026070233406213617,False,-0.027220475360817842,-0.040144438183610354,0.08397665995492076,0.0019999224037847707,0.8722635441632861,0.634806776548057,1.2267562907014198,0.6953863338034945,0.634806776548057,247068695.44581452,0.487053501986356,237.73349838256837,241.11583302815754,237.44282671610515,False,False,False,True,False,False,weak_rally,0,1,normal,False,False,,False,106.0,,0.03549935703521487,45.51927930455721,True,True,True,False,False,True,False,,Uptrend Under Pressure,219.71,0.0664,0.37458881062294963,0.9411475393682374,0.42841010814580627,0.17782437822302466,0.8732734631925121,0.637447033898305,,False,,,0,0,0.348,0.838
MEDP,"Medpace Holdings, Inc.",Health Care,XLV,16579244032.0,2026-09-23,617.1500244140625,-0.011294437127678969,-0.005366742134326086,-0.004644944190974831,-0.012722798881471542,0.1329447436818867,False,-0.05248532116729976,0.11657262233290999,0.026217829887847266,0.10881290265508503,0.988705562872321,1.2207118817468496,1.2674749037270714,0.43211100480062836,1.2207118817468496,135026303.9460388,0.1265726971707708,602.464501953125,580.4163309733073,519.7862912495931,True,True,True,True,True,False,distribution,2,6,normal,False,False,,False,5.0,분산6일,0.022976340024714995,59.21407564923771,True,False,True,True,False,True,False,,Uptrend Under Pressure,620.48,-0.0054,0.6344940727359683,0.9645151837456468,0.07024463391126012,0.15977261233972473,0.6980475949550071,0.6370762711864407,,False,,,0,0,0.348,0.838
FIX,"Comfort Systems USA, Inc.",Industrials,XLI,54397059072.0,2026-09-23,1625.9000244140625,-0.004097747472610824,0.0311520910999179,0.010070313910050865,0.0018730367923718294,-0.08585986244989974,False,-0.03847733178485668,-0.09907005063021845,0.06007025659259857,-0.006752324008253985,0.8642979289551295,0.6726220727940888,1.1089565659329919,1.2269748171364847,0.6726220727940888,556125552.8297364,0.6568783937270528,1596.8999877929687,1690.655008951823,1749.4435262044271,True,False,False,True,False,False,dry_up,1,1,normal,False,False,,False,65.0,,0.04266910419024336,49.43968195839787,True,True,True,False,False,True,False,,Uptrend Under Pressure,1966.39,-0.1732,0.3858172552057422,0.9144666488821164,0.7878044941520141,0.004567377286584184,0.8027872140508112,0.6367584745762713,,False,,,0,0,0.348,0.838
IVZ,Invesco Ltd,Financials,XLF,14472361984.0,2026-09-23,30.739999771118164,-0.02039513724552955,-0.0012995748744313307,-0.05269648541192795,-0.06038437537037045,0.06054750831944977,False,-0.09822733089706526,0.04522159538380843,0.007655085245845017,0.11625056499271613,0.9228459472765571,1.1542939811951864,1.3009034642428856,0.838428695149002,1.1542939811951864,118705517.54126291,0.6999989100876834,31.90099992752075,30.54380725224813,28.39076409339905,False,True,True,True,True,False,distribution,3,4,normal,False,False,,False,40.0,분산4일,0.031276121282873943,44.78413839401475,True,False,True,True,False,True,False,,Uptrend Under Pressure,29.91,0.0278,0.40809958311953404,0.9346486837235032,0.2628068580151366,0.16673802476927668,0.8193424523869755,0.6367584745762712,,False,,,0,0,0.348,0.838
SU,Suncor Energy  Inc.,Energy,XLE,78897397760.0,2026-09-23,67.9800033569336,0.01100543600050874,-0.05412549382201659,0.015527980750469128,0.007286411659359171,0.08682619537014302,False,-0.03328198022332629,0.071120530592512,0.021505090555195228,0.009834924782248011,0.9458745061779834,0.9279305631289175,0.8319990972090042,0.5506093164259869,0.9279305631289175,322687723.77693176,0.5929229231932591,67.8783790588379,64.06892000834146,63.50009018580119,True,True,True,True,True,False,weak_rally,1,1,normal,False,False,,False,127.0,,0.025667357059261934,52.182081011308966,True,True,True,True,False,True,False,,Uptrend Under Pressure,62.89,0.081,0.29351214482348975,0.9516263576747145,0.43599261229167285,-0.06950824737731776,0.6951076939756423,0.6351694915254238,,False,,,0,0,0.348,0.838
MICC,The Magnum Ice Cream Company N.,Consumer Staples,XLP,12475970560.0,2026-09-23,19.059999465942383,-0.009870157613382724,-0.006256560861524929,-0.05409430140065652,-0.0617708473121934,0.004941361848787462,False,-0.09955796277550666,-0.009580989763282255,-0.003045275123478741,0.05263546687193421,0.9333985991542468,1.0949354912234677,0.9750989361009625,1.3149032826412608,1.0949354912234677,15515600.408596897,0.0957445945068502,19.579999923706055,19.012166659037273,17.256999969482422,False,True,True,True,True,False,distribution,4,2,normal,False,False,,False,,,0.024209282669489882,45.98334583201354,False,False,False,True,False,True,False,,Uptrend Under Pressure,,,0.3554010586535972,0.9334307577070513,,0.15602926042715093,,0.6347987288135594,,False,,,0,0,0.348,0.838
MAR,Marriott International,Consumer Discretionary,XLY,89119490048.0,2026-09-23,351.6600036621094,0.02626510215319655,0.04275890714417585,-0.023709073446708695,-0.031632212224496636,-0.05484483787619743,False,-0.07063315917098545,-0.06850322244808249,0.04149482711705832,0.0161420655919986,0.9187908078779776,1.0051095589183323,1.130987123252114,1.0852543953116676,1.0051095589183323,559150183.8523178,0.7196784792712011,340.3700012207031,356.5762878417969,362.0261166890462,True,False,False,True,False,False,accumulation,5,2,normal,False,False,,False,65.0,,0.02140661881163539,56.848331350937244,True,False,True,True,False,True,False,,Uptrend Under Pressure,395.4,-0.1106,0.4129037391438785,0.8941366305950827,0.15045307729169122,-0.06446592765355463,0.5856853745798851,0.6341631355932205,,False,,,0,0,0.348,0.838
UI,Ubiquiti Inc.,Information Technology,XLK,35712954368.0,2026-09-23,573.4000244140625,-0.02178541868127537,0.01892496564027102,0.03841612621329826,0.029988807211033697,0.03395152845162874,False,-0.011493922112081223,0.019009952538794117,-0.043980247562154795,-0.015302436045144363,0.9582700153635966,0.31698202022219346,0.8025138138973196,0.9675909356811403,0.31698202022219346,101278685.30707398,0.0,577.2627227783203,558.9787963867187,659.3260615030924,False,True,True,False,False,False,dry_up,1,2,normal,False,False,,False,23.0,,0.048455328420007014,50.17995325092591,True,True,False,True,False,True,False,,Uptrend Under Pressure,589.69,-0.0276,0.17714224080055643,0.9878468725697951,-0.24111592105527957,-0.40961720687766656,0.10445592858949802,0.6331038135593221,,False,,,0,0,0.348,0.838
MOG-B,Moog Inc.,Industrials,XLI,11876687872.0,2026-09-23,381.989990234375,0.013746961888864817,0.04525920775718473,-0.014524547117623299,-0.022522223386987172,-0.07368357292220462,False,-0.06189007451577122,-0.0870697199838717,0.03425791434135639,0.0064776729897970675,0.8488666449652778,1.1813904861474123,0.65446941975954,1.2505882352941176,1.1813904861474123,71845.63697509766,1.0,373.469499206543,396.9252415974935,368.1887479146322,True,False,False,True,False,False,accumulation,2,0,normal,False,False,,False,,,0.011213837548369462,51.62798446666006,False,False,True,False,False,True,False,,Uptrend Under Pressure,,,0.69059178996824,0.9144666488821164,0.7448820203359863,0.10720061399543068,0.8766913013624372,0.6305614406779662,,False,,,0,0,0.348,0.838
CDW,CDW Corporation,Information Technology,XLK,18950141952.0,2026-09-23,146.16000366210938,-0.0017075335957026372,-0.04930402992207339,0.10828036974219368,0.09928606391046157,-0.009850205668835432,False,0.05501239227576882,-0.024158805163080666,0.020340399158071953,-0.057017603244529536,0.9495842346728822,0.6170844185341728,0.9795142259957625,0.7512482952136539,0.6170844185341728,241280454.80864105,0.0690187019075606,148.18300094604493,141.07918065388998,132.571923828125,False,True,True,True,True,False,dry_up,2,2,normal,False,False,,False,34.0,,0.04041632726182326,50.638854578948774,True,True,True,True,False,True,False,,Uptrend Under Pressure,153.27,-0.0464,0.3328727724984773,0.9878468725697951,-0.2568152308372593,-0.019097798285796275,0.3003695204365581,0.6302966101694916,,False,,,0,0,0.348,0.838
NWG,NatWest Group plc,Financials,XLF,72280039424.0,2026-09-23,17.90999984741211,-0.05488131259399609,-0.038131093438260044,-0.04378001681073784,-0.051540268824602276,0.012992590327200793,False,-0.08973942014233305,-0.0016461091388944027,0.017139611366632224,0.06619792363471988,0.9376963083617463,1.1742031963408273,1.112042003971164,0.8672219127832169,1.1742031963408273,53074161.14245319,0.0,18.609500122070312,18.263250319163003,17.011566948890685,False,False,True,True,True,False,distribution,2,3,normal,False,False,,False,35.0,분산3일,0.023809521273897728,41.26833145477094,True,False,True,True,False,True,False,,Uptrend Under Pressure,19.1,-0.0621,0.3151328397242244,0.9346486837235032,0.22224532388888263,0.126504150267174,0.7819486104586029,0.6271716101694915,,False,,,0,0,0.348,0.838
MCK,McKesson Corporation,Health Care,XLV,103219781632.0,2026-09-23,880.5,-0.006734543639859258,-0.021188133765755013,0.008750242553392296,0.0005636785420943813,0.05617150911218438,False,-0.039733955720447245,0.0409088334972012,0.04002835849421871,0.03367494597698428,0.9521183114966899,0.6843690106423234,1.193791910201341,0.5101638504087095,0.6843690106423234,865632578.33125,0.0,894.4646514892578,855.3439992268881,824.0526463826498,False,True,True,True,True,False,dry_up,1,2,normal,False,False,,False,39.0,,0.023963658993596374,49.408383746630896,True,True,True,True,False,True,False,,Uptrend Under Pressure,888.56,-0.0091,0.44472234781478853,0.9645151837456468,0.060371473650925545,-0.1630032445969979,0.43275270138412053,0.6263771186440679,,False,,,0,0,0.348,0.838
ICE,Intercontinental Exchange Inc.,Financials,XLF,90216095744.0,2026-09-23,156.35000610351562,0.006307594883999013,-0.0001917350204453383,-0.037548965313058624,-0.0453597857429604,0.10904672880697874,False,-0.08380785559744319,0.09301995633906035,0.023767635681305466,0.16729710637462647,0.9530950240916485,0.9587617065136929,1.028870184016411,0.5239911815138402,0.9587617065136929,501472403.7059418,0.7767474504205033,158.00239105224608,149.3788776397705,149.67648906707763,False,True,True,True,False,False,weak_rally,1,0,normal,False,False,,False,37.0,,0.02283166026247053,51.54971005504562,True,False,True,True,False,True,False,,Uptrend Under Pressure,155.75,0.0038,0.3555802867102395,0.9346486837235032,-0.1753653703832555,-0.12088471187701055,0.2553232626215171,0.626324152542373,,False,,,0,0,0.348,0.838
SW,Smurfit WestRock plc,Materials,XLB,24600125440.0,2026-09-23,46.4900016784668,0.023783348044125407,0.06360106731234638,-0.04518375457573698,-0.052932614484218266,0.05820678670242141,False,-0.09107568917498221,0.04291469940441317,0.012822241468718687,0.08870593602591059,0.9235025986659118,0.9851147745129044,1.202785972500364,0.7381403786861004,0.9851147745129044,204722832.92918682,0.16666666666666666,45.51650047302246,46.003099568684895,43.26385046641032,True,True,False,True,False,False,weak_rally,2,2,normal,False,False,,False,39.0,,0.033017854688559105,53.889463558875356,True,False,True,True,False,True,False,,Uptrend Under Pressure,50.34,-0.0765,0.44016508169516305,0.9411475393682374,-0.0023354708200782337,0.11201102502966975,0.6092813776155541,0.6254237288135593,,False,,,0,0,0.348,0.838
BDX,"Becton, Dickinson and Company",Health Care,XLV,51238682624.0,2026-09-23,182.52000427246094,0.01007198314862201,-0.018287402807495745,-0.03745224531127733,-0.04526385067728367,0.16164267515670883,False,-0.08371578431002724,0.1448558415993999,-0.007606720621708529,0.13689956520085245,0.9562310543576007,0.5598901328146251,1.366680964128329,0.5962054082890951,0.5598901328146251,334270159.67923963,0.4046837762116426,183.5583023071289,171.39318466186523,159.5671241760254,False,True,True,True,True,False,weak_rally,1,4,normal,False,False,,False,32.0,분산4일,0.023143605436639365,53.534093786195626,True,False,False,True,False,True,False,,Uptrend Under Pressure,176.03,0.0369,0.4283262607073597,0.9645151837456468,0.14378828736926486,0.05655849628327925,0.6847972606700156,0.6245762711864407,,False,,,0,0,0.348,0.838
GEV,GE Vernova Inc.,Industrials,XLI,239308718080.0,2026-09-23,951.8200073242188,0.005918324273934239,0.07817085211593855,0.01031741003096398,0.002118127592120489,-0.11144026048330002,False,-0.03824211200043792,-0.12428078775730034,0.06032958432918489,-0.03454638955023004,0.8819844325802999,0.7338008486430321,1.329769169883929,1.5552449161391564,0.7338008486430321,2113108867.4588318,0.852646886661301,929.8930053710938,999.5693359375,1007.9273508707682,True,False,False,True,False,False,weak_rally,3,2,normal,False,False,,False,105.0,,0.0390587108467167,50.63758683114763,True,True,True,False,False,True,False,,Uptrend Under Pressure,1126.98,-0.1554,0.34207511960087045,0.9144666488821164,0.3208230459888506,-0.07404929775267333,0.6569847493766037,0.6242055084745763,,False,,,0,0,0.348,0.838
MO,"Altria Group, Inc.",Consumer Staples,XLP,114344067072.0,2026-09-23,68.94999694824219,0.006128676148060785,-0.012319161157823277,0.02309343380027218,0.014790466889311515,-0.051324895915483726,False,-0.026080150308591454,-0.06503414697246745,0.07830815939439328,-0.0063011644175460235,0.9350134870836033,1.1362572372950763,1.2024246298471837,0.7482229582446289,1.1362572372950763,563912996.4661529,0.46211981314675366,68.26934394836425,68.65899575551352,68.19865080515544,True,True,False,True,False,False,accumulation,2,2,normal,False,False,,False,60.0,,0.019010565283731275,54.20740745130444,True,True,True,True,False,True,False,,Uptrend Under Pressure,72.63,-0.0507,0.6503056050217947,0.9334307577070513,-0.07993955021865895,-0.09575384172524715,0.3654304145133895,0.6234110169491526,,False,,,0,0,0.348,0.838
BBDO,Banco Bradesco Sa,Financials,XLF,31661639680.0,2026-09-23,3.109999895095825,-0.04012349199329335,-0.0151975911069544,-0.02812504726461995,-0.03601234798179842,-0.03816538936616565,False,-0.07483688525786503,-0.05206480771887978,0.03379194024495802,0.01235297723802753,0.9049050484398742,0.6655920392958229,1.033520758500768,0.9681005195843325,0.6655920392958229,245733.40088248253,0.0,3.1327569842338563,3.1213680307070413,3.1519359985987347,False,False,True,True,False,False,dry_up,2,2,normal,False,False,,False,,,0.035175092088762745,47.9865571022456,False,False,True,True,False,True,False,,Uptrend Under Pressure,,,0.3763911402231774,0.9346486837235032,-0.021539435459944634,-0.12419220214285265,0.3907394022622963,0.6227754237288137,,False,,,0,0,0.348,0.838
VLTO,Veralto Corp,Industrials,XLI,24030709760.0,2026-09-23,95.87999725341797,0.007354454150008349,0.004189294956233658,-0.03512131827211917,-0.042951840395323515,0.00441929793646012,False,-0.08149689008529715,-0.010095509359108634,0.012641573199515976,0.09133938267968644,0.9578421450046862,1.0484390895582467,1.3955808210831542,0.7862535659395475,1.0484390895582467,159410019.40392265,0.6234270355165963,96.37699966430664,95.2331662495931,90.94745864868165,False,True,True,True,True,False,accumulation,2,3,normal,False,False,,False,15.0,분산3일,0.017106964794167248,49.684200248395086,True,False,True,True,False,True,False,,Uptrend Under Pressure,98.57,-0.0273,0.5793400159945562,0.9144666488821164,-0.20150015943542499,-0.04438229595076881,0.31051823208413143,0.621927966101695,,False,,,0,0,0.348,0.838
AKAM,"Akamai Technologies, Inc.",Information Technology,XLK,15610498048.0,2026-09-23,118.44000244140625,0.008772666273489493,0.12371917198052063,0.12095398766184129,0.11185682843788447,-0.07873094184807794,False,0.06707687011480767,-0.09204414966270014,0.032008389244297275,-0.12261709340698379,0.9391800956956324,1.1933839596346965,1.14726701078754,1.1436681629902041,1.1933839596346965,354699470.04751587,0.8181816969263683,107.87900009155274,114.64016685485839,119.71400025685628,True,True,False,False,False,False,accumulation,3,4,normal,False,False,,False,85.0,분산4일,0.04447701434673619,60.682165187519416,True,True,True,True,False,True,False,,Uptrend Under Pressure,143.55,-0.1749,0.3013002406062155,0.9878468725697951,0.24438758170994324,-0.1762154871354682,0.544725524917784,0.6213983050847458,,False,,,0,0,0.348,0.838
ACGLO,Arch Capital Group Ltd. - Depos,Financials,XLF,0.0,2026-09-23,18.760000228881836,0.004820575908950797,0.030203249426747902,0.0056977977015963965,-0.0024639940379178604,-0.025252188005026266,False,-0.04263968899273485,-0.03933821431092388,0.0697695980946813,0.025944417698887,0.9749111833190963,1.5206837186752484,1.503502602410218,0.642670030715226,1.5206837186752484,691548.982567501,0.8095258278787292,18.513568496704103,18.81618251800537,19.02754020690918,True,False,False,False,False,False,accumulation,4,5,interest,True,False,surge,False,,분산5일,0.017331561054340427,56.55702795475386,False,False,True,True,False,True,False,,Uptrend Under Pressure,,,0.18841439386596257,0.9346486837235032,-0.2113481298669696,-0.15962754396975487,0.1954311372917495,0.6201271186440678,,False,,,0,0,0.348,0.838
RKLB,Rocket Lab Corporation,Industrials,XLI,40871149568.0,2026-09-23,70.30999755859375,-0.023200968608720896,0.10376760936398588,0.050814432975584634,0.04561757974023939,-0.1285859203754256,False,0.006539821229883502,-0.13465826313972773,0.08070365458938356,-0.03095006310822057,0.8488469878583664,1.003746426030548,1.2759017457931492,1.22986948750013,1.003746426030548,1244311827.8621705,0.06590139493399148,65.19750003814697,72.5240000406901,86.34658330281576,True,False,False,False,False,False,distribution,5,3,normal,False,False,,False,93.0,분산3일,0.049866916146445193,53.93604009674983,True,True,True,False,False,True,False,,Uptrend Under Pressure,117.35,-0.4009,0.4584637367188668,0.9144666488821164,0.1874721298487101,-0.11811346656399291,0.5638303639189043,0.619438559322034,,False,,,0,0,0.348,0.838
NDAQ,"Nasdaq, Inc.",Financials,XLF,55120756736.0,2026-09-23,95.44000244140625,0.007920582750687855,0.06959541466822228,-0.03064430340668589,-0.03851115897223223,0.044797491401353584,False,-0.07723505680520992,0.02969918108240588,0.03111218531583848,0.0996733111256749,0.9627289312099112,1.0924170916571208,1.2883674332003614,0.5899118272952025,1.0924170916571208,287898971.9968964,0.5059513610454291,94.86964492797851,92.67615242004395,90.0801544825236,True,True,True,True,True,False,accumulation,3,4,normal,False,False,,False,47.0,분산4일,0.024669253269285086,54.418314757361614,True,False,True,True,False,True,False,,Uptrend Under Pressure,93.93,0.016,0.29435359941942274,0.9346486837235032,-0.048114577699877814,-0.026027080015528448,0.4607404864298363,0.619332627118644,,False,,,0,0,0.348,0.838
MMM,3M Company,Industrials,XLI,88616583168.0,2026-09-23,170.3000030517578,0.03230891550957815,0.03418962133609993,-0.04865645339565394,-0.056377130439852374,0.05567327195837812,False,-0.09438147748422221,0.04041779634073661,-0.001563570705642725,0.14702875511993918,0.9307079698635166,0.9805882961713868,1.0595030086769353,0.7550033014758992,0.9805882961713868,476356445.387545,0.949810885011017,168.7595001220703,170.0384521484375,160.0736919403076,True,True,True,True,False,False,weak_rally,3,4,normal,False,False,,False,44.0,분산4일,0.0208413666186469,52.176555291515584,True,False,False,True,False,True,False,,Uptrend Under Pressure,170.02,0.0017,0.41192776306593887,0.9144666488821164,-0.0038389086567963693,0.04781982439342314,0.5613918904268006,0.6181673728813559,,False,,,0,0,0.348,0.838
IAG,Iamgold Corporation,Materials,XLB,11676950528.0,2026-09-23,19.889999389648438,-0.011922492852653677,0.012729124631835065,-0.08761467496590836,-0.09501918457718128,0.3062794286231647,False,-0.13146722551312984,0.28740245740249626,-0.0321863977360517,0.34392841354030956,0.8971582914389126,0.9923141796292094,1.653121819634242,0.8115359157865433,0.9923141796292094,106563796.9949108,0.2571425457399038,20.382000255584718,17.652666680018108,17.5888333717982,False,True,True,True,True,False,dry_up,1,3,normal,False,False,,False,23.0,분산3일,0.03955684055271822,52.20413200845746,True,False,False,False,False,True,False,,Uptrend Under Pressure,19.72,0.0086,0.5074809382758045,0.9411475393682374,0.6025460582911188,0.0697829026853587,0.8395296519822197,0.6176377118644067,,False,,,0,0,0.348,0.838
BG,Bunge Limited,Consumer Staples,XLP,22326163456.0,2026-09-23,111.4800033569336,-0.010034608358878705,-0.08442837219890287,0.011982567637461417,0.003769771527186272,-0.0699460522465849,False,-0.0366569879127886,-0.08338621001123336,0.06659765745441426,-0.025806073193739176,0.8947749147900891,0.9337279816764461,1.4143927619898935,0.9007591621407969,0.9337279816764461,237997596.38020936,0.6010565835344597,118.22200050354004,114.33013674418132,118.27172374725342,False,False,True,False,False,False,dry_up,2,3,normal,False,False,,False,7.0,분산3일,0.0411893142059711,40.48014653005126,True,True,True,False,False,True,False,,Uptrend Under Pressure,122.41,-0.0893,0.3324278220351133,0.9334307577070513,0.25967502070140425,-0.19090166287878418,0.5403129630298869,0.6172669491525423,,False,,,0,0,0.348,0.838
ENSG,"The Ensign Group, Inc.",Health Care,XLV,10039731200.0,2026-09-23,175.4600067138672,0.005674359409854723,0.015687448416018546,-0.021798452972950133,-0.029737097488580777,0.014171399203861679,False,-0.06881437005247026,-0.00048433516361201523,0.008532445708135494,-0.0074305572163437805,0.9538980340600988,0.9459585548187381,1.2512402512570266,0.8280287401475024,0.9459585548187381,62746966.28630905,0.1809778653080447,174.02849807739258,174.46008275349934,175.6846787770589,True,True,True,False,False,False,weak_rally,4,3,normal,False,False,,False,151.0,분산3일,0.019609267576537973,51.26182828277933,True,False,True,True,False,True,False,,Uptrend Under Pressure,213.18,-0.177,0.3573165912984359,0.9645151837456468,-0.05949260396706069,-0.24252842630077254,0.2767608687795887,0.6162076271186441,,False,,,0,0,0.348,0.838
FCX,"Freeport-McMoRan, Inc.",Materials,XLB,108763963392.0,2026-09-23,72.58000183105469,0.005820373442772642,0.04612286976530644,-0.06709512873965351,-0.07466616577424456,0.18082426750887803,False,-0.11193392316147832,0.1637602418295283,-0.010420269538723215,0.21485744147082153,0.9082717870712559,0.6878483632411511,0.8682157748987162,0.6769907920897031,0.6878483632411511,960242711.4262657,0.7916676127719674,73.57150001525879,67.46538403828939,65.82027228673299,False,True,True,True,True,False,weak_rally,1,1,normal,False,False,,False,20.0,,0.04140258890040405,53.00620963353653,True,False,False,True,False,True,False,,Uptrend Under Pressure,77.8,-0.0671,0.39712836886723263,0.9411475393682374,0.4821706545679161,0.19672425969631524,0.8913347909363594,0.6162076271186441,,False,,,0,0,0.348,0.838
DAR,Darling Ingredients Inc.,Consumer Staples,XLP,10457597952.0,2026-09-23,61.36000061035156,-0.030034741726113756,-0.0778479145461961,-0.015404349954648455,-0.02339488613924323,-0.03720662073261283,False,-0.06272759083489243,-0.051119894197415694,0.03773271147334256,0.008487158317232568,0.8978636801057442,1.4104962395196365,1.0813982034478187,0.8289637144864794,1.4104962395196365,162826630.675428,0.4362414217302087,65.1454999923706,62.76483306884766,61.31899983088176,False,False,True,True,True,False,distribution,0,2,normal,False,False,,False,15.0,,0.03760012381246767,40.23878015537651,True,False,True,False,False,True,False,,Uptrend Under Pressure,66.27,-0.0741,0.38131428100015086,0.9334307577070513,0.7699026243213773,-0.005981184005534712,0.7900590871309313,0.6153601694915254,,False,,,0,0,0.348,0.838
ORCL,Oracle Corporation,Information Technology,XLK,429535821824.0,2026-09-23,144.55999755859375,-0.031099192255734875,0.009779225067559238,-0.0013815760972051283,-0.006320291463379757,0.10364800198933999,False,-0.04345698124290831,0.09595736545279943,-0.06571122858699174,0.018691103429745448,0.8894904858373147,0.7016792936674382,0.9008725040013795,0.7669483640745554,0.7016792936674382,4764123750.61912,0.07445878205304762,149.84300003051757,141.47275377909344,161.60836722056072,False,True,False,True,False,False,dry_up,1,5,normal,False,False,,False,11.0,분산5일,0.054095191732194674,46.732875525161376,True,False,False,False,False,True,False,,Uptrend Under Pressure,162.52,-0.1105,0.37307328451866445,0.9878468725697951,-0.6196718519316287,-0.16780468371459623,0.08393083011094649,0.6153601694915254,,False,,,0,0,0.348,0.838
KOF,Coca Cola Femsa S.A.B. de C.V.,Consumer Staples,XLP,23352852480.0,2026-09-23,110.56999969482422,-0.005307700142567318,-0.008340809911890457,-0.03743364628661294,-0.04524540259395193,0.04009346264443536,False,-0.08369807922200001,0.02506312998288629,0.014514529051587788,0.08945587195953353,0.9458511398765604,0.8335530841021537,0.9254316489052724,0.6667055977821558,0.8335530841021537,15160032.336256027,0.3601269766506229,111.82300148010253,108.59133987426758,106.0026330947876,False,True,True,True,True,False,dry_up,1,3,normal,False,False,,False,,분산3일,0.020087459817140368,48.66114960924379,False,False,True,True,False,True,False,,Uptrend Under Pressure,,,0.4511729083097571,0.9334307577070513,0.1672355014141964,0.04591358432557713,0.6936097358245095,0.6146186440677965,,False,,,0,0,0.348,0.838
NEM,Newmont Corporation,Materials,XLB,132828446720.0,2026-09-23,123.55000305175781,0.004063388765538578,-0.005153388977107043,-0.060928402423617634,-0.0685494858399559,0.29433203905054706,False,-0.10606359209651117,0.275627718890733,-0.0038789087272966816,0.33163668180018724,0.9161402453933448,0.6866284980034695,1.0920731260509309,0.5467864379729158,0.6866284980034695,1028926237.7505287,0.7860552508632948,126.48393020629882,110.38695398966472,109.71040077209473,False,True,True,True,True,False,weak_rally,0,1,normal,False,False,,False,158.0,,0.03344259164438755,52.20999318295895,True,False,False,True,False,True,False,,Uptrend Under Pressure,116.1,0.0642,0.47803043519464533,0.9411475393682374,0.39422038494832323,0.14726176779276035,0.8550043366701601,0.6136122881355932,,False,,,0,0,0.348,0.838
ROST,"Ross Stores, Inc.",Consumer Discretionary,XLY,73311305728.0,2026-09-23,233.97999572753906,0.011805386929898631,0.0341200451168131,-0.029346634321920972,-0.037224021187069356,0.03970808015157701,False,-0.07599975840700846,0.02468331663095391,0.03548074839380355,0.11779648307050006,0.9185135787640555,0.7377379385143539,1.1501154490379815,0.5496205437094758,0.7377379385143539,487157410.3416931,0.2507920053478526,229.80322189331054,233.39004669189453,229.0447151184082,True,True,False,True,False,False,weak_rally,1,1,normal,False,False,,False,139.0,,0.02098081206710535,52.93574056807918,True,False,True,True,False,True,False,,Uptrend Under Pressure,212.24,0.1024,0.4043927831860176,0.8941366305950827,0.41469251429541365,-0.04045812035257479,0.7168931372194717,0.6134533898305086,,False,,,0,0,0.348,0.838
VRTX,Vertex Pharmaceuticals Incorpor,Health Care,XLV,138014556160.0,2026-09-23,516.3400268554688,0.0110041228487876,0.0033228182508433513,-0.057068241690691246,-0.06472065243821712,0.04644867393198027,False,-0.1023889647002314,0.031326502466307415,-0.027830946256658495,0.02415920819866768,0.9254068508886338,1.205354036410082,1.2100275660568918,1.1615333991797823,1.205354036410082,533704323.3153839,0.4272330082151318,531.0770050048828,510.4338348388672,475.89275080362955,False,True,True,True,True,False,accumulation,1,1,normal,False,False,,False,13.0,,0.0225805690347049,46.68944913946484,True,False,False,True,False,True,False,,Uptrend Under Pressure,556.75,-0.0726,0.4887071395383205,0.9645151837456468,0.22971356613814464,0.036855839003580027,0.720947923819161,0.6129766949152543,,False,,,0,0,0.348,0.838
BBVA,Banco Bilbao Vizcaya Argentaria,Financials,XLF,159810109440.0,2026-09-23,28.09000015258789,-0.028363877521695002,-0.025667699378302267,-0.03834299784282191,-0.04614737426125526,0.07680871955829893,False,-0.0845637240416035,0.06124781676532498,0.02292301629148441,0.13336586260120753,0.9477058276323085,0.9919934553356722,1.2917767536873253,0.5508385967389612,0.9919934553356722,33213686.177453995,0.03296569706268261,28.928000068664552,27.571000067392983,25.130041376749674,False,True,True,True,True,False,dry_up,1,2,normal,False,False,,False,23.0,,0.021143759260651415,45.36163495377328,False,False,True,True,False,True,False,,Uptrend Under Pressure,28.53,-0.0154,0.3704591108925828,0.9346486837235032,0.3576440167315411,0.19241235794849243,0.8642775830291641,0.6127118644067797,,False,,,0,0,0.348,0.838
SUN,Sunoco LP,Energy,XLE,14326989824.0,2026-09-23,75.05999755859375,0.008599830763171168,-0.061398069115425336,-0.01379586182285486,-0.02179945177487086,0.04611532734201451,False,-0.06119641248129104,0.030997973049335048,-0.007991343842558507,-0.027991966516598188,0.9386019308845747,1.0862472896966786,1.651831748173448,0.815326592891711,1.0862472896966786,45307992.46972199,0.7148285995259908,76.58799934387207,73.86193288167318,69.47698551813761,False,True,True,True,True,False,accumulation,4,3,normal,False,False,,False,,분산3일,0.028167912260014284,46.4395971493657,False,False,False,True,False,True,False,,Uptrend Under Pressure,,,0.31706851189875707,0.9516263576747145,0.4122010559404543,0.025693588861391614,0.7719697517256332,0.6126059322033899,,False,,,0,0,0.348,0.838
BPYPP,Brookfield Property Partners L.,Real Estate,XLRE,0.0,2026-09-23,15.35990047454834,-0.0278544120806149,-0.031226684451745812,-0.03796037138284425,-0.04576785302581676,-0.034748131111492,False,-0.08419948799817079,-0.04869693207279158,0.03358625539223414,0.050670923851956484,0.9496074929855556,3.186969222838228,1.3283650932901627,0.864358328117864,3.186969222838228,175664.1980635643,0.3871874634887253,15.941383123397827,15.676739199956257,15.431029836336771,False,False,True,True,True,False,distribution,1,2,attention,False,False,,False,,,0.02000944438168078,33.270080666453325,False,False,True,True,False,True,False,,Uptrend Under Pressure,,,0.358362322853355,0.917022007899457,-0.01708744948580987,-0.030764436847342758,0.4814498933901919,0.611917372881356,,False,,,0,0,0.348,0.838
SLB,SLB Limited,Energy,XLE,89197002752.0,2026-09-23,51.869998931884766,0.0021252050602520445,-0.04298896306746702,-0.03446049360115877,-0.042296378680663604,0.07152329690342474,False,-0.08086782704672069,0.05603877345866559,-0.02877760178533495,-0.004383909275966658,0.8675397225474876,0.5230748921441113,1.063826566269625,0.9045986721106093,0.5230748921441113,808825633.4713348,0.12131005655766205,55.03315620422363,51.22212715148926,52.28661343256633,False,True,True,True,False,False,weak_rally,1,4,normal,False,False,,False,15.0,분산4일,0.0355490362696515,42.4203921949648,True,False,False,False,False,True,False,,Uptrend Under Pressure,59.79,-0.1325,0.35171596358346385,0.9516263576747145,0.37078914197176216,-0.06131997334977646,0.694818582631636,0.6117055084745763,,False,,,0,0,0.348,0.838
ABEV,Ambev S.A.,Consumer Staples,XLP,44255391744.0,2026-09-23,2.930000066757202,-0.01677850738129516,-0.029801296270770217,0.0034246541787590346,-0.004718689748629434,-0.06804332253988032,False,-0.04480357698668436,-0.08151097654547623,0.05757788701601729,-0.023813040715243372,0.9331210091939213,0.5133552307370175,0.7326004396437508,0.9175122353458457,0.5133552307370175,75322193.230226,0.0,2.9680000066757204,2.9954999804496767,3.0561084230740865,False,False,False,True,False,False,dry_up,1,1,normal,False,False,,False,37.0,,0.023159411808010576,44.951193902460936,True,False,True,True,False,True,False,,Uptrend Under Pressure,3.12,-0.0609,0.3582447771320168,0.9334307577070513,0.07949827360996053,-0.11939947947511986,0.4883668822955441,0.6114406779661018,,False,,,0,0,0.348,0.838
MPLX,MPLX LP,Energy,XLE,59989991424.0,2026-09-23,58.810001373291016,-0.004738513768384411,0.006675851019677381,0.005987038903517927,-0.0021771001877137763,0.018685208082316773,False,-0.04236434977288128,0.003964244914306914,0.011907993429275177,-0.053478923435180126,0.9764237393369141,0.9896274616243507,1.1979606980550477,0.7508974894166667,0.9896274616243507,73722699.86989173,0.3232327124482703,59.17149982452393,57.922470283508304,56.12459653218587,False,True,True,True,True,False,dry_up,1,3,normal,False,False,surge,False,2.0,분산3일,0.017204310212134394,49.3923007964725,True,False,True,True,False,True,False,,Uptrend Under Pressure,59.44,-0.0106,0.4515095145626309,0.9516263576747145,0.07842500416130882,-0.11747072503908862,0.4911170539554046,0.6093220338983052,,False,,,0,0,0.348,0.838
JNJ,Johnson & Johnson,Health Care,XLV,640671547392.0,2026-09-23,269.1700134277344,-0.001113251165657747,0.007372758722693273,-0.009311735979492863,-0.017351717083354923,0.02136389196234645,False,-0.056927810002685764,0.006604219282876356,0.021406335824697198,-0.00039126530265054527,0.9667421632308496,0.9819900648731757,1.1948583018167616,0.6655097557494751,0.9819900648731757,1747920022.2788758,0.469643217203176,269.53200073242186,262.1757364908854,246.2552454630534,False,True,True,True,True,False,dry_up,1,1,normal,False,False,,False,60.0,,0.02018108962385389,53.65672235432422,True,False,True,True,False,True,False,,Uptrend Under Pressure,253.41,0.0622,0.45504070659601553,0.9645151837456468,0.3416176368206947,-0.014395760785248402,0.7229355643092046,0.6088983050847457,,False,,,0,0,0.348,0.838
EG,"Everest Group, Ltd.",Financials,XLF,14365106176.0,2026-09-23,372.3599853515625,0.007958345019126067,-0.01894349274838636,-0.0063839354860459885,-0.014447677304048057,-0.03572239351396722,False,-0.054140730228444456,-0.049657115463586865,0.05691815217726015,0.01492428637684462,0.9390133100404419,0.6914318077409224,1.5952491543094436,0.689176170038831,0.6914318077409224,154894896.868573,0.25208375789688203,375.1356994628906,372.13838755289714,355.2286677042643,False,True,True,True,True,False,weak_rally,6,2,normal,False,True,acc,False,2.0,,0.02066166772339107,48.982086224172555,True,False,True,True,False,True,False,,Uptrend Under Pressure,374.85,-0.0066,0.42239071752459356,0.9346486837235032,-0.03983145913680486,-0.0200094957381467,0.4709506342380109,0.6085805084745763,,False,,,0,0,0.348,0.838
EBAY,eBay Inc.,Consumer Discretionary,XLY,46084198400.0,2026-09-23,109.08999633789062,0.00729448997111537,0.009812066746009096,0.021868414174959216,0.01357538897320909,-0.0746302478107782,False,-0.027246291044068838,-0.08800271452639119,0.0901163151386084,-0.005129349012914619,0.931724021673565,0.7567846949771806,1.5623131025756505,0.7554986733495498,0.7567846949771806,563633391.7866379,0.5998364834982872,106.54264183044434,108.8911184946696,107.46127910614014,True,True,True,True,False,False,weak_rally,3,2,normal,False,False,,False,46.0,,0.03441011609212734,53.50538015489504,True,True,True,True,False,True,False,,Uptrend Under Pressure,111.72,-0.0235,0.3753414201103751,0.8941366305950827,-0.008004589075119806,-0.007876085405844058,0.5073461385566116,0.6081038135593221,,False,,,0,0,0.348,0.838
AIG,"American International Group, I",Financials,XLF,39928123392.0,2026-09-23,75.58000183105469,0.013952252518831143,0.0013248339914375684,-0.016791641755018683,-0.024770919302294803,-0.0732192305472843,False,-0.06404820435566927,-0.08661208779473217,0.04584738342556216,-0.024541994195729777,0.9412428570111957,0.8251053078003108,1.0883648424650474,1.091572940673899,0.8251053078003108,319449507.25511473,0.4487193908242164,75.5191764831543,77.00156758626302,76.05840301513672,True,False,True,True,False,False,weak_rally,4,3,normal,False,False,acc,False,4.0,분산3일,0.017629846189042068,48.8910106731277,True,False,True,True,False,True,False,,Uptrend Under Pressure,76.07,-0.0064,0.45883171991032384,0.9346486837235032,-0.13475184597507883,-0.1288377840496483,0.28396516208304723,0.6077330508474577,,False,,,0,0,0.348,0.838
CRWV,"CoreWeave, Inc.",Information Technology,XLK,46819938304.0,2026-09-23,86.9000015258789,0.00161363976718909,0.04259151909714842,-0.0129486526328213,-0.017830162466571653,0.06180418008706812,False,-0.05453669501819691,0.05440512712153045,-0.07240986385319015,-0.033114919735941384,0.8066462342710579,1.1296016835682325,1.7448167742489742,1.0557991330717573,1.1296016835682325,2402785158.6492887,0.09186317543213239,86.05450057983398,85.48733367919922,97.03379154205322,True,True,False,True,False,False,accumulation,3,3,normal,False,False,,False,11.0,분산3일,0.06467942954103768,50.315303099647124,True,False,False,False,False,True,False,,Uptrend Under Pressure,99.83,-0.1295,0.5475066667223293,0.9878468725697951,-0.43920573419161346,-0.11345679943438547,0.14994669509594882,0.6067796610169491,,False,,,0,0,0.348,0.838
THC,Tenet Healthcare Corporation,Health Care,XLV,21410807808.0,2026-09-23,256.44000244140625,-0.017358312289180833,-0.01690628161365393,-0.07950749914802946,-0.08697780295788993,0.2812209868539688,False,-0.12374970999292767,0.2627061337787344,-0.05096597325810126,0.2539308464059158,0.9133454873231451,0.7415522034908556,1.3669864354730936,0.8231062632508144,0.7415522034908556,224907655.2193634,0.12039738879178112,264.3584976196289,243.05566584269206,213.39683329264324,False,True,True,True,True,False,dry_up,1,0,normal,False,False,,False,40.0,,0.032225597744703606,45.84087595593084,True,False,False,True,False,True,False,,Uptrend Under Pressure,243.36,0.0537,0.7080449665744503,0.9645151837456468,0.26939214650669974,0.17837674669702674,0.8257227783600158,0.6058262711864407,,False,,,0,0,0.348,0.838
IX,ORIX Corporation,Financials,XLF,42329059328.0,2026-09-23,39.099998474121094,-0.014368533429135133,-0.01486520970023053,-0.0002557436991658113,-0.008369219169979347,-0.03606197161067204,False,-0.04830708158328667,-0.049991786336141875,0.06343676371233586,0.014566872645415785,0.9465019892108065,0.9855733455333752,0.8644842555677783,0.6623983370008155,0.9855733455333752,12542735.558385849,0.34210050796072844,39.56749935150147,39.617500114440915,37.551083405812584,False,False,True,True,False,False,dry_up,0,3,normal,False,False,,False,,분산3일,0.020442074230917557,46.66386832225124,False,False,True,True,False,True,False,,Uptrend Under Pressure,,,0.4078320602998806,0.9346486837235032,0.22320509988762272,0.10227954489452884,0.7686052184597594,0.6055614406779661,,False,,,0,0,0.348,0.838
PAG,"Penske Automotive Group, Inc.",Consumer Discretionary,XLY,14221921280.0,2026-09-23,209.66000366210938,-0.011783559374280328,-0.029845897598564153,-0.03856561370040068,-0.046368183468494695,0.06312030312985217,False,-0.08477564017300387,0.047757210879794565,0.025646057654760357,0.14296710644601807,0.9445480401574655,0.8608905391548253,1.3120867869198076,0.5290573080066713,0.8608905391548253,70710324.87514953,0.0,216.35499954223633,209.04645462036132,186.92328008015951,False,True,True,True,True,False,dry_up,3,4,normal,False,False,,False,38.0,분산4일,0.013688826799158336,37.258204866643645,True,False,True,True,False,True,False,,Uptrend Under Pressure,221.97,-0.0555,0.9450865368423266,0.8941366305950827,0.09402486822301781,0.29167186243782073,0.7485851613602689,0.6055084745762712,,False,,,0,0,0.348,0.838
DAL,"Delta Air Lines, Inc.",Industrials,XLI,51294597120.0,2026-09-23,81.75,-0.009090909090909038,0.03625301853820062,-0.008850670795616855,-0.016894393697479915,-0.07683276777149106,False,-0.05648890528514661,-0.090173405993904,0.040212655754615634,0.003055954221729662,0.8777109784809133,0.9985400483992115,1.6187228735360106,0.9598994305157437,0.9985400483992115,530397484.8810013,0.11617600351811586,79.75350036621094,85.17088406880697,79.89461733500163,True,False,False,True,False,False,dry_up,3,4,normal,False,False,,False,65.0,분산4일,0.026178595799970644,51.208502642301475,True,False,True,False,False,True,False,,Uptrend Under Pressure,83.97,-0.0265,0.38884356884595156,0.9144666488821164,0.19843191166561125,0.08574125606344962,0.7467059376242275,0.6055084745762712,,False,,,0,0,0.348,0.838
KR,Kroger Company (The),Consumer Staples,XLP,35251724288.0,2026-09-23,57.63999938964844,-0.03434409924987414,-0.07405623470444278,-0.024373771103191277,-0.03229151549326714,-0.047609125145033016,False,-0.07126590904534158,-0.06137207259833066,0.028279224929505853,-0.0024090446897375717,0.9259437652955572,0.9430084203000849,1.1739647950019836,0.9386068835398329,0.9430084203000849,425201714.2380066,0.038567354153399284,58.69349994659424,57.7618382136027,61.343810399373375,False,False,True,False,False,False,dry_up,4,5,normal,False,False,,False,5.0,분산5일,0.027758503225777175,45.71577474483795,True,False,True,True,False,True,False,,Uptrend Under Pressure,62.25,-0.0741,0.2960164150873616,0.9334307577070513,-0.22382420837859895,-0.3118209352923623,0.12420404033103248,0.6047669491525425,,False,,,0,0,0.348,0.838
WTS,"Watts Water Technologies, Inc.",Industrials,XLI,12209850368.0,2026-09-23,357.2900085449219,0.01902348274662735,0.01945960367638988,-0.03995032992567038,-0.04774166195865659,0.004419132249148028,False,-0.08609380191016835,-0.010095672652082333,0.007573518478798391,0.09133920265418416,0.9124914052144998,0.8401706565219036,1.33211504230257,0.7526299886692686,0.8401706565219036,74599940.57116394,0.6005759106808466,358.04881286621094,360.09486796061196,334.4540407816569,False,False,True,True,False,False,weak_rally,2,2,normal,False,False,,False,32.0,,0.022328788286242365,49.225093206479045,True,False,True,True,False,True,False,,Uptrend Under Pressure,376.47,-0.0509,0.39963993905405276,0.9144666488821164,0.15554389951231928,0.09074718636853651,0.7191843446207221,0.6041843220338983,,False,,,0,0,0.348,0.838
GPC,Genuine Parts Company,Consumer Discretionary,XLY,18703433728.0,2026-09-23,128.75999450683594,0.018268071287809162,-0.017174262226860804,-0.04368559814648687,-0.05144661641983361,0.02249399653046069,False,-0.08964953958181199,0.007717992772860338,0.020184122927635384,0.09928951703041689,0.9302623104868413,0.6429102989502127,1.1652925060902464,0.6745913682277319,0.6429102989502127,143452984.85886383,0.4387728622142872,133.62935562133788,129.10701573689778,115.70406672159831,False,False,True,True,True,False,weak_rally,1,2,normal,False,False,,False,56.0,,0.02585362325784495,43.25308671745063,True,False,True,True,False,True,False,,Uptrend Under Pressure,131.55,-0.0212,0.439493041218551,0.8941366305950827,-0.13773572119704536,0.14395186232618218,0.5055509378049221,0.6035487288135593,,False,,,0,0,0.348,0.838
CTSH,Cognizant Technology Solutions ,Information Technology,XLK,29089689600.0,2026-09-23,59.13999938964844,-0.0040417930978392524,-0.06542350615535897,-0.04919616295429774,-0.056912459958063044,0.31111510382466645,False,-0.09489524664241034,0.29216825253116574,-0.12464066575688648,0.24865800114822867,0.9149133655332184,0.7163505126451621,1.2391780259112304,0.7497752240175252,0.7163505126451621,386794048.0795708,0.4533335367838542,61.860499954223634,53.98040428161621,53.29352668126424,False,True,True,True,True,False,dry_up,1,3,normal,False,False,,False,34.0,분산3일,0.03565388802964978,47.30597823072367,True,False,False,True,False,True,False,,Uptrend Under Pressure,55.8,0.0598,0.3865079349977196,0.9878468725697951,-0.18753652861573378,-0.13621560592861737,0.22857142857142856,0.602595338983051,,False,,,0,0,0.348,0.838
BSAC,Banco Santander - Chile,Financials,XLF,16371257344.0,2026-09-23,34.29999923706055,-0.006373152311289876,-0.013233576141679304,-0.049861476818369055,-0.057572374433558116,-0.005232351240262334,False,-0.09552858310718182,-0.019607683091489636,0.010670708836408194,0.04701575483789089,0.9488242818608462,1.0815095412858715,1.060969503248401,0.8875738733211029,1.0815095412858715,10731774.862195397,0.05633908759261349,35.014500045776366,34.41166661580404,33.093005927403766,False,False,True,True,True,False,distribution,1,1,normal,False,False,,False,,,0.024385703048165615,44.92789865363353,False,False,True,True,False,True,False,,Uptrend Under Pressure,,,0.4182877924218788,0.9346486837235032,0.23983742705789513,-0.01843921770458934,0.6749936756893499,0.6025423728813559,,False,,,0,0,0.348,0.838
VST,Vistra Corp.,Utilities,XLU,46106206208.0,2026-09-23,137.97000122070312,-0.017377696586904245,-0.01562823197637686,-0.005999072397923966,-0.01091495171442447,-0.14798601590304683,False,-0.04787992572787736,-0.1539231714670748,0.09953611911741378,-0.0020793865461160577,0.8178243705819902,0.9728674057259034,1.0388885551363967,1.315774905835547,0.9728674057259034,625673136.7413254,0.11228303119211042,142.48347702026368,147.77825902303059,151.21786181131998,False,False,False,False,False,False,dry_up,2,4,normal,False,False,,False,11.0,분산4일,0.03249048351452622,41.75945129629372,True,False,True,False,False,True,False,,Uptrend Under Pressure,151.47,-0.0891,0.4495635098705139,0.8501929415105124,-0.45849044477463685,-0.2409206210668844,0.05586263597267897,0.6011652542372882,,False,,,0,0,0.348,0.838
BMRN,BioMarin Pharmaceutical Inc.,Health Care,XLV,12626817024.0,2026-09-23,62.209999084472656,-0.028879153053806395,-0.03475559301528597,-0.04395267594536434,-0.051711526735220614,0.022793584262496447,False,-0.08990378065222182,0.008013251179277203,-0.014308708801420877,0.0010079744026165738,0.8856776904396971,1.0952388558137178,1.2560160794704507,0.9906963241723751,1.0952388558137178,125038759.64853974,0.26032964053544516,65.14000034332275,63.01600011189779,58.85208349227905,False,False,True,True,True,False,distribution,2,4,normal,False,False,,False,29.0,분산4일,0.027246414520023795,39.605731854888774,True,False,False,False,False,True,False,,Uptrend Under Pressure,69.55,-0.1055,0.43576749605785553,0.9645151837456468,0.05478749253874837,0.039464309626615846,0.6062249286256369,0.6,,False,,,0,0,0.348,0.838
CDE,"Coeur Mining, Inc.",Materials,XLB,21360490496.0,2026-09-23,19.31999969482422,-0.010245940484079563,-0.0296333579663276,-0.07471262110362598,-0.08222183799065963,0.2061755153046294,False,-0.11918529119204846,0.18874514015627453,-0.018500531816855292,0.2409393512711786,0.8698784552553683,1.2830178745743868,1.2266752029527204,0.6652413844674165,1.2830178745743868,701703426.1460602,0.21153752102977424,20.579499912261962,18.043499914805093,18.16057369709015,False,True,True,True,False,False,distribution,2,3,normal,False,False,,False,26.0,분산3일,0.050391886530299225,46.7337464661039,True,False,False,False,False,True,False,,Uptrend Under Pressure,18.81,0.0271,0.4978955267563998,0.9411475393682374,0.03599179244386774,0.0018006256095028927,0.5558951609988797,0.599417372881356,,False,,,0,0,0.348,0.838
HSBC,"HSBC Holdings, plc.",Financials,XLF,353385414656.0,2026-09-23,100.25,-0.028679382915700158,-0.01927216980216717,-0.036891118003553935,-0.04470727722682799,-0.00045775527747948797,False,-0.0831816268175235,-0.014902084548864103,0.024467393653834213,0.05204112654378812,0.9339334972340859,1.1227807898431126,1.1161527529367605,0.6783082234320043,1.1227807898431126,134826818.09560853,0.05970268223665856,103.74799995422363,102.05527127583822,96.24613075256347,False,False,True,True,True,False,distribution,0,7,normal,False,False,,False,115.0,분산7일,0.019123633221285515,41.308347739538505,True,False,True,True,False,True,False,,Uptrend Under Pressure,89.34,0.1221,0.32822765837596407,0.9346486837235032,0.3431846541466863,0.1253591057142207,0.8303548841747678,0.5968220338983051,,False,,,0,0,0.348,0.838
BUD,Anheuser-Busch Inbev SA Sponsor,Consumer Staples,XLP,155757887488.0,2026-09-23,77.05999755859375,-0.011417567985786858,-0.030203895715220197,-0.028247230857003203,-0.036133539987009744,-0.05454461646133624,False,-0.07495319626328956,-0.06820733951615521,0.024196720712753805,-0.009673691580469712,0.8910730176609714,0.674663773946562,0.8341445286817111,0.9972884961921752,0.674663773946562,196986940.56221008,0.43749701977506966,78.9254997253418,80.44383354187012,79.22972602844239,False,False,False,True,False,False,dry_up,0,2,normal,False,False,,False,37.0,,0.018371598737114667,39.59567111247456,True,False,True,False,False,True,False,,Uptrend Under Pressure,86.14,-0.1054,0.4474747939976151,0.9334307577070513,0.15987756140318043,-0.002562418881260964,0.6465433124932239,0.596239406779661,,False,,,0,0,0.348,0.838
HON,Honeywell International Inc.,Industrials,XLI,67676196864.0,2026-09-23,212.57000732421875,0.029494438796462186,0.04487812019881421,-0.010243501906584851,-0.018275921216571622,-0.06629240875546372,False,-0.05781479187714689,-0.07978536511857526,0.03875087748743922,0.014508451127560162,0.8569791014660808,0.7861565532760483,1.3600071267592457,0.8057324985280814,0.7861565532760483,656531054.3324554,0.8714929679047962,209.15900039672852,224.01879272460937,228.27872060139973,True,False,False,False,False,False,weak_rally,4,3,normal,False,False,,False,60.0,분산3일,0.020885555896784102,49.16569910056139,True,False,True,False,False,True,False,,Uptrend Under Pressure,242.81,-0.1245,0.4398710769341392,0.9144666488821164,-0.08563711564008192,-0.20523965323515891,0.27641483863973115,0.5954978813559322,,False,,,0,0,0.348,0.838
IHG,Intercontinental Hotels Group,Consumer Discretionary,XLY,23567353856.0,2026-09-23,156.1300048828125,0.009896498828547484,0.017796682496417526,-0.03937730846337528,-0.04717329088124678,-0.060535772088904594,False,-0.08554832193933593,-0.07411191728765232,0.024780151935631656,0.010023707593451503,0.9486572071076028,0.8354510763289642,0.7394373540573378,1.0951285670451059,0.8354510763289642,26966342.41968689,0.743217930911454,157.2760009765625,159.4322962443034,155.45847485860187,False,False,False,True,False,False,weak_rally,0,1,normal,False,False,,False,,,0.017936060885597523,48.22735138299072,False,False,True,True,False,True,False,,Uptrend Under Pressure,,,0.35105457611269114,0.8941366305950827,0.16262622435420893,0.04713825177173736,0.6927460156842904,0.5948093220338984,,False,,,0,0,0.348,0.838
EC,Ecopetrol S.A.,Energy,XLE,34270765056.0,2026-09-23,16.690000534057617,-0.008907340687121179,-0.0859802669849341,-0.03693014382377291,-0.044745986331013454,0.022952249868550822,False,-0.08321877691516466,0.008169623917501534,-0.031261787669043195,-0.049514160863574186,0.9140197330150659,0.8967199686241295,0.965917100575829,1.180620461220196,0.8967199686241295,28387807.175244235,0.2727288490465436,17.291500091552734,16.616833368937176,15.438093090057373,False,True,True,True,True,False,dry_up,0,2,normal,False,False,,False,65.0,,0.032397481973368336,42.92606415860432,False,False,False,True,False,True,False,,Uptrend Under Pressure,16.58,0.0066,0.31012120349351896,0.9516263576747145,0.7813060793181299,0.09773885759816836,0.87545263994796,0.5942796610169492,,False,,,0,0,0.348,0.838
MDGL,"Madrigal Pharmaceuticals, Inc.",Health Care,XLV,12476921856.0,2026-09-23,513.02001953125,-0.017127753209180807,-0.019569602192534452,0.002050937179997492,-0.006081258277066848,-0.05965048630018166,False,-0.04611126816009237,-0.07323942471452283,0.03312132910614429,-0.07968002887124104,0.9268989622655658,1.422212859280386,1.1563665303638404,0.9556977403417835,1.422212859280386,118474372.17791748,0.4447067179144385,533.9795043945312,530.1458353678386,520.8598350524902,False,False,True,True,True,False,distribution,2,3,normal,False,False,,False,59.0,분산3일,0.033229694322847225,42.40711453851842,True,False,True,True,False,True,False,,Uptrend Under Pressure,527.28,-0.027,0.5035356514214941,0.9645151837456468,0.00973430528190189,-0.014693465861997601,0.5167576162769687,0.5942266949152543,,False,,,0,0,0.348,0.838
HBM,Hudbay Minerals Inc.,Materials,XLB,12729189376.0,2026-09-23,26.790000915527344,0.005253332045067838,0.06141050548593219,-0.0949324131665048,-0.10227753530041206,0.2493950311646136,False,-0.13843324665347978,0.23134009320130255,-0.0399486954999696,0.28540452014007056,0.8700876946715904,0.7796173660369611,1.141586606306296,0.7967870800146092,0.7796173660369611,102449599.67659721,0.7037044886195057,27.62110357284546,25.298534520467122,25.317632961273194,False,True,True,True,False,False,weak_rally,1,3,normal,False,False,,False,37.0,분산3일,0.04920882101232304,49.381282464355166,True,False,False,False,False,True,False,,Uptrend Under Pressure,22.75,0.1776,0.38056147814182234,0.9411475393682374,0.8628148915277458,0.3617577631995441,0.9558021032850277,0.5926906779661018,,False,,,0,0,0.348,0.838
SUNB,"Sunbelt Rentals Holdings, Inc.",Industrials,XLI,29631008768.0,2026-09-23,73.77999877929688,0.01276596190329582,0.030469441795291097,-0.03010668484263257,-0.037977903479038844,-0.023259778062289516,False,-0.07672327814082192,-0.03737459657322717,0.017904438242777987,0.061265024515044564,0.8735900864945688,0.34211342999686745,0.6007744977794462,0.7116072214621378,0.34211342999686745,613161040.96783,0.004425719812438602,71.65604095458984,74.15066426595052,74.05070333480835,True,False,False,True,False,False,weak_rally,1,1,normal,False,False,,False,27.0,,0.04122145352297648,51.78988405391547,True,False,True,False,False,True,False,,Uptrend Under Pressure,80.9,-0.088,0.3611901404496482,0.9144666488821164,,-0.012157883064695119,,0.5921610169491526,,False,,,0,0,0.348,0.838
WPM,Wheaton Precious Metals Corp,Materials,XLB,68500946944.0,2026-09-23,145.4499969482422,-0.014966860754821232,-0.030462652940063006,-0.09201576420822899,-0.09938455655542411,0.3146145251593928,False,-0.13565678243115042,0.29561710392321583,-0.03685485734037097,0.35250374039548693,0.8884070111395124,1.08212703457037,0.8203540064947961,0.7246792937738933,1.08212703457037,287276571.78432924,0.04467906200591522,152.45249938964844,130.75812530517578,130.58804365793864,False,True,True,True,True,False,distribution,0,1,normal,False,False,,False,23.0,,0.03812798520720954,48.642886357037604,True,False,False,False,False,True,False,,Uptrend Under Pressure,147.23,-0.0121,0.4119284024071097,0.9411475393682374,0.2655144234196891,0.12855200071869266,0.8015539734740342,0.5910487288135593,,False,,,0,0,0.348,0.838
INSM,Insmed Incorporated,Health Care,XLV,26603235328.0,2026-09-23,118.33999633789062,-0.021983501339746914,-0.01317546577034423,-0.04549126364197309,-0.053237627944953014,0.05535146412569647,False,-0.09136841823928166,0.040100638935109734,-0.01589500317737358,0.0328723680341092,0.8782188967561456,0.9420063337907894,1.000286954778873,0.7610221303534802,0.9420063337907894,252025194.97205353,0.2707164734151369,123.63200035095215,117.37850049336751,119.49024988810221,False,True,True,False,False,False,dry_up,1,3,normal,False,False,,False,32.0,분산3일,0.04482617564499138,44.02785605153246,True,False,False,False,False,True,False,,Uptrend Under Pressure,132.55,-0.1072,0.8239153621285075,0.9645151837456468,-0.2531264118989879,-0.254271605910837,0.1226274800332478,0.5901483050847458,,False,,,0,0,0.348,0.838
INCY,Incyte Corporation,Health Care,XLV,24976416768.0,2026-09-23,124.63999938964844,-8.02417658084531e-05,0.023821271371501807,-0.026097858100299853,-0.03400161057447082,0.062005488361568384,False,-0.07290713016318406,0.046658506237595265,0.004099729790486117,0.03938466086079795,0.9592858186382485,1.0662172286005118,1.30128923216486,0.5580565777937315,1.0662172286005118,179253319.64809722,0.17523369483839227,125.39100036621093,121.5443333943685,110.11241664886475,False,True,True,True,True,False,distribution,4,5,normal,False,False,,False,13.0,분산5일,0.027209786087159606,51.1079366287726,True,False,True,True,False,True,False,,Uptrend Under Pressure,128.83,-0.0325,0.43809949211747806,0.9645151837456468,0.2697456662735658,0.20631868969698286,0.8380190452097864,0.589989406779661,,False,,,0,0,0.348,0.838
ASML,ASML Holding N.V. - New York Re,Information Technology,XLK,651437473792.0,2026-09-23,1744.6099853515625,0.01945284348183307,0.09621861836911694,0.002574509063218988,-0.005561935468150869,-0.014949939415737523,False,-0.0456128610420683,-0.029184842941827882,-0.07697789955331091,-0.06187440287121326,0.9264465301601742,0.9788151259565698,1.2250074111693228,1.5396503851436079,0.9788151259565698,2142676484.5976257,0.9567987622019593,1686.9980102539062,1735.7884134928386,1656.5531860351562,True,True,False,True,False,False,weak_rally,5,1,normal,False,False,,False,64.0,,0.03157153607529329,55.09671277675048,True,False,False,True,True,True,False,,Uptrend Under Pressure,1926.76,-0.0945,0.33740428760241653,0.9878468725697951,0.6372817229242189,0.10319943393840503,0.8654015033789888,0.5887182203389831,,False,,,0,0,0.348,0.838
WDS,Woodside Energy Group Limited,Energy,XLE,44257611776.0,2026-09-23,22.18000030517578,-0.023337683868919545,-0.0750625217440134,-0.04592287312334409,-0.05366573467757818,0.07742187629872976,False,-0.09177928300229854,0.06185211281187253,-0.04030744562394106,0.0010968120255210323,0.916907805518569,1.010715568330233,0.977229261964144,0.8976455613965688,1.010715568330233,14934171.295230484,0.37500099341169363,23.14150857925415,21.991133880615234,21.917724927266438,False,True,True,True,True,False,distribution,3,5,normal,False,False,,False,,분산5일,0.027294794457772893,42.41763585881591,False,False,False,True,False,True,False,,Uptrend Under Pressure,,,0.33254412520540133,0.9516263576747145,0.4197503379614924,-0.12508231676716508,0.6406382132918941,0.5883474576271186,,False,,,0,0,0.348,0.838
ROK,"Rockwell Automation, Inc.",Industrials,XLI,47228002304.0,2026-09-23,432.8900146484375,0.018828401996265676,0.03810555071567756,0.007447257764549908,-0.0007287318072785043,-0.0821317384693917,False,-0.04097431433069254,-0.09539580156157468,0.057317355370847034,-0.0027015769429598047,0.9027890348441128,0.8128267138912258,1.1248802073245356,0.791901371404803,0.8128267138912258,310260094.16937256,0.7672730686001172,424.6804992675781,446.73924306233727,438.99139302571615,True,False,False,True,False,False,weak_rally,3,3,normal,False,False,,False,65.0,분산3일,0.025453428575859832,52.710290396088126,True,False,True,True,False,True,False,,Uptrend Under Pressure,472.34,-0.0835,0.4539541836093426,0.9144666488821164,0.09470206551860105,0.04921225642117433,0.6492248202088828,0.5875529661016949,,False,,,0,0,0.348,0.838
MDT,Medtronic plc.,Health Care,XLV,116030259200.0,2026-09-23,89.30000305175781,-0.026702964013538777,-0.047466634114583295,-0.03875132847138063,-0.04655239106178455,0.04004130047298249,False,-0.08495242881797282,0.025011721604066173,-0.008946084192149484,0.017888312461618927,0.9482850673050827,1.1594421958465395,1.2039027518472252,0.737136658937378,1.1594421958465395,835539946.7300262,0.2724128285565618,91.97299995422364,87.81299997965495,83.90503260294597,False,True,True,True,True,False,distribution,2,3,normal,False,False,,False,14.0,분산3일,0.024964803606258815,42.996554150340394,True,False,False,True,False,True,False,,Uptrend Under Pressure,92.04,-0.0298,0.38590028121369063,0.9645151837456468,-0.1285550221815226,-0.06999470250012352,0.34671768277257775,0.5872351694915254,,False,,,0,0,0.348,0.838
TIGO,Millicom International Cellular,Communication Services,XLC,15724489728.0,2026-09-23,91.9000015258789,-0.033750384437735814,-0.040910020678669,-0.011509085519791795,-0.019531233921456503,-0.0657316907690435,False,-0.05901954694801881,-0.07923275003652652,-0.01685693927210241,-0.05150655993686015,0.8810277411257361,0.9992100147415461,0.9994356896196823,1.5261206140330406,0.9992100147415461,76959494.60707931,0.2783507008038401,94.83950119018554,94.65002619425455,88.91679356892904,False,False,True,True,True,True,dry_up,1,1,normal,False,False,,False,32.0,,0.028190570815681885,43.29442772420655,True,False,False,False,False,True,False,,Uptrend Under Pressure,104.31,-0.119,0.5903117003882468,0.9459199931884106,0.7733710694445952,0.10878224582534979,0.8822241697083589,0.5871822033898306,,False,,,0,0,0.348,0.838
SN,"SharkNinja, Inc.",Consumer Discretionary,XLY,27241259008.0,2026-09-23,168.49000549316406,0.005910480556203357,0.008378773032242659,-0.07923930031545723,-0.08671178070661423,0.09481529399471866,False,-0.12349440176977167,0.07899417919811724,-0.017744117401884973,0.17704258397287753,0.873638934771011,0.4717252450215604,1.5469836125971346,0.7490165780367725,0.4717252450215604,366622878.4304199,0.6041672687339248,174.53950119018555,167.33283437093098,143.05691719055176,False,True,True,True,True,False,weak_rally,3,6,normal,False,False,,False,33.0,분산6일,0.04006215036039723,46.16004267840146,True,False,False,False,False,True,False,,Uptrend Under Pressure,182.11,-0.0748,0.2908931068298312,0.8941366305950827,0.35168090324615897,0.4674304049989584,0.8958331827545083,0.586864406779661,,False,,,0,0,0.348,0.838
OXY,Occidental Petroleum Corporatio,Energy,XLE,60158177280.0,2026-09-23,57.36000061035156,0.0019214080410754342,-0.09697732687373128,-0.041370753793583015,-0.04915055830426762,0.023262623754555234,False,-0.08744595505105712,0.008475512607777125,-0.035728533810276075,-0.049225774007273904,0.9030226731262687,0.9825861545899165,1.2771047336245878,1.2139676334062013,0.9825861545899165,481669985.52470016,0.5986172049482837,59.847279930114745,56.745912615458174,56.660642846425375,False,True,True,False,True,False,weak_rally,5,4,normal,False,False,,False,32.0,분산4일,0.027887432414617563,41.69129483926695,True,False,False,True,False,True,False,,Uptrend Under Pressure,55.78,0.0283,0.31844331200131376,0.9516263576747145,0.16051971129776588,-0.12827738791138743,0.5321446640887572,0.5859639830508475,,False,,,0,0,0.348,0.838
DD,"DuPont de Nemours, Inc.",Industrials,XLI,18175432704.0,2026-09-23,130.8800048828125,0.00839827146208938,0.0221806603061363,-0.038151640379242235,-0.045957569768925066,-0.035528694964767626,False,-0.0843815639123231,-0.049466216041326505,0.009461245761497539,0.04793438438695552,0.8920120103130951,0.552887921733223,0.9708802650295227,0.8303001598751023,0.552887921733223,159636292.163591,0.25735731355675484,131.06658630371095,136.04869130452474,138.66553662618,False,False,False,False,False,False,weak_rally,3,1,normal,False,False,,False,89.0,,0.022212262345901495,46.30792991747914,True,False,True,False,True,True,False,,Uptrend Under Pressure,150.54,-0.1306,0.361601110190303,0.9144666488821164,0.22893169442486272,-0.10465876536496543,0.5936133497163094,0.5853813559322034,,False,,,0,0,0.348,0.838
DG,Dollar General Corporation,Consumer Staples,XLP,27963176960.0,2026-09-23,120.5999984741211,-0.010745674256717686,-0.032878897950758046,-0.03774039166862586,-0.04554965856818183,-0.0490867625170055,False,-0.08399008130751218,-0.06282835671499354,0.014191229109125514,-0.003956810125575583,0.9053373800450879,0.5610269546040464,0.9317702484434262,0.9997730842246244,0.5610269546040464,358296659.4457413,0.20109517353730452,125.70499992370605,123.08375549316406,118.02025547027588,False,False,True,True,True,False,dry_up,1,2,normal,False,False,,False,14.0,,0.031008645101845055,43.42074473192612,True,False,True,True,False,True,False,,Uptrend Under Pressure,131.09,-0.08,0.3218706724400131,0.9334307577070513,0.06006371045837233,-0.1495905881317523,0.4405876188066929,0.5847987288135593,,False,,,0,0,0.348,0.838
ITW,Illinois Tool Works Inc.,Industrials,XLI,78425374720.0,2026-09-23,273.4200134277344,0.022054518003740586,0.017944926339134915,-0.03708398776760513,-0.044898581746477984,-0.019810651373843857,False,-0.08336522656062506,-0.03397531302232726,0.010581748722908735,0.06501263051851924,0.9196152518911311,0.9366933566837408,1.1867537919790274,0.7298757795540842,0.9366933566837408,322569925.5163147,0.7656611241607635,271.6960021972656,278.1821685791016,267.8813220977783,True,False,True,True,False,False,weak_rally,3,3,normal,False,False,,False,39.0,분산3일,0.017325494141533827,49.8442527006246,True,False,True,True,False,True,False,,Uptrend Under Pressure,295.16,-0.0737,0.43907973773771797,0.9144666488821164,-0.0498658984801551,-0.07142170290266503,0.4160248997145025,0.5847457627118644,,False,,,0,0,0.348,0.838
SWK,"Stanley Black & Decker, Inc.",Industrials,XLI,14553474048.0,2026-09-23,91.76000213623047,0.03473163983373295,0.035899754340046997,-0.060414427496671586,-0.0680396821027277,0.0411168405887965,False,-0.10557432067020822,0.02607171914960893,-0.013903581545110621,0.13121264440050595,0.8899862874308702,0.8335099596387082,1.174369481056389,0.7494000755337806,0.8335099596387082,156251816.758897,0.6687918827113999,92.94722061157226,93.60937372843425,85.08090178171794,False,False,True,True,False,False,weak_rally,4,3,normal,False,False,,False,30.0,분산3일,0.02827716869130844,46.8309087533832,True,False,False,False,False,True,False,,Uptrend Under Pressure,101.75,-0.0982,0.41761618951824775,0.9144666488821164,0.15947165670571417,0.23444233195419129,0.7846707744570127,0.5844809322033898,,False,,,0,0,0.348,0.838
CFR,"Cullen/Frost Bankers, Inc.",Financials,XLF,9997874176.0,2026-09-23,154.25999450683594,-0.028222318453435147,-0.04871737158895595,-0.05560581322419389,-0.06327009238448211,-0.043034863262571665,False,-0.10099682585423664,-0.056863913119397536,0.004560407648293907,0.007227744331965935,0.912799576067918,0.7726804739003946,1.2506842563646428,1.2287770869113557,0.7726804739003946,84196179.70837936,0.15694879070149348,161.01455612182616,161.3606221516927,150.6670846303304,False,False,True,True,False,False,dry_up,3,1,normal,False,False,,False,44.0,,0.02128364599353759,30.104135516600806,True,False,True,True,True,True,False,,Uptrend Under Pressure,161.4,-0.0442,0.3469361793037488,0.9346486837235032,0.1352700902516133,0.05716151174641926,0.6801037186946624,0.5840042372881357,,False,,,0,0,0.348,0.838
RDY,Dr. Reddy's Laboratories Ltd,Health Care,XLV,10104146944.0,2026-09-23,12.390000343322754,-0.0008063931867043905,0.0727272847373388,0.01391162623397224,0.005683174750329423,-0.06000860617429127,False,-0.03482064687462838,-0.07359236941829062,0.04534978016077962,-0.08003052075473716,0.9717887197963889,0.9149842907143289,0.9830100834494014,0.7955136307801958,0.9149842907143289,32643797.40318842,0.1555588522019243,12.052500009536743,12.421696615219116,12.889290165901183,True,False,False,False,False,False,dry_up,3,3,normal,False,False,,False,,분산3일,0.019341637282051804,58.328346786200264,False,True,True,True,False,True,False,,Uptrend Under Pressure,,,0.40044409079832793,0.9645151837456468,-0.2908787066757559,-0.23508142280868616,0.10979364677821546,0.5839512711864407,,False,,,0,0,0.348,0.838
GGG,Graco Inc.,Industrials,XLI,12540084224.0,2026-09-23,78.37000274658203,0.02324071672282879,0.019911588776806655,-0.02233034972244463,-0.030264677602893086,0.03599688756862851,False,-0.06932070191347617,0.02102575428518727,0.026065713208177632,0.1256496226825261,0.9381135011696609,0.49623923691641364,0.6784383814498935,0.42854726317630665,0.49623923691641364,201257899.51535645,0.7802276298871375,77.42349967956542,78.05480308532715,78.35778897603353,True,True,True,False,False,False,weak_rally,0,1,normal,False,False,,False,42.0,,0.016671921068514055,52.878258458250144,True,False,True,True,False,True,False,,Uptrend Under Pressure,77.75,0.008,0.4869418719912664,0.9144666488821164,-0.16938698788964757,-0.18594548314171622,0.2112961222940985,0.5832627118644068,,False,,,0,0,0.348,0.838
IBKR,"Interactive Brokers Group, Inc.",Financials,XLF,165764218880.0,2026-09-23,91.55999755859375,-0.017701979852865035,0.03108101815297526,-0.016012954801680856,-0.023998551822617897,-0.04749978336086347,False,-0.0633069439238294,-0.061264310906190333,0.046675679590689745,0.0025283135725997496,0.9333219995553074,0.8940614602293618,1.106944125056353,0.6819617106732427,0.8940614602293618,354350872.56694794,0.24510157365152221,92.08507118225097,91.69885698954265,87.36363086700439,False,False,False,True,True,False,dry_up,2,2,normal,False,False,surge,False,2.0,,0.029483393127002402,50.65384450721827,True,False,True,True,False,True,False,,Uptrend Under Pressure,90.69,0.0096,0.3331032362496191,0.9346486837235032,0.24500845791217118,0.18245997767095634,0.817822810885042,0.5820974576271187,,False,,,0,0,0.348,0.838
MLI,"Mueller Industries, Inc.",Industrials,XLI,13803930624.0,2026-09-23,60.33000183105469,0.0066744789561490325,-0.00330409635346951,-0.04652234110185782,-0.05426033764315619,0.04328908460607561,False,-0.09234993837378325,0.028212572189659335,0.0006761832359660769,0.13357286930828893,0.8709784330905925,0.6868003175961577,1.6775794703189162,0.6086562415769311,0.6868003175961577,111362667.08368988,0.5140861529369098,61.6528657913208,62.33000481923421,63.859615325927734,False,False,False,True,False,False,weak_rally,3,4,normal,False,False,,False,106.0,분산4일,0.025054479188513785,41.28768983780074,True,False,True,False,False,True,False,,Uptrend Under Pressure,67.0,-0.0995,0.33476451270768487,0.9144666488821164,0.09942453529853057,-0.016380438273630227,0.5939566694373171,0.5818855932203391,,False,,,0,0,0.348,0.838
TGT,Target Corporation,Consumer Staples,XLP,73086410752.0,2026-09-23,156.25999450683594,-0.009194167429477096,0.012046636553616485,-0.08022841210065357,-0.08769286530470088,0.13716839869032316,False,-0.12443597325223943,0.1207352415382148,-0.030589802216812068,0.19113794467095824,0.9197715878993464,0.7553153263262973,1.0142850779394588,0.7264583858879539,0.7553153263262973,591602572.6519127,0.08208992047977832,160.23099899291992,148.50178438822428,136.92346674601237,False,True,True,True,True,False,dry_up,1,1,normal,False,False,,False,19.0,,0.022832837771188882,48.78446178729776,True,False,False,True,False,True,False,,Uptrend Under Pressure,163.47,-0.0441,0.3500511168428368,0.9334307577070513,0.6790930554064722,0.2500217645063141,0.9251716598605038,0.5815148305084746,,False,,,0,0,0.348,0.838
DGX,Quest Diagnostics Incorporated,Health Care,XLV,26522718208.0,2026-09-23,233.0,-0.048513576633166466,-0.05698559869965569,-0.04457290906970379,-0.0523267263260252,0.09370798047521012,False,-0.09049420312124934,0.07790286740456565,-0.014948173369536133,0.07041188659087938,0.9416043761307274,1.1249975636097758,1.1786851089328811,0.5802542115024445,1.1249975636097758,240981978.34875488,0.1659608171246463,240.58450012207032,230.04596811930338,212.47494036356608,False,True,True,True,True,False,distribution,4,3,normal,False,False,,False,38.0,분산3일,0.02549278684951717,42.48242598904248,True,False,False,True,False,True,False,,Uptrend Under Pressure,235.22,-0.0094,0.3432512374790748,0.9645151837456468,0.1643545081431157,0.07565439385573458,0.7198727910086372,0.5797669491525423,,False,,,0,0,0.348,0.838
SNPS,"Synopsys, Inc.",Information Technology,XLK,84241547264.0,2026-09-23,413.05999755859375,0.02789595939981271,0.12336139201981533,0.047020322257448344,0.03852317546361572,-0.07327031770094883,False,-0.003303274961793834,-0.08666243669078655,-0.03605877835110627,-0.11741659498187551,0.8885112274802481,0.9829899834244871,0.9680450442575904,1.7157436642330186,0.9829899834244871,866303577.3965454,0.3683356833666939,404.7635025024414,407.7440007527669,439.3737508138021,True,True,False,False,False,False,weak_rally,1,2,normal,False,False,,False,17.0,,0.034223669482791104,55.092967238958636,True,True,False,False,False,True,False,,Uptrend Under Pressure,464.89,-0.1115,0.2653205626297445,0.9878468725697951,-0.30973454374900666,-0.21461801425160942,0.11312655849083877,0.579449152542373,,False,,,0,0,0.348,0.838
SAN,"Banco Santander, S.A. Sponsored",Financials,XLF,211609305088.0,2026-09-23,14.199999809265137,-0.02872777562117501,-0.030716711329872526,-0.03532611741376224,-0.04315497747909336,0.011782483860128812,False,-0.08169184583680178,-0.0028387284248531097,0.02613209855403964,0.0649242588370802,0.9435215700533341,0.8826706200386827,0.7580887209323366,0.5675282916921388,0.8826706200386827,123505784.22367015,0.039216566250416064,14.654500007629395,14.276333284378051,13.285371239980062,False,False,True,True,True,False,dry_up,0,0,normal,False,False,,False,20.0,,0.022837022247658226,44.44065086414536,True,False,True,True,False,True,False,,Uptrend Under Pressure,14.72,-0.0353,0.3423142091302706,0.9346486837235032,0.23992582251568706,0.13085771665417067,0.7913113006396588,0.578125,,False,,,0,0,0.348,0.838
LSCC,Lattice Semiconductor Corporati,Information Technology,XLK,16381770752.0,2026-09-23,121.66000366210938,0.03770049367858053,0.1424547478885907,0.06579064420360847,0.05714116590526408,-0.09429067571850158,False,0.014564877178094182,-0.10737903068614696,-0.01877784627854251,-0.13743561402074644,0.8807644925903243,0.6714176664774698,1.4137917310085617,1.6530864948427482,0.6714176664774698,178152406.78754425,0.7821233574433443,114.2639991760254,124.6778335571289,126.5182502746582,True,False,False,True,False,False,weak_rally,3,4,normal,False,False,,False,34.0,분산4일,0.04374604138159388,55.60958307671121,True,True,False,False,False,True,False,,Uptrend Under Pressure,138.0,-0.1184,0.353600730762708,0.9878468725697951,0.40243275918784605,0.08842026411662185,0.8215378916555238,0.5780720338983052,,False,,,0,0,0.348,0.838
EWBC,"East West Bancorp, Inc.",Financials,XLF,17381324800.0,2026-09-23,124.48999786376953,-0.02567111892833307,-0.032937139784760205,-0.03428753140000895,-0.042124820163073395,-0.07228225962089196,False,-0.08070317803678573,-0.08568865698297756,0.027236851636982307,-0.023555810816142775,0.9113469421767879,0.8598610505994168,1.5111377893456868,1.066174794749347,0.8598610505994168,108571596.71727677,0.027084391125175643,128.4339984893799,130.40254910786948,126.01707324981689,False,False,False,True,False,False,dry_up,2,3,normal,False,False,,False,105.0,분산3일,0.020408969978665134,36.32623360319801,True,False,True,True,False,True,False,,Uptrend Under Pressure,120.57,0.0325,0.32581953484373666,0.9346486837235032,0.05192290584332371,0.0703213699918015,0.6312086661125367,0.5775953389830509,,False,,,0,0,0.348,0.838
NVR,"NVR, Inc.",Consumer Discretionary,XLY,16913152000.0,2026-09-23,6241.60986328125,0.008508659192092871,-0.0025314355746876016,-0.024381053533954145,-0.03229873882309198,-0.05638286583631491,False,-0.07127284145604784,-0.07001902445186658,0.040777967249004066,0.014488522373951485,0.9314306266614777,0.7997406565123213,1.3088201344853163,0.7173428932939688,0.7997406565123213,254193174.1574219,0.0019231853462046845,6263.714038085937,6368.682503255209,6352.949088541666,False,False,False,False,False,False,weak_rally,2,3,normal,False,False,,False,65.0,분산3일,0.022351433624864202,48.76212024873192,True,False,True,True,False,True,False,,Uptrend Under Pressure,6490.93,-0.0384,0.4649849876024969,0.8941366305950827,-0.324736641346422,-0.1688066424597735,0.13659878573235518,0.5772775423728814,,False,,,0,0,0.348,0.838
PH,Parker-Hannifin Corporation,Industrials,XLI,123455938560.0,2026-09-23,971.2100219726562,0.013609317026290757,0.04995678051097974,-0.04049721214669133,-0.04828410592913723,-0.004279965201879343,False,-0.08661439898654433,-0.018669059930668364,0.006999564796188462,0.08188730576054715,0.906223343323696,0.9278589813771557,1.05108535576147,0.6641994893752826,0.9278589813771557,602080684.8412018,0.6409203727697039,961.1287719726563,981.0782470703125,946.2804718017578,True,False,False,True,False,False,weak_rally,2,2,normal,False,False,,False,32.0,,0.022231465343509765,51.679897279569055,True,False,True,True,False,True,False,,Uptrend Under Pressure,1067.65,-0.0903,0.3842670628126566,0.9144666488821164,0.14673495445032825,-0.054014742385473546,0.5911694553865058,0.5768538135593221,,False,,,0,0,0.348,0.838
AMGN,Amgen Inc.,Health Care,XLV,232406892544.0,2026-09-23,406.0899963378906,0.03288735516162422,0.08103288416342802,-0.08505317301611848,-0.09247847062702919,0.10295399311325837,False,-0.12902883864492654,0.08701526642928581,-0.056683600720746075,0.07946095819684507,0.9143699918999096,0.9523638408557547,1.3463879354507133,0.970616703743044,0.9523638408557547,1187852976.3552384,0.15323974976684276,409.33099975585935,394.1991872151693,366.2882769266764,False,True,True,True,True,False,weak_rally,3,3,normal,False,False,,False,33.0,분산3일,0.02957472229012244,52.49935275424288,True,False,False,True,False,True,False,,Uptrend Under Pressure,405.46,0.0016,0.29539530910904244,0.9645151837456468,0.35995216139612185,0.08670582737717081,0.8140779155072098,0.5748940677966102,,False,,,0,0,0.348,0.838
URI,"United Rentals, Inc.",Industrials,XLI,64607703040.0,2026-09-23,1031.989990234375,0.002009812607523642,0.043330993034267795,-0.04759317949233277,-0.055322485590090786,-0.07293972525601589,False,-0.0933693083842243,-0.08633662161885036,-0.00044766320494737943,0.007285891484298368,0.8859652459782619,0.9480633791514671,1.1379491826188575,1.3948742103203444,0.9480633791514671,434560707.34543455,0.0,1013.9965057373047,1071.5489044189453,1007.2862482706706,True,False,False,True,False,False,weak_rally,3,2,normal,False,False,,False,42.0,,0.0268185112840262,49.478222019564576,True,False,False,False,False,True,False,,Uptrend Under Pressure,1137.75,-0.093,0.47319598803853385,0.9144666488821164,0.011172435819862159,0.2859199118573885,0.674816594991146,0.573781779661017,,False,,,0,0,0.348,0.838
CPAY,"Corpay, Inc.",Financials,XLF,26546176000.0,2026-09-23,395.1600036621094,-0.005186036836672736,-0.030876753740994745,-0.04532278980731208,-0.05307052136828472,0.06228720159092993,False,-0.09120804186865017,0.04693614844478011,0.01549855015294721,0.11808163204249,0.92926350469605,1.0863388110007512,1.0933294846884105,0.48188077400756185,1.0863388110007512,175278615.5236084,0.5558572184204437,406.96099853515625,388.9268320719401,360.49483286539714,False,True,True,True,True,False,distribution,1,4,normal,False,False,,False,34.0,분산4일,0.020963491472510865,42.51955810178709,True,False,True,True,False,True,False,,Uptrend Under Pressure,396.52,-0.0034,0.46590771668549524,0.9346486837235032,0.18763717786570178,0.21408851470009527,0.8017581583607387,0.5733580508474576,,False,,,0,0,0.348,0.838
AER,AerCap Holdings N.V.,Industrials,XLI,22939443200.0,2026-09-23,144.75999450683594,0.012307653893957715,0.046558609323393174,-0.018975353063732436,-0.02693690859057485,-0.052740465624480426,False,-0.06612695857233175,-0.06642926036249275,0.029586787058077046,0.02923314755768902,0.9349964465764876,0.7331683370576182,0.9911166915820044,0.6730706882806271,0.7331683370576182,162887304.4778549,0.6373083528170326,143.93899993896486,147.67572402954102,144.48581581115724,True,False,False,True,False,False,weak_rally,3,4,normal,False,False,,False,37.0,분산4일,0.019179459234530436,50.457955521861294,True,False,True,True,False,True,False,,Uptrend Under Pressure,152.46,-0.0505,0.3675196200337855,0.9144666488821164,0.05470924078544437,-0.0712903308053966,0.5077039138448195,0.5723516949152543,,False,,,0,0,0.348,0.838
BMO,Bank Of Montreal,Financials,XLF,118730997760.0,2026-09-23,170.3699951171875,-0.03848979756334736,-0.019170995334254037,-0.011488313990188681,-0.019510630964260645,-0.0655187630274422,False,-0.05899977377352594,-0.07902289930185213,0.05148857984113775,-0.016437075601981488,0.916904350442514,0.5842705071413863,0.9263628182816966,0.7136281626552343,0.5842705071413863,134773376.68434754,0.0055581129694985765,173.33550109863282,176.69387130737306,165.88898900349935,False,False,True,True,False,False,dry_up,1,1,normal,False,False,surge,False,1.0,,0.019008995365977062,41.60377023460745,True,False,True,True,False,True,False,,Uptrend Under Pressure,177.19,-0.0385,0.31712508353175295,0.9346486837235032,0.16807887576052605,0.10247727091757852,0.737685663691229,0.5709216101694916,,False,,,0,0,0.348,0.838
SONY,Sony Group Corporation,Information Technology,XLK,143769468928.0,2026-09-23,23.200000762939453,-0.01653240301508241,-0.030100305646238334,-0.04369329991515991,-0.05145425568441053,0.0919103204532421,False,-0.08965687117552623,0.07613118526738671,-0.11957444458834587,0.03989539453325919,0.929487244147053,0.5801173173795997,0.7964198071989124,0.8714083715927106,0.5801173173795997,91635642.29918595,0.06673171559477346,24.060999870300293,22.786500008900962,21.94641663233439,False,True,True,True,True,False,dry_up,1,0,normal,False,False,,False,12.0,,0.021536331924878558,44.07384302212329,True,False,False,True,False,True,False,,Uptrend Under Pressure,24.96,-0.0705,0.3832561066287558,0.9878468725697951,-0.2996361415175677,-0.012547025587848482,0.28604043944924284,0.5708686440677966,,False,,,0,0,0.348,0.838
JPM,JP Morgan Chase & Co.,Financials,XLF,946367430656.0,2026-09-23,337.5299987792969,-0.007264709472656228,-0.03264362664825049,-0.05371612192931252,-0.05839601428612118,-0.03850652011016442,False,-0.09358648342040699,-0.04520657019203611,0.008126456454342623,0.010391816454450753,0.9242839299768733,0.9608471648910537,1.3557480920121856,0.9519788068119807,0.9608471648910537,2579764816.2066255,0.12340089858353054,352.7165023803711,350.3992304484049,329.7515378316244,False,False,True,True,True,False,dry_up,3,3,normal,False,False,,False,67.0,분산3일,0.022347008182414342,33.444076846252386,True,False,True,True,False,True,False,,Uptrend Under Pressure,331.96,0.0168,0.31997767465968924,0.9346486837235032,0.007013495847168594,0.05012422727756016,0.5716101694915254,0.5703919491525424,,False,,,0,0,0.348,0.838
C,"Citigroup, Inc.",Financials,XLF,220784230400.0,2026-09-23,131.92999267578125,-0.02310263091797804,-0.03113758941160827,0.0015942260334955716,-0.006534262960979698,-0.08278625702983433,False,-0.046546028111098314,-0.0960408617107783,0.06540459279769273,-0.034611508887597675,0.9468886165361114,0.9113981781458468,1.275376508659255,0.7648779194386343,0.9113981781458468,1274855001.155896,0.3054376209051848,134.76799850463868,134.91264470418295,131.92461783091227,False,False,False,True,False,False,dry_up,1,5,normal,False,False,,False,63.0,분산5일,0.030292062798848468,43.44841686745943,True,False,True,True,False,True,False,,Uptrend Under Pressure,144.24,-0.0853,0.45412145987729163,0.9346486837235032,0.1254993253168153,0.01662039813010119,0.6349400093961187,0.5698093220338983,,False,,,0,0,0.348,0.838
LNG,"Cheniere Energy, Inc.",Energy,XLE,60243951616.0,2026-09-23,273.6099853515625,-0.004982273547271543,0.009705418328317394,-0.025570793029876193,-0.033478822927491825,0.013652568221324657,False,-0.07240539775321453,-0.000995668548536277,-0.019835578956613142,-0.05815504875966249,0.9247955076670442,0.8019560315300981,1.0126500188415246,0.8398323435591262,0.8019560315300981,623280889.1753418,0.03208838295014869,279.9229965209961,267.4941240946452,258.0039951324463,False,True,True,False,True,False,dry_up,1,2,normal,False,False,,False,11.0,,0.028618673960195132,48.8101010560431,True,False,False,True,False,True,False,,Uptrend Under Pressure,292.0,-0.063,0.39933633174240396,0.9516263576747145,0.04063849241882589,-0.17139591774739305,0.40931751653355497,0.5689088983050847,,False,,,0,0,0.348,0.838
KDP,Keurig Dr Pepper Inc.,Consumer Staples,XLP,43355918336.0,2026-09-23,31.760000228881836,0.037230547302525174,0.008574165123091282,-0.02306976719080911,-0.03099809429110345,-0.010809384099244035,False,-0.07002458029433323,-0.025104122559448938,0.029653603859278954,0.03613719697876805,0.9659367152417918,0.9684428253853503,1.319881559786491,0.5421591357615372,0.9684428253853503,310129775.7592244,0.46853275570470515,31.851999950408935,31.303999996185304,30.049596055348715,False,True,True,True,True,False,weak_rally,1,6,normal,False,False,,False,60.0,분산6일,0.022265202292157404,52.12821163676171,True,False,True,True,False,True,False,,Uptrend Under Pressure,33.4,-0.0491,0.4124018873764641,0.9334307577070513,0.05017239725382483,0.04673165258799128,0.6072476600050594,0.5677966101694916,,False,,,0,0,0.348,0.838
TDY,Teledyne Technologies Incorpora,Information Technology,XLK,28413710336.0,2026-09-23,621.0499877929688,0.019652542141042506,0.03766015214377183,-0.006653818770469777,-0.014715370336920497,-0.031108818326942456,False,-0.054397641942581454,-0.04511021079446331,-0.08547397686592972,-0.07726352727623531,0.8983798622298854,1.7943172868982586,1.311283788526685,1.6818324823353448,1.7943172868982586,158419198.88310242,0.7294706107369227,609.5075012207031,638.9303334554037,634.1081675211589,True,False,False,False,False,False,accumulation,7,2,interest,True,True,surge+acc,False,43.0,,0.016893064722201267,51.73878450259951,True,False,False,False,False,True,False,,Uptrend Under Pressure,650.5,-0.0453,0.4810799555742585,0.9878468725697951,-0.03280355004606206,-0.1293973741256771,0.37458891980774095,0.566843220338983,,False,,,0,0,0.348,0.838
ET,Energy Transfer LP,Energy,XLE,74065371136.0,2026-09-23,20.489999771118164,0.004411772268178904,-0.029370005746440997,-0.02521411394402484,-0.0300349643499086,0.013879891202455807,False,-0.0662853680931581,0.006814792800709624,-0.03579038324043393,-0.05780265477076796,0.9429360424647966,0.8867174087702592,1.1951750068088007,0.8831741716479217,0.8867174087702592,162416562.7623806,0.2043389783740903,21.295499897003175,20.501250871022542,19.71163714726766,False,False,True,True,True,False,weak_rally,2,2,normal,False,False,,False,31.0,,0.016000817408541246,36.94568505658658,True,False,False,True,False,True,False,,Uptrend Under Pressure,20.59,-0.0049,0.34828622853474306,0.9516263576747145,0.145846056709642,-0.03149435294022318,0.6091738643345018,0.5654661016949153,,False,,,0,0,0.348,0.838
EVRG,"Evergy, Inc.",Utilities,XLU,18680551424.0,2026-09-23,78.41999816894531,-0.010598081562518402,-0.022194499339515117,-0.036490984678405836,-0.04431039120407543,-0.10972825364510574,False,-0.0828007253524079,-0.12259352103451027,0.03997235321519921,0.04438477961634235,0.9070290194299713,1.076730276076228,1.089544448754512,0.9343220656792026,1.076730276076228,178888573.6120537,0.06586870117410572,80.93399963378906,83.04458694458008,82.30849291483561,False,False,False,True,False,False,distribution,3,3,normal,False,False,,False,7.0,분산3일,0.014869571318190233,32.9899169577853,True,False,True,True,False,True,False,,Uptrend Under Pressure,81.62,-0.0392,0.38922517314115535,0.8501929415105124,-0.004178364459426431,-0.11545278465289965,0.41456579090022044,0.563771186440678,,False,,,0,0,0.348,0.838
ALNY,"Alnylam Pharmaceuticals, Inc.",Health Care,XLV,32206518272.0,2026-09-23,246.50999450683594,0.008963601493802376,0.03458257475394433,0.04448964130498245,0.03601303238141296,-0.16708421661557893,False,-0.0057123222016801645,-0.17912063618069485,0.07687592159675649,-0.18482540954262838,0.8547206802009477,0.9033532119223261,0.8909700453002284,1.302135045679091,0.9033532119223261,404001215.57144624,0.1381343565908231,247.76799926757812,256.1284996032715,278.942166519165,False,False,False,False,False,False,weak_rally,0,2,normal,False,False,,False,13.0,,0.043174153785892525,50.174597205422884,True,True,True,False,False,True,False,,Uptrend Under Pressure,267.4,-0.0781,0.6484788404290377,0.9645151837456468,-0.5522861459447312,-0.3423946809299666,0.021675219543926854,0.5635593220338984,,False,,,0,0,0.348,0.838
WSO-B,"Watsco, Inc.",Industrials,XLI,13037754368.0,2026-09-23,326.7052917480469,0.045590797806242644,0.045590797806242644,0.056341480333439664,0.04776868720612493,-0.16692607317613717,False,0.005569874422616916,-0.1789647780632826,0.10863191273453787,-0.09483381403130797,0.8485851733715504,6.63994655978624,1.327989311957248,0.9957142857142857,5.0,23767.276097106933,0.0,314.6852554321289,336.63574778238933,360.80124638875327,True,False,False,False,False,False,accumulation,1,1,conviction,False,False,,False,,거래량5x+,0.003920088822875517,64.52571443142045,False,True,True,False,False,True,False,,Uptrend Under Pressure,,,0.6451136571057614,0.9144666488821164,-0.31732688160325984,-0.27042884665809896,0.08577572187488706,0.5627118644067797,,False,,,0,0,0.348,0.838
JBL,Jabil Inc.,Information Technology,XLK,31987306496.0,2026-09-23,308.75,0.0167286407865046,0.04289820209657469,0.012660255062840742,0.004441959145721874,-0.06642675329730707,False,-0.036011872604979844,-0.0799177682549318,-0.06769243859954976,-0.11089903491102193,0.8338284568916955,0.7916355034186523,1.5217519233161827,2.3686049606387583,0.7916355034186523,319224856.0563965,0.9545150632441204,304.9030014038086,322.3240392049154,333.2359230041504,True,False,False,True,False,False,weak_rally,3,2,normal,False,False,,False,79.0,,0.03550606722635916,48.7444376115788,True,True,False,False,False,True,False,,Uptrend Under Pressure,364.48,-0.1529,0.4484827605626631,0.9878468725697951,0.20156705832834287,0.004679020157810854,0.6816757616276969,0.5608050847457626,,False,,,0,0,0.348,0.838
IRM,Iron Mountain Incorporated (Del,Real Estate,XLRE,34340020224.0,2026-09-23,115.08999633789062,-0.01539911935286753,0.027222379484473924,-0.042955263126340126,-0.05072220847076947,-0.0774847317260996,False,-0.0889543071137433,-0.09081594845373964,0.02821989490179333,0.00415238801970097,0.8928734790744893,1.0792341161680457,1.1321702376843548,0.9541021532524122,1.0792341161680457,193173366.57234803,0.11880999646479753,114.95373649597168,119.92548281351725,120.3492031733195,True,False,False,True,False,False,distribution,4,1,normal,False,False,,False,58.0,,0.027677147135351663,46.980054185149356,True,False,True,False,True,True,False,,Uptrend Under Pressure,125.34,-0.0817,0.34289691154855095,0.917022007899457,0.0770562091920981,0.02884801913392976,0.6205540096129522,0.5597987288135594,,False,,,0,0,0.348,0.838
SAP,SAP  SE,Information Technology,XLK,254952177664.0,2026-09-23,210.6199951171875,0.006691491675346661,-0.02341541751116394,-0.03676945216440186,-0.04458659877299498,0.28147625316136504,False,-0.0830658086802305,0.2629577112469492,-0.11319999118233481,0.220431045393078,0.950708682405522,0.728429131705687,0.7216247300638166,0.5099855873593705,0.728429131705687,456113689.8138641,0.13953332492193168,213.45599822998048,191.2131660461426,180.58554496765137,False,True,True,True,True,False,weak_rally,0,1,normal,False,False,,False,38.0,,0.02663564030282685,52.08545135657813,True,False,False,True,False,True,False,,Uptrend Under Pressure,185.99,0.1324,0.4128697335960192,0.9878468725697951,-0.2834481977286909,0.06607901265445948,0.3621526146507174,0.5595868644067797,,False,,,0,0,0.348,0.838
GL,Globe Life Inc.,Financials,XLF,13269594112.0,2026-09-23,168.75,-0.01980717698404577,-0.02619881967815918,-0.025298935824424107,-0.033209171993047515,-0.08047567850433401,False,-0.07214660699185849,-0.09376367322677537,0.03679809985518956,-0.03217957202072719,0.9071604995387174,1.1625904756837886,1.1028341928384744,0.8726321557417409,1.1625904756837886,67532336.31156921,0.2489916456507274,172.6854995727539,177.21477203369142,166.3508981068929,False,False,False,True,False,False,distribution,1,1,normal,False,False,surge,False,2.0,,0.020721713272982802,38.17170542520109,True,False,True,True,False,True,False,,Uptrend Under Pressure,173.42,-0.0269,0.5119326664947315,0.9346486837235032,0.019459698394703073,0.06757414624452096,0.5945565754761303,0.5592161016949153,,False,,,0,0,0.348,0.838
WSO,"Watsco, Inc.",Industrials,XLI,12780753920.0,2026-09-23,325.3699951171875,0.02417448650181475,0.07503466325346264,0.04687904728594838,0.038383047016348204,-0.18872624935039584,False,-0.003437759745355762,-0.20044992110662785,0.09870107555369434,-0.11852052620141684,0.8301919231961488,0.8592975981015907,1.1256478632152158,1.152060213727908,0.8592975981015907,162929282.49954224,0.12852634900599558,311.71200103759764,338.26572570800784,367.95057474772136,True,False,False,False,False,False,weak_rally,2,0,normal,False,False,,False,102.0,,0.02732360973837681,57.03577100567136,True,True,True,False,False,True,False,,Uptrend Under Pressure,452.97,-0.2817,0.5190412892283743,0.9144666488821164,-0.28920026263532017,-0.2972714103032904,0.0953949983737487,0.5586334745762712,,False,,,0,0,0.348,0.838
PEN,"Penumbra, Inc.",Health Care,XLV,12726723584.0,2026-09-23,319.44000244140625,0.002070404870558873,0.003171842442157624,-0.013312733771718155,-0.021320244574059122,-0.025167903872397646,False,-0.060736505317976475,-0.03925514816359832,0.01728127989841144,-0.04593192904023091,0.9763731067363375,1.1067254397537676,1.5799898391376472,0.6707486209613869,1.1067254397537676,118741758.09448242,0.5875689655172414,320.3804992675781,320.7788335164388,322.52583338419595,False,False,True,False,False,False,accumulation,3,3,normal,False,False,,False,163.0,분산3일,0.006148266722276912,46.06304456421167,True,False,True,True,False,True,False,,Uptrend Under Pressure,359.03,-0.1103,0.3547450887873058,0.9645151837456468,0.09365808366834516,-0.17270686435806892,0.452182790647248,0.5582627118644068,,False,,,0,0,0.348,0.838
TRMB,Trimble Inc.,Information Technology,XLK,13976799232.0,2026-09-23,59.31999969482422,0.027186141901718086,0.008843545314808798,-0.022251500162597804,-0.03018646795066826,0.10415998254244241,False,-0.06924564214968798,0.08820382817244177,-0.09983401146736048,0.0515615240244256,0.9639258825531966,0.49141356106908873,0.7669481841202974,0.6009259737581802,0.49141356106908873,218199407.2653965,0.52542268774448,58.83600006103516,56.496833419799806,57.93566659291585,True,True,True,False,False,False,weak_rally,1,0,normal,False,False,,False,27.0,,0.02634621543610403,55.30282745232246,True,False,False,True,False,True,False,,Uptrend Under Pressure,57.54,0.0309,0.47393167857389434,0.9878468725697951,-0.37432292029614134,-0.2303533831344312,0.07907375953163961,0.5557203389830508,,False,,,0,0,0.348,0.838
OKE,"ONEOK, Inc.",Energy,XLE,60521791488.0,2026-09-23,90.54000091552734,-0.013725513010278023,-0.04413007022071436,-0.026660888164243057,-0.03456007133923156,-0.03271650016257066,False,-0.07344309895853685,-0.0466946601094852,-0.02093209008191199,-0.10123931088284999,0.9285201408265237,0.803303608651001,1.3161622028802777,1.1143914959525332,0.803303608651001,357334453.40227664,0.31999969482421875,94.70250091552734,91.80794843037923,89.24481817881266,False,False,True,True,True,False,dry_up,3,2,normal,False,False,,False,36.0,,0.02666542459383418,38.6918822128304,True,False,False,True,False,True,False,,Uptrend Under Pressure,89.74,0.0089,0.3678222525421701,0.9516263576747145,0.18219100076229178,-0.09261462614823612,0.5779968197752159,0.554396186440678,,False,,,0,0,0.348,0.838
CB,Chubb Limited,Financials,XLF,130631835648.0,2026-09-23,335.2099914550781,-0.006078450605429109,-0.019452390397915797,-0.027780602754799544,-0.03567069882895446,-0.07750020164183669,False,-0.07450899600146998,-0.0908311948145869,0.03415832890135029,-0.029047814411727324,0.9249590789078569,1.1225134115670223,1.2521135972626627,0.844177239099728,1.1225134115670223,548161634.1550522,0.16838048474121442,339.54190216064455,345.5362182617188,334.67785517374676,False,False,True,True,False,False,distribution,1,2,normal,False,False,,False,38.0,,0.01571809943261865,41.363482118301235,True,False,True,True,False,True,False,,Uptrend Under Pressure,360.81,-0.071,0.49518308459927063,0.9346486837235032,0.07675563347351799,-0.10527386898517266,0.4970329948321347,0.5541843220338983,,False,,,0,0,0.348,0.838
ARGX,argenx SE,Health Care,XLV,64156639232.0,2026-09-23,945.8200073242188,-0.042886059865716475,-0.034641138751443035,-0.06457257763569846,-0.07216408656235274,0.05058205446185493,False,-0.10953261502007305,0.035400151744509056,-0.03556796763741121,0.028204547292800086,0.8932099211609557,1.8186004880838211,1.1501294833586273,0.8097769004058532,1.8186004880838211,236524389.01785278,0.2878885584882181,1010.1880035400391,937.2713307698567,879.5300827026367,False,True,True,True,True,False,distribution,1,3,interest,False,False,,False,16.0,분산3일,0.02605449839434177,40.75320499429988,True,False,False,False,False,True,False,,Uptrend Under Pressure,1023.21,-0.0756,0.6352967254360794,0.9645151837456468,0.21320456872881466,0.3018424507683495,0.8270472697047451,0.5530190677966103,,False,,,0,0,0.348,0.838
ALLE,Allegion plc,Industrials,XLI,13201960960.0,2026-09-23,154.08999633789062,0.018036441044731122,-0.003298898741850742,-0.04914637834596747,-0.056863079379259274,0.10376568851898438,False,-0.09484785486306724,0.08781523206994168,-0.0020777476501956382,0.19928297634871805,0.91533876747751,0.620450375546832,0.9653851416062389,0.33683035609602824,0.620450375546832,220133442.32948303,0.2350006103515625,154.57561416625975,152.55517298380533,143.68799851735432,False,True,True,True,True,False,weak_rally,0,2,normal,False,False,,False,42.0,,0.02145187325481491,48.48956580119028,True,False,False,True,False,True,False,,Uptrend Under Pressure,154.02,0.0004,0.5532151693802864,0.9144666488821164,-0.21577917589293616,-0.03129285191491471,0.3127958873911315,0.5526483050847457,,False,,,0,0,0.348,0.838
BABA,Alibaba Group Holding Limited,Consumer Discretionary,XLY,283410792448.0,2026-09-23,110.80000305175781,-0.04737335244169494,0.032907677068707786,-0.07233756876291897,-0.07692536786026405,-0.036456152651725304,False,-0.11142334136483478,-0.04317049046923427,-0.0022787007795112,0.03197109653328667,0.8373639428561149,1.2885322175850524,1.2435759286131634,1.002691698620738,1.2885322175850524,1062132452.8990905,0.12374198211220526,112.45849952697753,115.80666656494141,120.32058022816976,False,False,True,False,False,False,distribution,2,1,normal,False,False,,False,23.0,,0.026299636730265086,43.850742936464115,True,False,False,False,False,True,False,,Uptrend Under Pressure,130.53,-0.1512,0.4032895753840913,0.8941366305950827,-0.3694495749317722,-0.18693041443124248,0.10938256658595641,0.5522245762711865,,False,,,0,0,0.348,0.838
CNI,Canadian National Railway Compa,Industrials,XLI,75461271552.0,2026-09-23,119.48999786376953,0.016849593154152354,-0.01872381409338486,-0.05702031822342257,-0.0646731178962896,-0.06688415537950221,False,-0.10234334460875494,-0.08036856044512963,-0.010341458949636784,0.013865496141820755,0.9200154587197084,0.8889850016760025,0.9153527709502826,1.2177626633824639,0.8889850016760025,170180796.75992432,0.1068488798404729,122.07346839904785,124.31748021443686,118.44735361735026,False,False,True,True,False,False,weak_rally,2,1,normal,False,False,,False,42.0,,0.017535553908270662,40.01998133916029,True,False,False,True,False,True,False,,Uptrend Under Pressure,129.88,-0.08,0.3466799956889324,0.9144666488821164,0.2101434677914591,0.10685977439189909,0.7649669328900293,0.5506885593220339,,False,,,0,0,0.348,0.838
LMT,Lockheed Martin Corporation,Industrials,XLI,129526685696.0,2026-09-23,524.6799926757812,-0.02002247151559844,-0.016458645325300614,-0.06419460721537396,-0.07178918358024011,-0.013150153465464332,False,-0.10917281123012701,-0.027411065598015205,-0.017870885631950384,0.07224951225765297,0.8673281198275626,0.982462686372353,1.2542551101261712,0.8243348315755419,0.982462686372353,617520873.8456665,0.12542443495469222,538.8328674316406,548.8545979817708,542.4362930297851,False,False,True,False,False,False,dry_up,2,2,normal,False,False,,False,33.0,,0.02373826161809839,39.27327952465147,True,False,False,False,False,True,False,,Uptrend Under Pressure,574.05,-0.086,0.5631713988315719,0.9144666488821164,0.04438815697611265,-0.21416642544742626,0.38327039138448193,0.5478813559322034,,False,,,0,0,0.348,0.838
HSAI,Hesai Group,Consumer Discretionary,XLY,20265060352.0,2026-09-23,16.309999465942383,-0.06102483143793547,-0.010915725147009891,-0.1013774210060776,-0.10867023835034906,0.04921508988864143,False,-0.1445684840218412,0.03405294110015844,-0.041360784887235935,0.12801752708417946,0.8450777259422549,0.9186267641579032,0.9009405451029106,0.9283079468653118,0.9186267641579032,24664496.446864128,0.3108102883448075,17.30324993133545,17.089916642506918,18.83066660563151,False,False,True,False,False,False,dry_up,1,0,normal,False,False,,False,154.0,,0.04824383504288878,43.18651576106205,False,False,False,False,False,True,False,,Uptrend Under Pressure,27.62,-0.4095,0.2950652438886524,0.8941366305950827,-0.4347951747145471,-0.3084949389175037,0.04658125835712479,0.5470338983050848,,False,,,0,0,0.348,0.838
BTI,British American Tobacco  Indus,Consumer Staples,XLP,119708966912.0,2026-09-23,55.849998474121094,0.001793694603068996,-0.01185424589908235,-0.015164884927445388,-0.02315736450267447,-0.07787698191255354,False,-0.06249963536612013,-0.09120253025461067,0.03798510004724198,-0.0341134015300979,0.8842621692376313,1.1174541453059539,0.7725574890793371,0.7402164831849183,1.1174541453059539,300945312.5121082,0.5469379620460505,55.887000274658206,58.30610103607178,58.88765153884888,False,False,False,False,False,False,accumulation,4,1,normal,False,False,,False,6.0,,0.01783476645416703,46.15591798554772,True,False,True,False,True,True,False,,Uptrend Under Pressure,57.29,-0.0251,0.511144970106407,0.9334307577070513,-0.06585503243136492,-0.14776552166843193,0.32926258537819375,0.5458156779661016,,False,,,0,0,0.348,0.838
AEP,American Electric Power Company,Utilities,XLU,66650570752.0,2026-09-23,118.4000015258789,-0.013579915604390647,-0.01832351441247715,-0.02934908782203438,-0.03722645477567743,-0.14387061842130633,False,-0.07600209398300084,-0.15624249640017318,0.04768102553899878,0.004332103275248356,0.8801935584425484,1.394058328111468,1.5278603008895109,1.0457081734046965,1.394058328111468,466866457.4651623,0.2662745133446495,122.48950004577637,127.27914110819499,128.70728238423666,False,False,False,False,False,False,distribution,3,4,normal,False,False,,False,59.0,분산4일,0.016638509801051665,30.478933928315683,True,False,True,False,False,True,False,,Uptrend Under Pressure,136.93,-0.1353,0.4929604373601912,0.8501929415105124,0.0012196019815415848,-0.1808302971871273,0.36586137111054895,0.5457627118644068,,False,,,0,0,0.348,0.838
APO,"Apollo Global Management, Inc. ",Financials,XLF,80656384000.0,2026-09-23,124.36000061035156,-0.027753912517550994,-0.020787396768885302,-0.0634836441147828,-0.07108399033693102,0.02290354742079992,False,-0.10849601959684296,0.00812162526610849,-0.003819310399158282,0.07662943317914284,0.8697958822123184,1.2294050879870255,1.3605711304538397,0.639944161450563,1.2294050879870255,322791836.4092476,0.36096697087649854,130.38749923706055,126.92653312683106,126.083860206604,False,False,False,True,True,False,distribution,1,4,normal,False,False,,False,188.0,분산4일,0.029898809296671176,39.97798144621107,True,False,False,False,False,True,False,,Uptrend Under Pressure,144.52,-0.1395,0.5136733183456071,0.9346486837235032,-0.1989381270815912,0.03427597915274516,0.378954501102237,0.5457627118644068,,False,,,0,0,0.348,0.838
CR,Crane Company,Industrials,XLI,11853119488.0,2026-09-23,204.3300018310547,0.02699032436659654,0.0454336404270399,-0.00847173183141392,-0.016518530031756185,-0.07750304345124859,False,-0.056128179503056486,-0.09083399555716953,0.040610352746086154,0.002327674460404383,0.9034712031171073,0.7120881801411736,1.3089323555867243,0.6342684871437114,0.7120881801411736,82570477.81759262,0.7840465482180761,201.83077239990234,212.2992167154948,199.62811139424642,True,False,False,True,False,False,weak_rally,3,1,normal,False,False,,False,40.0,,0.027176627338781376,50.526155331743354,True,False,True,True,True,True,False,,Uptrend Under Pressure,226.16,-0.0965,0.4653347461893593,0.9144666488821164,-0.012023312096796857,0.023496049353631587,0.5325376748220159,0.5453919491525424,,False,,,0,0,0.348,0.838
SPOT,Spotify Technology S.A.,Communication Services,XLC,111759687680.0,2026-09-23,510.3999938964844,-0.012326616084547104,-0.08573069005826472,-0.05101894910911531,-0.05872045319893049,0.03529407352137337,False,-0.0966304230781787,0.020333096564559172,-0.05615304978676017,0.05105741848353751,0.9112495889108694,1.2407894021986727,1.0780462607250827,0.757714505014679,1.2407894021986727,788727525.9720688,0.8808057748872681,537.6805038452148,508.27067006429036,492.7565856933594,False,True,True,True,True,False,distribution,2,3,normal,False,False,,False,44.0,분산3일,0.039566184011790406,44.10363852685031,True,False,False,True,False,True,False,,Uptrend Under Pressure,493.23,0.0348,0.32634672818515714,0.9459199931884106,-0.3757019081654178,-0.07464153354990088,0.19750189729319506,0.5451800847457627,,False,,,0,0,0.348,0.838
AMZN,"Amazon.com, Inc.",Consumer Discretionary,XLY,2801960484864.0,2026-09-23,249.27000427246094,-0.022393880111205244,0.013457462466425874,-0.04516200642148016,-0.04988420356727674,-0.016212818137467444,False,-0.08539278373010839,-0.023068219163314585,0.014683420983976125,0.05470056875308815,0.8776495102971849,1.2542740919824755,1.2136936636786666,0.5698861338570914,1.2542740919824755,8892363051.741627,0.24958826511439042,255.18050003051758,254.30333302815754,253.09833335876465,False,False,True,True,True,False,distribution,2,5,normal,False,False,,False,36.0,분산5일,0.02188102216334067,44.074157368318104,True,False,True,False,False,True,False,,Uptrend Under Pressure,284.02,-0.1224,0.589795401195239,0.8941366305950827,-0.002680552841255901,0.07911377585821677,0.5887264645296519,0.5430614406779661,,False,,,0,0,0.348,0.838
RMD,ResMed Inc.,Health Care,XLV,34634977280.0,2026-09-23,222.3000030517578,-0.005858403269165313,-0.031119243870614155,-0.04366527868247039,-0.05142646185946287,0.09313295334489569,False,-0.08963019674499262,0.07733614995926352,-0.014012400269383551,0.06984910759832452,0.9249781606876887,0.952321554939069,1.1835621764104323,0.4207009665096345,0.952321554939069,326366299.65196455,0.45142345450516014,228.35450134277343,216.6740956624349,211.68765729268392,False,True,True,False,True,False,dry_up,1,1,normal,False,False,,False,55.0,,0.02560729925703201,46.77867582950021,True,False,False,True,False,True,False,,Uptrend Under Pressure,217.78,0.0208,0.4688992527617341,0.9645151837456468,-0.2637709356276321,-0.12793141327612811,0.19589190849625962,0.5430084745762711,,False,,,0,0,0.348,0.838
SSNC,"SS&C Technologies Holdings, Inc",Information Technology,XLK,19469324288.0,2026-09-23,79.72000122070312,-0.008457715077989203,-0.019313564732957533,-0.04226370932645929,-0.05003626701100117,0.14418964860374528,False,-0.08829599189972459,0.12765502776045046,-0.11825828933401539,0.08968431176817937,0.9419827934294711,0.9507367605467905,1.1309029479001227,0.5943780010807681,0.9507367605467905,131508047.70281982,0.6441717217104771,81.46331100463867,76.18202228546143,71.892440478007,False,True,True,True,True,False,dry_up,0,2,normal,False,False,,False,32.0,,0.022193753040259806,47.54488986397142,True,False,False,True,False,True,False,,Uptrend Under Pressure,79.55,0.0021,0.588894311892654,0.9878468725697951,-0.18638815462541303,-0.002402052338427496,0.353363629792924,0.5417902542372882,,False,,,0,0,0.348,0.838
TRGP,"Targa Resources, Inc.",Energy,XLE,62967668736.0,2026-09-23,283.010009765625,-0.021944898767611187,-0.009346061952565266,-0.038231494687166356,-0.04603677601514289,-0.009504074563953524,False,-0.08445758013234894,-0.02381767597950446,-0.0325707979147013,-0.07967126425474136,0.9363441183312655,0.9305798651353011,1.4316021378479364,0.9698397743692472,0.9305798651353011,330509103.5371765,0.04022314682739559,289.98150024414065,279.3530008951823,267.1504086812337,False,True,True,True,True,False,dry_up,1,1,normal,False,False,,False,22.0,,0.02395676090950196,46.126998703023624,True,False,False,True,False,True,False,,Uptrend Under Pressure,302.25,-0.0637,0.5073504843983377,0.9516263576747145,0.5973263884736131,0.0746307164625648,0.842911351234144,0.5417902542372881,,False,,,0,0,0.348,0.838
PSKY,Paramount Skydance Corporation,Communication Services,XLC,12240428032.0,2026-09-23,9.960000038146973,-0.014836758024141417,-0.1059246201803814,-0.06222814331028492,-0.06686593905663141,0.07165646872864406,False,-0.10173986256162015,0.06418876129097484,-0.038464538697274286,0.03531013416678408,0.8940753798196186,1.5821545948603661,2.4115876564385736,0.6590563171491692,1.5821545948603661,218061436.6785833,0.38775442680254263,10.596888780593872,9.703611540794373,10.084193750222523,False,True,True,True,False,False,distribution,5,4,interest,False,False,,False,5.0,분산4일,0.055769333780907565,44.238742719610805,True,False,False,False,False,True,False,,Uptrend Under Pressure,11.14,-0.1059,0.3130564022121291,0.9459199931884106,-0.511550169791464,-0.032227035153109984,0.2134409670774457,0.541313559322034,,False,,,0,0,0.348,0.838
FDS,FactSet Research Systems Inc.,Financials,XLF,11151576064.0,2026-09-23,279.42999267578125,-0.01643792089899776,0.008444896491453191,-0.0813173564858427,-0.0887729723062265,0.03757318695040235,False,-0.1254725790175666,0.022579274652446246,-0.0227891871944792,0.09206956507771857,0.8911816410603202,0.4620445040257861,0.7497744052240042,0.7557246885828477,0.4620445040257861,270962443.0937988,0.45835790780692226,289.3943069458008,273.498797861735,250.75133158365887,False,True,True,True,True,False,dry_up,2,2,normal,False,False,,False,39.0,,0.044719866439780966,47.47707169513913,True,False,False,False,False,True,False,,Uptrend Under Pressure,282.8,-0.0119,0.3325512634662003,0.9346486837235032,-0.09580718198578941,0.23414743900753243,0.5765738498789347,0.5412076271186441,,False,,,0,0,0.348,0.838
AEIS,"Advanced Energy Industries, Inc",Information Technology,XLK,11088364544.0,2026-09-23,279.42999267578125,0.06352288597757072,0.11517733371105288,0.017329810373709398,0.00907361844244936,-0.08861669119997939,False,-0.03156675307215839,-0.10178704060167587,-0.06339340375253655,-0.13203191899292133,0.8017892608795287,0.9378504021397427,1.2673129448482228,2.524903861586364,0.9378504021397427,148302639.5577179,0.8723240849806422,271.84099731445315,296.23979873657225,322.6925978342692,True,False,False,False,False,False,weak_rally,3,2,normal,False,False,,False,34.0,,0.049439949122650616,50.38158999351652,True,True,False,False,False,True,False,,Uptrend Under Pressure,341.27,-0.1812,0.4082088884097426,0.9878468725697951,0.41088427766231095,-0.2598436876152028,0.5488724657583751,0.5408898305084746,,False,,,0,0,0.348,0.838
CHRW,"C.H. Robinson Worldwide, Inc.",Industrials,XLI,17487960064.0,2026-09-23,149.6699981689453,-0.02074063232726886,-0.05049804267775626,0.05218797195487834,0.043648886836521905,-0.25545506602311463,False,0.0016159987333608239,-0.26621444336858047,0.10427279967875802,-0.1910238977954959,0.7177708561018703,0.9291510453183087,1.0847835978272211,1.1991993291982281,0.9291510453183087,205894688.41763687,0.5743068207150489,150.61874694824218,164.65012079874674,170.38446807861328,False,False,False,False,False,False,dry_up,3,3,normal,False,False,,False,9.0,분산3일,0.025704834842616136,44.27297662658065,True,True,True,False,False,True,False,,Uptrend Under Pressure,150.45,-0.0052,0.6625259820381043,0.9144666488821164,-0.09548910593592519,-0.2728137441802647,0.2373830002529724,0.5403601694915254,,False,,,0,0,0.348,0.838
WFC,Wells Fargo & Company,Financials,XLF,261243289600.0,2026-09-23,81.9000015258789,-0.05361681696973397,-0.08716004891247964,-0.03328611489839184,-0.04113153070811926,-0.0855316771001301,False,-0.07974989324723258,-0.09874660786864764,0.028302067182754298,-0.037501126448876265,0.9070772034048613,1.0399027753602896,1.0797039807392255,0.895052929965019,1.0399027753602896,1221526765.5295665,0.05678487020394803,87.39200057983399,86.65089721679688,83.13324190775553,False,False,True,True,True,False,distribution,3,5,normal,False,False,,False,13.0,분산5일,0.02922553768699252,34.089567677286624,True,False,True,True,False,True,False,,Uptrend Under Pressure,89.27,-0.0826,0.2615371754741674,0.9346486837235032,-0.12991254056686563,-0.07515630401603779,0.33801904520978643,0.5395127118644067,,False,,,0,0,0.348,0.838
GNRC,Generac Holdlings Inc.,Industrials,XLI,10938599424.0,2026-09-23,199.4199981689453,-0.02702970513001568,0.13934753790636134,-0.020337981132352634,-0.028288478181648813,-0.14475993234501838,False,-0.0674240937898325,-0.15711895889793748,0.028156706927565445,-0.07074946748328437,0.8801306229913408,0.7385105601586199,2.0549310814052473,1.3403709998003375,0.7385105601586199,294244361.0720428,0.08602139511226692,189.9470001220703,210.66516672770183,229.93450063069662,True,False,False,False,False,False,dry_up,3,2,normal,False,False,surge,False,2.0,,0.05418930082698432,51.97875414035917,True,False,True,False,False,True,False,,Uptrend Under Pressure,207.44,-0.0387,0.1845693090230682,0.9144666488821164,-0.028585374068639036,-0.12883169915201376,0.3784187416428752,0.5391949152542372,,False,,,0,0,0.348,0.838
ROKU,"Roku, Inc.",Communication Services,XLC,23291387904.0,2026-09-23,153.49000549316406,-0.0054428583420232934,-0.01998461066022572,-0.029649686431773792,-0.037524613862077505,0.0495488662300998,False,-0.07628824473242679,0.034381894058308715,-0.034899397369380525,0.06552925407947718,0.9607536978639318,0.5853551534839403,0.8175889680232903,0.5133831543227811,0.5853551534839403,361396003.0190964,0.676772503082614,155.91824798583986,149.79974899291992,135.63683268229167,False,True,True,True,True,False,dry_up,1,3,normal,False,False,,False,31.0,분산3일,0.014141451467635334,47.566780027788184,True,False,False,True,False,True,False,,Uptrend Under Pressure,153.11,0.0025,0.31620572143831427,0.9459199931884106,0.33017618183655073,0.3745974583050182,0.8820172744028044,0.5387182203389831,,False,,,0,0,0.348,0.838
J,Jacobs Solutions Inc.,Industrials,XLI,17444603904.0,2026-09-23,141.1199951171875,-0.01836393635590261,-0.026154222960059648,-0.06919072258382297,-0.07674475271975545,0.08809880127166747,False,-0.11392879515879606,0.07237474613707917,-0.02311431594334712,0.18226031351047323,0.9285432233474941,1.101164146291692,1.2186749212569057,0.5273843030498777,1.101164146291692,118205066.19163513,0.06301263346237135,145.72649993896485,139.29413668314615,130.8514466603597,False,True,True,True,True,False,distribution,1,2,normal,False,False,,False,33.0,,0.02123826906406455,43.07834108109451,True,False,False,True,False,True,False,,Uptrend Under Pressure,144.32,-0.0222,0.5004500251476458,0.9144666488821164,-0.1258973752510104,-0.0028426367333272973,0.4107251273896859,0.5386652542372882,,False,,,0,0,0.348,0.838
CF,"CF Industries Holdings, Inc.",Materials,XLB,19678496768.0,2026-09-23,120.63999938964844,-0.021335258579046168,-0.109930608193477,-0.06654291038366222,-0.07411842897446885,-0.02394425488031715,False,-0.11140824642414815,-0.03804918205490537,-0.009834503391806693,0.004187174904989988,0.866231031009623,0.7468312709495369,0.974227291717133,0.9210931652932343,0.7468312709495369,351539329.2533905,0.0858457834737662,131.26700134277343,122.97197532653809,120.16554183959961,False,False,True,True,True,False,dry_up,2,3,normal,False,False,,False,13.0,분산3일,0.046315465346902826,40.0027862503259,True,False,False,False,False,True,False,,Uptrend Under Pressure,139.27,-0.1338,0.33348806055052505,0.9411475393682374,0.3364152997831211,-0.07086249803360323,0.669321672509125,0.5383474576271188,,False,,,0,0,0.348,0.838
KEP,Korea Electric Power Corporatio,Utilities,XLU,14893568000.0,2026-09-23,10.890000343322754,-0.030275976204168886,-0.04807685814986007,-0.03713528388252518,-0.04494946156516255,-0.0925252458911422,False,-0.08341405719806483,-0.1056391129868306,0.03927692291944962,0.06456576315920226,0.8705036086395116,0.8055136960580378,0.9136361119694653,0.6988081531865267,0.8055136960580378,11908969.177342702,0.19638648860958366,11.697000074386597,11.836833381652832,12.854666678110759,False,False,False,False,False,False,dry_up,1,4,normal,False,False,,False,,분산4일,0.03278957510276331,39.07241533911776,False,False,True,False,False,True,False,,Uptrend Under Pressure,,,0.28322373228382314,0.8501929415105124,-0.2616635156527155,-0.40441922320320756,0.09314986809294928,0.5381355932203391,,False,,,0,0,0.348,0.838
VIV,Telefonica Brasil S.A.,Communication Services,XLC,18438647808.0,2026-09-23,11.649999618530273,-0.03078209859754344,-0.020185089811814994,0.021161333812375505,0.012874046957349172,-0.15648725931025576,False,-0.027919386557827774,-0.16867681491479491,0.015636729194623555,-0.14364396903018406,0.831661850444911,0.9744205999966397,1.3473085707063106,1.395156042353691,0.9744205999966397,16888157.148291588,0.07842939260323052,11.75079278945923,12.41204694112142,13.268658216794332,False,False,False,False,False,False,dry_up,2,3,normal,False,False,,False,,분산3일,0.02366645511585185,43.163280106622175,False,True,True,False,False,True,False,,Uptrend Under Pressure,,,0.47124588069424633,0.9459199931884106,-0.17822376305712395,-0.33680589942900896,0.1474639514292942,0.5376059322033898,,False,,,0,0,0.348,0.838
BPOP,"Popular, Inc.",Financials,XLF,10726905856.0,2026-09-23,158.8800048828125,-0.02275800779044801,-0.03650690865065109,-0.051521843984745797,-0.05921926680556422,-0.07837249894329512,False,-0.09710914700065099,-0.09169088659635749,0.008904561669412558,-0.029965927318463148,0.8981400982830781,0.7099804124965536,1.2980979029637525,1.1359133347005173,0.7099804124965536,91850757.2736206,0.13118638061048363,165.66930541992187,169.2112030029297,159.14219957987467,False,False,True,True,False,False,dry_up,4,3,normal,False,False,,False,52.0,분산3일,0.01993046010763275,31.68731151525482,True,False,True,False,False,True,False,,Uptrend Under Pressure,168.47,-0.0569,0.3123112392431194,0.9346486837235032,0.15522383551663044,0.10095627790143191,0.7236294315348197,0.536811440677966,,False,,,0,0,0.348,0.838
COR,"Cencora, Inc.",Health Care,XLV,61751672832.0,2026-09-23,312.2799987792969,-0.013302131457492372,-0.03405613991963241,-0.035488126213853,-0.043315671488509344,-0.00521517415236783,False,-0.08184606790589188,-0.01959075422873502,-0.005581700478356932,-0.026404194541141623,0.9260423392707257,0.871198790851693,1.1946850477207165,0.6685193349163104,0.871198790851693,405641382.1471985,0.16210616262335525,323.18600311279295,313.41625823974607,300.4862841288249,False,False,True,False,True,False,dry_up,0,2,normal,False,False,,False,32.0,,0.02322092351371753,43.93648501568693,True,False,False,True,False,True,False,,Uptrend Under Pressure,324.38,-0.0373,0.4153246314882357,0.9645151837456468,-0.05011857640175976,-0.14954576236719586,0.3425038849336851,0.5366525423728814,,False,,,0,0,0.348,0.838
CAT,"Caterpillar, Inc.",Industrials,XLI,366576926720.0,2026-09-23,812.02001953125,-0.005486810127066755,0.0363479111501217,0.0012330151857138372,-0.006892542383714617,-0.1499346495535503,False,-0.04688987785439269,-0.16221889655648947,0.05079549878882883,-0.07637199255374427,0.8716292112563498,1.147472808423706,1.2221626847978473,1.019910700437805,1.147472808423706,1897577721.3175292,0.7399892861925806,804.0704956054688,857.6726908365886,864.277909342448,True,False,False,True,False,False,distribution,2,3,normal,False,False,,False,61.0,분산3일,0.026669826586258587,48.81666255293657,True,False,True,False,False,True,False,,Uptrend Under Pressure,1055.05,-0.2304,0.4843729575468705,0.9144666488821164,0.5392156375987138,0.011027866274212927,0.7788795128473853,0.5354343220338983,,False,,,0,0,0.348,0.838
FROG,JFrog Ltd.,Information Technology,XLK,12338762752.0,2026-09-23,92.33000183105469,0.0035869764245075597,-0.026054864358544205,0.02429556751980355,0.015982844631366788,-0.023414788164016542,False,-0.024935795499191227,-0.03752736663261336,-0.05698036638317738,-0.06993601476723588,0.8875324705802975,0.6429977512179229,0.8118531265064536,0.7817597395099647,0.6429977512179229,179896855.2058937,0.8839908588988549,92.41300086975097,89.52024993896484,76.81704193751017,False,True,True,True,True,False,weak_rally,2,1,normal,False,False,,False,17.0,,0.05306510514908748,52.04977476909397,True,True,False,False,False,True,False,,Uptrend Under Pressure,104.03,-0.1125,0.3489702799255056,0.9878468725697951,0.5903412815855544,0.8445466989906187,0.9445981352318311,0.535063559322034,,False,,,0,0,0.348,0.838
ECL,Ecolab Inc.,Materials,XLB,79389065216.0,2026-09-23,276.7200012207031,0.024964775020756225,0.007720302512987942,-0.03319001433545388,-0.04103621005419811,-0.006625584768632287,False,-0.07965841162618059,-0.0209807830797899,0.025544612848522164,0.022004995761555568,0.954766535223725,0.8313015214164863,1.0581599635123315,0.4721026397406898,0.8313015214164863,350794726.13987887,0.7373498937398428,277.7061141967773,277.1152633666992,269.3351020812988,False,False,True,True,True,False,weak_rally,0,1,normal,False,False,,False,21.0,,0.018946402809918966,50.65098149451749,True,False,True,True,False,True,False,,Uptrend Under Pressure,280.88,-0.0148,0.4158781152290662,0.9411475393682374,-0.08055453534157742,-0.07676997638014238,0.38110024935853426,0.5349576271186441,,False,,,0,0,0.348,0.838
STRL,"Sterling Infrastructure, Inc.",Industrials,XLI,14378744832.0,2026-09-23,512.0,-0.001248467989523605,0.11541983411260581,0.030886313020540346,0.022520102601050196,-0.24499603512153256,False,-0.018661825150667943,-0.2559065553396481,0.08191667779160139,-0.17965976694793973,0.7117635344694534,0.5234126717128993,1.2171970260872127,1.2366234946038372,0.5234126717128993,276670907.35859984,0.39904525305665156,487.39150085449216,577.2366673787435,637.4610005696615,True,False,False,True,False,False,dry_up,3,1,normal,False,False,,False,65.0,,0.04870116710662842,49.94646546671027,True,True,True,False,True,True,False,,Uptrend Under Pressure,861.88,-0.4059,0.48710832156119327,0.9144666488821164,0.23323410659198895,0.044139677517609055,0.7283753749412742,0.5342161016949152,,False,,,0,0,0.348,0.838
RPRX,Royalty Pharma plc,Health Care,XLV,35484876800.0,2026-09-23,57.650001525878906,-0.013518088969786901,-0.014024280446463755,-0.060003264231314524,-0.06763185565380836,-0.0019984204895108215,False,-0.10518291940384716,-0.01642048569378174,-0.030856974451052177,-0.023255958066300653,0.901344627127651,0.865460156734822,1.0717709190420366,0.9178744899385424,0.865460156734822,195414077.34026298,0.007247919194823073,60.46399993896485,58.853875732421876,55.215632152557376,False,False,True,True,True,False,dry_up,1,3,normal,False,False,,False,79.0,분산3일,0.027320023570867734,38.7548447869703,True,False,False,True,False,True,False,,Uptrend Under Pressure,55.54,0.0381,0.33875509056244996,0.9645151837456468,0.4825296803435306,0.15728095730994673,0.8754490260561598,0.5340572033898305,,False,,,0,0,0.348,0.838
CNQ,Canadian Natural Resources Limi,Energy,XLE,103219306496.0,2026-09-23,47.63999938964844,-0.013255994321252462,-0.07584868875422046,-0.051545167220971355,-0.05924240076087739,0.08674992707676465,False,-0.09713134923748346,0.0710453644479907,-0.045962830950774025,0.009764059370064082,0.9241513112457795,0.764825986776783,0.8237681461343995,0.6287469059216263,0.764825986776783,359049798.94706726,0.14948481988359288,49.95625400543213,46.4660945892334,45.63591845830282,False,True,True,True,True,False,dry_up,1,3,normal,False,False,,False,128.0,분산3일,0.027213196287239786,42.04660539078751,True,False,False,True,False,True,False,,Uptrend Under Pressure,49.12,-0.0302,0.3675952046792473,0.9516263576747145,0.4269681338798146,-0.08331339113619696,0.6751761772252539,0.5333686440677966,,False,,,0,0,0.348,0.838
AVY,Avery Dennison Corporation,Materials,XLB,13195473920.0,2026-09-23,172.66000366210938,0.019665752052475227,0.006646451499835226,-0.05458414621409924,-0.06225671676508415,0.061465072171188684,False,-0.10002426386914987,0.04612589957146418,0.002850767087677619,0.09205813029993126,0.9453128615794048,0.4484567265405193,0.9690977819672929,0.41755254806028286,0.4484567265405193,208281706.25365907,0.5828983809118023,172.80266189575195,169.45450668334962,165.29618822733562,False,True,True,True,True,False,weak_rally,0,1,normal,False,False,,False,37.0,,0.02395914651277807,50.936015006946946,True,False,True,True,False,True,False,,Uptrend Under Pressure,173.81,-0.0066,0.4570960196611112,0.9411475393682374,-0.02298685770820874,-0.042474425625018686,0.4653075421921868,0.533209745762712,,False,,,0,0,0.348,0.838
U,Unity Software Inc.,Information Technology,XLK,18527744000.0,2026-09-23,44.099998474121094,0.020597070319500643,0.025342948038251212,-0.044627412913791575,-0.05238078784138822,0.39904836200773874,False,-0.09054608731274916,0.378830792100985,-0.12043443747092686,0.3324024154082976,0.9361069391374817,1.1629616707491222,1.0032166445252098,0.3834537897917013,1.1629616707491222,378822014.0972805,0.8008469918856884,42.70750007629395,37.83400014241536,32.187166690826416,True,True,True,True,True,False,accumulation,2,2,normal,False,False,,False,25.0,,0.04103175392668539,59.23118340127992,True,False,False,True,False,True,False,,Uptrend Under Pressure,45.45,-0.0297,0.5327071328919869,0.9878468725697951,-0.12392852483179329,1.148213869742754,0.5901946080734343,0.5324682203389831,,False,,,0,0,0.348,0.838
TKO,"TKO Group Holdings, Inc.",Communication Services,XLC,34562543616.0,2026-09-23,189.0800018310547,-0.010673887286790529,-0.0055225531204555756,-0.01843534839214589,-0.026401286354425735,0.021144481843923035,False,-0.06561290848540025,0.006387979847846115,-0.023745730236168106,0.036692385705447306,0.9413170092827794,0.6750808657628111,1.242356739022911,0.49216699981870976,0.6750808657628111,209534510.195121,0.5008921383031965,188.55060501098632,188.78287302652996,190.99317334493,True,True,False,False,False,False,dry_up,0,4,normal,False,False,,False,10.0,분산4일,0.031328670831274226,49.21047750646872,True,False,False,True,False,True,False,,Uptrend Under Pressure,194.52,-0.028,0.32463583537913665,0.9459199931884106,-0.16474237097385636,-0.14799854871790585,0.23736764121282208,0.5319915254237289,,False,,,0,0,0.348,0.838
AMT,American Tower Corporation (REI,Real Estate,XLRE,81869185024.0,2026-09-23,170.77999877929688,-0.021878620794285486,-0.038996160445418204,-0.042659345458763154,-0.050428692338107095,-0.019343714946223556,False,-0.08867261232340828,-0.03351512426699921,0.02853781988620896,0.06743853931630128,0.9526944327379432,1.0203877059273645,1.254341858048508,0.4789381936375796,1.0203877059273645,408638389.999884,0.05378764272518863,175.54500045776368,171.8035001118978,175.30993016560873,False,False,False,True,False,False,distribution,2,7,normal,False,False,,False,38.0,분산7일,0.024097210431525337,41.89986579484156,True,False,True,True,False,True,False,,Uptrend Under Pressure,179.26,-0.0473,0.4184486229306273,0.917022007899457,-0.18802263658489704,-0.13299085827575752,0.23005041379061109,0.5315677966101696,,False,,,0,0,0.348,0.838
AZN,AstraZeneca PLC,Health Care,XLV,251445133312.0,2026-09-23,163.3300018310547,-0.02837599107238331,0.009144242642737277,-0.02027475704331161,-0.028225767190924844,-0.06195721618174943,False,-0.06736390848000484,-0.07551282017113214,0.01010338657109422,-0.08193762516610559,0.9424696996818547,0.7590517098516254,1.0303863784483942,0.7838610332164392,0.7590517098516254,507554317.6735611,0.0,163.2905014038086,167.59416681925455,177.80450045267742,True,False,False,False,False,False,dry_up,2,1,normal,False,False,,False,60.0,,0.02216808504007816,49.12449912668164,True,False,True,True,False,True,False,,Uptrend Under Pressure,188.41,-0.1331,0.4058668466319891,0.9645151837456468,-0.054986699813570294,-0.23019893793467172,0.28781034295833186,0.5315677966101695,,False,,,0,0,0.348,0.838
GDDY,GoDaddy Inc.,Information Technology,XLK,12396276736.0,2026-09-23,96.37999725341797,-0.08008017236300713,-0.0586051978996287,-0.04118582896842948,-0.048967134245958666,0.03243730073519635,False,-0.08726991838425069,0.01751760684269965,-0.11726593676260555,-0.01674453105889906,0.9170313858486853,1.7300103163091307,1.4361468254739078,0.9148910456440386,1.7300103163091307,214141977.03975183,0.7069267618421676,98.94349937438965,94.52716623942057,89.43516629536947,False,True,True,True,True,False,distribution,3,4,interest,False,False,,False,35.0,분산4일,0.051071648606629,48.21822528172962,True,False,False,True,False,True,False,,Uptrend Under Pressure,88.45,0.0897,0.37919587509885294,0.9878468725697951,-0.42355871110668175,-0.0149915866746817,0.24341548914025518,0.5310381355932203,,False,,,0,0,0.348,0.838
LEN,Lennar Corporation,Consumer Discretionary,XLY,20261689344.0,2026-09-23,81.5199966430664,0.04405730957147003,0.01810911644521851,-0.07531768084416268,-0.08282198733803092,-0.0422027305388627,False,-0.11976126956517608,-0.05604380549930166,-0.013560583291110984,0.029733672111217357,0.9244726282710337,1.411107057412705,1.803772394602688,0.9933894617145105,1.411107057412705,334130535.27218056,0.11170135056165184,81.87600021362304,84.34878133138021,86.54097023010254,False,False,False,False,False,False,accumulation,7,3,normal,False,True,acc,False,20.0,분산3일,0.03490817150784419,48.83798918014222,True,False,False,True,False,True,False,,Uptrend Under Pressure,88.16,-0.0753,0.317388882033621,0.8941366305950827,-0.40062444986628853,-0.19614540159684501,0.09790123233710382,0.5304555084745763,,False,,,0,0,0.348,0.838
AFG,"American Financial Group, Inc.",Financials,XLF,11820454912.0,2026-09-23,139.63999938964844,-0.01132827840050643,-0.028861493081970946,-0.03323181231393979,-0.041077668819059276,-0.045935490828190595,False,-0.07969820064209965,-0.05972262387772498,0.028359829319727803,0.004174767323810835,0.9516799799336467,0.8352534517234999,1.5356897369769646,0.5872241667840564,0.8352534517234999,54821070.02245636,0.03177817453753087,142.54999923706055,142.61682764689127,137.02053902943928,False,False,True,True,False,False,dry_up,3,3,normal,False,False,,False,33.0,분산3일,0.015373712406979387,38.5952126506118,True,False,True,True,False,True,False,,Uptrend Under Pressure,146.73,-0.0483,0.4603156561728053,0.9346486837235032,-0.079061654709773,-0.0238447060152015,0.4334429547179357,0.5302966101694916,,False,,,0,0,0.348,0.838
LDOS,"Leidos Holdings, Inc.",Industrials,XLI,17595262976.0,2026-09-23,124.69000244140625,-0.02760659287281375,-0.035205840748733785,-0.09633045328211609,-0.10366422955020449,0.1423879534370378,False,-0.13976409188645234,0.12587936879018402,-0.05159750259777207,0.24124752127527938,0.85499947632919,1.181224016961093,1.3278711894050437,0.6218173628068235,1.181224016961093,171553183.76044616,0.5312506705512945,132.18825035095216,124.06874287923178,128.52077617645264,False,True,True,False,False,False,distribution,2,3,normal,False,False,,False,26.0,분산3일,0.03213792434850217,39.506386377798755,True,False,False,False,False,True,False,,Uptrend Under Pressure,143.36,-0.1303,0.4699646343120499,0.9144666488821164,-0.3462012557096583,-0.25476097231054684,0.07934660836254562,0.5292902542372881,,False,,,0,0,0.348,0.838
DCI,"Donaldson Company, Inc.",Industrials,XLI,10535155712.0,2026-09-23,86.73999786376953,0.0077843403197501715,-0.00367562260277865,-0.06156012574509995,-0.0691760823786226,-0.05121992837545619,False,-0.10666495250209929,-0.06493069631251058,-0.0151059935153105,0.030885268525596254,0.8825702318539247,0.8007583151421801,1.2843338715267414,0.9143586296056885,0.8007583151421801,66184246.46512604,0.7746478116504228,89.49200019836425,91.39071362813314,88.37446721394856,False,False,True,True,False,False,weak_rally,1,2,normal,False,False,,False,65.0,,0.01935997548259993,36.58570544776159,True,False,False,False,False,True,False,,Uptrend Under Pressure,85.23,0.0177,0.3596352309418061,0.9144666488821164,0.0015711583162638654,-0.06397043670891822,0.46861967402695964,0.5288665254237288,,False,,,0,0,0.348,0.838
TT,Trane Technologies plc,Industrials,XLI,97778302976.0,2026-09-23,437.0899963378906,0.00870024219964316,0.033969637779104556,-0.03275490008972426,-0.040604627000308535,-0.11142283456985813,False,-0.07924421055050213,-0.12426361366476257,0.015125132507487482,-0.034527455639205784,0.9052883389530799,0.9612166084453501,1.1282071300125098,1.0308013034281684,0.9612166084453501,468212060.0262146,0.46400847274795537,439.79505462646483,460.9322260538737,463.0585568745931,False,False,False,True,False,False,weak_rally,1,2,normal,False,False,,False,99.0,,0.023138071426729172,44.92530300480077,True,False,True,True,False,True,False,,Uptrend Under Pressure,490.27,-0.1085,0.3961003695564235,0.9144666488821164,-0.03680645782585501,-0.08699572504488262,0.4108055364822377,0.5286016949152543,,False,,,0,0,0.348,0.838
LTM,LATAM Airlines Group S.A.,Industrials,XLI,14569866240.0,2026-09-23,52.459999084472656,-0.015944518231511884,0.04087296619497138,-0.013167809724392465,-0.021176496665226363,-0.04257184941572334,False,-0.06059854684641841,-0.056407590259844764,0.035681812199519936,0.04028173190764184,0.9091854140523264,0.7198063500584508,0.7945163323314584,0.3929217422803139,0.7198063500584508,41837505.65925827,0.34615412830576237,51.471000289916994,53.06366672515869,52.10402272542318,True,False,False,True,False,False,dry_up,0,2,normal,False,False,,False,108.0,,0.02744949078745712,52.65582380670714,False,False,True,True,False,True,False,,Uptrend Under Pressure,55.52,-0.0551,0.36382841263779087,0.9144666488821164,-0.05813405067787947,-0.11082881264726385,0.37126052545986776,0.5285487288135594,,False,,,0,0,0.348,0.838
LI,Li Auto Inc.,Consumer Discretionary,XLY,11849846784.0,2026-09-23,11.699999809265137,0.015624943085844833,-0.0051020763987182915,-0.06249998089594644,-0.07010831008708629,-0.06505068448927853,False,-0.10755963480285835,-0.0785615849405562,0.00011317708965496998,0.005169697800843309,0.8478260614170398,0.6422605744726692,1.0530257533589176,0.9465925222207909,0.6422605744726692,36282860.493686154,0.13333036633902573,12.019000101089478,12.361166715621948,14.453666671117146,False,False,False,False,False,False,weak_rally,1,5,normal,False,False,,False,90.0,분산5일,0.03764345884848098,43.2595093696814,False,False,True,False,False,True,False,,Uptrend Under Pressure,20.02,-0.4156,0.33365632104278475,0.8941366305950827,-0.5643357789810456,-0.3496323021430816,0.0182772577789021,0.5257944915254237,,False,,,0,0,0.348,0.838
AEM,Agnico Eagle Mines Limited,Materials,XLB,102847766528.0,2026-09-23,195.57000732421875,-0.0096718069913041,-0.0067546298298253316,-0.10044397803986838,-0.10774437078811139,0.3293303273705315,False,-0.1436799057128504,0.3101202488967516,-0.045795093187265046,0.3676436746899694,0.8745895864898792,0.860275196307137,0.7773090625408947,0.5070218250767882,0.860275196307137,482612114.70890504,0.40962773937909547,202.3977493286133,175.00579198201498,180.2663673400879,False,True,True,True,False,False,dry_up,0,0,normal,False,False,,False,21.0,,0.034879616084739704,50.20014650118623,True,False,False,False,False,True,False,,Uptrend Under Pressure,215.58,-0.0928,0.4452083440433408,0.9411475393682374,0.15983909045078515,0.004699765562432123,0.653954501102237,0.5246822033898306,,False,,,0,0,0.348,0.838
FTS,Fortis Inc.,Utilities,XLU,28191461376.0,2026-09-23,53.29999923706055,-0.005782528814804011,-0.003738332017559909,-0.03651483132514666,-0.04433404432213928,-0.09004496312835064,False,-0.08282342584274638,-0.10319467265201165,0.03994661411682765,0.06747540235331395,0.9133021885027244,1.2087005879644008,1.0252357033974846,0.610443891249231,1.2087005879644008,38240415.0839138,0.3302745872092616,54.623999404907224,56.000650596618655,55.839068222045896,False,False,False,False,False,False,distribution,1,2,normal,False,False,,False,,,0.013622370014904517,35.08631067511247,False,False,True,True,False,True,False,,Uptrend Under Pressure,,,0.3845068564025123,0.8501929415105124,-0.018281516498266703,-0.13633855250204685,0.3797468468794044,0.5218220338983052,,False,,,0,0,0.348,0.838
KHC,The Kraft Heinz Company,Consumer Staples,XLP,30440095744.0,2026-09-23,23.790000915527344,-0.02379974984540456,-0.03801045871851161,-0.05842083629161843,-0.06606226998871623,-0.067572773396407,False,-0.10367654869491627,-0.08104722728145031,-0.007605306222006503,-0.02332015950233901,0.8751026628134346,0.6120225396520175,0.6743091425503336,1.0702583555106382,0.6120225396520175,599359283.0360413,0.38028282524365736,24.767370796203615,24.968271096547443,23.67814450263977,False,False,True,True,False,False,dry_up,2,3,normal,False,False,,False,34.0,분산3일,0.027798153467004386,38.145176987912556,True,False,False,False,False,True,False,,Uptrend Under Pressure,26.22,-0.0927,0.4623669392374754,0.9334307577070513,-0.12470211184122737,0.04825372602352496,0.45989393227566766,0.5215572033898305,,False,,,0,0,0.348,0.838
AMKR,"Amkor Technology, Inc.",Information Technology,XLK,11751801856.0,2026-09-23,53.31999969482422,0.021651678441258593,0.1496334296438817,0.11520083602256426,0.10615036679398471,-0.21295496057281516,False,0.06160023582641805,-0.2243285045735015,0.026711739407034196,-0.25044713246153016,0.7609419804467424,0.5993402207231916,0.8677045334574748,1.1328944527952896,0.5993402207231916,208670228.04934922,0.4249084402636473,48.89838790893555,56.761334864298504,63.70831480026245,True,False,False,True,False,False,weak_rally,1,2,normal,False,False,,False,61.0,,0.04652500843548496,54.88345234702468,True,True,True,False,False,True,False,,Uptrend Under Pressure,85.46,-0.3761,0.5022311333177439,0.9878468725697951,0.5339789813179898,-0.06861910141917504,0.7087483285750424,0.5211864406779662,,False,,,0,0,0.348,0.838
LEN-B,Lennar Corporation,Consumer Discretionary,XLY,19816034304.0,2026-09-23,80.0,0.04288881442827819,0.018200334869926005,-0.07802232228860395,-0.08550467912696935,-0.04095950585830055,False,-0.12233591612434214,-0.05481854658931029,-0.016445860616730035,0.03107027052968503,0.921977677711396,1.0674082856283738,1.7554198307935935,0.9638829327338752,1.0674082856283738,8959478.354499817,0.032259969876256386,80.3854995727539,82.73620541890462,84.68438377380372,False,False,False,False,False,False,accumulation,6,4,normal,False,True,acc,False,,분산4일,0.033633913312639506,48.84570591919503,False,False,False,True,False,True,False,,Uptrend Under Pressure,,,0.3185798872711491,0.8941366305950827,-0.381178023545633,-0.16926672214461225,0.11762495030898776,0.5211334745762711,,False,,,0,0,0.348,0.838
EW,Edwards Lifesciences Corporatio,Health Care,XLV,52308299776.0,2026-09-23,86.81999969482422,-0.017206211298137153,0.012596242803395885,-0.04066298679752245,-0.04844853522733972,-0.0793937514861841,False,-0.0867722059059185,-0.09269738107566616,-0.010917016923631895,-0.09900276045269174,0.9269698515925607,1.1460134148245171,1.2723797360298932,1.2715813179419178,1.1460134148245171,279354520.4532425,0.27838871857070596,88.50249938964843,89.12183316548665,86.32866675059,False,False,False,True,False,False,distribution,5,3,normal,False,False,,False,60.0,분산3일,0.025997952212954385,43.86963541166355,True,False,False,True,False,True,False,,Uptrend Under Pressure,90.78,-0.0436,0.308063235356325,0.9645151837456468,0.03732599273702686,-0.06542531017181352,0.49827617361136206,0.5207627118644068,,False,,,0,0,0.348,0.838
PAAS,Pan American Silver Corp.,Materials,XLB,21526964224.0,2026-09-23,48.11000061035156,-0.013128192608173106,-0.006402262914428802,-0.10292747245618628,-0.1102077102789053,0.10043750565616305,False,-0.14604403437279634,0.08453514459218248,-0.04842946225405087,0.1321538093388881,0.8764802540592577,1.0250819724435152,0.8767230983947473,0.6776511467559776,1.0250819724435152,200491919.60202485,0.1953377577682003,50.898999977111814,47.54355862935384,50.56010818481445,False,True,True,False,False,False,distribution,0,1,normal,False,False,,False,17.0,,0.04122545672721747,44.77877788873768,True,False,False,False,False,True,False,,Uptrend Under Pressure,54.89,-0.1235,0.4036226624013171,0.9411475393682374,0.25866209335663815,-0.07500699265399724,0.632046185537205,0.5203389830508475,,False,,,0,0,0.348,0.838
KNX,Knight-Swift Transportation Hol,Industrials,XLI,11150413824.0,2026-09-23,67.16999816894531,0.00825570999231906,-0.019272882698138982,-0.02541009992415033,-0.033319433934856035,-0.11791382698299047,False,-0.0722524281414425,-0.1306608051082927,0.02283351091334418,-0.041580163276026094,0.871231996668696,1.0275804942084443,1.4257550425448,0.9162450721147399,1.0275804942084443,242500776.2291252,0.30685902679655935,68.1629581451416,71.17528864542643,69.928750705719,False,False,False,True,False,False,accumulation,3,3,normal,False,False,,False,65.0,분산3일,0.03709593729318076,44.603283641166776,True,False,True,False,False,True,False,,Uptrend Under Pressure,73.94,-0.0915,0.38738777529978585,0.9144666488821164,0.5517011555171643,0.13127162075266297,0.8704130678327491,0.5195444915254238,,False,,,0,0,0.348,0.838
DB,Deutsche Bank AG,Financials,XLF,75272749056.0,2026-09-23,35.869998931884766,-0.06222225014680349,-0.07288704561693837,-0.066371664721257,-0.0739485730649656,-0.009293629050009078,False,-0.11124523144987519,-0.023610271601953392,-0.006891323334393573,0.04274116684050289,0.8630894549232861,1.9589488164288589,1.09075371077962,0.6668337901393954,1.9589488164288589,76754449.60309601,0.12000020345052083,39.64250011444092,37.530500157674155,34.57140539487203,False,False,True,True,True,False,distribution,0,3,interest,False,False,,False,18.0,분산3일,0.025946862385198444,32.9555406988281,True,False,False,False,False,True,False,,Uptrend Under Pressure,40.23,-0.1084,0.2505425169160895,0.9346486837235032,-0.07016003643273583,0.14330172475969172,0.5652551407610856,0.5186970338983051,,False,,,0,0,0.348,0.838
GSK,GSK plc,Health Care,XLV,100640980992.0,2026-09-23,49.709999084472656,-0.026820726262173356,-0.005998785185549083,-0.0399768200777143,-0.047767937128521454,-0.06635207239308627,False,-0.0861190188493497,-0.07984416656029591,-0.010209574370310559,-0.08623887048245471,0.9338930164948724,1.087581911311801,1.1848628499478508,1.0300066849122624,1.087581911311801,140004059.63015404,0.03738391058664147,50.12700004577637,51.0139435450236,51.59167334238688,False,False,False,False,False,False,distribution,4,2,normal,False,False,,False,39.0,,0.022142719122224732,46.60855946287281,True,False,False,True,False,True,False,,Uptrend Under Pressure,53.23,-0.0661,0.32593146276831925,0.9645151837456468,0.1470297266634515,-0.12369501702266028,0.5265548769469842,0.5182203389830509,,False,,,0,0,0.348,0.838
CRL,Charles River Laboratories Inte,Health Care,XLV,13883865088.0,2026-09-23,277.3299865722656,-0.006021372476100906,0.016307467054481162,-0.0711702088406948,-0.07870817435501154,0.17487272885256178,False,-0.11581314012091526,0.15789470852663956,-0.04237017026659107,0.14984781737518826,0.9288297911593052,1.7021679600769137,1.2498478241441824,0.43730948470191794,1.7021679600769137,264832798.45959777,0.05019804794003499,283.53400268554685,259.35616709391275,217.91391665140787,False,True,True,True,True,False,distribution,2,4,interest,False,False,,False,25.0,분산4일,0.032309371866935735,50.52650495346705,True,False,False,True,False,True,False,,Uptrend Under Pressure,286.64,-0.0325,0.5628547129491125,0.9645151837456468,0.633041381288751,0.5949620135443032,0.9456940479202052,0.5172669491525425,,False,,,0,0,0.348,0.838
SHOP,Shopify Inc.,Information Technology,XLK,191235358720.0,2026-09-23,142.33999633789062,-0.03655075778052075,0.09525999526362328,-0.07499355457981816,-0.07956821837177297,0.10624056856631281,False,-0.11396742089537637,0.09853186604568664,-0.12519638395811705,0.05772657142208071,0.8978742032039896,2.032865728556194,1.5809343066564323,0.7184298271178038,2.032865728556194,1417527238.5849197,0.4274713016293995,138.63199996948242,134.52566680908203,124.28633359273275,True,True,True,True,True,False,distribution,3,3,attention,False,False,,False,32.0,분산3일,0.05253015685229419,54.0827314458073,True,False,False,False,False,True,False,,Uptrend Under Pressure,151.57,-0.0609,0.3812763653517725,0.9878468725697951,-0.17410119115407063,0.10056605436959676,0.4438907159119656,0.5172139830508475,,False,,,0,0,0.348,0.838
ICLR,ICON plc,Health Care,XLV,12729672704.0,2026-09-23,163.89999389648438,-0.033323556789018105,-0.049579606860323366,-0.05522251594991201,-0.06288990577876696,-0.03958529381691367,False,-0.10063195123827007,-0.0534641932095451,-0.025927990468955997,-0.060042227077482746,0.9093430365141694,1.24207245990359,1.215384834319807,1.0696829336950124,1.24207245990359,142622046.45111084,0.08347370391166012,166.38249893188475,167.7589998881022,146.76208305358887,False,False,True,True,False,False,distribution,6,4,normal,False,True,acc,False,4.0,분산4일,0.03934891131668073,46.84153057396499,True,False,False,True,False,True,False,,Uptrend Under Pressure,173.94,-0.0577,0.352740734524782,0.9645151837456468,-0.14910072661627494,0.465201002223099,0.542317769505981,0.5171080508474577,,False,,,0,0,0.348,0.838
NTRS,Northern Trust Corporation,Financials,XLF,33949249536.0,2026-09-23,173.99000549316406,-0.027717192174709582,-0.026574912465142875,-0.06348081531788252,-0.07108118449727618,-0.07585511272507683,False,-0.10849332676218992,-0.08920987898607813,-0.0038163013830004866,-0.02731632061405076,0.9129924327042334,0.9908691748642928,1.222573912722388,1.1590617540130126,0.9908691748642928,176766983.42852706,0.4579949385513671,182.88340911865234,182.77822545369466,172.92710774739584,False,False,True,True,True,False,dry_up,2,2,normal,False,False,,False,106.0,,0.025524419746489776,35.1728968150354,True,False,False,True,False,True,False,,Uptrend Under Pressure,170.14,0.0226,0.32196392939958735,0.9346486837235032,0.2218864016535309,0.15010009762547738,0.7942286147952731,0.5170550847457628,,False,,,0,0,0.348,0.838
AWK,"American Water Works Company, I",Utilities,XLU,27470307328.0,2026-09-23,133.05999755859375,-0.006792592773140482,-0.03593686828233822,-0.04896008808675878,-0.05667830096814486,-0.008822658853123166,False,-0.09467051838992269,-0.02314610736913414,0.026513711305408583,0.16275792558032842,0.9444247152745039,1.0789906541599352,1.0678032572180927,0.3264359176269656,1.0789906541599352,271139688.9980469,0.43595440892070936,138.04500045776368,135.16985905965169,131.13303922017414,False,False,True,True,True,False,distribution,1,2,normal,False,False,,False,39.0,,0.01883950667037562,37.65360413527786,True,False,True,True,False,True,False,,Uptrend Under Pressure,137.13,-0.0297,0.5104147988230073,0.8501929415105124,-0.1147463156240397,-0.13664123004168194,0.30128473853492826,0.5155190677966102,,False,,,0,0,0.348,0.838
ONB,Old National Bancorp,Financials,XLF,9786140672.0,2026-09-23,24.739999771118164,-0.020198028866607376,-0.04145678872392611,-0.03458078768218065,-0.04241569650893928,-0.08033633262267081,False,-0.08098233935755861,-0.09362634102468204,0.026924912348823993,-0.032032907285846735,0.9116472383787844,1.38044758564136,1.4412588318500756,0.7276363427345677,1.38044758564136,97234945.12928915,0.03512737246003279,25.513144874572752,26.049741077423096,24.887859964370726,False,False,True,True,False,False,distribution,4,4,normal,False,False,,False,60.0,분산4일,0.019744148993807206,33.90007450503728,True,False,True,True,False,True,False,,Uptrend Under Pressure,25.74,-0.0387,0.37828794786358966,0.9346486837235032,0.0213283428034432,0.02868313018003099,0.5651196198185826,0.5148305084745763,,False,,,0,0,0.348,0.838
PTC,PTC Inc.,Information Technology,XLK,16898765824.0,2026-09-23,140.39999389648438,0.0378473918050557,0.05762707266654887,-0.09014324335548995,-0.09752723224111137,0.08955663898184363,False,-0.13387426172757244,0.0738115167157547,-0.16233867205706942,0.03765383451092186,0.8832966127215585,1.2215918323254875,1.3884058643125143,0.9119919562992301,1.2215918323254875,240015637.74111786,0.43478151727600367,141.79249954223633,136.29850006103516,136.01433359781902,False,True,True,False,True,False,accumulation,5,3,normal,False,False,,False,37.0,분산3일,0.039603681814922805,50.909367022066206,True,False,False,False,False,True,False,,Uptrend Under Pressure,136.3,0.0301,0.33957505906659224,0.9878468725697951,-0.3543592055334651,-0.11512117476662087,0.17127949839181816,0.5136652542372881,,False,,,0,0,0.348,0.838
BKR,Baker Hughes Company,Energy,XLE,63084433408.0,2026-09-23,58.029998779296875,0.0034583597079325124,0.02309586619182924,-0.06388131621144144,-0.07147843510541918,-0.016844561385824908,False,-0.10887457812904422,-0.03105208583541741,-0.05837158701705225,-0.08649174759348266,0.8941447983812048,1.0415236431057746,1.3631829430526419,1.333070774908993,1.0415236431057746,497752892.27851486,0.8879300989519446,60.64199981689453,59.68463249206543,61.41889034907023,False,False,False,False,False,False,accumulation,3,6,normal,False,False,,False,15.0,분산6일,0.03446491387485651,39.144862855490715,True,False,False,False,False,True,False,,Uptrend Under Pressure,63.55,-0.0869,0.2975635454249133,0.9516263576747145,0.1497290253569854,-0.14290536065705506,0.5072874128148603,0.5135063559322035,,False,,,0,0,0.348,0.838
FMX,Fomento Economico Mexicano S.A.,Consumer Staples,XLP,41021456384.0,2026-09-23,119.72000122070312,-0.0011680242694437348,-0.015460503922769986,-0.018608055437474347,-0.026572591786924726,-0.08421750547318307,False,-0.06577731460322878,-0.09745142726263933,0.034356107100469435,-0.04075484373939953,0.9059402705268538,0.9928769679794924,1.0910158381530148,0.6494733399720566,0.9928769679794924,43156791.72943878,0.011017964071856288,120.25050048828125,123.35043741861979,120.77593339284262,False,False,False,True,False,False,dry_up,3,2,normal,False,False,,False,37.0,,0.021851941642834292,47.47286780165124,False,False,True,True,False,True,False,,Uptrend Under Pressure,126.76,-0.0555,0.5062558285309661,0.9334307577070513,0.10949802273932585,0.03115658419687639,0.6448447833471866,0.513135593220339,,False,,,0,0,0.348,0.838
DHI,"D.R. Horton, Inc.",Consumer Discretionary,XLY,40433614848.0,2026-09-23,140.1699981689453,0.006606809112713163,-0.00021397132631861826,-0.05907231643718902,-0.06670846301395827,-0.08071947941969693,False,-0.10429671633991267,-0.09400395098869807,0.0037697662331106496,-0.011675918965567744,0.9104243716971627,0.9491975096051086,1.5392863866255413,0.9648930556313381,0.9491975096051086,354306625.1180565,0.10472866738492785,141.7340003967285,146.90201365152996,147.51998583475748,False,False,False,True,False,False,weak_rally,6,3,normal,False,True,acc,False,65.0,분산3일,0.025647413839797593,45.99861823472686,True,False,True,True,False,True,False,,Uptrend Under Pressure,157.34,-0.1091,0.4525475794132727,0.8941366305950827,-0.23316162176861044,-0.08220492465827778,0.25384879476708466,0.5125000000000001,,False,,,0,0,0.348,0.838
ORLY,"O'Reilly Automotive, Inc.",Consumer Discretionary,XLY,71835721728.0,2026-09-23,85.9000015258789,0.036438276695724525,0.008689500140296236,-0.05271282270853772,-0.060400580080816835,-0.04208284149021624,False,-0.09824288296389783,-0.05592564896061558,0.01055399380434996,0.029862565556881604,0.9184219250187043,0.8008359401456294,1.4587291557528592,0.6186478268020623,0.8008359401456294,538642697.447443,0.6918613935167935,86.64650039672851,88.30933392842611,89.76525001525879,False,False,False,False,False,False,weak_rally,3,4,normal,False,False,,False,60.0,분산4일,0.02152003724738099,46.63849016365848,True,False,True,True,False,True,False,,Uptrend Under Pressure,89.55,-0.0408,0.3976508637619279,0.8941366305950827,-0.26293781828017637,-0.14235289059614997,0.18276444653247081,0.5120233050847458,,False,,,0,0,0.348,0.838
EMA,Emera Incorporated,Utilities,XLU,15385144320.0,2026-09-23,48.20000076293945,-0.011484773951406124,-0.004954539029181526,-0.04346097744067201,-0.05122381863480596,-0.11768990093322318,False,-0.08943571496245895,-0.13044011500139063,0.032449227162821614,0.03504490863601695,0.8831504954770425,1.0995813793679043,0.9024078559401607,0.7608957571817961,1.0995813793679043,17612594.27206669,0.4812046464936182,49.68149967193604,51.588989639282225,51.64775698979695,False,False,False,False,False,False,distribution,0,4,normal,False,False,,False,,분산4일,0.01495257853123462,32.51589252551888,False,False,True,False,False,True,False,,Uptrend Under Pressure,,,0.4095773679211639,0.8501929415105124,-0.05029778339249236,-0.14118471407187794,0.3484279570669654,0.5115995762711865,,False,,,0,0,0.348,0.838
WMG,Warner Music Group Corp.,Communication Services,XLC,14756925440.0,2026-09-23,27.15999984741211,-0.019140508357651576,-0.06506022166214964,-0.021613846416524085,-0.02955398911607321,-0.07371334502715576,False,-0.06863863635724088,-0.08709906185379346,-0.026907032207110326,-0.05960974253426987,0.9191201539304615,0.6407201823983645,1.3272268879125093,0.9159775822205664,0.6407201823983645,52627995.443380356,0.3619583271662802,28.242250061035158,27.43269618352254,28.477280855178833,False,False,True,True,False,False,dry_up,2,5,normal,False,False,surge,False,2.0,분산5일,0.03350225989513355,44.07941458133606,True,False,False,True,False,True,False,,Uptrend Under Pressure,28.02,-0.0307,0.4602106022790055,0.9459199931884106,-0.28656077188614826,-0.02853860424012933,0.27887770590148536,0.511228813559322,,False,,,0,0,0.348,0.838
VG,"Venture Global, Inc.",Energy,XLE,36601360384.0,2026-09-23,13.270000457763672,0.027885407792915373,-0.0941978973856824,-0.05438144422727109,-0.059058046200708314,-0.017711505177120723,False,-0.09422377328418541,-0.024556462785063737,-0.06464125270480126,-0.08716050086200433,0.8420792851557077,1.1929406504845685,1.1469219606746461,1.1751849453662484,1.1929406504845685,213206784.53903562,0.27710905668962377,14.532230854034424,13.633825016021728,13.116186817487081,False,False,True,False,True,False,accumulation,3,4,normal,False,False,,False,8.0,분산4일,0.051441477256825,40.84312593421012,True,False,False,False,False,True,False,,Uptrend Under Pressure,15.76,-0.1579,0.508992076029175,0.9516263576747145,-0.11853504727813047,-0.259245499252052,0.22498915832459976,0.5111228813559322,,False,,,0,0,0.348,0.838
GOOG,Alphabet Inc.,Communication Services,XLC,4102042681344.0,2026-09-23,334.9800109863281,-0.03577902922988552,-0.012906572826189011,-0.024348999361365364,-0.029174128232958174,-0.08433158636279248,False,-0.0654567039160705,-0.09071231005782998,-0.03314741370338714,-0.05608586654211367,0.8924470641781365,1.2975758188293711,1.2482993222644114,1.0293605898165046,1.2975758188293711,6023365949.786568,0.06456950714561802,338.58289642333983,345.2816319783529,351.80953648885094,False,False,False,True,False,False,distribution,5,2,normal,False,False,surge,False,3.0,,0.026293558022175315,44.94659323878208,True,False,False,False,False,True,False,,Uptrend Under Pressure,344.41,-0.0274,0.48600164103215443,0.9459199931884106,0.18272848921015195,0.017393997046192267,0.6786446098803802,0.5109110169491526,,False,,,0,0,0.348,0.838
CP,Canadian Pacific Kansas City Li,Industrials,XLI,81481859072.0,2026-09-23,88.27999877929688,0.016933547541121863,-0.008312715026676742,-0.06759612912178081,-0.07516310026223383,-0.0594036555645312,False,-0.11241084364668197,-0.07299616091607664,-0.021440787796653704,0.021993340824791652,0.913020959253716,0.814431390886132,1.0666558727754465,0.9468998356964644,0.814431390886132,173175610.12145844,0.488886502738108,90.41099967956544,90.95816701253256,88.2100201288859,False,False,True,True,False,False,weak_rally,2,3,normal,False,False,,False,47.0,분산3일,0.019313544118756028,42.66356020365986,True,False,False,True,False,True,False,,Uptrend Under Pressure,92.91,-0.0498,0.34309427865868986,0.9144666488821164,0.1064529268106773,0.04325377869298763,0.6505529254454121,0.510646186440678,,False,,,0,0,0.348,0.838
CTVA,"Corteva, Inc.",Materials,XLB,56464797696.0,2026-09-23,80.41999816894531,0.01655919034871478,-0.035615796167901226,-0.02679128197562064,-0.03468940693298639,-0.08864730941912269,False,-0.07356722557002915,-0.10181721635864094,0.03233207429181273,-0.0623807213139701,0.8904143783269183,1.123011173409064,1.1160412358899945,0.7362052722535408,1.123011173409064,412943878.71352386,0.3056592800734725,83.8861686706543,83.07724685668946,81.47599741617839,False,False,True,True,True,False,accumulation,1,3,normal,False,False,,False,13.0,분산3일,0.03207269785583027,43.42358678252307,True,False,True,False,False,True,False,,Uptrend Under Pressure,89.97,-0.1061,0.49019961327200473,0.9411475393682374,-0.0005654269740786866,-0.09998555200939252,0.42941256188789706,0.510593220338983,,False,,,0,0,0.348,0.838
AG,First Majestic Silver Corp.,Materials,XLB,10148941824.0,2026-09-23,19.049999237060547,-0.06250002346639594,0.03927983177039307,-0.10310737088780708,-0.10754299645126686,0.09995214171767541,False,-0.14089670046436986,0.09228725933281012,-0.029894147704536578,0.1640929815680765,0.8762649235336555,1.1192781809035173,1.0753798085365593,0.5523428777906133,1.1192781809035173,189819249.86402017,0.19267259012746318,20.145999813079833,18.40365540186564,19.09921170870463,False,True,True,False,False,False,distribution,2,3,normal,False,False,,False,92.0,분산3일,0.05474278168994443,46.69804912484025,True,False,False,False,False,True,False,,Uptrend Under Pressure,24.17,-0.2118,0.34987938191874757,0.9411475393682374,0.48925378364425387,-0.11415724696723173,0.6627452929059303,0.5099576271186441,,False,,,0,0,0.348,0.838
MDLZ,"Mondelez International, Inc.",Consumer Staples,XLP,79220441088.0,2026-09-23,61.439998626708984,0.021106872135806976,-0.01062801712768402,-0.050386375197839506,-0.05809301297347502,-0.001003439687586316,False,-0.0960282529652301,-0.015439883303973057,0.0008627619597798564,0.04640852749191948,0.9453762216687256,1.034929533036614,1.226994605368217,0.49488900289670396,1.034929533036614,499479550.4934559,0.7344620835614254,61.99799976348877,61.58816649119059,60.689411385854086,False,False,True,True,True,False,accumulation,2,3,normal,False,False,,False,38.0,분산3일,0.020350866651997892,46.40530490864882,True,False,True,True,False,True,False,,Uptrend Under Pressure,64.99,-0.0546,0.481641404755375,0.9334307577070513,-0.1001625323099734,-0.015782899043801257,0.42209623793863615,0.5098516949152543,,False,,,0,0,0.348,0.838
ELV,"Elevance Health, Inc.",Health Care,XLV,85129871360.0,2026-09-23,398.55999755859375,-0.026263712257507454,-0.045456748090970334,-0.005800076962867107,-0.013868557114474211,-0.0836386687177253,False,-0.0535849340652107,-0.0968809552448745,0.02502688014636023,-0.10315726050512974,0.9379196261194968,1.0216060872853836,1.1285989538075827,0.7111233599915044,1.0216060872853836,468950022.5150696,0.27170349360294005,406.0513168334961,397.55320892333987,382.5397252400716,False,True,True,True,True,False,distribution,4,5,normal,False,False,,False,5.0,분산5일,0.027872018608862976,46.03596989157543,True,False,True,True,False,True,False,,Uptrend Under Pressure,417.54,-0.0455,0.3906882354024144,0.9645151837456468,0.11455444996580422,0.18701697998988287,0.7389207112139062,0.5096398305084746,,False,,,0,0,0.348,0.838
IOT,Samsara Inc.,Information Technology,XLK,23803705344.0,2026-09-23,39.08000183105469,0.027069713919755323,-0.06170467228500265,-0.030994295642146064,-0.03885831082786573,0.03276698807524503,False,-0.07756822714341272,0.01784252988937185,-0.10788308250832346,-0.016430548912077403,0.9107434623636241,0.48008553590245645,0.666145227952193,0.7018669402078436,0.48008553590245645,312836189.52508926,0.7619057710822217,39.75900020599365,38.13350019454956,34.5291667620341,False,True,True,True,True,False,weak_rally,1,2,normal,False,False,,False,12.0,,0.06241775796993635,48.98739835120245,True,False,False,True,False,True,False,,Uptrend Under Pressure,38.75,0.0085,0.31342198149412875,0.9878468725697951,-0.14335886846308532,0.027012520942907736,0.4152479129774854,0.5092690677966102,,False,,,0,0,0.348,0.838
WDC,Western Digital Corporation,Information Technology,XLK,162441707520.0,2026-09-23,473.69000244140625,0.019565209251988902,0.13602897343850184,0.05089296160045764,0.04569571999802746,-0.17865078515857213,False,0.006615041159835577,-0.18437425701692933,0.0016619584784951513,-0.20964305689512164,0.8484506766943761,0.7805871764818303,1.3000263306407416,1.2274175869929531,0.7805871764818303,2880249752.448935,0.9357077476397124,451.1959823608398,491.4214930216471,489.08453572591145,True,False,False,True,False,False,weak_rally,5,2,normal,False,False,,False,60.0,,0.05453117188099615,53.99758803103727,True,True,True,False,False,True,False,,Uptrend Under Pressure,651.88,-0.2733,0.6393023212133759,0.9878468725697951,2.360315748177287,0.23443031652699742,0.9588739113150953,0.5086864406779661,,False,,,0,0,0.348,0.838
UAL,"United Airlines Holdings, Inc.",Industrials,XLI,35050283008.0,2026-09-23,110.72000122070312,-0.03208320822211164,0.035540620247237475,-0.025094641910534232,-0.033006536036829015,-0.1105606964757142,False,-0.07195213218502738,-0.12341393428016778,0.02316458455528081,-0.033590710141204294,0.8339861841061017,1.0262071946907485,1.1206536574197774,0.7871964090277377,1.0262071946907485,401989871.15091705,0.06531171955504797,109.57749977111817,118.98749974568685,110.75224984486898,True,False,False,True,False,False,distribution,3,5,normal,False,False,,False,59.0,분산5일,0.03426920040315774,47.94837666545635,True,False,True,False,False,True,False,,Uptrend Under Pressure,135.19,-0.181,0.3274649802011917,0.9144666488821164,-0.08488471163378175,0.028239045657576067,0.47535958223410796,0.5085805084745763,,False,,,0,0,0.348,0.838
V,Visa Inc.,Financials,XLF,708301750272.0,2026-09-23,361.5199890136719,-0.02278692503094648,-0.037537954014180364,-0.05462727033389936,-0.062299490908891975,-0.01460974361770806,False,-0.10006531528721818,-0.028849563294315428,0.00560129233240203,0.03714583438890595,0.9411151539225422,0.8367133902615159,1.42791064778322,0.535176614874973,0.8367133902615159,2288386321.5819654,0.24012515608352095,373.9385025024414,364.4781010945638,341.9576680501302,False,False,True,True,True,False,dry_up,2,2,normal,False,False,,False,60.0,,0.015334069292284216,40.4581574242886,True,False,True,True,False,True,False,,Uptrend Under Pressure,335.61,0.0772,0.4020625372031917,0.9346486837235032,-0.05882951575054851,0.04455247776491955,0.5096039174587113,0.5083686440677966,,False,,,0,0,0.348,0.838
STT,State Street Corporation,Financials,XLF,52572422144.0,2026-09-23,179.9499969482422,-0.02413230529031507,-0.027980380262233928,-0.057458628356971575,-0.06510787090160852,-0.016969980053399114,False,-0.1027605879662834,-0.03117569208481663,0.0025895518857923516,0.034661631433178464,0.9263358490515649,1.3349512936341823,1.531517432608658,0.5734501695408067,1.3349512936341823,313896552.0879456,0.2743123071244563,189.28149871826173,185.13878529866537,169.02666034698487,False,False,True,True,True,False,distribution,4,5,normal,False,False,,False,103.0,분산5일,0.024066205157084367,36.70979732361501,True,False,True,True,False,True,False,,Uptrend Under Pressure,149.99,0.1997,0.39469871580383287,0.9346486837235032,0.4538100954985498,0.3115388520220368,0.9065727657113947,0.5082627118644067,,False,,,0,0,0.348,0.838
EPD,Enterprise Products Partners L.,Energy,XLE,83830906880.0,2026-09-23,37.56999969482422,-0.02339489205408596,-0.03195057033211457,-0.020594392673553785,-0.028542808801917285,-0.031263128235432425,False,-0.06766818126162688,-0.04526229077906585,-0.014829888918542866,-0.0998888964955501,0.9545223351684456,1.1518648625630583,1.2093317758994928,0.6915884677471744,1.1518648625630583,94894247.22558022,0.13103575280839758,38.820500183105466,38.03776785532634,37.537136268615725,False,False,True,True,True,False,distribution,1,4,normal,False,False,surge,False,2.0,분산4일,0.015637473936141278,39.62023041844747,True,False,False,True,False,True,False,,Uptrend Under Pressure,38.89,-0.0339,0.2982476273999578,0.9516263576747145,0.09785140535703585,-0.12341529258346595,0.49563532217845396,0.5078389830508475,,False,,,0,0,0.348,0.838
WELL,Welltower Inc.,Real Estate,XLRE,170227941376.0,2026-09-23,229.8699951171875,-0.01241622038946888,-0.01241622038946888,-0.04224823808060052,-0.05002092132282676,-0.04251328345538108,False,-0.08828126425810012,-0.0563498706329314,0.02897950120880677,0.04221860166541669,0.9153717580497489,0.9126650345840784,1.3028760239287838,0.47575761111698145,0.9126650345840784,643114302.3002167,0.2959164607942868,236.13149871826172,236.16751658121746,222.95493202209474,False,False,True,True,False,False,dry_up,1,1,normal,False,False,,False,85.0,,0.021698591376734275,41.32168724509281,True,False,True,True,False,True,False,,Uptrend Under Pressure,217.79,0.0555,0.4616532237545338,0.917022007899457,0.26322176686566867,0.05483656279801474,0.7513380434389794,0.5075741525423729,,False,,,0,0,0.348,0.838
HUM,Humana Inc.,Health Care,XLV,46018375680.0,2026-09-23,374.7799987792969,-0.01003747669646926,-0.05506529324482912,-0.030599278395533558,-0.038466499363853046,-0.10153764662171472,False,-0.07719219585952763,-0.11452127601673046,-0.0005412651387385337,-0.12067498831574086,0.9145437041072729,0.8608158658450096,1.1455891762880517,1.124491688121915,0.8608158658450096,362689768.2947739,0.661504037288172,393.60899810791017,389.32733256022135,334.890545018514,False,False,True,True,True,False,dry_up,1,2,normal,False,False,surge,False,2.0,,0.03493053268544114,39.346369489742386,True,False,False,True,False,True,False,,Uptrend Under Pressure,386.22,-0.0296,0.47877581850635553,0.9645151837456468,0.3076926244941083,0.9152460283128856,0.8895712117379205,0.5069385593220339,,False,,,0,0,0.348,0.838
GLW,Corning Incorporated,Information Technology,XLK,128114286592.0,2026-09-23,154.47999572753906,-0.03262575386194799,0.0715870685576443,0.05171838134282525,0.04651705758742475,-0.19433845445966025,False,0.007405682983786965,-0.19995260870725517,-0.021022994980007148,-0.21651734666297873,0.8873967757102241,0.6225200919935301,1.0037701822540581,1.8838130018396313,0.6225200919935301,1349352275.538208,0.12368329156113107,152.93878479003905,160.6437644958496,170.7503968556722,True,False,False,True,False,False,dry_up,2,1,normal,False,False,,False,11.0,,0.05609319590432394,49.99196437511683,True,True,False,False,False,True,False,,Uptrend Under Pressure,165.96,-0.0692,0.3737376688405741,0.9878468725697951,0.6036395885195616,-0.12404476341764781,0.668135412525749,0.5061440677966103,,False,,,0,0,0.348,0.838
MGA,"Magna International, Inc.",Consumer Discretionary,XLY,17541275648.0,2026-09-23,63.72999954223633,0.011426777335067362,0.004888069729444,-0.060029547585926935,-0.06765792570451656,-0.02496089105019017,False,-0.10520793948503215,-0.03905112687214751,0.0027486041361879376,0.048270478653390514,0.8724161106068945,1.0402130023975746,0.9749360174575112,0.5798902410083324,1.0402130023975746,78144343.5206625,0.6141775540031285,65.23499946594238,66.5683064142863,64.1409099260966,False,False,False,True,False,False,accumulation,2,2,normal,False,False,,False,34.0,,0.028220615118078652,43.131267500220844,True,False,True,False,False,True,False,,Uptrend Under Pressure,69.54,-0.0836,0.4159474697367865,0.8941366305950827,0.3685199194575701,0.17705413829017735,0.8613358751038994,0.5043961864406781,,False,,,0,0,0.348,0.838
TW,Tradeweb Markets Inc.,Financials,XLF,23266242560.0,2026-09-23,100.2300033569336,-0.04040204609483822,-0.012998519499319405,-0.07399459664708485,-0.08150964069819455,-0.020049476777613373,False,-0.11850177759721303,-0.03421068717349751,-0.014999903109782275,0.0314203905351218,0.921837642554949,1.2658221898561082,1.2103391825319583,0.7211493031091474,1.2658221898561082,128774736.0793499,0.2217665120942474,104.47940940856934,102.60458246866862,105.626460202535,False,False,True,False,False,False,distribution,3,4,normal,False,False,,False,38.0,분산4일,0.028174464318078397,41.599978043859686,True,False,False,True,False,True,False,,Uptrend Under Pressure,108.04,-0.0723,0.4237909458925522,0.9346486837235032,-0.1760211062166298,-0.2629837025926235,0.16167106356835675,0.5039724576271186,,False,,,0,0,0.348,0.838
CQP,"Cheniere Energy Partners, LP",Energy,XLE,34024415232.0,2026-09-23,64.29000091552734,-0.02605667573155679,-0.020865103109530048,-0.0552535189950053,-0.06292065721706763,-0.012459669446480248,False,-0.10066146416447963,-0.02673055972510685,-0.04969300903207696,-0.08241748342814559,0.9026958693288918,0.9875007443396501,1.0071678278365208,0.983364612149859,0.9875007443396501,7795863.92244072,0.04436653089776715,67.80850105285644,65.55696341196696,63.65918728510539,False,False,True,True,True,False,dry_up,2,3,normal,False,False,,False,,분산3일,0.035047457518676405,40.833331704301905,False,False,False,True,False,True,False,,Uptrend Under Pressure,,,0.3620776727506696,0.9516263576747145,0.18659417832681857,-0.12653761816991493,0.553868671171985,0.5039194915254238,,False,,,0,0,0.348,0.838
EOG,"EOG Resources, Inc.",Energy,XLE,76035751936.0,2026-09-23,141.83999633789062,0.0032535821133929943,-0.07740346513648699,-0.05572205580098577,-0.06338539158871692,-0.0038083911707961215,False,-0.10110748139084424,-0.0182043005896263,-0.05016430351287282,-0.0743790657087231,0.922596534863513,0.7572855897501191,1.2429500293795683,0.9174766608152471,0.7572855897501191,491380708.0363327,0.6838680461897402,146.01300125122071,142.30790430704752,138.76334654490154,False,False,True,True,True,False,weak_rally,3,3,normal,False,False,,False,136.0,분산3일,0.027269161708036508,43.671999408170976,True,False,False,True,False,True,False,,Uptrend Under Pressure,129.69,0.0937,0.36711410954654866,0.9516263576747145,0.1736393740607236,-0.050324793152537906,0.6165154855263634,0.5037605932203391,,False,,,0,0,0.348,0.838
NOC,Northrop Grumman Corporation,Industrials,XLI,76671418368.0,2026-09-23,514.4199829101562,-0.02324078315899658,-0.03168003216911763,-0.05920561780444844,-0.06684068256717712,-0.07171150477738764,False,-0.10442361075959683,-0.08512615008590663,-0.012634934023289968,0.008620399275710566,0.8771421316151807,1.061796027134682,1.2029825411737487,0.8721683323740987,1.061796027134682,422716127.049939,0.40540386803185435,528.3447967529297,538.8830703735351,556.8769259134929,False,False,True,False,False,False,distribution,4,3,normal,False,False,,False,56.0,분산3일,0.022595503944138663,37.746322343136896,True,False,False,False,False,True,False,,Uptrend Under Pressure,546.52,-0.0587,0.45027970761000874,0.9144666488821164,-0.16368650539810337,-0.3051687834210697,0.16576560297784684,0.503707627118644,,False,,,0,0,0.348,0.838
RTX,RTX Corporation,Industrials,XLI,279969792000.0,2026-09-23,192.19000244140625,-0.011063054116489113,-0.016930933803548598,-0.08139756562438871,-0.08885253050342012,-0.04434474928766574,False,-0.12554893301376668,-0.058154870054546226,-0.03592541538463856,0.038355409448711075,0.8523216007781448,1.0719714060029308,1.220675359884735,1.0267995155226304,1.0719714060029308,788021105.4669373,0.33641445749244075,200.82749938964844,205.4489776611328,193.80459785461426,False,False,True,True,False,False,distribution,2,1,normal,False,False,,False,34.0,,0.01885408563250506,29.179543629905254,True,False,False,False,False,True,False,,Uptrend Under Pressure,217.21,-0.1152,0.6388228865327347,0.9144666488821164,0.1572687948451641,-0.07327473844082688,0.5778748509269633,0.5033898305084746,,False,,,0,0,0.348,0.838
RY,Royal Bank Of Canada,Financials,XLF,282631340032.0,2026-09-23,199.4499969482422,-0.03268832345583483,-0.02340497908874173,-0.022399800159378924,-0.030333564411266334,-0.07308125920256758,False,-0.06938681431031635,-0.08647611026622848,0.03988193597604517,-0.024396776192495917,0.9209555305855632,0.7763765743949581,1.0828380521588115,0.5430514631886111,0.7763765743949581,222916105.0422287,0.01893531727400773,205.65499877929688,208.31891886393228,195.8824072519938,False,False,True,True,False,False,dry_up,1,1,normal,False,False,,False,41.0,,0.01693945288581723,37.173939051651246,True,False,True,True,False,True,False,,Uptrend Under Pressure,207.84,-0.0404,0.3281562982227028,0.9346486837235032,0.21350443017965448,0.09668290664888235,0.7598903183838676,0.5026483050847458,,False,,,0,0,0.348,0.838
AU,AngloGold Ashanti PLC,Materials,XLB,56808001536.0,2026-09-23,98.73999786376953,-0.031296011300455895,-0.01956112837465862,-0.1803768833464512,-0.18702857652735116,0.21249995806475575,False,-0.2197709454455734,0.19497818874655204,-0.13058399859989456,0.24744607421184517,0.8002269094107244,1.1715004858772688,1.245023595490294,0.772478148511566,1.1715004858772688,288468890.65794027,0.2642275414188154,107.70099983215331,93.9694424947103,93.99631849924724,False,True,True,True,False,False,distribution,1,1,normal,False,False,,False,21.0,,0.0371032052188954,42.95997315287025,True,False,False,False,False,True,False,,Uptrend Under Pressure,121.22,-0.1854,0.5236859249457372,0.9411475393682374,0.607777289803106,0.2313831148199348,0.9158089696794478,0.5021186440677966,,False,,,0,0,0.348,0.838
BJ,"BJ's Wholesale Club Holdings, I",Consumer Staples,XLP,11450426368.0,2026-09-23,89.9800033569336,-0.025240973494568553,-0.05343987304995368,-0.0864046572384628,-0.09381898681027945,-0.02820575852679541,False,-0.13031536562985357,-0.042249102949693085,-0.0370993694826105,0.017915197753125778,0.899890041797241,1.487106639448664,0.9824686589402861,1.012653606328366,1.487106639448664,146638591.3270256,0.04929562330084568,92.02800025939942,92.57216669718424,92.10875002543132,False,False,True,False,False,False,distribution,0,1,normal,False,False,,False,20.0,,0.02479121307356408,43.07728931823859,True,False,False,False,False,True,False,,Uptrend Under Pressure,98.49,-0.0864,0.30331799707310064,0.9334307577070513,-0.13686484443260616,-0.14292120600761404,0.2682709334682519,0.501853813559322,,False,,,0,0,0.348,0.838
KRYS,"Krystal Biotech, Inc.",Health Care,XLV,10636637184.0,2026-09-23,341.75,0.023663303136303826,0.015058831633934178,8.778760151506582e-05,-0.008028475815079483,-0.08478040677226573,False,-0.04798006164388524,-0.09800619410642109,0.031097308543413416,-0.10427467942020652,0.9199935361589389,0.7963869724778087,1.4477793091036362,0.6523085829194722,0.7963869724778087,94469248.35676269,0.25278109946320726,350.1654998779297,347.86533203125,322.0551244099935,False,False,False,True,True,False,weak_rally,1,4,normal,False,False,,False,46.0,분산4일,0.03251792261101931,47.902000121120956,True,False,True,True,False,True,False,,Uptrend Under Pressure,354.86,-0.0369,0.5680084767153426,0.9645151837456468,0.8214548802961203,0.1831241060643911,0.9231505908713094,0.5015360169491525,,False,,,0,0,0.348,0.838
IR,Ingersoll Rand Inc.,Industrials,XLI,29895356416.0,2026-09-23,76.22000122070312,0.054072794829526094,0.05993599414687223,-0.047130850653191225,-0.054863908804208994,-0.055461849226948745,False,-0.0929292007472784,-0.06911131740219179,3.755158098339706e-05,0.026276261815993074,0.8470888176191755,2.0518906043651866,1.5368106182385677,0.6294478113817951,2.0518906043651866,308899329.70081174,0.9220786619833441,74.88700065612792,80.07572135925292,78.63866392771403,True,False,False,False,False,False,accumulation,3,6,attention,True,False,surge,False,42.0,분산6일,0.02638884749956801,50.56474886561585,True,False,True,False,False,True,False,,Uptrend Under Pressure,84.29,-0.0957,0.3761152746210788,0.9144666488821164,-0.1511011795776276,-0.16433400512252516,0.2353140471974269,0.5002118644067797,,False,,,0,0,0.348,0.838
FOXA,Fox Corporation,Communication Services,XLC,28316463104.0,2026-09-23,63.959999084472656,-0.012810647003028142,-0.05342608593541376,-0.07177317927705096,-0.079306251354057,0.11856346561065889,False,-0.11638712960940523,0.1023991673095832,-0.07679499709396942,0.13559466691032585,0.9134447702687817,0.8951832456894521,1.2592520275710426,0.5031175109823439,0.8951832456894521,343858499.1899433,0.8529397465097406,66.41758232116699,61.563682619730635,61.716587670644124,False,True,True,True,False,False,dry_up,1,2,normal,False,False,,False,26.0,,0.028890832363513086,45.4061417051954,True,False,False,True,False,True,False,,Uptrend Under Pressure,68.74,-0.0695,0.34185787213434105,0.9459199931884106,-0.023275664145701813,0.021520066240540592,0.5176339850384879,0.4993114406779661,,False,,,0,0,0.348,0.838
SSB,SouthState Bank Corporation,Financials,XLF,10171659264.0,2026-09-23,101.62000274658203,-0.014450565948497807,-0.03896344997562329,-0.04948087862990325,-0.057194865009090656,-0.009235075973146656,False,-0.09516627784916987,-0.02355256467234168,0.011075554478947147,0.04280279529619846,0.9106551311183863,0.8135470360134791,1.176787078655579,0.42789639880922925,0.8135470360134791,67491588.90474205,0.0,105.30550079345703,104.68795522054036,100.05038407643636,False,False,True,True,True,False,dry_up,0,2,normal,False,False,,False,41.0,,0.019976375412191237,33.03185960715784,True,False,True,True,False,True,False,,Uptrend Under Pressure,105.36,-0.0355,0.4850176779666841,0.9346486837235032,-0.07122435807678651,0.01901909328519369,0.4739375158107766,0.4989936440677967,,False,,,0,0,0.348,0.838
VZ,Verizon Communications Inc.,Communication Services,XLC,207821864960.0,2026-09-23,46.52000045776367,0.001506990175984324,-0.06511249945857511,-0.07422884661166818,-0.07880729230359873,0.06990752164439162,False,-0.1132349328390645,0.06245200153123398,-0.0774013898561835,0.07702931167634253,0.9041788098723029,0.9661276699374126,1.3824397810940199,0.6142193426867806,0.9661276699374126,1052232722.5770423,0.37765963922650814,49.56450023651123,46.921577326456706,46.51133861541748,False,False,True,True,True,False,weak_rally,3,4,normal,False,False,,False,128.0,분산4일,0.023507544517325705,34.67352729114735,True,False,False,True,False,True,False,,Uptrend Under Pressure,48.41,-0.0391,0.3583681948379887,0.9459199931884106,0.07530792107494633,-0.13220747166400237,0.4686350330671099,0.49835805084745766,,False,,,0,0,0.348,0.838
SHW,Sherwin-Williams Company (The),Materials,XLB,82248884224.0,2026-09-23,326.4599914550781,0.016028115949131783,0.010024101918626682,-0.05846052804482871,-0.06610163962148008,-0.031887512464624956,False,-0.10371433271839203,-0.0458776520665608,-0.0012611086301926866,-0.003985019596207007,0.8850094416695106,1.3793957626568345,1.1981203861700274,0.6598800918921948,1.3793957626568345,536722980.7902344,0.6939169822909202,330.06300048828126,338.7048039754232,328.04463755289714,False,False,False,True,False,False,accumulation,3,3,normal,False,False,,False,39.0,분산3일,0.02116645066262643,44.32525452725251,True,False,False,False,False,True,False,,Uptrend Under Pressure,353.45,-0.0764,0.6207272203568536,0.9411475393682374,-0.13272703813619602,-0.05291586198426501,0.3623712551046222,0.4974046610169492,,False,,,0,0,0.348,0.838
B,Barrick Mining Corporation,Materials,XLB,73784999936.0,2026-09-23,42.4900016784668,-0.03167728705135475,-0.0014100484058644502,-0.12720451695700297,-0.13152096892750242,0.14174664011585514,False,-0.16397854663577893,0.13379051786481155,-0.06053243613449133,0.18841004306129494,0.872795483042997,1.0220722175124455,0.9472744034015972,0.6250767212418212,1.0220722175124455,397741189.56983393,0.4137943130247956,44.07967109680176,40.73766409556071,40.75426877339681,False,True,True,True,False,False,distribution,0,3,normal,False,False,,False,24.0,분산3일,0.03103250908659878,46.843215325047545,True,False,False,False,False,True,False,,Uptrend Under Pressure,44.96,-0.0549,0.4222006212050888,0.9411475393682374,0.1998970891153209,0.08520182790143993,0.7469218676592823,0.4970338983050847,,False,,,0,0,0.348,0.838
PAA,"Plains All American Pipeline, L",Energy,XLE,18097778688.0,2026-09-23,24.440000534057617,-0.022008773193195497,-0.051610395812211496,-0.020833276021172797,-0.028779753479552306,0.027828338762557303,False,-0.06789558300844734,0.012975248722657762,-0.015070178265825462,-0.04498349636313537,0.9363984742088103,0.5729218879924379,0.9929883823019701,0.41797206298709666,0.5729218879924379,68263313.21491012,0.08791411480144708,25.533500099182127,24.13808205922445,22.926679213841755,False,True,True,True,True,False,dry_up,1,4,normal,False,False,,False,137.0,분산4일,0.020224456175706094,40.26424798072522,True,False,False,True,False,True,False,,Uptrend Under Pressure,21.31,0.1467,0.3619279644787668,0.9516263576747145,0.3456635252426268,-0.0007035669668989941,0.7367189476347078,0.49608050847457624,,False,,,0,0,0.348,0.838
WRB,W.R. Berkley Corporation,Financials,XLF,25080129536.0,2026-09-23,67.66999816894531,-0.016281475965633008,-0.049286973966240044,-0.027735645230861805,-0.03562610616009376,-0.10674603036999553,False,-0.07446619929932197,-0.11965439370174158,0.03420615061521315,-0.059829719593153974,0.889678698677535,0.5234669912206098,2.0196609339219975,0.7175198947533364,0.5234669912206098,244595267.153611,0.10756557950089668,69.12335929870605,70.75185368855794,68.49192988077799,False,False,True,True,False,False,dry_up,5,4,normal,False,False,acc,False,2.0,분산4일,0.020615552724886854,38.000941852662045,True,False,True,False,False,True,False,,Uptrend Under Pressure,69.89,-0.0318,0.412985289647535,0.9346486837235032,-0.17420982749271563,-0.09852077666725101,0.2746069892667413,0.4951800847457628,,False,,,0,0,0.348,0.838
HDB,HDFC Bank Limited,Financials,XLF,116609900544.0,2026-09-23,22.790000915527344,-0.036363582108859815,0.00930030967807105,-0.03186066146264632,-0.03971764561238955,-0.1601041092745603,False,-0.07839295227779774,-0.17224139798184157,0.029818334547110803,-0.11599032084573435,0.8639121167760139,0.9489620790932015,0.8180953490248378,1.149017276488293,0.9489620790932015,271712935.62401354,0.05755529941270102,22.87549991607666,23.947166633605956,24.48966670036316,False,False,False,False,False,False,dry_up,2,0,normal,False,False,,False,7.0,,0.026860149660087124,47.3578438481717,True,False,True,False,False,True,False,,Uptrend Under Pressure,23.34,-0.0236,0.2761469554399401,0.9346486837235032,-0.42771235332214275,-0.20679747804664372,0.08175888113909868,0.4951271186440679,,False,,,0,0,0.348,0.838
HST,"Host Hotels & Resorts, Inc.",Real Estate,XLRE,15235351552.0,2026-09-23,22.149999618530273,-0.007171665228247082,0.0009037712843265044,-0.04484695522106452,-0.05259854844187595,-0.06550787307222572,False,-0.09075507761982793,-0.07901216671677169,0.026187518178028224,0.017189127499107393,0.8672669860815831,0.8763436540089138,1.2651604346298961,0.561945120473087,0.8763436540089138,179662638.28964376,0.41666477445606515,22.135999965667725,23.19999990463257,22.317575931549072,True,False,False,True,False,False,dry_up,0,3,normal,False,False,,False,65.0,분산3일,0.017607239279430368,45.107308672629976,True,False,True,False,False,True,False,,Uptrend Under Pressure,24.09,-0.0804,0.48734352620499455,0.917022007899457,0.23962761613095207,0.08637881175988693,0.7637607965017528,0.49412076271186445,,False,,,0,0,0.348,0.838
MCHP,Microchip Technology Incorporat,Information Technology,XLK,39883988992.0,2026-09-23,75.52999877929688,0.010029419794636896,0.056511414690848305,0.01778735630115924,0.009527451132603115,-0.12197420997476527,False,-0.031131198462807097,-0.13466251173174915,-0.06297216323705579,-0.16380039804947777,0.8722813315737099,0.9385089578989391,1.1990908850030568,1.4691320225522164,0.9385089578989391,598814642.6364349,0.8810122572595194,72.99999961853027,78.09034372965495,83.2240728378296,True,False,False,True,False,False,weak_rally,4,1,normal,False,False,,False,99.0,,0.03302850675815649,53.00458992004877,True,True,False,False,True,True,False,,Uptrend Under Pressure,91.89,-0.1781,0.5527709367211221,0.9878468725697951,0.023996052472397666,0.014540853231169937,0.5524321491814534,0.4935381355932204,,False,,,0,0,0.348,0.838
RYAAY,Ryanair Holdings plc,Industrials,XLI,28725360640.0,2026-09-23,54.689998626708984,0.007182309302543377,0.052742980241190285,-0.03357486341678373,-0.0414179358731922,-0.16710815765135723,False,-0.08002476346371534,-0.1791442312458994,0.014264579808787037,-0.09503165566894911,0.8208014540163217,1.1084178999316543,1.193554123007495,1.3191489869676538,1.1084178999316543,76185940.49104404,0.6162772129664129,54.418999671936035,58.56233285268148,58.669999758402504,True,False,False,False,False,False,accumulation,5,3,normal,False,False,,False,48.0,분산3일,0.02080557543882148,47.91497122346062,True,False,True,False,False,True,False,,Uptrend Under Pressure,66.63,-0.1792,0.4921136863519325,0.9144666488821164,-0.13450732167938162,-0.1966860816505508,0.2384183802536952,0.4933262711864407,,False,,,0,0,0.348,0.838
BIP,Brookfield Infrastructure Partn,Utilities,XLU,29930756096.0,2026-09-23,35.220001220703125,-0.01702485568456935,0.0051369948765045415,-0.07557854238028383,-0.08308073183905906,-0.07752791296041095,False,-0.12000959314898174,-0.090858505678441,-0.00221716314452991,0.08215925223916543,0.8363606947671972,1.1406218929722727,1.0558786943881187,0.8079084503018404,1.1406218929722727,28757880.876573183,0.22916815678420713,36.730584907531735,37.97650400797526,37.32081855138143,False,False,False,True,False,False,distribution,1,3,normal,False,False,,False,,분산3일,0.02445852312949868,36.274097940187616,False,False,False,False,False,True,False,,Uptrend Under Pressure,,,0.39251036311447846,0.8501929415105124,0.10843307136380775,-0.05403411908076894,0.5683576668714538,0.49226694915254243,,False,,,0,0,0.348,0.838
KKR,KKR & Co. Inc.,Financials,XLF,101336350720.0,2026-09-23,97.20999908447266,-0.012494954555346771,0.0038207637399223504,-0.09639340555940168,-0.10086223536077821,-0.021381732077330406,False,-0.13446561877256202,-0.028201114156622076,-0.03733991966612715,0.028387513824000177,0.8431049133696501,1.135835462124515,1.0411408847258414,0.913546922166252,1.135835462124515,372780268.647649,0.37617599875271307,103.54550056457519,102.49337170918783,99.68498903910319,False,False,True,True,True,False,distribution,1,4,normal,False,False,,False,28.0,분산4일,0.03255068027768813,38.49291274098998,True,False,False,False,False,True,False,,Uptrend Under Pressure,115.3,-0.1569,0.4547162122747446,0.9346486837235032,-0.3627726054393833,0.011272871703272624,0.28164865743919626,0.4913135593220339,,False,,,0,0,0.348,0.838
ABT,Abbott Laboratories,Health Care,XLV,190965104640.0,2026-09-23,103.48999786376953,0.004952364441747736,0.014309508006863814,-0.11296820529722074,-0.12016695704077363,0.10135578863914296,False,-0.15560217314709024,0.08544015751895384,-0.08546418879489581,0.07789679564446739,0.8870317947027793,1.3820596316808254,1.3142545119942277,0.7115944704934425,1.3820596316808254,937410059.3222725,0.5030286496384117,106.80099983215332,104.20244000752767,97.36032282511393,False,False,True,False,True,False,accumulation,2,3,normal,False,False,,False,47.0,분산3일,0.022866257310353546,41.547481797685435,True,False,False,False,False,True,False,,Uptrend Under Pressure,98.83,0.0472,0.6420850490634875,0.9645151837456468,-0.24590951612994316,-0.03752936869340884,0.296181019840266,0.4907838983050848,,False,,,0,0,0.348,0.838
AGI,Alamos Gold Inc.,Materials,XLB,15325110272.0,2026-09-23,34.4900016784668,-0.020448663014120072,-0.019334561441033737,-0.09897186480452691,-0.10628420456276755,0.16443982540375313,False,-0.1422785475831565,0.14761257038411646,-0.044233547671193696,0.19800077451075726,0.8848641289986671,1.0823205653767938,1.2670426937724568,0.44405444378859343,1.0823205653767938,125581955.56026573,0.16243692174229604,36.22546310424805,32.765386486053465,36.753902737299605,False,True,True,False,False,False,distribution,0,4,normal,False,False,,False,31.0,분산4일,0.03723238942650882,46.20120436088834,True,False,False,False,False,True,False,,Uptrend Under Pressure,33.11,0.0416,0.41805821592438863,0.9411475393682374,0.008410752089205609,-0.19401417284817157,0.3639911821040078,0.49067796610169495,,False,,,0,0,0.348,0.838
GOOGL,Alphabet Inc.,Communication Services,XLC,4150228680704.0,2026-09-23,337.8299865722656,-0.03795995258808027,-0.014699473901760629,-0.02631428725981677,-0.031129696705740173,-0.08214091082411878,False,-0.06733918712899234,-0.0885368999745435,-0.03464262366793558,-0.05302400802352969,0.8945584324962716,1.3182676450926532,1.2122031665821789,0.8750206190300766,1.3182676450926532,9175470744.001675,0.030276871300803913,341.93787994384763,347.5752924601237,354.2320882161458,False,False,False,True,False,False,distribution,5,2,normal,False,False,surge,False,3.0,,0.026969426914838397,45.06692350571774,True,False,False,False,False,True,False,,Uptrend Under Pressure,349.54,-0.0335,0.4734852021657909,0.9459199931884106,0.19629012545753577,0.02324707042823193,0.6939476347078168,0.4905720338983051,,False,,,0,0,0.348,0.838
ENLT,Enlight Renewable Energy Ltd.,Utilities,XLU,10925561856.0,2026-09-23,72.51000213623047,-0.03769072853884692,0.04255929481800136,-0.0660140382427874,-0.07359384892241083,-0.1490904720958176,False,-0.11090479379809293,-0.16138691826015028,0.00810637271972836,-0.0017913480774478518,0.7915939229705997,0.5516756053610842,1.475025791446992,1.3531880883709175,0.5516756053610842,14522381.41402321,0.13149869926855728,75.86074981689453,82.20316645304362,85.15691668192545,False,False,False,True,False,False,dry_up,4,3,normal,False,False,,False,,분산3일,0.034612944759965535,40.72771495532595,False,False,True,False,False,True,False,,Uptrend Under Pressure,,,0.44928864985296685,0.8501929415105124,1.355253431826759,-0.08061201157892384,0.7395413971305699,0.4903072033898306,,False,,,0,0,0.348,0.838
CM,Canadian Imperial Bank of Comme,Financials,XLF,103068827648.0,2026-09-23,111.44999694824219,-0.04137282900057104,-0.01676225453423974,-0.030279329571853086,-0.038149147101159464,-0.07578617927546216,False,-0.07688762493768087,-0.08914194168990186,0.03150041119591562,-0.027243766578068707,0.9006788336213007,0.6803454484981248,1.2898578981775644,0.5683197879911623,0.6803454484981248,144435020.82084352,0.06176440889048458,115.03649978637695,117.04483324686686,112.9240219116211,False,False,True,True,False,False,dry_up,1,2,normal,False,False,,False,70.0,,0.02059859811595268,39.116243323403296,True,False,True,True,False,True,False,,Uptrend Under Pressure,111.1,0.0032,0.29058808311660284,0.9346486837235032,0.24574091054596758,0.04446729449597808,0.7362590799031477,0.4902542372881356,,False,,,0,0,0.348,0.838
GFI,Gold Fields Limited,Materials,XLB,41310871552.0,2026-09-23,40.81999969482422,-0.027863823216815353,-0.04870659892845319,-0.11796566083307414,-0.1251238554714964,0.21181974873874565,False,-0.16035943282985343,0.19430780908760226,-0.0643812348935503,0.24674626020547774,0.8542396180926988,0.9690796804888806,0.8812151252552611,0.5382226503160124,0.9690796804888806,160626768.00758666,0.4811316001612253,44.566671752929686,38.44356629053752,39.71064831415812,False,True,True,True,False,False,dry_up,0,1,normal,False,False,,False,28.0,,0.04058590851824664,42.955148375453874,True,False,False,False,False,True,False,,Uptrend Under Pressure,39.83,0.025,0.410027527121869,0.9411475393682374,0.023636700700176316,-0.001823288517274979,0.5403518123667377,0.49004237288135594,,False,,,0,0,0.348,0.838
JAZZ,Jazz Pharmaceuticals plc,Health Care,XLV,16272785408.0,2026-09-23,234.8800048828125,-0.027250897242175887,-0.024706211447924953,-0.07698351964442407,-0.08447430693859803,-0.03527798559623807,False,-0.12134704210594427,-0.04921912965990893,-0.048363733229525696,-0.0558266649704765,0.8977907242051688,0.7093538770715575,0.8377272889666978,1.1968215632651207,0.7093538770715575,275566775.825,0.33795668604514467,244.9185012817383,247.87733408610026,233.13941701253256,False,False,True,True,False,False,dry_up,0,2,normal,False,False,,False,34.0,,0.025037110329016517,38.21030140073049,True,False,False,False,False,True,False,,Uptrend Under Pressure,261.62,-0.1022,0.32780981482993493,0.9645151837456468,0.7037432343188896,0.1906487422052543,0.9133235155939432,0.48903601694915255,,False,,,0,0,0.348,0.838
PAC,Grupo Aeroportuario Del Pacific,Industrials,XLI,12259755008.0,2026-09-23,207.41000366210938,-0.0028365208552434407,0.022832650708572766,0.009736624138763528,0.0015420550974318825,-0.1327342469860635,False,-0.03879498321449082,-0.14526705604788193,0.05972004869459435,-0.05768310758467954,0.9104916632287503,1.126916191376472,1.3381013435955478,0.6162637929797419,1.126916191376472,27717234.936940003,0.3733157030238421,206.27199935913086,217.45733337402345,231.4427500406901,True,False,False,False,False,False,distribution,2,2,normal,False,False,,False,,,0.025641085735229538,49.383321055469764,False,True,True,True,False,True,False,,Uptrend Under Pressure,,,0.31444862889389136,0.9144666488821164,-0.2713357248760443,-0.22354890648450398,0.1257363304542662,0.4888241525423729,,False,,,0,0,0.348,0.838
NU,Nu Holdings Ltd.,Financials,XLF,70286524416.0,2026-09-23,13.619999885559082,-0.03129448939729207,-0.04016911287384417,-0.07723579442038508,-0.08472453436575578,-0.03025377103331295,False,-0.12158719164045173,-0.04426751974161991,-0.01844759370551885,0.02068013690298942,0.8686224247752905,0.9063644546276234,1.068278596267394,0.7489439897644101,0.9063644546276234,1012394450.8418691,0.08695580062389688,14.625000047683717,14.255166657765706,13.870750006039938,False,False,True,True,True,False,dry_up,2,2,normal,False,False,,False,26.0,,0.039060200666721785,40.07638313170789,True,False,False,False,False,True,False,,Uptrend Under Pressure,15.23,-0.1057,0.3640292518495117,0.9346486837235032,-0.22488505604944498,-0.15211443115123435,0.19390336453326587,0.4886122881355933,,False,,,0,0,0.348,0.838
ADP,"Automatic Data Processing, Inc.",Industrials,XLI,113680711680.0,2026-09-23,263.67999267578125,-0.02319037456104278,-0.04646875984609333,-0.06233876982850983,-0.0699484073362846,0.028814376300697164,False,-0.10740617212449544,0.013947037087288505,-0.015923181607988446,0.11784555377491102,0.923081574502195,1.2085678543839742,1.4263507858100246,0.37110801209445765,1.2085678543839742,612238286.15065,0.16432355512884256,274.95972137451173,262.69195022583006,236.70232327779135,False,True,True,True,True,False,distribution,2,5,normal,False,False,,False,30.0,분산5일,0.020823596751052494,41.30146133036773,True,False,False,True,False,True,False,,Uptrend Under Pressure,271.94,-0.0304,0.4302392456458126,0.9144666488821164,-0.15471579153125525,0.1518123189745093,0.4891032127498103,0.4884004237288136,,False,,,0,0,0.348,0.838
PR,Permian Resources Corporation,Energy,XLE,19506704384.0,2026-09-23,21.68000030517578,-0.013199773201742149,-0.1089190146666722,-0.0788276455019058,-0.08630346669868483,0.08257117845732842,False,-0.1231025325808065,0.06692700269196128,-0.07340588616461574,0.005881335236464391,0.8910809853333278,1.0487519195434938,1.4677672789126581,0.6657034707453431,1.0487519195434938,247621993.9762718,0.5267863529075173,23.159210872650146,21.33403959274292,20.599193827311197,False,True,True,True,True,False,distribution,2,4,normal,False,False,,False,23.0,분산4일,0.03218010393202632,40.60402574175183,True,False,False,False,False,True,False,,Uptrend Under Pressure,22.87,-0.052,0.3517114241302943,0.9516263576747145,0.584037446548755,0.02653143207699049,0.7979798344837554,0.4871292372881356,,False,,,0,0,0.348,0.838
AR,Antero Resources Corporation,Energy,XLE,11830252544.0,2026-09-23,35.650001525878906,0.049764501971937936,-0.0818954456662565,-0.05936675222726984,-0.0670005092953766,0.012204508761091803,False,-0.1045770004771629,-0.002422802182213468,-0.053830451589094386,-0.059500527017670946,0.8955036497385529,1.4938040149525085,1.4270157725614343,0.7771664669747628,1.4938040149525085,140380206.17270812,0.5794118637031718,37.945000076293944,36.224666659037275,36.55524994532267,False,False,True,False,False,False,accumulation,3,5,normal,False,False,,False,128.0,분산5일,0.0344920922269176,41.827477871483374,True,False,False,False,False,True,False,,Uptrend Under Pressure,43.3,-0.1767,0.268904532621484,0.9516263576747145,0.028860865574054317,-0.23897054867955703,0.3547911170539554,0.4867055084745763,,False,,,0,0,0.348,0.838
MDLN,Medline Inc.,Health Care,XLV,47130525696.0,2026-09-23,34.29999923706055,0.07321652752251628,0.06820300794397927,-0.011527421241619096,-0.019549420838798626,-0.17731882326002835,False,-0.05903700138849899,-0.1892073430949267,0.019121949255157533,-0.19484201799970557,0.8158895930088325,1.0753674239522188,1.4683827726599732,1.148678858906452,1.0753674239522188,270096178.9616472,0.6184190052652977,34.05699977874756,36.86491667429606,38.59329153696696,True,False,False,False,False,False,accumulation,3,4,normal,False,False,,False,,분산4일,0.041711785141246994,50.425948383094656,True,False,True,False,False,True,False,,Uptrend Under Pressure,,,0.4025067849342571,0.9645151837456468,,-0.3114925872277715,,0.4865466101694916,,False,,,0,0,0.348,0.838
DIS,Walt Disney Company (The),Communication Services,XLC,185705168896.0,2026-09-23,103.45999908447266,-0.007387549147667927,-0.027814312492033255,-0.06464154675368261,-0.07223249595794434,0.04894024804692654,False,-0.10959826923189897,0.03378207098258068,-0.06970194755319747,0.0649113691008909,0.9299775198604284,1.0055864824094802,1.2863667437055473,0.5685960941355168,1.0055864824094802,864711353.5219948,0.39425425194121183,106.46699981689453,102.00450032552084,101.66289901733398,False,True,True,True,True,False,distribution,2,4,normal,False,False,,False,30.0,분산4일,0.021999518714587225,45.38222513605554,True,False,False,True,False,True,False,,Uptrend Under Pressure,103.18,0.0027,0.4053123568155142,0.9459199931884106,-0.1737513315747714,-0.05342594160700764,0.321225290014817,0.4844279661016949,,False,,,0,0,0.348,0.838
TSCO,Tractor Supply Company,Consumer Discretionary,XLY,18184300544.0,2026-09-23,32.290000915527344,-0.0012372692007991404,-0.022403811417436637,-0.1010578351464474,-0.10835324610605246,0.04646760978625397,False,-0.1442642586186751,0.03134516467960613,-0.04101985472946035,0.1250636945090713,0.892480828747637,1.1880192826304992,1.1680793618381986,0.6098640068934319,1.1880192826304992,297540513.78281975,0.3010779592606873,33.94900016784668,32.71248744328817,33.47918909390767,False,False,True,False,False,False,distribution,2,4,normal,False,False,,False,24.0,분산4일,0.0330044761048538,38.91042483029831,True,False,False,False,False,True,False,,Uptrend Under Pressure,34.48,-0.0636,0.4506485160967048,0.8941366305950827,-0.4873781367352943,-0.3408163066012433,0.03147790105164251,0.4840572033898306,,False,,,0,0,0.348,0.838
FOX,Fox Corporation,Communication Services,XLC,25318744064.0,2026-09-23,56.959999084472656,-0.01623492947553906,-0.05601592740417438,-0.07060872340702318,-0.07815124568499687,0.10938327618956145,False,-0.11527864171529634,0.09335164029417409,-0.07563684106909208,0.12627470030285814,0.9130836090001927,0.7556098626471295,1.4777514061403771,0.4436610937867986,0.7556098626471295,77438356.1599144,0.5909088938691821,59.33812408447265,54.999991226196286,55.29311482111613,False,True,True,True,False,False,dry_up,1,2,normal,False,False,,False,92.0,,0.028553878208325296,44.675856568593964,True,False,False,True,False,True,False,,Uptrend Under Pressure,60.88,-0.0644,0.35016249951067285,0.9459199931884106,-0.032753256537557895,0.009460429453979957,0.5036184091648296,0.4840042372881357,,False,,,0,0,0.348,0.838
DRS,"Leonardo DRS, Inc.",Industrials,XLI,10141878272.0,2026-09-23,37.40999984741211,-0.014229272850362795,0.014370899239346535,-0.041015086976763815,-0.04879777791962925,-0.1583833817028475,False,-0.087107382872473,-0.17054553654836702,0.006456054412369072,-0.08555185812102573,0.761729068136208,0.6858921425580203,1.432814860574596,1.3116645806883047,0.6858921425580203,38568661.489561275,0.7986564122520456,37.27150001525879,42.12378838857015,43.25609855651855,True,False,False,False,False,False,dry_up,4,1,normal,False,False,,False,136.0,,0.02748502720027601,40.22296057410439,False,False,True,False,True,True,False,,Uptrend Under Pressure,47.13,-0.2062,0.4916478384088416,0.9144666488821164,-0.14839189374229156,-0.21422765555902745,0.20758013805066672,0.483156779661017,,False,,,0,0,0.348,0.838
MSCI,MSCI Inc.,Financials,XLF,41485529088.0,2026-09-23,555.7000122070312,-0.005849971675545462,0.020381999850718202,-0.027408242694656915,-0.03530136067585976,-0.12483965109764439,False,-0.07415453291743068,-0.13748654452465991,0.034554411574291954,-0.07887367019561786,0.8751607778007299,1.2306900362858253,1.2989215186551535,0.7549131616937234,1.2306900362858253,275862094.70596313,0.6715640389076554,558.7074981689453,572.7890472412109,576.9625996907552,False,False,False,True,False,False,distribution,2,4,normal,False,False,,False,79.0,분산4일,0.023299820092294744,47.548591040361586,True,False,True,False,False,True,False,,Uptrend Under Pressure,629.13,-0.1167,0.5409216053512569,0.9346486837235032,-0.12218974870808885,-0.12161715153518149,0.31076578367243685,0.481885593220339,,False,,,0,0,0.348,0.838
BNY,The Bank of New York Mellon Cor,Financials,XLF,109429145600.0,2026-09-23,149.50999450683594,-0.028461920203939672,-0.03336137404277417,-0.07789567614627013,-0.08537906078785906,-0.034189160211592684,False,-0.12221535705531605,-0.048146038830213955,-0.019149515704655617,0.016538049576150016,0.9070007148044877,1.0831739161850011,1.430553529994125,0.7299033085305663,1.0831739161850011,553190083.9918144,0.09900591215365556,159.55449905395508,157.34092356363934,146.56596978505453,False,False,True,True,True,False,distribution,3,6,normal,False,False,,False,48.0,분산6일,0.022301420063090036,29.16179705365201,True,False,False,True,False,True,False,,Uptrend Under Pressure,161.71,-0.0754,0.41142645916047416,0.9346486837235032,0.27512527627530625,0.17205938709243918,0.8274420873839037,0.48082627118644067,,False,,,0,0,0.348,0.838
VRT,"Vertiv Holdings, LLC",Industrials,XLI,99604135936.0,2026-09-23,248.77999877929688,-0.008291484596962273,0.060398099535745375,-0.024277375423660708,-0.032195902117787334,-0.2083593299725346,False,-0.07117414649207177,-0.21979928517489922,0.02402230691630214,-0.13985260746497408,0.8168236950346438,0.6567847254792899,0.9903654866206753,1.2422139804890269,0.6567847254792899,1372467786.8706346,0.04260167598425662,256.36252212524414,276.5251739501953,296.74911270141604,False,False,False,False,False,False,dry_up,2,4,normal,False,False,,False,136.0,분산4일,0.057008178594072624,45.01549183560738,True,False,True,False,False,True,False,,Uptrend Under Pressure,264.23,-0.0585,0.36059694402002984,0.9144666488821164,0.5694166013701079,-0.12627533559108828,0.6585567923096383,0.4807733050847458,,False,,,0,0,0.348,0.838
UL,Unilever PLC,Consumer Staples,XLP,139639193600.0,2026-09-23,62.15999984741211,-0.0001608222909389445,-0.004484285481343719,-0.04837721773079706,-0.05610016092626702,-0.007651095953540077,False,-0.0941156628990032,-0.021991474659718735,0.0029803504601504383,0.039445376185018644,0.9373837105754977,0.5625239811557622,0.635324789939753,0.34876922430437374,0.5625239811557622,226304613.37141666,0.16842075675502033,63.416999435424806,62.58061955769857,59.766427230834964,False,False,True,True,True,False,dry_up,1,0,normal,False,False,,False,39.0,,0.013525018306154653,44.93406367767647,True,False,True,True,False,True,False,,Uptrend Under Pressure,66.31,-0.0626,0.6404530073170327,0.9334307577070513,-0.17212866542037686,-0.08716527390809736,0.2850086733403202,0.4798199152542373,,False,,,0,0,0.348,0.838
MSI,"Motorola Solutions, Inc.",Information Technology,XLK,80314138624.0,2026-09-23,460.44000244140625,-0.001994067408024547,-0.016006647044667366,-0.041305330094496995,-0.04908566555454641,0.07474527302418932,False,-0.08738367585242757,0.05921418898207831,-0.11737595569824733,0.023548032085940696,0.9397252706015128,0.8719125437377263,1.0279552157075613,0.49315279156408703,0.8719125437377263,437813421.86029357,0.3533988640195036,470.97009429931643,447.6941380818685,432.1142514546712,False,True,True,True,True,False,dry_up,1,2,normal,False,False,,False,23.0,,0.020100758833085056,47.05677820002355,True,False,False,True,False,True,False,,Uptrend Under Pressure,479.6,-0.0399,0.6225364597168089,0.9878468725697951,-0.12486441188330899,-0.09905603460097856,0.32535596834230784,0.4795550847457627,,False,,,0,0,0.348,0.838
DOC,"Healthpeak Properties, Inc.",Real Estate,XLRE,14760282112.0,2026-09-23,20.479999542236328,-0.011583000920443065,0.01587300085546861,-0.048385375714059875,-0.05610825270300057,-0.06928705280808689,False,-0.09412342877997804,-0.0827367337368935,0.022385946310749416,0.01307551281214292,0.906437694183863,1.511199183102965,1.4666963275811533,0.554988118100532,1.511199183102965,99139608.59013481,0.21568444121980956,20.644331073760988,21.15624122619629,19.654930480321248,False,False,True,True,False,False,distribution,3,3,interest,False,False,surge,False,3.0,분산3일,0.018854884752133164,46.40227257293516,True,False,True,True,False,True,False,,Uptrend Under Pressure,20.5,-0.001,0.4515750044917061,0.917022007899457,0.058945377708182534,0.09165203637915131,0.6537150807704817,0.4789194915254238,,False,,,0,0,0.348,0.838
AFL,AFLAC Incorporated,Financials,XLF,58080620544.0,2026-09-23,115.2300033569336,0.0004341296373095993,-0.019736279324490624,-0.025126849982991972,-0.033038482723033,-0.0858157046378687,False,-0.07198279222061232,-0.09902653094026814,0.036981149079168274,-0.03780007194352619,0.8939431514869708,0.8083224064833848,1.2464486125569776,0.5350965386300569,0.8083224064833848,275034532.202808,0.5613211790998046,116.28849983215332,120.11813087463379,117.10739180246989,False,False,False,True,False,False,weak_rally,1,2,normal,False,False,,False,46.0,,0.015825485926377596,40.85023204950051,True,False,True,False,False,True,False,,Uptrend Under Pressure,124.1,-0.0714,0.44141197476548455,0.9346486837235032,-0.05715579942446658,-0.06138014308801487,0.42275577319215063,0.4779661016949153,,False,,,0,0,0.348,0.838
BWA,BorgWarner Inc.,Consumer Discretionary,XLY,13067234304.0,2026-09-23,60.54999923706055,-0.043746059240586055,-0.031045005429640615,-0.05669885167093325,-0.06435426022199286,-0.07149183939502379,False,-0.10203732890565509,-0.08490965907574088,0.006301748462144596,-0.0017552270295039252,0.8685387840668565,1.3245397154461145,1.497109156327053,0.6555310220870847,1.3245397154461145,125517901.97690849,0.6106669108072916,64.37473087310791,64.82885684967042,63.90717814763387,False,False,False,True,False,False,distribution,1,4,normal,False,False,,False,33.0,분산4일,0.03225788959460464,36.91085573861101,True,False,True,False,False,True,False,,Uptrend Under Pressure,66.6,-0.0909,0.37318457289177354,0.8941366305950827,0.3299427363654368,0.07191172480433528,0.7936657511474107,0.476271186440678,,False,,,0,0,0.348,0.838
TRI,Thomson Reuters Corp,Industrials,XLI,46493663232.0,2026-09-23,98.44999694824219,0.03164619756270315,-0.040541892967201676,-0.09362921691382364,-0.10098491520334585,0.022888533716098003,False,-0.13719268674311524,0.008106828523616771,-0.04876255111902994,0.11140690270416798,0.8809054676666526,1.270000983440453,1.2183312923303307,0.6337374261228556,1.270000983440453,161572749.82733688,0.8946102707108214,102.05799980163575,98.18631070454916,91.87174676259359,False,True,True,True,True,False,accumulation,2,1,normal,False,False,,False,24.0,,0.04469635230239004,47.24902547882988,True,False,False,False,False,True,False,,Uptrend Under Pressure,100.24,-0.0178,0.3668624800935079,0.9144666488821164,-0.41824109314328606,0.01895695685196319,0.2722371797188392,0.47590042372881364,,False,,,0,0,0.348,0.838
RIO,Rio Tinto Plc,Materials,XLB,166701826048.0,2026-09-23,95.25,-0.01844601090931075,-0.020666276908107517,-0.09112598066472699,-0.09850199409562344,0.054459073836662375,False,-0.1348097651145339,0.03922114452840764,-0.035911018599387834,0.08485020830355561,0.8917704538636266,1.5018598754880388,0.9777825044643031,0.5415608631156745,1.5018598754880388,178358867.26607665,0.3425945548820978,100.90599975585937,96.1189697265625,97.77227923075358,False,False,True,True,False,False,distribution,0,3,interest,False,False,,False,38.0,분산3일,0.023509571603232214,38.466498517382846,True,False,False,False,False,True,False,,Uptrend Under Pressure,91.65,0.0393,0.3936381791761942,0.9411475393682374,0.5244492076614413,0.07023158298784749,0.8290791803693398,0.47478813559322036,,False,,,0,0,0.348,0.838
FCNCA,"First Citizens BancShares, Inc.",Financials,XLF,24442828800.0,2026-09-23,2039.3199462890625,-0.038840962298831605,-0.05605390616877681,-0.06583912385161195,-0.07342035405789271,-0.0575373940915449,False,-0.1107382864274713,-0.07115686868362503,-0.006324854924707246,-0.00803650182831983,0.8900157885405328,1.1338083278114657,1.2034681124472388,0.7114936690443745,1.1338083278114657,141385495.26306763,0.004039654374687338,2151.168878173828,2156.655623372396,2079.0302876790365,False,False,True,True,False,False,distribution,1,4,normal,False,False,,False,42.0,분산4일,0.026789725329133877,34.56749205532259,True,False,False,False,False,True,False,,Uptrend Under Pressure,2212.77,-0.0784,0.39427945270466996,0.9346486837235032,0.008686980339822403,0.005122870412373581,0.5341223663763507,0.47341101694915255,,False,,,0,0,0.348,0.838
APG,APi Group Corporation,Industrials,XLI,16962291712.0,2026-09-23,37.81999969482422,0.009610267462627498,0.022991572790241,-0.07121810999368217,-0.07875568676375022,-0.11085891908263612,False,-0.11585873897061583,-0.1237078472888179,-0.025242061964772633,-0.03391474023143459,0.8457065890533887,0.6224360936203979,1.2174172453075747,1.398906385996583,0.6224360936203979,143121384.81991768,0.47887407184534875,38.71599979400635,40.40616671244303,42.07925004959107,False,False,False,False,False,False,weak_rally,2,2,normal,False,False,,False,108.0,,0.033967304496619465,40.52767714130147,True,False,False,False,False,True,False,,Uptrend Under Pressure,46.75,-0.191,0.30315118936885627,0.9144666488821164,0.012387525454795822,-0.1524762781457094,0.3911342199414549,0.472563559322034,,False,,,0,0,0.348,0.838
SGI,Somnigroup International Inc.,Consumer Discretionary,XLY,13621165056.0,2026-09-23,62.869998931884766,-0.007733612275040658,-0.03824389948993823,-0.02239152046922377,-0.03032535191535879,-0.14507053580911655,False,-0.06937893257212424,-0.15742507384868665,0.04290037598899943,-0.08086013123357094,0.838084122913904,0.7690421600075568,0.8968650889528572,0.7299439320541268,0.7690421600075568,262956225.6026762,0.28726261488044164,65.61850051879883,68.4209800084432,70.62583080927531,False,False,False,False,False,False,dry_up,0,2,normal,False,False,,False,108.0,,0.03923629740375127,40.49862085347431,True,False,True,False,False,True,False,,Uptrend Under Pressure,84.57,-0.2566,0.35751543313440265,0.8941366305950827,-0.343934971974142,-0.27079039846585773,0.07447779263488852,0.47155720338983054,,False,,,0,0,0.348,0.838
PPG,"PPG Industries, Inc.",Materials,XLB,24935391232.0,2026-09-23,107.19999694824219,0.02163343787729355,0.022023048641772736,-0.05325449288986672,-0.060937854310179396,-0.07776385038382627,False,-0.09875851851012818,-0.09109103358329995,0.004261198117395892,-0.05118358422780056,0.9009917122514106,1.03154655998309,1.2748982763252974,0.7479315361111862,1.03154655998309,174637795.6847641,0.6036717235634301,108.84349975585937,113.498126856486,111.77065664927164,False,False,False,True,False,False,accumulation,3,5,normal,False,False,,False,62.0,분산5일,0.02510327591610537,43.825458503028365,True,False,True,True,False,True,False,,Uptrend Under Pressure,120.23,-0.1084,0.46052757630710794,0.9411475393682374,-0.08391819092874664,-0.037561071915544475,0.42113042535506484,0.4701271186440678,,False,,,0,0,0.348,0.838
HL,Hecla Mining Company,Materials,XLB,13348039680.0,2026-09-23,18.270000457763672,-0.03993695225745175,0.015564240700827181,-0.12650601750427326,-0.13082592393735604,0.15153918454930837,False,-0.16330947749072644,0.14351482414636307,-0.04982220887350042,0.19988972876407618,0.8525431730092461,1.9247307632459971,1.5301574744428676,0.47243707200661744,1.9247307632459971,696338581.5917673,0.661291215721502,19.714000129699706,17.54506804148356,17.55717879931132,False,True,True,True,False,False,distribution,2,5,interest,False,False,,False,24.0,분산5일,0.0544217825561764,45.27081888661171,True,False,False,False,False,True,False,,Uptrend Under Pressure,20.54,-0.1103,0.39284103442558194,0.9411475393682374,0.5747527863579047,-0.028878036026507736,0.7486032308192693,0.4691207627118645,,False,,,0,0,0.348,0.838
AZO,"AutoZone, Inc.",Consumer Discretionary,XLY,48833056768.0,2026-09-23,2843.340087890625,0.014301288822126113,-0.005912039894895527,-0.05519294511589756,-0.06286057492836328,-0.10118263251646131,False,-0.10060380168587624,-0.11417139220052619,0.007908230551175732,-0.033675979367870035,0.9048969847543901,1.854702897761881,1.2962825163638803,0.8028064871512388,1.854702897761881,1024784565.4115479,0.5014963096321062,2920.2685302734376,3005.4973388671874,3166.4511678059894,False,False,False,False,False,False,accumulation,3,3,interest,True,False,surge,False,56.0,분산3일,0.024954054466764963,40.91660933940841,True,False,True,True,False,True,False,,Uptrend Under Pressure,3159.28,-0.1,0.3718064369593334,0.8941366305950827,-0.38585440413190286,-0.24693585391040562,0.07058292074735283,0.46896186440677967,,False,,,0,0,0.348,0.838
TFC,Truist Financial Corporation,Financials,XLF,60568231936.0,2026-09-23,47.0,-0.04081632653061229,-0.06856914679448245,-0.07498526412742423,-0.08249226836610102,-0.11070739077899405,False,-0.11944483000246842,-0.1235585087122466,-0.016053684827023962,-0.06399914223570125,0.8851224359809727,0.8687299112601982,1.5315416334317835,1.4314858635005003,0.8687299112601982,357547576.4552719,0.028036250329775324,49.91150016784668,50.878031476338705,49.666143608093265,False,False,True,True,False,False,dry_up,5,1,normal,False,False,,False,61.0,,0.025805487821167365,31.105773767553245,True,False,False,False,True,True,False,,Uptrend Under Pressure,50.17,-0.0632,0.2496401369032355,0.9346486837235032,-0.01717819194061032,-0.020743665105110054,0.4880136243720863,0.46811440677966104,,False,,,0,0,0.348,0.838
KLAC,KLA Corporation,Information Technology,XLK,229233639424.0,2026-09-23,187.86000061035156,0.02114474840374503,0.11808115601353109,0.034642248347223736,0.026245556443142748,-0.17636906793510643,False,-0.015086413709284097,-0.18827131263127284,-0.04745467529125014,-0.21560406838732182,0.816392485572246,0.929971596970141,1.1597022696445713,1.3486522552725064,0.929971596970141,1693252306.1095726,0.9776715639153004,177.77999954223634,199.7193733215332,197.42024714152018,True,False,False,True,False,False,weak_rally,3,2,normal,False,False,,False,64.0,,0.042037388198725725,54.25980029718221,True,True,False,False,False,True,False,,Uptrend Under Pressure,268.86,-0.3013,0.3806833551655246,0.9878468725697951,0.5219908946031766,0.04173319471315651,0.802592063893607,0.4675847457627119,,False,,,0,0,0.348,0.838
FLEX,Flex Ltd.,Information Technology,XLK,40357273600.0,2026-09-23,112.30000305175781,0.006182263575243319,0.039814843071831696,0.05297704120996105,0.04443155235984464,-0.15596683451271276,False,0.0023671424558375787,-0.16816391074699655,-0.030574713885457294,-0.19617372857211346,0.8492135389208145,1.18744545724452,1.3672355077000695,0.9670038909345697,1.18744545724452,362816603.6612404,0.1540352742568809,110.13850021362305,120.35850028991699,120.16091696421306,True,False,False,True,False,False,accumulation,3,3,normal,False,False,,False,79.0,분산3일,0.04562396245914838,49.60272425490518,True,True,False,False,False,True,False,,Uptrend Under Pressure,150.78,-0.2552,0.4128616859763028,0.9878468725697951,0.6188860871724802,0.44974278473056484,0.9380587980195874,0.4664194915254237,,False,,,0,0,0.348,0.838
ONTO,Onto Innovation Inc.,Information Technology,XLK,16332792832.0,2026-09-23,282.30999755859375,0.022936395102104656,0.15624997265842033,-0.0021208373537481284,-0.010219176561940602,-0.09676179943519003,False,-0.050082532066811125,-0.10981444433172782,-0.08130067903048244,-0.13978902173580476,0.8039355126281296,0.6985912082956514,1.03029075294874,1.0466229563082416,0.6985912082956514,245008856.8441162,0.7146168189006114,268.2440010070801,288.2294995625814,284.2455832163493,True,False,False,True,False,False,weak_rally,1,1,normal,False,False,,False,56.0,,0.05245373347826083,53.10010755814006,True,False,False,False,False,True,False,,Uptrend Under Pressure,307.58,-0.0822,0.45011550659753835,0.9878468725697951,1.0555910297521915,0.19365131207380282,0.9369746304795634,0.463718220338983,,False,,,0,0,0.348,0.838
LYB,LyondellBasell Industries NV,Materials,XLB,21023309824.0,2026-09-23,59.970001220703125,-0.004482079187261845,-0.08344794526985122,-0.08021466215237394,-0.08767922694482733,0.011175074986135014,False,-0.12442288417638447,-0.0034373596670612683,-0.02433682709812135,0.04031869794502341,0.8897075202607869,0.8142139516501781,1.271296598946057,0.5286578936547087,0.8142139516501781,225472627.6793045,0.49242551223882325,63.67800025939941,60.820808219909665,64.57096255620321,False,False,True,False,False,False,dry_up,1,5,normal,False,False,,False,25.0,분산5일,0.03614902888472463,39.075825451405194,True,False,False,False,False,True,False,,Uptrend Under Pressure,64.07,-0.064,0.3596582589374715,0.9411475393682374,0.17437636784883614,-0.18492381385431833,0.5008456506812187,0.4600635593220339,,False,,,0,0,0.348,0.838
KGC,Kinross Gold Corporation,Materials,XLB,36393865216.0,2026-09-23,27.6200008392334,-0.006117310928153263,-0.014978604228980896,-0.1625227039842304,-0.16931929366780507,0.14645359216587495,False,-0.2027749027515764,0.12988625520033947,-0.11164516084143783,0.17949615033059607,0.8249701677680636,0.9743142000760914,0.8828410362930151,0.5984086022155615,0.9743142000760914,220813912.56700468,0.5593235681103291,29.84350004196167,26.783450444539387,28.1508740901947,False,True,True,True,False,False,dry_up,1,0,normal,False,False,,False,19.0,,0.03910209104457226,42.911835121333255,True,False,False,False,False,True,False,,Uptrend Under Pressure,33.48,-0.175,0.4620773875902164,0.9411475393682374,0.20364472614851659,0.008410726116428124,0.6861371110548949,0.4596398305084746,,False,,,0,0,0.348,0.838
TME,Tencent Music Entertainment Gro,Communication Services,XLC,13550859264.0,2026-09-23,8.220000267028809,0.006119974329001909,0.04182514653073155,-0.05080826652840953,-0.05851148042344734,-0.09393230914239936,False,-0.09642986666704878,-0.10702584284546335,-0.05594350702394579,-0.08013655976514289,0.8303030892691213,0.9485208919034105,1.0366702932724234,1.2332363855651125,0.9485208919034105,72858240.43397975,0.7164971512562492,8.18700008392334,8.732833337783813,8.94258333047231,True,False,False,False,False,False,weak_rally,1,1,normal,False,False,,False,30.0,,0.024669791936082278,47.67607944597951,True,False,False,False,False,True,False,,Uptrend Under Pressure,9.9,-0.1697,0.46679408489204355,0.9459199931884106,-0.690652194339167,-0.22627650183113723,0.04322847023960103,0.45963983050847457,,False,,,0,0,0.348,0.838
BMY,Bristol-Myers Squibb Company,Health Care,XLV,136473755648.0,2026-09-23,61.150001525878906,-0.023474887114017018,-0.04048325803999975,-0.09111173253029647,-0.0984878615926541,0.0029942461418153155,False,-0.1347962017971629,-0.011499967809690648,-0.06293001677158183,-0.018369635754164615,0.8980761464933468,1.5174374076831634,1.6758796660981452,0.8115854644943629,1.5174374076831634,614951909.9180588,0.04761950895787365,65.14549980163574,63.05238622029622,59.90023209253947,False,False,True,True,True,False,distribution,1,4,interest,False,False,,False,31.0,분산4일,0.02138182991428753,32.8907127431645,True,False,False,False,False,True,False,,Uptrend Under Pressure,64.72,-0.0552,0.5247154842332432,0.9645151837456468,0.3409525645966398,0.025417208185880558,0.7561942105453363,0.45868644067796616,,False,,,0,0,0.348,0.838
RBA,"RB Global, Inc.",Industrials,XLI,15664216064.0,2026-09-23,82.83000183105469,-0.010394207274887712,-0.0380907996289408,-0.010866922091343323,-0.018894282003043883,-0.255960100620383,False,-0.058408248224901316,-0.2667121797390306,0.0380965971010927,-0.19157263689952053,0.7132380369128333,0.5086436660865654,1.255103826178282,0.9243077691542728,0.5086436660865654,148721486.41083223,0.5178892582702055,83.76799964904785,96.78496030171712,100.52194360097249,False,False,False,False,False,False,dry_up,2,3,normal,False,False,,False,61.0,분산3일,0.025775670883656794,39.42954965473413,True,False,True,False,False,True,False,,Uptrend Under Pressure,115.05,-0.28,0.6511799206828192,0.9144666488821164,-0.3689880517756773,-0.23360794242582472,0.07993747967185863,0.4584745762711865,,False,,,0,0,0.348,0.838
GWW,"W.W. Grainger, Inc.",Industrials,XLI,61678215168.0,2026-09-23,1270.6700439453125,-0.0055721166228619445,0.000897981632674627,-0.03875480711293422,-0.04655584147224512,-0.10958962658322025,False,-0.08495574026338637,-0.12245689726457021,0.008828221401363745,-0.032535606143112794,0.9080772088112024,1.2781666359986839,1.1276796277526386,0.6674546718251377,1.2781666359986839,315094263.09107053,0.5913310544672138,1290.3900024414063,1325.731884765625,1275.2145467122396,False,False,False,True,False,False,distribution,3,6,normal,False,False,,False,62.0,분산6일,0.01925082916350461,42.66725154015122,True,False,True,True,False,True,False,,Uptrend Under Pressure,1339.95,-0.0517,0.39554995197718695,0.9144666488821164,0.15164949459736388,0.06661971449819415,0.699676556683893,0.458156779661017,,False,,,0,0,0.348,0.838
TLN,Talen Energy Corporation,Utilities,XLU,14171121664.0,2026-09-23,300.3399963378906,0.0012334403963123464,0.0644692639904143,-0.017002985785432023,-0.024980548159456606,-0.26246299662613637,False,-0.06424939042483302,-0.2731211027570283,0.06100690478233406,-0.13478954725757208,0.7506248125638579,1.2111196212719317,1.1504994427926347,0.8537458864102782,1.2111196212719317,229421201.0961792,0.8528375809186931,302.02975006103514,338.11400095621747,351.9715835571289,False,False,False,False,False,False,accumulation,2,4,normal,False,False,,False,60.0,분산4일,0.04351283575843023,44.31962002269213,True,False,True,False,False,True,False,,Uptrend Under Pressure,404.09,-0.2567,0.4125802694709883,0.8501929415105124,-0.3617819665639286,-0.1368567411278594,0.14500018069459,0.45805084745762714,,False,,,0,0,0.348,0.838
ON,ON Semiconductor Corporation,Information Technology,XLK,28844615680.0,2026-09-23,74.0999984741211,0.03318456794352298,0.012295103325144607,0.03016819351784661,0.021807811033784263,-0.20192553387002732,False,-0.019345429223392774,-0.2134584635012967,-0.051573722253638876,-0.2399431104574059,0.7905686100526488,0.8884421914264927,1.506304953511047,1.4947965708101498,0.8884421914264927,736348670.3980408,0.83259728299959,72.208500289917,81.15983352661132,92.02749999364217,True,False,False,True,False,False,weak_rally,5,3,normal,False,False,,False,65.0,분산3일,0.049161358608834964,49.603881730671986,True,True,False,False,False,True,False,,Uptrend Under Pressure,121.62,-0.3907,0.2669007837430228,0.9878468725697951,0.24915169392336756,0.05782518847083851,0.7500343319721008,0.4579449152542373,,False,,,0,0,0.348,0.838
ED,"Consolidated Edison, Inc.",Utilities,XLU,39579058176.0,2026-09-23,102.61000061035156,-0.012035432242000321,-0.024990472318542123,-0.04734935026896958,-0.05508063517521811,-0.09953449827252214,False,-0.09313719847840052,-0.11254707505269135,0.02825227604340408,0.056343154125977346,0.9154195324650574,0.934477259613956,1.0897275787050476,0.49474251773799705,0.934477259613956,209697051.22501603,0.17881052349698615,106.60599937438965,108.44634399414062,107.87050685882568,False,False,False,False,False,False,dry_up,0,1,normal,False,False,,False,142.0,,0.015739228280061267,33.681280928825714,True,False,True,True,False,True,False,,Uptrend Under Pressure,110.68,-0.0729,0.35906488317888097,0.8501929415105124,-0.019460465967465423,-0.15404210189338152,0.3636370207076,0.45725635593220343,,False,,,0,0,0.348,0.838
MA,Mastercard Incorporated,Financials,XLF,516241391616.0,2026-09-23,559.9199829101562,-0.013617618552708266,-0.023287519260138168,-0.06658220820980154,-0.07415740787709713,0.013527258544788534,False,-0.111445655454118,-0.0011191673819205272,-0.007115280296054127,0.06676067419071474,0.9334177917901985,1.0903500096504302,1.163258743266873,0.2726359180631106,1.0903500096504302,1525072971.1714234,0.49260034421945054,577.7634979248047,560.4573069254558,528.8694760640462,False,False,True,True,True,False,distribution,0,2,normal,False,False,,False,37.0,,0.015035317543327101,40.88533758221058,True,False,False,True,False,True,False,,Uptrend Under Pressure,577.35,-0.0302,0.5604699143018439,0.9346486837235032,-0.1402260873505896,-0.006018213202985345,0.38984857793357663,0.4561440677966102,,False,,,0,0,0.348,0.838
CGNX,Cognex Corporation,Information Technology,XLK,10254924800.0,2026-09-23,58.189998626708984,-0.06130025728129318,-0.01622997251741254,-0.005978856907149832,-0.014045886161006438,-0.1125615689874675,False,-0.053755121196426225,-0.1253858922947677,-0.08485257196168461,-0.15483614354089958,0.8147606447897471,1.258230723089923,1.0705190830297648,1.1484945707346927,1.258230723089923,88039608.4260786,0.3571416594355086,61.03700008392334,63.29506219228109,61.75987192789714,False,False,False,True,False,False,distribution,2,3,normal,False,False,,False,34.0,분산3일,0.038543685036979095,41.490460568937685,True,False,False,False,False,True,False,,Uptrend Under Pressure,71.42,-0.1852,0.3680164663760254,0.9878468725697951,0.12693365413743618,0.020179632108954015,0.6406725452639948,0.4560381355932204,,False,,,0,0,0.348,0.838
MELI,"MercadoLibre, Inc.",Consumer Discretionary,XLY,98159140864.0,2026-09-23,1799.239990234375,-0.011661813053994163,-0.01623888816657315,-0.07631810273445894,-0.08381429025348319,-0.06216918367732582,False,-0.12071360754803873,-0.0757217245362437,-0.014627820725506502,0.008267616856253435,0.8966699706160817,1.2481777272040258,1.7901582770089615,0.6926624465308562,1.2481777272040258,1007467348.6870972,0.23184188282260446,1906.3759826660157,1860.2606567382813,1784.2989145914714,False,False,True,True,True,False,distribution,4,5,normal,False,False,surge,False,4.0,분산5일,0.03263424600955625,40.52209421606702,True,False,False,False,False,True,False,,Uptrend Under Pressure,1839.71,-0.022,0.43162426814033544,0.8941366305950827,-0.32600571985296045,-0.014791284662157955,0.2700652307469914,0.4559851694915255,,False,,,0,0,0.348,0.838
HAS,"Hasbro, Inc.",Consumer Discretionary,XLY,13272284160.0,2026-09-23,86.5199966430664,-0.013679942555147817,-0.040904583514638215,-0.09317688583816186,-0.10053625504358465,0.06679651715740498,False,-0.1367620963408459,0.05138030014332018,-0.03261255756617654,0.14691942651494916,0.8943559908374707,1.3463594239758736,1.3347850411358126,0.3502043798819556,1.3463594239758736,133381077.3498474,0.7816862058219878,91.47950019836426,88.89941813151042,88.96037101745605,False,False,True,False,False,False,distribution,2,4,normal,False,False,,False,39.0,분산4일,0.025179969580931136,33.43364169453733,True,False,False,False,False,True,False,,Uptrend Under Pressure,95.62,-0.0952,0.6804882785575056,0.8941366305950827,0.11942302292196394,-0.12772009390090733,0.5033518846445737,0.45593220338983054,,False,,,0,0,0.348,0.838
CHYM,"Chime Financial, Inc.",Information Technology,XLK,12534953984.0,2026-09-23,26.459999084472656,-0.11564174408417527,-0.21273434680262315,-0.19082573495040722,-0.19739262994351825,0.22929267618787486,False,-0.22971758731363123,0.21152823623597627,-0.25503219660815757,0.1707333180719559,0.7658465895446378,1.2360438324315686,1.2795536680091713,0.6227965544623747,1.2360438324315686,255622402.27315903,0.07373264598467968,32.35950002670288,27.54300012588501,23.454291741053265,False,False,True,True,True,False,distribution,3,5,normal,False,False,,False,9.0,분산5일,0.06605658694356897,33.252726618710696,True,False,False,False,False,True,False,,Uptrend Under Pressure,34.55,-0.2342,0.3435480922353833,0.9878468725697951,0.18648958235051483,0.4147783887478813,0.8203859636442485,0.4547669491525424,,False,,,0,0,0.348,0.838
IBN,ICICI Bank Limited,Financials,XLF,108941180928.0,2026-09-23,27.90999984741211,-0.014477395897961154,-0.0172535132992907,-0.05836705728275149,-0.06600892742613673,-0.06382741203281739,False,-0.10362535450042543,-0.07735598992618753,0.0016232480427791351,-0.014656889906818793,0.9126880286803362,1.1010636200646744,0.7919833145486379,0.5878203012916734,1.1010636200646744,152254832.63130742,0.6037743997236138,29.369499969482423,29.477423731486002,28.108526261647544,False,False,True,True,False,False,distribution,0,1,normal,False,False,,False,55.0,,0.018503356423996507,33.996813363737076,True,False,True,True,False,True,False,,Uptrend Under Pressure,29.83,-0.0644,0.27137469302930006,0.9346486837235032,-0.18901415548413159,-0.026541573624395354,0.3300422825340609,0.4545550847457628,,False,,,0,0,0.348,0.838
FERG,Ferguson Enterprises Inc.,Industrials,XLI,43432067072.0,2026-09-23,221.1699981689453,0.023271947781534852,0.028171621688434456,-0.06462253743501467,-0.07221364091037097,-0.07341962943554525,False,-0.10958017357008742,-0.08680959072982775,-0.01831999901692072,0.00676445752528454,0.8415920612350003,1.0364100541857098,1.1541350438351878,0.6983684580259922,1.0364100541857098,311570681.1053947,0.263006328416132,222.86199874877929,232.03240509033202,236.00188331604005,False,False,False,False,False,False,accumulation,2,3,normal,False,False,,False,36.0,분산3일,0.024360693061795963,44.428361709455196,True,False,False,False,False,True,False,,Uptrend Under Pressure,233.46,-0.0526,0.4425404501339741,0.9144666488821164,-0.0748859618038814,-0.06349917882797185,0.40379820028188357,0.45434322033898306,,False,,,0,0,0.348,0.838
ACGL,Arch Capital Group Ltd.,Financials,XLF,33464340480.0,2026-09-23,95.16000366210938,-0.006473116778964894,-0.01937342575928558,-0.05912592212405243,-0.06676163366113741,-0.1013018767637347,False,-0.1043477455428844,-0.11428891325582802,0.000816036832670175,-0.05409962311824401,0.8936889618900721,1.186537300880399,1.3261262910230251,0.8263303446222207,1.186537300880399,377119619.5175873,0.6391322375731843,97.61549949645996,99.43849957784018,96.82491626739503,False,False,True,True,False,False,distribution,4,4,normal,False,False,,False,6.0,분산4일,0.020469270052563698,38.26192772867584,True,False,True,False,False,True,False,,Uptrend Under Pressure,97.95,-0.0285,0.45013704053338394,0.9346486837235032,-0.033484049355366086,-0.0940707043269492,0.40657637960319465,0.4542902542372882,,False,,,0,0,0.348,0.838
BA,Boeing Company (The),Industrials,XLI,164223090688.0,2026-09-23,199.92999267578125,0.011177379331549053,-0.010051564520702438,-0.05282361691562676,-0.05750792319883624,-0.1005294978720559,False,-0.09273158287019456,-0.1067973483957162,-0.003008600059229982,-0.018919087835924997,0.832382658077343,1.6115197633542384,1.477238102126946,0.7206144618257129,1.6115197633542384,1268390499.5849426,0.2943192323216541,206.25949935913087,216.44866587320965,219.64058329264324,False,False,False,True,False,False,accumulation,3,3,interest,True,False,surge,False,32.0,분산3일,0.02874041450666478,38.63431446289274,True,False,False,False,False,True,False,,Uptrend Under Pressure,234.42,-0.1471,0.46703831470582996,0.9144666488821164,-0.14040106292527543,-0.08566069719873382,0.3144167178634672,0.4542372881355933,,False,,,0,0,0.348,0.838
LAMR,Lamar Advertising Company,Real Estate,XLRE,15131917312.0,2026-09-23,144.22000122070312,-0.012732753197133073,-0.013264076560234872,-0.04467301920498323,-0.05242602401239915,-0.09708208751071679,False,-0.09058950160004209,-0.11013010394212541,0.026374389768544004,-0.017179217306263705,0.8876000470301335,0.9213752051883031,1.39218594026713,0.5734775885805974,0.9213752051883031,69882477.97439423,0.22945664739884394,147.65167007446288,153.17555541992186,147.24490197499594,False,False,False,True,False,False,dry_up,1,4,normal,False,False,,False,38.0,분산4일,0.014036949742041187,34.77781008555644,True,False,True,False,False,True,False,,Uptrend Under Pressure,162.48,-0.1124,0.545500438609772,0.917022007899457,0.08643921912183039,0.023124320159904288,0.6193234794550251,0.45407838983050847,,False,,,0,0,0.348,0.838
BEN,"Franklin Templeton, Inc.",Financials,XLF,17350825984.0,2026-09-23,32.709999084472656,-0.02764566950206182,-0.017422703968270503,-0.055170419016189354,-0.0628382316403655,-0.03025145307349819,False,-0.10058235827228645,-0.044265235278513226,0.005023540299050611,0.020682576608832548,0.9144534153164412,1.5274919247609446,1.348430224565916,0.3648922835103888,1.5274919247609446,111996535.66508484,0.06250111758149404,33.8019998550415,33.67716687520345,31.60760448773702,False,False,True,True,True,False,distribution,1,2,interest,False,False,,False,11.0,,0.02511246085049575,41.505515310882906,True,False,True,True,False,True,False,,Uptrend Under Pressure,34.73,-0.0582,0.33882875526178563,0.9346486837235032,0.27214991582968207,0.25593403775854084,0.849044125618879,0.4536546610169491,,False,,,0,0,0.348,0.838
APP,Applovin Corporation,Communication Services,XLC,104833286144.0,2026-09-23,315.25,-0.04518888094299933,-0.04890482071129543,0.05579558547318708,0.04722722258343581,-0.3071360701748358,False,0.005050217250866851,-0.31714860820962243,0.050083605422854616,-0.29658655248994636,0.6963311297017598,1.3668971443478286,1.2825864211613982,0.7314178969224363,1.3668971443478286,1573484290.9872804,0.8934357349317973,317.4444976806641,378.7519994099935,430.27933400472006,False,False,False,False,False,False,distribution,2,4,normal,False,False,,False,68.0,분산4일,0.05460744969934222,44.59254448286105,True,True,True,False,False,True,False,,Uptrend Under Pressure,520.86,-0.3948,0.44497555024427576,0.9459199931884106,-0.5953550550249671,-0.4312318635205018,0.010218279064724802,0.4531779661016949,,False,,,0,0,0.348,0.838
HLT,Hilton Worldwide Holdings Inc.,Consumer Discretionary,XLY,71183532032.0,2026-09-23,307.2200012207031,0.0004559549777254368,-0.0018519357626761712,-0.06922775652581692,-0.0767814861109054,-0.07224293801239146,False,-0.11396404911510993,-0.08564990360884983,-0.007063928961357435,-0.0025627377230922344,0.9182322411367015,0.935794719858323,1.2223770277245722,0.6829616619376169,0.935794719858323,520391925.6195755,0.301074351418577,312.25950012207034,321.280430094401,324.7985450744629,False,False,False,True,False,False,weak_rally,3,2,normal,False,False,,False,153.0,,0.018593018948289172,42.17483644519954,True,False,False,True,False,True,False,,Uptrend Under Pressure,324.68,-0.0538,0.45531662114157534,0.8941366305950827,0.047378536408969385,-0.07173635471733764,0.4991886812908821,0.4516949152542374,,False,,,0,0,0.348,0.838
SPG,"Simon Property Group, Inc.",Real Estate,XLRE,80601661440.0,2026-09-23,204.16000366210938,-0.004000351656361811,0.0002939615717763022,-0.06514159372046657,-0.07272848476808114,-0.08495604909296128,False,-0.1100742821263615,-0.09817929822972904,0.004383572906784483,-0.003980096540283529,0.8717840825320268,0.7643927713476112,1.1881227701118604,0.6756321472470654,0.7643927713476112,269506345.6591873,0.17778154537362778,207.755078125,217.33973286946613,209.28387311299642,False,False,False,True,False,False,dry_up,3,2,normal,False,False,,False,56.0,,0.015638194551797532,35.1950778288337,True,False,True,False,False,True,False,,Uptrend Under Pressure,223.66,-0.0872,0.4473581423994066,0.917022007899457,0.07492401042349273,0.03806732033135152,0.6232879187597123,0.45158898305084744,,False,,,0,0,0.348,0.838
MCO,Moody's Corporation,Financials,XLF,87394058240.0,2026-09-23,473.8500061035156,0.014190327609028497,0.014320580505528646,-0.07333528806570244,-0.0808556827692104,-0.06766760868372157,False,-0.11787415777944621,-0.08114069210931352,-0.0142985907694968,-0.018698784916357014,0.9148999769140781,1.1062129263015352,1.1972878385248307,0.7430570357213341,1.1062129263015352,342448607.6435913,0.6220560994972215,485.9444976806641,485.96497751871743,466.72123489379885,False,False,True,True,False,False,accumulation,3,2,normal,False,False,,False,60.0,,0.023336196741665382,45.61480544528317,True,False,False,True,False,True,False,,Uptrend Under Pressure,449.06,0.0552,0.3542678548721901,0.9346486837235032,-0.09217266605065111,-0.02142453015419965,0.42447959958078857,0.45090042372881356,,False,,,0,0,0.348,0.838
SKM,"SK Telecom Co., Ltd.",Communication Services,XLC,14737465344.0,2026-09-23,35.849998474121094,0.0042016164699176795,0.00730537567908085,-0.1037500381469727,-0.11102360039590042,0.10701228102271543,False,-0.1468270645706896,0.09101490824634206,-0.1085988573432769,0.12386760446116551,0.8897988994660181,0.7382720969845804,0.771332438998511,0.518533128066565,0.7382720969845804,54528641.72111473,0.5824163386445665,37.418999671936035,35.11899973551432,36.140833059946694,False,True,True,True,False,False,weak_rally,0,0,normal,False,False,,False,41.0,,0.02988642523161119,45.06166432587053,True,False,False,False,False,True,False,,Uptrend Under Pressure,35.67,0.005,0.7067830199585279,0.9459199931884106,0.5844032252076719,0.1909838912673949,0.9003144085866069,0.45000000000000007,,False,,,0,0,0.348,0.838
COST,Costco Wholesale Corporation,Consumer Staples,XLP,418595241984.0,2026-09-23,904.7000122070312,0.0069228384310089375,0.003716687981176303,-0.06866379506966136,-0.07622210151269337,-0.0480120901735851,False,-0.1134271936936353,-0.06176921440171357,-0.018401061195897017,-0.0028311342733351452,0.9288214787998978,1.0909260473465558,1.2476881724381077,0.628318924523301,1.0909260473465558,1912350563.5098114,0.9272271767717852,918.8044921875,935.4301442464192,965.7742975870768,False,False,False,False,False,False,accumulation,5,4,normal,False,False,,False,86.0,분산4일,0.013965961352368803,41.720705078265425,True,False,False,True,False,True,False,,Uptrend Under Pressure,1092.58,-0.172,0.4199612025176229,0.9334307577070513,-0.1384493822977394,-0.15965243861675715,0.25257670485345673,0.44962923728813564,,False,,,0,0,0.348,0.838
AIZ,"Assurant, Inc.",Financials,XLF,13902396416.0,2026-09-23,266.9700012207031,-0.03752975513324186,-0.06689729513404008,-0.06954240332596462,-0.07709357937890826,-0.0687204234342852,False,-0.11426357284792044,-0.08217829269259291,-0.010264065892419794,-0.019806896576542443,0.8880027545315119,1.7215527423456332,1.4910154999500078,0.7109908133651653,1.7215527423456332,94998668.48471375,0.08920504535214491,282.478173828125,280.319292195638,260.84178326924643,False,False,True,True,True,False,distribution,3,4,interest,False,False,,False,33.0,분산4일,0.02085308224043006,31.563904260160754,True,False,False,False,False,True,False,,Uptrend Under Pressure,300.64,-0.112,0.4287165408698464,0.9346486837235032,0.1782396258136818,0.11906025501477902,0.7557469914350765,0.44904661016949154,,False,,,0,0,0.348,0.838
SPGI,S&P Global Inc.,Financials,XLF,128485629952.0,2026-09-23,406.5,0.005018910606893634,-0.01459320559972277,-0.06432254275815752,-0.07191608085560508,-0.09433278833959546,False,-0.10929459772633698,-0.1074205347401006,-0.004711654268873655,-0.046764497789199,0.8907531724432493,0.8462935773114568,0.907690711361233,0.8173957221942627,0.8462935773114568,767319680.4603211,0.6011700164544718,423.7829986572266,423.70011444091796,411.08033498128253,False,False,True,True,True,False,weak_rally,2,0,normal,False,False,,False,14.0,,0.02595677943037801,41.46823337095201,True,False,False,False,False,True,False,,Uptrend Under Pressure,440.21,-0.0766,0.3451431826815758,0.9346486837235032,-0.22216206685312734,-0.09043385920256508,0.2513308156553793,0.44692796610169494,,False,,,0,0,0.348,0.838
NVMI,Nova Ltd.,Information Technology,XLK,11082856448.0,2026-09-23,365.7300109863281,0.008048326802964745,0.09147077009164284,0.008215054407520572,3.283374290030672e-05,-0.21373159025205746,False,-0.04024342078137311,-0.22509391122053257,-0.07178492091252442,-0.251186766121524,0.772331808055947,0.5008694608235453,1.4340453236698218,2.386647914118766,0.5008694608235453,222027639.8269821,0.7111893386975107,357.2790023803711,405.36483510335285,459.3679155985514,True,False,False,False,False,False,weak_rally,3,2,normal,False,False,,False,64.0,,0.04148648808285576,48.72246943045008,True,True,False,False,False,True,False,,Uptrend Under Pressure,583.1,-0.3728,0.3566600922862229,0.9878468725697951,0.04679468834498923,-0.3165061858585143,0.3540574970185392,0.44555084745762713,,False,,,0,0,0.348,0.838
FIVE,"Five Below, Inc.",Consumer Discretionary,XLY,13649104896.0,2026-09-23,227.41000366210938,-0.036969576311101426,-0.036684048771243205,-0.1344016344188842,-0.14142644207589894,0.15563921819192017,False,-0.17600543386493495,0.1389391402566209,-0.07659059856631478,0.2424347549602055,0.8655983655811158,1.0600775126691255,1.042096880904837,0.4400198075216088,1.0600775126691255,319839694.0161789,0.6723005564799444,243.88450088500977,222.7505002339681,219.66433334350586,False,True,True,True,True,False,distribution,0,2,normal,False,False,,False,11.0,,0.0511631012662244,41.46040214404757,True,False,False,False,False,True,False,,Uptrend Under Pressure,252.2,-0.0983,0.32873301369622426,0.8941366305950827,0.41533849995154637,-0.07318810793805552,0.6844819486104586,0.4447563559322034,,False,,,0,0,0.348,0.838
FE,FirstEnergy Corp.,Utilities,XLU,26536427520.0,2026-09-23,43.650001525878906,-0.02935289435163546,-0.03706155387853627,-0.06270127094868416,-0.07030796656014093,-0.1140615300923844,False,-0.10775125012500786,-0.12686417754535406,0.011682038690381535,0.039301378973856105,0.8830676021466349,1.0077241786303925,0.9294189141592818,0.6273848251328661,1.0077241786303925,189888935.4768528,0.021164512404834374,45.939500427246095,47.1163969039917,46.958036200205484,False,False,False,False,False,False,distribution,1,4,normal,False,False,,False,39.0,분산4일,0.01669121947483849,25.823924337509396,True,False,True,False,False,True,False,,Uptrend Under Pressure,49.16,-0.1121,0.35094899777264116,0.8501929415105124,-0.04891101393983377,-0.17913146483849895,0.3274737089371544,0.4443326271186441,,False,,,0,0,0.348,0.838
CTAS,Cintas Corporation,Industrials,XLI,80750215168.0,2026-09-23,191.97000122070312,-0.02493906714921057,-0.03508417107116091,-0.0743972667785252,-0.08190904293965828,0.019488270937228824,False,-0.1188850939405024,0.004755702752659463,-0.02857859161250631,0.10771238917813042,0.8888776629616633,1.6975487790405561,1.306904326944034,0.32369990310985747,1.6975487790405561,382944840.4796661,0.09115379659193412,200.2509994506836,197.65619099934895,184.98857752482095,False,False,True,True,True,False,distribution,1,5,interest,False,False,,False,47.0,분산5일,0.01978359633233122,33.60383108214215,True,False,False,False,False,True,False,,Uptrend Under Pressure,205.72,-0.0668,0.6532217151665767,0.9144666488821164,-0.11583322522127837,-0.0348108922778575,0.3991579632105815,0.4439088983050848,,False,,,0,0,0.348,0.838
WES,"Western Midstream Partners, LP",Energy,XLE,19873697792.0,2026-09-23,45.650001525878906,-0.019965656260574782,-0.03324861614226027,-0.05934468011251193,-0.06697861630799129,-0.009218571909525464,False,-0.10455598922835907,-0.023536299108023795,-0.05380824956412633,-0.07940598674046395,0.916666711350203,1.1541198603590286,1.1704177808116896,0.6584211378838032,1.1541198603590286,38329961.87687568,0.07944571348478477,48.09900016784668,46.75376434326172,44.33107957839966,False,False,True,True,True,False,distribution,2,4,normal,False,False,,False,88.0,분산4일,0.02300110168405598,35.191296901630935,False,False,False,True,False,True,False,,Uptrend Under Pressure,45.13,0.0115,0.2806774734614373,0.9516263576747145,0.18254885831468903,0.027446223875805975,0.6902930866249863,0.4434851694915254,,False,,,0,0,0.348,0.838
WWD,"Woodward, Inc.",Industrials,XLI,20064950272.0,2026-09-23,326.2300109863281,0.003290710149365772,0.02106419714030716,-0.02077137336615531,-0.028718353198686986,-0.1993443531391602,False,-0.06783665561972774,-0.21091458326931534,0.027701861150825513,-0.13005749572984593,0.777873741456047,0.7164264054123364,1.6615447178438059,0.8093740355992953,0.7164264054123364,245775059.7289505,0.5021261149139182,333.834001159668,368.29857838948567,372.7668739318848,False,False,False,False,False,False,weak_rally,2,4,normal,False,False,,False,67.0,분산4일,0.0284647992662236,38.73342892236805,True,False,True,False,False,True,False,,Uptrend Under Pressure,421.17,-0.2254,0.5225185024847886,0.9144666488821164,0.24383829428296577,-0.18825999676896954,0.5349716309493693,0.44284957627118643,,False,,,0,0,0.348,0.838
DOW,Dow Inc.,Materials,XLB,22045839360.0,2026-09-23,28.649999618530273,0.013441781203163972,-0.04020103007048503,-0.0781655379743903,-0.0856467325385577,-0.07116156518292094,False,-0.1224722483444175,-0.0845841576378702,-0.02216321667523735,-0.04439101099930998,0.8809263277657877,0.8953973813404048,1.1569786135325142,0.8395432484592457,0.8953973813404048,262228304.66444626,0.43298896094447437,29.680407428741454,29.62680212656657,32.76702178319295,False,False,False,False,False,False,weak_rally,2,4,normal,False,False,,False,22.0,분산4일,0.035689351327127104,42.01782123820826,True,False,False,False,False,True,False,,Uptrend Under Pressure,32.52,-0.1191,0.39288340674948136,0.9411475393682374,0.22806595403813468,-0.22591421815234947,0.5039906400202377,0.44269067796610173,,False,,,0,0,0.348,0.838
ARMK,Aramark,Consumer Discretionary,XLY,14844726272.0,2026-09-23,55.77000045776367,-0.01257080542186817,-0.04306791994005399,-0.059210499220844204,-0.06684552436818925,-0.06467469327778785,False,-0.10442825755740193,-0.0781910271571079,0.0036223545851485905,0.0055739282400342205,0.8956698036430684,0.9982431841074574,1.0809228935268818,0.5109907440011989,0.9982431841074574,129683335.36244258,0.3166026464315592,57.45900001525879,57.57719243367513,53.26312516530355,False,False,True,True,False,False,dry_up,1,5,normal,False,False,,False,29.0,분산5일,0.022996241576854093,38.656315789071904,True,False,True,False,False,True,False,,Uptrend Under Pressure,60.35,-0.0759,0.4403883418245422,0.8941366305950827,0.38067456169347813,0.27193925966526256,0.888047052871237,0.4426906779661017,,False,,,0,0,0.348,0.838
BF-B,Brown Forman Inc,Consumer Staples,XLP,12192023552.0,2026-09-23,26.290000915527344,0.005353778165941625,0.004201703936948187,-0.07778465433480686,-0.08526893997956564,-0.016916500678735846,False,-0.12210967135510475,-0.031122985537615944,-0.028014158730656713,0.029740239150235714,0.898160259802849,0.7321233910359543,1.3129482889033617,0.5303233957420235,0.7321233910359543,70126504.1713318,0.47663764643807,26.603903198242186,26.85194953282674,26.687984466552734,False,False,False,True,False,False,weak_rally,2,3,normal,False,False,,False,39.0,분산3일,0.030842580049254588,46.06378007057746,True,False,False,False,False,True,False,,Uptrend Under Pressure,28.66,-0.0826,0.43025421248595075,0.9334307577070513,-0.08718700709812066,0.06807264597729668,0.5071311119945069,0.4426377118644068,,False,,,0,0,0.348,0.838
AVGO,Broadcom Inc.,Information Technology,XLK,1761922252800.0,2026-09-23,354.989990234375,-0.026197449077444812,0.04749900561403697,-0.0030934811329874634,-0.00802373019060687,-0.10726479866056171,False,-0.045096757529383136,-0.11348571506189742,-0.08736391897662232,-0.14163766766945451,0.8313923976807976,0.8153328126073568,1.0023757442889123,0.9381019424435003,0.8153328126073568,9859171929.225262,0.11023422025560663,358.6753982543945,377.87757873535156,389.6849774678548,False,False,False,True,False,False,dry_up,1,1,normal,False,False,,False,78.0,,0.03222622875755572,44.724344900426566,True,False,False,False,False,True,False,,Uptrend Under Pressure,479.94,-0.2603,0.3882634232808861,0.9878468725697951,-0.07754128825006801,-0.036633897833882156,0.4281585414332695,0.44247881355932206,,False,,,0,0,0.348,0.838
RVMD,"Revolution Medicines, Inc.",Health Care,XLV,44061138944.0,2026-09-23,190.74000549316406,-0.010479295866550942,-0.06892509555364135,-0.0984970042420702,-0.1058131977554101,0.00923317584322847,False,-0.1418265105430061,-0.005351196533680658,-0.07054428211836161,-0.01226359590512216,0.862491570234659,1.0401300057256408,1.449906517753011,0.7434202923684831,1.0401300057256408,416717521.53685915,0.2207653715135412,205.04050064086914,197.6120839436849,171.1087085088094,False,False,True,True,True,False,distribution,1,3,normal,False,False,,False,17.0,분산3일,0.036655051779804014,36.601231623858894,True,False,False,False,False,True,False,,Uptrend Under Pressure,221.15,-0.1375,0.38949704439231086,0.9645151837456468,3.1355310846969386,0.8505248966144319,0.9917169599942177,0.44147245762711873,,False,,,0,0,0.348,0.838
Q,"Qnity Electronics, Inc.",Information Technology,XLK,24985776128.0,2026-09-23,124.5,0.021999674206941044,0.08648227575544931,-0.013783253273239371,-0.02178694555058236,-0.140469343936107,False,-0.06118440994433738,-0.15289037354299773,-0.09203770410041945,-0.18141448619152545,0.8731327806824304,0.5412691188770257,1.0772762347232832,1.40299051551713,0.5412691188770257,201281194.0326004,0.4673108414053424,120.96909980773925,132.49569969177247,139.64400361378986,True,False,False,True,False,False,weak_rally,1,1,normal,False,False,,False,59.0,,0.0394888137581016,50.45922971050042,True,False,False,False,False,True,False,,Uptrend Under Pressure,158.23,-0.2132,0.3738287280415575,0.9878468725697951,,-0.0421129023854212,,0.4411546610169491,,False,,,0,0,0.348,0.838
CHD,"Church & Dwight Company, Inc.",Consumer Staples,XLP,23668205568.0,2026-09-23,96.0199966430664,0.005550306745770284,0.015977086791928885,-0.06349363321698376,-0.07109389837206392,-0.03518088476710346,False,-0.10850552858653328,-0.04912343202944458,-0.012951873930151847,0.010609034881144952,0.9293012253482553,0.6108038387435002,0.9554988201583257,0.47477693861244613,0.6108038387435002,178562264.06407014,0.2999951449240181,97.52250061035156,98.33582407633463,96.69178644816081,False,False,False,True,False,False,weak_rally,4,4,normal,False,False,,False,161.0,분산4일,0.016692958948523334,44.13084065052913,True,False,False,True,False,True,False,,Uptrend Under Pressure,95.35,0.007,0.5966531047105967,0.9334307577070513,-0.047783198806201965,-0.10323240987869553,0.3912570922626577,0.4407838983050848,,False,,,0,0,0.348,0.838
BNTX,BioNTech SE,Health Care,XLV,25524875264.0,2026-09-23,98.45999908447266,0.004693868208904606,0.018305890975016004,-0.12728240249242218,-0.13436498663901664,0.06396950020433456,False,-0.1692283780666355,0.04859413625468134,-0.10022222342436471,0.041306839046778565,0.8446426983120627,0.9222401820338677,0.760074644985397,0.669885854622965,0.9222401820338677,110512626.83439255,0.051029624746292364,101.32850036621093,96.77725016276041,95.44983342488607,False,True,True,True,True,False,weak_rally,0,0,normal,False,False,,False,21.0,,0.032824423644578916,48.562532328433576,True,False,False,False,False,True,False,,Uptrend Under Pressure,116.57,-0.1554,0.5295887128413425,0.9645151837456468,0.04145389250864073,0.1256183728597391,0.6548724296194572,0.44062500000000004,,False,,,0,0,0.348,0.838
PYPL,"PayPal Holdings, Inc.",Financials,XLF,45052846080.0,2026-09-23,52.5099983215332,-0.007184743287964701,-0.003794360964016197,-0.15465392361316244,-0.15883462322500286,0.08542255693868106,False,-0.19027141053404162,0.07785892219378843,-0.09940794278037557,0.14062351109397486,0.8449390046767817,0.8216939013732097,1.205309959704792,0.595477595281596,0.8216939013732097,759024946.3853887,0.5466610214468659,54.18927268981933,54.873003005981445,50.09365421930949,False,False,True,True,False,False,dry_up,1,1,normal,False,False,,False,48.0,,0.02942042989518202,40.55093728884516,True,False,False,False,False,True,False,,Uptrend Under Pressure,56.59,-0.0721,0.3740246906576859,0.9346486837235032,-0.20370229233168835,0.19447389085104327,0.4734297640128655,0.4404131355932204,,False,,,0,0,0.348,0.838
CBRE,CBRE Group Inc,Real Estate,XLRE,42222972928.0,2026-09-23,136.41000366210938,-0.047482736770930956,-0.026407800529042458,-0.1021522395962432,-0.1094387688607521,-0.03811700061833334,False,-0.1453060620180846,-0.052017118234145565,-0.03537954468472082,0.047003929411256085,0.8796672291173931,1.2867522364471753,1.3719269644988232,0.6941723034210784,1.2867522364471753,259934366.9218796,0.20602852048887346,143.3755012512207,144.0023343404134,140.92541726430258,False,False,True,True,False,False,distribution,4,5,normal,False,False,,False,37.0,분산5일,0.03412766700413156,39.92083490036707,True,False,False,False,False,True,False,,Uptrend Under Pressure,149.46,-0.0873,0.3580478316986824,0.917022007899457,-0.2034126337741491,-0.043477523308356636,0.3100863720140219,0.44036016949152545,,False,,,0,0,0.348,0.838
RSG,"Republic Services, Inc.",Industrials,XLI,67648573440.0,2026-09-23,213.10000610351562,-0.0038797111236454906,-0.04456594100532185,-0.04473729444872976,-0.0524897776271287,-0.0714855249184827,False,-0.09065068754226435,-0.08490343584934845,0.0025495922823977057,0.008865934900346373,0.9435466032524428,0.6623398467390994,1.242499664094666,0.4427947606284243,0.6623398467390994,380958348.65614927,0.1619856138333182,220.98600082397462,217.99683100382487,213.12721201578776,False,False,True,True,True,False,dry_up,1,6,normal,False,False,,False,86.0,분산6일,0.017223624896933874,37.92670698778145,True,False,True,True,False,True,False,,Uptrend Under Pressure,214.34,-0.0058,0.422209660391355,0.9144666488821164,-0.1544732757840519,-0.12576543550892283,0.265590329225543,0.4395127118644068,,False,,,0,0,0.348,0.838
OVV,Ovintiv Inc. (DE),Energy,XLE,18158790656.0,2026-09-23,59.72999954223633,-0.007477579937811174,-0.10810813120052054,-0.08972349277207992,-0.0971108881649565,0.0335101017380961,False,-0.13347468588083478,0.01857490485809654,-0.08436586330298046,-0.03970423210591012,0.8918918687994795,0.8688693479882045,1.1095167299171729,0.7062764658369467,0.8688693479882045,206660215.45586243,0.46632090556729394,64.04265232086182,60.91642634073893,58.81850185394287,False,False,True,True,True,False,dry_up,2,2,normal,False,False,,False,6.0,,0.03460669204747582,37.99070166045317,True,False,False,False,False,True,False,,Uptrend Under Pressure,65.06,-0.0819,0.3439958417527134,0.9516263576747145,0.4180617744366957,0.00709071345925083,0.7594900798670088,0.4390889830508475,,False,,,0,0,0.348,0.838
DTM,"DT Midstream, Inc.",Energy,XLE,13366044672.0,2026-09-23,125.83000183105469,0.006237495084058686,0.01307953749225188,0.007761998694958194,-0.00041654517293399085,-0.15582850157163297,False,-0.040674700991863655,-0.16802757684753855,0.013693400130868172,-0.21563000114438857,0.8546876689069964,1.0010631624398152,1.1268951583338085,0.6862154527736518,1.0010631624398152,125154759.22660828,0.4311527810308483,127.59093742370605,134.93947944641113,137.23760534922283,False,False,False,False,False,False,accumulation,1,3,normal,False,False,,False,57.0,분산3일,0.02210167562937976,40.64879946147658,True,False,True,False,False,True,False,,Uptrend Under Pressure,142.77,-0.1187,0.3806106676956975,0.9516263576747145,0.0346773435136325,-0.2053632695672819,0.3802555021502656,0.4371822033898305,,False,,,0,0,0.348,0.838
UMBF,UMB Financial Corporation,Financials,XLF,10756803584.0,2026-09-23,133.85000610351562,0.002396520086453968,-0.026262188520520313,-0.0669241951976347,-0.07449661945209873,-0.09390849363742959,False,-0.11177120530595286,-0.10700237149702863,-0.007479054864680923,-0.04631791788843953,0.8834886019619261,1.1461566297147696,1.5049126326803444,0.7815895776864562,1.1461566297147696,84702874.45194702,0.15160951652223428,139.49483184814454,143.1058484395345,135.20190156300862,False,False,False,True,False,False,accumulation,4,3,normal,False,False,,False,38.0,분산3일,0.02076407492738962,32.173694151970466,True,False,False,False,False,True,False,,Uptrend Under Pressure,147.75,-0.094,0.36668255875323674,0.9346486837235032,0.029273009590633503,0.11881616757115743,0.63954501102237,0.43580508474576274,,False,,,0,0,0.348,0.838
TROW,"T. Rowe Price Group, Inc.",Financials,XLF,23737788416.0,2026-09-23,104.56999969482422,-0.0005734259788656715,0.003261981453903662,-0.05724962176352977,-0.06490056051182913,-0.0933147641309986,False,-0.102561626988386,-0.10641722194260483,0.002811874038606499,-0.045693003971988166,0.8700761442055681,0.9476680925906604,1.2415060492903844,0.6651706784360158,0.9476680925906604,151725291.63647652,0.5641026644234908,107.00376052856446,111.62582410176596,105.62638600667317,False,False,False,True,False,False,dry_up,3,4,normal,False,False,,False,59.0,분산4일,0.019525901370564876,37.91947386277677,True,False,True,False,False,True,False,,Uptrend Under Pressure,112.97,-0.0744,0.5703753981505155,0.9346486837235032,-0.05971832916638109,0.09500433647318074,0.5464601929818221,0.43554025423728815,,False,,,0,0,0.348,0.838
RCI,"Rogers Communication, Inc.",Communication Services,XLC,19928909824.0,2026-09-23,33.279998779296875,-0.03283932209026785,-0.07142860944173757,-0.07655348328245859,-0.08404776055864771,-0.02015595371197887,False,-0.1209376748525044,-0.03431562541561883,-0.08154943908452383,-0.005236888582758836,0.8843215281912615,1.3399375719612063,1.2132452578071224,0.7091512941647516,1.3399375719612063,39480777.144520566,0.7882345549362271,36.03533020019531,34.579583231608076,35.06843854586283,False,False,False,False,False,False,distribution,2,4,normal,False,False,,False,39.0,분산4일,0.030627342705765587,31.20940020390789,False,False,False,False,False,True,False,,Uptrend Under Pressure,34.41,-0.033,0.36342810122063934,0.9459199931884106,-0.10215727764891736,-0.1992738866087591,0.2667955621408695,0.4336864406779662,,False,,,0,0,0.348,0.838
RPM,RPM International Inc.,Materials,XLB,13287635968.0,2026-09-23,100.05999755859375,0.01060494293211467,-0.005367802422643786,-0.05923282263637619,-0.06686766661690446,-0.044924782691856735,False,-0.10444950802855257,-0.05872652142834012,-0.0020803208535222772,-0.017398044029920845,0.8525902951449722,0.5801574351617771,0.5645994566560083,0.4739248499714454,0.5801574351617771,161843528.80980986,0.2504520870776482,102.18149948120117,106.79992968241373,105.12736117045084,False,False,False,True,False,False,weak_rally,0,0,normal,False,False,,False,80.0,,0.025402615539766225,39.83347533182437,True,False,False,False,False,True,False,,Uptrend Under Pressure,106.35,-0.0591,0.4975679334921925,0.9411475393682374,-0.22193560587026773,-0.02762864616568428,0.31298742365653576,0.4336334745762712,,False,,,0,0,0.348,0.838
CNA,CNA Financial Corporation,Financials,XLF,13143087104.0,2026-09-23,47.11000061035156,-0.014228924296899148,-0.027054886578536275,-0.05115812361462724,-0.0588584982266489,-0.10830071351790338,False,-0.09676290835177226,-0.12118661021012556,0.009291454228041784,-0.06146605924660953,0.8598372926803151,2.043588974648825,1.6383210716596335,0.6679883608209136,2.043588974648825,25252998.507335663,0.032492356845787315,48.31400012969971,50.20127550760905,47.45200303395589,False,False,True,True,False,False,distribution,4,5,attention,False,False,,False,,분산5일,0.019976048277684507,35.454046129304515,False,False,True,False,False,True,False,,Uptrend Under Pressure,,,0.533193907376303,0.9346486837235032,0.0036294276031247907,-0.06156474364286202,0.47286509341910304,0.43320974576271193,,False,,,0,0,0.348,0.838
GE,GE Aerospace,Industrials,XLI,348320104448.0,2026-09-23,319.79998779296875,0.0024763424443143833,0.04152418338018893,-0.06447463369130302,-0.07206693748703041,-0.11928211395588662,False,-0.10943937861716768,-0.13200931904240165,-0.018164773823795,-0.04306685858683612,0.8388856481006727,1.0351612604467322,1.3527627540476548,0.8974772941126031,1.0351612604467322,1367269469.5887635,0.2626491405460061,328.41699981689453,350.03437856038414,330.3537272135417,False,False,False,True,False,False,accumulation,4,3,normal,False,False,,False,25.0,분산3일,0.025864398232352447,39.643820051584385,True,False,False,False,False,True,False,,Uptrend Under Pressure,369.43,-0.1343,0.3861168236739371,0.9144666488821164,-0.00048154778868980674,0.021384746554654832,0.537679339380579,0.43268008474576275,,False,,,0,0,0.348,0.838
BLK,"BlackRock, Inc.",Financials,XLF,187759116288.0,2026-09-23,1060.8900146484375,-0.026947457378901585,0.0021064179214793644,-0.09063170191072989,-0.09801172668604863,0.006116718730442505,False,-0.13433924319161406,-0.008422617898418139,-0.03269693839416232,0.058960911153439266,0.9015034928185195,0.7845360779973861,1.11699922966827,0.4551057595559262,0.7845360779973861,647952392.4749817,0.268274680941018,1100.714208984375,1085.1823354085286,1056.1793395996094,False,False,True,True,True,False,dry_up,2,1,normal,False,False,,False,48.0,,0.024147187929384677,42.25811038727644,True,False,False,True,False,True,False,,Uptrend Under Pressure,1087.82,-0.0248,0.4018024988666196,0.9346486837235032,-0.11599627595814099,0.018809944692474323,0.4394040692421669,0.4304555084745763,,False,,,0,0,0.348,0.838
HSIC,"Henry Schein, Inc.",Health Care,XLV,10007900160.0,2026-09-23,85.05000305175781,-0.001760491805832931,-0.02822204851517518,-0.049826823573132395,-0.05753800241849971,-0.03508918622215895,False,-0.09549559542269725,-0.04903305861506224,-0.020364994943564807,-0.05564188704272688,0.9360554972533004,1.0661463088346335,1.429668224267471,0.5095033061509112,1.0661463088346335,92067443.06899719,0.07861634465666528,88.25249938964843,87.37666651407878,81.783083152771,False,False,True,True,True,False,distribution,1,6,normal,False,False,,False,32.0,분산6일,0.021357177931724335,37.14364596220701,True,False,False,True,False,True,False,,Uptrend Under Pressure,88.23,-0.036,0.3421639504612195,0.9645151837456468,0.12110947175897868,0.014672828217882516,0.631957645188103,0.43003177966101697,,False,,,0,0,0.348,0.838
EQT,EQT Corporation,Energy,XLE,33890459648.0,2026-09-23,51.060001373291016,0.018551771102340853,-0.03878007530149363,-0.050752918679506265,-0.05845658175283286,0.002672908090545212,False,-0.09637717903666831,-0.011816662222690844,-0.04516591945898707,-0.06835690468615141,0.9158744640949061,0.9446923389873944,1.4409787567143917,0.5036865939295033,0.9446923389873944,383296973.454137,0.2188684894671231,53.574499893188474,52.55819568634033,54.2705576578776,False,False,True,False,False,False,weak_rally,1,5,normal,False,False,,False,43.0,분산5일,0.027957299896683416,37.79123445509446,True,False,False,True,False,True,False,,Uptrend Under Pressure,53.84,-0.0517,0.39904760771923825,0.9516263576747145,-0.05012297666129284,-0.2927441650735607,0.27364388710202014,0.4297669491525424,,False,,,0,0,0.348,0.838
SCI,Service Corporation Internation,Consumer Discretionary,XLY,11126844416.0,2026-09-23,77.8499984741211,0.003739052664464726,-0.041256140394394625,-0.07163313589225506,-0.0791673444984885,-0.04433715756314849,False,-0.11625381721801975,-0.058147388037616876,-0.00962995728269378,0.027438936630495236,0.9072553989447375,0.6963509370765018,1.303778755589472,0.472497080929605,0.6963509370765018,68617559.80492401,0.21113004552738002,80.93588714599609,80.9564889272054,79.2850492477417,False,False,True,True,False,False,weak_rally,3,4,normal,False,False,,False,7.0,분산4일,0.022080530032688086,37.20858513174874,True,False,False,True,False,True,False,,Uptrend Under Pressure,81.85,-0.0488,0.3339561402009809,0.8941366305950827,-0.09342835801491656,-0.0662775249652433,0.3846409598496621,0.42918432203389834,,False,,,0,0,0.348,0.838
LYG,Lloyds Banking Group Plc,Financials,XLF,85015347200.0,2026-09-23,5.639999866485596,-0.04244482269388716,-0.04081636790548637,-0.06622518177048375,-0.07380327890404592,-0.055370375221724166,False,-0.11110578900142787,-0.0690211652827184,-0.006735508130527701,-0.005755664790080384,0.9082125333075745,1.1449355872515758,0.9923502560798957,0.523529781689587,1.1449355872515758,76641836.33621113,0.1904759742235503,5.932999992370606,5.974273721377055,5.649902395407358,False,False,True,True,False,False,distribution,2,6,normal,False,False,,False,70.0,분산6일,0.022163115053067037,36.406121150479926,True,False,False,True,False,True,False,,Uptrend Under Pressure,5.35,0.0547,0.3663446215268316,0.9346486837235032,0.20759626837286604,0.06096469650576575,0.7333869393950345,0.4280190677966102,,False,,,0,0,0.348,0.838
NI,NiSource Inc,Utilities,XLU,19623598080.0,2026-09-23,39.25,-0.03134255783356832,-0.03301306103844537,-0.038697079603189244,-0.046498582453048165,-0.18295600780973809,False,-0.08490078734730233,-0.19476306500488338,0.03759118428594199,-0.041519274070813905,0.8451980497562852,1.6872194853599507,1.3366272371263286,0.6628095961299129,1.6872194853599507,217309230.70054093,0.3378370715563414,40.968499946594235,43.38939043680827,45.14015302658081,False,False,False,False,False,False,distribution,0,4,interest,False,False,,False,56.0,분산4일,0.01694266377415193,27.501022066708344,True,False,True,False,False,True,False,,Uptrend Under Pressure,47.5,-0.1737,0.4002512775725493,0.8501929415105124,-0.11076550578456834,-0.227437095951199,0.24493693758808863,0.42733050847457626,,False,,,0,0,0.348,0.838
BHP,BHP Group Limited,Materials,XLB,238695497728.0,2026-09-23,84.94999694824219,-0.01324194956605762,0.0021233963938172007,-0.10631250488096,-0.11356527130049443,0.038303307509509166,False,-0.14926636985205977,0.023298844280044806,-0.05202013862171162,0.06822880790956498,0.8795608707099395,1.7695128801428315,1.0050218384451972,0.486020537433038,1.7695128801428315,207732289.92162094,0.345454041032233,89.49405479431152,85.69441782633463,83.46897004445394,False,False,True,True,True,False,distribution,0,3,interest,False,False,,False,16.0,분산3일,0.028028912156642855,40.72742490943781,True,False,False,False,False,True,False,,Uptrend Under Pressure,93.12,-0.0877,0.40054907688576913,0.9411475393682374,0.6312586714137498,0.21440559346468002,0.9141221856817607,0.4255826271186441,,False,,,0,0,0.348,0.838
DEO,Diageo plc,Consumer Staples,XLP,51059412992.0,2026-09-23,86.11000061035156,-0.008177828691181,-0.007949336603073731,-0.1036743948798956,-0.11094857101561306,0.015895779963303047,False,-0.14675505699360225,0.0012151266655788806,-0.05530112740044413,0.06410977717902488,0.8867263934624315,0.8258624928462069,1.109862540984825,0.5373400118564152,0.8258624928462069,87741672.63119507,0.4521770282552593,88.99849891662598,87.94266662597656,84.25257472991943,False,False,True,True,True,False,dry_up,3,2,normal,False,False,,False,30.0,,0.018514536884224504,41.199098441150056,True,False,False,False,False,True,False,,Uptrend Under Pressure,97.11,-0.1133,0.5345095902439415,0.9334307577070513,-0.13648927165910862,0.10067060146319018,0.48141465794514116,0.42547669491525425,,False,,,0,0,0.348,0.838
LH,Labcorp Holdings Inc.,Health Care,XLV,26978725888.0,2026-09-23,303.9800109863281,-0.052992242018596314,-0.06170321375143906,-0.10228165783802456,-0.10956713680219554,0.07163500690659852,False,-0.14542925994939648,0.05614886914680972,-0.07444628570738288,0.04880906965798837,0.8977183421619754,1.1917844988621225,1.1290699532858717,0.46385104091321633,1.1917844988621225,242656623.2676483,0.04946463085288259,324.49346618652345,308.7299794514974,285.0042240142822,False,False,True,True,True,False,distribution,3,4,normal,False,False,,False,37.0,분산4일,0.02840646935458636,36.31836854559657,True,False,False,False,False,True,False,,Uptrend Under Pressure,314.85,-0.0345,0.27790558817432887,0.9645151837456468,0.05107783332256455,0.0888841514996146,0.6428571428571428,0.4251588983050848,,False,,,0,0,0.348,0.838
IT,"Gartner, Inc.",Information Technology,XLK,12510443520.0,2026-09-23,178.52000427246094,-0.02618373805358054,-0.08741433018890887,-0.11963701870439503,-0.12678164935282032,0.22959903082567745,False,-0.16195045917509254,0.21183016375998154,-0.18949217159904952,0.17102507900779207,0.880362981295605,0.8495075020211553,1.0376855623278471,0.39287752716511304,0.8495075020211553,214315778.786187,0.36153061287209654,187.62900085449218,167.87650044759116,159.566583442688,False,True,True,True,True,False,dry_up,1,3,normal,False,False,,False,30.0,분산3일,0.04950026563435767,46.35231697685364,True,False,False,False,False,True,False,,Uptrend Under Pressure,193.17,-0.0758,0.4509343231871163,0.9878468725697951,-0.34317159548727527,0.028599686573008043,0.3043547396190958,0.42505296610169496,,False,,,0,0,0.348,0.838
AM,Antero Midstream Corporation,Energy,XLE,10642190336.0,2026-09-23,21.3799991607666,0.016159611713150834,0.0023440805081755833,-0.03432702122102016,-0.04216398950242939,-0.06381098501596161,False,-0.08074076983365697,-0.07733980029523668,-0.02864334382460465,-0.1301310480408534,0.933624433053103,0.8013534418792736,1.4423070540979626,0.5893172893545449,0.8013534418792736,51037915.68339596,0.2966087996637895,22.041500091552734,22.11255995432536,21.750403134028115,False,False,False,False,False,False,weak_rally,1,5,normal,False,False,,False,60.0,분산5일,0.023035556046248885,41.166376342624424,True,False,False,True,False,True,False,,Uptrend Under Pressure,22.95,-0.0684,0.38559763514249507,0.9516263576747145,0.07289049868385278,-0.1595326148842312,0.4438265693325142,0.4247881355932204,,False,,,0,0,0.348,0.838
HTHT,H World Group Limited,Consumer Discretionary,XLY,14552026112.0,2026-09-23,42.779998779296875,-0.019931333703762433,-0.012921120704185718,-0.10343501020680801,-0.11071112908104175,0.03827870840898262,False,-0.1465271780168349,0.023274600659749067,-0.0435557950533737,0.11625975681303014,0.8802769721854323,0.8064801612768068,0.8019507466561401,0.40292825871686244,0.8064801612768068,64453335.010578156,0.06185307535000786,44.75701541900635,42.910464413960774,44.6762336730957,False,False,True,False,False,False,dry_up,0,1,normal,False,False,,False,23.0,,0.021167159827836818,42.28283661330964,True,False,False,False,False,True,False,,Uptrend Under Pressure,47.67,-0.1025,0.7414706579429132,0.8941366305950827,0.11828962741623195,-0.13432233281110262,0.4935979906761591,0.42431144067796617,,False,,,0,0,0.348,0.838
IDXX,"IDEXX Laboratories, Inc.",Health Care,XLV,43856662528.0,2026-09-23,522.02001953125,0.013041008921935271,0.022105629788855552,-0.06700503937378943,-0.07457680753322116,-0.09947479086774502,False,-0.11184816381754903,-0.11248823047629297,-0.038075852227518414,-0.11865607160415903,0.8762253440552603,0.7020786791703015,1.1193138727966776,1.0694300984989658,0.7020786791703015,265779398.1536804,0.8107322332826309,527.2490020751953,549.8620035807292,555.8750834147136,False,False,False,False,False,False,weak_rally,3,1,normal,False,False,,False,65.0,,0.02529733370445205,44.86446930132067,True,False,False,False,True,True,False,,Uptrend Under Pressure,562.09,-0.0713,0.4701140346586328,0.9645151837456468,-0.27035857487660797,-0.17814440610403282,0.15603700625203282,0.42409957627118644,,False,,,0,0,0.348,0.838
ADBE,Adobe Inc.,Information Technology,XLK,116384030720.0,2026-09-23,240.69000244140625,0.010241353374212947,-0.03916166690057388,-0.12131282621704043,-0.12565841582699622,0.06484679618076039,False,-0.15833509413070534,0.057426541115953356,-0.19791613067863745,-0.03254202077220769,0.822056748580879,0.6693891786754956,1.1018653728842638,0.7561687847019315,0.6693891786754956,1504016446.164734,0.7517729728949779,264.1075012207031,250.8386657714844,244.09666659037273,False,False,True,True,True,False,weak_rally,3,3,normal,False,False,,False,18.0,분산3일,0.043289245625357395,39.19149058740362,True,False,False,False,False,True,False,,Uptrend Under Pressure,289.15,-0.1676,0.3607524938814726,0.9878468725697951,-0.342670113744586,-0.013048933301120225,0.2672825340609302,0.4227754237288136,,False,,,0,0,0.348,0.838
NXT,Nextpower Inc.,Industrials,XLI,12602953728.0,2026-09-23,81.80999755859375,-0.01611550141545226,0.025316413333607457,-0.034348484657460765,-0.04218527875125755,-0.20110180133202238,False,-0.0807612016594329,-0.21264663467628975,0.01345266319682814,-0.13196702935771432,0.7496563696287589,0.8042927852091081,1.2983833511041973,0.827337036585958,0.8042927852091081,174631468.22948456,0.11764547486334384,83.20000038146972,95.78566678365071,109.73358351389567,False,False,False,False,False,False,dry_up,2,4,normal,False,False,,False,79.0,분산4일,0.0483777727448342,42.75575575792476,True,False,True,False,False,True,False,,Uptrend Under Pressure,156.4,-0.4769,0.4227437309456347,0.9144666488821164,0.03831979431147481,-0.3706958385692869,0.3385466734125981,0.4202860169491526,,False,,,0,0,0.348,0.838
GIB,CGI Inc.,Information Technology,XLK,15582424064.0,2026-09-23,69.12999725341797,-0.0041774837680286225,-0.04145875456592063,-0.07604921765055639,-0.08354758732018452,-0.005245111430590144,False,-0.12045764605728215,-0.019620258885018282,-0.14936298088168443,-0.05263188016815534,0.918671059846086,1.0410260520122907,1.0034969754658323,0.7560431690734724,1.0410260520122907,28773709.311001968,0.05511167713952734,72.05499992370605,70.75471261342366,69.43991238276163,False,False,True,False,True,False,distribution,3,3,normal,False,False,,False,,분산3일,0.025443789762314182,41.15901839337326,False,False,False,True,False,True,False,,Uptrend Under Pressure,,,0.36718422563223463,0.9878468725697951,-0.30028526103046405,-0.13091205518087534,0.17438383144808645,0.42023305084745766,,False,,,0,0,0.348,0.838
PHM,"PulteGroup, Inc.",Consumer Discretionary,XLY,24062236672.0,2026-09-23,118.70999908447266,-0.002185442830652251,-0.006361447463505754,-0.0820919295767486,-0.08954125930973167,-0.06428841560138154,False,-0.12620992331413594,-0.07781033155787498,-0.020787266261012904,0.005989217720243634,0.8828947994086479,1.0289259038312273,1.4266855142376118,0.6280688676108137,1.0289259038312273,187822588.6445717,0.0,121.8863338470459,126.50198020935059,123.46420625050862,False,False,False,True,False,False,distribution,2,5,normal,False,False,,False,60.0,분산5일,0.024692413366539396,41.7333512828201,True,False,False,False,False,True,False,,Uptrend Under Pressure,137.31,-0.1355,0.4378872114658438,0.8941366305950827,-0.15393762031864078,-0.06978247133370885,0.3181408333634491,0.4200741525423729,,False,,,0,0,0.348,0.838
GPN,Global Payments Inc.,Financials,XLF,24093505536.0,2026-09-23,84.0,-0.015124878669012798,-0.05596766879134463,-0.1067038782513281,-0.11395346846032628,0.06687324251733484,False,-0.14963893239761972,0.05145591674934935,-0.049793053811420296,0.122908545250076,0.888303538046738,0.9635372280796513,1.161752651853501,0.3072457550291571,0.9635372280796513,225362774.860083,0.3599989149305556,89.25848693847657,85.14017804463704,76.73682572046916,False,False,True,True,True,False,dry_up,2,1,normal,False,False,,False,45.0,,0.032791362319646834,38.815453243210655,True,False,False,False,False,True,False,,Uptrend Under Pressure,82.14,0.0227,0.5239699779049152,0.9346486837235032,-0.0619417157440707,0.12747802019357768,0.5644564706732681,0.4189618644067797,,False,,,0,0,0.348,0.838
LRCX,Lam Research Corporation,Information Technology,XLK,377260736512.0,2026-09-23,307.2799987792969,-0.011834296298251834,0.14132892411797648,-0.023453901979666125,-0.028283457598339945,-0.13279556683486526,False,-0.06459932022368275,-0.13883857519108755,-0.08792631644987559,-0.13666802188497806,0.8936714810726488,1.0139698148825071,1.3502047089634606,1.048408392155752,1.0139698148825071,2648360468.075113,0.7792735176766092,296.88499908447267,313.8034993489583,308.19185269673665,True,False,False,True,False,False,distribution,5,4,normal,False,False,,False,58.0,분산4일,0.04949649528677672,52.97226654886906,True,False,False,False,False,True,False,,Uptrend Under Pressure,391.26,-0.2146,0.3989323356692313,0.9878468725697951,1.043675102089141,0.10897581489822006,0.8954410754941997,0.41890889830508476,,False,,,0,0,0.348,0.838
PLD,"Prologis, Inc.",Real Estate,XLRE,136015028224.0,2026-09-23,133.9600067138672,-0.01369459954387664,-0.006010108821204341,-0.05815023438417766,-0.06579386416484823,-0.07555369750386809,False,-0.10341895289739267,-0.08891281949943242,0.011894877744489829,0.006254307296581052,0.8997972505111271,0.9406867026061605,1.192851339791777,0.3758452622402103,0.9406867026061605,457239509.59065247,0.07262869856532747,136.64350051879882,139.85475311279296,139.8991386413574,False,False,False,True,False,False,dry_up,2,3,normal,False,False,,False,42.0,분산3일,0.017222412016932316,40.31719684436712,True,False,True,False,False,True,False,,Uptrend Under Pressure,143.98,-0.0696,0.47467760393828745,0.917022007899457,0.09888290907040531,-0.0642822179301702,0.553910230927686,0.41520127118644073,,False,,,0,0,0.348,0.838
SNA,Snap-On Incorporated,Industrials,XLI,19982704640.0,2026-09-23,370.25,0.0013522650439485862,-0.012192538378202666,-0.06144640126349843,-0.06906328083384827,-0.09600232497001948,False,-0.10655669403188683,-0.10906594498972588,-0.014986639507246102,-0.017772491390839695,0.8884767715688652,0.7100044253743144,1.4685751713318786,0.6324847492092183,0.7100044253743144,109514622.46887818,0.3238354258246102,380.5975006103516,396.0478810628255,384.77246246337893,False,False,False,True,False,False,weak_rally,2,5,normal,False,False,,False,65.0,분산5일,0.016643186745653276,29.29003491169877,True,False,False,False,False,True,False,,Uptrend Under Pressure,384.86,-0.038,0.6101072434545806,0.9144666488821164,0.029941846912761916,-0.0615709919087879,0.4986673773987207,0.4148834745762712,,False,,,0,0,0.348,0.838
BSY,"Bentley Systems, Incorporated",Information Technology,XLK,11101914112.0,2026-09-23,32.720001220703125,0.026027025617445076,0.028601737662397264,-0.12972871621128024,-0.1367914471741961,0.00524366555606437,False,-0.17155711306840205,-0.009283054630030985,-0.198783111819125,-0.0426427531506719,0.8702712837887198,1.1585225696493768,1.5060042743030775,0.9879990070985047,1.1585225696493768,89423561.33495292,0.7582431709222207,33.715085411071776,33.691908772786455,33.092615334192914,False,False,True,False,True,False,accumulation,4,4,normal,False,False,,False,33.0,분산4일,0.03820201382657445,46.23431411965982,True,False,False,False,False,True,False,,Uptrend Under Pressure,35.96,-0.0901,0.41936950945816326,0.9878468725697951,-0.3924786536420185,-0.1703312334682654,0.11464258610097214,0.41483050847457636,,False,,,0,0,0.348,0.838
HMY,Harmony Gold Mining Company Lim,Materials,XLB,12280805376.0,2026-09-23,18.729999542236328,-0.054994963136782093,-0.025494265797278204,-0.18387804271962138,-0.18791421304716338,0.20044318413201467,False,-0.2182642118298147,0.19207804217073243,-0.12898442290666046,0.2511970201521079,0.7956668994809484,0.7553905999237936,1.3026103206274067,0.3782176246525591,0.7553905999237936,93092037.51419678,0.28712901203326713,20.03749990463257,18.214833323160807,17.3892733335495,False,True,True,True,True,False,dry_up,1,2,normal,False,False,,False,22.0,,0.04601098630511719,44.19134901044646,True,False,False,False,False,True,False,,Uptrend Under Pressure,23.54,-0.2043,0.36258573941102634,0.9411475393682374,0.14363626778002225,0.43140036236290324,0.790089805211232,0.41271186440677965,,False,,,0,0,0.348,0.838
SE,Sea Limited,Consumer Discretionary,XLY,69504745472.0,2026-09-23,103.29000091552734,0.006234772334485328,0.006234772334485328,-0.1071058035698681,-0.11435213193345684,-0.09151635455371132,False,-0.15002153972642007,-0.1046448010818889,-0.04747175104053003,-0.023283705115689002,0.7854155975206758,0.5681179156793897,0.953275920111445,1.0882159613309486,0.5681179156793897,390424602.0045559,0.7908914857252977,110.19550018310547,110.18400039672852,98.9395835240682,False,False,True,True,True,False,weak_rally,2,2,normal,False,False,,False,29.0,,0.034624432893338136,39.59882775015846,True,False,False,False,False,True,False,,Uptrend Under Pressure,131.51,-0.2146,0.4326296638736144,0.8941366305950827,-0.47585621969713754,0.2574943662973963,0.3869945068844639,0.4104872881355932,,False,,,0,0,0.348,0.838
JHX,James Hardie Industries plc.,Materials,XLB,17247322112.0,2026-09-23,26.850000381469727,0.007504719167064744,-0.0077604984707024816,-0.11092716214698739,-0.1181424780802619,0.07588605266283999,False,-0.1536592299393469,0.06033848327774938,-0.05691514071052817,0.10689474565891954,0.863899628294081,0.8441621834528708,2.103440836736275,0.2981813695909243,0.8441621834528708,344265435.30960035,0.2435902138429373,28.49199981689453,27.74000005722046,24.786833333969117,False,False,True,True,True,False,weak_rally,2,7,normal,False,False,,False,31.0,분산7일,0.0420058696813985,40.9868557693146,True,False,False,False,False,True,False,,Uptrend Under Pressure,30.23,-0.1118,0.38971948351661717,0.9411475393682374,0.35749688595053275,0.3308463555996979,0.8869430089263127,0.40990466101694917,,False,,,0,0,0.348,0.838
REG,Regency Centers Corporation,Real Estate,XLRE,13978903552.0,2026-09-23,72.7300033569336,-0.002605524091916833,-0.017825788526998343,-0.042032671633601804,-0.04980710431631663,-0.1055113729308228,False,-0.08807605871701896,-0.11843757822841161,0.029211099274119245,-0.026354444400050858,0.8885645469637103,1.2627962821768404,1.2680105639101802,0.3802767666333701,1.2627962821768404,97252971.03462943,0.05814304217455333,74.37761421203614,77.14966570536295,77.11932220458985,False,False,False,True,False,False,distribution,1,9,normal,False,False,,False,60.0,분산9일,0.014240885615379489,29.37585385550875,True,False,True,False,False,True,False,,Uptrend Under Pressure,80.99,-0.102,0.4812842429985435,0.917022007899457,-0.040887845934756695,-0.12195858888508826,0.3787855516605833,0.40942796610169496,,False,,,0,0,0.348,0.838
BWXT,"BWX Technologies, Inc.",Industrials,XLI,13953111040.0,2026-09-23,141.80999755859375,-0.03838071211268679,-0.03333332986621462,-0.051565051455039534,-0.05926212362343042,-0.219588218179118,False,-0.0971502777630856,-0.23086590534382434,-0.004616148579357104,-0.15205321725884036,0.7898212503003156,0.6727312551296539,1.1302969749804872,1.1434987731651398,0.6727312551296539,173215557.21354675,0.10674256029557368,152.13500061035157,166.5391591389974,187.43366839090984,False,False,False,False,False,False,dry_up,1,1,normal,False,False,,False,65.0,,0.03428128115603233,32.71466683306116,True,False,False,False,False,True,False,,Uptrend Under Pressure,205.08,-0.3085,0.36697194038446895,0.9144666488821164,-0.2232243919255198,-0.3447219048198338,0.11891149578981605,0.4094279661016949,,False,,,0,0,0.348,0.838
WMS,"Advanced Drainage Systems, Inc.",Industrials,XLI,10234767360.0,2026-09-23,129.74000549316406,0.0225410490357576,0.019888424077508127,-0.0749575999798947,-0.08246482872837091,-0.14331999437429244,False,-0.11941849549428596,-0.15569982939057503,-0.029166662118463194,-0.06918492066573767,0.8588806483282232,0.8956560710019422,1.3285293338706514,1.143994076195289,0.8956560710019422,99784409.23952866,0.5249620372599993,131.77983894348145,141.17743695576985,141.65430088043212,False,False,False,False,False,False,weak_rally,3,5,normal,False,False,,False,64.0,분산5일,0.028378174330943595,43.22683848218963,True,False,False,False,False,True,False,,Uptrend Under Pressure,141.19,-0.0811,0.4639395964379806,0.9144666488821164,-0.13381946024627112,-0.10873250508735022,0.3064309204582415,0.4092161016949153,,False,,,0,0,0.348,0.838
VALE,VALE S.A.,Materials,XLB,64219459584.0,2026-09-23,13.819999694824219,-0.02332155000724523,-0.04492056393984145,-0.08111703923691349,-0.08857428074214124,-0.02433992281470465,False,-0.12528188974274346,-0.03843913221402473,-0.025294024449751262,0.0037801032113700117,0.8785759756518998,1.0430414587365322,0.9652015197110227,0.47863565490806087,1.0430414587365322,443518405.5203581,0.0819658803812192,14.935999965667724,14.45112984975179,15.165451510747273,False,False,False,True,False,False,distribution,0,4,normal,False,False,,False,13.0,분산4일,0.03439630955436969,36.970420078870454,True,False,False,False,False,True,False,,Uptrend Under Pressure,15.73,-0.1214,0.3200010795524924,0.9411475393682374,0.25071437421593346,-0.13381602868597076,0.5746187344150916,0.4086334745762712,,False,,,0,0,0.348,0.838
LIN,Linde plc,Materials,XLB,225686667264.0,2026-09-23,469.7200012207031,0.02671038518186486,0.014601714814229227,-0.03828974887652592,-0.0460945574396594,-0.12474336628672889,False,-0.08451303441391378,-0.13739165112018092,0.02013506457833225,-0.09951712213157593,0.9018771283062357,0.9809538010557578,1.2170117196444914,0.5779748066689175,0.9809538010557578,926186697.8535004,0.7004147632791147,473.1578430175781,492.9498072306315,498.16826782226565,False,False,False,False,False,False,weak_rally,1,4,normal,False,False,,False,151.0,분산4일,0.016277494519781915,45.80289636982086,True,False,True,True,False,True,False,,Uptrend Under Pressure,476.31,-0.0138,0.45084884892960025,0.9411475393682374,-0.11603502200431137,-0.1265448302453147,0.3103745798850782,0.4085805084745763,,False,,,0,0,0.348,0.838
JD,"JD.com, Inc.",Consumer Discretionary,XLY,38138118144.0,2026-09-23,27.15999984741211,-0.00439885763243919,0.0025839680483550342,-0.06986304322692027,-0.07741161711040412,-0.08466072055745655,False,-0.11456880163135985,-0.09788823747043152,-0.007741644788617386,-0.01591317129323877,0.8114729267058431,0.7729698007794128,1.010708583717085,0.5956609541640938,0.7729698007794128,161103324.31138,0.7888629922528227,27.667000007629394,29.103000195821128,29.309628454844155,False,False,True,False,False,False,dry_up,2,2,normal,False,False,,False,38.0,,0.017354580266221005,38.86334887021984,True,False,False,False,False,True,False,,Uptrend Under Pressure,32.2,-0.1565,0.5349533610425322,0.8941366305950827,-0.2550471839186831,-0.05711425427800798,0.2709244335224604,0.408103813559322,,False,,,0,0,0.348,0.838
EXR,Extra Space Storage Inc,Real Estate,XLRE,31141130240.0,2026-09-23,133.83999633789062,-0.026335007996266646,-0.02520033967197277,-0.07409459578571465,-0.08160882828871774,-0.09304318510852783,False,-0.11859697041425787,-0.10614956749345195,-0.005235261498654831,-0.012782896040248293,0.8859251900307512,1.6778847286556302,1.3204853606254408,0.6222179270887577,1.6778847286556302,194383932.75522462,0.4174765192142455,138.11310729980468,143.18330891927084,141.52276407877605,False,False,False,True,False,False,distribution,5,3,interest,False,False,,False,38.0,분산3일,0.020589562604199252,35.337607237410296,True,False,False,False,False,True,False,,Uptrend Under Pressure,151.07,-0.1141,0.33514156077521656,0.917022007899457,-0.062380600077084014,-0.03895404212185338,0.4345795236890607,0.40741525423728814,,False,,,0,0,0.348,0.838
F,Ford Motor Company,Consumer Discretionary,XLY,55587082240.0,2026-09-23,12.9399995803833,-0.012213801253987078,-0.0307116696157943,-0.07240145108898333,-0.0769889342532174,-0.08348715006888552,False,-0.11148453209750708,-0.08987375811527676,-0.009028874303699697,-0.011757412382732091,0.8560303872907064,0.7308607914676427,1.2023648906051236,0.5774772206978736,0.7308607914676427,654755267.726445,0.30434584302554596,13.735999965667725,13.919615443547567,13.610926008224487,False,False,False,True,False,False,dry_up,2,4,normal,False,False,,False,39.0,분산4일,0.034279102157610826,37.22515360345053,True,False,False,False,False,True,False,,Uptrend Under Pressure,15.12,-0.144,0.3434921132270072,0.8941366305950827,0.08315231345639806,0.02764058386138113,0.6235526363340682,0.40699152542372885,,False,,,0,0,0.348,0.838
BAM,Brookfield Asset Management Inc,Financials,XLF,82258460672.0,2026-09-23,45.2599983215332,-0.020770291514832562,-0.012652744963438711,-0.12635894366679956,-0.13344902219056365,-0.04610216428376035,False,-0.16834930402419357,-0.05988688874447756,-0.07070031986896441,0.003999339690923476,0.8181197027455738,0.6595313083644112,1.0258038620824985,0.8623344285258034,0.6595313083644112,117461611.5056862,0.02816432232621614,48.50549373626709,48.70985666910807,47.618872261047365,False,False,False,True,False,False,dry_up,4,5,normal,False,False,,False,26.0,분산5일,0.027566131425440395,32.61444377780258,True,False,False,False,False,True,False,,Uptrend Under Pressure,53.79,-0.1585,0.48886421745423264,0.9346486837235032,-0.22880991941164763,0.04085417991438933,0.36741624805753315,0.40693855932203393,,False,,,0,0,0.348,0.838
CAH,"Cardinal Health, Inc.",Health Care,XLV,54566916096.0,2026-09-23,221.27000427246094,-0.01984494231468026,-0.04891463538609364,-0.04776860643788661,-0.05549648884932601,-0.07830405337392177,False,-0.09353630367400068,-0.09162343013009255,-0.018242959083453636,-0.09793627302370334,0.8900285737871791,0.7530630873670032,1.2571873098836153,0.5978854411960077,0.7530630873670032,373511553.1965729,0.06623889823545522,235.55750045776367,233.70351537068686,220.04670270284018,False,False,True,True,True,False,dry_up,1,3,normal,False,False,,False,63.0,분산3일,0.022658152150424868,32.39134351828572,True,False,False,False,False,True,False,,Uptrend Under Pressure,228.41,-0.0313,0.3535073309563004,0.9645151837456468,0.3325453024219951,-0.046340057356359377,0.6930423548118969,0.4068326271186441,,False,,,0,0,0.348,0.838
AYI,Acuity Inc.,Industrials,XLI,9932315648.0,2026-09-23,306.05999755859375,-0.00130520755608321,0.02074440133628408,-0.09070382100319141,-0.09808326049233929,-0.08389067059572775,False,-0.13440789597870995,-0.0971293154577827,-0.04569234387611609,-0.004612722920416146,0.849223093068369,1.3087935778768822,1.5592118917319335,0.8214093861405479,1.3087935778768822,79385846.88786316,0.08463917854523423,320.5764984130859,336.29434763590496,315.00124231974286,False,False,False,True,False,False,distribution,3,4,normal,False,False,,False,60.0,분산4일,0.029436325476279314,36.801121583744155,True,False,False,False,False,True,False,,Uptrend Under Pressure,362.27,-0.1552,0.40260492974620204,0.9144666488821164,-0.12187462542219285,0.05033126089652806,0.46649018828376276,0.40651483050847464,,False,,,0,0,0.348,0.838
COF,Capital One Financial Corporati,Financials,XLF,131598630912.0,2026-09-23,196.10000610351562,-0.04304114846886775,-0.051970025055838254,-0.09326304050715595,-0.10062171051997126,-0.056549234157018735,False,-0.13684411010371922,-0.07018298859324001,-0.03549591641637029,-0.006996440844191043,0.8656308462754753,1.4412806345055607,1.3792080119333023,0.6561288282701684,1.4412806345055607,713746240.8073044,0.0654936235961534,210.53900070190429,210.4024424235026,200.1173895517985,False,False,True,True,True,False,distribution,2,4,normal,False,False,,False,63.0,분산4일,0.02645516231596108,31.588100707444994,True,False,False,False,False,True,False,,Uptrend Under Pressure,197.11,-0.0051,0.35912913474302477,0.9346486837235032,-0.16679835068934168,0.018958077443666177,0.38588052473708934,0.4040254237288136,,False,,,0,0,0.348,0.838
BSX,Boston Scientific Corporation,Health Care,XLV,69997789184.0,2026-09-23,44.619998931884766,0.020585491446771798,0.0170959657684171,-0.0895735470311092,-0.0969621593162896,-0.02734776293073149,False,-0.13333194707645624,-0.041403506200169526,-0.06134413706390507,-0.04806535687360891,0.8579119471613437,0.8412941701785218,1.2226338905076155,0.6881450549772851,0.8412941701785218,995033352.8094339,0.36206783153925415,45.75599956512451,46.40233319600423,50.53841660817464,False,False,False,False,False,False,weak_rally,2,4,normal,False,False,,False,21.0,분산4일,0.03550618050221149,44.224361744004945,True,False,False,False,False,True,False,,Uptrend Under Pressure,50.37,-0.1142,0.3077313129853084,0.9645151837456468,-0.5573927838618471,-0.38163765418687123,0.015527086119041597,0.40349576271186444,,False,,,0,0,0.348,0.838
OTIS,Otis Worldwide Corporation,Industrials,XLI,27077009408.0,2026-09-23,68.31999969482422,0.02521008884397946,-0.0026277416813982324,-0.05360856927139124,-0.06128905716678179,-0.0888130878070037,False,-0.09909557669551095,-0.10198059909227786,-0.006760823485746137,-0.009961114544992045,0.9164548616629754,0.692712557293725,1.5443518914470606,0.4927179873984604,0.692712557293725,307823513.60786855,0.5880124127762443,69.93749961853027,71.43723564147949,72.76072069803874,False,False,False,False,False,False,weak_rally,3,6,normal,False,False,surge,False,4.0,분산6일,0.02277308232055157,42.97580438349304,True,False,False,True,False,True,False,,Uptrend Under Pressure,69.25,-0.0134,0.3204729433577703,0.9144666488821164,-0.29587043554953407,-0.21845846865186602,0.11655704528206426,0.40307203389830515,,False,,,0,0,0.348,0.838
IBM,International Business Machines,Information Technology,XLK,220336963584.0,2026-09-23,232.75999450683594,0.0035786739846750404,-0.06284978426233145,0.007444603837799546,-0.0007313641959511008,-0.2138239192276311,False,-0.04097684070009,-0.225184905955226,-0.07249423767324958,-0.2512746968560198,0.9344413582595142,0.8157665729825134,1.379804370547314,1.1052386553663727,0.8157665729825134,1306525297.2601783,0.043151153569782455,236.06449813842772,239.35887196858724,243.92390480041504,False,False,False,False,False,False,weak_rally,5,3,normal,False,False,,False,74.0,분산3일,0.03200721474432926,46.99488997509951,True,False,False,True,False,True,False,,Uptrend Under Pressure,282.81,-0.177,0.6564166292351504,0.9878468725697951,-0.21971507996684736,-0.17833278085587911,0.1826948791153193,0.4025953389830509,,False,,,0,0,0.348,0.838
LLY,Eli Lilly and Company,Health Care,XLV,1031504003072.0,2026-09-23,1150.989990234375,-0.011932477950081455,0.013097327789270308,-0.0769410146070657,-0.0844321468530368,-0.050766103640590976,False,-0.12130658001496852,-0.06448342977359611,-0.048319910247020315,-0.07098488448753115,0.8989721643945847,0.897868381881465,1.0463906408126475,0.6872360820688836,0.897868381881465,2771033290.646118,0.1167833779596343,1153.9914916992188,1180.5201721191406,1096.7706604003906,False,False,True,True,False,False,dry_up,2,0,normal,False,False,,False,23.0,,0.02340903061511276,46.89591797475562,True,False,False,False,False,True,False,,Uptrend Under Pressure,1280.34,-0.101,0.5705948045427792,0.9645151837456468,0.4441726135875259,0.18073651826338089,0.8781666726898196,0.40259533898305083,,False,,,0,0,0.348,0.838
KVUE,Kenvue Inc.,Consumer Staples,XLP,36264202240.0,2026-09-23,17.670000076293945,0.0,-0.002185587294728286,-0.07973059167455476,-0.08719908496564488,-0.08489249738400817,False,-0.12396207988283481,-0.09811666490298032,-0.030065115214002014,-0.0414618704895765,0.9136000055225245,0.588925056851992,0.8396052793116139,0.7481020294304545,0.588925056851992,494508804.5287751,0.1153871547518615,18.19202003479004,18.612438678741455,17.843688488006592,False,False,False,True,False,False,dry_up,3,2,normal,False,False,,False,62.0,,0.018587191892998744,36.81010548204342,True,False,False,True,False,True,False,,Uptrend Under Pressure,18.37,-0.0383,0.40276665952676977,0.9334307577070513,-0.06361653724073912,-0.05391119476223105,0.42016461277149364,0.4021716101694915,,False,,,0,0,0.348,0.838
BR,"Broadridge Financial Solutions,",Industrials,XLI,20795295744.0,2026-09-23,163.4499969482422,-0.007107266453946992,-0.039941280773907906,-0.11320179428328836,-0.12039865032351849,0.05976403061853541,False,-0.1558245349985934,0.04444943967548465,-0.06930399940089149,0.15147351841753798,0.8867982057167116,0.7394003881274954,1.2537443788677414,0.3093892422353964,0.7394003881274954,190102970.42940444,0.4512183775435201,172.89506988525392,161.7933011372884,155.76282246907553,False,True,True,True,True,False,dry_up,0,2,normal,False,False,,False,23.0,,0.027877290873245076,41.48929721146362,True,False,False,False,False,True,False,,Uptrend Under Pressure,174.95,-0.0657,0.4929516892286399,0.9144666488821164,-0.3406422571612965,-0.08346324419875417,0.20012558274005277,0.4005826271186441,,False,,,0,0,0.348,0.838
BF-A,Brown Forman Inc,Consumer Staples,XLP,12499462144.0,2026-09-23,26.6200008392334,-0.004115177885772869,0.0003758071646922101,-0.08544862013065202,-0.09287070847034817,-0.020413650832645347,False,-0.12940527913572009,-0.03456959856955666,-0.03609173657247955,0.026077115683798224,0.8986301706795988,0.7622984146009057,1.354032083205244,0.4397990129701541,0.7622984146009057,5025813.931686115,0.3783810255326388,27.102207756042482,27.360345458984376,27.20827668507894,False,False,False,True,False,False,dry_up,3,5,normal,False,False,,False,,분산5일,0.02822371508612462,44.11018054833136,False,False,False,False,False,True,False,,Uptrend Under Pressure,,,0.4729268419319304,0.9334307577070513,-0.04636133882404103,0.07067502690414895,0.5465577680604243,0.3983580508474577,,False,,,0,0,0.348,0.838
FTAI,FTAI Aviation Ltd.,Industrials,XLI,19524618240.0,2026-09-23,186.00999450683594,-0.034917561453358004,0.05423935577538752,-0.06254411741069987,-0.07015208840970444,-0.13547344708893228,False,-0.10760164995650368,-0.14796667212272718,-0.016138694192751157,-0.06065935162483538,0.8178780305903071,1.0041057019554351,1.082513680397452,0.7839962712144221,1.0041057019554351,261755275.08921736,0.05958046975396765,190.5865005493164,209.65866216023764,229.95464032491049,False,False,False,False,False,False,distribution,4,4,normal,False,False,,False,95.0,분산4일,0.050036863464507995,43.933710490835225,True,False,False,False,False,True,False,,Uptrend Under Pressure,284.45,-0.3461,0.36482742685086955,0.9144666488821164,0.015524175562343423,-0.2559458765894186,0.3354260778432294,0.3980932203389831,,False,,,0,0,0.348,0.838
TYL,"Tyler Technologies, Inc.",Information Technology,XLK,15243254784.0,2026-09-23,332.5299987792969,0.00021057368109866914,-0.0583354736744951,-0.0653756688130499,-0.07296066021231928,0.03002203907974499,False,-0.11029710672033688,0.015137247998822545,-0.13953635814376852,-0.019044737792959454,0.8767632779067839,0.5436759948201291,0.9161919038960094,0.46544611532367586,0.5436759948201291,371164688.574086,0.3401717683039363,354.159001159668,328.90650278727213,322.9479169209798,False,True,True,False,True,False,weak_rally,0,1,normal,False,False,,False,17.0,,0.04001141877207269,43.67458353993615,True,False,False,False,False,True,False,,Uptrend Under Pressure,369.88,-0.101,0.37494955491567455,0.9878468725697951,-0.4357259182673816,-0.1422883447985146,0.12178092587907918,0.3978283898305085,,False,,,0,0,0.348,0.838
FITB,Fifth Third Bancorp,Financials,XLF,48763613184.0,2026-09-23,51.689998626708984,-0.030388345617144763,-0.05450886486272255,-0.058469996538283886,-0.06611103127289408,-0.12014343307760245,False,-0.10372334612168244,-0.13285819128949317,0.0015137506507485465,-0.0739307930712283,0.8706417307841449,1.4374274309638129,1.3683326683466883,0.6326392627154238,1.4374274309638129,279258046.8403341,0.028300698520547157,54.04449977874756,56.064999707539876,53.09824902216594,False,False,False,True,False,False,distribution,3,3,normal,False,False,,False,57.0,분산3일,0.021487991114874747,33.705214027414485,True,False,True,False,False,True,False,,Uptrend Under Pressure,57.49,-0.1009,0.27444020738363545,0.9346486837235032,0.057388988100232075,0.04821871252407206,0.6187452567670124,0.396292372881356,,False,,,0,0,0.348,0.838
AHR,"American Healthcare REIT, Inc.",Real Estate,XLRE,12035712000.0,2026-09-23,51.70000076293945,-0.01147224632645738,-0.026181943598669988,-0.07990742077781943,-0.08737447900330864,-0.07415022411072092,False,-0.12413040993753255,-0.0875296276220705,-0.011480384712005298,0.0077819797457188145,0.8957033899783702,1.1443080450749796,1.5325788920628014,0.5246048538067047,1.1443080450749796,176290514.421484,0.39393962746896216,54.48000011444092,54.94283339182536,51.872868124643965,False,False,True,True,False,False,distribution,2,4,normal,False,False,,False,52.0,분산4일,0.021801595374044552,32.56002170344047,True,False,False,False,False,True,False,,Uptrend Under Pressure,53.84,-0.0397,0.534992612875525,0.917022007899457,0.16344009654027958,0.0034349233401242962,0.6556738101261248,0.39586864406779665,,False,,,0,0,0.348,0.838
MKSI,MKS Inc.,Information Technology,XLK,17326323712.0,2026-09-23,262.7200012207031,0.022575071967292137,0.13485961650411715,-0.022655393747262553,-0.03058708371635932,-0.27294596912327507,False,-0.06963012314259887,-0.2834525864028542,-0.10020585685291938,-0.30758037164470176,0.7336560616683602,1.168444185330073,1.0201661132983935,2.003281144569357,1.168444185330073,335745309.3342743,0.8977822509446622,255.68499908447265,303.1007039388021,305.8312346140544,True,False,False,True,False,False,accumulation,2,1,normal,False,False,,False,57.0,,0.04368584633981973,48.58535600212134,True,False,False,False,False,True,False,,Uptrend Under Pressure,410.67,-0.3603,0.4247376944524752,0.9878468725697951,0.8715277267263128,0.014621632560982478,0.8170349824726247,0.3953919491525424,,False,,,0,0,0.348,0.838
USB,U.S. Bancorp,Financials,XLF,95944810496.0,2026-09-23,58.47999954223633,-0.032428840652000246,-0.060109315414515696,-0.0631207744679041,-0.0707240655771677,-0.08695943279497631,False,-0.10815059078235734,-0.10015373114552006,-0.0034333227623262186,-0.03900387204824041,0.8939162515904291,0.9901545432926506,1.464652917993453,0.5270313446267154,0.9901545432926506,466051041.2966646,0.06250124175968275,61.812500190734866,62.749833488464354,59.0741104443868,False,False,True,True,False,False,dry_up,1,4,normal,False,False,,False,61.0,분산4일,0.022364161444482805,31.361445746826703,True,False,False,False,False,True,False,,Uptrend Under Pressure,60.69,-0.0364,0.26506414835542635,0.9346486837235032,0.10031921717412318,0.04769306114366367,0.6517997181164397,0.3949152542372882,,False,,,0,0,0.348,0.838
DUK,Duke Energy Corporation (Holdin,Utilities,XLU,93494091776.0,2026-09-23,114.16999816894531,-0.02201473138472465,-0.0305680442959666,-0.06395017605717501,-0.07154673611556472,-0.1163535837210975,False,-0.1089401283206406,-0.1291231088348208,0.010334021428512807,0.03661255285565845,0.8824226272076354,1.0152965849932443,1.3064313474702052,0.44675456215669324,1.0152965849932443,450275595.55218124,0.036044462031008306,119.45199928283691,122.9065923055013,123.67255681355795,False,False,False,False,False,False,distribution,1,7,normal,False,False,,False,56.0,분산7일,0.0143512885695212,26.849897918268013,True,False,True,False,False,True,False,,Uptrend Under Pressure,128.47,-0.1113,0.48363568660773354,0.8501929415105124,-0.11922591146400652,-0.18244409268108275,0.2650193343211304,0.39480932203389835,,False,,,0,0,0.348,0.838
ARES,Ares Management Corporation,Financials,XLF,47224139776.0,2026-09-23,121.4800033569336,-0.04097256561959994,-0.049080208556292804,-0.1231786380761396,-0.13029452653203066,-0.007997271401342654,False,-0.1653218554642676,-0.022332647545418416,-0.06731740082378623,0.04410561298403226,0.8214369473175377,0.7668895952596886,1.364844750071368,0.5741090532592863,0.7668895952596886,281346895.3901497,0.09671769626160417,133.3704776763916,129.74009183247884,123.88829441070557,False,False,True,True,True,False,dry_up,0,3,normal,False,False,,False,12.0,분산3일,0.03703657593558885,33.88722877630714,True,False,False,False,False,True,False,,Uptrend Under Pressure,140.04,-0.1325,0.43561091376835837,0.9346486837235032,-0.3162573465256131,0.1370428356914597,0.3925635141483864,0.3941207627118644,,False,,,0,0,0.348,0.838
ASTS,"AST SpaceMobile, Inc.",Information Technology,XLK,22999797760.0,2026-09-23,59.97999954223633,-0.05825088969175818,0.01197906325272613,-0.03273663657868464,-0.037520283987668934,-0.1487039944670051,False,-0.07349093964821118,-0.15463614688495153,-0.11434321854546925,-0.17730197376180246,0.8071592183130115,0.862655248399358,1.2351014156361935,1.1255313313428401,0.862655248399358,594741517.7638998,0.015508224910178696,60.7125,65.19433288574218,76.22658332188924,False,False,False,False,False,False,dry_up,2,1,normal,False,False,,False,78.0,,0.06484423454150161,46.39897420427741,True,False,False,False,False,True,False,,Uptrend Under Pressure,118.17,-0.4924,0.40167393256905765,0.9878468725697951,0.10565177427865802,-0.38829710185119526,0.39186241913917097,0.39348516949152545,,False,,,0,0,0.348,0.838
GIS,"General Mills, Inc.",Consumer Staples,XLP,22026735616.0,2026-09-23,35.81999969482422,0.010437205188203347,-0.02689491012040912,-0.09954749135220187,-0.10400072247084013,-0.04038345257670228,False,-0.13748681152591913,-0.047070423483530965,-0.07739125603458719,-0.0022280276748917194,0.8620938713008338,1.5912708010082068,1.181790584182744,0.6717657426269468,1.5912708010082068,369551260.21224135,0.8758619238165894,37.930000114440915,37.49036502838135,35.66812586784363,False,False,True,True,True,False,accumulation,3,3,interest,True,False,surge,False,57.0,분산3일,0.03220468508847697,38.595742726753116,True,False,False,False,False,True,False,,Uptrend Under Pressure,36.93,-0.0301,0.4340737082024813,0.9334307577070513,-0.24799937980400988,-0.01840178923861846,0.3069739077012034,0.3933792372881356,,False,,,0,0,0.348,0.838
AMCR,Amcor plc,Materials,XLB,21217044480.0,2026-09-23,42.79999923706055,0.015421060205242476,0.008007540271290914,-0.09382296464259965,-0.10117709056255342,-0.004100011468818332,False,-0.13737712225277043,-0.018491706698974708,-0.03877184692186819,0.024603359973473182,0.8934954071613975,0.7847281062798324,1.0673709027087335,0.3834979502178023,0.7847281062798324,146813722.1437809,0.10203890977882617,44.02362174987793,44.356902821858725,41.476758829752605,False,False,True,True,False,False,weak_rally,0,3,normal,False,False,,False,29.0,분산3일,0.02131752739317878,42.20740291631577,True,False,False,False,False,True,False,,Uptrend Under Pressure,46.73,-0.0841,0.4832050121908736,0.9411475393682374,0.04172411526446429,0.07145156320329882,0.6228849698240035,0.3916843220338983,,False,,,0,0,0.348,0.838
PNC,"PNC Financial Services Group, I",Financials,XLF,95598878720.0,2026-09-23,224.02999877929688,-0.03952840823452575,-0.06956557888910586,-0.08063851972709513,-0.08809964468179599,-0.1307565216419735,False,-0.12482636961752303,-0.14331791070251554,-0.022067102560072382,-0.08510131208462879,0.8718138215164066,1.1916524119978456,1.364695780751859,0.9807626452775688,1.1916524119978456,389276740.1935806,0.01608515477666098,239.65700073242186,246.80563201904297,233.9977954864502,False,False,True,True,False,False,distribution,3,4,normal,False,False,,False,70.0,분산4일,0.02295610931964352,26.169661901804844,True,False,False,False,False,True,False,,Uptrend Under Pressure,232.09,-0.0347,0.22086241663440856,0.9346486837235032,0.05042215049921883,0.03379735582037502,0.5979337573633046,0.3913135593220339,,False,,,0,0,0.348,0.838
GEN,Gen Digital Inc.,Information Technology,XLK,18556196864.0,2026-09-23,26.229999542236328,-0.10017153051479766,-0.16010246792472282,-0.0989351084757828,-0.10624774653188274,-0.019787177778122444,False,-0.14224355789699183,-0.03395217864222988,-0.17043291915473313,-0.0664812115084058,0.8350843575186274,1.5504587199410529,1.405074810795788,0.8095447566590588,1.5504587199410529,198733571.1630289,0.045256510057002236,30.090499782562254,28.09891554514567,25.09794742266337,False,False,True,True,True,False,distribution,2,3,interest,False,False,,False,11.0,분산3일,0.038056202597929176,32.58784908521123,True,False,False,False,False,True,False,,Uptrend Under Pressure,30.65,-0.1442,0.22612668516226012,0.9878468725697951,-0.1250168433910589,0.18645984945215988,0.537004445086914,0.39041313559322033,,False,,,0,0,0.348,0.838
AEE,Ameren Corporation,Utilities,XLU,29348155392.0,2026-09-23,99.73999786376953,-0.02052444200828618,-0.031838467153722516,-0.06263932024233632,-0.07024651861790787,-0.13809176923016853,False,-0.10769227699447925,-0.15054715703662624,0.011748905757362094,0.011111316659963011,0.8828228162037038,0.9555130954117734,1.2176927518275569,0.5212303320105593,0.9555130954117734,152815489.05088004,0.10932355986007056,104.60646781921386,108.23070983886718,108.62177899678548,False,False,False,False,False,False,dry_up,1,5,normal,False,False,,False,60.0,분산5일,0.016207696821361927,25.433692897224915,True,False,True,False,False,True,False,,Uptrend Under Pressure,117.49,-0.1511,0.4074356545776114,0.8501929415105124,-0.06015098281588782,-0.14647394302035466,0.33565104260778433,0.3883474576271187,,False,,,0,0,0.348,0.838
FMS,Fresenius Medical Care AG,Health Care,XLV,12102668288.0,2026-09-23,22.40999984741211,0.008550879384745302,-0.023954671558872098,-0.04759884430726158,-0.05532810443192515,-0.10790215744816434,False,-0.09337470092758526,-0.12079381365193786,-0.018067933172578376,-0.12690393439877845,0.8719844039743504,1.0754225189283686,1.1771439801320198,0.6309762221041445,1.0754225189283686,14788870.935970878,0.02221864297582313,22.679499912261964,23.59833345413208,22.758894364039104,False,False,False,True,False,False,accumulation,4,1,normal,False,False,,False,,,0.016351128355943285,41.46566727647111,False,False,False,False,True,True,False,,Uptrend Under Pressure,,,0.36642551861036377,0.9645151837456468,-0.17179750253209713,-0.04983264834266399,0.3275974847313071,0.3883474576271187,,False,,,0,0,0.348,0.838
CINF,Cincinnati Financial Corporatio,Financials,XLF,26075920384.0,2026-09-23,162.57000732421875,-0.025651774784122616,-0.053008626677860216,-0.05046433649224691,-0.05817034156902379,-0.13379095691257237,False,-0.09610246715684001,-0.14630849551813618,0.01002944169581621,-0.08829512476974577,0.8824296319511745,0.9414169452529104,1.6957672361347644,0.6076924963975754,0.9414169452529104,102513884.18499145,0.05882436307462644,170.33050155639648,175.70483322143554,170.01442057291666,False,False,False,True,False,False,dry_up,2,4,normal,False,False,,False,60.0,분산4일,0.01833058511826523,29.78038495316784,True,False,True,False,False,True,False,,Uptrend Under Pressure,184.08,-0.1169,0.4493644289436614,0.9346486837235032,-0.05252600354967363,-0.09289356802559423,0.39036897835278817,0.38760593220338985,,False,,,0,0,0.348,0.838
CCK,"Crown Holdings, Inc.",Materials,XLB,12658635776.0,2026-09-23,109.7300033569336,0.009197093434433645,-0.023146073459800243,-0.08375082331651484,-0.0911866902127959,-0.023985548247036248,False,-0.12778908459922578,-0.03808987869348357,-0.028087813419964247,0.004144691399846412,0.9009771125056607,1.216932065713743,1.4994410196332935,0.38327132767605043,1.216932065713743,102431934.9514,0.3187711255363153,114.08400039672851,115.4809939066569,107.8444055557251,False,False,True,True,False,False,accumulation,2,5,normal,False,False,,False,44.0,분산5일,0.01935921431353077,33.73785611744064,True,False,False,True,False,True,False,,Uptrend Under Pressure,117.65,-0.0673,0.5749256769050536,0.9411475393682374,0.09839281041764725,0.017882405900241594,0.6195800657728308,0.3873411016949153,,False,,,0,0,0.348,0.838
XYL,Xylem Inc.,Industrials,XLI,25709234176.0,2026-09-23,108.63999938964844,0.013054844775895802,0.01060464548510165,-0.044898867547804144,-0.052650039471481835,-0.1243098720633079,False,-0.09080449485171016,-0.13696442129762265,0.0023800210810314137,-0.04852970706106274,0.8703387030349748,0.7208235795916577,1.0562585693261188,0.526953311828336,0.7208235795916577,281210868.1842369,0.7663550735488103,108.49561462402343,115.4031541188558,115.01704826354981,True,False,False,False,False,False,weak_rally,2,4,normal,False,False,,False,39.0,분산4일,0.02297888611601676,44.402006249082845,True,False,True,False,False,True,False,,Uptrend Under Pressure,124.5,-0.1274,0.49590222658431077,0.9144666488821164,-0.31066111946220565,-0.18954139739336062,0.12922012214954284,0.38691737288135597,,False,,,0,0,0.348,0.838
SYF,Synchrony Financial,Financials,XLF,25079584768.0,2026-09-23,70.66999816894531,-0.05773335774739585,-0.07086510074492425,-0.116845774385961,-0.12401305751992742,-0.05640536448502975,False,-0.15929337219041362,-0.07004119797386277,-0.060581077983949516,-0.006845014716287068,0.8724691131968557,1.0898218483606652,1.1127384068266828,0.7563317581579337,1.0898218483606652,243981916.00108033,0.11702162197259919,76.98649978637695,76.39603830973307,74.64413598378499,False,False,False,True,True,False,distribution,2,1,normal,False,False,,False,21.0,,0.03089914889890664,29.867400997733284,True,False,False,False,False,True,False,,Uptrend Under Pressure,79.47,-0.1107,0.3123677412939169,0.9346486837235032,-0.0931716548552719,0.027994343901164287,0.46917892378302195,0.38681144067796613,,False,,,0,0,0.348,0.838
XYZ,"Block, Inc.",Financials,XLF,49277206528.0,2026-09-23,74.68000030517578,-0.04145813380964414,-0.04635419954778952,-0.08232977604285663,-0.08977717552072051,-0.07664494440272118,False,-0.12643633801573462,-0.08998829685016829,-0.023866106787109542,-0.02814763656124175,0.880141445470419,1.2901941818175555,1.0899690355562888,0.617403354534677,1.2901941818175555,320328359.97617686,0.1282562495222078,80.01399955749511,79.94233258565266,75.00849952697754,False,False,True,True,True,False,distribution,0,3,normal,False,False,,False,48.0,분산3일,0.03305915032661138,37.34524752709176,True,False,False,False,False,True,False,,Uptrend Under Pressure,81.81,-0.0872,0.3573021918802994,0.9346486837235032,-0.0831059188364649,0.14664179813456624,0.5588504210183947,0.38659957627118646,,False,,,0,0,0.348,0.838
RELX,RELX PLC PLC,Industrials,XLI,63448911872.0,2026-09-23,33.220001220703125,-0.005686879005589174,-0.02922267575475712,-0.08711179505672251,-0.09452038581553113,-0.02490848256592393,False,-0.1309885158377604,-0.038999475739966205,-0.04192250744560044,0.05947364499962271,0.8757859489460156,0.7624067563872106,0.8283581778593527,0.36159242173956413,0.7624067563872106,73026366.09045792,0.48220980344066433,34.9350004196167,34.388797982533774,33.895180225372314,False,False,True,True,True,False,dry_up,1,4,normal,False,False,,False,175.0,분산4일,0.027598482310264832,41.01435435172844,True,False,False,False,False,True,False,,Uptrend Under Pressure,41.98,-0.2087,0.3342904246436286,0.9144666488821164,-0.32549855050444887,-0.06824916113697443,0.2240947201040801,0.3859110169491526,,False,,,0,0,0.348,0.838
CDNS,"Cadence Design Systems, Inc.",Information Technology,XLK,93297639424.0,2026-09-23,309.0899963378906,0.048118015378417534,0.12823042042097899,-0.021619450492350922,-0.029559547711736966,-0.20396058744194367,False,-0.06864397108084175,-0.21546410862746435,-0.09925211375407939,-0.24188122093903042,0.8203025646267241,1.3459824463684198,1.099249057832015,1.2231981739728597,1.3459824463684198,802075828.8920944,0.3333323058048169,302.7095001220703,330.8076670328776,340.228667195638,True,False,False,True,False,False,accumulation,4,1,normal,False,False,,False,78.0,,0.03325893189928092,52.64532639039091,True,False,False,False,True,True,False,,Uptrend Under Pressure,414.16,-0.2537,0.28491826580437013,0.9878468725697951,-0.2654517249045174,-0.0689604418051949,0.2509685230024213,0.38564618644067794,,False,,,0,0,0.348,0.838
AMP,"Ameriprise Financial, Inc.",Financials,XLF,48857985024.0,2026-09-23,502.7900085449219,-0.061468610391699596,-0.10110132584013909,-0.10396876985766335,-0.11124055697824387,-0.05274190193838446,False,-0.14703528324140014,-0.0664306759203045,-0.046883694942659426,-0.002989136403016124,0.8810366843026342,1.342516063523698,1.4368064190846583,0.6404845333708837,1.342516063523698,297369693.07512057,0.09501394269920786,550.7920028686524,538.1171905517579,497.29920018513997,False,False,True,True,True,False,distribution,4,5,normal,False,False,,False,5.0,분산5일,0.02926953681249944,27.717076092094715,True,False,False,False,False,True,False,,Uptrend Under Pressure,559.34,-0.1011,0.20931632914533094,0.9346486837235032,-0.011377116232399564,0.07815852555659464,0.5819061472299518,0.3853283898305085,,False,,,0,0,0.348,0.838
WPC,W. P. Carey Inc. REIT,Real Estate,XLRE,15937394688.0,2026-09-23,66.48999786376953,0.0043806786842313095,-0.026785741206514113,-0.07110930199888421,-0.07864776180578026,-0.10774670311624046,False,-0.11575516068300507,-0.12064060578190072,-0.0020279522209583067,-0.028787588024762556,0.866996945456745,1.2367604670419332,1.4415995847841059,0.5699182413370948,1.2367604670419332,101328259.85727616,0.5638270242192065,69.19599952697754,71.48916651407878,71.92997531890869,False,False,False,True,False,False,accumulation,2,6,normal,False,False,,False,269.0,분산6일,0.016747950109334768,25.51714251826786,True,False,False,False,False,True,False,,Uptrend Under Pressure,62.44,0.0648,0.4650776160926357,0.917022007899457,-0.03792209649219591,-0.07667745812803217,0.4199035090889379,0.3851165254237288,,False,,,0,0,0.348,0.838
HAL,Halliburton Company,Energy,XLE,30700853248.0,2026-09-23,33.0099983215332,-0.011380685087195364,-0.07457246941290663,-0.04235649606340608,-0.05012830073245467,-0.08327325707045519,False,-0.08838431896929133,-0.09652082414095409,-0.036720077879653146,-0.14821460373721518,0.8772255483538461,0.5591420165384509,1.1024148978347694,0.5983297947149561,0.5591420165384509,394728442.9124018,0.35766195724206296,35.483172225952146,34.13735211690267,36.53912878036499,False,False,False,False,False,False,dry_up,0,3,normal,False,False,,False,15.0,분산3일,0.03177609801073276,37.235099203379136,True,False,False,False,False,True,False,,Uptrend Under Pressure,36.68,-0.1,0.3785922336248098,0.9516263576747145,0.37058070028451895,-0.1922648216408429,0.5814670593762422,0.38479872881355937,,False,,,0,0,0.348,0.838
ENB,Enbridge Inc,Energy,XLE,110449205248.0,2026-09-23,47.849998474121094,-0.007261458159301015,-0.010545949747595817,-0.04452881939694264,-0.052282994465250865,-0.14266597731433805,False,-0.09045223255820034,-0.15505526349470378,-0.03890518689250344,-0.2033999161961847,0.8531172920910912,0.8735308444234127,0.854235436704346,0.8724356666518044,0.8735308444234127,294487294.07188416,0.08641882282022059,49.37400016784668,51.87230243682861,52.813600126902266,False,False,False,False,False,False,dry_up,2,4,normal,False,False,,False,86.0,분산4일,0.016875665465104373,33.25541464567475,True,False,False,False,False,True,False,,Uptrend Under Pressure,56.02,-0.1458,0.32357780903109107,0.9516263576747145,-0.0875295890994866,-0.18340971012237883,0.28954230060351993,0.3845868644067797,,False,,,0,0,0.348,0.838
CFG,"Citizens Financial Group, Inc.",Financials,XLF,29006446592.0,2026-09-23,64.61000061035156,-0.04082541530703898,-0.08015372187706138,-0.0800228175701374,-0.08748893928707646,-0.10043197473487753,False,-0.12424026034113822,-0.11343158213270799,-0.02141217475720736,-0.05318403129083127,0.8645791209422837,1.3343476216799917,1.2525785284313649,0.710806179604787,1.3343476216799917,239819040.96735305,0.058333227369250916,69.1060001373291,70.7784257253011,67.25087683995565,False,False,True,True,False,False,distribution,3,3,normal,False,False,,False,47.0,분산3일,0.027298942336879118,29.731972813712247,True,False,False,False,False,True,False,,Uptrend Under Pressure,73.92,-0.1259,0.2962186467977637,0.9346486837235032,0.15520740424291435,0.04274949508599257,0.6801931625167141,0.3835805084745763,,False,,,0,0,0.348,0.838
BAX,Baxter International Inc.,Health Care,XLV,13441896448.0,2026-09-23,23.489999771118164,0.024422130767088435,-0.00927875672076961,-0.11290818079882114,-0.12010741967425043,0.013371002196346682,False,-0.155545033643964,-0.001273165678579713,-0.08540230312894359,-0.008213905684244183,0.8288910637237611,1.5669151889232904,1.5675381472787666,0.5681415830169086,1.5669151889232904,146579102.0212221,0.04877929642069614,24.698482036590576,24.565359814961752,21.543686723709108,False,False,True,True,True,False,accumulation,3,7,interest,True,False,surge,False,29.0,분산7일,0.03363133698551799,38.663551431049996,True,False,False,False,False,True,False,,Uptrend Under Pressure,27.6,-0.1489,0.6482317708769818,0.9645151837456468,-0.014860489818045663,0.35449558247269186,0.6598559864117668,0.3827330508474577,,False,,,0,0,0.348,0.838
ZBH,"Zimmer Biomet Holdings, Inc.",Health Care,XLV,19081398272.0,2026-09-23,90.87999725341797,-0.036471612092202066,-0.07651667644018867,-0.10001986301996024,-0.10732369769526517,-0.059799450741784055,False,-0.1432761752002748,-0.073386236479282,-0.0721143598721754,-0.07982582035472408,0.8964292731853867,1.5360443253226703,1.3075419203027532,0.8290582811384022,1.5360443253226703,185716377.23598593,0.29881518566756127,96.96200027465821,94.91066703796386,91.1685027440389,False,False,True,True,True,False,distribution,5,3,interest,False,False,,False,5.0,분산3일,0.0342759758219088,37.69364275383082,True,False,False,False,False,True,False,,Uptrend Under Pressure,98.41,-0.0765,0.33286130602787484,0.9645151837456468,-0.12358810715200108,-0.012864289238764148,0.40715189187235734,0.3822563559322034,,False,,,0,0,0.348,0.838
CNP,"CenterPoint Energy, Inc (Holdin",Utilities,XLU,26085320704.0,2026-09-23,37.15999984741211,-0.02184790193165853,-0.021590302914888726,-0.04961633510019192,-0.05732922217549019,-0.175522198410052,False,-0.09529522378980892,-0.1874366811705267,0.025805385031343775,-0.03279861386409766,0.8389154118451113,1.1336058880865296,1.1262664149352284,0.5363057218889528,1.1336058880865296,248173111.2303524,0.18181660549663323,39.01450023651123,41.08610986073812,41.743200333913165,False,False,False,False,False,False,distribution,2,5,normal,False,False,,False,55.0,분산5일,0.017780248007237893,28.86084920000657,True,False,True,False,False,True,False,,Uptrend Under Pressure,43.74,-0.1504,0.38160391476451,0.8501929415105124,-0.10346171401186033,-0.19832187070370177,0.26636370207076,0.3792902542372881,,False,,,0,0,0.348,0.838
CCI,Crown Castle Inc.,Real Estate,XLRE,33273180160.0,2026-09-23,70.2300033569336,-0.04083580734664205,-0.04122862311353459,-0.06739303504160221,-0.07496165440241498,-0.13139760671125744,False,-0.11221751100519883,-0.1439497314871928,0.001964692504016652,-0.054531456056558514,0.8965794896779061,0.8906835971356748,1.3077804556668995,0.6409035468965415,0.8906835971356748,237986370.83099213,0.06276216074723394,73.99065399169922,74.83996925354003,80.45450528462727,False,False,False,False,False,False,dry_up,3,4,normal,False,False,,False,5.0,분산4일,0.02873597977915655,34.70841403557789,True,False,True,False,False,True,False,,Uptrend Under Pressure,73.25,-0.0412,0.3985515709860588,0.917022007899457,-0.2812374587906782,-0.19814133883694351,0.13991904882367823,0.37886652542372884,,False,,,0,0,0.348,0.838
EAT,"Brinker International, Inc.",Consumer Discretionary,XLY,9799860224.0,2026-09-23,210.8000030517578,0.052421367149389386,0.03602497560858553,-0.16988264540795417,-0.17661950511175495,0.08402259205888463,False,-0.20978109867495864,0.06835744199645233,-0.11444129286341342,0.16543928445351197,0.8301173545920458,0.8076344368346424,1.9148831747306931,0.33444814185431154,0.8076344368346424,298984838.59512484,0.9167509796139678,220.3105010986328,210.3101676940918,178.76916745503743,False,True,True,True,True,False,weak_rally,2,6,normal,False,False,,False,28.0,분산6일,0.043365057019899594,46.26371633684703,True,False,False,False,False,True,False,,Uptrend Under Pressure,245.89,-0.1427,0.3855336248217029,0.8941366305950827,0.5513309746118258,0.42937979450247066,0.9261293411875249,0.3787076271186441,,False,,,0,0,0.348,0.838
ZTS,Zoetis Inc.,Health Care,XLV,31859539968.0,2026-09-23,71.61000061035156,0.003925399861338219,-0.024785505750514525,-0.07204869367006417,-0.07957952979597005,-0.06904999068158724,False,-0.11664940178061278,-0.08250309738197159,-0.04327589409842714,-0.08887932283044575,0.9189015825731432,0.8072929660311233,1.1108853843832838,0.6472437281853712,0.8072929660311233,351380474.2767876,0.031086813008708577,74.49749908447265,74.9275011698405,84.51386445363363,False,False,False,False,False,False,weak_rally,1,4,normal,False,False,,False,32.0,분산4일,0.024358135924952097,38.03483687287156,True,False,False,True,False,True,False,,Uptrend Under Pressure,77.27,-0.0732,0.5345618880990582,0.9645151837456468,-0.5331541932427887,-0.41758745081474846,0.015119619818582631,0.3784427966101695,,False,,,0,0,0.348,0.838
RL,Ralph Lauren Corporation,Consumer Discretionary,XLY,20669079552.0,2026-09-23,337.4700012207031,-0.006915443625641227,0.00668195018633444,-0.08993583260019933,-0.09732150473837742,-0.12290936954974663,False,-0.13367681988605185,-0.13558415736783114,-0.029155042915634866,-0.0570345265485972,0.8293887514351639,0.9903433693514782,1.0150463944993309,0.8500060094535601,0.9903433693514782,241500622.43650055,0.02466377685252026,343.47850189208987,370.925,370.67640075683596,False,False,False,True,False,False,dry_up,4,1,normal,False,False,,False,60.0,,0.028277666411191914,39.14627267971511,True,False,False,False,True,True,False,,Uptrend Under Pressure,411.16,-0.1792,0.37621407659195144,0.8941366305950827,0.03616479846552667,-0.057141008560798734,0.5061110910339344,0.3771186440677966,,False,,,0,0,0.348,0.838
KSPI,Joint Stock Company Kaspi.kz - ,Information Technology,XLK,19979466752.0,2026-09-23,93.86000061035156,-0.026853254741734056,-0.04961524321475608,-0.09899161824088154,-0.10630379768910247,0.0529023474615844,False,-0.14229735159765777,0.0376869143194154,-0.1704849449758623,0.0027456298462980033,0.882035394930799,0.8131013109204992,0.6506876004008764,0.45787747851116917,0.8131013109204992,67880548.37155303,0.11178673919808221,101.02730178833008,93.56335322062175,87.36467825571695,False,True,True,True,True,False,dry_up,2,3,normal,False,False,,False,,분산3일,0.032281109341610326,38.56047859673748,True,False,False,False,False,True,False,,Uptrend Under Pressure,,,0.27001127558206706,0.9878468725697951,0.0771913694410955,0.2773068799955998,0.7368716345632611,0.3762182203389831,,False,,,0,0,0.348,0.838
PNFP,"Pinnacle Financial Partners, In",Financials,XLF,15106731008.0,2026-09-23,93.4000015258789,-0.03202400669811678,-0.05979459463444803,-0.07835006018293078,-0.08582975724770947,-0.08791795389220791,False,-0.12264790174582685,-0.10109840070779663,-0.019632848003274472,-0.04001273747666201,0.8606884326329056,0.9694900609702946,1.3466250331116796,0.5899891108037655,0.9694900609702946,99112992.46214867,0.02964982849246107,99.05249900817871,101.32821108500163,98.25964895884196,False,False,True,True,False,False,dry_up,2,2,normal,False,False,,False,38.0,,0.02673983712561574,29.627284318637123,True,False,False,False,False,True,False,,Uptrend Under Pressure,104.25,-0.1041,0.34546545908692977,0.9346486837235032,-0.06826574502195593,0.05136599492495919,0.5084917422572368,0.3755826271186441,,False,,,0,0,0.348,0.838
PSO,"Pearson, Plc",Communication Services,XLC,9969474560.0,2026-09-23,15.890000343322754,-0.0006288852482654317,-0.006874978542327881,-0.04507205972569028,-0.05282182609942032,-0.1157728085591323,False,-0.09096936278486478,-0.1285507264223531,-0.050238333784230926,-0.1023096017272811,0.9069329571018857,1.2415413036410514,1.245420758850971,0.6832149807717117,1.2415413036410514,10793626.50628767,0.7368455395549844,16.09599995613098,16.338585138320923,15.495031531651815,False,False,True,True,False,False,distribution,5,2,normal,False,False,,False,,,0.01843027234350287,45.776490711078566,False,False,False,True,False,True,False,,Uptrend Under Pressure,,,0.475594194454686,0.9459199931884106,0.026221325517032934,0.09149568771753702,0.6206687506776047,0.37272245762711864,,False,,,0,0,0.348,0.838
FTI,TechnipFMC plc,Energy,XLE,30647646208.0,2026-09-23,71.23999786376953,-0.0009816252590206798,-0.04975327859409917,-0.060777860291248764,-0.06840016543993555,-0.05008483671968911,False,-0.10592028556546995,-0.06381200780299945,-0.05524986503510576,-0.11737726644139901,0.8896103425929613,0.7387391388678466,1.408390242828981,0.5459357148087522,0.7387391388678466,224335560.9071823,0.4254718229485419,75.7464988708496,73.61471455891927,72.25548025767009,False,False,True,True,True,False,dry_up,1,6,normal,False,False,,False,147.0,분산6일,0.03364381334921633,37.943798369258054,True,False,False,False,False,True,False,,Uptrend Under Pressure,63.36,0.1244,0.3820452419928384,0.9516263576747145,0.6949265314001025,-0.026387549576720515,0.7654340284051896,0.37235169491525427,,False,,,0,0,0.348,0.838
SCHW,Charles Schwab Corporation (The,Financials,XLF,189915643904.0,2026-09-23,99.5,-0.008470338685060308,-0.053822779241198826,-0.11374362719244868,-0.11812665063963168,-0.03589284435995799,False,-0.151084812830807,-0.0426111075226151,-0.05582403194888397,0.013138414995271575,0.8754949288526244,1.207264697446665,1.3029932933716164,0.5497091577007904,1.207264697446665,960631401.4919494,0.02645664968553967,106.92350006103516,105.46193250020345,98.10762627919515,False,False,True,True,True,False,distribution,2,3,normal,False,False,,False,17.0,분산3일,0.02515434927847945,31.99840888829415,True,False,False,False,False,True,False,,Uptrend Under Pressure,110.16,-0.0968,0.2328292775566597,0.9346486837235032,0.05589708309378616,0.020215497880510025,0.5892839073398143,0.3721927966101695,,False,,,0,0,0.348,0.838
JEF,Jefferies Financial Group Inc.,Financials,XLF,10706554880.0,2026-09-23,46.97999954223633,-0.018181796439456277,-0.03788659060917343,-0.09497207319721379,-0.10231687346812035,-0.12409896675177068,False,-0.13847100047915284,-0.1367565637669883,-0.03731382952918827,-0.07809408294179199,0.8269608914869432,0.7048247968805467,1.600825174691261,0.9436807031636515,0.7048247968805467,105422077.86295414,0.43749850988245953,51.61299991607666,53.18005758921306,52.11662565867106,False,False,False,True,False,False,dry_up,2,5,normal,False,False,,False,34.0,분산5일,0.03953047648627009,28.907183612407763,True,False,False,False,False,True,False,,Uptrend Under Pressure,55.3,-0.1505,0.31961288328710313,0.9346486837235032,-0.3330865949524062,0.1466861638445236,0.38848523725199674,0.3699152542372881,,False,,,0,0,0.348,0.838
AMAT,"Applied Materials, Inc.",Information Technology,XLK,363777130496.0,2026-09-23,474.3800048828125,0.004063864586334898,0.14203861357420222,-0.011790691528536845,-0.01667792811453017,-0.22133311469150596,False,-0.053427523002356425,-0.22675915994067353,-0.09800111895786134,-0.23496658177617236,0.8195766425820711,0.7074711991955012,1.2694253862979308,0.9771421660122,0.7074711991955012,2918603748.53031,0.9625907020143806,451.95300140380857,512.1547403971355,485.10061162312826,True,False,False,True,False,False,weak_rally,3,1,normal,False,False,,False,57.0,,0.039772211158633504,52.553390785753045,True,False,False,False,True,True,False,,Uptrend Under Pressure,602.4,-0.2125,0.448563231680375,0.9878468725697951,1.103294394608874,0.10734528890058415,0.8969444544830327,0.3695974576271186,,False,,,0,0,0.348,0.838
APD,"Air Products and Chemicals, Inc",Materials,XLB,68912267264.0,2026-09-23,286.9700012207031,0.02687329133062044,-0.012355439042040395,-0.06292446978895194,-0.07052935401884353,-0.07501091577502217,False,-0.10796372121883324,-0.08837788147909931,-0.005996239085644506,-0.048351305803811195,0.9273250473231539,0.8332257793510528,1.4696261008257299,0.37519661037993546,0.8332257793510528,326493922.2900559,0.22606486591779754,296.66599731445314,298.45091145833334,293.88988037109374,False,False,True,True,False,False,weak_rally,1,5,normal,False,False,,False,15.0,분산5일,0.021159498724713472,41.088815564249806,True,False,False,True,False,True,False,,Uptrend Under Pressure,309.46,-0.0727,0.330609686854521,0.9411475393682374,-0.07197289265986706,-0.05359428798995103,0.4129124354016841,0.3689618644067797,,False,,,0,0,0.348,0.838
BTSG,"BrightSpring Health Services, I",Health Care,XLV,11555271680.0,2026-09-23,55.779998779296875,-0.001432184571796502,-0.052005461681774556,-0.06236346939813264,-0.06997290645529097,-0.22040462442443165,False,-0.10742968454314639,-0.23167051374798753,-0.03329036202490976,-0.2370100871122941,0.7650527496583462,0.6645207317861419,1.374562998856549,1.1764647213750545,0.6645207317861419,152795507.5817314,0.20553236915431286,59.14300003051758,63.84025001525879,59.45337508519491,False,False,False,True,False,False,dry_up,3,3,normal,False,False,,False,65.0,분산3일,0.03976079485295077,38.45667271593043,True,False,False,False,False,True,False,,Uptrend Under Pressure,66.25,-0.158,0.4436274611002901,0.9645151837456468,0.8530662510693388,0.19376195615329195,0.9322810885042102,0.36896186440677964,,False,,,0,0,0.348,0.838
PODD,Insulet Corporation,Health Care,XLV,10310195200.0,2026-09-23,136.49000549316406,-0.028748262443790695,-0.019750071039281947,-0.06140828488669492,-0.0690254737924435,-0.18026300435624687,False,-0.10652040966650922,-0.19210897799421056,-0.03230556029938547,-0.1977234877319637,0.7999648892230842,0.565255638116489,0.819958288691799,0.9905033566880707,0.565255638116489,257447226.31884462,0.34577716223143545,142.09300231933594,151.35883331298828,159.1743330637614,False,False,False,False,False,False,dry_up,1,4,normal,False,False,,False,60.0,분산4일,0.035507566286406195,40.196428921777695,True,False,False,False,False,True,False,,Uptrend Under Pressure,158.25,-0.1375,0.64166691678734,0.9645151837456468,-0.6150258373827326,-0.4429965598236648,0.007451844891763941,0.3686440677966102,,False,,,0,0,0.348,0.838
WCN,"Waste Connections, Inc.",Industrials,XLI,41589428224.0,2026-09-23,155.41000366210938,-0.0009000282025185546,-0.025459318539634346,-0.08025091708960885,-0.08771518765327102,-0.1144239436685276,False,-0.12445739656973565,-0.12722135390310685,-0.03472200608753706,-0.037788273663934335,0.8933709793613186,1.7316483578930875,1.3486613318219782,0.7241112263405117,1.7316483578930875,170232156.82231903,0.5291697926070978,161.59999923706056,165.9682706197103,161.74274609883625,False,False,False,False,False,False,distribution,3,3,interest,False,False,,False,192.0,분산3일,0.018563798265367738,30.60517251223699,True,False,False,False,False,True,False,,Uptrend Under Pressure,175.33,-0.1136,0.4409623877164351,0.9144666488821164,-0.1575048804724818,-0.1050663367296748,0.28189169166275163,0.36859110169491527,,False,,,0,0,0.348,0.838
CVNA,Carvana Co.,Consumer Discretionary,XLY,81427742720.0,2026-09-23,63.95000076293945,-0.04807977861809387,-0.04409567557032579,-0.11585788546900466,-0.12303318586583134,-0.04226900254519894,False,-0.15835296480069927,-0.05610911981256794,-0.05680836144685231,0.029662422673973454,0.8440016312022817,1.2791292348601753,1.2982630815009513,0.55821768843773,1.2791292348601753,470107850.0670042,0.6474820242603875,70.92450008392333,68.81733315785726,69.87088321050008,False,False,True,True,False,False,distribution,0,4,normal,False,False,,False,38.0,분산4일,0.0494303548815423,38.566090165301105,True,False,False,False,False,True,False,,Uptrend Under Pressure,66.32,-0.0357,0.48274399329407225,0.8941366305950827,-0.2332323758216357,-0.003967934668148154,0.32693794947779264,0.36848516949152543,,False,,,0,0,0.348,0.838
EXC,Exelon Corporation,Utilities,XLU,45042704384.0,2026-09-23,40.689998626708984,-0.03072894067636822,-0.03578204049599376,-0.07358061615270817,-0.08109901988362134,-0.15096786093275583,False,-0.11810769450808511,-0.16323717705563756,-6.068302093820144e-05,-0.003993727670810854,0.8642422825259642,0.9270577704621807,0.9390979054971343,0.6087033046792103,0.9270577704621807,326422297.42237055,0.0753738982414035,43.09717426300049,44.83576634724935,45.16162954966227,False,False,False,False,False,False,dry_up,0,3,normal,False,False,,False,60.0,분산3일,0.017854747355089566,24.998812425592305,True,False,False,False,False,True,False,,Uptrend Under Pressure,46.95,-0.1334,0.4087952343135814,0.8501929415105124,-0.10967552368589939,-0.20020100126827112,0.26104676375989305,0.36822033898305084,,False,,,0,0,0.348,0.838
UBS,UBS Group AG Registered,Financials,XLF,170600267776.0,2026-09-23,47.7400016784668,-0.06502153555681023,-0.07282967329108203,-0.11115243916903661,-0.1183659268551559,-0.10522546173956449,False,-0.15387367932999363,-0.11815579872384363,-0.05452502720930641,-0.05822928625139956,0.8567839309509687,1.7069587779452715,1.1563063972790404,0.960450819482749,1.7069587779452715,95781420.78411198,0.10126802321651038,53.36700038909912,52.836500295003255,49.01159114837647,False,False,True,True,True,False,distribution,1,4,interest,False,False,,False,15.0,분산4일,0.024836928204233437,26.346652131780942,True,False,False,False,False,True,False,,Uptrend Under Pressure,55.72,-0.1432,0.2376921030699181,0.9346486837235032,0.11118941955593487,0.2431361681894202,0.7535352896534278,0.3678495762711864,,False,,,0,0,0.348,0.838
NGG,"National Grid Transco, PLC Nati",Utilities,XLU,79584305152.0,2026-09-23,75.25,-0.018648934526402927,0.00427064851889658,-0.06428746936905227,-0.07188129210637706,-0.12054158929849512,False,-0.10926121009162348,-0.13325059377702797,0.009969960777601594,0.03169957061187634,0.8959400156439381,1.153625242098285,1.049754756701841,0.31896821312665596,1.153625242098285,68526324.91811219,0.1440662076099958,77.69799995422363,80.29350039164225,81.94447485605876,False,False,False,False,False,False,distribution,3,5,normal,False,False,,False,143.0,분산5일,0.01677268254117599,35.56406124997169,True,False,True,False,False,True,False,,Uptrend Under Pressure,91.32,-0.176,0.3203590582502312,0.8501929415105124,0.018280289517022874,-0.14841016220860537,0.3998491200173467,0.36758474576271194,,False,,,0,0,0.348,0.838
WEC,"WEC Energy Group, Inc.",Utilities,XLU,34595426304.0,2026-09-23,101.16999816894531,-0.022323203643706657,-0.02260654930917161,-0.05958359874519936,-0.0672155959843369,-0.14276561187811465,False,-0.10478342456431944,-0.1551534582449523,0.015047126973369407,0.0056283951319886505,0.8815055432483053,1.5214931274881411,1.3418402869380202,0.42915470535706624,1.5214931274881411,249109106.9261818,0.09444326707074133,105.29649963378907,109.34554913838704,110.92523460388183,False,False,False,False,False,False,distribution,1,6,interest,False,False,,False,120.0,분산6일,0.015998534342639724,31.115836756613348,True,False,True,False,False,True,False,,Uptrend Under Pressure,113.79,-0.1109,0.390435482532056,0.8501929415105124,-0.1441400214490287,-0.17829740262580318,0.23557063351523255,0.36721398305084746,,False,,,0,0,0.348,0.838
ESS,"Essex Property Trust, Inc.",Real Estate,XLRE,19505250304.0,2026-09-23,273.4700012207031,0.007664197133266271,-0.009346084717817726,-0.0685943432977737,-0.07615321338020054,-0.10525059918868807,False,-0.11336108002600442,-0.11818057291309103,0.0006740432780041328,-0.026070593731229663,0.9172843952026815,1.3560990703365634,1.11990689301135,0.4521706940348996,1.3560990703365634,157876300.133667,0.08901452449469868,277.3179992675781,286.2056645711263,275.91618016560875,False,False,False,True,False,False,accumulation,2,4,normal,False,False,,False,54.0,분산4일,0.016297154093052234,41.812221745026186,True,False,True,True,False,True,False,,Uptrend Under Pressure,298.32,-0.0833,0.4469630853983066,0.917022007899457,-0.03441675823444068,0.03711659451530247,0.526275703805428,0.3660487288135593,,False,,,0,0,0.348,0.838
L,Loews Corporation,Financials,XLF,22137477120.0,2026-09-23,105.04000091552734,-0.01601872678662908,-0.038183300099836726,-0.057514546507270614,-0.06516333524530848,-0.12194506737206579,False,-0.10281381848730442,-0.13463379026717714,0.0025300712572098316,-0.07582705446765714,0.8802251408760782,1.2740756614989592,1.4785150897427755,0.518874214445228,1.2740756614989592,103697581.48130265,0.04232902480966875,108.82550010681152,112.70213330586752,110.40231990814209,False,False,False,True,False,False,distribution,3,6,normal,False,False,,False,158.0,분산6일,0.015789898670522398,25.13875161355365,True,False,True,False,False,True,False,,Uptrend Under Pressure,109.24,-0.0385,0.43540663618714825,0.9346486837235032,-0.021285303309286463,-0.11818926629080773,0.39731126450074084,0.3651483050847458,,False,,,0,0,0.348,0.838
KEY,KeyCorp,Financials,XLF,23060649984.0,2026-09-23,20.239999771118164,-0.030186921072417938,-0.06728114933132934,-0.06566798213711988,-0.07325060125270799,-0.14348028074912023,False,-0.1105753704049971,-0.15585779947593326,-0.006142809976863228,-0.09849336023029809,0.8517650649138827,1.0465595447941332,1.339305037930031,0.679364846398674,1.0465595447941332,281492351.5447046,0.09446638077930904,21.505052661895753,22.284249146779377,21.837285947799682,False,False,False,True,False,False,distribution,4,6,normal,False,False,,False,68.0,분산6일,0.023697777159346393,29.5661969984467,True,False,False,False,False,True,False,,Uptrend Under Pressure,22.21,-0.0886,0.2651402369726748,0.9346486837235032,0.016147303405533497,-0.04043822032675093,0.5004725163528604,0.36435381355932206,,False,,,0,0,0.348,0.838
HII,"Huntington Ingalls Industries, ",Industrials,XLI,11474620416.0,2026-09-23,269.79998779296875,-0.022817885444685104,-0.03456667844227779,-0.08000471610690996,-0.08747098472719661,-0.07385146818974286,False,-0.12422302889993908,-0.08723518900625593,-0.034463617799802226,0.006295248460512992,0.819377398534134,1.075075666566973,1.4717450214825427,0.4803015400821771,1.075075666566973,124517432.81403808,0.27632337564617476,284.3641326904297,293.11960652669273,313.2699239095052,False,False,False,False,False,False,distribution,1,6,normal,False,False,,False,36.0,분산6일,0.025546951585312797,30.09620691862027,True,False,False,False,False,True,False,,Uptrend Under Pressure,324.93,-0.1697,0.8831013284540092,0.9144666488821164,-0.057186152891862796,-0.3552887108774335,0.2547432329876043,0.36393008474576277,,False,,,0,0,0.348,0.838
PPL,PPL Corporation,Utilities,XLU,25684355072.0,2026-09-23,32.25,-0.024205726339729172,-0.02949141004322675,-0.07196801670297392,-0.07949950756691837,-0.12253376579709263,False,-0.11657260244140677,-0.1352139814440736,0.0016798910866884231,0.029362532710849543,0.8938493239309119,0.7645490549800361,0.8125355321771598,0.43170336997441994,0.7645490549800361,233492305.18730468,0.08849443998082519,33.9725944519043,34.93398946126302,35.674596246083574,False,False,False,False,False,False,dry_up,0,2,normal,False,False,,False,58.0,,0.016116278085776575,27.308606058263422,True,False,True,False,False,True,False,,Uptrend Under Pressure,36.05,-0.1054,0.3720464581486329,0.8501929415105124,-0.15215022033244874,-0.19820868733004926,0.21433540529796535,0.36382415254237294,,False,,,0,0,0.348,0.838
NTES,"NetEase, Inc.",Communication Services,XLC,77969661952.0,2026-09-23,117.0199966430664,-0.0038308042305307266,-0.020671196458796226,-0.04454703826024098,-0.052301065472435404,-0.12991128043055955,False,-0.0904695757567967,-0.14248488402474035,-0.04971615274753316,-0.11666334538963918,0.8754996663658536,0.8929908821135142,0.8367047170587498,0.708388332393435,0.8929908821135142,77478899.5372715,0.38323008606984266,119.05143699645996,124.78169581095378,120.73428293863932,False,False,False,True,False,False,dry_up,1,0,normal,False,False,,False,21.0,,0.017078261807098108,43.64126380488668,True,False,False,False,False,True,False,,Uptrend Under Pressure,127.66,-0.0833,0.4804951742452348,0.9459199931884106,-0.2608077562289898,-0.029241902323307478,0.2908234252466481,0.3636122881355932,,False,,,0,0,0.348,0.838
CPRT,"Copart, Inc.",Industrials,XLI,30542522368.0,2026-09-23,28.864999771118164,-0.0015565574725512343,-0.07007091109076502,-0.13214067264608453,-0.13918382925361183,0.023478467196833774,False,-0.1738531421218985,0.008688236908500846,-0.08918037965793268,0.11204788764144569,0.8408097358447293,1.0926699084633662,1.2787770691687839,0.3589980356384179,1.0926699084633662,314307233.30328196,0.9909890714138428,31.615250205993654,30.153583526611328,31.29287513097127,False,False,True,False,False,False,distribution,1,6,normal,False,False,,False,25.0,분산6일,0.04081808704395188,36.97761604777855,True,False,False,False,False,True,False,,Uptrend Under Pressure,31.7,-0.0894,0.3550986875009375,0.9144666488821164,-0.3662820988280394,-0.13581630932138788,0.14519984821654439,0.36345338983050846,,False,,,0,0,0.348,0.838
MOH,Molina Healthcare Inc,Health Care,XLV,10375794688.0,2026-09-23,189.3699951171875,-0.042618846332193705,-0.08512493312899816,-0.04599498681517633,-0.0537372631270685,-0.24112732111145385,False,-0.09184793064833907,-0.2520937479001155,-0.016414345193724533,-0.2572913882017934,0.783946005262122,1.0720230152862686,1.0549784322748432,0.8766654772111561,1.0720230152862686,121245453.16206971,0.5780037648057277,201.0120002746582,208.69283269246418,194.16808331807454,False,False,False,True,False,False,distribution,2,4,normal,False,False,,False,60.0,분산4일,0.03860730196138162,39.022417765798316,True,False,False,False,False,True,False,,Uptrend Under Pressure,229.74,-0.1757,0.3655004430126874,0.9645151837456468,-0.01691172054603296,0.26432829906167177,0.649038704781179,0.36340042372881354,,False,,,0,0,0.348,0.838
HSY,The Hershey Company,Consumer Staples,XLP,35405111296.0,2026-09-23,168.4499969482422,0.0032757776757090795,-0.011559683381466623,-0.11314101935843357,-0.12033836862066416,-0.057049978775220556,False,-0.15576668113723124,-0.0706764969788718,-0.06527865054729176,-0.012297957362611633,0.8868589806415664,0.7545707930018981,1.32414776420128,0.6530117513937836,0.7545707930018981,243373000.30519563,0.437216463101714,174.6614990234375,176.6924690246582,181.68751271565756,False,False,False,False,False,False,weak_rally,2,4,normal,False,False,,False,156.0,분산4일,0.021490047209916492,36.10293363815684,True,False,False,False,False,True,False,,Uptrend Under Pressure,226.48,-0.2562,0.5143584386395536,0.9334307577070513,-0.1317549865763019,-0.24865876109351215,0.21131599869899897,0.3626588983050848,,False,,,0,0,0.348,0.838
TJX,"TJX Companies, Inc. (The)",Consumer Discretionary,XLY,147930972160.0,2026-09-23,131.58999633789062,0.0048105497230150895,0.05609950200136904,-0.06481422742393894,-0.07240377522941932,-0.14647258124520368,False,-0.10976265024233711,-0.15880685840431663,-0.0023556318708941593,-0.08236747881264794,0.8145451571066967,0.9430422838131526,1.3392121207140186,0.6448625308250483,0.9430422838131526,1190878909.9378142,0.6937640092579748,130.28299980163575,145.4800769805908,151.52997239430746,True,False,False,False,False,False,weak_rally,3,3,normal,False,False,,False,60.0,분산3일,0.020930771084298232,43.70241349531825,True,False,False,False,False,True,False,,Uptrend Under Pressure,154.94,-0.1507,0.316687911740384,0.8941366305950827,-0.12519930643642674,-0.2284772444073917,0.22873766759423222,0.36159957627118644,,False,,,0,0,0.348,0.838
MKL,Markel Group Inc.,Financials,XLF,22337980416.0,2026-09-23,1741.8699951171875,-0.018465727843819613,-0.02796347386562581,-0.04150665915602547,-0.04928536071981382,-0.13601444379034344,False,-0.08757532830846393,-0.1484998509109574,0.01955780191071521,-0.09063539568085166,0.8541300002304513,0.9995321769860875,1.304803082268316,0.4261182549867841,0.9995321769860875,120432882.8192871,0.08824382398692293,1796.4219909667968,1873.1443277994792,1868.7827433268228,False,False,False,False,False,False,dry_up,0,3,normal,False,False,,False,60.0,분산3일,0.015288570617845523,31.017516581827522,True,False,True,False,False,True,False,,Uptrend Under Pressure,1920.06,-0.0928,0.5423398234626489,0.9346486837235032,-0.20225643997475984,-0.18856923461500819,0.18657348848975464,0.36144067796610174,,False,,,0,0,0.348,0.838
NWSA,News Corporation,Communication Services,XLC,16496181248.0,2026-09-23,28.1200008392334,-0.053198649263256126,-0.07621549455061605,-0.08274974138333835,-0.0901937326110751,-0.009683905850538022,False,-0.1268361182975396,-0.023994908534188952,-0.08771217469000203,0.005394606248506406,0.9046046053723515,1.9340809512053405,1.4675266128632278,0.3878177187658982,1.9340809512053405,135500496.35223627,0.06161186280110789,30.17799243927002,28.66788412729899,27.26086277961731,False,False,True,True,True,False,distribution,0,3,interest,False,False,,False,32.0,분산3일,0.025619052047437467,34.96957511439102,True,False,False,True,False,True,False,,Uptrend Under Pressure,29.57,-0.0491,0.3502961521370774,0.9459199931884106,-0.14352982087218225,0.06906164569732676,0.45040927324635904,0.36138771186440677,,False,,,0,0,0.348,0.838
TRP,TC Energy Corporation,Energy,XLE,65141682176.0,2026-09-23,60.20000076293945,-0.004629609481087038,-0.014568659149213237,-0.029971004982156768,-0.03784332473538654,-0.13757675989433016,False,-0.07659411954693873,-0.15003959007199708,-0.024261689309037604,-0.19867122129314752,0.8528120680837303,1.2426720923458567,1.2258583755186987,0.5889873114122279,1.2426720923458567,140167805.7822565,0.2769237089442966,61.96500015258789,64.89903348286947,65.19201180140178,False,False,False,False,False,False,distribution,3,7,normal,False,False,,False,115.0,분산7일,0.01977931822706597,34.628932901934775,True,False,False,False,False,True,False,,Uptrend Under Pressure,63.32,-0.0493,0.38506279240797264,0.9516263576747145,0.03433130341262536,-0.15582559536167973,0.4097005890643634,0.35948093220338984,,False,,,0,0,0.348,0.838
ABNB,"Airbnb, Inc.",Consumer Discretionary,XLY,109709508608.0,2026-09-23,149.5800018310547,-0.10345237884014546,-0.111335579121423,-0.21360603253609156,-0.21998805286299228,-0.0050765465109939845,False,-0.25140298110817916,-0.019454129887680693,-0.16108484990102567,0.06964825845369305,0.7851968600055365,2.7883038764903154,1.3392458300503955,0.5855707447574823,2.7883038764903154,848049386.8532944,0.05178589188327568,175.28374862670898,163.99383316040038,150.05291671752929,False,False,True,True,True,False,distribution,1,2,attention,False,False,,False,29.0,,0.03573909986319611,26.99545357265174,True,False,False,False,False,True,False,,Uptrend Under Pressure,184.98,-0.1914,0.41627586922716914,0.8941366305950827,0.26740643110663176,0.20595974785022664,0.8356763398503848,0.35852754237288137,,False,,,0,0,0.348,0.838
SF,Stifel Financial Corporation,Financials,XLF,12197919744.0,2026-09-23,71.93000030517578,-0.05005283748583844,-0.06365529040711393,-0.10601446495282307,-0.11326965013058599,-0.06508197428314333,False,-0.14898265480471073,-0.07859242256735366,-0.049059718818594056,-0.01597734543545748,0.8430676042461308,1.152312580015346,1.3240085143021818,0.5992164255415526,1.152312580015346,89050041.74587098,0.05612278659872869,78.71664085388184,79.13646024068197,76.66055730183919,False,False,True,True,False,False,distribution,1,3,normal,False,False,,False,65.0,분산3일,0.028897140424876556,24.82454510371393,True,False,False,False,False,True,False,,Uptrend Under Pressure,73.23,-0.0178,0.3058099064965408,0.9346486837235032,-0.08011867488945923,-0.03779098142332027,0.4228416031224025,0.358103813559322,,False,,,0,0,0.348,0.838
XEL,Xcel Energy Inc.,Utilities,XLU,47278571520.0,2026-09-23,70.66000366210938,-0.016562210678965128,-0.025244782115999898,-0.07888828663069691,-0.08636361569130435,-0.13856634817086755,False,-0.12316025907682959,-0.15101487786350254,-0.005789566165059656,0.010554584376341047,0.8721632710562797,0.7648392096717568,1.072349792854807,0.5627614700136243,0.7648392096717568,427357882.71457976,0.08439296682354608,74.54439506530761,77.22031160990397,77.92808278401692,False,False,False,False,False,False,dry_up,2,5,normal,False,False,,False,10.0,분산5일,0.018661650780682243,28.83177430682997,True,False,False,False,False,True,False,,Uptrend Under Pressure,76.27,-0.0735,0.34750991485370025,0.8501929415105124,-0.06964583151228165,-0.14712593390344708,0.3264880199486827,0.357521186440678,,False,,,0,0,0.348,0.838
ATI,ATI Inc.,Industrials,XLI,27805992960.0,2026-09-23,184.17999267578125,-0.026326976580227646,-0.013444800111418798,-0.12215816777584587,-0.12928233791047428,-0.024416118986642088,False,-0.16435043267076488,-0.03851422727932796,-0.0787037263462772,0.060008616565552675,0.7946328140727932,0.6505476996460586,0.9976620380068645,0.48583694037022335,0.6505476996460586,414816448.02212524,0.13173511809584723,200.00649871826172,200.79799931844076,184.69258295694988,False,False,False,True,False,False,dry_up,1,1,normal,False,False,,False,32.0,,0.04601087380791816,36.72333811394772,True,False,False,False,False,True,False,,Uptrend Under Pressure,223.43,-0.1757,0.3900325519201731,0.9144666488821164,1.2043215861108876,0.20730039574239312,0.9433468251960536,0.3560911016949153,,False,,,0,0,0.348,0.838
VTR,"Ventas, Inc.",Real Estate,XLRE,46765318144.0,2026-09-23,86.63999938964844,-0.004481206424435946,-0.021680196723977918,-0.07307159240243888,-0.08059412714154324,-0.0839967933077006,False,-0.1176231362869361,-0.0972339045963595,-0.004136177630671978,-0.002935952317832502,0.8618322932626064,0.741346366297232,1.5230031205960164,0.3139631479713552,0.741346366297232,324308936.8320236,0.6234334199487969,90.16649932861328,92.09949963887533,88.35496050516764,False,False,True,True,False,False,dry_up,1,5,normal,False,False,,False,55.0,분산5일,0.019369954511206624,32.74252707094628,True,False,False,False,False,True,False,,Uptrend Under Pressure,92.21,-0.0604,0.8128111769924363,0.917022007899457,0.22222684275787152,-0.01743300992049779,0.6698682736438871,0.35556144067796613,,False,,,0,0,0.348,0.838
FHN,First Horizon Corporation,Financials,XLF,11522259968.0,2026-09-23,23.020000457763672,-0.03802757358157183,-0.05925618701588942,-0.05506947591400391,-0.06273810774707111,-0.12624287476663276,False,-0.10048626686200068,-0.138869490286613,0.005130914365198969,-0.08035059527538302,0.8840254706006528,0.9768606833348278,1.0981060581424125,0.4765346552267283,0.9768606833348278,113586561.59301758,0.019417943172054163,24.24776554107666,25.02164862950643,24.531862115859987,False,False,False,True,False,False,dry_up,3,4,normal,False,False,,False,46.0,분산4일,0.020642819568386487,29.118902941750648,True,False,True,False,False,True,False,,Uptrend Under Pressure,25.62,-0.1016,0.3328883449286197,0.9346486837235032,-0.06415058290451636,-0.05530232778492716,0.41825376748220155,0.35550847457627127,,False,,,0,0,0.348,0.838
BAC,Bank of America Corporation,Financials,XLF,433130831872.0,2026-09-23,56.0,-0.0035587323883337074,-0.03281522410719939,-0.09841876975846875,-0.1028775830239469,-0.09307564278511904,False,-0.13640564705432212,-0.09939543458912059,-0.03949764768025965,-0.0469525089466849,0.8684727429124828,0.9639498268060838,1.085237960851956,0.6748525782919523,0.9639498268060838,2256624445.2378974,0.3581083170950481,60.45151958465576,61.06276912689209,56.89095722834269,False,False,True,True,False,False,dry_up,2,4,normal,False,False,,False,111.0,분산4일,0.024572916609637663,25.157175125032396,True,False,False,False,False,True,False,,Uptrend Under Pressure,53.76,0.0416,0.21440340005120406,0.9346486837235032,0.05671747242925895,0.1106193117891312,0.6625971233421272,0.3542372881355933,,False,,,0,0,0.348,0.838
CIEN,Ciena Corporation,Information Technology,XLK,54186459136.0,2026-09-23,355.9100036621094,-0.02746198499188235,0.06454705816577788,-0.04312409737465972,-0.05088967253614096,-0.22232078535023747,False,-0.08911502657524495,-0.2335589843390471,-0.11905040720283211,-0.25936680092661457,0.7963439677235961,0.6772667296833804,1.2677769105808943,1.313334008156323,0.6772667296833804,943402388.954422,0.25479954978145936,353.92549896240234,392.1709996541341,451.4771667480469,True,False,False,False,False,False,dry_up,5,1,normal,False,False,,False,28.0,,0.06786226888955653,47.996296886968864,True,False,False,False,True,True,False,,Uptrend Under Pressure,432.05,-0.1762,0.3764384871942193,0.9878468725697951,1.4589036475321748,-0.1716442062291753,0.6653969860142388,0.35418432203389827,,False,,,0,0,0.348,0.838
CI,The Cigna Group,Health Care,XLV,72951504896.0,2026-09-23,268.2699890136719,-0.022589034063674518,-0.07140881037956837,-0.03811908971212852,-0.0459252832684095,-0.13773847493942593,False,-0.08435057774842514,-0.15019896818198897,-0.008294241732814012,-0.15610473522028212,0.8892682518239735,1.249613698086572,1.0783452721255808,0.5350638131467611,1.249613698086572,408203013.2084503,0.16179344157459055,279.13169250488284,281.3717315673828,280.66089197794594,False,False,False,True,False,False,distribution,2,2,normal,False,False,,False,60.0,,0.024359962532946162,38.87874635366935,True,False,False,False,False,True,False,,Uptrend Under Pressure,281.23,-0.0461,0.3916638660254488,0.9645151837456468,-0.16441828921534862,-0.0887466487308124,0.2888547576885548,0.3538665254237288,,False,,,0,0,0.348,0.838
BALL,Ball Corporation,Materials,XLB,16668370944.0,2026-09-23,58.81999969482422,-0.014905365990532715,-0.03589573327255824,-0.08402024988000245,-0.09145393023127446,-0.0630948714380214,False,-0.12804556154409308,-0.07663403523470036,-0.028373607903720233,-0.03609182271727063,0.8821559666619372,1.0969357964555695,1.1548518277590711,0.4507359708214063,1.0969357964555695,116489329.40082169,0.15879933725826625,61.61296215057373,62.301751200358076,60.32202564875285,False,False,True,True,False,False,distribution,3,4,normal,False,False,,False,64.0,분산4일,0.019168650033163426,32.462264296443806,True,False,False,False,False,True,False,,Uptrend Under Pressure,58.02,0.0139,0.47941228002676217,0.9411475393682374,0.1343160390997724,-0.06477559480911244,0.572044739980485,0.35365466101694915,,False,,,0,0,0.348,0.838
ETR,Entergy Corporation,Utilities,XLU,49607593984.0,2026-09-23,99.2300033569336,-0.02313445985194562,-0.03585304000836176,-0.06200961812857786,-0.06962192688375102,-0.15397303702443255,False,-0.10709284065003499,-0.16619892551509963,0.012428580548834223,-0.007519123352595303,0.8609087260117615,0.9840189149376237,1.2184773031347231,0.44155502840287436,0.9840189149376237,294895517.00668335,0.1994918945076216,105.13049964904785,108.67190640767416,110.21180528004965,False,False,False,False,False,False,dry_up,1,6,normal,False,False,,False,10.0,분산6일,0.01972328741319094,27.740015343308087,True,False,True,False,False,True,False,,Uptrend Under Pressure,108.53,-0.0857,0.40683525110876945,0.8501929415105124,0.0395385227496321,-0.10856799508591453,0.4603727729391782,0.3536016949152542,,False,,,0,0,0.348,0.838
PBA,Pembina Pipeline Corp.,Energy,XLE,28321728512.0,2026-09-23,45.83000183105469,-0.012071514679060535,-0.030463266612312356,-0.04894203443851253,-0.05666039383520116,-0.09148172845148161,False,-0.0946533324655433,-0.10461067535953261,-0.04334437686671455,-0.15584158320729768,0.9021813922224903,0.6473735128983311,1.1573337342646834,0.566444824649227,0.6473735128983311,51373252.85401535,0.14167095818471964,47.640425491333005,48.11256898244222,46.73269701004028,False,False,True,True,False,False,dry_up,2,4,normal,False,False,,False,71.0,분산4일,0.018439399854213688,34.98364609827695,True,False,False,True,False,True,False,,Uptrend Under Pressure,47.77,-0.0407,0.3901633112903882,0.9516263576747145,0.07118760810255753,-0.0682870024775708,0.5262296266849771,0.35344279661016953,,False,,,0,0,0.348,0.838
RJF,"Raymond James Financial, Inc.",Financials,XLF,34226456576.0,2026-09-23,158.22999572753906,-0.04213334106787692,-0.06234076605902783,-0.10442606810664223,-0.1116941439999738,-0.07769644364718842,False,-0.14747060207660712,-0.09102460093765641,-0.04737012711456823,-0.029254363621103452,0.8733304013908928,1.19810717500609,1.2844582694192184,0.6439344531101476,1.19810717500609,225249419.25478593,0.19342982363325517,172.447501373291,172.00200805664062,161.65266863505045,False,False,True,True,True,False,distribution,1,3,normal,False,False,,False,188.0,분산3일,0.02571752342494407,28.093089493141534,True,False,False,False,False,True,False,,Uptrend Under Pressure,161.28,-0.0189,0.2745724037789524,0.9346486837235032,-0.12290919766051533,0.03591496728298704,0.45080409092551765,0.35211864406779664,,False,,,0,0,0.348,0.838
PNW,Pinnacle West Capital Corporati,Utilities,XLU,11833697280.0,2026-09-23,92.05000305175781,-0.01350331732722132,-0.03003159566171254,-0.05792647718501809,-0.06557192287864388,-0.16774841340571822,False,-0.10320595028143087,-0.17977523470003742,0.01683575643204649,-0.02367912560472374,0.8499129424439557,1.2172332895956242,1.3875210121590562,0.4468953501849243,1.2172332895956242,95268353.58963318,0.49587006141313256,96.42249946594238,101.04738273620606,100.94617067972818,False,False,False,False,False,False,distribution,0,3,normal,False,False,,False,60.0,분산3일,0.01617133799671844,22.723304411712064,True,False,True,False,False,True,False,,Uptrend Under Pressure,107.11,-0.1406,0.47646103799368283,0.8501929415105124,0.004801086758368767,-0.13276872131891393,0.40126305518412775,0.35063559322033905,,False,,,0,0,0.348,0.838
JKHY,"Jack Henry & Associates, Inc.",Financials,XLF,11930137600.0,2026-09-23,148.3300018310547,-0.021311663892646382,-0.03725582670405814,-0.1269171581466524,-0.13400270645235202,-0.03870851454883473,False,-0.16888068868990724,-0.05260008422980389,-0.07129409752377036,0.011781325532413067,0.85744355034256,0.8200196105037009,1.385965435891265,0.5621496433144947,0.8200196105037009,169187018.8850937,0.39666748046875,162.34572067260743,155.41589787801107,148.25642019907633,False,False,True,False,True,False,dry_up,2,4,normal,False,False,surge,False,4.0,분산4일,0.03496114113938737,36.75921228279416,True,False,False,False,False,True,False,,Uptrend Under Pressure,158.98,-0.067,0.3395773376581613,0.9346486837235032,-0.04903703084505684,-0.12723297139945344,0.3653933721224386,0.3502648305084746,,False,,,0,0,0.348,0.838
GWRE,"Guidewire Software, Inc.",Information Technology,XLK,17046740992.0,2026-09-23,152.88999938964844,0.02349708389412286,0.0269344060674388,-0.20324144105502495,-0.20970757575239263,0.06057155351628518,False,-0.24153654951565295,0.0452452931048446,-0.2664627396985867,0.010049500783885446,0.7427252604149294,0.4197678074960085,0.7731865235360105,0.494078760738276,0.4197678074960085,277704336.91745985,0.5095791264491462,168.16699981689453,158.85066655476888,146.2781665166219,False,False,True,False,True,False,weak_rally,2,2,normal,False,False,,False,12.0,,0.06994290575518103,44.36832531837501,True,False,False,False,False,True,False,,Uptrend Under Pressure,202.86,-0.2463,0.2903614994056897,0.9878468725697951,-0.33555567321483426,0.029983390223776718,0.30881608904629393,0.34925847457627124,,False,,,0,0,0.348,0.838
BCE,"BCE, Inc.",Communication Services,XLC,21998284800.0,2026-09-23,21.610000610351562,-0.01728054409830848,-0.05633183535666375,-0.08159401526079968,-0.08904738584279337,-0.006094033230094831,False,-0.1257359405675681,-0.020456912962910856,-0.08656270118363874,0.009039138121748946,0.9184059847392003,1.092304565469885,1.3484650969274814,0.25129183722284737,1.092304565469885,83370592.51960221,0.5243908112282399,22.891777992248535,22.19759006500244,22.841751782099404,False,False,False,False,False,False,distribution,1,8,normal,False,False,,False,6.0,분산8일,0.021768380306689733,29.69118875960629,True,False,False,True,False,True,False,,Uptrend Under Pressure,23.15,-0.0667,0.5237031943216087,0.9459199931884106,-0.08754359098703202,-0.20410648265268716,0.27534331972100756,0.34909957627118643,,False,,,0,0,0.348,0.838
TCOM,Trip.com Group Limited,Consumer Discretionary,XLY,28116338688.0,2026-09-23,40.630001068115234,-0.000492016162679354,0.03515926288191684,-0.11712297557657092,-0.12428800907014559,-0.06644396982600442,False,-0.15955725008560273,-0.07993473598853273,-0.05815794359191928,0.0036717682578903954,0.8589852372826419,1.263187950828556,1.22976876523954,0.6094320735311328,1.263187950828556,165578437.88502198,0.5360822715117194,41.706000328063965,43.32900015513102,46.61850010553996,False,False,False,False,False,False,distribution,5,4,normal,False,False,,False,38.0,분산4일,0.02647586402971271,39.20623609290649,True,False,False,False,False,True,False,,Uptrend Under Pressure,46.0,-0.1167,0.35530976496488115,0.8941366305950827,-0.4951835878457078,-0.2329666108386339,0.05413519569224098,0.34899364406779665,,False,,,0,0,0.348,0.838
DOV,Dover Corporation,Industrials,XLI,26158940160.0,2026-09-23,189.02999877929688,0.015798820459257623,0.00031749779439160797,-0.06919345432152157,-0.0767474622878973,-0.13906973405709866,False,-0.11393139559926502,-0.15151098934834684,-0.023117182906016276,-0.06456685281267693,0.8713660228677249,0.8610161595359009,1.0972363699555756,0.648781365066205,0.8610161595359009,259383045.42037964,0.6958103570952106,192.1468475341797,203.27291564941407,210.0080988566081,False,False,False,False,False,False,weak_rally,2,5,normal,False,False,,False,65.0,분산5일,0.02092259740175874,39.915245741695365,True,False,False,False,False,True,False,,Uptrend Under Pressure,222.98,-0.1523,0.4985287264348801,0.9144666488821164,0.020735405776174165,-0.18600903788356737,0.3784630118174262,0.3480402542372881,,False,,,0,0,0.348,0.838
HUBS,"HubSpot, Inc.",Information Technology,XLK,13379203072.0,2026-09-23,226.02999877929688,0.05690637863187331,-0.06583735945010338,-0.07429249918369196,-0.08180512559158115,0.011059397829385142,False,-0.11878536185656785,-0.0035513651796658108,-0.147745654733333,-0.037104062753135936,0.8648225108952992,1.0260155976176002,1.8187663920512278,0.3603461086273224,1.0260155976176002,396745663.9887711,0.6186441773828935,239.30449981689452,225.617165629069,217.7873327891032,False,True,True,False,True,False,accumulation,2,4,normal,False,False,,False,33.0,분산4일,0.0606973716337643,46.98935616126191,True,False,False,False,False,True,False,,Uptrend Under Pressure,250.21,-0.0966,0.4417877775426518,0.9878468725697951,-0.6023376596524201,-0.21813030415147794,0.05173557153698819,0.3474576271186441,,False,,,0,0,0.348,0.838
BIDU,"Baidu, Inc.",Communication Services,XLC,32317691904.0,2026-09-23,89.77999877929688,-0.026352893713291192,-0.006748540927874136,-0.02603603295653434,-0.03394028717581099,-0.22935501829572436,False,-0.07284827656024428,-0.24049156597627508,-0.03130529419047068,-0.2176212095155331,0.7940916391119509,0.9675816994084722,0.9385033011656541,0.6963931332885046,0.9675816994084722,235136890.45241243,0.5983602969225863,92.98200035095215,102.88566691080729,113.53891677856446,False,False,False,False,False,False,dry_up,1,0,normal,False,False,,False,90.0,,0.030646345667347325,39.09727753094686,True,False,False,False,False,True,False,,Uptrend Under Pressure,150.5,-0.4035,0.3988768926702253,0.9459199931884106,-0.4079984629869444,-0.30521723912838317,0.05340157565682484,0.3471398305084746,,False,,,0,0,0.348,0.838
CNC,Centene Corporation,Health Care,XLV,31783636992.0,2026-09-23,62.08000183105469,-0.044776059830232806,-0.08247120202536395,-0.05437927816981003,-0.062053511337850864,-0.11520203515479077,False,-0.09982924252671033,-0.12798820123266685,-0.02505860658455661,-0.13404832395003452,0.8943955994191064,0.7248794823629052,1.3024586404176333,0.5656085601598088,0.7248794823629052,309407468.9918518,0.11666832676710627,65.76700019836426,65.56233323415121,59.329166634877524,False,False,True,True,True,False,dry_up,3,3,normal,False,False,,False,65.0,분산3일,0.04139820729599455,40.339384426214785,True,False,False,False,False,True,False,,Uptrend Under Pressure,61.02,0.0174,0.3427816088157414,0.9645151837456468,0.7593341465879633,0.6917901054790032,0.9603899389252286,0.346875,,False,,,0,0,0.348,0.838
NVS,Novartis AG,Health Care,XLV,289022705664.0,2026-09-23,142.7100067138672,0.012271322448268451,0.029505206613389623,-0.09688645199753299,-0.10421571602970614,-0.09434344394138516,False,-0.14029336728541197,-0.10743103635838258,-0.06888379180421267,-0.11363402290171609,0.8750383832138908,0.9814087867283522,0.7736589896607744,0.8372814512553449,0.9814087867283522,375526666.17207944,0.3577074468932766,147.7969985961914,152.6149996439616,151.14283294677733,False,False,False,False,False,False,weak_rally,1,3,normal,False,False,,False,13.0,분산3일,0.028574420850112334,42.30864807387055,True,False,False,False,False,True,False,,Uptrend Under Pressure,162.46,-0.1216,0.26261084572323196,0.9645151837456468,0.14471304359590653,-0.08421268427166384,0.5559918326045319,0.3461864406779661,,False,,,0,0,0.348,0.838
TFII,TFI International Inc.,Industrials,XLI,11029483520.0,2026-09-23,124.95999908447266,-0.004223434443534235,-0.062495270622290544,-0.07995882531372522,-0.08742546636308313,-0.17609841331259712,False,-0.12417934378485185,-0.1880045692236293,-0.03441545534592483,-0.10479990691982355,0.7978546991460066,1.7155800557022982,1.2166259348687483,0.9164875776826767,1.7155800557022982,26250912.70152397,0.37043572236250044,131.05499954223632,139.90816650390624,140.2676134109497,False,False,False,True,False,False,distribution,2,4,interest,False,False,,False,39.0,분산4일,0.029379283352035983,35.217627215131856,False,False,False,False,False,True,False,,Uptrend Under Pressure,147.76,-0.1543,0.4015738001506688,0.9144666488821164,0.31038954513295103,0.16350299473882557,0.8349183260453181,0.34528601694915256,,False,,,0,0,0.348,0.838
CSX,CSX Corporation,Industrials,XLI,93568499712.0,2026-09-23,47.189998626708984,0.026092561523085145,-0.030209642936965708,-0.08010910573806773,-0.08757452717898173,-0.07219860485696805,False,-0.12432240118650417,-0.08560621110938471,-0.034573174868813394,0.008091146700371699,0.8889571005794912,1.0253262922048758,1.4273821407849347,0.3577879994281252,1.0253262922048758,504347769.82961655,0.6992473870793801,49.03986740112305,49.70513331095378,47.278787231445314,False,False,True,True,False,False,accumulation,2,4,normal,False,False,,False,42.0,분산4일,0.02114550628637484,37.58433833357415,True,False,False,False,False,True,False,,Uptrend Under Pressure,52.67,-0.104,0.36709847520657557,0.9144666488821164,0.3582917013856035,0.1345004502923346,0.8422518159806296,0.3438559322033899,,False,,,0,0,0.348,0.838
NEE,"NextEra Energy, Inc.",Utilities,XLU,171759435776.0,2026-09-23,77.0199966430664,-0.032776600532151035,-0.049956865264628614,-0.07729871113669917,-0.08478694047825164,-0.14542016408611358,False,-0.12164708435100124,-0.1577696496669384,-0.004073843176672032,0.0025143190826451,0.8642296445356153,1.1408401124648462,1.1262283364453123,0.5222985277841781,1.1408401124648462,905220439.1878414,0.07041976051550417,82.02148933410645,85.06491572062174,87.210711034139,False,False,False,False,False,False,distribution,0,5,normal,False,False,,False,54.0,분산5일,0.016841626659891147,22.85966966786245,True,False,False,False,False,True,False,,Uptrend Under Pressure,87.81,-0.1229,0.26346219547204897,0.8501929415105124,0.03297228560630705,-0.20275805209030906,0.38045516967222,0.3434322033898305,,False,,,0,0,0.348,0.838
DASH,"DoorDash, Inc.",Consumer Discretionary,XLY,100412473344.0,2026-09-23,189.27000427246094,-0.023525757186796725,-0.04534444912468227,-0.17370991753352527,-0.18041571681530766,-0.028234050101463404,False,-0.21342441820973346,-0.04227698568439231,-0.11852417841764484,0.04475148544184404,0.7988435830134052,1.5057137289322948,1.2379206691420481,0.5812401215616108,1.5057137289322948,810579923.9869171,0.7205894085967887,211.31274948120117,202.80458374023436,183.7195836385091,False,False,True,True,True,False,distribution,1,3,interest,False,False,,False,31.0,분산3일,0.038764727638009554,32.930790402111185,True,False,False,False,False,True,False,,Uptrend Under Pressure,216.26,-0.1248,0.42823124308151367,0.8941366305950827,-0.27580449857481426,0.1926093552885253,0.43357124787683854,0.34337923728813563,,False,,,0,0,0.348,0.838
CSL,Carlisle Companies Incorporated,Industrials,XLI,13764123648.0,2026-09-23,323.9599914550781,0.01922285743034613,-0.0008943979797128021,-0.10636654178299532,-0.11361886966329704,-0.05035358967184411,False,-0.1493178095444373,-0.06407687702122111,-0.06213039200735104,0.03182657814393397,0.8336761460246201,0.5518627524308702,0.9344093019551438,0.44465816819334913,0.5518627524308702,229527494.49923402,0.03314786713876244,337.86900024414064,349.885595703125,348.8102564493815,False,False,False,False,False,False,weak_rally,0,2,normal,False,False,,False,65.0,,0.02956821431562332,40.5772191139318,True,False,False,False,False,True,False,,Uptrend Under Pressure,359.69,-0.0993,0.5054199878759923,0.9144666488821164,-0.052638523354416766,-0.0618483374437887,0.4253225398431571,0.34258474576271186,,False,,,0,0,0.348,0.838
EXE,Expand Energy Corporation,Energy,XLE,22724413440.0,2026-09-23,87.04000091552734,-0.006959504845775233,-0.07630268688595132,-0.09643933083091094,-0.10377222349770243,-0.02152059522656724,False,-0.13986773638504257,-0.035660546571734786,-0.09112122888076635,-0.09083652903320227,0.8705740947496291,1.324342917531251,1.6345546461501754,0.5634124079416468,1.324342917531251,273817352.9541294,0.12270182730472554,94.76000175476074,92.48997039794922,93.39525305430094,False,False,True,False,False,False,distribution,2,6,normal,False,False,,False,21.0,분산6일,0.028404017157672653,29.02131336819528,True,False,False,False,False,True,False,,Uptrend Under Pressure,96.09,-0.0942,0.3429793307030847,0.9516263576747145,-0.14248637040732248,-0.2286875027440448,0.20656553792779445,0.3422139830508475,,False,,,0,0,0.348,0.838
SNY,Sanofi,Health Care,XLV,106292658176.0,2026-09-23,41.65999984741211,-0.019764709472656294,-0.01745286914707156,-0.08820308383509257,-0.09560281818419514,-0.07845594867881156,False,-0.13202735331622228,-0.09177313040439672,-0.05993118019112942,-0.0980849329427802,0.9052585709043377,1.7063178201002027,1.2403757534208206,0.6665105792448678,1.7063178201002027,97660732.31567001,0.4594611313492336,43.62350025177002,43.705833435058594,43.7686775525411,False,False,True,False,False,False,distribution,5,3,interest,False,False,,False,60.0,분산3일,0.017325635062658842,34.13626111820447,True,False,False,True,False,True,False,,Uptrend Under Pressure,42.95,-0.03,0.4240665268402631,0.9645151837456468,-0.12675759908256867,-0.0772019908942172,0.3403780130822883,0.34126059322033897,,False,,,0,0,0.348,0.838
TXT,Textron Inc.,Industrials,XLI,13855264768.0,2026-09-23,76.80999755859375,-0.03274154367979487,-0.04843909319845918,-0.06477535459314554,-0.07236521787306571,-0.16394931474538899,False,-0.1097256457808945,-0.1760310366027148,-0.018480380845592226,-0.09159945392405644,0.7990221549274279,1.2029013880173258,1.1392729862413113,0.6675534368488882,1.2029013880173258,148019853.39764404,0.21022515453907042,80.34148864746093,86.34182955423991,88.58824577331544,False,False,False,False,False,False,distribution,3,4,normal,False,False,,False,40.0,분산4일,0.022698196327557926,29.12723908180817,True,False,False,False,False,True,False,,Uptrend Under Pressure,96.13,-0.201,0.4624808184462686,0.9144666488821164,-0.14667910857405453,-0.20442993098873719,0.2154313179863395,0.34094279661016946,,False,,,0,0,0.348,0.838
D,"Dominion Energy, Inc.",Utilities,XLU,58057510912.0,2026-09-23,61.16999816894531,-0.02626554495215716,-0.04227338043044149,-0.07239200007959845,-0.07992005008483871,-0.15058451938203143,False,-0.11697620763795269,-0.1628593751522982,0.0012222607138525632,-0.0035440266861281877,0.861877031225662,1.0209406704118644,1.0846242376237054,0.4897552374567423,1.0209406704118644,306938008.5556305,0.10204062567146331,64.80390167236328,67.32058753967286,65.5765903155009,False,False,False,True,False,False,distribution,1,7,normal,False,False,,False,54.0,분산7일,0.018548187413228497,24.889318383451908,True,False,True,False,False,True,False,,Uptrend Under Pressure,69.13,-0.1152,0.2941834572835262,0.8501929415105124,-0.0125051680255156,-0.04002339187211179,0.4785081854649272,0.3408368644067797,,False,,,0,0,0.348,0.838
GKOS,Glaukos Corporation,Health Care,XLV,10591155200.0,2026-09-23,153.49000549316406,-0.04977399459476306,-0.1059528655559131,-0.17322913795112882,-0.17993883902411845,-0.02178640268778631,False,-0.212966746639227,-0.03592251286414594,-0.14759362007090127,-0.04262245418300603,0.8097599737376562,1.36299733737384,1.2689583731365206,0.701332088253489,1.36299733737384,124690209.169458,0.01837012848228332,173.31499938964845,167.29783325195314,146.6653329849243,False,False,True,True,True,False,distribution,2,4,normal,False,False,,False,10.0,분산4일,0.04699702034459216,31.69501812338639,True,False,False,False,False,True,False,,Uptrend Under Pressure,185.04,-0.1705,0.2847083354705493,0.9645151837456468,0.9041519920912005,0.4773566215127716,0.9670431137291751,0.340625,,False,,,0,0,0.348,0.838
VMRK,Vivmark Residential,Real Estate,XLRE,25980092416.0,2026-09-23,61.290000915527344,-0.0011408033593208744,-0.06612824195516176,-0.10052830254591572,-0.1078280109543317,-0.1443783712609371,False,-0.14376017727705137,-0.15674291173181687,-0.0336348358755284,-0.06866094113843801,0.8755714416503906,0.9322247123144874,1.2191768003090147,0.8304492020479807,0.9322247123144874,408488885.31699944,0.1399993896484375,64.73400039672852,66.5951665878296,65.28794740041097,False,False,False,True,False,False,dry_up,2,4,normal,False,False,,False,100.0,분산4일,0.02188657960838194,31.989801899273175,True,False,False,False,False,True,False,,Uptrend Under Pressure,64.76,-0.0535,0.3407116673423551,0.917022007899457,-0.07754941753447708,-0.0017343467293959858,0.4550612554660114,0.3402542372881356,,False,,,0,0,0.348,0.838
MKC-V,"McCormick & Company, Incorporat",Consumer Staples,XLP,14571754496.0,2026-09-23,50.29999923706055,-0.003960411147315934,-0.02989391094840954,-0.09140175790288674,-0.09877553324955002,-0.08302483179782916,False,-0.1350722874975966,-0.09627598884809718,-0.04236615572299174,-0.03950556626039092,0.865748718727853,0.30928912580151147,1.8150718236061312,0.5695313224396055,0.30928912580151147,1156712.1771923066,1.0,53.34049949645996,52.722639020284014,50.62514845530192,False,False,True,True,True,False,dry_up,2,3,normal,False,False,,False,,분산3일,0.05763987612645298,40.799639639722095,False,False,False,False,False,True,False,,Uptrend Under Pressure,,,0.18260497026036712,0.9334307577070513,-0.24938285223369372,-0.09084418930383054,0.2359871345451917,0.3402012711864407,,False,,,0,0,0.348,0.838
ALSN,"Allison Transmission Holdings, ",Industrials,XLI,10380884992.0,2026-09-23,114.58999633789062,-0.035924652957548986,-0.06380723113256681,-0.1277972897009565,-0.1348756952541652,-0.036194010179166125,False,-0.16971851792696202,-0.050121916822641666,-0.08462199296968509,0.04721149435799932,0.8600915710620601,0.8042967195328385,1.4448447063676895,0.49100461488778774,0.8042967195328385,98412856.87377167,0.6601301485987833,124.93549995422363,120.98699366251627,121.07529468536377,False,False,True,True,False,False,dry_up,1,1,normal,False,False,,False,34.0,,0.036290863197446226,35.285844102850874,True,False,False,False,False,True,False,,Uptrend Under Pressure,122.34,-0.0634,0.3940408720610626,0.9144666488821164,0.3108054896943917,-0.003332637071963185,0.7173376459108813,0.33993644067796613,,False,,,0,0,0.348,0.838
IP,International Paper Company,Materials,XLB,20086585344.0,2026-09-23,35.70000076293945,0.01047265532716568,0.05030888496707453,-0.13011695987968463,-0.13717654003132007,-0.05019642585235995,False,-0.17192669633683488,-0.0639219843673332,-0.07727073692718611,-0.022821624065099577,0.8189283317246817,0.7542737877198789,1.2398677706658854,0.6263460056180319,0.7542737877198789,182076121.8733553,0.03333418104599265,36.45650043487549,38.404136721293135,35.92530347506205,False,False,False,True,False,False,weak_rally,3,5,normal,False,False,,False,41.0,분산5일,0.03619446969046015,44.02641587657359,True,False,False,False,False,True,False,,Uptrend Under Pressure,41.69,-0.1436,0.4165411869768474,0.9411475393682374,-0.19376243222645628,0.02243584982531166,0.3696487297170323,0.3395127118644068,,False,,,0,0,0.348,0.838
UNH,UnitedHealth Group Incorporated,Health Care,XLV,349532389376.0,2026-09-23,371.2900085449219,-0.016606603067632508,-0.012342681406804168,-0.06315516560837087,-0.07075817761458092,-0.15261576732380155,False,-0.10818332895977845,-0.16486126964326853,-0.03410660620035222,-0.1706651397275296,0.8561389837442798,0.779468258550743,1.1079699811874917,0.7326933068460995,0.779468258550743,1911290825.280777,0.8003056381465955,386.73114624023435,403.7178955078125,384.401283009847,False,False,False,True,False,False,dry_up,2,3,normal,False,False,,False,46.0,분산3일,0.027743485621475696,35.24196012852633,True,False,False,False,False,True,False,,Uptrend Under Pressure,423.48,-0.1232,0.37313319720352417,0.9645151837456468,0.016300976318559757,0.24263338994962824,0.6718748870658813,0.3376588983050847,,False,,,0,0,0.348,0.838
CCJ,Cameco Corporation,Energy,XLE,43013238784.0,2026-09-23,90.80000305175781,-0.026064573824720938,-0.004495077697952099,-0.11215404290409958,-0.11935940202405326,-0.020219362202611668,False,-0.15482714235387363,-0.03437811759368725,-0.10692843329428581,-0.08962747595878406,0.8457526316649718,0.8269449979847043,1.237890328523748,0.6092161097306031,0.8269449979847043,287013567.00645906,0.01027614695438833,97.68600120544434,95.09216702779135,103.76591669718424,False,False,False,False,False,False,dry_up,1,2,normal,False,False,,False,167.0,,0.036705488792220554,39.725893208463205,True,False,False,False,False,True,False,,Uptrend Under Pressure,121.87,-0.2549,0.35722879312540345,0.9516263576747145,0.024526375265939038,-0.17104394387108512,0.3950290918289906,0.3375,,False,,,0,0,0.348,0.838
MTB,M&T Bank Corporation,Financials,XLF,33784739840.0,2026-09-23,219.5800018310547,-0.032516763590497266,-0.06708583767557619,-0.08599601406117474,-0.09341365999752604,-0.1131817317073136,False,-0.12992636332698138,-0.12599709307771267,-0.027765916432053506,-0.06660344278570496,0.869758796939621,0.6686091849455968,1.2397371628676161,0.6157690579096173,0.6686091849455968,253803622.3351059,0.040404896675824496,234.31589431762694,241.48893712361652,228.54124946594237,False,False,True,True,False,False,dry_up,3,3,normal,False,False,,False,39.0,분산3일,0.022624366560373876,25.58069663281256,True,False,False,False,False,True,False,,Uptrend Under Pressure,250.99,-0.1251,0.30362207044639344,0.9346486837235032,0.04526445553827174,0.029665031404294107,0.5911215713201547,0.336917372881356,,False,,,0,0,0.348,0.838
WTFC,Wintrust Financial Corporation,Financials,XLF,10142596096.0,2026-09-23,143.7100067138672,-0.02291266708752482,-0.0512312302389768,-0.05447725824096561,-0.06215069624674485,-0.13094735711438976,False,-0.09992251331999291,-0.14350598842215578,0.005760861515842652,-0.08530217079414826,0.863998108744269,0.8513737344944879,1.2215429205190158,0.3860897891741037,0.8513737344944879,67236480.38095245,0.05821183397413935,150.64350204467775,156.76663055419922,153.05206222534179,False,False,False,True,False,False,dry_up,2,3,normal,False,False,,False,58.0,분산3일,0.019811723385471557,26.88663665109111,True,False,True,False,False,True,False,,Uptrend Under Pressure,160.17,-0.1028,0.3566956199736588,0.9346486837235032,-0.014201620705372453,-0.023270310334541744,0.49015666220953347,0.33331567796610173,,False,,,0,0,0.348,0.838
SBAC,SBA Communications Corporation,Real Estate,XLRE,20120672256.0,2026-09-23,170.52999877929688,-0.03261856160550025,-0.06885443186839013,-0.07856491040954927,-0.08604286384636228,-0.10677164628617586,False,-0.12285242549067898,-0.11967963944374482,-0.01003803221103805,-0.02772624445893046,0.8904030648239587,0.9468926817251014,1.1964793306963195,0.42479346438465526,0.9468926817251014,167988261.85809478,0.03408958610456749,184.62200088500975,182.06848424275717,193.50537134806316,False,False,False,True,False,False,dry_up,3,5,normal,False,False,,False,38.0,분산5일,0.0313853483974085,32.540294342453166,True,False,False,False,False,True,False,,Uptrend Under Pressure,185.01,-0.0783,0.4118307958442063,0.917022007899457,-0.19151227178724672,-0.08186235642471185,0.2753731343283582,0.3333156779661017,,False,,,0,0,0.348,0.838
ATO,Atmos Energy Corporation,Utilities,XLU,28074070016.0,2026-09-23,156.24000549316406,-0.01282617504579231,-0.03579355735177692,-0.06900251058077234,-0.07655806816080901,-0.1477087088097755,False,-0.1137496293077942,-0.16002512275834535,0.004880737504664889,-0.00017039071147073592,0.8762518837625445,1.090317424867779,1.3979444316257612,0.38323750854799565,1.090317424867779,159565294.38363647,0.5374480728123362,164.82099990844728,170.24396692911785,173.8984484354655,False,False,False,False,False,False,distribution,2,6,normal,False,False,,False,142.0,분산6일,0.015059264044721611,22.9509383002313,True,False,True,False,False,True,False,,Uptrend Under Pressure,184.63,-0.1537,0.3950364254212206,0.8501929415105124,-0.10466384692684627,-0.20871881696507022,0.2566098081023454,0.33310381355932206,,False,,,0,0,0.348,0.838
TDG,Transdigm Group Incorporated,Industrials,XLI,64769712128.0,2026-09-23,1105.280029296875,-0.00393817421803333,0.018691271241359386,-0.07822658220928058,-0.08570728136584826,-0.1289263470814106,False,-0.1225303585717974,-0.141514183892527,-0.032597463700273055,-0.053545680974310894,0.845034713375499,0.7420195270204573,1.3539826915883832,0.6213920853696707,0.7420195270204573,436578353.4679321,0.11567487855655795,1138.22900390625,1216.080167643229,1220.336582438151,False,False,False,False,False,False,dry_up,4,4,normal,False,False,,False,65.0,분산4일,0.022988346792797067,37.04900452541679,True,False,False,False,False,True,False,,Uptrend Under Pressure,1328.31,-0.1679,0.41583333192941585,0.9144666488821164,-0.1953950813556956,-0.11121712458460209,0.24930161540963464,0.3314618644067797,,False,,,0,0,0.348,0.838
PDD,PDD Holdings Inc.,Consumer Discretionary,XLY,119565303808.0,2026-09-23,79.19999694824219,-0.001261110966797263,0.014344199422675397,-0.09038707676772684,-0.0977690868108626,-0.08838866703544268,False,-0.1341063756209374,-0.10156231160163254,-0.02963642449305648,-0.019921109234396495,0.8516128704112064,0.6348534446716098,0.9058160969513162,0.464154281357663,0.6348534446716098,568507249.2449478,0.609756324491296,81.17449989318848,84.48649965922037,88.70174986521403,False,False,False,False,False,False,dry_up,1,3,normal,False,False,,False,38.0,분산3일,0.02045454651793677,40.327644022974624,True,False,False,False,False,True,False,,Uptrend Under Pressure,88.32,-0.1033,0.460420010286688,0.8941366305950827,-0.41318197971261306,-0.2161029465324612,0.08135954609518992,0.3311970338983051,,False,,,0,0,0.348,0.838
RRX,Regal Rexnord Corporation,Industrials,XLI,10547948544.0,2026-09-23,152.4199981689453,0.011212117622965367,-0.000196777828123329,-0.0632989366672112,-0.07090078189206506,-0.28831211738782436,False,-0.10832018985966296,-0.29859667931522826,-0.016930878095110846,-0.22672432114130991,0.6926922505889342,0.856127392974122,1.0595495836692468,0.8238042262726019,0.856127392974122,196790778.82009584,0.7017541846884573,157.3654983520508,184.7046661376953,196.3294755299886,False,False,False,False,False,False,weak_rally,1,4,normal,False,False,,False,34.0,분산4일,0.038404227600199924,37.667130819035044,True,False,False,False,False,True,False,,Uptrend Under Pressure,220.04,-0.3073,0.5659959715052868,0.9144666488821164,0.0041234658560129756,-0.22611634079745468,0.34045390481008997,0.3304555084745763,,False,,,0,0,0.348,0.838
XPO,"XPO, Inc.",Industrials,XLI,22713604096.0,2026-09-23,179.9199981689453,0.032006435403612254,0.009425452333963635,-0.06286789405112292,-0.07047323742429856,-0.16391854186671062,False,-0.1079098647163258,-0.1760007084211911,-0.016478498245563356,-0.09156601803280162,0.8204660662932441,1.1936228716399013,1.286031817673269,0.5980589159585666,1.1936228716399013,191991047.39598387,0.4716244570345627,184.16699981689453,198.4589993794759,205.13058319091797,False,False,False,False,False,False,accumulation,2,5,normal,False,False,,False,109.0,분산5일,0.03740950043784937,40.84831765524439,True,False,False,False,False,True,False,,Uptrend Under Pressure,222.12,-0.19,0.3724843273673122,0.9144666488821164,0.2981976166126723,-0.0904588715061635,0.630864442918579,0.3297139830508475,,False,,,0,0,0.348,0.838
MAS,Masco Corporation,Industrials,XLI,14229045248.0,2026-09-23,68.16000366210938,0.00620026294043452,-0.010452869047884117,-0.06897958592427234,-0.07653532955052733,-0.12534149203501765,False,-0.11372780649349878,-0.13798113338661622,-0.02289272771351447,-0.049650600999877725,0.8388544650505475,0.8998001681049127,1.4019287184358744,0.5107643509256665,0.8998001681049127,161786205.2067047,0.007221747872311125,70.2629997253418,74.44442799886068,71.67315705617268,False,False,False,True,False,False,weak_rally,2,6,normal,False,False,,False,39.0,분산6일,0.026141228604931895,38.58117705004247,True,False,False,False,False,True,False,,Uptrend Under Pressure,81.25,-0.1611,0.618736137454661,0.9144666488821164,-0.11551834725875543,0.04639370887494154,0.4675942322286871,0.328177966101695,,False,,,0,0,0.348,0.838
TMUS,"T-Mobile US, Inc.",Communication Services,XLC,193552875520.0,2026-09-23,165.66000366210938,0.0023597711597169724,-0.08206348677574438,-0.08763489845712924,-0.09503924394362817,-0.1392787399773382,False,-0.1314864769899542,-0.15171697493568148,-0.09257090248133315,-0.1261734334900162,0.8516464176931569,1.6509748668135802,1.6448312195474386,0.970138519613334,1.6509748668135802,856779554.591568,0.8122196387246784,178.0198600769043,179.4538838704427,183.81792538960775,False,False,False,False,False,False,accumulation,2,4,interest,True,False,surge,False,13.0,분산4일,0.03455656679911688,34.988830523855185,True,False,False,False,False,True,False,,Uptrend Under Pressure,187.3,-0.1155,0.42122843930738685,0.9459199931884106,-0.32925546053453336,-0.24741674593307883,0.0876459108814282,0.326271186440678,,False,,,0,0,0.348,0.838
MS,Morgan Stanley,Financials,XLF,335033204736.0,2026-09-23,198.38999938964844,-0.037502405931769234,-0.038248979233755476,-0.07329036952170953,-0.08081112876395091,-0.12181839819067086,False,-0.11783139818372534,-0.1345089515750627,-0.014250810518944501,-0.07569373225041531,0.8728159356584505,0.9395813739795889,1.196155795706824,0.49472446447514795,0.9395813739795889,968403611.2904441,0.1415088002149671,210.8025016784668,213.74184799194336,204.9752062479655,False,False,False,True,False,False,dry_up,2,6,normal,False,False,,False,48.0,분산6일,0.02798598915883542,33.94610434068635,True,False,False,False,False,True,False,,Uptrend Under Pressure,227.3,-0.1272,0.3853233615072838,0.9346486837235032,0.17759962453845946,0.12498461062470234,0.7576497054678183,0.3253177966101695,,False,,,0,0,0.348,0.838
TSN,"Tyson Foods, Inc.",Consumer Staples,XLP,19398334464.0,2026-09-23,51.36000061035156,-0.012687424867440789,-0.02264507410058625,-0.10420812829841197,-0.11147797289336603,-0.12887283240578562,False,-0.1472631372466502,-0.14146144255449689,-0.055863665562760234,-0.08752949418023981,0.8473271657472725,0.8434070899449648,1.2038124610495493,0.8476165392450321,0.8434070899449648,200845304.96931076,0.3214294229243088,53.33869094848633,56.21953856150309,59.007649485270186,False,False,False,False,False,False,dry_up,3,3,normal,False,False,,False,35.0,분산3일,0.02871886504863463,35.0413752841566,True,False,False,False,False,True,False,,Uptrend Under Pressure,59.06,-0.1304,0.34375986729765257,0.9334307577070513,-0.037910029568280046,-0.15669655908144586,0.3485092696324672,0.3248940677966101,,False,,,0,0,0.348,0.838
RF,Regions Financial Corporation,Financials,XLF,25455652864.0,2026-09-23,27.389999389648438,-0.0406304685958212,-0.0771563642850771,-0.09670948143653668,-0.10404018168231799,-0.13327220620000946,False,-0.14012490257195453,-0.14579724124320903,-0.03916192596347945,-0.0877491277526895,0.8539440711972494,1.2092492167111641,1.3035166555549598,0.7514425252839878,1.2092492167111641,226348977.84540063,0.06542029419524126,29.581724834442138,30.356373500823974,28.94762042363485,False,False,True,True,False,False,distribution,3,3,normal,False,False,,False,171.0,분산3일,0.02364001154934292,23.7644896518769,True,False,False,False,False,True,False,,Uptrend Under Pressure,27.7,-0.0112,0.2794845586885029,0.9346486837235032,-0.008629121178077792,0.02942256300012236,0.5427234288605399,0.3230402542372881,,False,,,0,0,0.348,0.838
UTHR,United Therapeutics Corporation,Health Care,XLV,21890551808.0,2026-09-23,489.4200134277344,-0.007462974305882941,-0.02184469379924414,-0.045741676867357084,-0.05348600892904243,-0.11056341505002554,False,-0.09160679569609032,-0.1234166135685133,-0.016153180915286502,-0.129508506936573,0.9082844425716908,0.5063912308171039,1.3707423930151914,0.3151974149448008,0.5063912308171039,365049112.33856964,0.1375587403384737,502.66200103759763,520.3868352254232,542.1166674296061,False,False,False,False,False,False,dry_up,2,6,normal,False,False,,False,120.0,분산6일,0.028205033074426736,38.32178114859766,True,False,False,True,False,True,False,,Uptrend Under Pressure,592.98,-0.1746,0.33877813823024744,0.9645151837456468,0.05635100915845759,-0.1595658764748833,0.42933034584944524,0.321239406779661,,False,,,0,0,0.348,0.838
QSR,Restaurant Brands International,Consumer Discretionary,XLY,35677679616.0,2026-09-23,71.66000366210938,-0.012403444415190479,-0.04224089416491761,-0.11362958409492896,-0.12082296838513751,-0.06879393718961746,False,-0.15623176367907166,-0.08225074410474376,-0.05443123769076985,0.0011453040469033837,0.886370415905071,0.6694839131047504,1.512455012801366,0.4887885817815774,0.6694839131047504,254090746.85427094,0.48920906745705034,76.46292495727539,74.97135009765626,74.9536678314209,False,False,True,True,True,False,dry_up,2,4,normal,False,False,,False,14.0,분산4일,0.025803271250589673,35.391840709352735,True,False,False,False,False,True,False,,Uptrend Under Pressure,77.53,-0.0757,0.3332074258661219,0.8941366305950827,0.13057028229148115,-0.07131783891266341,0.5616511871634563,0.3211334745762712,,False,,,0,0,0.348,0.838
SO,Southern Company (The),Utilities,XLU,101231943680.0,2026-09-23,83.47000122070312,-0.02328572297084308,-0.02885393619074217,-0.07358487642285882,-0.08110324557933246,-0.15089960801759794,False,-0.11811175001418828,-0.16316991045955287,-6.52813828670995e-05,-0.003913659639845246,0.8653906390895371,0.8866646507744632,1.2795039909663888,0.38382073099177333,0.8866646507744632,542359603.056366,0.15384719563725668,87.54749946594238,91.63905932108561,92.26821390787761,False,False,False,False,False,False,dry_up,1,2,normal,False,False,,False,60.0,,0.015497454692268863,23.7883999435375,True,False,False,False,False,True,False,,Uptrend Under Pressure,96.36,-0.1338,0.40520927527467077,0.8501929415105124,-0.1396370617056374,-0.17665083079363986,0.24515738498789344,0.3184322033898305,,False,,,0,0,0.348,0.838
FTV,Fortive Corporation,Industrials,XLI,17770684416.0,2026-09-23,56.2599983215332,0.02123794092765774,-0.003365853655240114,-0.06833456370119584,-0.07589554203818027,-0.120127279076781,False,-0.1131137863798003,-0.13284227072923727,-0.022215775956683004,-0.04398516231038474,0.8788967234353453,0.6747670206960128,1.0851770213697207,0.4197894079153889,0.6747670206960128,133394713.23076458,0.8152860051607762,56.770975494384764,59.624441909790036,59.74462842941284,False,False,False,True,False,False,weak_rally,1,4,normal,False,False,,False,39.0,분산4일,0.01967141800598766,44.601657535384504,True,False,False,False,False,True,False,,Uptrend Under Pressure,64.01,-0.1211,0.40090098174984146,0.9144666488821164,0.06545773071915706,-0.07310291714258399,0.5173150590871309,0.3183262711864407,,False,,,0,0,0.348,0.838
GS,"Goldman Sachs Group, Inc. (The)",Financials,XLF,298712727552.0,2026-09-23,936.3599853515625,-0.02400486657693035,-0.04127289490200481,-0.09199650277136195,-0.09936545143572972,-0.12437155904268005,False,-0.1356384467688554,-0.13702521684189395,-0.03414868908059565,-0.07838099257700715,0.8167437200269172,1.0302955692590063,1.455974622458436,0.6393017200070056,1.0302955692590063,2013622620.3474853,0.12874573076686693,1003.2427978515625,1029.0445678710937,997.5503580729167,False,False,False,True,False,False,distribution,1,6,normal,False,False,,False,49.0,분산6일,0.029862973999242048,34.78228893677941,True,False,False,False,False,True,False,,Uptrend Under Pressure,1134.44,-0.1746,0.44584096854686145,0.9346486837235032,0.12614008822869116,0.07202781459457186,0.6891854287882621,0.3181673728813559,,False,,,0,0,0.348,0.838
CSCO,"Cisco Systems, Inc.",Information Technology,XLK,435489112064.0,2026-09-23,106.43000030517578,-9.396971064501436e-05,-0.0121588786390191,-0.0421204237194448,-0.04685766315854234,-0.11216333766262732,False,-0.08247935390549754,-0.11835011919219485,-0.11108612690600139,-0.17270981445601585,0.8591378968749475,1.0527366945180519,1.5496174341209183,0.5735305635507099,1.0527366945180519,1828958934.0989711,0.5416636864315857,109.60299949645996,113.19193534851074,108.80498892466227,False,False,False,True,False,False,distribution,3,4,normal,False,False,,False,29.0,분산4일,0.026167422244789452,40.792060802122634,True,False,False,False,False,True,False,,Uptrend Under Pressure,123.88,-0.1409,0.3760377165154656,0.9878468725697951,0.43859258483419095,0.1739732029759844,0.8745609121462903,0.317531779661017,,False,,,0,0,0.348,0.838
JBHT,"J.B. Hunt Transport Services, I",Industrials,XLI,24931598336.0,2026-09-23,234.6300048828125,-0.006520698217693077,-0.14070677395263953,-0.09716022597192875,-0.1044872681774579,-0.191688917134487,False,-0.14055398268883834,-0.2033697755436883,-0.05246835023688179,-0.12173957629057564,0.7875933968965257,0.8042347219006134,1.9329151858675553,0.9943445349467583,0.8042347219006134,281780944.6518707,0.2071783459784535,258.9969993591309,272.1696952819824,263.64799741109215,False,False,False,True,False,False,dry_up,3,3,normal,False,False,,False,6.0,분산3일,0.03828826623384393,31.22089786742211,True,False,False,False,False,True,False,,Uptrend Under Pressure,274.99,-0.1468,0.2265317260275607,0.9144666488821164,0.8014411710580982,0.16375901231036982,0.9150834809005818,0.3159427966101695,,False,,,0,0,0.348,0.838
FANG,"Diamondback Energy, Inc.",Energy,XLE,56138362880.0,2026-09-23,185.64999389648438,-0.019126170519684793,-0.12234673583965183,-0.0970331304221207,-0.10436120407806271,-0.051725437742460634,False,-0.14043299581249247,-0.06542890059182571,-0.09171852340803488,-0.11890164652856094,0.8776532641603482,1.038669351843793,2.1898623417007044,0.5727849839061776,1.038669351843793,641500065.891359,0.45628961101495297,199.79249954223633,195.55265274047852,194.2424341837565,False,False,True,True,True,False,distribution,3,4,normal,False,False,,False,15.0,분산4일,0.035150630454367074,35.85973134288092,True,False,False,False,False,True,False,,Uptrend Under Pressure,200.48,-0.074,0.29728889271827785,0.9516263576747145,0.32818347150739946,-0.05163506278987795,0.6858145712117378,0.31562500000000004,,False,,,0,0,0.348,0.838
RDDT,"Reddit, Inc.",Communication Services,XLC,28438128640.0,2026-09-23,151.97999572753906,-0.04252504366966914,-0.04792337857089879,-0.004715135789735259,-0.012792420836734486,-0.26380786729671557,False,-0.052552139103038464,-0.27444653877649994,-0.010099745620452683,-0.2525986361777144,0.7476754687515366,0.9583111651827599,1.3664536198040278,0.45106795365773533,0.9583111651827599,734662804.8993477,0.5871677169057636,154.43450164794922,167.27666625976562,163.48191680908204,False,False,False,True,False,False,dry_up,1,3,normal,False,False,,False,57.0,분산3일,0.052054781042194,46.50408183288153,True,False,False,False,False,True,False,,Uptrend Under Pressure,197.76,-0.2315,0.47843447094761854,0.9459199931884106,-0.5017588868249299,-0.07162448058254478,0.17764807921650827,0.3147245762711865,,False,,,0,0,0.348,0.838
ORI,Old Republic International Corp,Financials,XLF,10074995712.0,2026-09-23,38.2599983215332,-0.0244773806550308,-0.06819296049948931,-0.08160081708501765,-0.08905413246646021,-0.10760469881715162,False,-0.1257424154714245,-0.12050065357902373,-0.023090706728426946,-0.060733487818302345,0.8644362925670898,0.9976256092242073,1.4155720986252063,0.4732986251796487,0.9976256092242073,53531440.27219181,0.02631143056482741,41.026825523376466,41.63898270924886,40.337528483072916,False,False,True,True,False,False,dry_up,2,5,normal,False,False,,False,56.0,분산5일,0.02012298454830895,23.57859062263799,True,False,False,False,False,True,False,,Uptrend Under Pressure,41.56,-0.0794,0.4174348987903538,0.9346486837235032,-0.02875159979992903,-0.06429388205790776,0.44218586245527813,0.31424788135593223,,False,,,0,0,0.348,0.838
FRT,Federal Realty Investment Trust,Real Estate,XLRE,10143149056.0,2026-09-23,109.38999938964844,-0.011208513916249108,-0.0398490380353409,-0.06933811011058333,-0.07689094411552988,-0.1261492664422511,False,-0.114069098706025,-0.13877723469090997,-0.00012503727135115827,-0.04881866885887476,0.8604578128920507,0.9854447728232694,1.4147026949320067,0.3229463243287367,0.9854447728232694,88816630.18943635,0.05926034767276262,114.97150001525878,119.37753105163574,117.20075499216715,False,False,False,True,False,False,dry_up,0,5,normal,False,False,,False,10.0,분산5일,0.01622635515884391,18.989496644365687,True,False,False,False,False,True,False,,Uptrend Under Pressure,117.25,-0.067,0.4644707669884704,0.917022007899457,0.05098967982596281,-0.020205992289780927,0.5498446026525965,0.3133474576271187,,False,,,0,0,0.348,0.838
SRE,DBA Sempra,Utilities,XLU,53423656960.0,2026-09-23,79.0,-0.027093559494152375,-0.027093559494152375,-0.0658625956594997,-0.07344363537912713,-0.1855609487612807,False,-0.11076063009507264,-0.1973303620999155,0.008269833670497162,-0.04457515076546292,0.8454623066768305,0.7905837907808962,1.0336121964758456,0.43191130811858336,0.7905837907808962,329660226.12224734,0.1425743902848133,83.20649909973145,87.52916666666667,89.94357312520346,False,False,False,False,False,False,dry_up,1,1,normal,False,False,,False,206.0,,0.019601625301092055,32.190278408834544,True,False,True,False,False,True,False,,Uptrend Under Pressure,91.93,-0.1406,0.36129891961359467,0.8501929415105124,-0.11877235528336072,-0.23743859375848297,0.2324003469336128,0.31239406779661016,,False,,,0,0,0.348,0.838
CL,Colgate-Palmolive Company,Consumer Staples,XLP,71602061312.0,2026-09-23,85.93000030517578,-0.003825664536079132,-0.012298847066945062,-0.07152893061364729,-0.07906398490313093,-0.09756807972614412,False,-0.11615462042335178,-0.11060907311113344,-0.021420823548759516,-0.054739030772880226,0.918705494279613,1.2012031539154304,1.4377303417944056,0.31539045924634584,1.2012031539154304,445695789.3964497,0.09816146184378043,88.6974998474121,90.87438278198242,88.80788491566976,False,False,False,True,False,False,distribution,3,6,normal,False,False,,False,153.0,분산6일,0.018004691181514054,34.327338878153526,True,False,False,True,False,True,False,,Uptrend Under Pressure,94.18,-0.0876,0.5372080243402237,0.9334307577070513,-0.011281298125968342,-0.07590314616588634,0.4431390264175491,0.31191737288135596,,False,,,0,0,0.348,0.838
GD,General Dynamics Corporation,Industrials,XLI,100471414784.0,2026-09-23,343.3299865722656,-0.029867215333466368,-0.04258231810191904,-0.10537562498136244,-0.11263599469747665,-0.1035859673312185,False,-0.14837451980117466,-0.11653999655781933,-0.06109042338961901,-0.026012404333510042,0.8670605993227821,0.9467470399909598,1.1981116512938579,0.6011636652645317,0.9467470399909598,413555347.78818053,0.049036375102882855,362.45549926757815,374.10054473876954,357.33276697794594,False,False,True,True,False,False,dry_up,2,2,normal,False,False,,False,32.0,,0.0194856212489441,26.274176145572923,True,False,False,False,False,True,False,,Uptrend Under Pressure,386.92,-0.1127,0.3427260219339383,0.9144666488821164,0.03733839322771981,-0.04700119713768314,0.5167124426294676,0.3117584745762712,,False,,,0,0,0.348,0.838
H,Hyatt Hotels Corporation,Consumer Discretionary,XLY,15734708224.0,2026-09-23,157.27999877929688,0.002102592146997706,-0.018165950544721365,-0.1259205074994013,-0.13301414417422985,-0.1705769538438492,False,-0.16793194069046002,-0.18256290005793874,-0.06754303950935525,-0.10828223645640767,0.8233757672989958,0.853628703051453,1.092380652025902,1.157932898712037,0.853628703051453,121347176.13695374,0.31909567004301587,163.8015251159668,177.3782076517741,175.80821482340494,False,False,False,True,False,False,weak_rally,5,3,normal,False,False,,False,72.0,분산3일,0.02755322565752872,35.123396666787585,True,False,False,False,False,True,False,,Uptrend Under Pressure,193.92,-0.1889,0.40305758831227184,0.8941366305950827,0.08871287038583842,0.06062258691274014,0.6542851722019443,0.3098516949152542,,False,,,0,0,0.348,0.838
GEHC,GE HealthCare Technologies Inc.,Health Care,XLV,32173613056.0,2026-09-23,66.08999633789062,0.019750020483176867,0.03152796398763824,-0.10917921333016323,-0.11640871483115678,-0.014513142290980108,False,-0.15199529388745947,-0.028754357947976095,-0.08155771231577069,-0.035504114990098645,0.8833199225803057,0.9430869864062811,1.3437593677515673,0.3216812030318801,0.9430869864062811,218494788.49239045,0.5568824523733382,67.68074970245361,67.65983994801839,66.69497801462809,False,False,True,False,True,False,weak_rally,2,6,normal,False,False,,False,38.0,분산6일,0.02514536468616723,44.125323200493284,True,False,False,False,False,True,False,,Uptrend Under Pressure,71.9,-0.0808,0.7884129322958211,0.9645151837456468,-0.1397549119956859,-0.10759125603467545,0.30044992952910987,0.3097457627118644,,False,,,0,0,0.348,0.838
VRSK,"Verisk Analytics, Inc.",Industrials,XLI,25221632000.0,2026-09-23,171.8000030517578,-0.0012789281202124636,-0.04597955739174697,-0.09121327963145787,-0.0985885845831399,-0.13455713949916082,False,-0.13489286817604118,-0.14706360604286706,-0.04622702144395696,-0.059663748930402494,0.8081657646798983,0.8575259869451162,1.2422660141324278,0.6581225351535606,0.8575259869451162,225674062.12384033,0.71343176089305,182.74887390136718,187.8166280110677,181.47569274902344,False,False,True,False,False,False,dry_up,3,1,normal,False,False,,False,38.0,,0.037098437788083645,38.57761880993984,True,False,False,False,True,True,False,,Uptrend Under Pressure,212.58,-0.1918,0.34524498790497155,0.9144666488821164,-0.33310679517246455,-0.19686989905565833,0.11454049365761988,0.309375,,False,,,0,0,0.348,0.838
AMX,"America Movil, S.A.B. de C.V.",Communication Services,XLC,69019435008.0,2026-09-23,22.079999923706055,-0.01648110586455731,-0.04827589665525056,-0.07226888102904505,-0.0797979302132159,-0.1645050833159749,False,-0.11685900613587308,-0.1765787737926614,-0.07728801704035893,-0.151783872094289,0.8405024567550272,0.8174031993677326,0.6886044266163132,0.8266683469186764,0.8174031993677326,66599231.67240839,0.5862053089895031,23.008500194549562,24.337931156158447,25.1543927192688,False,False,False,False,False,False,dry_up,2,0,normal,False,False,,False,143.0,,0.01934525519198107,27.636993447494646,True,False,False,False,False,True,False,,Uptrend Under Pressure,25.12,-0.121,0.3940880948676151,0.9459199931884106,0.02657802701285772,-0.13242984802904056,0.42215586715333747,0.3090042372881356,,False,,,0,0,0.348,0.838
AGNC,AGNC Investment Corp.,Real Estate,XLRE,12720216064.0,2026-09-23,9.90999984741211,-0.01783947497063365,0.0030364101845852254,-0.08154767271049546,-0.08608992279652539,-0.11482885645425134,False,-0.12024539032989467,-0.12099706364112017,-0.019533403543044003,-0.023306778349839297,0.8864087166610041,0.8807933899461277,1.850294115480624,0.3554849587511757,0.8807933899461277,336807296.172171,0.22222269317170348,10.338027477264404,10.597528711954753,10.340787434577942,False,False,False,True,False,False,dry_up,1,6,normal,False,False,,False,11.0,분산6일,0.021623194129600395,33.302198560222195,True,False,False,False,False,True,False,,Uptrend Under Pressure,10.68,-0.0721,0.3820436676443497,0.917022007899457,0.10812755432230281,-0.0023549201315009594,0.6122095334465686,0.30778601694915253,,False,,,0,0,0.348,0.838
ES,Eversource Energy (D/B/A),Utilities,XLU,26419965952.0,2026-09-23,64.91000366210938,-0.029600773592554086,-0.022850764950139157,-0.07825692410965213,-0.08573737702498063,-0.14612471040689545,False,-0.12255924213030023,-0.158464014628105,-0.005108099197650096,0.001687810258825806,0.871126146581157,1.2894727427013541,1.4456935983260129,0.35448533175812497,1.2894727427013541,153360074.3345352,0.1376832025829422,68.73881301879882,71.131751759847,69.51396579742432,False,False,False,True,False,False,distribution,2,6,normal,False,False,,False,151.0,분산6일,0.02028977546330109,30.067531856595238,True,False,False,False,False,True,False,,Uptrend Under Pressure,70.91,-0.0846,0.2924052383850346,0.8501929415105124,-0.05791998625704231,-0.10347591795683064,0.378679845325431,0.3067266949152542,,False,,,0,0,0.348,0.838
TOST,"Toast, Inc.",Financials,XLF,19704020992.0,2026-09-23,29.809999465942383,0.0003355781589886586,-0.06375630266699339,-0.18795967830597926,-0.1945498329278763,-0.031566765621806714,False,-0.22698928375490346,-0.04556154031849213,-0.1362255634241316,0.01929817999889849,0.8063294152462415,0.9913510425753906,1.0705930884757482,0.5008051425947833,0.9913510425753906,285346213.8116288,0.923765910968711,32.987000179290774,32.28183336257935,29.147499958674114,False,False,True,True,True,False,weak_rally,0,3,normal,False,False,,False,33.0,분산3일,0.037703073973858615,32.105487330686756,True,False,False,False,False,True,False,,Uptrend Under Pressure,34.8,-0.1434,0.3908940860824988,0.9346486837235032,-0.2342000260499737,0.13496387736466842,0.4320145639839543,0.30577330508474576,,False,,,0,0,0.348,0.838
WTW,Willis Towers Watson Public Lim,Financials,XLF,31441793024.0,2026-09-23,298.989990234375,-0.02551990386197245,-0.07137314314750665,-0.14756952178367788,-0.1544874647795922,-0.015365121200633602,False,-0.18854042476545974,-0.02959402495788921,-0.09326219847634032,0.03635078216624854,0.8524304782163221,0.983273040153348,1.4646106340483747,0.2594755545315172,0.983273040153348,160886183.26849365,0.06666586882244176,325.81349792480466,316.504665629069,291.60086555480956,False,False,True,True,True,False,dry_up,0,4,normal,False,False,,False,37.0,분산4일,0.02550969269563487,31.647949094563316,True,False,False,False,False,True,False,,Uptrend Under Pressure,336.05,-0.1103,0.4038227847007054,0.9346486837235032,-0.11597613481138924,0.001922327355147635,0.4290267789382386,0.30450211864406784,,False,,,0,0,0.348,0.838
SYY,Sysco Corporation,Consumer Staples,XLP,38845104128.0,2026-09-23,77.13999938964844,-0.016447799445465705,-0.03090451170388442,-0.08013356989975529,-0.08759879280051808,-0.10039726320211662,False,-0.12434568951177971,-0.1133973722143723,-0.030489841533159145,-0.05770248613670148,0.9041256407122091,1.3876052700226482,1.4025544150077913,0.4113873562819524,1.3876052700226482,319890337.1644348,0.05181267269902636,80.98549995422363,82.55084228515625,78.74349524180094,False,False,True,True,False,False,distribution,4,5,normal,False,False,,False,60.0,분산5일,0.023500868045326726,32.624177022977136,True,False,False,True,False,True,False,,Uptrend Under Pressure,82.27,-0.0624,0.2536093786590948,0.9334307577070513,-0.09761746451553188,-0.1076352134698968,0.34096436702685123,0.3042372881355932,,False,,,0,0,0.348,0.838
NSC,Norfolk Southern Corporation,Industrials,XLI,76993503232.0,2026-09-23,315.010009765625,0.019218954607831407,-0.016270037584214747,-0.10756983409514886,-0.11481239659535714,-0.06036618627779644,False,-0.15046326726029247,-0.07394478215164901,-0.06339324903080168,0.02094751496642422,0.8924301659048511,0.611021848117307,1.0227516059724238,0.2893098367625049,0.611021848117307,375735730.8107727,0.3502875024784696,328.6449966430664,331.9666300455729,319.1335271199544,False,False,True,True,False,False,weak_rally,1,3,normal,False,False,,False,42.0,분산3일,0.017861114860140654,35.659094480701114,True,False,False,False,False,True,False,,Uptrend Under Pressure,347.18,-0.0927,0.4529674314361927,0.9144666488821164,0.08141557796564891,0.0594681760450948,0.6508790791803694,0.3034427966101695,,False,,,0,0,0.348,0.838
UPS,"United Parcel Service, Inc.",Industrials,XLI,88676966400.0,2026-09-23,95.81999969482422,-0.0005215714021620244,-0.02986733875169445,-0.08864371075640143,-0.0931508670455442,-0.16349432957675902,False,-0.12704244663406195,-0.1693234173478455,-0.020996620030451885,-0.08806319489268943,0.8269432046208088,1.0083845884496059,1.4108138871978273,0.6236521617024245,1.0083845884496059,436241605.28735125,0.21428766055770812,101.07750053405762,105.04137814839682,103.27116095225016,False,False,False,True,False,False,distribution,1,5,normal,False,False,,False,156.0,분산5일,0.022035367863951404,35.11984741717015,True,False,False,False,False,True,False,,Uptrend Under Pressure,112.58,-0.1488,0.39873814259569396,0.9144666488821164,0.125806563771665,-0.08010876427141245,0.5508339055328684,0.30328389830508473,,False,,,0,0,0.348,0.838
JLL,Jones Lang LaSalle Incorporated,Real Estate,XLRE,16832838656.0,2026-09-23,324.05999755859375,-0.04707857035554808,-0.049788912036376254,-0.16308978407085006,-0.16988177158707662,-0.02031492689582215,False,-0.20331472691081487,-0.03447230128684231,-0.10084899784731116,0.06638138088001044,0.8250209794262938,1.2273944297623693,1.2185622667190332,0.269324501173335,1.2273944297623693,115785651.05864258,0.07222943748734019,354.01599884033203,348.6479990641276,329.6881655375163,False,False,True,True,True,False,distribution,1,4,normal,False,False,,False,37.0,분산4일,0.03543656393931915,31.910917930807315,True,False,False,False,False,True,False,,Uptrend Under Pressure,361.72,-0.1041,0.40847788078589864,0.917022007899457,0.045592378254270205,0.10379887404469201,0.6464222471179213,0.30307203389830517,,False,,,0,0,0.348,0.838
NWS,News Corporation,Communication Services,XLC,18483673088.0,2026-09-23,31.219999313354492,-0.04990874213436369,-0.0757844747913774,-0.1065927754855911,-0.1138432673547477,-0.02967090531652261,False,-0.1495331696340909,-0.0436930769848185,-0.11142621513381823,-0.01489671444890317,0.8865776276099795,0.9416355050221544,1.459579473454704,0.36140734202603286,0.9416355050221544,44449551.82134428,0.05825197771917869,33.71567430496216,32.36848971048991,31.02243814468384,False,False,True,True,True,False,dry_up,0,1,normal,False,False,,False,245.0,,0.02468742180212162,34.05993772482425,False,False,False,False,False,True,False,,Uptrend Under Pressure,34.32,-0.0903,0.3771821041501997,0.9459199931884106,-0.12116106192577103,0.07412128844557997,0.4868373025911604,0.3030190677966102,,False,,,0,0,0.348,0.838
TOL,"Toll Brothers, Inc.",Consumer Discretionary,XLY,13250189312.0,2026-09-23,135.27000427246094,-0.0016973854430927249,0.007973229124822012,-0.08260422467188433,-0.09004939684791013,-0.11131187227274564,False,-0.12669759564744265,-0.12415425487762144,-0.021333776196760246,-0.044565986661169066,0.8681728155575603,1.2914231812121977,1.4204570919293762,0.38733810388843504,1.2914231812121977,134304137.46216583,0.02416975530600579,138.81599960327148,146.8519515991211,144.03546543121337,False,False,False,False,False,False,distribution,0,6,normal,False,False,,False,65.0,분산6일,0.0264127843216185,41.19062233701109,True,False,False,False,False,True,False,,Uptrend Under Pressure,155.4,-0.1295,0.44466307157905915,0.8941366305950827,-0.08809281898808519,-0.08664192066660559,0.364318239311915,0.30143008474576277,,False,,,0,0,0.348,0.838
SUI,"Sun Communities, Inc.",Real Estate,XLRE,15341744128.0,2026-09-23,112.31999969482422,-0.012484598167885497,-0.041065462916276,-0.0900105370078792,-0.09739560287862892,-0.09501858421762965,False,-0.13374793372873262,-0.10809642022012234,-0.022334866961379984,-0.014933106232875248,0.8779115018874909,0.7022901548401227,1.1738289091404448,0.2770697738511021,0.7022901548401227,147807673.50128707,0.016529316443564507,118.42999992370605,120.24283345540364,122.15942452748617,False,False,False,False,False,False,dry_up,0,2,normal,False,False,,False,38.0,,0.019949376273415517,31.86539595922028,True,False,False,False,False,True,False,,Uptrend Under Pressure,127.94,-0.1221,0.3773366943357403,0.917022007899457,-0.15489024427636866,-0.18034382493933931,0.22236185898594196,0.30111228813559326,,False,,,0,0,0.348,0.838
CMS,CMS Energy Corporation,Utilities,XLU,21342060544.0,2026-09-23,63.150001525878906,-0.023956653716741716,-0.04202058131080688,-0.0770242149094118,-0.08451467193908835,-0.18204198943398187,False,-0.12138578140877876,-0.1938622550577348,-0.003777563138912865,-0.04044703193369381,0.8478906801238749,1.2838810704069086,1.1919752759920739,0.4809777761115265,1.2838810704069086,200109037.62225533,0.20183666041380854,67.27849884033203,70.87379277547201,72.44862333933513,False,False,False,False,False,False,distribution,1,2,normal,False,False,,False,120.0,,0.017113453814307983,18.9903985451636,True,False,False,False,False,True,False,,Uptrend Under Pressure,76.37,-0.1731,0.4015395797221714,0.8501929415105124,-0.13688837859342562,-0.20652872374609932,0.22652957970438364,0.3003177966101695,,False,,,0,0,0.348,0.838
AFRM,"Affirm Holdings, Inc.",Financials,XLF,25121011712.0,2026-09-23,68.08999633789062,-0.04166089495746972,-0.05548620062694598,-0.11433404304832429,-0.1215217102659889,-0.19110925420460412,False,-0.1569023637780832,-0.20279848929049904,-0.05790932725552378,-0.1486239466610313,0.8062758886731719,1.0081619121292014,0.7059283803921027,1.0721125113274015,1.0081619121292014,453692022.91136324,0.3087161989416492,72.60624961853027,75.87041664123535,70.34195839564005,False,False,False,True,False,False,distribution,0,1,normal,False,False,,False,17.0,,0.04870950008294804,39.85556357938972,True,False,False,False,False,True,False,,Uptrend Under Pressure,77.49,-0.1213,0.3427245795728182,0.9346486837235032,-0.28164057191889313,0.4246227610124764,0.46067362943153484,0.3001059322033899,,False,,,0,0,0.348,0.838
LNT,Alliant Energy Corporation,Utilities,XLU,17626175488.0,2026-09-23,63.689998626708984,-0.0197014402023169,-0.03485375528892565,-0.0691318279570372,-0.07668633605531527,-0.18489805173965224,False,-0.1138727312215525,-0.19667704456620172,0.004741157600411494,-0.043797501061677346,0.8409686621396469,1.358690074945587,1.297560951782829,0.39003303290011776,1.358690074945587,145402179.75601617,0.15189720609964558,67.20099964141846,70.76550947825113,71.38395764033,False,False,False,False,False,False,distribution,1,3,normal,False,False,,False,58.0,분산3일,0.016575823854367018,23.632125524840532,True,False,True,False,False,True,False,,Uptrend Under Pressure,75.71,-0.1588,0.43945420225922693,0.8501929415105124,-0.06265337417512584,-0.14978063965531485,0.3275839326370568,0.29994703389830507,,False,,,0,0,0.348,0.838
ZION,Zions Bancorporation N.A.,Financials,XLF,9733629952.0,2026-09-23,62.650001525878906,-0.035857213153037915,-0.07854091051142975,-0.07691175791157612,-0.08440312759175084,-0.12752497955181008,False,-0.12127872950246166,-0.14013306744699494,-0.018102913219403716,-0.08170003995335118,0.8603321174127324,1.141536910771734,1.4582621386663273,0.44965809754909075,1.141536910771734,100001555.3873188,0.021278437759555006,67.30250053405761,69.01904131571452,65.60265706380208,False,False,False,True,False,False,distribution,2,5,normal,False,False,,False,63.0,분산5일,0.026131580269987836,27.466834847490404,True,False,False,False,False,True,False,,Uptrend Under Pressure,68.03,-0.0791,0.30581086306324395,0.9346486837235032,0.02834781492013394,0.07188488692557793,0.6096599327816126,0.2995233050847458,,False,,,0,0,0.348,0.838
PEP,"Pepsico, Inc.",Consumer Staples,XLP,191704432640.0,2026-09-23,130.17999267578125,0.0045527923031363216,-0.0392620466732011,-0.09054620574468553,-0.0979269243684977,-0.07532260674508562,False,-0.13425785628164844,-0.08868506822032574,-0.041464430775399186,-0.03143779676443581,0.9094537942553145,0.9087096343743293,1.360233939967225,0.30037566214846295,0.9087096343743293,1219959231.6298249,0.4436758546663767,136.45595474243163,137.45910873413087,142.3198050181071,False,False,False,False,False,False,weak_rally,1,7,normal,False,False,,False,121.0,분산7일,0.01645338211000998,29.07075559629733,True,False,False,True,False,True,False,,Uptrend Under Pressure,153.55,-0.1522,0.44552051798120546,0.9334307577070513,-0.10424004907213169,-0.17962799361879123,0.27843590762892556,0.29936440677966103,,False,,,0,0,0.348,0.838
SQM,Sociedad Quimica y Minera S.A.,Materials,XLB,22568245248.0,2026-09-23,69.08000183105469,-0.006471982685783972,-0.0030307271135509017,-0.14488253821344754,-0.15182228756148664,-0.04750442886292361,False,-0.18598258737897455,-0.061268889276359206,-0.0929333382038734,-0.02005203957651769,0.8551174617865525,0.7176183746244489,1.172662224010932,0.48887883747895927,0.7176183746244489,75304915.56160888,0.4650001525878906,73.96726531982422,71.67326011657715,76.90344492594402,False,False,False,False,False,False,dry_up,1,4,normal,False,False,,False,21.0,분산4일,0.039387776123833415,41.66833806592675,True,False,False,False,False,True,False,,Uptrend Under Pressure,80.42,-0.141,0.314335412670885,0.9411475393682374,0.6392380364711798,-0.06134691766249101,0.7334140435835351,0.2966631355932204,,False,,,0,0,0.348,0.838
PEG,Public Service Enterprise Group,Utilities,XLU,36549140480.0,2026-09-23,67.30999755859375,-0.028855865970983885,-0.044163599704878265,-0.07625467960876353,-0.08375138184139708,-0.18271884885848078,False,-0.12065323276798079,-0.19452933322441346,-0.0029469581058813032,-0.041241061041975446,0.8437638107538079,1.0831951898674268,1.2452903535383888,0.45258731576181593,1.0831951898674268,233591836.3146805,0.10169484219691549,71.78201789855957,75.42633870442708,76.99175656636557,False,False,False,False,False,False,distribution,0,8,normal,False,False,,False,56.0,분산8일,0.017038787995743595,21.06682944881878,True,False,False,False,False,True,False,,Uptrend Under Pressure,80.88,-0.1678,0.30827256269169245,0.8501929415105124,-0.2159873044304439,-0.2166611067196058,0.15897419681254743,0.29666313559322033,,False,,,0,0,0.348,0.838
ZM,"Zoom Communications, Inc.",Information Technology,XLK,28209649664.0,2026-09-23,91.9000015258789,0.011001099925342706,-0.012571163347821268,-0.1233425553689671,-0.130457113545713,-0.026481839314248634,False,-0.165477894297006,-0.04055009599760828,-0.1929036808729203,-0.07285696194227531,0.8366715640009258,0.8624576222235028,1.0173448432550634,0.5313741024418758,0.8624576222235028,338697473.6311039,0.44573670919016106,95.4055004119873,95.5764165242513,95.19358317057292,False,False,True,True,False,False,weak_rally,1,3,normal,False,False,,False,27.0,분산3일,0.03351469145859706,42.185333566258265,True,False,False,False,False,True,False,,Uptrend Under Pressure,109.84,-0.1633,0.3154684200727203,0.9878468725697951,0.09733300410866108,0.176563200826084,0.7233854938383144,0.29666313559322033,,False,,,0,0,0.348,0.838
UNP,Union Pacific Corporation,Industrials,XLI,178620694528.0,2026-09-23,275.5299987792969,0.021881815041499664,-0.029789752265902636,-0.10666544238309439,-0.11391534452034036,-0.06817144885351101,False,-0.14960234389672988,-0.08163725131288968,-0.062444088619833304,0.012466803316883546,0.8911487872333286,0.7783852862872328,1.423980740710943,0.3117235112392927,0.7783852862872328,699459939.0757096,0.46376824413976114,289.48719482421876,290.8549397786458,275.50168851216637,False,False,True,True,False,False,weak_rally,1,3,normal,False,False,,False,42.0,분산3일,0.02035556378200122,34.96484582919075,True,False,False,False,False,True,False,,Uptrend Under Pressure,302.92,-0.0904,0.37348203767730265,0.9144666488821164,0.2200057505624431,0.10898559615627113,0.7711313288280149,0.2961864406779661,,False,,,0,0,0.348,0.838
FN,Fabrinet,Information Technology,XLK,14797290496.0,2026-09-23,400.8500061035156,-0.0017929656288344642,0.06918994475480811,-0.04817877152295713,-0.05590332521874186,-0.17800900784444607,False,-0.09392675473624279,-0.1898875538603807,-0.12370400242918045,-0.21716588708899487,0.6696682058521678,0.7007895856656979,1.0655396046172871,0.7355407783970658,0.7007895856656979,327161331.60760194,0.5281958175940984,405.21499786376955,466.35916595458986,557.0785840352377,False,False,False,False,False,False,dry_up,1,1,normal,False,False,,False,25.0,,0.04599510507168436,43.505301473605826,True,False,False,False,False,True,False,,Uptrend Under Pressure,598.58,-0.3303,0.6108337978602706,0.9878468725697951,-0.02022621635285471,-0.31782962658225444,0.292866177586643,0.2940148305084746,,False,,,0,0,0.348,0.838
CSGP,"CoStar Group, Inc.",Real Estate,XLRE,12994686976.0,2026-09-23,28.260000228881836,-0.026859526930264388,-0.10456271523773963,-0.13946406523829258,-0.146447788479951,-0.043947360737098595,False,-0.18082454588327468,-0.05776322414377566,-0.07546624070019314,0.04065761706541582,0.8378298432377677,0.7608820156126611,1.0606299253931937,0.2280212292207407,0.7608820156126611,229123631.4686432,0.46250038742963684,30.770500087738036,30.224000008900962,32.40283339818318,False,False,False,False,False,False,dry_up,0,2,normal,False,False,,False,286.0,,0.04322112035606001,36.70950177056288,True,False,False,False,False,True,False,,Uptrend Under Pressure,94.6,-0.7013,0.5002132233830893,0.917022007899457,-0.6816060525838403,-0.35818241221663427,0.01124914170069748,0.2929555084745763,,False,,,0,0,0.348,0.838
DPZ,Domino's Pizza Inc,Consumer Discretionary,XLY,11315938304.0,2026-09-23,296.42999267578125,0.0016557080162624693,-0.04629693812929858,-0.14540216146849017,-0.15233769378751671,-0.06309034645147615,False,-0.18647723565422292,-0.0766295756384835,-0.08832582185490323,0.007277269152953458,0.8113135999307745,0.979307158337092,1.1230058031865868,0.46371132138114207,0.979307158337092,285556437.9392883,0.8498878327124273,323.5361022949219,328.02785441080727,327.2340845743815,False,False,True,False,False,False,weak_rally,0,1,normal,False,False,,False,45.0,,0.03230354314197743,33.912016916970984,True,False,False,False,False,True,False,,Uptrend Under Pressure,326.95,-0.0933,0.32353122109143073,0.8941366305950827,-0.30400013057384145,-0.1994495843465972,0.1243675689349861,0.2927436440677966,,False,,,0,0,0.348,0.838
MP,MP Materials Corp.,Materials,XLB,9751061504.0,2026-09-23,48.88999938964844,-0.04212385359156279,-0.0020412795548507834,-0.1874688237088673,-0.19148723565660797,-0.059777553767881075,False,-0.22170370023192654,-0.0663293792452384,-0.09682836890840596,-0.010981549108259547,0.8125311762911327,0.8166894032744196,1.1471860540225598,0.5313656666338922,0.8166894032744196,265753575.5494156,0.0833325541865427,52.643999862670896,51.121499888102214,56.130249945322674,False,False,False,False,False,False,dry_up,2,2,normal,False,False,,False,31.0,,0.05228356277101539,42.20281684649704,True,False,False,False,False,True,False,,Uptrend Under Pressure,54.66,-0.1056,0.5334311730413385,0.9411475393682374,-0.3206713717364833,-0.08052281483042012,0.21224657583751944,0.2913665254237288,,False,,,0,0,0.348,0.838
KIM,Kimco Realty Corporation (HC),Real Estate,XLRE,15904415744.0,2026-09-23,22.209999084472656,-0.014640719505355282,-0.03392782489825885,-0.07212788155300087,-0.07965807502560651,-0.1289059688582025,False,-0.11672478360645511,-0.14149410015388686,-0.003122283260805103,-0.05181932305857906,0.8518977389341391,1.034675156146094,1.0259375456993556,0.19958367738978858,1.034675156146094,139237386.88099518,0.14336596570866034,23.26641206741333,24.302317492167155,23.886291980743408,False,False,False,True,False,False,distribution,0,7,normal,False,False,,False,64.0,분산7일,0.016634694176605604,21.86375022149538,True,False,False,False,False,True,False,,Uptrend Under Pressure,24.4,-0.0898,0.45462868575092186,0.917022007899457,-0.02547076132997983,-0.08676724977522088,0.41762585378193773,0.2913135593220339,,False,,,0,0,0.348,0.838
VICI,VICI Properties Inc.,Real Estate,XLRE,28242636800.0,2026-09-23,23.700000762939453,-0.014552951568570283,-0.024518177472537372,-0.09809823360278214,-0.10541766335957115,-0.10953794953397522,False,-0.14144690626812162,-0.12240596699748363,-0.031024043362865683,-0.030737349107054168,0.8896107080679581,1.2023630642326246,1.1667366930561713,0.39467988376137164,1.2023630642326246,251809965.5062891,0.0,24.70666370391846,25.572888310750326,26.346658754348756,False,False,False,False,False,False,distribution,1,5,normal,False,False,,False,387.0,분산5일,0.017196320905461856,31.3701416959411,True,False,False,False,False,True,False,,Uptrend Under Pressure,29.29,-0.1908,0.4162651340697876,0.917022007899457,-0.24844241992727278,-0.149282579878672,0.18557153698818257,0.29067796610169494,,False,,,0,0,0.348,0.838
SOFI,"SoFi Technologies, Inc.",Financials,XLF,23093276672.0,2026-09-23,16.549999237060547,-0.03554782143215207,-0.017220956823018607,-0.1289474085757607,-0.13325524099207098,-0.12854917407411415,False,-0.1656480039284428,-0.13462177290053645,-0.0720214274724289,-0.08423010517047658,0.8628779444072522,1.2741425833584386,1.3979975780122245,0.7897375493429732,1.2741425833584386,767019768.2546308,0.055999755859375,17.568999671936034,17.72983322143555,17.338791592915854,False,False,False,True,False,False,distribution,3,4,normal,False,False,,False,60.0,분산4일,0.038368570962970895,40.758172481372334,True,False,False,False,False,True,False,,Uptrend Under Pressure,18.19,-0.0902,0.4692639172728125,0.9346486837235032,-0.46995915852556047,-0.06796580008721465,0.18805789454663727,0.29046610169491527,,False,,,0,0,0.348,0.838
BX,Blackstone Inc.,Financials,XLF,171214454784.0,2026-09-23,119.2699966430664,-0.05648292708010694,-0.05864246633100545,-0.16966028160773083,-0.17639894591628635,-0.03908214310278335,False,-0.20956942248612231,-0.052968313498342856,-0.11676033411170861,0.011388072914146452,0.7987542914064777,1.6117555125113023,1.2118197037110343,0.4300835573383497,1.6117555125113023,464559947.3464565,0.13709525254928343,132.73199996948242,131.25722783406576,124.96133244832357,False,False,True,True,True,False,distribution,2,5,interest,False,False,,False,33.0,분산5일,0.03466926588854193,31.214469079842374,True,False,False,False,False,True,False,,Uptrend Under Pressure,136.03,-0.1232,0.3716628279508503,0.9346486837235032,-0.31640751439938075,0.14127136418192743,0.3931950417404503,0.29046610169491527,,False,,,0,0,0.348,0.838
BCS,Barclays PLC,Financials,XLF,89482813440.0,2026-09-23,24.290000915527344,-0.03992088347788225,-0.04520438657187609,-0.09936961312787718,-0.10667872493932573,-0.12395936066348101,False,-0.14265717867831784,-0.13661897511849963,-0.04199153145414258,-0.07794714433347172,0.86004288410823,1.0867706518154596,1.2522965218844544,0.5715846906256399,1.0867706518154596,104553077.33340606,0.023810064441124247,26.19350004196167,26.984817759195963,25.371896282831827,False,False,False,True,False,False,distribution,2,6,normal,False,False,,False,182.0,분산6일,0.026113041032213114,32.258406365600905,True,False,False,False,False,True,False,,Uptrend Under Pressure,25.01,-0.0286,0.37369209837291056,0.9346486837235032,0.13913932627955106,0.12002234958212865,0.7241877778179322,0.28903601694915254,,False,,,0,0,0.348,0.838
GLPI,"Gaming and Leisure Properties, ",Real Estate,XLRE,12600015872.0,2026-09-23,39.25,-0.010587299932725891,-0.03372720255808237,-0.08829003875219599,-0.09568906741423666,-0.11484342576493367,False,-0.13211012886437612,-0.12763477408711654,-0.020486415716126638,-0.03651232845982588,0.8704938501182159,0.5918662621542015,0.8765200973812893,0.3304861844106646,0.5918662621542015,180409494.4467659,0.06722829153203057,40.79169330596924,42.37742125193278,43.80947783788045,False,False,False,False,False,False,dry_up,0,1,normal,False,False,,False,141.0,,0.01733972770878483,31.833278601610587,True,False,False,False,False,True,False,,Uptrend Under Pressure,47.21,-0.1687,0.4538948601491836,0.917022007899457,-0.15414973947030286,-0.18177289300221755,0.2230096490911062,0.2886122881355932,,False,,,0,0,0.348,0.838
MRSH,Marsh,Financials,XLF,90574700544.0,2026-09-23,170.3800048828125,-0.013547917562254708,-0.052180629231531994,-0.12477522738276614,-0.1318781586367581,-0.08130854700307322,False,-0.16684170689343059,-0.09458450598925738,-0.06901570692008618,-0.03305618520871678,0.8622906424445324,1.0326701275341603,1.47404789469762,0.5243214765843046,1.0326701275341603,463522475.45314026,0.44768926906056017,182.49599914550782,183.36901830037434,174.76573702494304,False,False,True,True,False,False,distribution,2,6,normal,False,False,,False,38.0,분산6일,0.020672270758917536,29.608639461181355,True,False,False,False,False,True,False,,Uptrend Under Pressure,197.59,-0.1377,0.4791787087626993,0.9346486837235032,-0.14397645370879697,-0.047019887574935915,0.3506170720248636,0.2881885593220339,,False,,,0,0,0.348,0.838
INFY,Infosys Limited,Information Technology,XLK,48846610432.0,2026-09-23,10.75,-0.012855862158773546,-0.05035333128894315,-0.0905245112055928,-0.09790540589254282,-0.09017024385510941,False,-0.13423720446085252,-0.10331814295397024,-0.16268968701770659,-0.13351146563789118,0.8531745773444228,1.1675194934750763,0.8796669688575243,0.6483312132724826,1.1675194934750763,168136591.98928946,0.43589831370554405,11.45299997329712,11.58099996248881,11.975166090329488,False,False,False,False,False,False,distribution,2,4,normal,False,False,,False,39.0,분산4일,0.030664462979845823,37.21874953890923,True,False,False,False,False,True,False,,Uptrend Under Pressure,12.35,-0.1296,0.39103767281695156,0.9878468725697951,-0.3727906313840712,-0.2170270013681006,0.08776426583788081,0.28776483050847457,,False,,,0,0,0.348,0.838
PGR,Progressive Corporation (The),Financials,XLF,126726299648.0,2026-09-23,203.1300048828125,-0.04292310768266061,-0.08214718212613936,-0.09284562993988132,-0.10020768746943165,-0.15682485895721365,False,-0.1364467618034476,-0.16900953592806955,-0.03505191312252376,-0.11253883471166082,0.8965045601609305,1.9816300606294122,1.6728952974302662,0.6405452930236774,1.9816300606294122,470604958.2851227,0.08221268326506036,217.6189987182617,216.9892562866211,208.92453028361004,False,False,True,True,True,False,distribution,0,4,interest,False,False,,False,22.0,분산4일,0.021544959786790968,32.92319044146481,True,False,False,False,False,True,False,,Uptrend Under Pressure,220.34,-0.0781,0.5314252901492883,0.9346486837235032,-0.17161883944253498,-0.08639888861659006,0.2879829062917856,0.2865466101694915,,False,,,0,0,0.348,0.838
XPEV,XPeng Inc.,Consumer Discretionary,XLY,10866903040.0,2026-09-23,10.289999961853027,-0.01812973174450705,-0.004835608316925311,-0.11293106694283761,-0.11731810894575179,-0.24768844902921572,False,-0.15030648868268315,-0.25293084034449764,-0.015493960277119134,-0.16853026962725992,0.7329059821802829,0.6867288650575273,0.9738916822801403,0.7963734328387426,0.6867288650575273,73048514.27695327,0.2999990463202266,10.819499969482422,12.015499957402547,13.944249931971232,False,False,False,False,False,False,dry_up,1,2,normal,False,False,,False,130.0,,0.032555883322534604,36.05386544019469,True,False,False,False,False,True,False,,Uptrend Under Pressure,18.77,-0.4518,0.465948854053261,0.8941366305950827,-0.5478109241957037,-0.49550523842837646,0.011297929239998554,0.2859110169491525,,False,,,0,0,0.348,0.838
HBAN,Huntington Bancshares Incorpora,Financials,XLF,33710620672.0,2026-09-23,15.380000114440918,-0.04114717976403104,-0.07270565200461554,-0.08848708663112048,-0.09588451614105586,-0.1568561735060392,False,-0.1322977059069843,-0.16904039795209558,-0.0304156922474782,-0.1125717939921691,0.8368632170076213,1.0165028711287303,1.630323610997381,0.5980455983289589,1.0165028711287303,438709784.40908986,0.0,16.436126947402954,17.131739219029743,16.651516111691794,False,False,False,True,False,False,distribution,2,5,normal,False,False,,False,43.0,분산5일,0.02563821573622517,30.599807358591605,True,False,False,False,False,True,False,,Uptrend Under Pressure,18.09,-0.1499,0.26326703113284255,0.9346486837235032,-0.15046963072512598,-0.04056158864378279,0.34866557045282065,0.2849046610169491,,False,,,0,0,0.348,0.838
ALLY,Ally Financial Inc.,Financials,XLF,12840267776.0,2026-09-23,38.58000183105469,-0.03284025015386938,-0.07215006897280607,-0.09116605093829422,-0.09854173917684295,-0.16198931785680282,False,-0.13484790946530434,-0.17409936351992983,-0.03326533015734012,-0.11797454609594671,0.830086383510547,1.0805234542067885,1.1887559496842568,0.6304608974464798,1.0805234542067885,146450477.59780273,0.21429009339173438,41.767499923706055,43.483653704325356,43.178204981486004,False,False,False,True,False,False,distribution,2,6,normal,False,False,,False,72.0,분산6일,0.02910463722860717,26.334217568214513,True,False,False,False,False,True,False,,Uptrend Under Pressure,43.05,-0.1039,0.33400762579751664,0.9346486837235032,-0.14110528629162666,-0.05264872776969487,0.35000180694590005,0.2844809322033898,,False,,,0,0,0.348,0.838
TLK,"PT Telekomunikasi Indonesia, Tb",Communication Services,XLC,14373101568.0,2026-09-23,13.470000267028809,-0.028839194075750307,-0.10379238148090075,-0.10319574856828218,-0.11047380918253902,-0.06220058033449172,False,-0.14629941616114162,-0.07575266748206655,-0.10804756653732162,-0.04792168496013349,0.8821217985085459,1.2095058549065048,1.4546777033308829,0.4335544420770526,1.2095058549065048,10012247.166979885,0.2972982725646564,14.672499942779542,14.553166659673055,15.064426700274149,False,False,True,False,False,False,distribution,0,7,normal,False,False,,False,,분산7일,0.02049527384040857,27.80235224676366,False,False,False,False,False,True,False,,Uptrend Under Pressure,,,0.3099217802825633,0.9459199931884106,-0.2847546541493775,-0.25616580900766295,0.1060044812258321,0.2827330508474577,,False,,,0,0,0.348,0.838
HIG,"The Hartford Insurance Group, I",Financials,XLF,37212397568.0,2026-09-23,126.58999633789062,-0.0316683203927951,-0.06939647523427728,-0.08515392935897381,-0.0925784092766484,-0.12095953704461804,False,-0.12912475227221332,-0.13366250178356498,-0.02687018352352577,-0.0747897612052606,0.8727711397518112,1.1252176233181668,1.530230780323382,0.41486330518449793,1.1252176233181668,210289808.52857056,0.028256328689419925,135.8894271850586,137.83852818806966,135.27631390889485,False,False,True,True,False,False,distribution,1,6,normal,False,False,,False,37.0,분산6일,0.019432790708670922,26.993989898755558,True,False,False,False,False,True,False,,Uptrend Under Pressure,142.43,-0.1112,0.36986138885776926,0.9346486837235032,-0.09450540101647176,-0.13800715653328488,0.31366231795020055,0.28225635593220344,,False,,,0,0,0.348,0.838
ADSK,"Autodesk, Inc.",Information Technology,XLK,54587379712.0,2026-09-23,217.14999389648438,-0.007767933103127955,-0.04128038014797186,-0.1464900736604523,-0.15341677697263223,-0.00408328528814661,False,-0.1875128588372762,-0.018475222227407495,-0.2142144869630317,-0.051525399505646496,0.8025353118216992,0.5981998072766759,0.9247186173085028,0.39348225181377244,0.5981998072766759,569335390.274936,0.23318200013000742,231.53799896240236,228.7938326517741,229.1498332977295,False,False,True,False,False,False,dry_up,2,3,normal,False,False,,False,17.0,분산3일,0.041623639801459965,41.21721029197405,True,False,False,False,False,True,False,,Uptrend Under Pressure,270.58,-0.1975,0.30226853706820817,0.9878468725697951,-0.32375673000671634,-0.12425265753345871,0.1728316649199523,0.2819915254237288,,False,,,0,0,0.348,0.838
BXP,"BXP, Inc.",Real Estate,XLRE,12297856000.0,2026-09-23,62.36000061035156,-0.027600135956220906,-0.02318295016758909,-0.10901553773825234,-0.11624636755685491,-0.09463935616723795,False,-0.15183948513861445,-0.10772267237315158,-0.04275326445179162,-0.01452031875336024,0.854597773977544,0.9943310486496354,1.5358507217962898,0.3729032802398555,0.9943310486496354,90312141.9739914,0.046875031044053744,66.21049976348877,67.79799989064534,63.399774646759035,False,False,False,True,False,False,dry_up,1,4,normal,False,False,,False,33.0,분산4일,0.02220974018426809,34.89940658874896,True,False,False,False,False,True,False,,Uptrend Under Pressure,70.01,-0.1093,0.37673186367988726,0.917022007899457,-0.20508524752330037,0.11573608835953642,0.4357097683495356,0.28087923728813563,,False,,,0,0,0.348,0.838
ELS,"Equity Lifestyle Properties, In",Real Estate,XLRE,12722417664.0,2026-09-23,59.68000030517578,-0.012574426518887294,-0.026268568874236786,-0.09218128621104693,-0.09954873525599128,-0.1060801117030512,False,-0.135814348845692,-0.11899809818833995,-0.024667054195208094,-0.0269735131742308,0.8821877155811405,1.012640334286094,1.2799121870523933,0.172338105442028,1.012640334286094,95229384.71854821,0.17283927360409918,62.05300025939941,64.07350050608316,63.34705972671509,False,False,False,False,False,False,distribution,2,5,normal,False,False,,False,35.0,분산5일,0.016588472495545244,30.653575946144358,True,False,False,False,False,True,False,,Uptrend Under Pressure,65.67,-0.0912,0.4704367276244689,0.917022007899457,-0.038335262800459735,-0.09944075765325655,0.39977232481659497,0.27955508474576274,,False,,,0,0,0.348,0.838
BNT,Brookfield Wealth Solutions Ltd,Financials,XLF,11315184640.0,2026-09-23,37.08000183105469,-0.025236568385065383,-0.002421209102071331,-0.11636319406301665,-0.12353439360219198,-0.1684344311065621,False,-0.15883398642948632,-0.18045133879731978,-0.06006775304746814,-0.12475817554210522,0.8202272600698353,0.3270638691326617,1.495696871710621,0.8374887814898182,0.3270638691326617,741793.6160469055,0.0,39.15460834503174,41.916031455993654,43.34045820236206,False,False,False,False,False,False,dry_up,2,3,normal,False,False,,False,,분산3일,0.023320504202822976,29.668728987384327,False,False,False,False,False,True,False,,Uptrend Under Pressure,,,0.3412937551994742,0.9346486837235032,-0.24712402192123162,-0.12722873974396298,0.20910068302555024,0.2789194915254237,,False,,,0,0,0.348,0.838
CCEP,Coca-Cola Europacific Partners ,Consumer Staples,XLP,47677714432.0,2026-09-23,99.69000244140625,-0.008355678385461363,-0.03222987696314705,-0.09471485692911064,-0.10206174465175166,-0.08463299514655187,False,-0.13822614695855218,-0.09786091271789454,-0.04585805743483096,-0.041190052382322095,0.8923999933615867,1.1447430896109465,1.6030935812864755,0.28284178868431137,1.1447430896109465,179229005.66239625,0.20000088456826434,105.02349967956543,106.14899978637695,100.3815367380778,False,False,True,True,False,False,distribution,0,5,normal,False,False,,False,74.0,분산5일,0.022283367970621117,34.71661550572253,True,False,False,False,False,True,False,,Uptrend Under Pressure,94.74,0.0522,0.36157147757631575,0.9334307577070513,0.05982385463747186,0.006421887763022216,0.5844394853818077,0.27770127118644067,,False,,,0,0,0.348,0.838
NLY,Annaly Capital Management Inc.,Financials,XLF,17275133952.0,2026-09-23,21.040000915527344,-0.012670040224381562,-0.01728159432609655,-0.09505372406334,-0.10239786169248066,-0.09106241531497461,False,-0.13854872690827236,-0.10419742169379209,-0.03740068227405813,-0.04332235520922656,0.8862679493840766,1.1608840986933953,1.4031614957566845,0.29698767796047887,1.1608840986933953,185518737.79370117,0.06818329598113461,22.21849994659424,22.6660000483195,22.00412473678589,False,False,False,True,False,False,distribution,2,8,normal,False,False,,False,40.0,분산8일,0.019181162368873024,27.944024011804828,True,False,False,False,False,True,False,,Uptrend Under Pressure,22.57,-0.0678,0.3587927606516428,0.9346486837235032,0.06337917338598675,-0.0047378942261231405,0.5772604893209496,0.27764830508474575,,False,,,0,0,0.348,0.838
MLM,"Martin Marietta Materials, Inc.",Materials,XLB,36837756928.0,2026-09-23,490.45001220703125,-0.01845218038491836,-0.03228031299771483,-0.07852868853915951,-0.08600693593640807,-0.16021355059033937,False,-0.12281794457486017,-0.17234925776726595,-0.022548428982592683,-0.13600961177399318,0.8416495572284785,1.4740970868718617,1.1823884363487451,0.5269332898128349,1.4740970868718617,408313778.2638092,0.09428496554264143,509.53855590820314,541.3204549153646,566.6299489339193,False,False,False,False,False,False,distribution,3,7,normal,False,False,,False,65.0,분산7일,0.026351158926589825,37.298029006206995,True,False,False,False,False,True,False,,Uptrend Under Pressure,608.13,-0.1935,0.44117213160025986,0.9411475393682374,-0.25363599912384993,-0.20823720845887572,0.14317426186259985,0.27658898305084745,,False,,,0,0,0.348,0.838
LYV,"Live Nation Entertainment, Inc.",Communication Services,XLC,41907085312.0,2026-09-23,169.02999877929688,-0.0008865935865822738,-0.007107651990270747,-0.0842949123316048,-0.09172636364575071,-0.10222125851140107,False,-0.12830702272128658,-0.11519500906909852,-0.08924898607913401,-0.08855171633615544,0.8969011607642025,1.041323753145224,1.178401867115951,0.5210601607758403,1.041323753145224,340209940.2930832,0.3113442654631393,174.3284996032715,179.43683319091798,171.65658365885417,False,False,False,True,False,False,distribution,1,4,normal,False,False,,False,58.0,분산4일,0.024103924475306234,38.245265037812366,True,False,False,False,False,True,False,,Uptrend Under Pressure,183.11,-0.0769,0.4966937563713368,0.9459199931884106,-0.045318422684842874,0.02232706899949255,0.5035533591124282,0.27447033898305084,,False,,,0,0,0.348,0.838
AMH,American Homes 4 Rent,Real Estate,XLRE,13651401728.0,2026-09-23,30.93000030517578,-0.009923158393521536,-0.021821648189252363,-0.10209425707207109,-0.10938125689671052,-0.09994804553227976,False,-0.14525086634449247,-0.11295464616404627,-0.03531725001592079,-0.020298795583490015,0.8979057429279289,1.114126053722067,1.5849034550123058,0.28495232105255575,1.114126053722067,84792542.14598426,0.14285834056449145,32.12364234924316,33.04768257141113,32.00214511553447,False,False,False,True,False,False,distribution,3,7,normal,False,False,,False,176.0,분산7일,0.01715960625801669,31.29250983435476,True,False,False,False,False,True,False,,Uptrend Under Pressure,30.63,0.0097,0.43986286872100927,0.917022007899457,-0.08866251944490777,0.0754621842043195,0.5115599363955043,0.27431144067796615,,False,,,0,0,0.348,0.838
UBER,"Uber Technologies, Inc.",Industrials,XLI,154519683072.0,2026-09-23,69.41999816894531,-0.006724870865755572,-0.021840256800018887,-0.13602987570306035,-0.14030268143811309,-0.059283822356596905,False,-0.17243206110587628,-0.0658390883410942,-0.08114027333668561,-0.01139242814190633,0.8639701242969396,0.9460380279624225,1.086574857378383,0.3414920946752576,0.9460380279624225,1362465720.999035,0.5878362356046313,73.41549911499024,73.46283327738443,73.41791655222575,False,False,False,False,False,False,dry_up,2,5,normal,False,False,,False,61.0,분산5일,0.028770012010401247,36.898129450059145,True,False,False,False,False,True,False,,Uptrend Under Pressure,76.2,-0.089,0.4929584246765748,0.9144666488821164,-0.3089297308043073,-0.06467304267776686,0.23664757327165625,0.2730402542372881,,False,,,0,0,0.348,0.838
VNOM,"Viper Energy, Inc.",Energy,XLE,23469277184.0,2026-09-23,40.93000030517578,-0.018935783614869917,-0.10944296952773946,-0.0845448189823299,-0.09197424216631367,-0.06318781146467334,False,-0.128544917951253,-0.0767256321902069,-0.07915670930739571,-0.12955202039229974,0.8905570304722605,0.9743285139234785,1.7975256059178417,0.33869658530141616,0.9743285139234785,69258535.83581047,0.08571449331700884,44.153999710083006,43.03642832438151,44.144809532165525,False,False,True,False,False,False,dry_up,0,6,normal,False,False,,False,127.0,분산6일,0.027320174325445937,34.45041716030376,True,False,False,False,False,True,False,,Uptrend Under Pressure,46.66,-0.1228,0.3192025347650698,0.9516263576747145,0.10196250918995475,-0.15863658411022274,0.46834140435835353,0.27266949152542375,,False,,,0,0,0.348,0.838
WIT,Wipro Limited,Information Technology,XLK,18301616128.0,2026-09-23,1.690000057220459,0.011976108173510136,-0.034285681588309136,-0.10106379707078683,-0.10835915964609089,-0.12443713200653894,False,-0.14426993399128984,-0.1370898422145067,-0.1723927002985739,-0.16614599478023573,0.8243902909904641,0.6196905954125315,0.7641187504785736,0.7776002485130001,0.6196905954125315,16881129.48033333,0.44444591616157336,1.7549999892711639,1.8606253246466318,1.9806336551904677,False,False,False,False,False,False,weak_rally,1,3,normal,False,False,,False,,분산3일,0.030219805799508562,38.50358750645425,False,False,False,False,False,True,False,,Uptrend Under Pressure,,,0.2840192926752399,0.9878468725697951,-0.41315003885838564,-0.2445277463856549,0.06716869646922771,0.2722457627118644,,False,,,0,0,0.348,0.838
NYT,New York Times Company (The),Communication Services,XLC,10849546240.0,2026-09-23,61.88999938964844,-0.05439263139170192,-0.1452838522360942,-0.09794492291097923,-0.10240607960879433,-0.17166616142555657,False,-0.1359517650879204,-0.17743830478277778,-0.0879364489668325,-0.18503328011402553,0.7966275897124065,2.2222988499268324,1.9394736549807023,0.8105073369649226,2.2222988499268324,204234354.0793457,0.027108451039216656,68.11049957275391,69.87281201680501,73.35683015187581,False,False,False,False,False,False,distribution,5,4,attention,False,False,acc,False,2.0,분산4일,0.040428861684744605,32.98385891937215,True,False,False,False,False,True,False,,Uptrend Under Pressure,70.53,-0.1225,0.34807449895911335,0.9459199931884106,0.024116675906869167,-0.3116506799373553,0.3331565537927794,0.2701800847457627,,False,,,0,0,0.348,0.838
ROP,"Roper Technologies, Inc.",Information Technology,XLK,41997266944.0,2026-09-23,366.3599853515625,0.0026272344584385987,-0.04578844865878928,-0.11828842448774302,-0.12544399972127407,-0.011119367169697525,False,-0.16066668329169376,-0.025409626081827286,-0.18825058580642107,-0.05822630617089941,0.8595963746092039,0.8810043109875833,1.5799924123679017,0.2832683678200665,0.8810043109875833,320822001.64767456,0.5306912982653336,398.031999206543,384.27960611979165,362.2886233011881,False,False,True,True,True,False,weak_rally,1,5,normal,False,False,,False,60.0,분산5일,0.02805788401263543,32.307083862581365,True,False,False,False,False,True,False,,Uptrend Under Pressure,337.46,0.0856,0.5161836574882793,0.9878468725697951,-0.2923265777510232,-0.0004368765411079112,0.29961602399624154,0.2688029661016949,,False,,,0,0,0.348,0.838
HLN,Haleon plc,Health Care,XLV,44108099584.0,2026-09-23,9.109999656677246,-0.026709402689096717,-0.01406927680315151,-0.10334647701813826,-0.11062331438797735,-0.09481686699719505,False,-0.14644290005457516,-0.107897618003998,-0.07554412152171053,-0.11409736199713416,0.8920121599052756,1.2470500291303253,1.825579720913941,0.5325466090405174,1.2470500291303253,161854724.90592474,0.0,9.590499877929688,9.726459248860676,9.474409405390421,False,False,True,False,False,False,distribution,3,5,normal,False,False,,False,38.0,분산5일,0.022267533427093616,35.60818420122726,True,False,False,False,False,True,False,,Uptrend Under Pressure,10.21,-0.108,0.34532210616624365,0.9645151837456468,-0.042828586114198375,-0.12315438587208272,0.3770825051497958,0.26816737288135595,,False,,,0,0,0.348,0.838
LOW,"Lowe's Companies, Inc.",Consumer Discretionary,XLY,114847752192.0,2026-09-23,191.36000061035156,0.001989762756904767,-0.01670006674789115,-0.11807537847571181,-0.12523268269501275,-0.09772286980230926,False,-0.16046387704432674,-0.11076162632453468,-0.059173954973166465,-0.02995636742297325,0.8567718620149143,0.9264136567108058,1.1174019647616864,0.44631718337256476,0.9264136567108058,631965446.9443604,0.011905497164406306,199.97000122070312,209.53255081176758,217.59953816731772,False,False,False,False,False,False,weak_rally,1,3,normal,False,False,,False,23.0,분산3일,0.021022458471909148,30.199394270013855,True,False,False,False,False,True,False,,Uptrend Under Pressure,220.0,-0.1302,0.5454104003309738,0.8941366305950827,-0.2851560241546538,-0.20381075244961622,0.13248346644501463,0.26583686440677967,,False,,,0,0,0.348,0.838
NKE,"Nike, Inc.",Consumer Discretionary,XLY,57945464832.0,2026-09-23,36.04999923706055,-0.0013850204757318574,0.007546128199420243,-0.07719301500564901,-0.08175680126045626,-0.16971991541899434,False,-0.11607421010034469,-0.17550562095421096,-0.046241900986577655,-0.12881267933784757,0.817420237162205,1.2423463050176113,1.3089393177847712,0.5458409976108773,1.2423463050176113,1198403955.7415805,0.4384236082923676,37.281288146972656,40.197011884053545,41.75102240244548,False,False,False,False,False,False,distribution,3,5,normal,False,False,,False,58.0,분산5일,0.02562908984949322,37.23155899285008,True,False,False,False,False,True,False,,Uptrend Under Pressure,42.61,-0.1539,0.4238017167445099,0.8941366305950827,-0.4938115758533097,-0.3440853222571455,0.028503668100177078,0.2645656779661017,,False,,,0,0,0.348,0.838
STE,STERIS plc (Ireland),Health Care,XLV,22682425344.0,2026-09-23,209.97999572753906,0.014543143881156961,-0.0014266837240791697,-0.11455544519244998,-0.12174131560972856,-0.05552440714717788,False,-0.15711312453150472,-0.06917297130140221,-0.0871006439184091,-0.07564183563389182,0.8815900724542329,0.7769292306559712,1.2998223620945633,0.3569957848392415,0.7769292306559712,150021774.23137435,0.8940085036963421,219.9486862182617,222.30313949584962,217.8223072052002,False,False,True,False,False,False,weak_rally,2,6,normal,False,False,,False,31.0,분산6일,0.024699795587250793,35.98625231096392,True,False,False,False,False,True,False,,Uptrend Under Pressure,236.75,-0.1131,0.5408926756883615,0.9645151837456468,-0.17330403131082905,-0.07816521246137265,0.2938988471685158,0.2639300847457627,,False,,,0,0,0.348,0.838
EXPE,"Expedia Group, Inc.",Consumer Discretionary,XLY,38061400064.0,2026-09-23,259.0400085449219,-0.07821500721673091,-0.11614569259900798,-0.23506195357773518,-0.24126984728377476,-0.04947211263821827,False,-0.2718276527026874,-0.06320813816308113,-0.1839737554189692,0.021918315185674775,0.7649380464222648,2.4904434611612523,1.35966271156294,0.38335499452570926,2.4904434611612523,581841169.5158081,0.07025794227467573,296.3061752319336,292.20986328125,264.14128087361655,False,False,True,True,True,False,distribution,3,4,attention,False,False,,False,33.0,분산4일,0.04764570359931132,32.43540228351689,True,False,False,False,False,True,False,,Uptrend Under Pressure,319.2,-0.1885,0.32813260142697154,0.8941366305950827,0.25045630001752106,0.1627247986065723,0.8129621264139353,0.2634533898305085,,False,,,0,0,0.348,0.838
UHAL,U-Haul Holding Company,Industrials,XLI,13166534656.0,2026-09-23,61.58000183105469,-0.029165985578123,-0.025015801459381426,-0.13389587689698035,-0.14092478905494354,-0.12000880682936066,False,-0.17552398488536003,-0.13272551051766157,-0.09102246906002276,-0.04385643775319037,0.8181214903339206,0.836567293583424,1.026142432161198,0.6233377431552193,0.836567293583424,9686391.209738921,0.06024450776725802,65.4890001296997,69.12800006866455,61.79658317565918,False,False,True,True,False,False,dry_up,1,1,normal,False,False,,False,,,0.02391779539141823,26.959144899935197,False,False,False,False,False,True,False,,Uptrend Under Pressure,,,0.34792568352926345,0.9144666488821164,0.08997119743547066,0.3650423472534545,0.7515350005420838,0.26340042372881356,,False,,,0,0,0.348,0.838
LII,"Lennox International, Inc.",Industrials,XLI,13224297472.0,2026-09-23,372.3399963378906,0.023924709435137803,0.028023948281472588,-0.06705088788869673,-0.07462228396216863,-0.34249999880407833,False,-0.11189180868640636,-0.352001494677168,-0.020868556333259236,-0.2856014944244498,0.6616201706125445,0.7549361057794542,0.9750542082621235,0.5783108956254315,0.7549361057794542,188933371.21683806,0.6638359826739342,376.02350158691405,452.0566691080729,478.9718823750814,False,False,False,False,False,False,weak_rally,1,3,normal,False,False,,False,99.0,분산3일,0.02981722249289712,38.427082295249775,True,False,False,False,False,True,False,,Uptrend Under Pressure,533.61,-0.3022,0.7921190768389211,0.9144666488821164,-0.35148120021826534,-0.2750603702624128,0.07128762964836832,0.2614936440677966,,False,,,0,0,0.348,0.838
WM,"Waste Management, Inc.",Industrials,XLI,87505649664.0,2026-09-23,207.8800048828125,0.004057243160352941,-0.04313001204689293,-0.07798846506289259,-0.08547109667129893,-0.1414595843292189,False,-0.12230368619979548,-0.15386630402737744,-0.03234755941044842,-0.06716351510902163,0.8619142819544686,1.205697077372611,1.0813035511712674,0.34008812177035,1.205697077372611,504147648.36784667,0.4693890261371421,215.940283203125,224.83704045613607,222.7624621073405,False,False,False,False,False,False,accumulation,2,5,normal,False,False,,False,60.0,분산5일,0.017346444708951376,31.264294945930047,True,False,False,False,False,True,False,,Uptrend Under Pressure,224.54,-0.0742,0.41541571303258334,0.9144666488821164,-0.09904497107205013,-0.15567544679042222,0.29434606627877563,0.26101694915254237,,False,,,0,0,0.348,0.838
HEI-A,Heico Corporation,Industrials,XLI,34124566528.0,2026-09-23,231.11000061035156,0.01958795816505443,0.03893011364762722,-0.10847513476153658,-0.1157103502480421,-0.09771036721398962,False,-0.1513250558905439,-0.11074930441042208,-0.06434336339065871,-0.0196283435951482,0.8404305931767758,0.7489161331718541,1.3157188125755883,0.364141827428637,0.7489161331718541,83740118.00962448,0.42016828273140155,236.38299713134765,251.4318608601888,239.44449094136556,False,False,False,True,False,False,weak_rally,1,6,normal,False,False,,False,61.0,분산6일,0.025776230302764495,39.80529909641236,True,False,False,False,False,True,False,,Uptrend Under Pressure,257.34,-0.1019,0.32104723862758394,0.9144666488821164,-0.09852294000821127,0.04646446820795225,0.47761284377145746,0.26048728813559324,,False,,,0,0,0.348,0.838
AA,Alcoa Corporation,Materials,XLB,13182276608.0,2026-09-23,44.02000045776367,-0.01388886515147525,-0.05374032621237379,-0.10872644256420572,-0.11595961854942904,-0.11888163941146912,False,-0.1515642849280059,-0.131614631733306,-0.054580725317662115,-0.09348645126020039,0.8139792708454717,0.889755183861663,1.2698749883506169,0.5266921962924734,0.889755183861663,177702999.53856295,0.06145282351386716,48.7125,48.314743487040204,57.78334503173828,False,False,False,False,False,False,dry_up,0,1,normal,False,False,,False,29.0,,0.03958428639381038,34.761511692859614,True,False,False,False,False,True,False,,Uptrend Under Pressure,54.08,-0.186,0.40668017031437936,0.9411475393682374,0.3839964503778033,-0.20789469892428325,0.5708901015503596,0.25979872881355937,,False,,,0,0,0.348,0.838
CARR,Carrier Global Corporation,Industrials,XLI,47992205312.0,2026-09-23,55.099998474121094,0.008787981538317613,-0.007922262048131068,-0.08120731444809082,-0.08866382332024092,-0.215536708033378,False,-0.12536782599958574,-0.2268729433453991,-0.03572574649971272,-0.14765109894982698,0.7926912176950044,0.7416061031345725,1.3639155359346788,0.597078858569994,0.7416061031345725,397410851.6119358,0.36180621317087946,57.14700012207031,62.92550462086995,63.85216341018677,False,False,False,False,False,False,weak_rally,2,5,normal,False,False,,False,72.0,분산5일,0.03410423517651822,34.98641035333833,True,False,False,False,False,True,False,,Uptrend Under Pressure,70.98,-0.2238,0.46964144732427826,0.9144666488821164,-0.127423524294504,-0.10964854369695476,0.3119800513172636,0.25677966101694916,,False,,,0,0,0.348,0.838
TPL,Texas Pacific Land Corporation,Energy,XLE,25819981824.0,2026-09-23,335.739990234375,-0.08467829496255275,-0.09657458810344133,-0.09953414730688426,-0.10684192383281654,-0.19959300608391384,False,-0.14281380474744676,-0.21115964294422251,-0.09423426056917406,-0.25629420790583857,0.7764465059607989,1.1333529511679619,1.7239644946004464,0.8534618959276996,1.1333529511679619,138209897.1350891,0.029688112121912035,364.64319000244143,382.51726888020835,393.0478965759277,False,False,False,False,False,False,distribution,2,4,normal,False,False,,False,56.0,분산4일,0.04680916661238849,38.20000788385737,True,False,False,False,False,True,False,,Uptrend Under Pressure,406.55,-0.1742,0.30291552093183155,0.9516263576747145,0.13572096843110293,-0.37860712789996553,0.40998066567886954,0.25651483050847457,,False,,,0,0,0.348,0.838
ELAN,Elanco Animal Health Incorporat,Health Care,XLV,11946833920.0,2026-09-23,22.56999969482422,0.006241613363515253,-0.01869566544242529,-0.0757575911420918,-0.08325832752151419,-0.1261924297555438,False,-0.12018003617737627,-0.13881977425356795,-0.04709979260861963,-0.14480462200123712,0.8529856566801176,1.016560785057292,1.141552343373587,0.417115399674946,1.016560785057292,121578990.72581482,0.06321868059833688,23.6460000038147,24.332499980926514,23.701083262761433,False,False,False,False,False,False,accumulation,1,4,normal,False,False,,False,33.0,분산4일,0.033245754733723314,38.69025427568181,True,False,False,False,False,True,False,,Uptrend Under Pressure,26.22,-0.1392,0.5807631753634516,0.9645151837456468,0.07321166850432737,-0.16271637629506308,0.4427713129268909,0.25572033898305085,,False,,,0,0,0.348,0.838
FSLR,"First Solar, Inc.",Information Technology,XLK,21698150400.0,2026-09-23,191.97000122070312,-0.039381481492227755,-0.051250347459088075,-0.07844076870719796,-0.08591972962232408,-0.15465953409782462,False,-0.12273425048915898,-0.16687550205754453,-0.1515647668433976,-0.19492870354098335,0.7677264502211075,1.0165277387591214,1.2038959450200402,0.6778292135998261,1.0165277387591214,419301927.1915283,0.07930511365984097,203.26300048828125,215.59350077311197,225.01308504740396,False,False,False,True,False,False,distribution,3,4,normal,False,False,,False,29.0,분산4일,0.05193887759201211,39.674537633234614,True,False,False,False,False,True,False,,Uptrend Under Pressure,240.91,-0.2031,0.3485937749276597,0.9878468725697951,-0.13311450203503028,-0.03679944475406638,0.3765621047305844,0.2545021186440678,,False,,,0,0,0.348,0.838
ZTO,ZTO Express (Cayman) Inc.,Industrials,XLI,16068333568.0,2026-09-23,19.610000610351562,0.008226212911876862,-0.039666966842117235,-0.07847744466201878,-0.08595610793156427,-0.20572053158271708,False,-0.12276916366446278,-0.21719861991354572,-0.03286074420756202,-0.1369854536660814,0.7965069025953033,1.2634326646884064,1.6464583000731323,0.5444490750984309,1.2634326646884064,52230613.95376778,0.3043471049707263,20.794499969482423,22.525833384195963,23.181714646021526,False,False,False,False,False,False,accumulation,4,4,normal,False,False,,False,158.0,분산4일,0.024808759369448652,31.569428934399923,True,False,False,False,False,True,False,,Uptrend Under Pressure,22.43,-0.1258,0.26690751853567884,0.9144666488821164,0.0034397047833469863,-0.25652026375283044,0.3243440786382855,0.2542902542372881,,False,,,0,0,0.348,0.838
LHX,"L3Harris Technologies, Inc.",Industrials,XLI,49579642880.0,2026-09-23,239.2100067138672,-0.03126386502611045,-0.041856912580940486,-0.08550717536162644,-0.09292878849336084,-0.18964941351056797,False,-0.1294610199897469,-0.2013597446729718,-0.04023845675280313,-0.1195235788177339,0.7875364233034391,0.7972978851860847,1.0583775923982153,0.5684564087566637,0.7972978851860847,423658966.9178597,0.046668158637152776,254.1445556640625,275.1809417724609,295.681968943278,False,False,False,False,False,False,dry_up,1,4,normal,False,False,,False,42.0,분산4일,0.023034649716375026,24.88704668692644,True,False,False,False,False,True,False,,Uptrend Under Pressure,298.24,-0.1979,0.6445369207750254,0.9144666488821164,-0.18297637792233523,-0.33822446581984456,0.14320226952405044,0.2538665254237288,,False,,,0,0,0.348,0.838
ERIC,Ericsson,Information Technology,XLK,33001193472.0,2026-09-23,9.729999542236328,-0.05073175197694357,-0.030876535935711713,-0.04232286531828133,-0.050094942919356344,-0.19195655643547105,False,-0.088352304639852,-0.20363354720405036,-0.11831275140873598,-0.23044902149403956,0.9373795216726161,0.9343928456320012,0.8422455326594382,0.5462983717181247,0.9343928456320012,86408906.20819339,0.11537981880203939,10.095000076293946,10.198333390553792,11.140700062115988,False,False,False,False,False,False,dry_up,1,2,normal,False,False,,False,7.0,,0.023307886801555697,39.6571152308955,True,False,False,True,False,True,False,,Uptrend Under Pressure,10.31,-0.0563,0.4554501769467149,0.9878468725697951,0.1250147994782025,-0.21791730774627127,0.44235119800513173,0.25201271186440677,,False,,,0,0,0.348,0.838
YUM,"Yum! Brands, Inc.",Consumer Discretionary,XLY,41838465024.0,2026-09-23,140.6300048828125,0.00933038853565904,-0.0009945257185435263,-0.10175402210507023,-0.10904378312392671,-0.14914550395347348,False,-0.14492698430500905,-0.16144115485549804,-0.04176253818209852,-0.08524115427969592,0.8935328017441884,1.1835465842114818,1.293736939770835,0.5179093310609288,1.1835465842114818,323370754.87657166,0.8090756068166651,146.28458709716796,150.41701532999676,151.94824752807617,False,False,False,False,False,False,accumulation,3,3,normal,False,False,,False,22.0,분산3일,0.028786140006375825,42.39379430581518,True,False,False,False,False,True,False,,Uptrend Under Pressure,151.57,-0.0722,0.357390604969406,0.8941366305950827,-0.08417976075683165,-0.17215289954268675,0.299728054642044,0.25095338983050847,,False,,,0,0,0.348,0.838
FDX,FedEx Corporation,Industrials,XLI,77485899776.0,2026-09-23,291.5,-0.014503561381351893,-0.05436971788318534,-0.12395047135526371,-0.13106009595883628,-0.0921381410551877,False,-0.1660565916343545,-0.10525760218128621,-0.0805847515473549,-0.013573910084370366,0.8623673275409255,1.0665120391426137,1.2670331800092183,0.3686083599036789,1.0665120391426137,478888397.3500183,0.021788274092099838,314.88585205078124,315.89970245361326,313.89100087483723,False,False,False,True,False,False,distribution,0,4,normal,False,False,,False,12.0,분산4일,0.024291082096282595,30.3182064897735,True,False,False,False,False,True,False,,Uptrend Under Pressure,323.04,-0.0976,0.36937664799259456,0.9144666488821164,0.5158831121422078,-0.028341687515691882,0.741774782263019,0.24978813559322033,,False,,,0,0,0.348,0.838
GMED,"Globus Medical, Inc.",Health Care,XLV,10924893184.0,2026-09-23,73.95999908447266,-0.0044420760127587,-0.009773776048625504,-0.12036159046376516,-0.12750034081314465,-0.09735762488908772,False,-0.1626402053856173,-0.11040165954519798,-0.09308681916870687,-0.11658400148133163,0.8372198568085051,1.0410729823069405,1.1958099805077977,0.5566596858929967,1.0410729823069405,107287768.44266891,0.13174606984279372,77.50050086975098,79.7080005645752,82.41116676330566,False,False,False,False,False,False,distribution,3,6,normal,False,False,,False,30.0,분산6일,0.026712695716732716,34.99485842639233,True,False,False,False,False,True,False,,Uptrend Under Pressure,86.15,-0.1415,0.5220032583285501,0.9645151837456468,0.3362843661565107,-0.14923567037171226,0.5953769289147482,0.24920550847457626,,False,,,0,0,0.348,0.838
SPXC,"SPX Technologies, Inc.",Industrials,XLI,9854393344.0,2026-09-23,173.60000610351562,-0.04188970823787641,-0.026414623518405844,-0.13588844510884024,-0.14290118647791528,-0.2146231683935056,False,-0.177420783036225,-0.22597260521594864,-0.09311367228274492,-0.14665850373717015,0.7888399160534354,1.3011211492612869,1.4466962917851378,0.9419915619954912,1.3011211492612869,93143396.01280212,0.23127854725358196,190.4125,207.53033370971679,212.7708339691162,False,False,False,False,False,False,distribution,3,4,normal,False,False,,False,70.0,분산4일,0.037631667008834205,29.585157530629502,True,False,False,False,False,True,False,,Uptrend Under Pressure,233.49,-0.2565,0.4751262401853691,0.9144666488821164,-0.052764146697221403,-0.09064960306659386,0.39120830472335655,0.2485699152542373,,False,,,0,0,0.348,0.838
WY,Weyerhaeuser Company,Real Estate,XLRE,16843600896.0,2026-09-23,21.170000076293945,0.007615413882393174,-0.05024678300722718,-0.1240373067816457,-0.13114622666788933,-0.1117289592250118,False,-0.16613925343494462,-0.12456531452958575,-0.058892198392845096,-0.03312225013697967,0.8268084124980389,1.113172346193574,1.455756107927006,0.43080221638298205,1.113172346193574,131963531.0779458,0.1690127980571883,22.54244499206543,23.528013070424397,23.721293290456135,False,False,False,False,False,False,accumulation,4,6,normal,False,False,,False,30.0,분산6일,0.021989206744024,27.354809596675622,True,False,False,False,False,True,False,,Uptrend Under Pressure,25.06,-0.1552,0.6025624060132501,0.917022007899457,-0.1050556540372306,-0.09176366316589013,0.34622438654186694,0.24661016949152542,,False,,,0,0,0.348,0.838
PSA,Public Storage,Real Estate,XLRE,57329074176.0,2026-09-23,286.7300109863281,-0.03350524822700873,-0.03353775763479505,-0.10861970887072225,-0.11585375105867535,-0.12403082598165194,False,-0.151462681243259,-0.13668940769534077,-0.04232799789852637,-0.046512759005080895,0.8765450561654563,1.1032654157971575,1.1146169003025705,0.3687307767525379,1.1032654157971575,260904663.26224518,0.16438823857302118,299.7435958862305,312.9578877766927,306.46964975992836,False,False,False,True,False,False,distribution,1,5,normal,False,False,,False,71.0,분산5일,0.022378045326925514,32.780063210792406,True,False,False,False,False,True,False,,Uptrend Under Pressure,317.63,-0.0973,0.32436291157086944,0.917022007899457,0.02425758405659839,0.024132209848688246,0.5643046872176647,0.24539194915254237,,False,,,0,0,0.348,0.838
NFLX,"Netflix, Inc.",Communication Services,XLC,337487331328.0,2026-09-23,71.36000061035156,-0.011086516230013554,-0.06609086257984353,-0.1321902262292134,-0.13648202113510788,-0.052063840065184275,False,-0.16875418994831382,-0.05866941761596278,-0.11293672540410438,-0.044932223735142496,0.8625649427629437,1.0077384283077584,1.5237437382852719,0.27935740170218704,1.0077384283077584,2480284655.0392647,0.22316354328119864,77.66750030517578,75.48733317057291,81.853999710083,False,False,True,False,False,False,distribution,2,5,normal,False,False,,False,110.0,분산5일,0.03301118264075715,37.08249449749586,True,False,False,False,False,True,False,,Uptrend Under Pressure,107.79,-0.338,0.33018848177660315,0.9459199931884106,-0.43530329402763923,-0.24905457682172427,0.058013805066676305,0.24539194915254234,,False,,,0,0,0.348,0.838
ALGN,"Align Technology, Inc.",Health Care,XLV,11351457792.0,2026-09-23,148.1699981689453,0.008782633736716061,0.007959171217315042,-0.07184916853267587,-0.07938162391500447,-0.20142428530177725,False,-0.11645946654557482,-0.2129644584481707,-0.04307018232522253,-0.21843403118959015,0.8172191283663847,1.458937192732317,1.223158823604122,0.5302954249691562,1.458937192732317,138951327.35694122,0.18091994639334635,153.917000579834,167.36500091552733,170.5087505340576,False,False,False,False,False,False,accumulation,2,4,normal,False,False,,False,38.0,분산4일,0.03216381353832799,37.16753084992829,True,False,False,False,False,True,False,,Uptrend Under Pressure,180.08,-0.1772,0.4309978834653631,0.9645151837456468,0.06351417225899181,-0.23272642645282804,0.39357811427125877,0.24454449152542374,,False,,,0,0,0.348,0.838
DTE,DTE Energy Company,Utilities,XLU,28222984192.0,2026-09-23,122.88999938964844,-0.025687766069318108,-0.04897119040275244,-0.08584585988027504,-0.0932647244005349,-0.19872709478903938,False,-0.12978342610105353,-0.21030624488521088,-0.013299287101729673,-0.060020460103760276,0.8297480729371325,1.1789657995284752,1.5010413558790763,0.34557608762822223,1.1789657995284752,204313776.28041077,0.13978468160277394,132.26845092773436,139.78757197062174,141.64228782653808,False,False,False,False,False,False,distribution,1,8,normal,False,False,,False,65.0,분산8일,0.018609070606134034,18.481746069320167,True,False,False,False,False,True,False,,Uptrend Under Pressure,145.07,-0.1529,0.3677785159048272,0.8501929415105124,-0.12172682864002216,-0.1822609289336753,0.2641637454374616,0.24433262711864406,,False,,,0,0,0.348,0.838
PAYX,"Paychex, Inc.",Industrials,XLI,45292654592.0,2026-09-23,104.48999786376953,-0.09147034237943841,-0.11673714988786787,-0.1707801278282297,-0.17750970396770216,-0.07214729017582855,False,-0.21063544483238505,-0.08555563797384236,-0.12973254380477695,0.008146902033380865,0.8205591398519464,2.7285217131425052,1.7274676034132241,0.34401943636711485,2.7285217131425052,348315952.18872833,0.17103418810614224,119.77500038146972,116.07792879740397,104.51457373301189,False,False,True,True,True,False,distribution,1,7,attention,False,False,,False,39.0,분산7일,0.030556574267332517,25.4668523876457,True,False,False,False,False,True,False,,Uptrend Under Pressure,118.87,-0.121,0.28257136877490097,0.9144666488821164,-0.1406029804537502,0.16316844209749792,0.5082685844385819,0.24353813559322035,,False,,,0,0,0.348,0.838
JBS,JBS N.V.,Consumer Staples,XLP,14393040896.0,2026-09-23,11.510000228881836,-0.043225229894575,-0.06270354404177592,-0.17074926988605033,-0.1774790964547256,-0.05061398407333173,False,-0.2106060700349166,-0.06433350847772523,-0.1259959267413373,-0.005556512990828044,0.805458380658337,1.4086100651101454,1.0290053706210318,0.21241547189235757,1.4086100651101454,63996026.6369853,0.17307738157462785,12.840000009536743,12.881999953587849,13.464320540428162,False,False,True,False,False,False,distribution,0,3,normal,False,False,,False,38.0,분산3일,0.03177361758359032,24.237410787050692,True,False,False,False,False,True,False,,Uptrend Under Pressure,14.23,-0.1911,0.6212299841521054,0.9334307577070513,-0.1579905053868783,-0.1543787107580491,0.2346418633226121,0.24316737288135595,,False,,,0,0,0.348,0.838
QXO,"QXO, Inc.",Industrials,XLI,13777875968.0,2026-09-23,12.279999732971191,-0.039123631490386335,0.08961838812630685,-0.11335744442282325,-0.11774237775543683,-0.17049526942837356,False,-0.15071490133768062,-0.17627557200371313,-0.038935298842881716,-0.06504567954646434,0.7599009807501782,1.2647840186678065,1.3921499445584042,0.522741762668525,1.2647840186678065,205106835.62312633,0.0925927888215431,12.662500047683716,13.956833362579346,16.28900004227956,False,False,False,False,False,False,distribution,3,5,normal,False,False,,False,60.0,분산5일,0.04461376416780803,44.32905349464469,True,False,False,False,False,True,False,,Uptrend Under Pressure,17.82,-0.3109,0.393010322555317,0.9144666488821164,-0.4174273636643232,-0.4332181251071814,0.034741245347114307,0.24189618644067795,,False,,,0,0,0.348,0.838
UHAL-B,U-Haul Holding Company Series N,Industrials,XLI,11665138688.0,2026-09-23,54.130001068115234,-0.013845843140536274,-0.032183072183784245,-0.11797291819746136,-0.12233502548290076,-0.12128742556632688,False,-0.15513590851290604,-0.12741062700181716,-0.09567789312729913,-0.0419362283836765,0.8199031175473426,0.668942139696928,1.2153041262532096,0.5054790570816287,0.668942139696928,16616170.794632912,0.0983628086149536,57.44887523651123,60.72095826466878,55.21967198053996,False,False,False,True,False,False,dry_up,3,2,normal,False,False,,False,,,0.022471234771237386,23.95869328157589,False,False,False,False,False,True,False,,Uptrend Under Pressure,,,0.4059216278601155,0.9144666488821164,0.07771040042858646,0.283929544724262,0.738358751038994,0.2403072033898305,,False,,,0,0,0.348,0.838
FISV,"Fiserv, Inc.",Financials,XLF,28348483584.0,2026-09-23,45.95000076293945,-0.011190024620270633,-0.0813674461730739,-0.13236401893346073,-0.13940536296280848,-0.12615430444894227,False,-0.17406575357598886,-0.13878219989364737,-0.07708797127799194,-0.08025737298558655,0.8237719929817229,0.8145132977938825,1.0153978115087987,0.578093465386148,0.8145132977938825,344643979.67395,0.752293192691181,50.63650035858154,51.633833694458005,53.87816686630249,False,False,True,False,False,False,dry_up,0,5,normal,False,False,,False,34.0,분산5일,0.04055650508222863,31.979551447282788,True,False,False,False,False,True,False,,Uptrend Under Pressure,55.78,-0.1762,0.3509404123896718,0.9346486837235032,-0.6614938153686815,-0.2221867878161884,0.04832947851541325,0.24009533898305083,,False,,,0,0,0.348,0.838
CMCSA,Comcast Corporation,Communication Services,XLC,94464712704.0,2026-09-23,22.549999237060547,0.005798356838725427,-0.04972609894389313,-0.16789671883253376,-0.1720119255647362,-0.05019472609576958,False,-0.2029562389056364,-0.05681332833934727,-0.16994816167626625,-0.07041151289639924,0.8290440663437544,1.3156149630711187,1.490165454842981,0.3875674917449336,1.3156149630711187,702413948.4620893,0.6167650035063194,25.070499897003174,24.70583333969116,25.075075531005858,False,False,True,False,False,False,accumulation,3,6,normal,False,False,,False,105.0,분산6일,0.0340988211799636,30.812458435047475,True,False,False,False,False,True,False,,Uptrend Under Pressure,31.21,-0.2776,0.37515721201504704,0.9459199931884106,-0.16848747749606285,-0.1908540848130773,0.20939340826135666,0.23882415254237288,,False,,,0,0,0.348,0.838
HEI,Heico Corporation,Industrials,XLI,46280663040.0,2026-09-23,310.57000732421875,0.024882053180528274,0.046218632099063406,-0.11937506592729452,-0.12652182246683474,-0.12156071519312006,False,-0.16170109679931,-0.13425499234014815,-0.07578285692749742,-0.04554264461835145,0.8289161026870406,1.0715123634614128,0.919974578133631,0.4758623712469866,1.0715123634614128,173070240.29435426,0.8318661096858252,318.31800079345703,343.7703689575195,323.1051414489746,False,False,False,True,False,False,accumulation,3,0,normal,False,False,,False,80.0,,0.025448625190851545,39.57465839373845,True,False,False,False,True,True,False,,Uptrend Under Pressure,344.94,-0.0997,0.30563311851121405,0.9144666488821164,-0.04178593268747255,0.0842820902561432,0.5586543673882404,0.23802966101694917,,False,,,0,0,0.348,0.838
FWONK,Liberty Media Corporation - Ser,Communication Services,XLC,25058312192.0,2026-09-23,93.25,-0.03297729228571933,-0.018421052631578894,-0.12572663793066452,-0.13282184796385987,-0.08911272140406579,False,-0.16774738919691523,-0.10227590270092823,-0.1304565611008197,-0.0752435891822264,0.8742733620693355,2.0891421122524907,1.3446052203254506,0.5009408917059487,2.0891421122524907,199839692.20514983,0.03587520655784817,97.26999969482422,99.00841674804687,94.13008340199788,False,False,True,True,False,False,distribution,5,4,attention,False,False,,False,32.0,분산4일,0.02628496185384551,36.80349105718862,True,False,False,False,False,True,False,,Uptrend Under Pressure,99.69,-0.0646,0.39158777182781684,0.9459199931884106,-0.12982502515256888,0.08275787501247889,0.47848921253297677,0.23792372881355933,,False,,,0,0,0.348,0.838
CRDO,Credo Technology Group Holding ,Information Technology,XLK,42508943360.0,2026-09-23,193.8699951171875,0.006803061774006913,0.20050770030715048,-0.14409959905174685,-0.14833249558249373,-0.19821800684422108,False,-0.18016177783022802,-0.2038051269040494,-0.19820864382008674,-0.24136234956505775,0.68548896858962,0.8457333115345949,1.0725718420206716,1.0135439590476523,0.8457333115345949,1619409526.3401275,0.6690857792059671,183.55000076293945,217.76375045776368,207.90312512715658,True,False,False,True,False,False,weak_rally,4,1,normal,False,False,,False,71.0,,0.048265780994471576,50.8551484671482,True,False,False,False,True,True,False,,Uptrend Under Pressure,264.76,-0.2678,0.34598791572094106,0.9878468725697951,0.1751208937151627,0.8939444446268705,0.8305147988869213,0.23628177966101696,,False,,,0,0,0.348,0.838
INTU,Intuit Inc.,Information Technology,XLK,98281840640.0,2026-09-23,286.79998779296875,-0.05695122847001488,-0.12898230217676987,-0.2246972929757517,-0.2309893016132124,-0.036636487338345125,False,-0.26196115531144637,-0.05055799976905362,-0.2862161099745246,-0.08252787677434792,0.7753027070242483,0.821110528043971,0.9986270801398986,0.42145526530278316,0.821110528043971,1373250352.379434,0.0749969482421875,329.72849731445314,316.1520294189453,332.8260674794515,False,False,True,False,False,False,dry_up,0,2,normal,False,False,,False,134.0,,0.047138381048795995,32.90410061473989,True,False,False,False,False,True,False,,Uptrend Under Pressure,437.16,-0.3439,0.3556877651877359,0.9878468725697951,-0.5362344631204949,-0.30928923017048615,0.028886740630985508,0.23538135593220338,,False,,,0,0,0.348,0.838
ODFL,"Old Dominion Freight Line, Inc.",Industrials,XLI,41585340416.0,2026-09-23,177.72000122070312,0.01345803263080203,-0.017904538975217488,-0.11655734115045102,-0.12372696507904235,-0.25614149954344856,False,-0.15901880210317287,-0.2668909572763687,-0.07282565069535596,-0.19176973365893524,0.7505630483676092,0.829211828182675,1.207124034555117,0.7981922316043426,0.829211828182675,342913475.21688235,0.46374296137811793,185.42673950195314,207.7425910949707,211.5327397664388,False,False,False,False,False,False,weak_rally,0,3,normal,False,False,,False,65.0,분산3일,0.03067485859028582,33.021646917761984,True,False,False,False,False,True,False,,Uptrend Under Pressure,220.7,-0.1947,0.3566666096734951,0.9144666488821164,0.26609511307967937,-0.05973847823233536,0.6555834628311228,0.23299788135593222,,False,,,0,0,0.348,0.838
RIVN,"Rivian Automotive, Inc.",Consumer Discretionary,XLY,23252639744.0,2026-09-23,15.020000457763672,-0.00792601603949139,-0.013788515481584884,-0.10274786958611792,-0.10718527308052739,-0.1616590101785622,False,-0.14055234625245705,-0.16750088714909872,-0.034750218384268394,-0.09202534965873932,0.8438202866037898,0.8058286913277637,1.1522240386221252,0.43343081793894667,0.8058286913277637,332303256.8518961,0.5945955002023336,15.742499780654907,16.328333202997843,15.953333282470703,False,False,False,True,False,False,dry_up,1,4,normal,False,False,,False,22.0,분산4일,0.04205820616859822,41.167436071811025,True,False,False,False,False,True,False,,Uptrend Under Pressure,16.97,-0.1149,0.5265145669841654,0.8941366305950827,-0.056439803785822584,-0.12015590688109123,0.3657683133966969,0.2325741525423729,,False,,,0,0,0.348,0.838
MKC,"McCormick & Company, Incorporat",Consumer Staples,XLP,14577131520.0,2026-09-23,49.09000015258789,0.004090831774111292,-0.015443250066944691,-0.12651246465890054,-0.13360129727522818,-0.11107713491523752,False,-0.16849544624015533,-0.12392290969658404,-0.07937173148598164,-0.06888922018274712,0.8691572335420767,0.8610559786051188,1.40310967632077,0.4572709435269932,0.8610559786051188,159863357.28557795,0.4621524600976926,51.94500026702881,52.3715758005778,50.414736938476565,False,False,True,False,False,False,weak_rally,3,5,normal,False,False,,False,56.0,분산5일,0.025077840616480298,32.913389200107844,True,False,False,False,False,True,False,,Uptrend Under Pressure,52.97,-0.0732,0.4920492350758643,0.9334307577070513,-0.2490602873556118,-0.09563022620425454,0.23408442051244988,0.23029661016949152,,False,,,0,0,0.348,0.838
ALB,Albemarle Corporation,Materials,XLB,15927142400.0,2026-09-23,113.47000122070312,0.004870732028660951,0.00017632677830792254,-0.19544708023274182,-0.20197647046265554,-0.1190624883355107,False,-0.23411681396688533,-0.13179286721962535,-0.1465697242962204,-0.09367251252875586,0.7947803187299538,0.9018381207327026,1.1468702559528574,0.6532704425966666,0.9018381207327026,300473790.04361725,0.42005452926468195,124.38038787841796,125.47043546040852,151.15665810902914,False,False,False,False,False,False,weak_rally,0,5,normal,False,False,,False,30.0,분산5일,0.04629895583254672,38.09253454297803,True,False,False,False,False,True,False,,Uptrend Under Pressure,130.77,-0.1323,0.3147715797195813,0.9411475393682374,0.5168344454837939,-0.26829293559851497,0.5640246106031586,0.2298728813559322,,False,,,0,0,0.348,0.838
ALC,Alcon Inc.,Health Care,XLV,34833801216.0,2026-09-23,65.38999938964844,0.008015979976103926,-0.034976426680406236,-0.11275438131197846,-0.1199548683549827,-0.0776160124186297,False,-0.15539862631872858,-0.09094533201629895,-0.08524373481233694,-0.0972628874124124,0.8678168641517171,0.7072763892885935,1.2986710814861608,0.29927924039706516,0.7072763892885935,101734361.24991837,0.5076939328849608,69.06600074768066,69.7153335571289,69.85128962198893,False,False,True,False,False,False,weak_rally,2,6,normal,False,False,,False,29.0,분산6일,0.02230026555620275,33.492929578125086,True,False,False,False,False,True,False,,Uptrend Under Pressure,75.35,-0.1322,0.462840318748949,0.9645151837456468,-0.1766282144969532,-0.1480206518477437,0.2267093708214376,0.22981991525423726,,False,,,0,0,0.348,0.838
NBIX,"Neurocrine Biosciences, Inc.",Health Care,XLV,15657023488.0,2026-09-23,139.49000549316406,-0.031050298779074392,-0.07019063111191937,-0.08853886818744738,-0.09593587746152299,-0.22018099077910935,False,-0.13234699865375465,-0.23145011182001007,-0.06027737614138151,-0.23679121688690674,0.7519676845992672,1.5149133398321963,1.4169938092973695,0.6152216639743859,1.5149133398321963,174312180.40629426,0.05918430089261056,153.19100036621094,163.10333404541015,155.38433341979982,False,False,False,True,False,False,distribution,1,4,interest,False,False,,False,37.0,분산4일,0.03230817136305629,26.79672143249347,True,False,False,False,False,True,False,,Uptrend Under Pressure,185.5,-0.248,0.4397096286501326,0.9645151837456468,-0.09690912779952554,0.025180350972103804,0.4615274113693036,0.2281779661016949,,False,,,0,0,0.348,0.838
CMG,"Chipotle Mexican Grill, Inc.",Consumer Discretionary,XLY,48123842560.0,2026-09-23,32.709999084472656,0.0024516706631552143,-0.028800511042574417,-0.1261020887582106,-0.1304239928403026,-0.12297865994516444,False,-0.16292256772331848,-0.12909007622009394,-0.08220375110734224,-0.06557503516653485,0.8491692288617299,1.4647889804000953,1.1956799586616758,0.46820336200840934,1.4647889804000953,440500755.7963486,0.7349388730581855,35.87299976348877,34.89199994405111,33.767750104268394,False,False,True,True,True,False,accumulation,1,3,normal,False,False,,False,38.0,분산3일,0.034414994491288445,35.55993458114409,True,False,False,False,False,True,False,,Uptrend Under Pressure,38.52,-0.1508,0.5709773492535755,0.8941366305950827,-0.1792905748553677,-0.009643040236385292,0.3493585342054859,0.22372881355932203,,False,,,0,0,0.348,0.838
USFD,US Foods Holding Corp.,Consumer Staples,XLP,22680111104.0,2026-09-23,93.93000030517578,-0.0030779124577597905,0.020867276647842603,-0.14117218664775766,-0.1481420475430516,-0.09759492020510441,False,-0.1824505687775686,-0.11063552571982826,-0.0948226153571845,-0.05476714508996794,0.8466738618902192,1.1589513688448445,1.4398159079798527,0.4040923997790046,1.1589513688448445,237868090.92705804,0.0627071016346551,100.1064998626709,101.89066645304362,95.3292501449585,False,False,False,True,False,False,distribution,3,7,normal,False,False,,False,32.0,분산7일,0.03156834143466011,32.377262902224786,True,False,False,False,False,True,False,,Uptrend Under Pressure,106.97,-0.1219,0.36994881536266777,0.9334307577070513,0.20304059475745118,0.047606663539453864,0.7187560984424126,0.22097457627118644,,False,,,0,0,0.348,0.838
RTO,Rentokil Initial plc,Industrials,XLI,11972270080.0,2026-09-23,21.40999984741211,0.0023407881850114887,-0.034280569520362514,-0.10042014564129953,-0.10772073180258779,-0.2891520846618586,False,-0.1436572187858649,-0.2994245082689988,-0.05588964064883706,-0.2276369772085508,0.7106499559872085,1.682517654248376,1.2156334542485727,0.6500416370301472,1.682517654248376,35929852.277466394,0.4736852672297252,22.87150001525879,25.536461925506593,28.520797284444175,False,False,False,False,False,False,accumulation,2,3,interest,True,False,surge,False,133.0,분산3일,0.02056781592302553,24.3894280101308,False,False,False,False,False,True,False,,Uptrend Under Pressure,31.89,-0.3287,0.8908056805669596,0.9144666488821164,-0.14860277468494232,-0.3421405071252571,0.170499801235951,0.2208156779661017,,False,,,0,0,0.348,0.838
STLA,Stellantis N.V.,Consumer Discretionary,XLY,20682606592.0,2026-09-23,4.619999885559082,-0.03950105186709507,-0.09589045697701859,-0.11494251508591335,-0.12212524421774207,-0.19269755322425952,False,-0.15748159044088073,-0.20436383588954155,-0.055831855885900894,-0.13206422744298285,0.7687187536794213,1.2904487010560488,1.2751609165696396,0.5906193728328889,1.2904487010560488,112318473.43818684,0.026178546374173963,5.2110000371932985,5.473500037193299,6.464750003814697,False,False,False,False,False,False,distribution,2,5,normal,False,False,,False,38.0,분산5일,0.03811070212813579,32.13852894436353,True,False,False,False,False,True,False,,Uptrend Under Pressure,6.01,-0.2313,0.33400636503631476,0.8941366305950827,-0.5292840510045849,-0.29916204344738295,0.03250063243106501,0.21970338983050847,,False,,,0,0,0.348,0.838
LULU,lululemon athletica inc.,Consumer Discretionary,XLY,13655994368.0,2026-09-23,102.27999877929688,-0.013978641961933325,0.06563862473451532,-0.1356376472863844,-0.1399123928059055,-0.14845527139873993,False,-0.17205635869067026,-0.15438915701306144,-0.11132911145633562,-0.11033622384587227,0.7954580597508918,0.5248668760593573,0.7088351697957613,0.6327457149272144,0.5248668760593573,863850350.3833176,0.35526365322404563,106.5520004272461,114.77333386739095,124.13058319091797,False,False,False,False,False,False,dry_up,0,2,normal,False,False,,False,190.0,,0.05045672470033453,43.041888963110246,True,False,False,False,False,True,False,,Uptrend Under Pressure,215.11,-0.5245,0.26028900265592,0.8941366305950827,-0.386661888270298,-0.3490312164772891,0.04748563478009468,0.21890889830508475,,False,,,0,0,0.348,0.838
HD,"Home Depot, Inc. (The)",Consumer Discretionary,XLY,327072579584.0,2026-09-23,296.7200012207031,-0.001615110923998686,-0.028676212683575786,-0.11416705562061147,-0.12135607803325743,-0.13699483577001714,False,-0.15674340237228646,-0.14946607530077238,-0.055004605524574646,-0.07217789698497135,0.8405224681010789,1.1374363121864597,1.2773953407237133,0.3933432589875499,1.1374363121864597,1276637723.5545075,0.005370331682499109,313.68809814453124,330.7363006591797,325.528111521403,False,False,False,False,False,False,distribution,2,5,normal,False,False,,False,65.0,분산5일,0.020328766637509772,27.72113729353167,True,False,False,False,False,True,False,,Uptrend Under Pressure,331.83,-0.1058,0.5057741882651352,0.8941366305950827,-0.29152751887084694,-0.1276530715755554,0.18330653030248273,0.21885593220338984,,False,,,0,0,0.348,0.838
HWM,Howmet Aerospace Inc.,Industrials,XLI,97686405120.0,2026-09-23,228.77999877929688,0.006201362063550375,0.018293499994872287,-0.13107223459160244,-0.1381240621626212,-0.17877969747032385,False,-0.17283605707858962,-0.19064710629342752,-0.08805905237311851,-0.10771322310509979,0.7817529593396149,0.5913446704680597,0.7758569937460775,0.6608735390670918,0.5913446704680597,972700287.5289505,0.7412233936543368,242.56099853515624,266.79346466064453,261.5139963785807,False,False,False,False,False,False,weak_rally,3,2,normal,False,False,,False,147.0,,0.03639333546520251,34.688293015720646,True,False,False,False,False,True,False,,Uptrend Under Pressure,257.86,-0.1128,0.28037631100462357,0.9144666488821164,0.2302703531500725,-0.016489435597256463,0.6741299555491309,0.2182733050847458,,False,,,0,0,0.348,0.838
VMC,Vulcan Materials Company (Holdi,Materials,XLB,34931834880.0,2026-09-23,244.39999389648438,-0.007311141649348651,-0.01926164972126687,-0.11430024014593232,-0.12148818169277431,-0.18601668460009702,False,-0.15687018556587984,-0.19777951212552458,-0.06049313640960874,-0.16255643184498836,0.8343411896955699,1.546557584897147,1.2686807222966987,0.5982086896572809,1.546557584897147,284632276.6185776,0.08067237809642183,257.18749923706054,275.41127904256183,280.3769962310791,False,False,False,False,False,False,distribution,3,5,interest,False,False,,False,65.0,분산5일,0.025416453552300235,33.52029397771254,True,False,False,False,False,True,False,,Uptrend Under Pressure,302.28,-0.1915,0.41533041771512874,0.9411475393682374,-0.19719037935952033,-0.10307916830801989,0.257136532832207,0.21726694915254238,,False,,,0,0,0.348,0.838
CRH,CRH PLC,Materials,XLB,62729674752.0,2026-09-23,85.2300033569336,-0.0219187060602819,-0.02805335860398006,-0.11024112598042579,-0.11746200947517849,-0.18910173465391655,False,-0.1530061671611619,-0.20081998029295411,-0.05618742719363379,-0.1657303977926049,0.8104137748622634,1.0794975188677371,1.1125107720019205,0.5710783621015669,1.0794975188677371,421497473.90022814,0.09230799327047225,90.6955005645752,97.11487655639648,103.26745560963948,False,False,False,False,False,False,distribution,0,6,normal,False,False,,False,61.0,분산6일,0.029164782421597427,32.17789304538637,True,False,False,False,False,True,False,,Uptrend Under Pressure,112.6,-0.2431,0.41517829576644044,0.9411475393682374,-0.269233323400881,-0.21678817517195248,0.13040547865996893,0.21509533898305083,,False,,,0,0,0.348,0.838
NRG,"NRG Energy, Inc.",Utilities,XLU,23148378112.0,2026-09-23,100.72000122070312,-0.02478696348616649,-0.049721641185803245,-0.09894433422236004,-0.10625689740644362,-0.29467025399140356,False,-0.14225234022070044,-0.3048629348411045,-0.027437246340772492,-0.1725721338927122,0.7068852166886007,0.9342392243084471,1.1135536687289678,0.5165607335184668,0.9342392243084471,300516060.73273313,0.2543869042042002,110.63550033569337,123.48335736592611,133.33636843363445,False,False,False,False,False,False,dry_up,0,7,normal,False,False,,False,60.0,분산7일,0.042047254459003605,32.92219513783583,True,False,False,False,False,True,False,,Uptrend Under Pressure,148.83,-0.3233,0.5253445014211207,0.8501929415105124,-0.40109592981249265,-0.35954633907601874,0.043448014166455856,0.21467161016949152,,False,,,0,0,0.348,0.838
FER,Ferrovial N.V.,Industrials,XLI,42200039424.0,2026-09-23,55.279998779296875,-0.011975012949175468,0.01917398725381969,-0.1189034539304179,-0.12605403786115765,-0.1553474456914169,False,-0.16125215218688627,-0.16755347267903697,-0.07528789945408576,-0.0822531993443808,0.8306535874431751,1.148251645265112,1.2490857887315994,0.5203446356182715,1.148251645265112,79284102.31308365,0.48387057079044354,57.090500068664554,62.20525023142497,65.24867175420125,False,False,False,False,False,False,distribution,2,5,normal,False,False,,False,189.0,분산5일,0.01739676381644815,33.85175503333137,True,False,False,False,False,True,False,,Uptrend Under Pressure,65.83,-0.1603,0.2965466795793803,0.9144666488821164,-0.04425078555104178,-0.14073820953289118,0.35695132087745296,0.2131885593220339,,False,,,0,0,0.348,0.838
YUMC,"Yum China Holdings, Inc.",Consumer Discretionary,XLY,15206903808.0,2026-09-23,40.849998474121094,-0.014950632465197677,-0.02014872104240706,-0.1597987926334019,-0.16661748835838686,-0.08871391516747229,False,-0.20018191246767092,-0.10188285959103327,-0.10368396611125019,-0.02027078548011252,0.8300210385100925,0.8993259335169332,0.9156616667793012,0.2401859070360571,0.8993259335169332,65492435.87447052,0.2744711389544497,43.3900728225708,44.44675324757894,44.9582545598348,False,False,False,False,False,False,dry_up,0,1,normal,False,False,,False,31.0,,0.01873998283406177,28.963675660241464,True,False,False,False,False,True,False,,Uptrend Under Pressure,47.43,-0.1387,0.40845624361892807,0.8941366305950827,-0.015330547552919516,-0.1814909686737265,0.35264446532470817,0.21297669491525426,,False,,,0,0,0.348,0.838
PUK,Prudential Public Limited Compa,Financials,XLF,33806077952.0,2026-09-23,25.260000228881836,-0.03771427699497765,-0.04607248241861028,-0.10775138714908783,-0.11499247624623277,-0.12851100266840731,False,-0.1506360942154481,-0.1411048415984879,-0.050907298244606825,-0.08273785188762439,0.8208226228090194,1.0113672378818794,0.9181461266704425,0.30254594309371974,1.0113672378818794,25994130.722419262,0.12245136277646729,26.959904956817628,27.78414223988851,28.437292178471882,False,False,False,False,False,False,distribution,1,2,normal,False,False,,False,,,0.021398200660020877,31.577697029799552,False,False,False,False,False,True,False,,Uptrend Under Pressure,,,0.4097606909732611,0.9346486837235032,-0.11000831403356026,-0.15946859898337273,0.28625456253839765,0.2125529661016949,,False,,,0,0,0.348,0.838
GRAB,Grab Holdings Limited,Information Technology,XLK,14483208192.0,2026-09-23,3.200000047683716,0.009463713144399533,0.1149826394715514,-0.10614521902809393,-0.11056582076770716,-0.1774634647159704,False,-0.14380655307782275,-0.18319521027206465,-0.16304373403562344,-0.24715433652260077,0.8376963622005187,1.6863479009898832,1.590395025594355,0.6691792073880471,1.6863479009898832,210203040.37851134,0.7272733183924538,3.2122500061988832,3.494249999523163,3.566791663567225,False,False,False,False,False,False,accumulation,4,5,interest,True,False,surge,False,66.0,분산5일,0.045424108381848766,48.747241021769355,True,False,False,False,False,True,False,,Uptrend Under Pressure,3.57,-0.1036,0.25555186849210393,0.9878468725697951,-0.5272522899688912,-0.20744945938091208,0.06534368111018755,0.2109639830508475,,False,,,0,0,0.348,0.838
EVR,Evercore Inc.,Financials,XLF,11015460864.0,2026-09-23,259.8900146484375,-0.03390206604257329,-0.0403588818410161,-0.10142960682831437,-0.10872200065588522,-0.24068348034651665,False,-0.1446181616040343,-0.251656321053336,-0.04418276488234585,-0.20080195613811191,0.7371249458045752,1.0393881160887548,1.3376705297657903,0.5532170580138012,1.0393881160887548,133409390.57077026,0.16410593487251116,281.36900024414064,309.03853403727214,324.8686294555664,False,False,False,False,False,False,distribution,2,4,normal,False,False,,False,178.0,분산4일,0.03389621162207973,29.132392879733487,True,False,False,False,False,True,False,,Uptrend Under Pressure,370.97,-0.2994,0.49353043630849625,0.9346486837235032,-0.28941125013484137,-0.10494518524144947,0.2061960174912363,0.2103283898305085,,False,,,0,0,0.348,0.838
LPLA,LPL Financial Holdings Inc.,Financials,XLF,29145278464.0,2026-09-23,302.4700012207031,-0.08965872409964604,-0.11491189247924838,-0.16944915343006428,-0.17618953116010727,-0.08231586816902114,False,-0.209368441895039,-0.09557727041317676,-0.11653575521108361,-0.03411641382817787,0.8036322358192436,1.7244760663225873,1.205864853652026,0.24440152325850736,1.7244760663225873,221015584.9690689,0.03288507330602414,348.5375030517578,340.80145670572915,320.6715476989746,False,False,True,True,True,False,distribution,0,4,interest,False,False,,False,36.0,분산4일,0.03827771023367339,24.921299469753293,True,False,False,False,False,True,False,,Uptrend Under Pressure,353.42,-0.1442,0.22665022887109443,0.9346486837235032,-0.07146055807048246,0.029234473687710594,0.4860097213689422,0.20847457627118646,,False,,,0,0,0.348,0.838
INVH,Invitation Homes Inc.,Real Estate,XLRE,17310382080.0,2026-09-23,26.93000030517578,-0.005539129208008697,-0.02568737699533241,-0.11588965480620561,-0.12306469737735681,-0.129487309908067,False,-0.15838320718823629,-0.1420670402766394,-0.050138607745400576,-0.05245210933708433,0.8829508296778945,1.1295857775336617,1.3061446552591502,0.24084359632361854,1.1295857775336617,145185606.03357506,0.09524011359301487,28.22649974822998,29.437666670481363,28.688389174143474,False,False,False,True,False,False,distribution,2,7,normal,False,False,,False,99.0,분산7일,0.016749775774481074,23.640428236200137,True,False,False,False,False,True,False,,Uptrend Under Pressure,28.48,-0.0544,0.4598886529990735,0.917022007899457,-0.08807163208278157,0.06157416850411357,0.5018223049401901,0.20820974576271187,,False,,,0,0,0.348,0.838
CMI,Cummins Inc.,Industrials,XLI,77697835008.0,2026-09-23,524.6500244140625,-0.018942376917349235,-0.024850367331751166,-0.08216992250856392,-0.0896186192859334,-0.2285466434855633,False,-0.12628416762254513,-0.23969487294544256,-0.03673600505261854,-0.16178688363084637,0.7795288329502434,1.2426168707910699,1.1938275666616676,0.4220427280457016,1.2426168707910699,622998262.8575256,0.9527622146278097,550.3740051269531,613.4165222167969,633.6028656005859,False,False,False,True,False,False,distribution,1,7,normal,False,False,,False,66.0,분산7일,0.02983620265834763,30.416856538228984,True,False,False,False,False,True,False,,Uptrend Under Pressure,715.12,-0.2663,0.4622675472647391,0.9144666488821164,0.2099483071985162,-0.07860998471008407,0.607547613024466,0.2079978813559322,,False,,,0,0,0.348,0.838
VIK,Viking Holdings Ltd,Consumer Discretionary,XLY,38473408512.0,2026-09-23,80.30000305175781,-0.06682161297009437,-0.05584949828995722,-0.12211651929460254,-0.12924102742960342,-0.20402797674912088,False,-0.164310785966708,-0.21553052409551932,-0.06348499294766163,-0.1442456347144766,0.7417328788771979,1.4632029656639565,1.1316238397397433,0.607532696359015,1.4632029656639565,341827865.9210472,0.36288437559439524,86.1865005493164,95.86200040181478,90.88816712697347,False,False,False,True,False,False,distribution,1,3,normal,False,False,,False,64.0,분산3일,0.036408118109809366,31.62506091832614,True,False,False,False,False,True,False,,Uptrend Under Pressure,100.05,-0.1974,0.35787830858033803,0.8941366305950827,0.2815931975032473,0.10219720152271572,0.7937678435907629,0.20783898305084747,,False,,,0,0,0.348,0.838
ASND,Ascendis Pharma A/S,Health Care,XLV,17253539840.0,2026-09-23,223.1300048828125,-0.060861112327783906,-0.06939983773257852,-0.11438774524514139,-0.12157497663989048,-0.18115591778558482,False,-0.15695348485239025,-0.19298898798134556,-0.08692774413255389,-0.1985973820122673,0.8229935412412793,1.4672577166335108,1.4580544722614341,0.6218694886766769,1.4672577166335108,203141083.85812074,0.14581561478852287,253.86475219726563,256.03691787719725,244.2907918294271,False,False,True,True,False,False,distribution,2,4,normal,False,False,surge,False,4.0,분산4일,0.04869262843540846,30.853590176390227,True,False,False,False,False,True,False,,Uptrend Under Pressure,247.69,-0.0992,0.18788342769144653,0.9645151837456468,0.10147317886900509,-0.008374203668561897,0.6028712370351632,0.20778601694915255,,False,,,0,0,0.348,0.838
TRU,TransUnion,Industrials,XLI,16268756992.0,2026-09-23,70.94999694824219,-0.006441768523690383,-0.07881069799255391,-0.16401561621135263,-0.17080009008965158,-0.09251327888852434,False,-0.20419606019800884,-0.1056273189187007,-0.12263317907078375,-0.013981511463888263,0.8281778739895082,0.73769335270738,1.3121400494182807,0.2498490362110751,0.73769335270738,182954761.9223625,0.02962468987889029,79.1689998626709,78.8991704305013,74.38541405995687,False,False,True,True,True,False,dry_up,1,5,normal,False,False,,False,39.0,분산5일,0.04097453571756544,29.96077903748754,True,False,False,False,False,True,False,,Uptrend Under Pressure,83.67,-0.1521,0.4593766923574547,0.9144666488821164,-0.1857614086333137,0.012409099331958773,0.3658676954211991,0.20656779661016947,,False,,,0,0,0.348,0.838
AXP,American Express Company,Financials,XLF,222967054336.0,2026-09-23,301.9599914550781,-0.03708665779721254,-0.0692599381314245,-0.10485280445001366,-0.1121174171427991,-0.17078251492275365,False,-0.14787682792232515,-0.18276549058514846,-0.04782405031852066,-0.12722958758721703,0.8351356178288082,1.2985034896479688,1.5401964210988874,0.4378346758221463,1.2985034896479688,870665493.9934921,0.15296396421504418,323.8000015258789,337.08526611328125,327.8625986735026,False,False,False,True,False,False,distribution,2,5,normal,False,False,,False,105.0,분산5일,0.02172000310413843,27.208163533487337,True,False,False,False,False,True,False,,Uptrend Under Pressure,331.99,-0.0905,0.3362954472513353,0.9346486837235032,-0.14420168615361662,-0.04429121022577176,0.35188012720899137,0.2061970338983051,,False,,,0,0,0.348,0.838
MCD,McDonald's Corporation,Consumer Discretionary,XLY,186491863040.0,2026-09-23,238.32000732421875,-0.04805272013583517,-0.0411972575432662,-0.1047595705103852,-0.10918702504127764,-0.1282942774935414,False,-0.14247928694259027,-0.13436865253570662,-0.06052740063268991,-0.07871164265111985,0.8687973363587959,2.9363709023844495,1.5076229102788148,0.1814262903251024,2.9363709023844495,1418401209.064682,0.2628998984935239,254.62151947021485,264.3268096923828,273.8254519144694,False,False,False,False,False,False,distribution,1,7,attention,False,False,,False,61.0,분산7일,0.020191945872387193,26.236918224622656,True,False,False,False,False,True,False,,Uptrend Under Pressure,267.86,-0.1103,0.2886404273765679,0.8941366305950827,-0.20640003776753035,-0.2393861279788676,0.1515955332297351,0.2059851694915254,,False,,,0,0,0.348,0.838
CPT,Camden Property Trust,Real Estate,XLRE,12244506624.0,2026-09-23,97.68000030517578,-0.011536120149453377,-0.050174992380991434,-0.1050847554773845,-0.11234748575978437,-0.16741787513301565,False,-0.14809763054137204,-0.1794494730174916,-0.038530150978168365,-0.09373930420469334,0.8393915785831224,1.1742387712596172,1.3412042250847405,0.35564787478684223,1.1742387712596172,103411220.71233483,0.029338685728356004,103.77350044250488,109.38800036112467,107.34702987670899,False,False,False,True,False,False,distribution,1,6,normal,False,False,,False,47.0,분산6일,0.017758448946863827,21.867105888150277,True,False,False,False,False,True,False,,Uptrend Under Pressure,114.57,-0.1474,0.5190327335359448,0.917022007899457,-0.1083203509965791,-0.04527210093377165,0.3938898124390156,0.20534957627118644,,False,,,0,0,0.348,0.838
FIS,Fidelity National Information S,Financials,XLF,21025331200.0,2026-09-23,34.66999816894531,-0.014776938847874677,-0.07150514120867058,-0.15288417758005446,-0.15975898921595544,-0.18591866573559968,False,-0.19359963891283472,-0.1976829097261753,-0.09891544461876489,-0.14316073330592938,0.7492116344569036,1.162142718975709,1.0522192849330816,0.6728149494206576,1.162142718975709,237784106.2019783,0.4838675275027277,38.680501556396486,40.6728541692098,41.596340052286784,False,False,False,False,False,False,distribution,2,4,normal,False,False,,False,35.0,분산4일,0.03689384553335508,25.5334348802985,True,False,False,False,False,True,False,,Uptrend Under Pressure,44.27,-0.2168,0.4247151052819706,0.9346486837235032,-0.4398099492522728,-0.28280044472235,0.045493476925300855,0.20455508474576273,,False,,,0,0,0.348,0.838
SNN,"Smith & Nephew SNATS, Inc.",Health Care,XLV,12036243456.0,2026-09-23,26.81999969482422,-0.03141931464260295,-0.04248484556706922,-0.09453075844280245,-0.10187914022609312,-0.16010059805586985,False,-0.13805089691374683,-0.17223793750357663,-0.0664550557330913,-0.17799054278552429,0.8211879920430974,0.9122900780377171,0.6563231731496342,0.42998228270154576,0.9122900780377171,55779787.80239029,0.2212387289305692,28.270999908447266,29.665000089009602,30.389333391189574,False,False,False,False,False,False,dry_up,0,1,normal,False,False,,False,38.0,,0.022651019973335722,31.235297619062507,True,False,False,False,False,True,False,,Uptrend Under Pressure,32.66,-0.1788,0.4628848946455586,0.9645151837456468,-0.3013165620630942,-0.2060723300559053,0.12204925734523508,0.20143008474576274,,False,,,0,0,0.348,0.838
FWONA,Liberty Media Corporation - Ser,Communication Services,XLC,23080222720.0,2026-09-23,85.5999984741211,-0.028927997817551843,-0.015526147458345463,-0.12813202069618967,-0.1352077097229447,-0.09084445509839467,False,-0.1700371605355394,-0.10398261120815433,-0.13284893045867463,-0.07700169018252612,0.8718679793038103,1.4376941084928125,1.556664587232273,0.31836149948266257,1.4376941084928125,15785841.338137817,0.027569037320881565,89.30649948120117,90.90199953715006,86.5170830408732,False,False,True,True,False,False,distribution,1,4,normal,False,False,,False,,분산4일,0.024611985374124467,37.895740203123665,False,False,False,False,False,True,False,,Uptrend Under Pressure,,,0.3743707112530216,0.9459199931884106,-0.11240021353205032,0.09109137472274575,0.504043041451339,0.20047669491525424,,False,,,0,0,0.348,0.838
RYAN,"Ryan Specialty Holdings, Inc.",Financials,XLF,16450456576.0,2026-09-23,36.16999816894531,-0.09710442014460996,-0.07729598303627516,-0.18425805041784016,-0.19087824578954227,-0.15439105046398827,False,-0.2234655695394393,-0.16661089826573738,-0.13228810926320922,-0.10997719547877827,0.7805745863285174,1.3613418298843623,1.418586715408657,0.6390008764358944,1.3613418298843623,77760018.2762558,0.09338439387867183,40.92399978637695,41.714214134216306,37.66746136347453,False,False,True,True,False,False,distribution,3,7,normal,False,False,,False,31.0,분산7일,0.046151119573551815,30.2463520859191,True,False,False,False,False,True,False,,Uptrend Under Pressure,42.71,-0.1531,0.28643953157324437,0.9346486837235032,-0.2928204868088956,0.07592649536066198,0.36592551769000037,0.19904661016949154,,False,,,0,0,0.348,0.838
CART,Maplebear Inc.,Consumer Staples,XLP,11695383552.0,2026-09-23,42.959999084472656,-0.03265032127722356,-0.0830309395164055,-0.1659871775512427,-0.17011182801154234,-0.12048417298983183,False,-0.20112715350331734,-0.1266129717929626,-0.12556039043844291,-0.09284018704026742,0.8296639647981083,1.5734355886711495,1.4324022974182662,0.48670005163591556,1.5734355886711495,187170640.4669903,0.237026011644194,48.2079999923706,47.59233315785726,44.68587481180827,False,False,True,True,True,False,distribution,2,5,interest,False,False,,False,32.0,분산5일,0.044258772668571325,32.057034403512674,True,False,False,False,False,True,False,,Uptrend Under Pressure,50.17,-0.1437,0.4040108953621457,0.9334307577070513,0.06190235406935218,0.21724761131986514,0.7134771059954466,0.1954449152542373,,False,,,0,0,0.348,0.838
PCAR,PACCAR Inc.,Industrials,XLI,65337679872.0,2026-09-23,112.08999633789062,-0.023010607005995776,-0.08468073513073293,-0.13737113874201068,-0.14437184723533003,-0.1196944364187702,False,-0.17883221303142305,-0.13241568305635398,-0.09466976139705496,-0.04351486246632441,0.8131596746001963,1.2299512531985908,1.7059594248386007,0.30064748613688963,1.2299512531985908,356846923.5291519,0.09547488239601584,122.08549919128419,126.20615730285644,121.8320795694987,False,False,True,True,False,False,distribution,1,5,normal,False,False,,False,34.0,분산5일,0.024763260549913842,21.13936314445843,True,False,False,False,False,True,False,,Uptrend Under Pressure,135.6,-0.1734,0.45038640916950246,0.9144666488821164,0.1604265739247559,-0.015876399010482878,0.6353185645621771,0.19396186440677965,,False,,,0,0,0.348,0.838
KMB,Kimberly-Clark Corporation,Consumer Staples,XLP,35901906944.0,2026-09-23,97.69999694824219,-0.00040925840394534507,-0.00993112438085586,-0.11221733836868941,-0.11942218381107395,-0.12658298822094294,False,-0.15488739560868192,-0.13920468878035064,-0.06430511996346333,-0.08513097492918487,0.8733535960668672,0.6836031394345393,0.8743737071103882,0.17192931725280894,0.6836031394345393,476184729.24136734,0.1647047207873514,102.66933212280273,106.66664950052898,101.63515981038411,False,False,False,True,False,False,dry_up,1,5,normal,False,False,,False,60.0,분산5일,0.022372303262325158,30.554414420913886,True,False,False,False,False,True,False,,Uptrend Under Pressure,108.07,-0.096,0.44176834210404464,0.9334307577070513,-0.21676367122171825,-0.04877008334201072,0.2977413176249503,0.19359110169491525,,False,,,0,0,0.348,0.838
MAA,Mid-America Apartment Communiti,Real Estate,XLRE,15328485376.0,2026-09-23,117.77999877929688,-0.009086335398862722,-0.05389990521017973,-0.1155001836875803,-0.12267838703144673,-0.14663889736746383,False,-0.15801245546529574,-0.15897077110156344,-0.04972017176510524,-0.07112151037356518,0.8573299941266215,1.4486466856787548,1.4106242636449826,0.21159073601055245,1.4486466856787548,132636247.7297821,0.030042763868787615,125.94750022888184,131.39167289733888,129.93726018269857,False,False,False,True,False,False,distribution,2,8,normal,False,False,,False,67.0,분산8일,0.018672819770427826,20.92143539106098,True,False,False,False,False,True,False,,Uptrend Under Pressure,134.88,-0.1268,0.4252745104109897,0.917022007899457,-0.16059761537735662,-0.0621175745527659,0.3217059376242275,0.19253177966101695,,False,,,0,0,0.348,0.838
CG,The Carlyle Group Inc.,Financials,XLF,17242943488.0,2026-09-23,39.91999816894531,-0.023005443645737644,-0.0362143907848993,-0.18762721479897615,-0.19422006754541044,-0.11345014914674001,False,-0.22667279965084108,-0.12626163163168136,-0.13587191906587548,-0.06688595829402799,0.7820569703239052,0.7908818547382076,1.2761471809146536,0.4369015330737259,0.7908818547382076,144565023.65381163,0.10713896457765668,44.63999977111816,45.56690324147542,46.09981056849162,False,False,False,False,False,False,dry_up,1,4,normal,False,False,,False,21.0,분산4일,0.036555269237861565,28.751793660657455,True,False,False,False,False,True,False,,Uptrend Under Pressure,49.37,-0.1914,0.47184229380274717,0.9346486837235032,-0.36001405290853417,-0.10318031275199446,0.18123305988218713,0.1906779661016949,,False,,,0,0,0.348,0.838
DLTR,"Dollar Tree, Inc.",Consumer Staples,XLP,23752120320.0,2026-09-23,113.16000366210938,0.00738895947231466,0.0032804569871325295,-0.172504543604319,-0.179220125159664,-0.1285065572563362,False,-0.2122769789268969,-0.14110046042681879,-0.1278459297907648,-0.08714583576236479,0.827495456395681,0.7132450163952375,1.1865657936195448,0.5102722874214579,0.7132450163952375,379271696.67542726,0.32320068359375,122.50299949645996,125.28399925231933,114.3224998474121,False,False,True,True,False,False,weak_rally,3,5,normal,False,False,,False,79.0,분산5일,0.036575896214964376,34.814354674703694,True,False,False,False,False,True,False,,Uptrend Under Pressure,116.44,-0.0282,0.28744741830615217,0.9334307577070513,0.18649989643910114,0.0367101354221786,0.6994154530013371,0.1905720338983051,,False,,,0,0,0.348,0.838
O,Realty Income Corporation,Real Estate,XLRE,57984241664.0,2026-09-23,55.61000061035156,-0.018358356355069994,-0.052801882515119414,-0.11581101762933999,-0.12298669838450826,-0.14924602004084864,False,-0.15830834959953233,-0.1615402183904967,-0.0500541223429769,-0.07395934791227388,0.85308196319544,1.8956102592047652,1.612177162797712,0.23250424375505294,1.8956102592047652,420137326.0243675,0.3785307568632353,59.82409267425537,62.03729559580485,61.6527356783549,False,False,False,False,False,False,distribution,1,9,interest,False,False,,False,142.0,분산9일,0.017886046829864798,16.205215573646583,True,False,False,False,False,True,False,,Uptrend Under Pressure,65.28,-0.1481,0.3931353760045137,0.917022007899457,-0.044898728849702696,-0.10251820996058669,0.3944472552491778,0.19004237288135592,,False,,,0,0,0.348,0.838
ALL,Allstate Corporation (The),Financials,XLF,65186775040.0,2026-09-23,225.66000366210938,-0.07082268345967002,-0.12266237254037227,-0.12910112384694128,-0.13616894806767943,-0.13998684476901813,False,-0.17095968507116233,-0.15241484694448137,-0.07361720105923608,-0.09481643877608226,0.8236675685198043,2.3464292281919668,1.5085377603575516,0.40550504898320194,2.3464292281919668,438068082.87341917,0.005587782745642936,254.23296737670898,255.0440589904785,234.98652102152508,False,False,True,True,False,False,distribution,2,4,attention,False,False,,False,64.0,분산4일,0.027417989443748843,25.327848672539034,True,False,False,False,False,True,False,,Uptrend Under Pressure,221.64,0.0181,0.3304146434842771,0.9346486837235032,0.07504802113071629,0.04850060883893925,0.6349445267608688,0.18930084745762712,,False,,,0,0,0.348,0.838
FNF,"Fidelity National Financial, In",Financials,XLF,12457556992.0,2026-09-23,41.849998474121094,-0.01436647723750506,-0.029002321212390436,-0.10700156423111284,-0.11424873855436857,-0.1761730091326873,False,-0.149922310508659,-0.18807808706368068,-0.05010970500791356,-0.13290320631737973,0.7829005007876657,0.8132884225295018,1.2809602594248457,0.36978468221553057,0.8132884225295018,107215459.03423843,0.028570286756451384,44.563772201538086,47.676760037740074,47.562164052327475,False,False,False,False,False,False,dry_up,2,5,normal,False,False,,False,60.0,분산5일,0.026600835533360016,25.266420882089633,True,False,False,False,False,True,False,,Uptrend Under Pressure,46.15,-0.0932,0.5702718720975396,0.9346486837235032,-0.2587647804208498,-0.0820386980823623,0.2389207112139063,0.18776483050847456,,False,,,0,0,0.348,0.838
SBUX,Starbucks Corporation,Consumer Discretionary,XLY,121125003264.0,2026-09-23,94.13999938964844,-0.008008452307803338,-0.025264054619449028,-0.12419758804945358,-0.13130520716489857,-0.14148124930536643,False,-0.16629183100322376,-0.15388765592416176,-0.06570505080552191,-0.07700126747439007,0.867729756137148,1.2054124239564374,1.3522849579482321,0.31461747997459755,1.2054124239564374,657382815.2564697,0.4212759602492054,101.66550025939941,103.70345853169759,101.72757994333902,False,False,False,True,False,False,distribution,1,7,normal,False,False,,False,37.0,분산7일,0.024894538074531975,25.900681193861104,True,False,False,False,False,True,False,,Uptrend Under Pressure,105.25,-0.1055,0.38453792908293966,0.8941366305950827,0.11636372213894952,-0.014405738666209755,0.6060939250478841,0.18675847457627118,,False,,,0,0,0.348,0.838
ERIE,Erie Indemnity Company,Financials,XLF,13363198976.0,2026-09-23,225.77000427246094,-0.04314470357045319,-0.09911813685564708,-0.159581626110613,-0.16640208426158298,-0.11096266528990084,False,-0.19997518375625023,-0.12381009426542355,-0.10603957956185583,-0.06426782451046287,0.840418373889387,0.6647845133350525,0.8758724741386985,0.30318432200990847,0.6647845133350525,76422618.97042313,0.09674063198111793,249.20800018310547,245.77997055053712,236.6768704732259,False,False,True,True,True,False,dry_up,0,1,normal,False,False,,False,47.0,,0.03285422712012745,32.86061180160377,True,False,False,False,False,True,False,,Uptrend Under Pressure,225.94,-0.0008,0.5797029152030236,0.9346486837235032,-0.26884479800632577,-0.06982201359429552,0.2479942900509559,0.18649364406779662,,False,,,0,0,0.348,0.838
BN,Brookfield Corporation,Financials,XLF,92017532928.0,2026-09-23,37.09000015258789,-0.023433370204723136,-0.0010773206134295776,-0.11465199567329654,-0.12183708253022674,-0.1659094267629232,False,-0.1572050344457776,-0.17796282315072565,-0.0582475362608601,-0.1221005505860463,0.8237210024214527,1.2481803577608082,1.1504743335875331,0.3821696035076625,1.2481803577608082,172875045.35935155,0.0472422969944912,39.12969570159912,41.71262652079265,43.18204822540283,False,False,False,False,False,False,distribution,3,5,normal,False,False,,False,33.0,분산5일,0.021607591949750694,29.866653271304585,True,False,False,False,False,True,False,,Uptrend Under Pressure,44.46,-0.1657,0.36297376720127206,0.9346486837235032,-0.24788766113485394,-0.09642620126037516,0.2351559394311734,0.1840572033898305,,False,,,0,0,0.348,0.838
CW,Curtiss-Wright Corporation,Industrials,XLI,21515423744.0,2026-09-23,545.1500244140625,-0.04026265682688546,-0.03144701419494422,-0.1135339115977223,-0.12072807232295857,-0.28303390520445826,False,-0.1561406895493581,-0.2933947422819554,-0.06965255700315187,-0.22098934488420163,0.7198505581221827,1.2717975574877114,1.3021669352576695,0.5700754286964944,1.2717975574877114,236929217.27579346,0.21891517258617949,573.911508178711,673.0668375651042,702.6272038777669,False,False,False,False,False,False,distribution,3,1,normal,False,False,,False,120.0,,0.027561225246099122,28.263645987865758,True,False,False,False,True,True,False,,Uptrend Under Pressure,680.89,-0.1994,0.5332008422561622,0.9144666488821164,0.0621818014831903,-0.21215467414357125,0.40416320335369155,0.1826800847457627,,False,,,0,0,0.348,0.838
ARWR,"Arrowhead Pharmaceuticals, Inc.",Health Care,XLV,11637955584.0,2026-09-23,66.95999908447266,-0.026602730145357745,-0.052497512106954414,-0.22794884708003915,-0.23421446756442887,-0.12059661148249268,False,-0.26505642792281314,-0.13330482083851103,-0.20401001221824633,-0.13932799524015804,0.7474048646227371,1.2432602160541755,1.6781402480520347,0.5157699428357992,1.2432602160541755,155274074.23147926,0.11093284662221503,79.76399955749511,82.3667500813802,77.99662510553996,False,False,False,True,False,False,distribution,3,6,normal,False,False,,False,43.0,분산6일,0.06672320023350453,29.013079809813533,True,False,False,False,False,True,False,,Uptrend Under Pressure,88.7,-0.2451,0.3306389644361734,0.9645151837456468,1.4399994646814687,0.31226215641563515,0.96136749665715,0.1767478813559322,,False,,,0,0,0.348,0.838
ROL,"Rollins, Inc.",Industrials,XLI,17354913792.0,2026-09-23,32.4900016784668,0.004327765408016937,-0.03790342795220791,-0.1280192393435977,-0.1350958436531684,-0.2925911049197262,False,-0.1699297998641328,-0.3028138314367854,-0.08485492944092377,-0.23137360219470426,0.7181766752976002,1.5751378825574343,1.4946186460380213,0.6236656221553113,1.5751378825574343,200167987.51212502,0.2799049755571495,34.829000091552736,38.30078519185384,44.688443406422934,False,False,False,False,False,False,accumulation,3,5,interest,True,False,surge,False,153.0,분산5일,0.026073742960199892,25.448010466817962,True,False,False,False,False,True,False,,Uptrend Under Pressure,64.86,-0.4991,0.43278614817041144,0.9144666488821164,-0.4200975455526419,-0.402900740590443,0.036004300531242095,0.17653601694915255,,False,,,0,0,0.348,0.838
CVS,CVS Health Corporation,Health Care,XLV,120108113920.0,2026-09-23,85.86000061035156,-0.019862989658425256,-0.09133238912609798,-0.0876633720804858,-0.09506748648784313,-0.20599206359484468,False,-0.1315135820676172,-0.21746622803169913,-0.05937473370266788,-0.22290451532932065,0.7811171339553484,1.0746348876545653,1.6034956853823668,0.3369506962112085,1.0746348876545653,622946912.465065,0.1450394572085845,93.58049964904785,99.00100123087564,93.53826122283935,False,False,False,True,False,False,distribution,0,5,normal,False,False,,False,70.0,분산5일,0.026413436660754862,24.586627244312325,True,False,False,False,False,True,False,,Uptrend Under Pressure,99.86,-0.1402,0.3865088425339908,0.9645151837456468,0.10120307253536409,0.13065245151373617,0.7083715803548842,0.17351694915254237,,False,,,0,0,0.348,0.838
OMC,Omnicom Group Inc.,Communication Services,XLC,24013500416.0,2026-09-23,75.48999786376953,-0.0013229061908416329,-0.044881092600912,-0.1424978238811837,-0.1494569264999397,-0.10078245029348121,False,-0.1837124910736857,-0.11377699298854704,-0.1471370129349172,-0.08709100088351474,0.8575021761188163,0.8407333684102735,1.670708715123071,0.17933738436744986,0.8407333684102735,259621208.17874908,0.5095944873179683,81.25056495666504,81.31075007120768,77.62069778442383,False,False,True,True,False,False,dry_up,2,3,normal,False,False,,False,147.0,분산3일,0.03357175424635671,34.508668889232794,True,False,False,False,False,True,False,,Uptrend Under Pressure,80.74,-0.065,0.41166982603695307,0.9459199931884106,0.03421713014785932,-0.0014285607745782025,0.5514338115716815,0.17213983050847456,,False,,,0,0,0.348,0.838
PHG,Koninklijke Philips N.V. NY Reg,Health Care,XLV,25970247680.0,2026-09-23,24.450000762939453,-0.01807224347328651,-0.01807224347328651,-0.11155521961331005,-0.11876543851420318,-0.12957796485620576,False,-0.15425710068408094,-0.14215638517517526,-0.08400739094799403,-0.14811804485168112,0.8852280963079823,1.0360036642659607,1.040464509783209,0.19486117318740256,1.0360036642659607,18426227.657999992,0.02631644991442009,25.622500038146974,26.46800003051758,26.45365465482076,False,False,False,False,False,False,distribution,1,7,normal,False,False,,False,,분산7일,0.016885763048754995,31.042287000052497,False,False,False,False,False,True,False,,Uptrend Under Pressure,,,0.5560723705886101,0.9645151837456468,-0.12816225068744402,-0.09285276750604965,0.32362852806186987,0.17023305084745766,,False,,,0,0,0.348,0.838
CHWY,"Chewy, Inc.",Consumer Discretionary,XLY,9744295936.0,2026-09-23,18.549999237060547,-0.056459848370633337,-0.1128646880714178,-0.2486837247543796,-0.2523993954696375,-0.10963459291941968,False,-0.28033939614683656,-0.11583899569840606,-0.1922895980870094,-0.044741235050342554,0.7513162752456204,1.628432324305023,1.0982973139870214,0.28606628381798144,1.628432324305023,221160307.51281756,0.04132171478653442,21.878499889373778,22.058666610717772,22.374249951044717,False,False,True,False,False,False,distribution,2,6,interest,False,False,,False,16.0,분산6일,0.061409320793784916,27.68283088134983,True,False,False,False,False,True,False,,Uptrend Under Pressure,23.8,-0.2206,0.3111571018987919,0.8941366305950827,-0.4349498957586605,-0.10844788581932718,0.15695854866105308,0.16837923728813559,,False,,,0,0,0.348,0.838
AS,"Amer Sports, Inc.",Consumer Discretionary,XLY,17774661632.0,2026-09-23,26.899999618530273,-0.020036471006286583,0.010518361024399514,-0.1389244617280786,-0.1459125641495288,-0.23332542886397734,False,-0.18031087767644383,-0.2444046003626874,-0.08141549360359612,-0.17574350374338588,0.7301845685969857,0.7158289496559718,1.1187248806518721,0.5553212079348407,0.7158289496559718,225599098.2878003,0.06410168629445596,28.571999931335448,32.57883316675822,33.83191663424174,False,False,False,False,False,False,dry_up,3,1,normal,False,False,,False,115.0,,0.037041936620738736,35.63117640274824,True,False,False,False,True,True,False,,Uptrend Under Pressure,35.07,-0.233,0.3508883101398488,0.8941366305950827,-0.2509964650285256,-0.14838688212747086,0.18470781684796359,0.1676906779661017,,False,,,0,0,0.348,0.838
UDR,"UDR, Inc.",Real Estate,XLRE,13574108160.0,2026-09-23,33.790000915527344,-0.0029506779557995078,-0.032082467395593284,-0.11619962023261576,-0.1233721472635495,-0.1720009484847752,False,-0.1586782745511237,-0.18396631663167162,-0.050471625216671256,-0.09872795231590525,0.8425297943803484,1.3295099898774623,1.2394267553142224,0.10944925885719356,1.3295099898774623,136851477.09522972,0.3626379154230524,35.680338859558105,37.6975736618042,37.04697767893473,False,False,False,True,False,False,distribution,1,8,normal,False,False,,False,161.0,분산8일,0.01708788730194468,20.744237753723326,True,False,False,False,False,True,False,,Uptrend Under Pressure,36.27,-0.0684,0.5683048631522787,0.917022007899457,-0.09706818509570825,-0.039944666358125436,0.4060108055364822,0.16551906779661016,,False,,,0,0,0.348,0.838
MNST,Monster Beverage Corporation,Consumer Staples,XLP,89959653376.0,2026-09-23,43.90999984741211,-0.002045458013361201,-0.016132673167635447,-0.10241207091282312,-0.10969649150303828,-0.5577820180460776,False,-0.14555340489843993,-0.5591418203741927,-0.05397067781634579,-0.5428948082132188,0.4393636059110172,0.9572346885302777,1.170016386502764,0.45700875493076815,0.9572346885302777,419149906.27463114,0.5348833241776052,44.817000198364255,66.83416684468587,75.0224168141683,False,False,False,False,False,False,dry_up,1,2,normal,False,False,,False,59.0,,0.019175583564476618,41.23417537557407,True,False,False,False,False,True,False,,Uptrend Under Pressure,96.38,-0.5444,1.0,0.9334307577070513,-0.3675755887284824,-0.45210427380052276,0.04540764699504896,0.16551906779661016,,False,,,0,0,0.348,0.838
MTZ,"MasTec, Inc.",Industrials,XLI,19255519232.0,2026-09-23,217.52000427246094,-0.024136338139703728,-0.023259958449775575,-0.14818294269833543,-0.1550959074455498,-0.41224956318277206,False,-0.18912436244433029,-0.4207431119883507,-0.10601676530002357,-0.36138702212947027,0.5957819792826522,0.6698379454044608,1.350989309985843,0.6574296973268898,0.6698379454044608,360839122.5657776,0.3292074255146774,233.40349960327148,292.6931655883789,336.81933263142906,False,False,False,False,False,False,dry_up,1,1,normal,False,False,,False,98.0,,0.0549095727063136,36.90711191616169,True,False,False,False,False,True,False,,Uptrend Under Pressure,417.41,-0.4789,0.5061977395051304,0.9144666488821164,0.13897690317649536,-0.26824057206704666,0.4294803223591485,0.1639300847457627,,False,,,0,0,0.348,0.838
ULS,UL Solutions Inc.,Industrials,XLI,15045451776.0,2026-09-23,65.37999725341797,-0.014173740134676316,0.009573735280046236,-0.11667194427505245,-0.12384063813614454,-0.2715758074356328,False,-0.15912789698561325,-0.28210222484539726,-0.07294592684052092,-0.20853969027142782,0.7091103880381722,0.9186091061783405,1.7058422838752403,0.5156441155174304,0.9186091061783405,51653394.61334725,0.08823166421703374,70.79937362670898,80.23956807454427,87.15745652516684,False,False,False,False,False,False,dry_up,3,4,normal,False,False,,False,60.0,분산4일,0.030735687145399884,27.91481951601952,True,False,False,False,False,True,False,,Uptrend Under Pressure,98.86,-0.3386,0.4324542974755232,0.9144666488821164,-0.04810250685328821,-0.2540712968353077,0.28680387409200964,0.16377118644067798,,False,,,0,0,0.348,0.838
DKS,Dick's Sporting Goods Inc,Consumer Discretionary,XLY,12091793408.0,2026-09-23,132.36000061035156,0.07061395737992893,0.069835105919823,-0.2549241635902947,-0.2609708645185639,-0.39820553462357555,False,-0.2907352128051086,-0.40690203290315274,-0.20516251014418707,-0.35300710865785545,0.614715014671007,0.3471420565055863,0.5516933484311797,0.7607525434316992,0.3471420565055863,755784193.9012337,0.5233860197038643,130.15902824401854,180.6966375986735,199.12901426951092,True,False,False,False,False,False,weak_rally,0,1,normal,False,False,,False,60.0,,0.04106468413983078,38.77542583827655,True,False,False,False,False,True,False,,Uptrend Under Pressure,236.92,-0.4413,0.23954134450327236,0.8941366305950827,-0.2776286521014172,-0.17754603538904623,0.15454175851974994,0.1618114406779661,,False,,,0,0,0.348,0.838
CYTK,"Cytokinetics, Incorporated",Health Care,XLV,9858151424.0,2026-09-23,65.80999755859375,-0.025902902060975563,-0.0504977654492218,-0.14632247133410003,-0.15325053483150242,-0.22114197896307308,False,-0.1873533120871005,-0.23239721281728565,-0.11985266385221793,-0.23773173592247343,0.7965383124042112,1.0165708746376365,1.2113397581339236,0.5894750068514283,1.0165708746376365,143415110.85105437,0.4086627432499224,72.38149909973144,77.620166015625,74.47099968592326,False,False,False,True,False,False,distribution,1,3,normal,False,False,,False,56.0,분산3일,0.03898127713687645,29.57752033261221,True,False,False,False,False,True,False,,Uptrend Under Pressure,86.49,-0.2391,0.31261092075522895,0.9645151837456468,0.3574812588970797,0.07626546902334863,0.8057948755014275,0.15884533898305087,,False,,,0,0,0.348,0.838
RKT,"Rocket Companies, Inc.",Financials,XLF,37972324352.0,2026-09-23,12.149999618530273,-0.04631084483419168,-0.06177607741449531,-0.15034968835857776,-0.1545516747725466,-0.17009376982613633,False,-0.18614852827459927,-0.1758768702025002,-0.0948224124384689,-0.12788751985264502,0.8078457213661664,1.3483739827191819,1.5287936703550504,0.4423393166772352,1.3483739827191819,410044398.5654291,0.08695643159978854,13.274499940872193,13.877666664123534,14.135666664441427,False,False,False,False,False,False,distribution,3,5,normal,False,False,,False,55.0,분산5일,0.04821282997328613,37.05820547007947,True,False,False,False,False,True,False,,Uptrend Under Pressure,14.63,-0.1695,0.4042336306246102,0.9346486837235032,-0.3841799440619452,-0.15147497296504497,0.12588359654511944,0.15879237288135592,,False,,,0,0,0.348,0.838
EFX,"Equifax, Inc.",Industrials,XLI,22223443968.0,2026-09-23,155.32000732421875,-0.020804361962883267,-0.07038541044982283,-0.19966687945349615,-0.20616202368774283,-0.12165699357018955,False,-0.2381337943198324,-0.13434987940375664,-0.16004923145098948,-0.045647254699830775,0.8003331205465039,1.1427272990080661,1.2841686774310528,0.20020131141858932,1.1427272990080661,229532517.78298035,0.11689752236559739,175.29147338867188,175.69579213460287,172.84201698303224,False,False,True,False,False,False,distribution,1,6,normal,False,False,,False,45.0,분산6일,0.042950477397811,28.86201885572555,True,False,False,False,False,True,False,,Uptrend Under Pressure,179.56,-0.135,0.46840079285444247,0.9144666488821164,-0.3516783458033095,-0.0815116852904616,0.19903780130822885,0.1577330508474576,,False,,,0,0,0.348,0.838
DECK,Deckers Outdoor Corporation,Consumer Discretionary,XLY,11858716672.0,2026-09-23,78.58999633789062,-0.02044131809077432,0.013933610784347294,-0.14650309757720326,-0.15342969519312288,-0.29042548685160086,False,-0.18752525677731324,-0.3006795085946672,-0.08950028658772546,-0.2371321235109478,0.7208107605043251,0.8638210703541709,1.210369625138322,0.5749406211803473,0.8638210703541709,278488849.32937163,0.31518197896304573,82.74900016784667,93.8630002339681,99.66574993133545,False,False,False,False,False,False,dry_up,4,5,normal,False,False,,False,65.0,분산5일,0.030492782938868482,35.672093690804886,True,False,False,False,False,True,False,,Uptrend Under Pressure,109.11,-0.2797,0.3784516313033075,0.8941366305950827,-0.30738942945649717,-0.23604383007233376,0.10169401178128727,0.15572033898305088,,False,,,0,0,0.348,0.838
OC,Owens Corning Inc,Industrials,XLI,10920574976.0,2026-09-23,122.87999725341797,0.010609432966364407,-0.04499884198276738,-0.16391102787778766,-0.17069635054803867,-0.14775678485448507,False,-0.2040964987593954,-0.16007250405881235,-0.12252341346330875,-0.07400566056358737,0.7732192214272883,0.6926645190332836,1.1558042371212334,0.34779352514575534,0.6926645190332836,149620832.18312836,0.0,132.69899864196776,141.8969404856364,130.7725020090739,False,False,False,True,False,False,weak_rally,1,6,normal,False,False,,False,33.0,분산6일,0.03753080604489388,31.458422688298512,True,False,False,False,False,True,False,,Uptrend Under Pressure,152.47,-0.1941,0.3517112807901624,0.9144666488821164,-0.10340702488061693,0.19350802649838994,0.5610711575295435,0.15503177966101694,,False,,,0,0,0.348,0.838
FIG,"Figma, Inc.",Information Technology,XLK,14652440576.0,2026-09-23,21.760000228881836,-0.0018348169531452463,-0.05637464298212724,-0.20205354368863448,-0.2059998262033994,-0.10920607006774141,False,-0.23567391322143916,-0.11541345895597066,-0.2699203864480485,-0.1471356640270618,0.7106466241829998,0.5682697941638184,1.0286546208950198,0.34750399120203496,0.5682697941638184,385633279.93878,0.1111113727503279,24.45250005722046,24.058166790008546,22.104583406448363,False,False,True,True,True,False,dry_up,1,2,normal,False,False,,False,34.0,,0.05768448554599275,38.50413858288993,True,False,False,False,False,True,False,,Uptrend Under Pressure,28.15,-0.227,0.42586645392515826,0.9878468725697951,-0.5956782325786679,0.07067787132378078,0.2955955693686531,0.15333686440677968,,False,,,0,0,0.348,0.838
EIX,Edison International,Utilities,XLU,20772257792.0,2026-09-23,53.5099983215332,-0.026205685558014502,-0.019244923484767806,-0.2765986556918356,-0.2824694561746659,-0.31444497818049866,False,-0.3113679501409943,-0.32435189559304023,-0.2191900787683897,-0.1957700181890082,0.6657128657622319,0.49866763800377506,0.7328330864221958,0.6914667320094118,0.49866763800377506,427572805.75059414,0.025972192290829105,59.423500061035156,69.36322377522787,69.84228534698487,False,False,False,False,False,False,dry_up,0,1,normal,False,False,,False,65.0,,0.03774994774230195,31.604727697484947,True,False,False,False,False,True,False,,Uptrend Under Pressure,71.05,-0.2468,0.2567324024578926,0.8501929415105124,0.16702847101718876,-0.11435255476203654,0.5510209244335225,0.15317796610169493,,False,,,0,0,0.348,0.838
BKNG,Booking Holdings Inc. Common St,Consumer Discretionary,XLY,149592342528.0,2026-09-23,155.89999389648438,-0.05066378798181281,-0.0904317418433579,-0.2689844662467056,-0.2725997386701303,-0.12699482771651238,False,-0.29978479399377944,-0.1330782578160098,-0.21862673805923283,-0.0698015341716065,0.7288336008156153,1.708493408584051,1.512699964565037,0.3510827516612015,1.708493408584051,1429036645.8598113,0.0778164950284091,182.09316635131836,189.53258107503254,179.66178881327312,False,False,False,True,False,False,distribution,3,5,interest,False,False,,False,31.0,분산5일,0.04510885286776385,21.460238667968525,True,False,False,False,False,True,False,,Uptrend Under Pressure,212.37,-0.2659,0.4249143489003057,0.8941366305950827,-0.14759631894511027,0.06351547000240987,0.4425418307975859,0.15121822033898305,,False,,,0,0,0.348,0.838
AJG,Arthur J. Gallagher & Co.,Financials,XLF,67199791104.0,2026-09-23,229.63999938964844,-0.02945776257437782,-0.07418156101648732,-0.15344835500063114,-0.16031858802591836,-0.14210763929073422,False,-0.19413669991869642,-0.15450499398276152,-0.09951556510609583,-0.09704862362827271,0.8465516449993689,1.3243363764498057,0.9983410307403993,0.2815680451898084,1.3243363764498057,352354205.1782074,0.5088231862203911,252.22449951171876,251.61402435302733,231.1656286875407,False,False,True,True,True,False,distribution,1,3,normal,False,False,,False,57.0,분산3일,0.029392575980737818,33.669797897735165,True,False,False,False,False,True,False,,Uptrend Under Pressure,239.03,-0.0393,0.33585805818733294,0.9346486837235032,-0.23631113526760872,0.042560295073992505,0.36569693903364536,0.15079449152542374,,False,,,0,0,0.348,0.838
TXRH,"Texas Roadhouse, Inc.",Consumer Discretionary,XLY,12839365632.0,2026-09-23,164.83999633789062,-0.004228566972527603,-0.02852426064832947,-0.1939476349503645,-0.20048919400489684,-0.1612906717487662,False,-0.23268943746754733,-0.17341081350786292,-0.14011351969802233,-0.09829849807363855,0.7722348541818808,1.58157201388593,1.3425655263065797,0.44079636595688027,1.58157201388593,169928649.2876831,0.6131665536382589,183.45392303466798,193.5641337076823,180.98567657470704,False,False,False,True,False,False,distribution,4,6,interest,False,False,,False,57.0,분산6일,0.029509137699082783,19.517209095537893,True,False,False,False,False,True,False,,Uptrend Under Pressure,190.75,-0.1358,0.33001282448291225,0.8941366305950827,0.12499853337044464,0.04853114283848803,0.6667115391565177,0.14782838983050847,,False,,,0,0,0.348,0.838
HRL,Hormel Foods Corporation,Consumer Staples,XLP,12025164800.0,2026-09-23,19.920000076293945,-0.026392914581727545,-0.04184708037139262,-0.17310087380161265,-0.17981161580884542,-0.20734827002927447,False,-0.21284464733031672,-0.21880283600253003,-0.12847444298046096,-0.16972934389964112,0.7646833266679856,0.7536886110701132,0.8607232523741108,0.5451737196472467,0.7536886110701132,129560335.97605696,0.10691947630689357,21.376999950408937,23.680348459879557,22.752411858240762,False,False,False,False,False,False,dry_up,1,0,normal,False,False,,False,78.0,,0.021209835719751012,23.24012742556033,True,False,False,False,False,True,False,,Uptrend Under Pressure,23.07,-0.1367,0.27029846516170736,0.9334307577070513,-0.1295144715218175,-0.06670038347416996,0.3503153120595569,0.14666313559322036,,False,,,0,0,0.348,0.838
TPR,"Tapestry, Inc.",Consumer Discretionary,XLY,24602939392.0,2026-09-23,110.51000213623047,-0.022640820425428365,-0.056357257618677714,-0.16064679159101158,-0.16745860533723222,-0.2068771340167006,False,-0.20098915351726498,-0.21833850835021607,-0.10458860068659037,-0.14730878102853706,0.6731940819316171,0.6879578532249874,1.1130706117378213,0.4895060241910197,0.6879578532249874,411081476.4321712,0.1361861928723041,119.59810600280761,135.66886609395345,139.0036216100057,False,False,False,False,False,False,dry_up,0,3,normal,False,False,,False,149.0,분산3일,0.031159522880535154,27.240586376922167,True,False,False,False,False,True,False,,Uptrend Under Pressure,153.56,-0.2804,0.5764334111523525,0.8941366305950827,-0.011184946851039546,-0.2283368263102813,0.32894817679158683,0.14666313559322033,,False,,,0,0,0.348,0.838
PRAX,"Praxis Precision Medicines, Inc",Health Care,XLV,9780371456.0,2026-09-23,282.1199951171875,-0.05604443495049505,-0.09837008430712757,-0.23343206789408644,-0.23965318902046984,-0.12706905886629039,False,-0.2702761052412429,-0.13968373524589206,-0.20966325015756027,-0.1456625788206316,0.7302565291923439,2.5856597278252917,1.7953559000839943,0.41408582969657476,2.5856597278252917,126464792.82828979,0.21449420328533034,336.99849700927734,335.69183146158855,325.69041544596354,False,False,True,True,True,False,distribution,1,6,attention,False,False,,False,30.0,분산6일,0.0549798941629529,25.95309909725634,True,False,False,False,False,True,False,,Uptrend Under Pressure,366.96,-0.2312,0.545974663649888,0.9645151837456468,6.654536682500229,0.0912256274554617,0.9010552564056232,0.14570974576271187,,False,,,0,0,0.348,0.838
BRO,"Brown & Brown, Inc.",Financials,XLF,24148830208.0,2026-09-23,61.70000076293945,-0.04043549246374856,-0.08225498018547728,-0.17314394945173572,-0.1798543418763343,-0.13029880246561754,False,-0.21288565260833647,-0.14286680600046742,-0.12046594225552021,-0.08461955215854589,0.8260028194114085,1.2206470732977677,1.4362720159530598,0.15477289484777781,1.2206470732977677,137708240.63432598,0.049080960650044234,68.79349994659424,69.28864212036133,64.98093706766764,False,False,True,True,False,False,distribution,1,8,normal,False,False,,False,39.0,분산8일,0.0312803714573561,28.14735902577219,True,False,False,False,False,True,False,,Uptrend Under Pressure,73.48,-0.1603,0.3971791307391999,0.9346486837235032,-0.31002335552240035,-0.062066790215042356,0.23875808608290267,0.14316737288135592,,False,,,0,0,0.348,0.838
TTWO,"Take-Two Interactive Software, ",Communication Services,XLC,41079603200.0,2026-09-23,206.32000732421875,-0.017149346780335195,-0.026379105475378473,-0.11640253822604385,-0.12357341846565872,-0.17733491288697356,False,-0.15887143956922478,-0.18922320021156946,-0.12118290588775871,-0.1648090481224016,0.813660927415657,0.8411150724214563,1.0825207388834557,0.3612507747651902,0.8411150724214563,625444770.3271179,0.5603325078817896,217.59549942016602,234.67766596476238,227.19924977620443,False,False,False,True,False,False,dry_up,0,1,normal,False,False,,False,30.0,,0.032953315993045344,35.565131286875385,True,False,False,False,False,True,False,,Uptrend Under Pressure,253.57,-0.1863,0.32240449475247224,0.9459199931884106,-0.17884044760543638,0.018541283853262147,0.37245582017274403,0.14088983050847456,,False,,,0,0,0.348,0.838
STZ,"Constellation Brands, Inc.",Consumer Staples,XLP,22310463488.0,2026-09-23,116.56999969482422,-0.015372917511674133,-0.05702963027925301,-0.15283434212110913,-0.1597095581992175,-0.14986023718685604,False,-0.19355219872694174,-0.16214555951875897,-0.10711415881507724,-0.1095129525877131,0.837548540230011,0.6297900397290002,1.1833563221589174,0.26945940438979504,0.6297900397290002,293589779.64518434,0.4385240263151312,125.81349906921386,130.39159355163574,138.9287312189738,False,False,False,False,False,False,dry_up,3,3,normal,False,False,,False,113.0,분산3일,0.029197662747475324,28.34581158127618,True,False,False,False,False,True,False,,Uptrend Under Pressure,163.76,-0.2882,0.3926013858487271,0.9334307577070513,-0.09699595932351712,-0.22927660474911993,0.2528369050630624,0.14046610169491525,,False,,,0,0,0.348,0.838
BURL,"Burlington Stores, Inc.",Consumer Discretionary,XLY,16316875776.0,2026-09-23,257.3299865722656,0.021961808790650128,0.13221571609629046,-0.22172158489080906,-0.22803774303891033,-0.23544403907759515,False,-0.2591284705584538,-0.24649259465818396,-0.16974241863053963,-0.1780212344747214,0.691394139778854,0.5569636742078955,0.9663261235939311,0.5792971528823662,0.5569636742078955,515557634.0846847,0.7112654300259238,257.1389976501465,315.4948341369629,319.1100849151611,True,False,False,False,False,False,weak_rally,2,2,normal,False,False,,False,30.0,,0.03530763821487262,41.57668146835025,True,False,False,False,False,True,False,,Uptrend Under Pressure,371.5,-0.3073,0.24148891281595017,0.8941366305950827,0.06675445553285164,-0.1251031816963346,0.4719842072928337,0.1398305084745763,,False,,,0,0,0.348,0.838
LVS,Las Vegas Sands Corp.,Consumer Discretionary,XLY,28375789568.0,2026-09-23,39.189998626708984,-0.026577241416622877,-0.05039984996325342,-0.16563769196933553,-0.17240900180914043,-0.163672287223816,False,-0.20574017310716397,-0.17575801239041655,-0.10991283016092546,-0.10085898736179433,0.7908613205215944,0.6503455090908768,1.249849359209051,0.3239669392393501,0.6503455090908768,250757375.3924614,0.24025642677024142,43.07100009918213,45.127286084493,48.363836479187015,False,False,False,False,False,False,dry_up,0,5,normal,False,False,,False,35.0,분산5일,0.02601791743886837,23.59179813536163,True,False,False,False,False,True,False,,Uptrend Under Pressure,46.98,-0.1658,0.36016608303521896,0.8941366305950827,-0.2332512251056541,-0.24738813305623175,0.13604405334104297,0.13840042372881356,,False,,,0,0,0.348,0.838
DKNG,DraftKings Inc.,Consumer Discretionary,XLY,12058869760.0,2026-09-23,21.25,-0.02522932368389874,-0.12659268119047717,-0.17603725298024142,-0.18011220030993147,-0.17666816475234393,False,-0.2107537829139987,-0.1824054522592654,-0.12709926255449644,-0.15931349170753462,0.8119984691650528,1.4114536401897892,1.515576496043625,0.4524547340785913,1.4114536401897892,275600406.74542046,0.3333333333333333,23.67199993133545,24.446083354949952,24.571375036239623,False,False,False,True,False,False,distribution,2,4,normal,False,False,,False,17.0,분산4일,0.048944546996044516,33.027288879473886,True,False,False,False,False,True,False,,Uptrend Under Pressure,25.26,-0.1587,0.36864748313943885,0.8941366305950827,-0.48684582619416705,-0.049278783998403464,0.20584637345957862,0.13802966101694913,,False,,,0,0,0.348,0.838
PFGC,Performance Food Group Company,Consumer Staples,XLP,15576876032.0,2026-09-23,90.79000091552734,-0.01753059931157952,0.020456329884827706,-0.14170918923004705,-0.14867469205351236,-0.22013522812175557,False,-0.18296176106651185,-0.23140501047626716,-0.09538859911484343,-0.18312316578073895,0.7783111849800147,0.7821566426161864,1.2399969700422226,0.43479887584357507,0.7821566426161864,146526119.77918893,0.0,96.2620002746582,106.23350028991699,100.41566683451335,False,False,False,True,False,False,dry_up,3,3,normal,False,False,,False,47.0,분산3일,0.024583425615036722,29.583469359247317,True,False,False,False,False,True,False,,Uptrend Under Pressure,113.17,-0.1978,0.3814595023709439,0.9334307577070513,-0.1446742226624227,0.07744088432316287,0.45632521412308913,0.1353283898305085,,False,,,0,0,0.348,0.838
CX,"Cemex, S.A.B. de C.V. Sponsored",Materials,XLB,15497309184.0,2026-09-23,9.760000228881836,-0.02594812544947378,-0.042198171659325046,-0.11250773209308806,-0.1197102208304005,-0.23472020780570202,False,-0.155163831956599,-0.2457792234316598,-0.058591731785805234,-0.2126636655970513,0.7472549024332419,1.8630637881826535,1.129752077650621,0.20463413686714418,1.8630637881826535,59783226.986905575,0.0,10.550092363357544,11.409048239390055,11.887677844365438,False,False,False,False,False,False,distribution,0,6,interest,False,False,,False,47.0,분산6일,0.02765232109663404,25.259965549552106,True,False,False,False,False,True,False,,Uptrend Under Pressure,13.06,-0.2527,0.4377527060522015,0.9411475393682374,0.05777471743182927,-0.10561390820466454,0.4799781359546095,0.13495762711864406,,False,,,0,0,0.348,0.838
TU,Telus Corporation,Communication Services,XLC,15246001152.0,2026-09-23,8.5,-0.020737361618345718,-0.06387664411668015,-0.12268756623230026,-0.1298074400067709,-0.20362668077246981,False,-0.16485438631576266,-0.2151350272246615,-0.1274339311428372,-0.19150113338384367,0.7748410614046756,0.920684662015622,1.262750221852504,0.4176133350254192,0.920684662015622,56995852.7945652,0.529412424687812,9.250032234191895,9.749116929372152,10.792053572336833,False,False,False,False,False,False,dry_up,1,5,normal,False,False,,False,38.0,분산5일,0.02425981522165424,23.02924793913874,True,False,False,False,False,True,False,,Uptrend Under Pressure,10.97,-0.2252,0.6986137715714814,0.9459199931884106,-0.43872393292200385,-0.34316624516299,0.03660330309710527,0.13411016949152543,,False,,,0,0,0.348,0.838
AXON,"Axon Enterprise, Inc.",Industrials,XLI,46025871360.0,2026-09-23,450.6099853515625,-0.0032075658427248577,0.019295148023857678,-0.24595464264575884,-0.25207413617844643,-0.19824965375096315,False,-0.28219679959522415,-0.2098357033209668,-0.20862830592588688,-0.12886806363013492,0.6978411785233976,0.7682861385554507,1.3049688751193298,0.5079067583565336,0.7682861385554507,495829647.55770266,0.21403273948949955,511.82799835205077,550.5793345133463,482.55858459472654,False,False,True,True,False,False,dry_up,1,3,normal,False,False,,False,26.0,분산3일,0.05048869129259968,36.3595974784409,True,False,False,False,False,True,False,,Uptrend Under Pressure,612.83,-0.2647,0.39473509024375186,0.9144666488821164,-0.30326589257042613,0.05643983500424099,0.34471468324238375,0.13283898305084746,,False,,,0,0,0.348,0.838
CHTR,"Charter Communications, Inc.",Communication Services,XLC,20545480704.0,2026-09-23,116.61000061035156,-0.05464124805144277,-0.17415011947134995,-0.2241517082990654,-0.2304481446567792,-0.13604897074177735,False,-0.26144179341471463,-0.1485338789153402,-0.2283491400986064,-0.12289448792097613,0.7335346273820441,1.585559573679811,1.2606064073145864,0.34743421715063694,1.585559573679811,388665899.54126054,0.494999761575509,142.9475009918213,141.9485008239746,154.79783363342284,False,False,False,False,False,False,distribution,1,3,interest,False,False,,False,23.0,분산3일,0.0650029186801154,31.26913685348883,True,False,False,False,False,True,False,,Uptrend Under Pressure,152.47,-0.2352,0.2821639585839097,0.9459199931884106,-0.508311802830882,-0.40815162661069015,0.019165371688771637,0.13204449152542372,,False,,,0,0,0.348,0.838
CLX,Clorox Company (The),Consumer Staples,XLP,11812540416.0,2026-09-23,83.94000244140625,-0.011074397295339988,-0.03694356454120873,-0.2167583850371888,-0.22311482228668567,-0.13041814421969433,False,-0.25440382010549234,-0.14298442315350723,-0.1744880806687703,-0.08914814585928321,0.7779425510135322,0.6628534674107627,1.099789566741034,0.22636370535852765,0.6628534674107627,314085589.531929,0.028737358346615335,92.27949981689453,96.93415807088216,95.75517024993897,False,False,False,False,False,False,dry_up,2,3,normal,False,False,,False,34.0,분산3일,0.028881168372700237,27.062131281368906,True,False,False,False,False,True,False,,Uptrend Under Pressure,103.46,-0.1887,0.43041325803073405,0.9334307577070513,-0.2109980498641154,-0.11874824733753808,0.23526977702287594,0.13183262711864407,,False,,,0,0,0.348,0.838
PINS,"Pinterest, Inc.",Communication Services,XLC,12294654976.0,2026-09-23,18.450000762939453,-0.0470041228679271,-0.01652449158636604,-0.21389001692721166,-0.22026973256431104,-0.20542032008932765,False,-0.2516733161786401,-0.21690274675971555,-0.21814296570106595,-0.19332208257913353,0.7212666465194578,0.9970526757235993,1.3873347612966926,0.5178768731919899,0.9970526757235993,293209904.17939985,0.8026063799079836,20.326999950408936,22.20133333206177,21.124666754404704,False,False,False,True,False,False,dry_up,4,3,normal,False,False,,False,34.0,분산3일,0.04694503164721752,35.49865333439671,True,False,False,False,False,True,False,,Uptrend Under Pressure,25.58,-0.2787,0.2923973115647557,0.9459199931884106,-0.43826676083827565,0.05584581525378929,0.30207347042029564,0.12648305084745765,,False,,,0,0,0.348,0.838
MGM,MGM Resorts International,Consumer Discretionary,XLY,10582006784.0,2026-09-23,37.849998474121094,-0.022721432442971312,-0.03493122651558833,-0.13366903950914122,-0.14069979257748777,-0.2201600593317138,False,-0.17530805012576722,-0.2314294828517941,-0.07580907557135752,-0.16158933485461235,0.8070361885433176,1.2095752824698105,1.4816321602027454,0.2520658185825006,1.2095752824698105,97171124.11148071,0.15671571683562358,40.506500244140625,43.84200013478597,42.583000055948894,False,False,False,True,False,False,distribution,2,6,normal,False,False,,False,78.0,분산6일,0.02419327320331639,25.839166353912177,True,False,False,False,False,True,False,,Uptrend Under Pressure,50.69,-0.2533,0.3221770843518035,0.8941366305950827,0.05030247344718064,0.010578676201817183,0.575683929023165,0.12139830508474576,,False,,,0,0,0.348,0.838
CPNG,"Coupang, Inc.",Consumer Discretionary,XLY,28868036608.0,2026-09-23,14.279999732971191,-0.02325582457245612,-0.027247994815338017,-0.131386905773616,-0.13843617961461785,-0.22439659923140864,False,-0.17313560402138506,-0.23560480074951207,-0.07337452413213641,-0.16614406467798382,0.8049605364832039,0.663792268362433,0.8856388401543489,0.24512648406917564,0.663792268362433,242736622.2706282,0.30555489328109314,15.290000057220459,16.281333446502686,17.174833385149636,False,False,False,False,False,False,dry_up,0,3,normal,False,False,,False,66.0,분산3일,0.03353842038195535,35.555114798064224,True,False,False,False,False,True,False,,Uptrend Under Pressure,18.83,-0.2416,0.43493855404645493,0.8941366305950827,-0.5696547977724036,-0.27274042616329486,0.03119692096418633,0.12102754237288137,,False,,,0,0,0.348,0.838
CCL,Carnival Corporation Ltd.,Consumer Discretionary,XLY,32720916480.0,2026-09-23,21.799999237060547,-0.021544050035540163,-0.024608551902539744,-0.1660290839297629,-0.17015352714005527,-0.19226655471828769,False,-0.20116729421457946,-0.19789514674660824,-0.0954506177258565,-0.13825038137157097,0.7385970719201519,1.3055561584211726,1.2167237180337884,0.29232522394961835,1.3055561584211726,502461318.712335,0.43749850988245953,23.08450002670288,25.79918769200643,26.441119798024495,False,False,False,False,False,False,distribution,1,5,normal,False,False,,False,116.0,분산5일,0.03070118337862849,30.297501613489757,True,False,False,False,False,True,False,,Uptrend Under Pressure,27.71,-0.2134,0.46875947833105674,0.8941366305950827,-0.2631277120749852,-0.12880131971273223,0.19526038090419573,0.11970338983050847,,False,,,0,0,0.348,0.838
AMRZ,Amrize Ltd,Materials,XLB,23900651520.0,2026-09-23,37.900001525878906,-0.0178802442078434,-0.038071064515435626,-0.16113321669152103,-0.16794108283004439,-0.24689906494385583,False,-0.20145219926179148,-0.2577820845840698,-0.11017126087268636,-0.22519353615442872,0.7184452539769992,0.8022283071282711,0.9217814635228393,0.43236670842096925,0.8022283071282711,178929285.16410142,0.11392466186689072,41.42950038909912,46.5765495300293,50.22890259424845,False,False,False,False,False,False,dry_up,0,4,normal,False,False,,False,149.0,분산4일,0.02861853210052522,28.405476832712793,True,False,False,False,False,True,False,,Uptrend Under Pressure,62.92,-0.3977,0.4481673805782067,0.9411475393682374,-0.2112266633624421,-0.2855710200673258,0.13590130461493982,0.11795550847457628,,False,,,0,0,0.348,0.838
PNR,Pentair plc.,Industrials,XLI,9649416192.0,2026-09-23,55.25,-0.009501591805225806,-0.0235065710147202,-0.12731008053162574,-0.13439244005568218,-0.2942622235965152,False,-0.16925472579880774,-0.30446080087071214,-0.08411066624120467,-0.2331893355531317,0.7332370767426932,0.4844731525429988,0.7191317973086155,0.2756796278925095,0.4844731525429988,236511164.54167023,0.8433725526243221,58.57049980163574,64.86445802052816,71.83158782323201,False,False,False,False,False,False,dry_up,1,0,normal,False,False,,False,50.0,,0.02592113176776119,24.901271432913205,True,False,False,False,False,True,False,,Uptrend Under Pressure,76.2,-0.2749,1.0,0.9144666488821164,-0.491942048692694,-0.3737329045563601,0.025329767626757253,0.1061970338983051,,False,,,0,0,0.348,0.838
SYK,Stryker Corporation,Health Care,XLV,124200951808.0,2026-09-23,273.3999938964844,-0.0028812448954651515,-0.02877444441746224,-0.16598030587027468,-0.17274883520950268,-0.19715820420339825,False,-0.20606631974038525,-0.20876002624998458,-0.14012002491124298,-0.21425881806288194,0.7761532828856902,0.8484963411666585,1.044666224285965,0.3121072436208696,0.8484963411666585,884602820.7972901,0.34549690697185265,296.2970001220703,319.3368336995443,316.68591156005857,False,False,False,False,False,False,dry_up,3,4,normal,False,False,,False,60.0,분산4일,0.034951007390251566,30.524232348937005,True,False,False,False,False,True,False,,Uptrend Under Pressure,331.82,-0.1761,0.3923737419611393,0.9645151837456468,-0.24078973745929588,-0.14980699063706404,0.18899389252285786,0.10180084745762713,,False,,,0,0,0.348,0.838
FLUT,Flutter Entertainment plc,Consumer Discretionary,XLY,17385148416.0,2026-09-23,85.88999938964844,-0.011167409784562321,-0.14032633128386107,-0.16270230204220548,-0.1694974341885862,-0.2562520271457469,False,-0.20294586867497033,-0.26699988765044635,-0.10678139326898317,-0.2003920290529091,0.7808181762695312,0.8784655472858116,1.3908122773445823,0.3188891549829674,0.8784655472858116,280179050.5565025,0.011080584145233214,97.53599967956544,101.28699989318848,102.19133326212565,False,False,False,False,False,False,dry_up,0,5,normal,False,False,,False,60.0,분산5일,0.046033129766912304,31.07131348048776,True,False,False,False,False,True,False,,Uptrend Under Pressure,104.19,-0.1756,0.4041915558511011,0.8941366305950827,-0.6899540735495557,-0.1991382191550789,0.059969824003469334,0.10005296610169491,,False,,,0,0,0.348,0.838
FICO,Fair Isaac Corporation,Information Technology,XLK,24777023488.0,2026-09-23,879.6199951171875,-0.04856576760428366,-0.107854298841356,-0.24586764685720752,-0.25198784640865135,-0.33022519887288737,False,-0.2821139851400528,-0.33990407719567595,-0.3057066359456261,-0.362131012025415,0.6406181892310383,1.2549250614905423,1.1374397763043014,0.515043165432168,1.2549250614905423,393239909.0975464,0.11081536989278705,1027.2239990234375,1129.2964965820313,1123.6330795288086,False,False,False,False,False,False,distribution,2,4,normal,False,False,,False,38.0,분산4일,0.06110430678229579,30.34284983737379,True,False,False,False,False,True,False,,Uptrend Under Pressure,1373.08,-0.3594,0.3664485994469904,0.9878468725697951,-0.3175792653289792,-0.05851464542372353,0.23894962234830688,0.0996292372881356,,False,,,0,0,0.348,0.838
COO,"The Cooper Companies, Inc.",Health Care,XLV,13669695488.0,2026-09-23,56.06999969482422,0.036031056936895345,0.05256240309741678,-0.26029027127428395,-0.26629342328212324,-0.23481097284658903,False,-0.29584340587561475,-0.24586867683199976,-0.2373542404495722,-0.2511095788127633,0.7298880489139336,0.9142202157081568,1.247299491275178,0.4577888934852725,0.9142202157081568,263528840.65295678,0.9934196491985373,62.88949966430664,69.6974998474121,67.4327499071757,False,False,False,False,False,False,weak_rally,3,5,normal,False,False,,False,74.0,분산5일,0.050714669915115626,31.30507397742123,True,False,False,False,False,True,False,,Uptrend Under Pressure,67.34,-0.1674,0.145824229911623,0.9645151837456468,-0.03884311925819761,-0.0736177008825587,0.42201402190018433,0.09957627118644069,,False,,,0,0,0.348,0.838
PCG,Pacific Gas & Electric Co.,Utilities,XLU,29225410560.0,2026-09-23,12.40999984741211,-0.03649070363763807,-0.07041202301105332,-0.3240741048551371,-0.32741692882557905,-0.3049531393093893,False,-0.35255330692667886,-0.3097964886126089,-0.26036181755616117,-0.18424566116854235,0.6759258951448629,0.7938648167916315,0.7387392911481618,0.4545032501760284,0.7938648167916315,837307769.380372,0.0833326710588709,14.17200002670288,16.36133337020874,16.56295200983683,False,False,False,False,False,False,dry_up,0,1,normal,False,False,,False,36.0,,0.04023253054601198,28.408009885112463,True,False,False,False,False,True,False,,Uptrend Under Pressure,17.43,-0.288,0.25330999378366154,0.8501929415105124,0.08072284995789447,-0.10360726120247843,0.5029895919916157,0.09523305084745762,,False,,,0,0,0.348,0.838
NIO,NIO Inc.,Consumer Discretionary,XLY,10598971392.0,2026-09-23,3.6700000762939453,-0.013440847293478053,0.02513970796254128,-0.1752808463827774,-0.17935953455761577,-0.2844876546528441,False,-0.2100292464616086,-0.28947361519058223,-0.10203908280621377,-0.22103131099741236,0.7296222511358061,0.6262894786292181,0.6915594031668251,0.3142931796573169,0.6262894786292181,150868999.07926327,0.16694528693907768,3.842999982833862,4.4383333365122475,5.13541667064031,False,False,False,False,False,False,dry_up,0,1,normal,False,False,,False,131.0,,0.032113668732676376,32.904382975851405,True,False,False,False,False,True,False,,Uptrend Under Pressure,5.96,-0.3842,0.3568299363019334,0.8941366305950827,-0.4534184860099252,-0.35068506812208966,0.03192602363485238,0.09311440677966101,,False,,,0,0,0.348,0.838
AON,Aon plc,Financials,XLF,68202569728.0,2026-09-23,281.6000061035156,-0.03170346258338497,-0.0757212928987211,-0.21581731741229637,-0.22218139194407105,-0.25219055831203774,False,-0.2535079836065911,-0.2629971108764968,-0.16585797930367197,-0.2129134194904535,0.7402872027158263,0.8968850393343247,1.354105819144813,0.3677035282349177,0.8968850393343247,613300385.6851075,0.07473676779634326,317.71950073242186,343.6791803995768,332.50575892130536,False,False,False,False,False,False,dry_up,2,7,normal,False,False,,False,60.0,분산7일,0.0283380833589672,24.70407496149231,True,False,False,False,False,True,False,,Uptrend Under Pressure,327.94,-0.1413,0.2774881066387514,0.9346486837235032,-0.12680416527275806,-0.06540375187576275,0.3554163203353692,0.08935381355932204,,False,,,0,0,0.348,0.838
RCL,Royal Caribbean Cruises Ltd.,Consumer Discretionary,XLY,71875067904.0,2026-09-23,230.3000030517578,-0.019541046233630732,-0.08763170619461991,-0.20740176112624698,-0.21132159377486825,-0.20066036582301927,False,-0.24079679091955897,-0.2062304666020951,-0.1565150412677414,-0.1600439385317287,0.7075576718247212,2.8948404228864453,1.7705750414736647,0.13140674781331094,2.8948404228864453,659336856.2534606,0.5466848781051845,258.7198829650879,285.7306627909342,281.01522789001467,False,False,False,False,False,False,distribution,2,6,attention,False,False,,False,64.0,분산6일,0.0385266888246919,20.88977620474597,True,False,False,False,False,True,False,,Uptrend Under Pressure,307.7,-0.2515,0.36692221644244105,0.8941366305950827,-0.2159132006293556,-0.08070598196906276,0.26385114379675473,0.08765889830508475,,False,,,0,0,0.348,0.838
NVO,Novo Nordisk A/S,Health Care,XLV,200405286912.0,2026-09-23,38.16999816894531,-0.031218358104014188,-0.08487175721001583,-0.2155775115364018,-0.2194569106187937,-0.2304988199477095,False,-0.2486280674018917,-0.23586099509735303,-0.1612632318184598,-0.2527517228605074,0.749035973359987,1.427744734868672,1.8080396460088641,0.25738620313849025,1.427744734868672,546083059.2397506,0.010202373677019552,43.933999633789064,46.43427702585856,44.44085127512614,False,False,False,True,False,False,distribution,2,5,normal,False,False,,False,94.0,분산5일,0.034582126228608415,27.657872985462788,True,False,False,False,False,True,False,,Uptrend Under Pressure,45.49,-0.1609,0.3333083323459859,0.9645151837456468,-0.2970876223716584,0.1395406435037072,0.4006631491453146,0.07595338983050848,,False,,,0,0,0.348,0.838
CRS,Carpenter Technology Corporatio,Industrials,XLI,23610693632.0,2026-09-23,395.0299987792969,-0.019533371150185497,-0.04885391550396112,-0.17167120185570428,-0.17839354643848704,-0.3214317400943145,False,-0.21148369060763006,-0.3312376921998298,-0.13066772728650045,-0.2627100381355403,0.6546334266269136,1.0955654176781557,1.1243224272255377,0.27426028492828003,1.0955654176781557,383209329.3794693,0.3552217726544011,447.9384994506836,522.8868306477865,494.37551701863606,False,False,False,True,False,False,distribution,1,3,normal,False,False,,False,59.0,분산3일,0.04243620442646534,21.31063054218015,True,False,False,False,False,True,False,,Uptrend Under Pressure,606.78,-0.349,0.5159810606950274,0.9144666488821164,0.7681824595095832,0.12688338475062078,0.8915380723501138,0.07473516949152542,,False,,,0,0,0.348,0.838
BBIO,"BridgeBio Pharma, Inc.",Health Care,XLV,14972807168.0,2026-09-23,65.70999908447266,-0.01306702797620285,-0.03918702045757627,-0.18946590191404922,-0.19604383270147996,-0.23018835535916082,False,-0.22842311278899674,-0.24131286053225165,-0.1643338341092837,-0.24658542355922264,0.7680887988363725,1.563038060045469,1.536774008973874,0.05155532953945403,1.563038060045469,168639632.8555607,0.1588230982232481,73.30100021362304,78.84916687011719,74.39179169336954,False,False,True,False,False,False,distribution,1,7,interest,False,False,,False,52.0,분산7일,0.041334203096817346,18.73150880497066,True,False,False,False,False,True,False,,Uptrend Under Pressure,90.17,-0.2713,0.31611879623028155,0.9645151837456468,0.33780758502228503,-0.00033574086035059736,0.7343681110187561,0.07272245762711864,,False,,,0,0,0.348,0.838
CASY,"Caseys General Stores, Inc.",Consumer Staples,XLP,27835465728.0,2026-09-23,597.3099975585938,0.02044960220374703,0.01732122263246816,-0.3007457391108507,-0.3064205727073728,-0.3227778788588441,False,-0.3343544370804893,-0.332564377988097,-0.2630080986764858,-0.29063719463993265,0.6829567507977158,1.4382283396321414,1.1559542826111726,0.3658079244847739,1.4382283396321414,465764117.92013854,0.6504615395615553,686.453500366211,788.9010386149089,797.2048823038737,False,False,False,False,False,False,accumulation,4,5,normal,False,False,,False,71.0,분산5일,0.05315197125832515,26.626879853348115,True,False,False,False,False,True,False,,Uptrend Under Pressure,914.91,-0.3471,0.1822764935173239,0.9334307577070513,0.31774878469159606,0.0553639099635157,0.7726545842217485,0.07102754237288136,,False,,,0,0,0.348,0.838
IONS,"Ionis Pharmaceuticals, Inc.",Health Care,XLV,10030885888.0,2026-09-23,43.93000030517578,-0.02160358992736444,-0.0702645438058036,-0.29190845169409074,-0.2976550047470964,-0.24656662743786883,False,-0.32594190177504745,-0.25745445111395426,-0.2699527994321691,-0.26261483673699915,0.6910492451796016,0.8977343503586062,1.3988224232151836,0.19626138782794111,0.8977343503586062,205032117.24737588,0.27213782591003005,54.71700019836426,58.779333432515465,66.9380831082662,False,False,False,False,False,False,dry_up,2,6,normal,False,False,,False,60.0,분산6일,0.06289794526867758,25.714035444594415,True,False,False,False,False,True,False,,Uptrend Under Pressure,81.18,-0.4589,0.25649732190844016,0.9645151837456468,-0.1582505763622002,-0.2795578742562138,0.17129034006721836,0.06027542372881356,,False,,,0,0,0.348,0.838
